actual_is_cancelled,cancellation_probability,predicted_cancellation,risk_level
0,0.46756107266336666,0,MEDIUM
0,0.45638001573320314,0,MEDIUM
0,0.507517492996051,1,MEDIUM
1,0.49391646757178564,0,MEDIUM
0,0.46528007721994585,0,MEDIUM
0,0.5238907095953603,1,MEDIUM
0,0.5076327443128363,1,MEDIUM
0,0.5083535102002141,1,MEDIUM
0,0.48866392124961067,0,MEDIUM
1,0.48901191251593423,0,MEDIUM
0,0.5525187864492589,1,MEDIUM
0,0.4686573935606303,0,MEDIUM
0,0.48392938808631775,0,MEDIUM
0,0.5043511048434165,1,MEDIUM
0,0.5802679730010979,1,MEDIUM
0,0.5095806731397282,1,MEDIUM
0,0.49122092446917404,0,MEDIUM
0,0.5127061136232774,1,MEDIUM
0,0.5191447578854315,1,MEDIUM
0,0.55878537949387,1,MEDIUM
0,0.49632874576527575,0,MEDIUM
1,0.5184572620147998,1,MEDIUM
0,0.47769353170243933,0,MEDIUM
0,0.5591667040997879,1,MEDIUM
0,0.535918100597611,1,MEDIUM
0,0.5631936539069136,1,MEDIUM
0,0.4711856961457114,0,MEDIUM
0,0.49355351396207175,0,MEDIUM
0,0.48213874103560816,0,MEDIUM
0,0.40658946593096634,0,MEDIUM
0,0.5000706772093726,1,MEDIUM
0,0.49290073957659103,0,MEDIUM
0,0.4424154410106937,0,MEDIUM
1,0.4876267868782239,0,MEDIUM
0,0.4786395238893774,0,MEDIUM
0,0.47703118169107883,0,MEDIUM
1,0.5009562335215672,1,MEDIUM
0,0.4795251371046893,0,MEDIUM
0,0.5093538371832166,1,MEDIUM
0,0.514157230084785,1,MEDIUM
0,0.5217050092787492,1,MEDIUM
0,0.48916088570331506,0,MEDIUM
1,0.4675796116764775,0,MEDIUM
0,0.4829733315304414,0,MEDIUM
1,0.4574495632630438,0,MEDIUM
0,0.5037294726662253,1,MEDIUM
0,0.46703861692877974,0,MEDIUM
0,0.4607442251756179,0,MEDIUM
0,0.5198473544054076,1,MEDIUM
0,0.5185972311844611,1,MEDIUM
0,0.458473312081119,0,MEDIUM
0,0.5136588223927177,1,MEDIUM
0,0.49498583748047686,0,MEDIUM
0,0.4927543080404713,0,MEDIUM
0,0.5040704090968003,1,MEDIUM
0,0.48767424097213197,0,MEDIUM
1,0.5393671147434782,1,MEDIUM
0,0.5010571480773137,1,MEDIUM
1,0.5498463141270387,1,MEDIUM
0,0.4803108376106307,0,MEDIUM
0,0.5364269597581564,1,MEDIUM
0,0.5199009484774829,1,MEDIUM
0,0.5202282959194202,1,MEDIUM
0,0.5423976365335595,1,MEDIUM
0,0.49829309349470086,0,MEDIUM
0,0.48477912479464086,0,MEDIUM
0,0.5194785396814315,1,MEDIUM
0,0.5778927219709368,1,MEDIUM
0,0.5390151466860368,1,MEDIUM
0,0.507095543568257,1,MEDIUM
0,0.48545005001163366,0,MEDIUM
0,0.5823380750971752,1,MEDIUM
0,0.49793921118249684,0,MEDIUM
1,0.5383210443634456,1,MEDIUM
0,0.4524681544279402,0,MEDIUM
0,0.5281305511280611,1,MEDIUM
0,0.4629356292177311,0,MEDIUM
0,0.5041574414872261,1,MEDIUM
0,0.5068397293306937,1,MEDIUM
0,0.5277485360686904,1,MEDIUM
0,0.5123285781722313,1,MEDIUM
0,0.4909225489343662,0,MEDIUM
0,0.4909896577884041,0,MEDIUM
0,0.4903207802517531,0,MEDIUM
0,0.5324714712114648,1,MEDIUM
0,0.43406899173668184,0,MEDIUM
0,0.5050172610612882,1,MEDIUM
0,0.48988713980826415,0,MEDIUM
0,0.5331854092537431,1,MEDIUM
0,0.5247899661970625,1,MEDIUM
0,0.49142322779596487,0,MEDIUM
0,0.4544153741813849,0,MEDIUM
1,0.5063168294082205,1,MEDIUM
0,0.48859950531718166,0,MEDIUM
0,0.4748181350263637,0,MEDIUM
0,0.49765563411781916,0,MEDIUM
0,0.4777856172428723,0,MEDIUM
0,0.5043412091042908,1,MEDIUM
0,0.5318528009941179,1,MEDIUM
0,0.5663393332441715,1,MEDIUM
0,0.5888724496065224,1,MEDIUM
0,0.48965710462587175,0,MEDIUM
1,0.4728188687820692,0,MEDIUM
0,0.5481087881567298,1,MEDIUM
0,0.5611436645258463,1,MEDIUM
0,0.46883215228961705,0,MEDIUM
0,0.5274796265961754,1,MEDIUM
0,0.5167537050280551,1,MEDIUM
0,0.5155397285593512,1,MEDIUM
0,0.5211658069074826,1,MEDIUM
0,0.4927624828678402,0,MEDIUM
0,0.4545517363612012,0,MEDIUM
0,0.540905980286179,1,MEDIUM
1,0.46278078806595735,0,MEDIUM
0,0.5266258690570429,1,MEDIUM
0,0.5182607094472729,1,MEDIUM
0,0.5110132807679678,1,MEDIUM
0,0.5403510717010277,1,MEDIUM
0,0.5192924957543084,1,MEDIUM
0,0.5246299141159472,1,MEDIUM
0,0.5131549475789314,1,MEDIUM
0,0.5072694337915689,1,MEDIUM
1,0.5282399559383585,1,MEDIUM
0,0.506832343056349,1,MEDIUM
0,0.49039358989562487,0,MEDIUM
0,0.5066848608677214,1,MEDIUM
1,0.441272280015754,0,MEDIUM
0,0.5403123405914038,1,MEDIUM
0,0.4849733576143743,0,MEDIUM
0,0.5054934043231676,1,MEDIUM
0,0.49101625730018617,0,MEDIUM
0,0.5319671271117442,1,MEDIUM
0,0.4238092249425871,0,MEDIUM
0,0.49353304761980576,0,MEDIUM
0,0.5748386335854634,1,MEDIUM
1,0.5307658373909129,1,MEDIUM
0,0.5337077881438936,1,MEDIUM
0,0.5193445916656548,1,MEDIUM
0,0.4973294760786532,0,MEDIUM
0,0.4387147622347874,0,MEDIUM
0,0.49139889239927037,0,MEDIUM
0,0.5155514228027686,1,MEDIUM
0,0.44374102208657173,0,MEDIUM
0,0.5433885448484157,1,MEDIUM
0,0.47507019297054115,0,MEDIUM
0,0.4949854510331818,0,MEDIUM
0,0.5434063876921118,1,MEDIUM
0,0.46558359960275486,0,MEDIUM
1,0.4768853712430106,0,MEDIUM
0,0.5181300733033101,1,MEDIUM
0,0.47809819346629345,0,MEDIUM
0,0.4455201679078345,0,MEDIUM
0,0.5439602592536622,1,MEDIUM
0,0.4764190579728392,0,MEDIUM
0,0.5430663593586232,1,MEDIUM
0,0.5441861760497699,1,MEDIUM
0,0.4640107458444395,0,MEDIUM
0,0.5006245267293901,1,MEDIUM
1,0.5465668035560444,1,MEDIUM
0,0.5377281803974948,1,MEDIUM
1,0.4641558409915624,0,MEDIUM
0,0.49053576872210375,0,MEDIUM
0,0.4328109839163534,0,MEDIUM
0,0.5497356057555967,1,MEDIUM
0,0.4870508756669129,0,MEDIUM
0,0.5134092704766534,1,MEDIUM
0,0.456390817480985,0,MEDIUM
0,0.5279778672507688,1,MEDIUM
0,0.49992863222031947,0,MEDIUM
1,0.47196703924632,0,MEDIUM
0,0.5141197534264078,1,MEDIUM
0,0.4871903331321237,0,MEDIUM
0,0.4497003073200034,0,MEDIUM
0,0.5075337040354315,1,MEDIUM
0,0.47363168115836374,0,MEDIUM
0,0.5118942455354465,1,MEDIUM
0,0.4568495273683941,0,MEDIUM
0,0.5257676717322196,1,MEDIUM
0,0.5250753915033178,1,MEDIUM
1,0.5344640082060249,1,MEDIUM
1,0.48851074113475046,0,MEDIUM
1,0.428578113231065,0,MEDIUM
0,0.5535943174886659,1,MEDIUM
0,0.4932809381124077,0,MEDIUM
0,0.485866994757752,0,MEDIUM
0,0.48771154721237464,0,MEDIUM
0,0.5302712836805155,1,MEDIUM
0,0.4995463892162232,0,MEDIUM
0,0.5724217543651829,1,MEDIUM
1,0.49790527468406737,0,MEDIUM
0,0.5172125409516316,1,MEDIUM
1,0.4529858598610966,0,MEDIUM
0,0.4949421269955568,0,MEDIUM
0,0.5416138652661355,1,MEDIUM
0,0.4499932635670278,0,MEDIUM
0,0.5457813004794687,1,MEDIUM
0,0.46953995463171483,0,MEDIUM
0,0.48156859137921104,0,MEDIUM
0,0.4687330482007147,0,MEDIUM
0,0.4668096769683501,0,MEDIUM
0,0.5089097642569428,1,MEDIUM
0,0.4360251187825727,0,MEDIUM
1,0.45622956629540573,0,MEDIUM
0,0.568041387309129,1,MEDIUM
0,0.5028247800024166,1,MEDIUM
0,0.5311191722833697,1,MEDIUM
0,0.5078900289865782,1,MEDIUM
0,0.44758546034523256,0,MEDIUM
0,0.45678882469208926,0,MEDIUM
0,0.54830724609166,1,MEDIUM
0,0.514455732323714,1,MEDIUM
0,0.4577350831187208,0,MEDIUM
0,0.43990759468618895,0,MEDIUM
0,0.5073663546761313,1,MEDIUM
0,0.4888728267538457,0,MEDIUM
0,0.5229347910047762,1,MEDIUM
0,0.5402588293154756,1,MEDIUM
0,0.481152344979749,0,MEDIUM
0,0.490372758483397,0,MEDIUM
1,0.5129784398713326,1,MEDIUM
0,0.4484015956392196,0,MEDIUM
0,0.4900092244994797,0,MEDIUM
0,0.4114698408505763,0,MEDIUM
0,0.4972088355637459,0,MEDIUM
0,0.5206711961809855,1,MEDIUM
1,0.5038164246300317,1,MEDIUM
0,0.5630051807136957,1,MEDIUM
1,0.5250537097228531,1,MEDIUM
0,0.46907478714000383,0,MEDIUM
0,0.4705498847941222,0,MEDIUM
0,0.4910043388473671,0,MEDIUM
0,0.5248145376797115,1,MEDIUM
0,0.5205430766650074,1,MEDIUM
0,0.5480287083864456,1,MEDIUM
0,0.49898101596616545,0,MEDIUM
0,0.4890313674553926,0,MEDIUM
0,0.5025771933430746,1,MEDIUM
0,0.5287314581729398,1,MEDIUM
1,0.48028287404824427,0,MEDIUM
0,0.5134175063875367,1,MEDIUM
0,0.4961720646531924,0,MEDIUM
0,0.4727356067865901,0,MEDIUM
0,0.48867375564017373,0,MEDIUM
0,0.5197180174504353,1,MEDIUM
0,0.5155016441935238,1,MEDIUM
0,0.48941287141358797,0,MEDIUM
0,0.4672306537879472,0,MEDIUM
0,0.5313965840969597,1,MEDIUM
0,0.48463572325144766,0,MEDIUM
0,0.5137239617114986,1,MEDIUM
0,0.4810770099330506,0,MEDIUM
0,0.5029161313717003,1,MEDIUM
0,0.4850820485067798,0,MEDIUM
0,0.5185852159103158,1,MEDIUM
0,0.46492136022591135,0,MEDIUM
0,0.5268703249482883,1,MEDIUM
0,0.4725682043326063,0,MEDIUM
0,0.5377769740825469,1,MEDIUM
0,0.5089172203510609,1,MEDIUM
0,0.49002931034309116,0,MEDIUM
0,0.4728499407063659,0,MEDIUM
0,0.48683668033648475,0,MEDIUM
0,0.47685462215175245,0,MEDIUM
0,0.49596961588479976,0,MEDIUM
0,0.48749849222344915,0,MEDIUM
0,0.45935502397172867,0,MEDIUM
0,0.461320251397674,0,MEDIUM
0,0.4822059061085354,0,MEDIUM
0,0.5071535188240731,1,MEDIUM
0,0.4669108513605689,0,MEDIUM
1,0.5295924987115633,1,MEDIUM
0,0.5198143910862082,1,MEDIUM
0,0.5151456491155236,1,MEDIUM
0,0.4936665208906391,0,MEDIUM
0,0.5084257542260077,1,MEDIUM
0,0.5086595348206783,1,MEDIUM
0,0.4259155287361873,0,MEDIUM
0,0.49697770823820664,0,MEDIUM
0,0.4870602028626258,0,MEDIUM
0,0.512638931412636,1,MEDIUM
1,0.5308239727777851,1,MEDIUM
0,0.473059133139099,0,MEDIUM
0,0.49273523136631414,0,MEDIUM
0,0.4509972759165942,0,MEDIUM
0,0.49150076516498237,0,MEDIUM
0,0.49106430182298233,0,MEDIUM
0,0.4923831076312488,0,MEDIUM
0,0.47471645747654206,0,MEDIUM
0,0.5145862407211562,1,MEDIUM
0,0.5121342160837881,1,MEDIUM
0,0.48354895690561883,0,MEDIUM
0,0.4923652576101497,0,MEDIUM
0,0.5218503747194166,1,MEDIUM
0,0.4187324512508056,0,MEDIUM
0,0.4716297933583489,0,MEDIUM
0,0.41220733171270957,0,MEDIUM
0,0.4641663294936711,0,MEDIUM
0,0.4582051323332544,0,MEDIUM
0,0.5166430556468858,1,MEDIUM
0,0.5349736922363476,1,MEDIUM
0,0.5269395838244163,1,MEDIUM
0,0.49404774212119906,0,MEDIUM
1,0.5070978903355569,1,MEDIUM
0,0.489719336179959,0,MEDIUM
0,0.5086168320507597,1,MEDIUM
0,0.4677726316312315,0,MEDIUM
0,0.5182533581416859,1,MEDIUM
0,0.5191067452881652,1,MEDIUM
0,0.49382869256117834,0,MEDIUM
0,0.49376845297896776,0,MEDIUM
1,0.48313061668741053,0,MEDIUM
1,0.40103876076486333,0,MEDIUM
0,0.5016855246144437,1,MEDIUM
0,0.49642457965323616,0,MEDIUM
0,0.4756376667570574,0,MEDIUM
0,0.5252527472526538,1,MEDIUM
1,0.5384047547172713,1,MEDIUM
0,0.5117470207095547,1,MEDIUM
0,0.4617323014251937,0,MEDIUM
0,0.5363352693144925,1,MEDIUM
0,0.4790356537589746,0,MEDIUM
0,0.5285395356205286,1,MEDIUM
0,0.5121394874449816,1,MEDIUM
0,0.462454927238074,0,MEDIUM
0,0.49805556909726967,0,MEDIUM
0,0.4933239703136341,0,MEDIUM
0,0.5023584908474268,1,MEDIUM
0,0.4683745831790453,0,MEDIUM
0,0.4759817193791934,0,MEDIUM
1,0.5346885163264438,1,MEDIUM
0,0.474563184082117,0,MEDIUM
0,0.516522817456901,1,MEDIUM
0,0.4767719836348315,0,MEDIUM
0,0.5385597345511985,1,MEDIUM
1,0.5138731416485506,1,MEDIUM
1,0.5229779740560313,1,MEDIUM
0,0.47229295167208846,0,MEDIUM
0,0.5430037857991212,1,MEDIUM
0,0.5071886881291789,1,MEDIUM
1,0.5111661939194546,1,MEDIUM
0,0.5123518040455889,1,MEDIUM
0,0.44478199237126126,0,MEDIUM
0,0.574856763913665,1,MEDIUM
0,0.4689144545397749,0,MEDIUM
0,0.5136006226208778,1,MEDIUM
0,0.4717647465838059,0,MEDIUM
0,0.49975237019252716,0,MEDIUM
0,0.47969580642143034,0,MEDIUM
0,0.48006208259704436,0,MEDIUM
0,0.507268539170426,1,MEDIUM
1,0.5515083919436082,1,MEDIUM
0,0.5049594081037373,1,MEDIUM
0,0.523850320489808,1,MEDIUM
0,0.5525344276428867,1,MEDIUM
0,0.5358803003681419,1,MEDIUM
1,0.47857772195090753,0,MEDIUM
0,0.4746187659273652,0,MEDIUM
0,0.4967380867604568,0,MEDIUM
0,0.5086542534528946,1,MEDIUM
0,0.5415638981365939,1,MEDIUM
0,0.4705252057621929,0,MEDIUM
0,0.49740618896717753,0,MEDIUM
1,0.47935363997636543,0,MEDIUM
0,0.429681187739452,0,MEDIUM
0,0.5223672932624612,1,MEDIUM
1,0.4908510821115793,0,MEDIUM
0,0.5300245815503518,1,MEDIUM
0,0.5145644912166756,1,MEDIUM
0,0.4365089404385467,0,MEDIUM
0,0.5183195781286503,1,MEDIUM
0,0.5016364328666449,1,MEDIUM
0,0.5458453512427244,1,MEDIUM
0,0.511306918117848,1,MEDIUM
0,0.5466353434515666,1,MEDIUM
0,0.46372467414419494,0,MEDIUM
0,0.4934209904347008,0,MEDIUM
0,0.5032982417297077,1,MEDIUM
0,0.5685364668808204,1,MEDIUM
1,0.5353438123098595,1,MEDIUM
0,0.5481126620217995,1,MEDIUM
0,0.4875121369565232,0,MEDIUM
0,0.4822658287600263,0,MEDIUM
1,0.4885504037141898,0,MEDIUM
0,0.4542150577019467,0,MEDIUM
0,0.5479530289978927,1,MEDIUM
0,0.5139840452279966,1,MEDIUM
1,0.4928633227467936,0,MEDIUM
0,0.46713561510457696,0,MEDIUM
0,0.5471037503647073,1,MEDIUM
0,0.5016266243659305,1,MEDIUM
0,0.5085692134838226,1,MEDIUM
0,0.4661379163864372,0,MEDIUM
0,0.46941774712381606,0,MEDIUM
0,0.5133196240241115,1,MEDIUM
0,0.5428272663724075,1,MEDIUM
0,0.4844783115846981,0,MEDIUM
0,0.5177619654083364,1,MEDIUM
1,0.4863204621392775,0,MEDIUM
0,0.5079958963804335,1,MEDIUM
0,0.522013950682414,1,MEDIUM
0,0.5682203340217867,1,MEDIUM
1,0.4660587102073326,0,MEDIUM
0,0.5460658132593211,1,MEDIUM
0,0.4756747915779324,0,MEDIUM
1,0.44825412987611035,0,MEDIUM
0,0.5060028563424446,1,MEDIUM
0,0.5081971382892304,1,MEDIUM
0,0.5325076475445911,1,MEDIUM
0,0.489233541013745,0,MEDIUM
1,0.4748184492304014,0,MEDIUM
0,0.48996794581035974,0,MEDIUM
0,0.48644037713221655,0,MEDIUM
1,0.48952525730319885,0,MEDIUM
0,0.4998819711193876,0,MEDIUM
0,0.5349696697941054,1,MEDIUM
0,0.5159054783915711,1,MEDIUM
0,0.5439941270579615,1,MEDIUM
0,0.5059195172204641,1,MEDIUM
0,0.501073635014882,1,MEDIUM
0,0.4754820536160576,0,MEDIUM
0,0.5186931094319607,1,MEDIUM
0,0.48138322778170906,0,MEDIUM
0,0.49872717128188016,0,MEDIUM
0,0.4937896345321294,0,MEDIUM
0,0.4847188389949868,0,MEDIUM
1,0.4875661351812484,0,MEDIUM
1,0.4714965668016677,0,MEDIUM
1,0.47892719873267275,0,MEDIUM
0,0.5466036910624421,1,MEDIUM
0,0.4972012084888211,0,MEDIUM
0,0.5617675572086535,1,MEDIUM
0,0.47791085400498684,0,MEDIUM
0,0.4910805775213113,0,MEDIUM
0,0.5379251123790605,1,MEDIUM
1,0.4926080548349328,0,MEDIUM
0,0.46883235999612993,0,MEDIUM
0,0.4954919733402607,0,MEDIUM
0,0.5023053956836335,1,MEDIUM
1,0.4713448212649309,0,MEDIUM
1,0.4395155541436098,0,MEDIUM
0,0.5484571401474119,1,MEDIUM
0,0.5182478135149088,1,MEDIUM
0,0.49509924680228046,0,MEDIUM
0,0.4372478177911597,0,MEDIUM
0,0.5291511548085959,1,MEDIUM
0,0.4851782629318502,0,MEDIUM
0,0.4919681397339844,0,MEDIUM
0,0.5080032345956013,1,MEDIUM
0,0.47997168315991595,0,MEDIUM
1,0.44535340780963406,0,MEDIUM
0,0.4419822500698756,0,MEDIUM
0,0.5287895803585135,1,MEDIUM
0,0.512301379401536,1,MEDIUM
0,0.4486612604157308,0,MEDIUM
1,0.455008387319765,0,MEDIUM
1,0.48135304736697115,0,MEDIUM
0,0.4632775447428727,0,MEDIUM
0,0.4863710640065761,0,MEDIUM
0,0.4658512449063683,0,MEDIUM
0,0.49370018294611884,0,MEDIUM
0,0.4961540520687011,0,MEDIUM
0,0.49703081858978265,0,MEDIUM
0,0.5134062417641283,1,MEDIUM
1,0.5191779506697008,1,MEDIUM
1,0.4604926459260227,0,MEDIUM
0,0.48569963052097237,0,MEDIUM
1,0.4844252999112925,0,MEDIUM
0,0.41531000562561116,0,MEDIUM
1,0.5060749706380153,1,MEDIUM
0,0.5458752284381213,1,MEDIUM
1,0.4506297654523208,0,MEDIUM
1,0.4882998115924512,0,MEDIUM
0,0.48267726739509464,0,MEDIUM
0,0.4610717016075122,0,MEDIUM
0,0.4916402246629397,0,MEDIUM
1,0.519808866645902,1,MEDIUM
0,0.5065698416124474,1,MEDIUM
0,0.5620799428648746,1,MEDIUM
0,0.5165468734905557,1,MEDIUM
1,0.5289166071659002,1,MEDIUM
0,0.5130943293446161,1,MEDIUM
0,0.5076776967674943,1,MEDIUM
0,0.49434030799574347,0,MEDIUM
0,0.5144482888583777,1,MEDIUM
1,0.5122020336460847,1,MEDIUM
0,0.42761583459804237,0,MEDIUM
0,0.5168221999270739,1,MEDIUM
0,0.49163374024196116,0,MEDIUM
0,0.5069021357974732,1,MEDIUM
0,0.5570636223783588,1,MEDIUM
0,0.5171760185616455,1,MEDIUM
0,0.4429592000745839,0,MEDIUM
1,0.529032182416414,1,MEDIUM
0,0.48404994280632724,0,MEDIUM
0,0.5414107600395053,1,MEDIUM
0,0.5589410859061372,1,MEDIUM
1,0.4338216663925406,0,MEDIUM
0,0.45168042142829334,0,MEDIUM
0,0.5320527996402431,1,MEDIUM
0,0.5308799266087394,1,MEDIUM
0,0.48509138814663383,0,MEDIUM
0,0.47112266833984884,0,MEDIUM
1,0.48647681515200797,0,MEDIUM
0,0.5348710962108018,1,MEDIUM
0,0.469007810460654,0,MEDIUM
0,0.5747255924513119,1,MEDIUM
0,0.5080787916297851,1,MEDIUM
0,0.4949453600373869,0,MEDIUM
0,0.461051647393814,0,MEDIUM
0,0.5142319527532421,1,MEDIUM
0,0.48897093707015804,0,MEDIUM
0,0.5146446054380569,1,MEDIUM
0,0.5018944630555487,1,MEDIUM
0,0.5014231099245715,1,MEDIUM
0,0.5071707811419756,1,MEDIUM
0,0.5240287636338488,1,MEDIUM
0,0.48106921579431594,0,MEDIUM
0,0.48618964214295013,0,MEDIUM
0,0.46870490008551413,0,MEDIUM
0,0.5709073085919567,1,MEDIUM
0,0.5029589441436175,1,MEDIUM
0,0.5052033608341824,1,MEDIUM
1,0.5154040133590164,1,MEDIUM
0,0.492324316354778,0,MEDIUM
0,0.5008977438618498,1,MEDIUM
0,0.5502725735229258,1,MEDIUM
0,0.4986476922233081,0,MEDIUM
0,0.507363558291094,1,MEDIUM
0,0.4496962668934279,0,MEDIUM
1,0.5274096824308143,1,MEDIUM
0,0.4564306286298136,0,MEDIUM
0,0.5361379193382426,1,MEDIUM
0,0.4862256957685639,0,MEDIUM
0,0.5203800654562656,1,MEDIUM
0,0.44782003929355385,0,MEDIUM
0,0.48465374752067264,0,MEDIUM
0,0.5010341589157314,1,MEDIUM
1,0.45762112248401415,0,MEDIUM
0,0.5410804176830603,1,MEDIUM
0,0.5141296681286618,1,MEDIUM
1,0.5271975062971451,1,MEDIUM
0,0.4819028851954021,0,MEDIUM
0,0.5134261878266991,1,MEDIUM
1,0.5162347675531965,1,MEDIUM
0,0.43964708189447005,0,MEDIUM
0,0.5213882459537373,1,MEDIUM
0,0.5476931681493843,1,MEDIUM
0,0.48532288649425254,0,MEDIUM
0,0.42914073964294996,0,MEDIUM
0,0.48810283910125024,0,MEDIUM
0,0.48200789027492386,0,MEDIUM
0,0.49437397685397544,0,MEDIUM
0,0.4988610458921408,0,MEDIUM
0,0.5085857050808639,1,MEDIUM
0,0.5257736166351348,1,MEDIUM
0,0.5752617757285734,1,MEDIUM
1,0.48562644262435767,0,MEDIUM
0,0.5380295723625083,1,MEDIUM
1,0.48598007624308537,0,MEDIUM
0,0.5069023124350043,1,MEDIUM
0,0.5151276211269065,1,MEDIUM
0,0.49616704726684685,0,MEDIUM
0,0.4867236317393881,0,MEDIUM
1,0.4820728702575315,0,MEDIUM
0,0.5265939041466907,1,MEDIUM
0,0.5447309289623213,1,MEDIUM
0,0.5169903211345783,1,MEDIUM
1,0.44098547174166514,0,MEDIUM
0,0.5007517314956728,1,MEDIUM
0,0.5258450436343078,1,MEDIUM
0,0.48792676159073883,0,MEDIUM
0,0.485004443316927,0,MEDIUM
0,0.4489523496739492,0,MEDIUM
0,0.5089119333253025,1,MEDIUM
1,0.5493040311295765,1,MEDIUM
0,0.5554978777280942,1,MEDIUM
0,0.4985124722180191,0,MEDIUM
1,0.514793477315174,1,MEDIUM
0,0.5468965268837753,1,MEDIUM
0,0.5095111069789426,1,MEDIUM
0,0.4715313789181963,0,MEDIUM
0,0.4991643063275363,0,MEDIUM
1,0.5203214662037353,1,MEDIUM
0,0.4728790584180344,0,MEDIUM
0,0.4622192179998408,0,MEDIUM
0,0.5023270726539516,1,MEDIUM
1,0.5366190289896944,1,MEDIUM
0,0.4768782097266235,0,MEDIUM
0,0.5367988725848302,1,MEDIUM
0,0.48295737416833484,0,MEDIUM
0,0.4996570105025357,0,MEDIUM
0,0.5517176958451907,1,MEDIUM
0,0.48557989718673766,0,MEDIUM
1,0.5176758379255866,1,MEDIUM
0,0.4920764201628998,0,MEDIUM
0,0.46046695852250935,0,MEDIUM
1,0.5254612665071228,1,MEDIUM
0,0.41409251240136663,0,MEDIUM
0,0.4662065892103736,0,MEDIUM
1,0.5837657162723875,1,MEDIUM
0,0.5346214552179116,1,MEDIUM
1,0.46428524054983683,0,MEDIUM
0,0.5104498025714523,1,MEDIUM
0,0.5498370722918973,1,MEDIUM
0,0.46540320360329246,0,MEDIUM
0,0.5208489751393542,1,MEDIUM
0,0.47082731294152813,0,MEDIUM
0,0.4511249810504935,0,MEDIUM
0,0.5268388244959809,1,MEDIUM
0,0.5199980643543106,1,MEDIUM
0,0.5180191792208847,1,MEDIUM
0,0.5061924482769699,1,MEDIUM
0,0.47282041731323565,0,MEDIUM
0,0.46365364951118193,0,MEDIUM
0,0.48163908936684574,0,MEDIUM
0,0.5283592167152621,1,MEDIUM
0,0.5099630226138504,1,MEDIUM
0,0.45699788674542086,0,MEDIUM
0,0.4478410452055623,0,MEDIUM
0,0.5184819910641885,1,MEDIUM
0,0.5473074717022381,1,MEDIUM
1,0.5186201068859331,1,MEDIUM
1,0.4872892454034484,0,MEDIUM
0,0.4803965103307275,0,MEDIUM
0,0.4883641800089829,0,MEDIUM
0,0.51706522102432,1,MEDIUM
1,0.46842441309889593,0,MEDIUM
0,0.49130677370941545,0,MEDIUM
0,0.49342734620679063,0,MEDIUM
0,0.46915144234426404,0,MEDIUM
0,0.4994822455137925,0,MEDIUM
0,0.5610069266708981,1,MEDIUM
0,0.44460410214849755,0,MEDIUM
0,0.5007606630544812,1,MEDIUM
0,0.46389740586189576,0,MEDIUM
1,0.5416603402726285,1,MEDIUM
0,0.5266774948469317,1,MEDIUM
0,0.5487024221248035,1,MEDIUM
0,0.5153456985741284,1,MEDIUM
0,0.45149461719173867,0,MEDIUM
1,0.4306325297567994,0,MEDIUM
0,0.5152380764057928,1,MEDIUM
0,0.5191762777494141,1,MEDIUM
0,0.5098297211429295,1,MEDIUM
0,0.5265968844108334,1,MEDIUM
0,0.4827306870883336,0,MEDIUM
0,0.43862352636374424,0,MEDIUM
1,0.5235220023673514,1,MEDIUM
0,0.5007782591710994,1,MEDIUM
0,0.4886660928997411,0,MEDIUM
0,0.5851296242370455,1,MEDIUM
0,0.5181459752911923,1,MEDIUM
0,0.47662715899839575,0,MEDIUM
0,0.5304143890048688,1,MEDIUM
0,0.5075538090241286,1,MEDIUM
0,0.5125611090453137,1,MEDIUM
0,0.48550820501278386,0,MEDIUM
0,0.5159742090591001,1,MEDIUM
0,0.4831154747927609,0,MEDIUM
0,0.5277419645097366,1,MEDIUM
0,0.512160143235865,1,MEDIUM
0,0.5135660135973146,1,MEDIUM
1,0.47085471890774383,0,MEDIUM
0,0.46352597890308844,0,MEDIUM
0,0.5041575236139778,1,MEDIUM
0,0.5360530449630011,1,MEDIUM
0,0.5502768668279009,1,MEDIUM
0,0.5082916800604957,1,MEDIUM
0,0.5321731486487221,1,MEDIUM
0,0.44333669157385364,0,MEDIUM
0,0.47369405987003926,0,MEDIUM
0,0.480047321514893,0,MEDIUM
0,0.45015921182317237,0,MEDIUM
0,0.5233167366610244,1,MEDIUM
0,0.47439302422412083,0,MEDIUM
1,0.4381088011429943,0,MEDIUM
0,0.43828632300723963,0,MEDIUM
0,0.5129737079723787,1,MEDIUM
0,0.5174468683612444,1,MEDIUM
0,0.4824689410199867,0,MEDIUM
0,0.47336395277948,0,MEDIUM
0,0.4920901881088515,0,MEDIUM
0,0.5313128782695361,1,MEDIUM
0,0.5431668926650041,1,MEDIUM
0,0.5547333704143731,1,MEDIUM
0,0.5093068592348556,1,MEDIUM
0,0.5431677916797897,1,MEDIUM
0,0.4747120560061196,0,MEDIUM
0,0.5104515641276646,1,MEDIUM
0,0.46539953134401063,0,MEDIUM
0,0.509848496886383,1,MEDIUM
0,0.5530900106035002,1,MEDIUM
0,0.5163749239900663,1,MEDIUM
0,0.5245957769643931,1,MEDIUM
0,0.5073746334767205,1,MEDIUM
0,0.4508619647757406,0,MEDIUM
0,0.5342037323791556,1,MEDIUM
0,0.47284481301768094,0,MEDIUM
0,0.52022087014061,1,MEDIUM
0,0.4598238802844167,0,MEDIUM
0,0.5009697942830851,1,MEDIUM
0,0.48121884502191936,0,MEDIUM
0,0.5538587884718229,1,MEDIUM
0,0.5086961656364174,1,MEDIUM
0,0.47045366751159085,0,MEDIUM
0,0.5263645350959683,1,MEDIUM
0,0.5544372323394324,1,MEDIUM
0,0.47338865274334246,0,MEDIUM
0,0.5377886530233296,1,MEDIUM
0,0.5007704529278858,1,MEDIUM
0,0.456041996198406,0,MEDIUM
0,0.5300740098778618,1,MEDIUM
0,0.5137897236166435,1,MEDIUM
0,0.47287295066017554,0,MEDIUM
0,0.5297680105192736,1,MEDIUM
1,0.46808110979546846,0,MEDIUM
0,0.4625911314577862,0,MEDIUM
0,0.5545741747145281,1,MEDIUM
1,0.5093640038617518,1,MEDIUM
0,0.49793706166572876,0,MEDIUM
0,0.5574402374639791,1,MEDIUM
1,0.48804269704550846,0,MEDIUM
0,0.4948141220990414,0,MEDIUM
0,0.5241262157321402,1,MEDIUM
0,0.5110607975524043,1,MEDIUM
1,0.5219433330854115,1,MEDIUM
0,0.4987923571116947,0,MEDIUM
1,0.49522113955473046,0,MEDIUM
0,0.4973745864388462,0,MEDIUM
0,0.5559178307494663,1,MEDIUM
0,0.48831601415019404,0,MEDIUM
1,0.49177479357437576,0,MEDIUM
0,0.4894200275179783,0,MEDIUM
0,0.4644954346230576,0,MEDIUM
0,0.5500698298080974,1,MEDIUM
0,0.45162384991369686,0,MEDIUM
0,0.4584296070470914,0,MEDIUM
0,0.5146744778589645,1,MEDIUM
1,0.4946877683426298,0,MEDIUM
1,0.6030460185631269,1,HIGH
0,0.42411022516041263,0,MEDIUM
0,0.47562589393188964,0,MEDIUM
0,0.4862617214286795,0,MEDIUM
0,0.5056484589094853,1,MEDIUM
0,0.4819580584095046,0,MEDIUM
0,0.5284254589023992,1,MEDIUM
0,0.47342311897874934,0,MEDIUM
1,0.4577903056436417,0,MEDIUM
0,0.5556182219672876,1,MEDIUM
1,0.5100315911463077,1,MEDIUM
0,0.48570833793945745,0,MEDIUM
0,0.5292631526179364,1,MEDIUM
0,0.5386785242127607,1,MEDIUM
0,0.5056391995137915,1,MEDIUM
0,0.5225291694553774,1,MEDIUM
0,0.4873689047459108,0,MEDIUM
1,0.47098309150256384,0,MEDIUM
0,0.45577178179763134,0,MEDIUM
0,0.4937983393969575,0,MEDIUM
0,0.5032017680572987,1,MEDIUM
0,0.5584222003745829,1,MEDIUM
1,0.4667987478166092,0,MEDIUM
0,0.5177633518967013,1,MEDIUM
0,0.5062268096154071,1,MEDIUM
0,0.51266748083537,1,MEDIUM
0,0.49236982277005953,0,MEDIUM
0,0.4735029170896121,0,MEDIUM
0,0.5287085737673429,1,MEDIUM
0,0.5237633958068472,1,MEDIUM
0,0.5901706888771445,1,MEDIUM
0,0.44603854188334696,0,MEDIUM
1,0.5119983857705397,1,MEDIUM
0,0.5169186459431706,1,MEDIUM
0,0.493641867485411,0,MEDIUM
0,0.514734336092421,1,MEDIUM
0,0.4655234659882973,0,MEDIUM
0,0.51098139532465,1,MEDIUM
0,0.44432337007990436,0,MEDIUM
0,0.5008508061541002,1,MEDIUM
0,0.46747746534188245,0,MEDIUM
0,0.4773260648425896,0,MEDIUM
0,0.5072227829659309,1,MEDIUM
1,0.4991730001370569,0,MEDIUM
0,0.5351277910676752,1,MEDIUM
0,0.47515437586212855,0,MEDIUM
0,0.41044831940909704,0,MEDIUM
1,0.4792729462410062,0,MEDIUM
0,0.43262666114574205,0,MEDIUM
0,0.5241885642423535,1,MEDIUM
1,0.49576039275119677,0,MEDIUM
0,0.47988698103988925,0,MEDIUM
0,0.4899964156928679,0,MEDIUM
0,0.49598766000919475,0,MEDIUM
0,0.47050331656208444,0,MEDIUM
1,0.5165312227730301,1,MEDIUM
0,0.50561037658857,1,MEDIUM
0,0.5221482881326138,1,MEDIUM
0,0.46540243449978563,0,MEDIUM
0,0.4730510976108029,0,MEDIUM
0,0.5023606841754822,1,MEDIUM
0,0.5220346891237846,1,MEDIUM
0,0.4794064246905405,0,MEDIUM
1,0.524235518622703,1,MEDIUM
0,0.48071103727706604,0,MEDIUM
0,0.5188974132148185,1,MEDIUM
0,0.4845841709898517,0,MEDIUM
0,0.4231515748054085,0,MEDIUM
0,0.5193506696726844,1,MEDIUM
0,0.48589582522092933,0,MEDIUM
1,0.474629744717387,0,MEDIUM
0,0.4890192863693196,0,MEDIUM
0,0.5124820737992513,1,MEDIUM
0,0.5241255392629567,1,MEDIUM
0,0.45950428656614345,0,MEDIUM
0,0.5036668836243781,1,MEDIUM
0,0.49156775718194606,0,MEDIUM
0,0.5346257157913727,1,MEDIUM
0,0.500212427437582,1,MEDIUM
1,0.5521478972860318,1,MEDIUM
1,0.5269180487355848,1,MEDIUM
0,0.46874947698710795,0,MEDIUM
0,0.4614547807825091,0,MEDIUM
0,0.46087576419988285,0,MEDIUM
0,0.5109691275025758,1,MEDIUM
0,0.5167803375754625,1,MEDIUM
1,0.4410040649507624,0,MEDIUM
0,0.5119381898870385,1,MEDIUM
0,0.5884824479535685,1,MEDIUM
0,0.4531940883351686,0,MEDIUM
0,0.5248463894717961,1,MEDIUM
0,0.5296959092603326,1,MEDIUM
0,0.4911277118299462,0,MEDIUM
0,0.4991257681538023,0,MEDIUM
1,0.5131938226854926,1,MEDIUM
0,0.49166388914630527,0,MEDIUM
0,0.5055895093145055,1,MEDIUM
1,0.4402848756157001,0,MEDIUM
0,0.5146893527655877,1,MEDIUM
1,0.5172904783468177,1,MEDIUM
0,0.4452581161868126,0,MEDIUM
0,0.44142114023506496,0,MEDIUM
0,0.5042088985135098,1,MEDIUM
0,0.4894245992702905,0,MEDIUM
1,0.48212265070956334,0,MEDIUM
0,0.4668482885914034,0,MEDIUM
0,0.4867662303950457,0,MEDIUM
1,0.47042485324066685,0,MEDIUM
1,0.46847347276894474,0,MEDIUM
1,0.4849902476468745,0,MEDIUM
0,0.5287205887405831,1,MEDIUM
0,0.4765599156336134,0,MEDIUM
0,0.5284178989187333,1,MEDIUM
0,0.5355893478728467,1,MEDIUM
0,0.5253082027274854,1,MEDIUM
0,0.46002518973958145,0,MEDIUM
0,0.4914098566187281,0,MEDIUM
0,0.5430474345415923,1,MEDIUM
0,0.5626451501421291,1,MEDIUM
0,0.5260161700580542,1,MEDIUM
0,0.47979544842741056,0,MEDIUM
0,0.471221435390417,0,MEDIUM
0,0.5206528029560297,1,MEDIUM
0,0.49855331119649793,0,MEDIUM
0,0.5162715374528661,1,MEDIUM
0,0.5335649748718659,1,MEDIUM
1,0.5005901259859616,1,MEDIUM
1,0.4615577479710205,0,MEDIUM
0,0.5102519254586827,1,MEDIUM
0,0.4535341477791888,0,MEDIUM
0,0.5090239053210728,1,MEDIUM
0,0.450348372725449,0,MEDIUM
0,0.5481342130967741,1,MEDIUM
0,0.4753725297312761,0,MEDIUM
0,0.5058684265946589,1,MEDIUM
1,0.5313877544952145,1,MEDIUM
0,0.5152035717649722,1,MEDIUM
0,0.44704650515197975,0,MEDIUM
0,0.5262229060852681,1,MEDIUM
0,0.49211164922144646,0,MEDIUM
0,0.4150653851858815,0,MEDIUM
0,0.5056293307054406,1,MEDIUM
1,0.5111425748953126,1,MEDIUM
0,0.46827528595802465,0,MEDIUM
0,0.485293162174477,0,MEDIUM
0,0.4718966720707458,0,MEDIUM
0,0.48924436763282875,0,MEDIUM
1,0.4571002243944977,0,MEDIUM
0,0.4798448714207193,0,MEDIUM
0,0.4486874392881296,0,MEDIUM
0,0.5233488386285057,1,MEDIUM
0,0.45366098545673483,0,MEDIUM
0,0.4733970510417269,0,MEDIUM
0,0.46779910827122023,0,MEDIUM
0,0.5178495713008522,1,MEDIUM
0,0.5311027382054032,1,MEDIUM
0,0.5047670541222511,1,MEDIUM
0,0.4754706198625079,0,MEDIUM
0,0.5014134195697889,1,MEDIUM
0,0.42248940019147635,0,MEDIUM
0,0.5187946088879736,1,MEDIUM
0,0.5678353910852412,1,MEDIUM
0,0.5030698696280325,1,MEDIUM
0,0.48418510750657573,0,MEDIUM
0,0.5115651997002504,1,MEDIUM
1,0.4681043997924942,0,MEDIUM
0,0.5307706606806734,1,MEDIUM
0,0.44986947582494863,0,MEDIUM
0,0.5070755517306714,1,MEDIUM
1,0.5443160430542273,1,MEDIUM
0,0.5082254977707598,1,MEDIUM
0,0.49153154230046214,0,MEDIUM
0,0.5559714983479701,1,MEDIUM
0,0.5451742611858748,1,MEDIUM
0,0.532486750286659,1,MEDIUM
0,0.5301762429337777,1,MEDIUM
1,0.40728409661361925,0,MEDIUM
0,0.5093451965967214,1,MEDIUM
0,0.5078340177903594,1,MEDIUM
0,0.45869945928021655,0,MEDIUM
0,0.46194037858983505,0,MEDIUM
0,0.5047644884284538,1,MEDIUM
1,0.4393443740776979,0,MEDIUM
0,0.5243834646022785,1,MEDIUM
0,0.518984794276578,1,MEDIUM
0,0.49687673875487043,0,MEDIUM
0,0.47402932656579483,0,MEDIUM
1,0.4434408461700065,0,MEDIUM
0,0.573486671293914,1,MEDIUM
0,0.5187466104320027,1,MEDIUM
0,0.48823051169674525,0,MEDIUM
0,0.5487752707096156,1,MEDIUM
0,0.4960505279963892,0,MEDIUM
0,0.4825392363156378,0,MEDIUM
0,0.4655288700181105,0,MEDIUM
0,0.5160640439237456,1,MEDIUM
1,0.546460630216153,1,MEDIUM
0,0.5006938126421193,1,MEDIUM
0,0.48219925169432115,0,MEDIUM
0,0.4966036507587849,0,MEDIUM
0,0.542688635924116,1,MEDIUM
0,0.530998445603508,1,MEDIUM
0,0.4972657901253188,0,MEDIUM
0,0.48383488542357667,0,MEDIUM
0,0.48565608194283255,0,MEDIUM
0,0.49271925440667785,0,MEDIUM
0,0.5638732967794237,1,MEDIUM
0,0.5130612025917781,1,MEDIUM
1,0.41690052188845383,0,MEDIUM
1,0.5032390248731933,1,MEDIUM
0,0.4683047311201497,0,MEDIUM
0,0.5171285414191321,1,MEDIUM
1,0.5139791825410365,1,MEDIUM
0,0.545387238532878,1,MEDIUM
0,0.4712257119475418,0,MEDIUM
0,0.48839650326134343,0,MEDIUM
0,0.4950517147994095,0,MEDIUM
0,0.49112260405251484,0,MEDIUM
0,0.5002069318504416,1,MEDIUM
0,0.48650333220459885,0,MEDIUM
0,0.4625394251861202,0,MEDIUM
0,0.5122417250942946,1,MEDIUM
0,0.5209503864824723,1,MEDIUM
1,0.5340322703804782,1,MEDIUM
0,0.4802016705342203,0,MEDIUM
0,0.45645709693274455,0,MEDIUM
0,0.5106050292234577,1,MEDIUM
0,0.4593701944195676,0,MEDIUM
0,0.4786320046765226,0,MEDIUM
0,0.5845775418717807,1,MEDIUM
0,0.4550775875616853,0,MEDIUM
1,0.5102526203856081,1,MEDIUM
0,0.48442394608847794,0,MEDIUM
0,0.48898441989489877,0,MEDIUM
1,0.45962015958194136,0,MEDIUM
0,0.5154655991516519,1,MEDIUM
0,0.48218767920738387,0,MEDIUM
0,0.5565764276676594,1,MEDIUM
0,0.5194685691351549,1,MEDIUM
0,0.48786321149786555,0,MEDIUM
0,0.5043413007111567,1,MEDIUM
1,0.41977693795011717,0,MEDIUM
0,0.5055216566565649,1,MEDIUM
0,0.5146313229562121,1,MEDIUM
0,0.5275155530822623,1,MEDIUM
0,0.5356016234764926,1,MEDIUM
0,0.42716096620893235,0,MEDIUM
0,0.514260376359948,1,MEDIUM
0,0.49275510395439104,0,MEDIUM
0,0.49648089871094975,0,MEDIUM
0,0.5419022288804521,1,MEDIUM
1,0.4646452611821781,0,MEDIUM
0,0.48746907627338765,0,MEDIUM
0,0.5444657983836645,1,MEDIUM
0,0.5045239787487455,1,MEDIUM
0,0.5036734228937125,1,MEDIUM
0,0.5151088728154187,1,MEDIUM
0,0.4939169026343894,0,MEDIUM
0,0.5413509415591815,1,MEDIUM
0,0.4889492610343513,0,MEDIUM
0,0.5185506500211653,1,MEDIUM
1,0.5229723823451838,1,MEDIUM
0,0.45598875048410087,0,MEDIUM
0,0.45928160219009945,0,MEDIUM
1,0.4977426616826824,0,MEDIUM
0,0.5268636799899348,1,MEDIUM
0,0.4565012624078644,0,MEDIUM
0,0.4393467848705623,0,MEDIUM
0,0.48283496657756664,0,MEDIUM
0,0.532251310322203,1,MEDIUM
0,0.5290614721827923,1,MEDIUM
0,0.49853202353900106,0,MEDIUM
0,0.4977014160017166,0,MEDIUM
0,0.5290597722411707,1,MEDIUM
0,0.5325858329764436,1,MEDIUM
1,0.4857584853112609,0,MEDIUM
0,0.5300977938651631,1,MEDIUM
0,0.4979706310534972,0,MEDIUM
0,0.4999843042357095,0,MEDIUM
0,0.5196864359976279,1,MEDIUM
0,0.4857245382901413,0,MEDIUM
0,0.520690216062766,1,MEDIUM
0,0.5288668724609535,1,MEDIUM
0,0.4422041249997409,0,MEDIUM
0,0.5075006592841966,1,MEDIUM
0,0.487578329414978,0,MEDIUM
0,0.4942405473569726,0,MEDIUM
0,0.5405801708400523,1,MEDIUM
0,0.4839966710498148,0,MEDIUM
0,0.49427280759930176,0,MEDIUM
0,0.5032304386820118,1,MEDIUM
0,0.4402806351693936,0,MEDIUM
1,0.47687906667060226,0,MEDIUM
0,0.4708705997646787,0,MEDIUM
0,0.4960855998547261,0,MEDIUM
0,0.5221666062591355,1,MEDIUM
0,0.4936101334791255,0,MEDIUM
0,0.43113198954939347,0,MEDIUM
0,0.5136314971663598,1,MEDIUM
0,0.45264758767546115,0,MEDIUM
0,0.5160065403693262,1,MEDIUM
0,0.5338837839234948,1,MEDIUM
0,0.4872936507821006,0,MEDIUM
0,0.48986193074008033,0,MEDIUM
0,0.5255831690275571,1,MEDIUM
0,0.47126525762915616,0,MEDIUM
0,0.4307192278401235,0,MEDIUM
0,0.4875914547124502,0,MEDIUM
0,0.5453775609165084,1,MEDIUM
0,0.5125025106766111,1,MEDIUM
0,0.4873103518961072,0,MEDIUM
0,0.4990215413673584,0,MEDIUM
0,0.48914910898929503,0,MEDIUM
0,0.5531420565243022,1,MEDIUM
0,0.5729300518343211,1,MEDIUM
0,0.4789922281066599,0,MEDIUM
1,0.5436668113662895,1,MEDIUM
0,0.5017514139330219,1,MEDIUM
0,0.48987097700366633,0,MEDIUM
0,0.4918181048984693,0,MEDIUM
0,0.5311238570273953,1,MEDIUM
0,0.5112678048348767,1,MEDIUM
0,0.494139788601047,0,MEDIUM
1,0.4881016913963917,0,MEDIUM
0,0.5432879863410778,1,MEDIUM
0,0.49854775400294005,0,MEDIUM
0,0.5141422795524193,1,MEDIUM
1,0.49557115657917866,0,MEDIUM
0,0.5325952709632714,1,MEDIUM
0,0.4883224426015465,0,MEDIUM
1,0.5321705445024963,1,MEDIUM
0,0.5078138692464698,1,MEDIUM
0,0.48497346693574495,0,MEDIUM
0,0.5115427352133345,1,MEDIUM
0,0.4850799321655163,0,MEDIUM
0,0.48731066429922276,0,MEDIUM
0,0.48060572857044925,0,MEDIUM
0,0.4795133899203834,0,MEDIUM
0,0.5333191663387097,1,MEDIUM
0,0.4917893356149187,0,MEDIUM
0,0.48680550424395097,0,MEDIUM
0,0.48073175216778036,0,MEDIUM
1,0.47614208869020097,0,MEDIUM
1,0.4604839618324822,0,MEDIUM
0,0.49459752117262173,0,MEDIUM
0,0.5379325952527549,1,MEDIUM
0,0.4844734046283819,0,MEDIUM
0,0.4977990171694214,0,MEDIUM
0,0.48919673514259,0,MEDIUM
0,0.48941387736202846,0,MEDIUM
0,0.4266017847423497,0,MEDIUM
1,0.5280657003805735,1,MEDIUM
0,0.49936813668480856,0,MEDIUM
0,0.5193649873148043,1,MEDIUM
0,0.4863291633360852,0,MEDIUM
0,0.4797016451496022,0,MEDIUM
0,0.46541959445022363,0,MEDIUM
0,0.4988954341904695,0,MEDIUM
0,0.5199334339533509,1,MEDIUM
0,0.4882566000398901,0,MEDIUM
0,0.5015501708311436,1,MEDIUM
0,0.49073462643110866,0,MEDIUM
0,0.5316457945976604,1,MEDIUM
0,0.45103223075445165,0,MEDIUM
0,0.4428747290169663,0,MEDIUM
0,0.49384644169748954,0,MEDIUM
1,0.4536503544061581,0,MEDIUM
1,0.5321851802635734,1,MEDIUM
0,0.4633372880407473,0,MEDIUM
0,0.48878867380372865,0,MEDIUM
0,0.4533860061775744,0,MEDIUM
0,0.5007253864124975,1,MEDIUM
0,0.4786040218454362,0,MEDIUM
1,0.4889144719634235,0,MEDIUM
0,0.5685545988550399,1,MEDIUM
1,0.48652131296649437,0,MEDIUM
0,0.4758936399408676,0,MEDIUM
0,0.4552792109673779,0,MEDIUM
0,0.5193423126767633,1,MEDIUM
0,0.535678369089986,1,MEDIUM
0,0.4689422552922149,0,MEDIUM
0,0.5017156902512764,1,MEDIUM
0,0.45688442899591114,0,MEDIUM
0,0.48798351666534134,0,MEDIUM
0,0.5175968371477869,1,MEDIUM
0,0.4483385302774362,0,MEDIUM
0,0.5096848537184059,1,MEDIUM
0,0.5220561585152245,1,MEDIUM
0,0.5496817181559777,1,MEDIUM
0,0.47244925624442097,0,MEDIUM
0,0.5042480957086729,1,MEDIUM
0,0.48594511162822573,0,MEDIUM
1,0.5033605181440114,1,MEDIUM
0,0.5186960427767591,1,MEDIUM
1,0.5031358671476518,1,MEDIUM
0,0.4832978448359188,0,MEDIUM
0,0.5240051302950616,1,MEDIUM
0,0.5818433919708321,1,MEDIUM
0,0.5347987171111791,1,MEDIUM
0,0.5145636168474692,1,MEDIUM
0,0.5518514645855009,1,MEDIUM
0,0.5456660042276118,1,MEDIUM
0,0.4918114889189631,0,MEDIUM
0,0.4791645086304972,0,MEDIUM
0,0.5386596847886636,1,MEDIUM
0,0.4742282028796093,0,MEDIUM
0,0.436468083901909,0,MEDIUM
1,0.5353675084043067,1,MEDIUM
0,0.555309742969478,1,MEDIUM
0,0.5118197182912487,1,MEDIUM
0,0.4719889174678799,0,MEDIUM
0,0.5023920770592702,1,MEDIUM
0,0.5202226300077548,1,MEDIUM
1,0.49465669393482403,0,MEDIUM
0,0.4060141462339694,0,MEDIUM
0,0.48249125526583675,0,MEDIUM
0,0.4579929232181544,0,MEDIUM
1,0.5099673897436382,1,MEDIUM
0,0.4510728225913145,0,MEDIUM
0,0.48389571832667344,0,MEDIUM
1,0.5459807830052014,1,MEDIUM
0,0.5001723337381259,1,MEDIUM
0,0.5100922571367547,1,MEDIUM
0,0.47017156708309316,0,MEDIUM
1,0.4664965253532889,0,MEDIUM
0,0.47847353027220313,0,MEDIUM
0,0.47176002233339387,0,MEDIUM
0,0.5447721222374503,1,MEDIUM
0,0.5105923409484461,1,MEDIUM
0,0.43532111140450486,0,MEDIUM
0,0.5287851272575699,1,MEDIUM
0,0.5154701047222146,1,MEDIUM
0,0.5016336356624062,1,MEDIUM
0,0.5135052193776501,1,MEDIUM
0,0.47717329534650127,0,MEDIUM
0,0.5066180877297625,1,MEDIUM
0,0.47244131760777264,0,MEDIUM
0,0.48352757527498774,0,MEDIUM
1,0.43286854057367624,0,MEDIUM
0,0.5427187236769017,1,MEDIUM
0,0.5308972570478726,1,MEDIUM
0,0.5140915629967497,1,MEDIUM
0,0.5069763375862392,1,MEDIUM
1,0.5028001885779414,1,MEDIUM
0,0.4959623556375055,0,MEDIUM
1,0.5768760485910699,1,MEDIUM
0,0.5300060135345313,1,MEDIUM
0,0.4815088659468075,0,MEDIUM
0,0.4846879369106906,0,MEDIUM
0,0.5000511444629163,1,MEDIUM
0,0.49203707435442134,0,MEDIUM
0,0.5204269581232951,1,MEDIUM
0,0.5192098497364573,1,MEDIUM
0,0.5258583081003034,1,MEDIUM
0,0.4953449382746949,0,MEDIUM
0,0.5448901820248573,1,MEDIUM
1,0.5472410909482884,1,MEDIUM
0,0.508752892406168,1,MEDIUM
0,0.5080471197731296,1,MEDIUM
0,0.5047207697227574,1,MEDIUM
0,0.4766899689005182,0,MEDIUM
0,0.4927001041943283,0,MEDIUM
0,0.5237814697928243,1,MEDIUM
0,0.4992440804732388,0,MEDIUM
0,0.4938607092957626,0,MEDIUM
0,0.49521950616552063,0,MEDIUM
0,0.5116883582256117,1,MEDIUM
1,0.5155295071659938,1,MEDIUM
0,0.4638900737377071,0,MEDIUM
0,0.5131354287043887,1,MEDIUM
0,0.4895178379549984,0,MEDIUM
0,0.45947766146667907,0,MEDIUM
0,0.5067643868726935,1,MEDIUM
0,0.45134139146252866,0,MEDIUM
0,0.5053980646739046,1,MEDIUM
1,0.4459875810187774,0,MEDIUM
0,0.5423035792235038,1,MEDIUM
0,0.4825034582476349,0,MEDIUM
1,0.5453260604271256,1,MEDIUM
0,0.3828828200429847,0,MEDIUM
0,0.5046494417196757,1,MEDIUM
0,0.5181225726949448,1,MEDIUM
0,0.5037315373586733,1,MEDIUM
0,0.48882266752733183,0,MEDIUM
0,0.4771604459240354,0,MEDIUM
0,0.4468382065574856,0,MEDIUM
1,0.4824217785401395,0,MEDIUM
0,0.5218977515697567,1,MEDIUM
0,0.5127254995626283,1,MEDIUM
0,0.4774255888832558,0,MEDIUM
0,0.47255530094107684,0,MEDIUM
0,0.49685717044974215,0,MEDIUM
0,0.5873133317741047,1,MEDIUM
0,0.5737091357167385,1,MEDIUM
0,0.4777043313591713,0,MEDIUM
1,0.5093044957009483,1,MEDIUM
0,0.5122262148002551,1,MEDIUM
0,0.5151668298814903,1,MEDIUM
0,0.4787917136285439,0,MEDIUM
0,0.48952955405518117,0,MEDIUM
0,0.48668924560974947,0,MEDIUM
0,0.5050915342042417,1,MEDIUM
0,0.47189463232108875,0,MEDIUM
0,0.506286899314037,1,MEDIUM
0,0.5096403021704514,1,MEDIUM
0,0.5225521912542745,1,MEDIUM
0,0.5081329915600786,1,MEDIUM
0,0.45218793130224033,0,MEDIUM
0,0.5279415406178953,1,MEDIUM
0,0.4778114909374937,0,MEDIUM
0,0.4953078872730394,0,MEDIUM
0,0.5050486252441394,1,MEDIUM
0,0.5231754016818027,1,MEDIUM
0,0.5155163673917356,1,MEDIUM
0,0.5171784700218248,1,MEDIUM
0,0.5114271018654388,1,MEDIUM
0,0.48159352806034833,0,MEDIUM
0,0.46684415518537997,0,MEDIUM
0,0.47138825117645705,0,MEDIUM
0,0.4945488351711084,0,MEDIUM
0,0.5144985970332105,1,MEDIUM
0,0.4540527273892083,0,MEDIUM
0,0.5117605013190505,1,MEDIUM
0,0.5281343091796614,1,MEDIUM
0,0.4541880671782735,0,MEDIUM
0,0.4587339678092965,0,MEDIUM
0,0.496615160264914,0,MEDIUM
0,0.4760027016058683,0,MEDIUM
0,0.485358697932793,0,MEDIUM
0,0.5073673320042349,1,MEDIUM
0,0.4970204779173305,0,MEDIUM
0,0.5102193460626107,1,MEDIUM
0,0.5005282828004951,1,MEDIUM
0,0.4693550440035982,0,MEDIUM
0,0.43891090260571197,0,MEDIUM
0,0.46054582237409736,0,MEDIUM
0,0.5003966799975825,1,MEDIUM
0,0.47786114901961674,0,MEDIUM
0,0.5406943745406326,1,MEDIUM
0,0.503555127692258,1,MEDIUM
0,0.484387572225118,0,MEDIUM
0,0.5320462441329147,1,MEDIUM
0,0.44565476278634775,0,MEDIUM
0,0.5227315017617095,1,MEDIUM
0,0.5328951932651037,1,MEDIUM
0,0.48290247701310673,0,MEDIUM
0,0.45103099627668736,0,MEDIUM
0,0.494513509774628,0,MEDIUM
0,0.5381733387565678,1,MEDIUM
0,0.48257950791224385,0,MEDIUM
0,0.47995434522502756,0,MEDIUM
0,0.4939189383174715,0,MEDIUM
0,0.4916632939554958,0,MEDIUM
0,0.48381241832441096,0,MEDIUM
0,0.43874308012289276,0,MEDIUM
0,0.47995904230552006,0,MEDIUM
0,0.5117679117863952,1,MEDIUM
0,0.3726212216588193,0,MEDIUM
0,0.5147387593543641,1,MEDIUM
0,0.49306983996622694,0,MEDIUM
0,0.5466520908830164,1,MEDIUM
0,0.5019374238535459,1,MEDIUM
0,0.5071677262780407,1,MEDIUM
0,0.532475862987116,1,MEDIUM
0,0.4828802366225276,0,MEDIUM
0,0.49789267468505327,0,MEDIUM
0,0.5009958003131462,1,MEDIUM
0,0.47996079180200635,0,MEDIUM
0,0.5354789330448648,1,MEDIUM
0,0.5101856069013683,1,MEDIUM
0,0.5275899037702659,1,MEDIUM
0,0.5663735829279152,1,MEDIUM
0,0.5394587027974118,1,MEDIUM
0,0.505565514066892,1,MEDIUM
1,0.5386679746210907,1,MEDIUM
0,0.5135248910017972,1,MEDIUM
0,0.5332111422006067,1,MEDIUM
0,0.4990745665144267,0,MEDIUM
0,0.5154180426424141,1,MEDIUM
1,0.49666485816289385,0,MEDIUM
1,0.5233804315593402,1,MEDIUM
0,0.5233041375731627,1,MEDIUM
0,0.5111068057325473,1,MEDIUM
1,0.5091459499025535,1,MEDIUM
0,0.5030145951711699,1,MEDIUM
0,0.45232611440242704,0,MEDIUM
0,0.5028382912439169,1,MEDIUM
0,0.46169956727396455,0,MEDIUM
0,0.4774627211811867,0,MEDIUM
0,0.4678829943652841,0,MEDIUM
0,0.4810380295578763,0,MEDIUM
0,0.521836832001924,1,MEDIUM
0,0.5171518603836521,1,MEDIUM
0,0.4860291815127101,0,MEDIUM
0,0.5364879747821161,1,MEDIUM
0,0.4988702328797595,0,MEDIUM
0,0.4732951325766772,0,MEDIUM
0,0.4745296180537945,0,MEDIUM
0,0.5172563659781051,1,MEDIUM
0,0.5086297750517804,1,MEDIUM
0,0.48326809801353116,0,MEDIUM
0,0.4608546421740276,0,MEDIUM
0,0.513094443648855,1,MEDIUM
0,0.516593943029794,1,MEDIUM
0,0.48828956327269724,0,MEDIUM
0,0.5417976055347973,1,MEDIUM
0,0.5033881350942215,1,MEDIUM
0,0.5183684323928653,1,MEDIUM
0,0.5291915818255163,1,MEDIUM
0,0.5255732475599886,1,MEDIUM
0,0.508477744563567,1,MEDIUM
0,0.5466426436562247,1,MEDIUM
0,0.4562994429259742,0,MEDIUM
1,0.5660909606782095,1,MEDIUM
0,0.48664008499315586,0,MEDIUM
0,0.4854826449034541,0,MEDIUM
0,0.5110216675740583,1,MEDIUM
0,0.4687511072693475,0,MEDIUM
0,0.5405675192511025,1,MEDIUM
0,0.5302998724532533,1,MEDIUM
0,0.46195901614757273,0,MEDIUM
0,0.5482799133615198,1,MEDIUM
0,0.45544252221182485,0,MEDIUM
1,0.5630163281530965,1,MEDIUM
0,0.5119783217564363,1,MEDIUM
0,0.5142403042449742,1,MEDIUM
0,0.5182951765177832,1,MEDIUM
0,0.500836613272743,1,MEDIUM
1,0.5052883878320505,1,MEDIUM
0,0.5247563745405549,1,MEDIUM
0,0.505069058649842,1,MEDIUM
0,0.5095659680414136,1,MEDIUM
0,0.5697268713913608,1,MEDIUM
0,0.5043996033487297,1,MEDIUM
0,0.4492400873197237,0,MEDIUM
0,0.5288587763486093,1,MEDIUM
0,0.513014973556028,1,MEDIUM
0,0.45579509377898014,0,MEDIUM
0,0.5252311113715721,1,MEDIUM
0,0.445717018060864,0,MEDIUM
0,0.48089774939202595,0,MEDIUM
0,0.5108794457213531,1,MEDIUM
0,0.5234216375685268,1,MEDIUM
0,0.4895745197007907,0,MEDIUM
1,0.4863929107802572,0,MEDIUM
0,0.4929587662716572,0,MEDIUM
0,0.5054506714524261,1,MEDIUM
1,0.5307638045394154,1,MEDIUM
0,0.49110920062825375,0,MEDIUM
0,0.49490849138902243,0,MEDIUM
0,0.5037058551557867,1,MEDIUM
0,0.49004646262284446,0,MEDIUM
0,0.48461101666078726,0,MEDIUM
0,0.47181514260388574,0,MEDIUM
1,0.5222654983241654,1,MEDIUM
0,0.550494941411997,1,MEDIUM
0,0.4666845137211558,0,MEDIUM
0,0.5226950669217291,1,MEDIUM
0,0.5007074298278092,1,MEDIUM
1,0.5207865374987108,1,MEDIUM
0,0.5436954663446376,1,MEDIUM
0,0.5461560612412725,1,MEDIUM
0,0.49867848611008564,0,MEDIUM
1,0.5113508480109255,1,MEDIUM
0,0.5497483176417782,1,MEDIUM
0,0.4639572253228709,0,MEDIUM
0,0.4867541726449805,0,MEDIUM
0,0.5080262125536902,1,MEDIUM
1,0.49621324500655223,0,MEDIUM
0,0.5202451167988772,1,MEDIUM
1,0.4341973365968067,0,MEDIUM
1,0.48259656270506435,0,MEDIUM
0,0.5621117532226887,1,MEDIUM
0,0.5027607250594492,1,MEDIUM
0,0.5215276363782749,1,MEDIUM
0,0.5580487901872204,1,MEDIUM
0,0.5074565773285981,1,MEDIUM
0,0.4964339052134772,0,MEDIUM
0,0.49073731215119953,0,MEDIUM
0,0.46768860573562393,0,MEDIUM
0,0.5285306690525409,1,MEDIUM
0,0.49966695137100864,0,MEDIUM
0,0.5028004800241591,1,MEDIUM
0,0.45645398146929755,0,MEDIUM
0,0.47487200804937496,0,MEDIUM
0,0.5340729577049278,1,MEDIUM
0,0.485894319378061,0,MEDIUM
0,0.528489247772588,1,MEDIUM
1,0.5160273501071627,1,MEDIUM
0,0.5066676766243484,1,MEDIUM
0,0.5252754926117597,1,MEDIUM
0,0.4721175016239522,0,MEDIUM
0,0.5158434426479498,1,MEDIUM
0,0.48728910936232944,0,MEDIUM
0,0.5485683680050466,1,MEDIUM
0,0.4230269411153798,0,MEDIUM
0,0.5063803974741715,1,MEDIUM
0,0.46108257765261096,0,MEDIUM
0,0.4850199563579159,0,MEDIUM
0,0.5135448524235582,1,MEDIUM
0,0.5216002311500897,1,MEDIUM
0,0.4648087961533715,0,MEDIUM
0,0.5002157141468175,1,MEDIUM
0,0.5270858616062952,1,MEDIUM
0,0.5222265070933886,1,MEDIUM
0,0.4972122429733094,0,MEDIUM
0,0.5402791436079274,1,MEDIUM
0,0.5229457692097143,1,MEDIUM
0,0.49358406689215784,0,MEDIUM
0,0.4693214109605851,0,MEDIUM
1,0.5220308697716144,1,MEDIUM
0,0.5121441836959535,1,MEDIUM
0,0.5060142004705231,1,MEDIUM
0,0.4575203087434792,0,MEDIUM
0,0.47966162678010643,0,MEDIUM
0,0.4876182562439005,0,MEDIUM
1,0.47282388959594585,0,MEDIUM
0,0.5214779779757921,1,MEDIUM
0,0.45284264158253634,0,MEDIUM
0,0.5083004773932636,1,MEDIUM
0,0.473632558557971,0,MEDIUM
0,0.538192990446906,1,MEDIUM
0,0.5463670966602312,1,MEDIUM
0,0.47708996126278996,0,MEDIUM
0,0.4574751196195062,0,MEDIUM
0,0.508648137540149,1,MEDIUM
1,0.47900704683228473,0,MEDIUM
0,0.5013520219391635,1,MEDIUM
0,0.5209326355760777,1,MEDIUM
0,0.48365023026592174,0,MEDIUM
0,0.4596050934487847,0,MEDIUM
0,0.4910787086071779,0,MEDIUM
0,0.5216531017683621,1,MEDIUM
0,0.49499879333968866,0,MEDIUM
1,0.5337942011013436,1,MEDIUM
0,0.44669600477554106,0,MEDIUM
1,0.5258033368110208,1,MEDIUM
0,0.510885803870774,1,MEDIUM
1,0.5456106777917977,1,MEDIUM
0,0.496275802868527,0,MEDIUM
1,0.5062204035477205,1,MEDIUM
1,0.5209904566503968,1,MEDIUM
0,0.4020782948612894,0,MEDIUM
0,0.4845497679628708,0,MEDIUM
0,0.4316561625818574,0,MEDIUM
0,0.45455257006358835,0,MEDIUM
0,0.47893527448874734,0,MEDIUM
0,0.5956493314975042,1,MEDIUM
0,0.5990960016715309,1,MEDIUM
0,0.5118064404583971,1,MEDIUM
0,0.49928061537996643,0,MEDIUM
0,0.5425516376008096,1,MEDIUM
0,0.48012785109461115,0,MEDIUM
0,0.5121305243325932,1,MEDIUM
0,0.4989711842440561,0,MEDIUM
0,0.5138887134660522,1,MEDIUM
0,0.5054621423395849,1,MEDIUM
0,0.5281749816068422,1,MEDIUM
0,0.47071098525373944,0,MEDIUM
0,0.4671066250982546,0,MEDIUM
0,0.459419321452999,0,MEDIUM
0,0.49796843789953477,0,MEDIUM
1,0.4680709486205517,0,MEDIUM
0,0.4699680651490413,0,MEDIUM
0,0.4935333124132578,0,MEDIUM
1,0.5075389733866678,1,MEDIUM
0,0.4892563958457475,0,MEDIUM
0,0.4762572528809988,0,MEDIUM
0,0.44515103728992805,0,MEDIUM
0,0.5205647422336264,1,MEDIUM
0,0.4974553654895729,0,MEDIUM
0,0.5132900276176102,1,MEDIUM
0,0.4784892425648723,0,MEDIUM
0,0.5150604260784145,1,MEDIUM
0,0.48614694804070796,0,MEDIUM
0,0.49799484991393705,0,MEDIUM
0,0.5053482984755824,1,MEDIUM
0,0.4714931214045885,0,MEDIUM
1,0.5526257128971936,1,MEDIUM
1,0.48202132595265085,0,MEDIUM
0,0.4559016391874833,0,MEDIUM
0,0.5172020503341646,1,MEDIUM
0,0.49562044731515725,0,MEDIUM
0,0.47593455414042474,0,MEDIUM
0,0.39965640319915946,0,MEDIUM
0,0.47136605488960476,0,MEDIUM
1,0.5098699854912225,1,MEDIUM
0,0.5009005029876328,1,MEDIUM
0,0.5134061582912506,1,MEDIUM
0,0.5097175031573646,1,MEDIUM
0,0.5540891588853177,1,MEDIUM
1,0.44120069392253675,0,MEDIUM
0,0.47282596498085466,0,MEDIUM
1,0.5348979013668395,1,MEDIUM
0,0.49227185203469337,0,MEDIUM
0,0.5536328334223044,1,MEDIUM
0,0.48331922126309934,0,MEDIUM
0,0.4802766061132776,0,MEDIUM
0,0.5105321459165552,1,MEDIUM
0,0.5381953906969715,1,MEDIUM
1,0.5408347098304576,1,MEDIUM
0,0.4829430055933746,0,MEDIUM
1,0.48136310239323526,0,MEDIUM
0,0.5135347978458378,1,MEDIUM
0,0.4985193362824279,0,MEDIUM
0,0.5242136438946648,1,MEDIUM
0,0.4908873302053297,0,MEDIUM
0,0.5369953795962662,1,MEDIUM
0,0.5134627806890707,1,MEDIUM
1,0.4959069891775619,0,MEDIUM
0,0.518419527876833,1,MEDIUM
1,0.47275784572589175,0,MEDIUM
0,0.4660490904800367,0,MEDIUM
0,0.4869811587358345,0,MEDIUM
0,0.4522237399109347,0,MEDIUM
0,0.5639400275539447,1,MEDIUM
0,0.4813261252937181,0,MEDIUM
0,0.4571751260431427,0,MEDIUM
0,0.47906833676730454,0,MEDIUM
0,0.4782179442029608,0,MEDIUM
0,0.5326171936823454,1,MEDIUM
1,0.4999595295655397,0,MEDIUM
0,0.5141012406625659,1,MEDIUM
0,0.5288821538597704,1,MEDIUM
0,0.4848403364617752,0,MEDIUM
0,0.4663089337749794,0,MEDIUM
0,0.5170215232551562,1,MEDIUM
0,0.5018211171369003,1,MEDIUM
0,0.514757481631971,1,MEDIUM
0,0.5321804966330678,1,MEDIUM
0,0.4572413627863625,0,MEDIUM
0,0.39505750264867173,0,MEDIUM
0,0.4955628398433927,0,MEDIUM
0,0.5157308063626758,1,MEDIUM
0,0.46921250144482496,0,MEDIUM
0,0.5117931659442979,1,MEDIUM
0,0.5267469825355405,1,MEDIUM
0,0.47730177767711846,0,MEDIUM
0,0.48171832270156667,0,MEDIUM
0,0.4899043186586981,0,MEDIUM
0,0.5227134150202543,1,MEDIUM
0,0.4500791162439206,0,MEDIUM
0,0.4953472354284992,0,MEDIUM
0,0.4252349123661023,0,MEDIUM
0,0.5031452109410774,1,MEDIUM
0,0.45734210586412904,0,MEDIUM
0,0.48723241820476715,0,MEDIUM
0,0.5303521356834605,1,MEDIUM
0,0.4425343815357364,0,MEDIUM
0,0.5426062899697244,1,MEDIUM
0,0.48405927730942294,0,MEDIUM
0,0.4733482800691466,0,MEDIUM
0,0.5329447562787709,1,MEDIUM
0,0.5137825610126181,1,MEDIUM
0,0.5008733398952903,1,MEDIUM
0,0.4641657013744759,0,MEDIUM
0,0.49027707153122807,0,MEDIUM
0,0.42399251545913985,0,MEDIUM
0,0.5327814386707409,1,MEDIUM
0,0.4777377186870063,0,MEDIUM
0,0.4616718966012753,0,MEDIUM
0,0.460410896500128,0,MEDIUM
0,0.4774778821150514,0,MEDIUM
0,0.45406023258790273,0,MEDIUM
0,0.48724674113156463,0,MEDIUM
0,0.5634363351971883,1,MEDIUM
0,0.5018174385503051,1,MEDIUM
0,0.48353436435233954,0,MEDIUM
1,0.4985434551123867,0,MEDIUM
0,0.46462675345742205,0,MEDIUM
0,0.38921253980791287,0,MEDIUM
0,0.49511591853437487,0,MEDIUM
0,0.476263857148298,0,MEDIUM
0,0.5180215671071757,1,MEDIUM
0,0.46036577190923994,0,MEDIUM
0,0.5339901598963342,1,MEDIUM
0,0.5223271202959782,1,MEDIUM
1,0.4682997661221505,0,MEDIUM
0,0.46411124302817613,0,MEDIUM
0,0.49421601036250395,0,MEDIUM
0,0.5046914427983585,1,MEDIUM
0,0.4852942625038983,0,MEDIUM
0,0.5122615996754294,1,MEDIUM
1,0.4902150849473035,0,MEDIUM
0,0.5618491370674599,1,MEDIUM
0,0.5180619574621548,1,MEDIUM
0,0.4861000209230097,0,MEDIUM
0,0.5187238230313539,1,MEDIUM
0,0.526507938122845,1,MEDIUM
0,0.5239006834514441,1,MEDIUM
0,0.4712872672908637,0,MEDIUM
0,0.5030780337642429,1,MEDIUM
0,0.4814643563559144,0,MEDIUM
1,0.4104414943601431,0,MEDIUM
0,0.471089702842717,0,MEDIUM
0,0.44244652479897767,0,MEDIUM
1,0.4773874680746645,0,MEDIUM
0,0.4837771517083552,0,MEDIUM
0,0.5353473568248113,1,MEDIUM
0,0.5057913042434398,1,MEDIUM
0,0.4853804045499416,0,MEDIUM
0,0.5798047971124052,1,MEDIUM
0,0.461127184582375,0,MEDIUM
0,0.494419812911849,0,MEDIUM
0,0.5295458431673435,1,MEDIUM
0,0.47927558677297205,0,MEDIUM
0,0.49953185587582216,0,MEDIUM
0,0.5591319963200916,1,MEDIUM
0,0.49158247390816423,0,MEDIUM
0,0.4423565005651192,0,MEDIUM
0,0.5146431973661703,1,MEDIUM
0,0.45983125906901606,0,MEDIUM
0,0.4815582375337343,0,MEDIUM
0,0.4839435789164455,0,MEDIUM
0,0.43428092387190564,0,MEDIUM
0,0.480224254665431,0,MEDIUM
1,0.45414216639115357,0,MEDIUM
0,0.4732365712677061,0,MEDIUM
0,0.5223427657872873,1,MEDIUM
1,0.5122695146848372,1,MEDIUM
0,0.5253726735755724,1,MEDIUM
0,0.5033641174641409,1,MEDIUM
0,0.5112304771399334,1,MEDIUM
1,0.5710985121221059,1,MEDIUM
0,0.419709491379788,0,MEDIUM
0,0.44694193060715715,0,MEDIUM
1,0.5364869044508267,1,MEDIUM
0,0.5618522286393461,1,MEDIUM
0,0.48968806395405445,0,MEDIUM
0,0.49467009045323307,0,MEDIUM
0,0.5396932312090991,1,MEDIUM
0,0.4869496080249142,0,MEDIUM
1,0.5121723637431088,1,MEDIUM
0,0.48946519597009674,0,MEDIUM
0,0.45629523615066875,0,MEDIUM
0,0.5005852312734744,1,MEDIUM
0,0.4628326235482611,0,MEDIUM
0,0.4964030874075825,0,MEDIUM
0,0.48783698009460313,0,MEDIUM
1,0.5390931325766217,1,MEDIUM
1,0.4528874893647591,0,MEDIUM
0,0.5399735683668726,1,MEDIUM
0,0.5143980133552766,1,MEDIUM
1,0.47737305130653296,0,MEDIUM
0,0.4559647965145105,0,MEDIUM
0,0.5433395089128874,1,MEDIUM
0,0.5185792497873354,1,MEDIUM
1,0.5088752309487907,1,MEDIUM
0,0.5079019771159505,1,MEDIUM
0,0.42999735860478994,0,MEDIUM
0,0.5237347936176956,1,MEDIUM
0,0.5129691176967908,1,MEDIUM
0,0.5227742500922115,1,MEDIUM
0,0.5385831607516179,1,MEDIUM
0,0.47531663390773066,0,MEDIUM
1,0.5602933881704388,1,MEDIUM
0,0.4616199064709539,0,MEDIUM
0,0.4916966248242132,0,MEDIUM
0,0.5145446226299408,1,MEDIUM
0,0.44716598109254074,0,MEDIUM
0,0.5157122698961545,1,MEDIUM
0,0.5000613112384489,1,MEDIUM
0,0.4868378930414037,0,MEDIUM
0,0.503519290294427,1,MEDIUM
0,0.5053420810929478,1,MEDIUM
0,0.49889233706093844,0,MEDIUM
0,0.5202052350620712,1,MEDIUM
0,0.474991123456499,0,MEDIUM
0,0.4832455416155239,0,MEDIUM
0,0.5008726346958201,1,MEDIUM
0,0.48959211564947447,0,MEDIUM
0,0.5538029147969903,1,MEDIUM
0,0.46154107395691324,0,MEDIUM
0,0.5201935327426925,1,MEDIUM
0,0.5200867369869034,1,MEDIUM
0,0.5258867608106981,1,MEDIUM
1,0.4783714727773093,0,MEDIUM
0,0.44664969118563175,0,MEDIUM
0,0.4975611703266292,0,MEDIUM
0,0.47131563943684346,0,MEDIUM
0,0.5168114493288852,1,MEDIUM
0,0.5198715533799719,1,MEDIUM
1,0.5204801774382538,1,MEDIUM
0,0.47806312054609085,0,MEDIUM
0,0.5032257032884424,1,MEDIUM
1,0.4998468750737637,0,MEDIUM
0,0.4966390509742047,0,MEDIUM
0,0.4915909346950316,0,MEDIUM
0,0.5301126493418016,1,MEDIUM
0,0.5232205067750935,1,MEDIUM
0,0.4698906573106009,0,MEDIUM
0,0.500908628364458,1,MEDIUM
0,0.5042541273137302,1,MEDIUM
0,0.5275456149259794,1,MEDIUM
1,0.4407579349117538,0,MEDIUM
1,0.5185752626993442,1,MEDIUM
0,0.4392208475075147,0,MEDIUM
0,0.46562526266662624,0,MEDIUM
0,0.5156001222869045,1,MEDIUM
1,0.5018100066031362,1,MEDIUM
0,0.43907927877099945,0,MEDIUM
0,0.4675961113488668,0,MEDIUM
0,0.5111342728344404,1,MEDIUM
0,0.48369962022144825,0,MEDIUM
0,0.5006826219134912,1,MEDIUM
0,0.492951708949014,0,MEDIUM
0,0.4912609349617189,0,MEDIUM
0,0.5186741978429218,1,MEDIUM
0,0.5048875511282659,1,MEDIUM
1,0.516048624242257,1,MEDIUM
0,0.5161610945049177,1,MEDIUM
0,0.5214144344942291,1,MEDIUM
1,0.4427684070738136,0,MEDIUM
1,0.4907187081406982,0,MEDIUM
0,0.532085542545888,1,MEDIUM
0,0.45975360658320963,0,MEDIUM
0,0.5174906748520652,1,MEDIUM
1,0.44331592337540066,0,MEDIUM
0,0.5445762027043616,1,MEDIUM
0,0.4968396743923101,0,MEDIUM
0,0.5210275268368249,1,MEDIUM
0,0.5651343353168053,1,MEDIUM
0,0.5370440709628962,1,MEDIUM
0,0.5215753532230816,1,MEDIUM
0,0.498852194940629,0,MEDIUM
1,0.5477538565080318,1,MEDIUM
0,0.49500070997071216,0,MEDIUM
0,0.4731692606405542,0,MEDIUM
0,0.5333546311104957,1,MEDIUM
0,0.4641276577141863,0,MEDIUM
0,0.43377786393548345,0,MEDIUM
0,0.4743033230184982,0,MEDIUM
0,0.5277478703216384,1,MEDIUM
0,0.47403454615164337,0,MEDIUM
1,0.4910106290115583,0,MEDIUM
0,0.46129272726933884,0,MEDIUM
0,0.540892998846433,1,MEDIUM
0,0.5278576035716664,1,MEDIUM
0,0.44556749631914505,0,MEDIUM
0,0.4954196929815446,0,MEDIUM
0,0.5295453743577097,1,MEDIUM
0,0.4952794589942216,0,MEDIUM
0,0.4950404260239765,0,MEDIUM
0,0.5074885106455328,1,MEDIUM
0,0.4856497454765475,0,MEDIUM
0,0.49597045928534633,0,MEDIUM
0,0.5194523592515117,1,MEDIUM
0,0.4680616144311181,0,MEDIUM
0,0.5602037697723669,1,MEDIUM
0,0.48540057041621804,0,MEDIUM
0,0.4968381415629901,0,MEDIUM
0,0.47559783576808834,0,MEDIUM
0,0.5244833384299254,1,MEDIUM
0,0.507286745228259,1,MEDIUM
0,0.5075001798984428,1,MEDIUM
0,0.5577925279157241,1,MEDIUM
0,0.47953746019020854,0,MEDIUM
0,0.5278891789817922,1,MEDIUM
0,0.501227517742687,1,MEDIUM
0,0.5406714578022661,1,MEDIUM
0,0.5536823211313247,1,MEDIUM
1,0.5280154209674636,1,MEDIUM
0,0.500079950722519,1,MEDIUM
0,0.4783635216770842,0,MEDIUM
0,0.5433084287920708,1,MEDIUM
0,0.4928691599853653,0,MEDIUM
0,0.5381719660556934,1,MEDIUM
0,0.4463125165854558,0,MEDIUM
0,0.49080246417115064,0,MEDIUM
0,0.5232950174622693,1,MEDIUM
0,0.497392666137906,0,MEDIUM
0,0.510506776808521,1,MEDIUM
1,0.5077366638076112,1,MEDIUM
0,0.5269834382911812,1,MEDIUM
0,0.5450668293087237,1,MEDIUM
0,0.5201777661111435,1,MEDIUM
0,0.46827988026826856,0,MEDIUM
0,0.549253999923922,1,MEDIUM
0,0.4239059650060953,0,MEDIUM
0,0.4881172931980263,0,MEDIUM
0,0.4669683610292719,0,MEDIUM
0,0.46622432724366514,0,MEDIUM
1,0.5158400816629529,1,MEDIUM
1,0.48563757799061563,0,MEDIUM
0,0.5192321181734978,1,MEDIUM
0,0.49133618336862106,0,MEDIUM
0,0.512701835179333,1,MEDIUM
1,0.5295742678599844,1,MEDIUM
1,0.5278879636155804,1,MEDIUM
0,0.4752011894670694,0,MEDIUM
0,0.6014125209740827,1,HIGH
0,0.5193822866902351,1,MEDIUM
0,0.5330481277946352,1,MEDIUM
0,0.4156191493228127,0,MEDIUM
0,0.4922450272602429,0,MEDIUM
0,0.5321726137399679,1,MEDIUM
1,0.5771288705034062,1,MEDIUM
0,0.5222705581831105,1,MEDIUM
0,0.4940269986475959,0,MEDIUM
0,0.5250141918645558,1,MEDIUM
0,0.4413026189063056,0,MEDIUM
0,0.4833023331422001,0,MEDIUM
0,0.46963226982755213,0,MEDIUM
0,0.43131211204737324,0,MEDIUM
0,0.4969328484622364,0,MEDIUM
0,0.5624624092939523,1,MEDIUM
0,0.5378658484617216,1,MEDIUM
0,0.5265887621191386,1,MEDIUM
0,0.49734814567098257,0,MEDIUM
0,0.49255055665816694,0,MEDIUM
0,0.5089616367354802,1,MEDIUM
1,0.474884308133013,0,MEDIUM
0,0.5028192223282073,1,MEDIUM
0,0.49644727541783135,0,MEDIUM
0,0.5075833976419893,1,MEDIUM
1,0.47337272960142396,0,MEDIUM
0,0.4740882073502192,0,MEDIUM
0,0.48169560012201346,0,MEDIUM
0,0.5025108139211296,1,MEDIUM
0,0.5013737318886529,1,MEDIUM
1,0.5253318794952109,1,MEDIUM
0,0.49034096653212456,0,MEDIUM
0,0.4792963539825497,0,MEDIUM
1,0.5120964732712748,1,MEDIUM
0,0.5147160980610068,1,MEDIUM
0,0.4832590483317462,0,MEDIUM
0,0.5083276438921702,1,MEDIUM
0,0.4861251023022666,0,MEDIUM
0,0.4371150395551402,0,MEDIUM
0,0.53013671644718,1,MEDIUM
1,0.5114507661625712,1,MEDIUM
1,0.5077691950314579,1,MEDIUM
0,0.48597676351809777,0,MEDIUM
0,0.48135332107608436,0,MEDIUM
0,0.4565030929703445,0,MEDIUM
0,0.4726745669506543,0,MEDIUM
0,0.5121655584184233,1,MEDIUM
0,0.5185157419894604,1,MEDIUM
1,0.4477438014682789,0,MEDIUM
0,0.49210017954680313,0,MEDIUM
0,0.5451043009558723,1,MEDIUM
0,0.4425791082220739,0,MEDIUM
0,0.47546551521241476,0,MEDIUM
1,0.4972019747196807,0,MEDIUM
0,0.5154932731742036,1,MEDIUM
0,0.49346009317436274,0,MEDIUM
0,0.4464081598629655,0,MEDIUM
0,0.5034555773305208,1,MEDIUM
0,0.5738553162140216,1,MEDIUM
0,0.4831026585930366,0,MEDIUM
0,0.5566790291915146,1,MEDIUM
0,0.4906437714912846,0,MEDIUM
0,0.531836851482981,1,MEDIUM
0,0.4364277924372898,0,MEDIUM
0,0.5433064231428871,1,MEDIUM
1,0.4739353820758131,0,MEDIUM
0,0.5505693067496941,1,MEDIUM
0,0.46821035615728446,0,MEDIUM
0,0.5411199614102161,1,MEDIUM
0,0.5122996236810563,1,MEDIUM
0,0.4905695642922251,0,MEDIUM
1,0.4757422440769314,0,MEDIUM
1,0.47723274286602724,0,MEDIUM
0,0.4763673927941445,0,MEDIUM
0,0.49615345143795675,0,MEDIUM
0,0.48861109324234936,0,MEDIUM
0,0.49930897495719867,0,MEDIUM
0,0.4446039584214442,0,MEDIUM
0,0.5201828762327636,1,MEDIUM
0,0.5650379140601048,1,MEDIUM
0,0.4577709442255633,0,MEDIUM
1,0.525840732500249,1,MEDIUM
0,0.4935837322381816,0,MEDIUM
0,0.5191669215634569,1,MEDIUM
0,0.4933523463082265,0,MEDIUM
0,0.49311296056456266,0,MEDIUM
0,0.5327179744035143,1,MEDIUM
0,0.49720266593730705,0,MEDIUM
0,0.5181212163840838,1,MEDIUM
0,0.4642102303402332,0,MEDIUM
0,0.5045836875645429,1,MEDIUM
1,0.5352931156529656,1,MEDIUM
0,0.5024531148482005,1,MEDIUM
0,0.4831347065025598,0,MEDIUM
0,0.4876661410175021,0,MEDIUM
0,0.45694204068656413,0,MEDIUM
0,0.5213793989714637,1,MEDIUM
0,0.5013136715979452,1,MEDIUM
0,0.5349564502725508,1,MEDIUM
0,0.5080605215793893,1,MEDIUM
0,0.5039378934231185,1,MEDIUM
0,0.5119496446325398,1,MEDIUM
0,0.463045465977751,0,MEDIUM
0,0.47385679415811915,0,MEDIUM
1,0.5271890176131386,1,MEDIUM
1,0.47483153099349656,0,MEDIUM
0,0.451261492877297,0,MEDIUM
0,0.4773644725956832,0,MEDIUM
0,0.5154776639326597,1,MEDIUM
0,0.46759166343220415,0,MEDIUM
0,0.47771970300861477,0,MEDIUM
0,0.4924567780530738,0,MEDIUM
0,0.47223096483818666,0,MEDIUM
1,0.5090195941976075,1,MEDIUM
0,0.4498367984854008,0,MEDIUM
0,0.4944128482652173,0,MEDIUM
0,0.48608497595133315,0,MEDIUM
0,0.5013991592624775,1,MEDIUM
0,0.48647652397942726,0,MEDIUM
1,0.541537208232508,1,MEDIUM
0,0.4771633853796295,0,MEDIUM
0,0.43646089276831107,0,MEDIUM
1,0.47215560591575967,0,MEDIUM
0,0.4408941786950155,0,MEDIUM
0,0.4560193909017992,0,MEDIUM
0,0.5065380342756598,1,MEDIUM
0,0.5123258936912101,1,MEDIUM
0,0.4942406286214822,0,MEDIUM
0,0.5308401932417576,1,MEDIUM
0,0.46846063609321575,0,MEDIUM
0,0.5052618011910355,1,MEDIUM
1,0.5374929813538819,1,MEDIUM
1,0.49738491718020217,0,MEDIUM
0,0.5118002044682163,1,MEDIUM
0,0.5150273911107737,1,MEDIUM
0,0.49843021252425124,0,MEDIUM
0,0.4710512961254895,0,MEDIUM
0,0.49314126276848513,0,MEDIUM
0,0.5040612653617982,1,MEDIUM
0,0.4881955944510485,0,MEDIUM
0,0.4707018418567342,0,MEDIUM
0,0.531140892367608,1,MEDIUM
1,0.49823831752739456,0,MEDIUM
0,0.48043021260910085,0,MEDIUM
0,0.4480789211725136,0,MEDIUM
0,0.45375207717238725,0,MEDIUM
0,0.5360081858912727,1,MEDIUM
0,0.49811111622963344,0,MEDIUM
0,0.5126856236342509,1,MEDIUM
0,0.5127915999803535,1,MEDIUM
0,0.45882193263612214,0,MEDIUM
0,0.4513358464540854,0,MEDIUM
1,0.5230744426115941,1,MEDIUM
1,0.5117891950626507,1,MEDIUM
0,0.5207394046261301,1,MEDIUM
0,0.5202231411715982,1,MEDIUM
0,0.49792782213720477,0,MEDIUM
0,0.5007358721842873,1,MEDIUM
0,0.48332387873867155,0,MEDIUM
1,0.547728104459622,1,MEDIUM
0,0.48488166134967126,0,MEDIUM
1,0.45249574923603497,0,MEDIUM
0,0.4946753308049177,0,MEDIUM
0,0.5650030860055948,1,MEDIUM
1,0.5109955853963543,1,MEDIUM
0,0.48734513507150945,0,MEDIUM
0,0.5642000213340572,1,MEDIUM
0,0.5582177206182714,1,MEDIUM
1,0.5250842513749002,1,MEDIUM
0,0.49913547607003067,0,MEDIUM
0,0.5239498460006162,1,MEDIUM
0,0.4553056854699528,0,MEDIUM
0,0.5581517452924911,1,MEDIUM
0,0.49290826648686137,0,MEDIUM
1,0.4881113864228325,0,MEDIUM
0,0.4997505905556269,0,MEDIUM
0,0.45505153841356966,0,MEDIUM
0,0.5026658167823322,1,MEDIUM
0,0.5495135742865639,1,MEDIUM
0,0.5135979053526639,1,MEDIUM
0,0.4967969197713583,0,MEDIUM
0,0.4666978224496869,0,MEDIUM
0,0.4992555947728569,0,MEDIUM
0,0.5237729029967738,1,MEDIUM
1,0.47171591466320184,0,MEDIUM
0,0.4446186782154798,0,MEDIUM
0,0.5089146209074252,1,MEDIUM
0,0.5207609911283059,1,MEDIUM
0,0.46574851563552255,0,MEDIUM
0,0.5129637613273978,1,MEDIUM
1,0.534493538281504,1,MEDIUM
0,0.5027678591603711,1,MEDIUM
1,0.5007612203422311,1,MEDIUM
0,0.5682616913356549,1,MEDIUM
0,0.5269381293871113,1,MEDIUM
0,0.5554439903740834,1,MEDIUM
0,0.4864726609560244,0,MEDIUM
0,0.4346286922651458,0,MEDIUM
0,0.4632305108962458,0,MEDIUM
0,0.4773712561320441,0,MEDIUM
0,0.4444162747286701,0,MEDIUM
0,0.46094970458444046,0,MEDIUM
0,0.5183801099618653,1,MEDIUM
0,0.5689187133578251,1,MEDIUM
0,0.48040368797169214,0,MEDIUM
0,0.4584647188859374,0,MEDIUM
0,0.5053508437206568,1,MEDIUM
0,0.4754285525840561,0,MEDIUM
0,0.5212610653525794,1,MEDIUM
0,0.47899283375794033,0,MEDIUM
0,0.5125908457385048,1,MEDIUM
0,0.5141870315833796,1,MEDIUM
1,0.5393392413973812,1,MEDIUM
0,0.588497821441135,1,MEDIUM
1,0.49595912939253006,0,MEDIUM
0,0.5068949785829194,1,MEDIUM
0,0.5050043599231978,1,MEDIUM
0,0.48477637353949254,0,MEDIUM
0,0.4754928526853492,0,MEDIUM
0,0.525880758241971,1,MEDIUM
0,0.530955501072672,1,MEDIUM
0,0.47768375894694026,0,MEDIUM
1,0.5509048684978401,1,MEDIUM
0,0.5014781303946921,1,MEDIUM
1,0.4706144056962796,0,MEDIUM
0,0.4781008727092764,0,MEDIUM
0,0.5143928432427302,1,MEDIUM
0,0.44823608476314153,0,MEDIUM
0,0.492239562461927,0,MEDIUM
0,0.4785169817825891,0,MEDIUM
1,0.48909446378238197,0,MEDIUM
0,0.5227141281734584,1,MEDIUM
0,0.4845596987664465,0,MEDIUM
0,0.49959538110833956,0,MEDIUM
0,0.5177399778322911,1,MEDIUM
0,0.49824071528923036,0,MEDIUM
0,0.4798226582802572,0,MEDIUM
0,0.523941022085935,1,MEDIUM
1,0.5242652558261852,1,MEDIUM
0,0.4529528975897482,0,MEDIUM
0,0.486848998457904,0,MEDIUM
1,0.49684824513866105,0,MEDIUM
0,0.47979994029341183,0,MEDIUM
0,0.4408757343956009,0,MEDIUM
0,0.4642171243484498,0,MEDIUM
0,0.49130115274608643,0,MEDIUM
0,0.5040875692640304,1,MEDIUM
0,0.4843052919062237,0,MEDIUM
0,0.5239806970783792,1,MEDIUM
0,0.48828288037734674,0,MEDIUM
0,0.4930421647901438,0,MEDIUM
0,0.4294299121236495,0,MEDIUM
0,0.47888210052726327,0,MEDIUM
0,0.4608336243376404,0,MEDIUM
0,0.5365091755600518,1,MEDIUM
0,0.4953924608123817,0,MEDIUM
0,0.5383353795301997,1,MEDIUM
0,0.4543891219373494,0,MEDIUM
1,0.4610068396595262,0,MEDIUM
0,0.49421072954999623,0,MEDIUM
0,0.5032404292424185,1,MEDIUM
0,0.4558914262561445,0,MEDIUM
0,0.4861921271620664,0,MEDIUM
0,0.4975908916567721,0,MEDIUM
0,0.486666548889902,0,MEDIUM
0,0.5223343519057941,1,MEDIUM
0,0.46525726864601324,0,MEDIUM
0,0.4746216698832082,0,MEDIUM
0,0.4973849169847565,0,MEDIUM
0,0.5251045936390935,1,MEDIUM
0,0.5642689324511954,1,MEDIUM
0,0.5163658916434333,1,MEDIUM
0,0.4100540061124325,0,MEDIUM
0,0.4783918575376443,0,MEDIUM
0,0.5153814177673619,1,MEDIUM
0,0.48882974552304503,0,MEDIUM
0,0.5159313969553821,1,MEDIUM
1,0.5117532399148739,1,MEDIUM
0,0.5234601779830144,1,MEDIUM
1,0.5386785718046414,1,MEDIUM
0,0.49757691323593856,0,MEDIUM
0,0.5297871084959667,1,MEDIUM
0,0.4880279501911935,0,MEDIUM
0,0.5298057257774665,1,MEDIUM
0,0.4587833012417141,0,MEDIUM
0,0.5138219067298043,1,MEDIUM
0,0.5125564567323042,1,MEDIUM
0,0.5032824334651058,1,MEDIUM
0,0.460895303782534,0,MEDIUM
0,0.46940269209233176,0,MEDIUM
1,0.4966616125503882,0,MEDIUM
0,0.5469368624426046,1,MEDIUM
0,0.5301651246957289,1,MEDIUM
0,0.49655732254068696,0,MEDIUM
0,0.4831223427048753,0,MEDIUM
0,0.522687859549082,1,MEDIUM
0,0.5178577331267549,1,MEDIUM
0,0.5149349527572906,1,MEDIUM
0,0.4651472804767667,0,MEDIUM
0,0.5200938071726035,1,MEDIUM
0,0.4978471145765302,0,MEDIUM
0,0.5108171761124739,1,MEDIUM
1,0.5253044620307505,1,MEDIUM
0,0.4823883591922124,0,MEDIUM
0,0.5107769088888592,1,MEDIUM
0,0.538457868386642,1,MEDIUM
0,0.511300346142049,1,MEDIUM
0,0.4430148962404213,0,MEDIUM
0,0.48897265742166124,0,MEDIUM
0,0.5128061469974591,1,MEDIUM
1,0.44210578216749685,0,MEDIUM
0,0.4689006785388585,0,MEDIUM
0,0.5251623976827505,1,MEDIUM
0,0.5005565983001823,1,MEDIUM
0,0.44421092097547743,0,MEDIUM
0,0.48481596371880903,0,MEDIUM
1,0.5185517408929253,1,MEDIUM
0,0.4993401491015833,0,MEDIUM
0,0.4753820772539695,0,MEDIUM
0,0.47492148549689583,0,MEDIUM
0,0.52983359688981,1,MEDIUM
0,0.46879988060689604,0,MEDIUM
0,0.5020090433568586,1,MEDIUM
0,0.5049426574385788,1,MEDIUM
1,0.4966626760039839,0,MEDIUM
1,0.5319817700457592,1,MEDIUM
0,0.531289875199813,1,MEDIUM
0,0.4982501853952862,0,MEDIUM
0,0.5163265455642836,1,MEDIUM
0,0.5225003056826235,1,MEDIUM
0,0.5125065349039195,1,MEDIUM
1,0.5423735221750271,1,MEDIUM
0,0.4567861904517617,0,MEDIUM
0,0.5383241245182347,1,MEDIUM
1,0.45237339872809273,0,MEDIUM
0,0.5199772803807607,1,MEDIUM
0,0.5293044913360029,1,MEDIUM
1,0.5183965528562674,1,MEDIUM
0,0.5105664676187154,1,MEDIUM
0,0.5121676830024134,1,MEDIUM
0,0.4331475240054982,0,MEDIUM
0,0.5344389624612421,1,MEDIUM
1,0.48329509811762655,0,MEDIUM
0,0.49364313481594396,0,MEDIUM
0,0.49016613277784493,0,MEDIUM
0,0.4413119631626402,0,MEDIUM
0,0.5130029953862932,1,MEDIUM
0,0.4877393838694916,0,MEDIUM
0,0.46586867323421816,0,MEDIUM
0,0.5152011685415672,1,MEDIUM
0,0.5129050720536696,1,MEDIUM
0,0.507924658171204,1,MEDIUM
0,0.4981391548158298,0,MEDIUM
0,0.4776653149057354,0,MEDIUM
0,0.45779150966193843,0,MEDIUM
0,0.4612982240015249,0,MEDIUM
0,0.4593787736301367,0,MEDIUM
0,0.5310477949504154,1,MEDIUM
0,0.473600456380547,0,MEDIUM
0,0.5183512195325575,1,MEDIUM
0,0.5074090310481764,1,MEDIUM
0,0.5034234483216767,1,MEDIUM
0,0.5408547369775143,1,MEDIUM
0,0.442197004765548,0,MEDIUM
0,0.4771229925391349,0,MEDIUM
0,0.5020671552775003,1,MEDIUM
0,0.4798896272409798,0,MEDIUM
0,0.4814993930805205,0,MEDIUM
0,0.4645292426280126,0,MEDIUM
0,0.4423697365186619,0,MEDIUM
0,0.4991305537786287,0,MEDIUM
0,0.5070160619324657,1,MEDIUM
0,0.4704529654929061,0,MEDIUM
0,0.4894803645654964,0,MEDIUM
0,0.47580349132351046,0,MEDIUM
0,0.4309699395760707,0,MEDIUM
0,0.4878447156106547,0,MEDIUM
0,0.5251367814602701,1,MEDIUM
1,0.5530178765991024,1,MEDIUM
0,0.44337870274116603,0,MEDIUM
0,0.48235097250690756,0,MEDIUM
1,0.49569755196139936,0,MEDIUM
0,0.5327303854960231,1,MEDIUM
0,0.4980251767923063,0,MEDIUM
0,0.5144503318607236,1,MEDIUM
0,0.5487901119968202,1,MEDIUM
0,0.5431200906291752,1,MEDIUM
0,0.42739241696158226,0,MEDIUM
0,0.49646418047546853,0,MEDIUM
0,0.4979461322511024,0,MEDIUM
0,0.5062228017277367,1,MEDIUM
0,0.4991339076017204,0,MEDIUM
1,0.5309802385133834,1,MEDIUM
0,0.5140651601476155,1,MEDIUM
0,0.4974082498930351,0,MEDIUM
0,0.5385925491259489,1,MEDIUM
0,0.4978174890938616,0,MEDIUM
0,0.4557999461637493,0,MEDIUM
0,0.4535045886348033,0,MEDIUM
0,0.5047354563233123,1,MEDIUM
0,0.5106259665561549,1,MEDIUM
1,0.5224494673297834,1,MEDIUM
0,0.46784838105674664,0,MEDIUM
0,0.48479200167210584,0,MEDIUM
0,0.4633168449718471,0,MEDIUM
0,0.495672308062357,0,MEDIUM
0,0.48965297002485053,0,MEDIUM
0,0.49864098328251016,0,MEDIUM
0,0.5204469371672371,1,MEDIUM
0,0.520701078366333,1,MEDIUM
0,0.49802859456694537,0,MEDIUM
0,0.4862293171060588,0,MEDIUM
0,0.5162319883202494,1,MEDIUM
1,0.508247361729497,1,MEDIUM
0,0.5010942577844522,1,MEDIUM
0,0.5218319531033503,1,MEDIUM
0,0.4639711085718376,0,MEDIUM
0,0.533722794762409,1,MEDIUM
0,0.5127248376208717,1,MEDIUM
0,0.4950568845601196,0,MEDIUM
0,0.485385177473241,0,MEDIUM
0,0.5445005798074192,1,MEDIUM
0,0.4510866750998409,0,MEDIUM
0,0.4627932833246961,0,MEDIUM
0,0.555571023946091,1,MEDIUM
0,0.44780917799319964,0,MEDIUM
0,0.46678534551772044,0,MEDIUM
0,0.4929774033522634,0,MEDIUM
0,0.5056420077413818,1,MEDIUM
0,0.5158403718770688,1,MEDIUM
0,0.4545665099071072,0,MEDIUM
0,0.5344581857565688,1,MEDIUM
0,0.4804618198702753,0,MEDIUM
0,0.5078426468534432,1,MEDIUM
1,0.4558084383052031,0,MEDIUM
0,0.5480291315718284,1,MEDIUM
0,0.5238348393678681,1,MEDIUM
0,0.4755013617195402,0,MEDIUM
0,0.5090480317993824,1,MEDIUM
0,0.5001691240010375,1,MEDIUM
0,0.5063555999915723,1,MEDIUM
0,0.5275465346772723,1,MEDIUM
0,0.5288942312604376,1,MEDIUM
0,0.5446922481106995,1,MEDIUM
0,0.5324603327755832,1,MEDIUM
0,0.46850556985420394,0,MEDIUM
0,0.49986378774338547,0,MEDIUM
0,0.45171512922052615,0,MEDIUM
0,0.5345614018081687,1,MEDIUM
0,0.4906551080103461,0,MEDIUM
1,0.5261417930406331,1,MEDIUM
0,0.5142905569682558,1,MEDIUM
0,0.5172526270128971,1,MEDIUM
0,0.46780954895817495,0,MEDIUM
0,0.4845036571143976,0,MEDIUM
0,0.4753287024679529,0,MEDIUM
0,0.5056408441127697,1,MEDIUM
1,0.5031901940528478,1,MEDIUM
0,0.5236050480536455,1,MEDIUM
1,0.5279506688443096,1,MEDIUM
0,0.5580808967651966,1,MEDIUM
0,0.4670687543305001,0,MEDIUM
1,0.501988440060601,1,MEDIUM
0,0.4727189230126946,0,MEDIUM
0,0.4923412124223453,0,MEDIUM
0,0.5045075868348831,1,MEDIUM
0,0.4588886469851646,0,MEDIUM
0,0.5252224775521942,1,MEDIUM
0,0.506683039489738,1,MEDIUM
0,0.5246957602707105,1,MEDIUM
0,0.45090375705564717,0,MEDIUM
0,0.4848498768273248,0,MEDIUM
0,0.49424097399768596,0,MEDIUM
0,0.4501694723124061,0,MEDIUM
0,0.43657270809659093,0,MEDIUM
0,0.5500561522049062,1,MEDIUM
0,0.555124901907095,1,MEDIUM
0,0.4553768303786766,0,MEDIUM
0,0.5064466853265668,1,MEDIUM
0,0.5241971813475382,1,MEDIUM
0,0.51969580619924,1,MEDIUM
0,0.5363039608523475,1,MEDIUM
0,0.47861263980300295,0,MEDIUM
0,0.5106417650443557,1,MEDIUM
0,0.5277820258454577,1,MEDIUM
1,0.5181080809197374,1,MEDIUM
0,0.5212266573684712,1,MEDIUM
0,0.4932280096925484,0,MEDIUM
0,0.5070988846704537,1,MEDIUM
0,0.5475588708515893,1,MEDIUM
0,0.45869364025346754,0,MEDIUM
0,0.46723317955196536,0,MEDIUM
0,0.5163278764923288,1,MEDIUM
0,0.523764440350765,1,MEDIUM
0,0.4649157940424759,0,MEDIUM
0,0.4847137476018092,0,MEDIUM
0,0.5364451373477657,1,MEDIUM
0,0.45591150095359373,0,MEDIUM
0,0.5486022097351646,1,MEDIUM
0,0.4933628521065731,0,MEDIUM
1,0.5506038701521782,1,MEDIUM
0,0.542784291680977,1,MEDIUM
0,0.5098356792605996,1,MEDIUM
0,0.4606920718353652,0,MEDIUM
0,0.4782504084746774,0,MEDIUM
1,0.4947940844679922,0,MEDIUM
0,0.5318782729541451,1,MEDIUM
0,0.5292930938230526,1,MEDIUM
0,0.49172460831091896,0,MEDIUM
1,0.5239579382557094,1,MEDIUM
1,0.5359946247633791,1,MEDIUM
1,0.4836748370091342,0,MEDIUM
0,0.48609460264773713,0,MEDIUM
0,0.48070745349830324,0,MEDIUM
0,0.4717356477354608,0,MEDIUM
0,0.4971624456838462,0,MEDIUM
0,0.4403277061056568,0,MEDIUM
0,0.5138874667726663,1,MEDIUM
0,0.49505429820904145,0,MEDIUM
0,0.4924064429546828,0,MEDIUM
0,0.5235704487505959,1,MEDIUM
0,0.5144853956797781,1,MEDIUM
0,0.5059795801347047,1,MEDIUM
0,0.4901830867367403,0,MEDIUM
0,0.5251289283531709,1,MEDIUM
0,0.5169052355611531,1,MEDIUM
0,0.5397119494730492,1,MEDIUM
0,0.4339132604771896,0,MEDIUM
0,0.4462951197496329,0,MEDIUM
0,0.5248740506524319,1,MEDIUM
0,0.5531979450216203,1,MEDIUM
0,0.5320969787985973,1,MEDIUM
0,0.5394748564976714,1,MEDIUM
0,0.4666828732648248,0,MEDIUM
0,0.45963766625118035,0,MEDIUM
0,0.4551329262069927,0,MEDIUM
0,0.5420524918582215,1,MEDIUM
0,0.5253255587669621,1,MEDIUM
1,0.50099481602895,1,MEDIUM
0,0.4700209220918621,0,MEDIUM
0,0.5419134203197642,1,MEDIUM
1,0.4379862586477216,0,MEDIUM
0,0.5367268803920308,1,MEDIUM
0,0.5285861898883386,1,MEDIUM
0,0.48551699189203906,0,MEDIUM
0,0.47598200962430776,0,MEDIUM
1,0.47120343564341216,0,MEDIUM
1,0.49648954792646294,0,MEDIUM
0,0.4581847883097071,0,MEDIUM
1,0.4701338267953102,0,MEDIUM
0,0.5495956419085832,1,MEDIUM
0,0.5212921670433478,1,MEDIUM
0,0.5996797500983404,1,MEDIUM
0,0.5031937609195165,1,MEDIUM
0,0.47936525590379986,0,MEDIUM
0,0.45341386857206195,0,MEDIUM
0,0.4789957139212205,0,MEDIUM
0,0.5312512284556126,1,MEDIUM
0,0.4880032236180701,0,MEDIUM
0,0.4060708085522954,0,MEDIUM
0,0.4648388456237476,0,MEDIUM
1,0.5427083992794993,1,MEDIUM
0,0.4255083674113065,0,MEDIUM
0,0.5387104684575403,1,MEDIUM
0,0.5399575127919478,1,MEDIUM
1,0.5237825772611349,1,MEDIUM
0,0.4836775241870249,0,MEDIUM
0,0.4682422999440442,0,MEDIUM
0,0.4912811249343747,0,MEDIUM
0,0.5229393115281283,1,MEDIUM
0,0.5079212967074556,1,MEDIUM
0,0.49175408013982547,0,MEDIUM
0,0.4616029313152243,0,MEDIUM
0,0.517420347244623,1,MEDIUM
0,0.4402776523247802,0,MEDIUM
0,0.5303565822819386,1,MEDIUM
0,0.5772728748338665,1,MEDIUM
0,0.4937682136370431,0,MEDIUM
0,0.5057301482470489,1,MEDIUM
0,0.5191152445061085,1,MEDIUM
0,0.5038903667781819,1,MEDIUM
0,0.48045954672314156,0,MEDIUM
0,0.5243904763177051,1,MEDIUM
0,0.5068840581969103,1,MEDIUM
0,0.528417351772101,1,MEDIUM
1,0.5277944901878453,1,MEDIUM
0,0.4382250939284846,0,MEDIUM
0,0.5384061908357254,1,MEDIUM
0,0.5066918535159579,1,MEDIUM
0,0.5180327432893315,1,MEDIUM
0,0.4912476146897013,0,MEDIUM
0,0.47654347653378365,0,MEDIUM
1,0.47942206697926537,0,MEDIUM
0,0.5201604266447829,1,MEDIUM
0,0.48238574111242916,0,MEDIUM
0,0.5025514062673114,1,MEDIUM
1,0.48112710102823625,0,MEDIUM
0,0.49188388239459513,0,MEDIUM
0,0.5032357469956235,1,MEDIUM
0,0.49260938351372696,0,MEDIUM
1,0.4109282640952808,0,MEDIUM
1,0.46374655664723874,0,MEDIUM
0,0.5073267044619427,1,MEDIUM
0,0.4956405049815811,0,MEDIUM
0,0.5205352788662003,1,MEDIUM
0,0.5090395215234387,1,MEDIUM
0,0.5199525574089781,1,MEDIUM
0,0.5160939207723203,1,MEDIUM
0,0.5142828497757823,1,MEDIUM
0,0.42963445720867904,0,MEDIUM
0,0.46494517573060373,0,MEDIUM
0,0.4676880843888155,0,MEDIUM
0,0.46363380015734046,0,MEDIUM
0,0.4698904039307443,0,MEDIUM
0,0.45805675165667614,0,MEDIUM
0,0.4802275714413004,0,MEDIUM
0,0.4603851547675773,0,MEDIUM
0,0.5063803302583285,1,MEDIUM
0,0.55178791206653,1,MEDIUM
0,0.501009022736738,1,MEDIUM
0,0.5199688652130566,1,MEDIUM
0,0.4658896040536045,0,MEDIUM
0,0.4752876287153407,0,MEDIUM
0,0.5126799542158113,1,MEDIUM
1,0.46233454868211943,0,MEDIUM
0,0.45832636420590145,0,MEDIUM
0,0.48428153799781015,0,MEDIUM
0,0.46217323942650296,0,MEDIUM
0,0.5124870207224737,1,MEDIUM
0,0.5081984815069458,1,MEDIUM
0,0.44960067027441397,0,MEDIUM
0,0.5139937431414263,1,MEDIUM
0,0.46001728170386547,0,MEDIUM
0,0.46602670132521395,0,MEDIUM
0,0.5265399172857985,1,MEDIUM
0,0.5318535757875219,1,MEDIUM
0,0.5282485484228309,1,MEDIUM
0,0.5201840375852486,1,MEDIUM
0,0.5077946181220947,1,MEDIUM
0,0.4339745891098607,0,MEDIUM
0,0.5362262663430177,1,MEDIUM
0,0.5676452133748737,1,MEDIUM
0,0.5465117659379585,1,MEDIUM
0,0.4631972125403136,0,MEDIUM
0,0.5149778221122522,1,MEDIUM
0,0.5070581284223544,1,MEDIUM
0,0.5126011715982819,1,MEDIUM
0,0.4933287960511896,0,MEDIUM
0,0.4655964258786777,0,MEDIUM
0,0.6044697677512537,1,HIGH
0,0.5071879300219851,1,MEDIUM
0,0.4757571934386898,0,MEDIUM
0,0.507994669723076,1,MEDIUM
0,0.5333480295326596,1,MEDIUM
0,0.46222677772006987,0,MEDIUM
0,0.5079695288956908,1,MEDIUM
1,0.45284645610568686,0,MEDIUM
1,0.5106741873426435,1,MEDIUM
0,0.47786322714169144,0,MEDIUM
1,0.5164958866754861,1,MEDIUM
0,0.4652968573716116,0,MEDIUM
0,0.4949654942769317,0,MEDIUM
1,0.5145035533883409,1,MEDIUM
0,0.5500708148020631,1,MEDIUM
0,0.5141182129418403,1,MEDIUM
0,0.5264571573063267,1,MEDIUM
0,0.538585311722776,1,MEDIUM
1,0.5647922305579063,1,MEDIUM
0,0.5313375650237852,1,MEDIUM
0,0.5054291172459143,1,MEDIUM
1,0.4872649875443827,0,MEDIUM
0,0.437692739104608,0,MEDIUM
0,0.5146080051031363,1,MEDIUM
0,0.4944003815339032,0,MEDIUM
0,0.510307125544211,1,MEDIUM
0,0.4848511547935976,0,MEDIUM
0,0.5103452069251274,1,MEDIUM
0,0.5153829919976759,1,MEDIUM
0,0.4760526667629236,0,MEDIUM
0,0.5023252008045951,1,MEDIUM
0,0.4758945643263965,0,MEDIUM
0,0.4938916167724965,0,MEDIUM
0,0.47363431856711696,0,MEDIUM
0,0.47807371805769916,0,MEDIUM
0,0.5175677132553107,1,MEDIUM
0,0.4827419051539323,0,MEDIUM
1,0.48869611632033616,0,MEDIUM
1,0.514167530179018,1,MEDIUM
0,0.453930219438644,0,MEDIUM
0,0.5152823759594807,1,MEDIUM
0,0.5655223161305745,1,MEDIUM
0,0.42124952088109596,0,MEDIUM
0,0.49951748325456696,0,MEDIUM
0,0.4616873897470547,0,MEDIUM
0,0.5034981041396157,1,MEDIUM
0,0.5131147370509911,1,MEDIUM
0,0.4724291338194656,0,MEDIUM
0,0.5063451691708953,1,MEDIUM
0,0.5544556920937382,1,MEDIUM
0,0.42462876190185084,0,MEDIUM
0,0.4850799835849277,0,MEDIUM
0,0.4732781455023702,0,MEDIUM
0,0.5092373991483256,1,MEDIUM
0,0.47323908860269687,0,MEDIUM
0,0.5279439373314407,1,MEDIUM
0,0.5212740723306825,1,MEDIUM
0,0.5126446473153703,1,MEDIUM
0,0.41329484897009255,0,MEDIUM
0,0.5094035345309581,1,MEDIUM
0,0.518987306046527,1,MEDIUM
0,0.49090172067185994,0,MEDIUM
1,0.419751631795069,0,MEDIUM
0,0.4726615168883932,0,MEDIUM
0,0.5389614802393534,1,MEDIUM
0,0.4855492025913401,0,MEDIUM
0,0.5052027254241566,1,MEDIUM
0,0.5127361824273626,1,MEDIUM
0,0.5227118432339116,1,MEDIUM
0,0.5541428595762079,1,MEDIUM
0,0.5143631334672325,1,MEDIUM
0,0.5584725623346889,1,MEDIUM
0,0.5139428275882806,1,MEDIUM
0,0.48327664479278143,0,MEDIUM
0,0.5178930205802175,1,MEDIUM
0,0.5057365048673924,1,MEDIUM
0,0.5452979183879175,1,MEDIUM
0,0.43966011132305866,0,MEDIUM
0,0.46561675535777775,0,MEDIUM
0,0.5219171931272368,1,MEDIUM
0,0.42627866479535986,0,MEDIUM
0,0.47111631087778344,0,MEDIUM
0,0.4597453325489201,0,MEDIUM
0,0.47948413900080133,0,MEDIUM
0,0.4810495526359591,0,MEDIUM
0,0.5051692827665324,1,MEDIUM
0,0.4773286850857043,0,MEDIUM
0,0.4683271844111947,0,MEDIUM
1,0.4704010658024634,0,MEDIUM
0,0.5243501458812174,1,MEDIUM
0,0.45413586236557096,0,MEDIUM
1,0.48822924211238183,0,MEDIUM
0,0.4536479325727029,0,MEDIUM
0,0.4780905826857887,0,MEDIUM
0,0.49966231723982035,0,MEDIUM
1,0.5082740936865187,1,MEDIUM
0,0.4984649738593166,0,MEDIUM
0,0.502078886202167,1,MEDIUM
0,0.4814844540911068,0,MEDIUM
0,0.522298885880861,1,MEDIUM
1,0.45429174335877254,0,MEDIUM
0,0.4857819018201012,0,MEDIUM
1,0.5102031691207736,1,MEDIUM
0,0.48549909145807535,0,MEDIUM
0,0.4411853857566256,0,MEDIUM
0,0.4997716630266686,0,MEDIUM
0,0.5015582553820411,1,MEDIUM
0,0.42359760008868436,0,MEDIUM
0,0.48080053435934994,0,MEDIUM
0,0.49114827308507425,0,MEDIUM
0,0.4955413310184627,0,MEDIUM
0,0.5322872239096843,1,MEDIUM
0,0.5142799354562522,1,MEDIUM
1,0.474764023536232,0,MEDIUM
0,0.4814859521185927,0,MEDIUM
0,0.4887486653815063,0,MEDIUM
0,0.5062397763388541,1,MEDIUM
0,0.4477022192851502,0,MEDIUM
0,0.5127872516611814,1,MEDIUM
0,0.5539756659302795,1,MEDIUM
0,0.4670721406887274,0,MEDIUM
0,0.5014625629845455,1,MEDIUM
0,0.5395525072461177,1,MEDIUM
0,0.4874170677873556,0,MEDIUM
0,0.5756233500795698,1,MEDIUM
0,0.4571679146105726,0,MEDIUM
0,0.5107655700296622,1,MEDIUM
0,0.48291032931077,0,MEDIUM
0,0.5366347022108483,1,MEDIUM
0,0.4593783450723644,0,MEDIUM
0,0.5217094830621708,1,MEDIUM
0,0.514509585185612,1,MEDIUM
0,0.5369538118835584,1,MEDIUM
0,0.5081651166296952,1,MEDIUM
0,0.5186034468265474,1,MEDIUM
0,0.5203881810972493,1,MEDIUM
0,0.4994300047760114,0,MEDIUM
0,0.479539818606346,0,MEDIUM
0,0.4887913502125985,0,MEDIUM
0,0.5141925662369813,1,MEDIUM
0,0.479539623739931,0,MEDIUM
0,0.5198258686038154,1,MEDIUM
0,0.4672582157006229,0,MEDIUM
0,0.485202871449904,0,MEDIUM
0,0.4433776277732594,0,MEDIUM
0,0.5395649746112874,1,MEDIUM
1,0.504804322682881,1,MEDIUM
0,0.4778116384367902,0,MEDIUM
0,0.43253388413123683,0,MEDIUM
1,0.4727501490778691,0,MEDIUM
0,0.485309683389597,0,MEDIUM
1,0.5363558508539041,1,MEDIUM
0,0.5050005375517564,1,MEDIUM
0,0.48378129969550354,0,MEDIUM
0,0.49290045437858204,0,MEDIUM
0,0.4712782235567114,0,MEDIUM
0,0.4916382664609784,0,MEDIUM
0,0.531233048185037,1,MEDIUM
0,0.47732985810895673,0,MEDIUM
0,0.48180001846113946,0,MEDIUM
0,0.49044102600020745,0,MEDIUM
0,0.5015587800716408,1,MEDIUM
1,0.48098198204591364,0,MEDIUM
0,0.4938102979762893,0,MEDIUM
0,0.5027492241398881,1,MEDIUM
0,0.5081200507713239,1,MEDIUM
0,0.5075236377791746,1,MEDIUM
0,0.5166339567088336,1,MEDIUM
0,0.5329133442015136,1,MEDIUM
0,0.552823161121596,1,MEDIUM
0,0.49950955254489876,0,MEDIUM
1,0.46821914529203257,0,MEDIUM
0,0.49097949606887376,0,MEDIUM
0,0.5066668830951978,1,MEDIUM
0,0.5032608295791602,1,MEDIUM
0,0.5103850425578934,1,MEDIUM
0,0.43257016978210205,0,MEDIUM
0,0.5025928750619632,1,MEDIUM
0,0.4375097870224929,0,MEDIUM
0,0.5044769952902153,1,MEDIUM
0,0.5245319151558994,1,MEDIUM
0,0.5530882953618869,1,MEDIUM
0,0.47349386825452333,0,MEDIUM
0,0.5097635052538164,1,MEDIUM
0,0.5084366097744847,1,MEDIUM
0,0.4578478524912641,0,MEDIUM
0,0.5221143506649575,1,MEDIUM
0,0.44813043136698966,0,MEDIUM
1,0.4660932809963777,0,MEDIUM
0,0.5350131715415247,1,MEDIUM
0,0.5081543916394846,1,MEDIUM
0,0.46578863370597223,0,MEDIUM
0,0.48308057182840064,0,MEDIUM
0,0.4527780453600876,0,MEDIUM
0,0.5558425106315029,1,MEDIUM
1,0.4879647652373553,0,MEDIUM
0,0.5352043069288288,1,MEDIUM
1,0.4740451431539358,0,MEDIUM
0,0.511455752133476,1,MEDIUM
0,0.5385987848116631,1,MEDIUM
0,0.508598137988803,1,MEDIUM
0,0.48069402355972307,0,MEDIUM
0,0.4374870703480862,0,MEDIUM
0,0.4589459068658534,0,MEDIUM
0,0.5621055343812921,1,MEDIUM
0,0.513707454120167,1,MEDIUM
0,0.5056034308323623,1,MEDIUM
1,0.5239033505215466,1,MEDIUM
0,0.5448770040968611,1,MEDIUM
0,0.5275849458103709,1,MEDIUM
0,0.47769636195059956,0,MEDIUM
0,0.5030635545997252,1,MEDIUM
0,0.49683714619263997,0,MEDIUM
0,0.5055440776539825,1,MEDIUM
0,0.5094499902717186,1,MEDIUM
0,0.4720825790963319,0,MEDIUM
0,0.45863749187897734,0,MEDIUM
0,0.5251435745951112,1,MEDIUM
0,0.5003067787621753,1,MEDIUM
0,0.5435929109889396,1,MEDIUM
1,0.5094116201500425,1,MEDIUM
0,0.5552194901339328,1,MEDIUM
0,0.5244467552206641,1,MEDIUM
0,0.5188124303509222,1,MEDIUM
0,0.5597262147542573,1,MEDIUM
0,0.49048235628613723,0,MEDIUM
0,0.5038443342426292,1,MEDIUM
0,0.4711524745176161,0,MEDIUM
0,0.47248017605486853,0,MEDIUM
0,0.5102518410936976,1,MEDIUM
0,0.44597185145490414,0,MEDIUM
0,0.4681882805934122,0,MEDIUM
0,0.5044063425361409,1,MEDIUM
0,0.4745009291604711,0,MEDIUM
0,0.5340508295103663,1,MEDIUM
0,0.567614308700035,1,MEDIUM
0,0.5254164947306716,1,MEDIUM
0,0.4724342834199935,0,MEDIUM
0,0.5146808692953808,1,MEDIUM
1,0.5094103627466411,1,MEDIUM
0,0.4605246197079651,0,MEDIUM
0,0.5323886276617492,1,MEDIUM
0,0.46703481977756384,0,MEDIUM
0,0.4784014005671805,0,MEDIUM
1,0.5323950273395056,1,MEDIUM
1,0.5263232380950853,1,MEDIUM
0,0.45349097071966177,0,MEDIUM
0,0.5435759710541785,1,MEDIUM
0,0.48880973093558366,0,MEDIUM
0,0.5213308182760423,1,MEDIUM
0,0.5305829880185879,1,MEDIUM
0,0.5203434705084512,1,MEDIUM
0,0.5150012773917989,1,MEDIUM
0,0.5140696979321905,1,MEDIUM
0,0.5031917959163,1,MEDIUM
0,0.4881170697127718,0,MEDIUM
0,0.5330875073396898,1,MEDIUM
0,0.4599197307779795,0,MEDIUM
0,0.5681347166374702,1,MEDIUM
0,0.5093275904371449,1,MEDIUM
0,0.5113361698498807,1,MEDIUM
0,0.5263878813286786,1,MEDIUM
0,0.4851938951224022,0,MEDIUM
0,0.5504423386124483,1,MEDIUM
0,0.5006515602706119,1,MEDIUM
0,0.46088702298342715,0,MEDIUM
0,0.5150502847100342,1,MEDIUM
0,0.5255112728580397,1,MEDIUM
0,0.4988274707243745,0,MEDIUM
0,0.5004490708738294,1,MEDIUM
0,0.48028223225890165,0,MEDIUM
0,0.48620617719733344,0,MEDIUM
0,0.49064156900351086,0,MEDIUM
0,0.5082837624271938,1,MEDIUM
0,0.47212763572586597,0,MEDIUM
0,0.4886710867812229,0,MEDIUM
0,0.48208489232083457,0,MEDIUM
0,0.5418249425510012,1,MEDIUM
0,0.5359254345373385,1,MEDIUM
0,0.46016401544325225,0,MEDIUM
0,0.4680320727519803,0,MEDIUM
0,0.504425235961635,1,MEDIUM
0,0.4804551669796204,0,MEDIUM
0,0.5000054364080202,1,MEDIUM
0,0.5269575931400361,1,MEDIUM
1,0.4640199705474119,0,MEDIUM
0,0.49346822294702947,0,MEDIUM
0,0.4916801068814243,0,MEDIUM
0,0.5451510859882583,1,MEDIUM
0,0.46729030946463873,0,MEDIUM
0,0.42614482099395584,0,MEDIUM
0,0.5060683574175788,1,MEDIUM
0,0.4781271320954012,0,MEDIUM
0,0.49508203870339573,0,MEDIUM
0,0.47413629163333276,0,MEDIUM
0,0.49236876705076527,0,MEDIUM
0,0.5107215163945901,1,MEDIUM
0,0.5097270193637382,1,MEDIUM
0,0.5327775792034244,1,MEDIUM
0,0.46397359037982727,0,MEDIUM
0,0.5070549743267398,1,MEDIUM
1,0.5157330864871751,1,MEDIUM
0,0.5452641235675905,1,MEDIUM
1,0.49422955264084545,0,MEDIUM
0,0.454105054461167,0,MEDIUM
0,0.547694082714819,1,MEDIUM
0,0.4909967205535236,0,MEDIUM
1,0.5070685803169093,1,MEDIUM
0,0.5039791836625921,1,MEDIUM
0,0.5549412222574092,1,MEDIUM
1,0.4881893984063975,0,MEDIUM
0,0.5194070879348663,1,MEDIUM
0,0.500788211156264,1,MEDIUM
0,0.5567788026920273,1,MEDIUM
0,0.49750332507287715,0,MEDIUM
0,0.5354979025120101,1,MEDIUM
0,0.4560098065334984,0,MEDIUM
0,0.4845530272455119,0,MEDIUM
0,0.4566707013335272,0,MEDIUM
0,0.4834876527904805,0,MEDIUM
0,0.5046821512965607,1,MEDIUM
0,0.4883381480668672,0,MEDIUM
0,0.4751501243720745,0,MEDIUM
0,0.4808927811688741,0,MEDIUM
0,0.4839982004201949,0,MEDIUM
1,0.5452866883455655,1,MEDIUM
0,0.5165716155331617,1,MEDIUM
0,0.4919916405983425,0,MEDIUM
0,0.46810786950821176,0,MEDIUM
0,0.4312992950542908,0,MEDIUM
0,0.4691474911696523,0,MEDIUM
0,0.519601745719639,1,MEDIUM
0,0.5009995320444764,1,MEDIUM
1,0.45336455938946,0,MEDIUM
0,0.4564265846627656,0,MEDIUM
0,0.5478986625928681,1,MEDIUM
0,0.4841426650235947,0,MEDIUM
1,0.5158042593539874,1,MEDIUM
0,0.4905619532259843,0,MEDIUM
1,0.5590794188709075,1,MEDIUM
0,0.5120884055391695,1,MEDIUM
0,0.5408794038560282,1,MEDIUM
0,0.5179736317527486,1,MEDIUM
0,0.46872848109480564,0,MEDIUM
0,0.48003417906389223,0,MEDIUM
0,0.5395639823789713,1,MEDIUM
0,0.49740792192307753,0,MEDIUM
0,0.46193474039623544,0,MEDIUM
0,0.47161091305561414,0,MEDIUM
0,0.48985126313735133,0,MEDIUM
0,0.45816578636109523,0,MEDIUM
0,0.5079027649153213,1,MEDIUM
0,0.5271395584616563,1,MEDIUM
0,0.547452335163611,1,MEDIUM
0,0.5145510142836967,1,MEDIUM
1,0.5645773038695605,1,MEDIUM
0,0.5267223198264108,1,MEDIUM
0,0.47366127957821663,0,MEDIUM
0,0.5481090929332058,1,MEDIUM
0,0.5227372633346231,1,MEDIUM
0,0.5138298159074255,1,MEDIUM
1,0.4857782828105951,0,MEDIUM
0,0.5451043896091491,1,MEDIUM
0,0.45314899227353894,0,MEDIUM
0,0.46965575209713634,0,MEDIUM
0,0.5090790927623087,1,MEDIUM
0,0.48642618946531596,0,MEDIUM
0,0.5153389351065174,1,MEDIUM
1,0.5355192605836367,1,MEDIUM
0,0.53393615055109,1,MEDIUM
0,0.5143274471373648,1,MEDIUM
1,0.5175911089196702,1,MEDIUM
1,0.5353817120698003,1,MEDIUM
0,0.48334323931442463,0,MEDIUM
0,0.5271698920044892,1,MEDIUM
0,0.5196911534048582,1,MEDIUM
0,0.5144870569602398,1,MEDIUM
1,0.4944813389574662,0,MEDIUM
0,0.4996516228847928,0,MEDIUM
1,0.45308378481449224,0,MEDIUM
0,0.5430524090587607,1,MEDIUM
0,0.5112488806714698,1,MEDIUM
0,0.47989772833889016,0,MEDIUM
0,0.4946732524342959,0,MEDIUM
0,0.4750007342071325,0,MEDIUM
0,0.47439871411911516,0,MEDIUM
0,0.4910630607481166,0,MEDIUM
0,0.48550016071444685,0,MEDIUM
0,0.5102801013042063,1,MEDIUM
0,0.5260935473669135,1,MEDIUM
0,0.5347281035827118,1,MEDIUM
0,0.5929958572404136,1,MEDIUM
0,0.47718021418437007,0,MEDIUM
0,0.48011312690576874,0,MEDIUM
0,0.4936345158348462,0,MEDIUM
0,0.46465564864594394,0,MEDIUM
0,0.4635263452550724,0,MEDIUM
0,0.5255870716050524,1,MEDIUM
0,0.48918234669352745,0,MEDIUM
0,0.5569811185661437,1,MEDIUM
1,0.501702913081964,1,MEDIUM
0,0.500366521403543,1,MEDIUM
0,0.5278521172169873,1,MEDIUM
0,0.5131622731988204,1,MEDIUM
0,0.42197109370964414,0,MEDIUM
0,0.5121860552541502,1,MEDIUM
0,0.5438085261162098,1,MEDIUM
0,0.5090845781858745,1,MEDIUM
0,0.5048606065571022,1,MEDIUM
0,0.4921202631400927,0,MEDIUM
0,0.5260199665310584,1,MEDIUM
0,0.4459317276968891,0,MEDIUM
0,0.5336514493340523,1,MEDIUM
0,0.48482890171882914,0,MEDIUM
0,0.46917521750290575,0,MEDIUM
0,0.5153570767521138,1,MEDIUM
0,0.5055954331254501,1,MEDIUM
0,0.5273962699555251,1,MEDIUM
0,0.4844382920172726,0,MEDIUM
0,0.495030801230205,0,MEDIUM
0,0.4729323167369443,0,MEDIUM
0,0.4840111844999993,0,MEDIUM
0,0.4563299364678071,0,MEDIUM
0,0.46943449412833965,0,MEDIUM
0,0.48775330183090554,0,MEDIUM
0,0.49912571740824463,0,MEDIUM
0,0.4960764411471014,0,MEDIUM
0,0.5348234115752011,1,MEDIUM
0,0.48238358989402,0,MEDIUM
0,0.47611775214164204,0,MEDIUM
0,0.5109133823083204,1,MEDIUM
0,0.47499244523697276,0,MEDIUM
0,0.47832870283095363,0,MEDIUM
1,0.543178366911839,1,MEDIUM
1,0.5294649308544426,1,MEDIUM
0,0.5271451175393833,1,MEDIUM
0,0.5195393280849874,1,MEDIUM
0,0.49051196824594384,0,MEDIUM
0,0.5163339609461797,1,MEDIUM
0,0.5096064081684823,1,MEDIUM
0,0.49126656204666147,0,MEDIUM
0,0.4912757427628672,0,MEDIUM
0,0.4683879023262747,0,MEDIUM
0,0.4596652972196228,0,MEDIUM
1,0.514754052381084,1,MEDIUM
0,0.45297192616151916,0,MEDIUM
0,0.5143361521358278,1,MEDIUM
0,0.5471635268694346,1,MEDIUM
0,0.4955498211402474,0,MEDIUM
0,0.564809517753351,1,MEDIUM
0,0.5221557530732545,1,MEDIUM
0,0.4940371833163285,0,MEDIUM
0,0.49327943903492094,0,MEDIUM
0,0.49070885508532136,0,MEDIUM
1,0.5127096115468665,1,MEDIUM
0,0.5234290591135009,1,MEDIUM
0,0.47639088294831583,0,MEDIUM
0,0.4229252412676862,0,MEDIUM
0,0.4597828740541745,0,MEDIUM
0,0.5329110949610466,1,MEDIUM
0,0.5345484420729799,1,MEDIUM
0,0.4777237378816644,0,MEDIUM
0,0.4718431492472694,0,MEDIUM
0,0.5181976361970809,1,MEDIUM
0,0.5184035372108392,1,MEDIUM
0,0.5023690538073389,1,MEDIUM
0,0.49990336321759193,0,MEDIUM
0,0.4735200504991141,0,MEDIUM
1,0.5094703807298986,1,MEDIUM
0,0.43127584999762786,0,MEDIUM
0,0.5089794232807655,1,MEDIUM
1,0.5048981998141169,1,MEDIUM
0,0.5029067954798028,1,MEDIUM
0,0.5116086993198662,1,MEDIUM
0,0.5257207336103271,1,MEDIUM
0,0.5221867260472826,1,MEDIUM
0,0.5091093773747638,1,MEDIUM
0,0.4175165269248078,0,MEDIUM
1,0.5521425806360386,1,MEDIUM
0,0.5354705340164928,1,MEDIUM
0,0.4902939496219917,0,MEDIUM
0,0.46652530744623993,0,MEDIUM
0,0.49720465318697454,0,MEDIUM
1,0.45295750201535534,0,MEDIUM
0,0.5629994180995203,1,MEDIUM
1,0.5501826353308524,1,MEDIUM
0,0.5194678260522549,1,MEDIUM
0,0.5239457157835801,1,MEDIUM
0,0.5079436392250697,1,MEDIUM
0,0.5352465954088894,1,MEDIUM
1,0.5053519293971269,1,MEDIUM
0,0.499797745430488,0,MEDIUM
0,0.4531346875282041,0,MEDIUM
0,0.5069545752865113,1,MEDIUM
0,0.4857747256275105,0,MEDIUM
0,0.48832929919832835,0,MEDIUM
1,0.5038577053273078,1,MEDIUM
0,0.5098864436073816,1,MEDIUM
0,0.48537890380280246,0,MEDIUM
0,0.527030160079345,1,MEDIUM
0,0.5054130784779564,1,MEDIUM
0,0.48113158700767944,0,MEDIUM
0,0.460926587111142,0,MEDIUM
0,0.45454008574558025,0,MEDIUM
0,0.46543884257298795,0,MEDIUM
0,0.5207830724624152,1,MEDIUM
0,0.4942745428623551,0,MEDIUM
0,0.49932373751845294,0,MEDIUM
0,0.47936931244360254,0,MEDIUM
0,0.5460535619848312,1,MEDIUM
0,0.5239638730215791,1,MEDIUM
0,0.45384536766196154,0,MEDIUM
0,0.4990431224794088,0,MEDIUM
1,0.5149602921429304,1,MEDIUM
1,0.5103221371205702,1,MEDIUM
1,0.5241607790934849,1,MEDIUM
0,0.5176977106671663,1,MEDIUM
1,0.4816410942593118,0,MEDIUM
0,0.4998595035323752,0,MEDIUM
0,0.4717484253913089,0,MEDIUM
0,0.42339811293295104,0,MEDIUM
0,0.48521790643050444,0,MEDIUM
0,0.5231761270396692,1,MEDIUM
0,0.4873551383435507,0,MEDIUM
0,0.5644010880966289,1,MEDIUM
0,0.4593309353104951,0,MEDIUM
0,0.531711963729894,1,MEDIUM
1,0.5222768122677356,1,MEDIUM
1,0.46874220434615543,0,MEDIUM
0,0.5017302986137017,1,MEDIUM
0,0.543657602780329,1,MEDIUM
0,0.5576277183066897,1,MEDIUM
0,0.5373331266606318,1,MEDIUM
0,0.4863483801361384,0,MEDIUM
0,0.5410545304912964,1,MEDIUM
1,0.5325899359828494,1,MEDIUM
1,0.45390277196953704,0,MEDIUM
0,0.5290330669597919,1,MEDIUM
0,0.4790630965385402,0,MEDIUM
0,0.49987386870434086,0,MEDIUM
0,0.47956861075701684,0,MEDIUM
0,0.4479177160329366,0,MEDIUM
0,0.5302782171055094,1,MEDIUM
0,0.4812009514771302,0,MEDIUM
1,0.5042983932588383,1,MEDIUM
0,0.49131471694831286,0,MEDIUM
0,0.4783279320537535,0,MEDIUM
0,0.47041951187215886,0,MEDIUM
0,0.4428775691883018,0,MEDIUM
0,0.5505782785508674,1,MEDIUM
0,0.5056547394050319,1,MEDIUM
0,0.4907134745978197,0,MEDIUM
0,0.4575289491634847,0,MEDIUM
0,0.46425997962306,0,MEDIUM
0,0.5433689936252649,1,MEDIUM
0,0.5386394667073132,1,MEDIUM
0,0.5193910851223674,1,MEDIUM
0,0.5596988286581458,1,MEDIUM
0,0.5026001370822889,1,MEDIUM
0,0.4953284697075587,0,MEDIUM
0,0.4711572833016856,0,MEDIUM
0,0.5098505802422296,1,MEDIUM
0,0.5361545736904828,1,MEDIUM
1,0.4842691952572144,0,MEDIUM
0,0.5170391379482449,1,MEDIUM
0,0.48060788314641667,0,MEDIUM
0,0.47371749957604065,0,MEDIUM
0,0.54182713368235,1,MEDIUM
0,0.5311739129066094,1,MEDIUM
0,0.5300593072092477,1,MEDIUM
1,0.5269775557066394,1,MEDIUM
0,0.5016232547434125,1,MEDIUM
0,0.4902587169147873,0,MEDIUM
1,0.527118287982191,1,MEDIUM
0,0.45639719446359944,0,MEDIUM
0,0.44596028070781596,0,MEDIUM
0,0.487167726196151,0,MEDIUM
0,0.4706103252791255,0,MEDIUM
0,0.5391736676487929,1,MEDIUM
0,0.5057128051575375,1,MEDIUM
0,0.4540669363301874,0,MEDIUM
0,0.5334419916042129,1,MEDIUM
0,0.4911294252160048,0,MEDIUM
0,0.5188642154935255,1,MEDIUM
0,0.515446050847314,1,MEDIUM
0,0.5126572992286725,1,MEDIUM
0,0.470306693785826,0,MEDIUM
0,0.45818926361587514,0,MEDIUM
0,0.4846881595675011,0,MEDIUM
0,0.5253245147169583,1,MEDIUM
0,0.474724646739897,0,MEDIUM
0,0.4749921135034054,0,MEDIUM
0,0.4881097106146158,0,MEDIUM
0,0.4794860197047732,0,MEDIUM
0,0.53071477362383,1,MEDIUM
0,0.4947043769927987,0,MEDIUM
1,0.5178043528394504,1,MEDIUM
0,0.46671148627513065,0,MEDIUM
0,0.44886141477275526,0,MEDIUM
1,0.4765541835591376,0,MEDIUM
0,0.4621776086075681,0,MEDIUM
0,0.5183477247916319,1,MEDIUM
0,0.46204825533576743,0,MEDIUM
0,0.5133802736946408,1,MEDIUM
0,0.48339546383522575,0,MEDIUM
1,0.463902039188137,0,MEDIUM
0,0.41843941924053957,0,MEDIUM
0,0.5106816148398183,1,MEDIUM
0,0.5335967164681159,1,MEDIUM
0,0.4831290013456865,0,MEDIUM
1,0.546776360839184,1,MEDIUM
0,0.5220009267819659,1,MEDIUM
0,0.532671232785723,1,MEDIUM
0,0.5451445557831696,1,MEDIUM
0,0.5101854804478418,1,MEDIUM
0,0.5145152858366685,1,MEDIUM
0,0.49961023817841893,0,MEDIUM
0,0.4922461801896775,0,MEDIUM
0,0.5316346216884745,1,MEDIUM
1,0.4596650608010626,0,MEDIUM
0,0.5106008889432639,1,MEDIUM
0,0.4726140240403709,0,MEDIUM
0,0.4949489749694188,0,MEDIUM
0,0.5304842729452339,1,MEDIUM
0,0.45830280139742335,0,MEDIUM
0,0.49649847251324297,0,MEDIUM
0,0.47531522527685205,0,MEDIUM
1,0.5201122682272851,1,MEDIUM
0,0.5050929455976051,1,MEDIUM
0,0.5136409122146482,1,MEDIUM
1,0.5579851312897904,1,MEDIUM
0,0.5009554722915619,1,MEDIUM
1,0.5185188114284339,1,MEDIUM
0,0.5105752624288683,1,MEDIUM
0,0.47055093680089527,0,MEDIUM
0,0.50957994006162,1,MEDIUM
0,0.48303788476534143,0,MEDIUM
0,0.481383124467756,0,MEDIUM
0,0.5022649141688936,1,MEDIUM
0,0.47074072026187014,0,MEDIUM
0,0.4905838981062099,0,MEDIUM
0,0.4972988116430208,0,MEDIUM
0,0.4993984964963538,0,MEDIUM
0,0.5030417196793893,1,MEDIUM
0,0.47490271134087275,0,MEDIUM
0,0.47598030743062614,0,MEDIUM
0,0.526378636733654,1,MEDIUM
0,0.5475850740284968,1,MEDIUM
0,0.5089343725259352,1,MEDIUM
0,0.4864509054016246,0,MEDIUM
0,0.49576876340969334,0,MEDIUM
0,0.5608964939349328,1,MEDIUM
0,0.47108460018231046,0,MEDIUM
0,0.47426982403616486,0,MEDIUM
0,0.49469420762876204,0,MEDIUM
0,0.5003092531227407,1,MEDIUM
0,0.5155866998971788,1,MEDIUM
0,0.512248958273998,1,MEDIUM
0,0.5154650031901367,1,MEDIUM
0,0.49335789713867667,0,MEDIUM
0,0.5036702265236402,1,MEDIUM
0,0.44141077652141003,0,MEDIUM
0,0.5340551863170926,1,MEDIUM
0,0.5361387511484051,1,MEDIUM
0,0.5119502808223301,1,MEDIUM
0,0.5682552112738067,1,MEDIUM
0,0.46081032294267227,0,MEDIUM
0,0.523461389130041,1,MEDIUM
0,0.5016078182086355,1,MEDIUM
0,0.5203872809670994,1,MEDIUM
0,0.5142900901939107,1,MEDIUM
0,0.4991694395346796,0,MEDIUM
1,0.5503180073302232,1,MEDIUM
0,0.49530791437133836,0,MEDIUM
0,0.49099014496466414,0,MEDIUM
0,0.5410736008103583,1,MEDIUM
0,0.47737345978038537,0,MEDIUM
0,0.4678176032751264,0,MEDIUM
0,0.52775570936101,1,MEDIUM
0,0.4940916955434719,0,MEDIUM
0,0.5128904362670217,1,MEDIUM
0,0.5015337042342093,1,MEDIUM
0,0.4650676014371956,0,MEDIUM
0,0.5514582388821259,1,MEDIUM
0,0.5084055290122138,1,MEDIUM
1,0.48655545367473996,0,MEDIUM
0,0.5074979496156592,1,MEDIUM
0,0.4990452333753436,0,MEDIUM
0,0.5291017026117075,1,MEDIUM
0,0.5381871236887545,1,MEDIUM
0,0.5297249016943524,1,MEDIUM
0,0.4756737029409834,0,MEDIUM
1,0.504141009295999,1,MEDIUM
0,0.5002303194065697,1,MEDIUM
0,0.4444959994967096,0,MEDIUM
1,0.47270057844071706,0,MEDIUM
0,0.5194806015115816,1,MEDIUM
0,0.5120733052022508,1,MEDIUM
0,0.5343372024409877,1,MEDIUM
0,0.4601492964814636,0,MEDIUM
1,0.412775476229568,0,MEDIUM
0,0.5370545409624752,1,MEDIUM
1,0.41513954292171457,0,MEDIUM
0,0.5382076209196958,1,MEDIUM
1,0.4744271744841105,0,MEDIUM
0,0.48071200116055096,0,MEDIUM
0,0.43636709473136825,0,MEDIUM
0,0.4817626696992169,0,MEDIUM
0,0.4941611698984507,0,MEDIUM
1,0.492687998540063,0,MEDIUM
0,0.505115551791825,1,MEDIUM
0,0.4827868371528223,0,MEDIUM
0,0.5292077691524742,1,MEDIUM
0,0.5277351916751827,1,MEDIUM
0,0.5400694453790158,1,MEDIUM
1,0.5028612469683149,1,MEDIUM
0,0.5248267165267103,1,MEDIUM
0,0.5786505818035921,1,MEDIUM
0,0.5502401038958867,1,MEDIUM
0,0.5166472430991734,1,MEDIUM
0,0.5477283706334257,1,MEDIUM
0,0.49572233807911376,0,MEDIUM
0,0.5330813434853514,1,MEDIUM
1,0.522645491374598,1,MEDIUM
0,0.48418552456554786,0,MEDIUM
0,0.47842079888767125,0,MEDIUM
1,0.47319098976266977,0,MEDIUM
1,0.46137714579451006,0,MEDIUM
0,0.520151909573361,1,MEDIUM
0,0.5425996213506472,1,MEDIUM
0,0.45018844888756965,0,MEDIUM
0,0.48347756514517026,0,MEDIUM
0,0.5260914350012297,1,MEDIUM
0,0.4831134389347071,0,MEDIUM
0,0.4614180963246137,0,MEDIUM
0,0.5746378934997965,1,MEDIUM
0,0.4913690833604734,0,MEDIUM
0,0.5240882012773751,1,MEDIUM
0,0.440845265458012,0,MEDIUM
1,0.50750776536937,1,MEDIUM
0,0.49139649536645036,0,MEDIUM
0,0.47339880538831264,0,MEDIUM
0,0.48115041039659573,0,MEDIUM
0,0.5009455453061732,1,MEDIUM
0,0.538593398601307,1,MEDIUM
0,0.5568334836022725,1,MEDIUM
0,0.45732554038972406,0,MEDIUM
0,0.5152432566536294,1,MEDIUM
0,0.5131315653939341,1,MEDIUM
1,0.481675944401915,0,MEDIUM
1,0.48447193438043196,0,MEDIUM
0,0.5282350588278086,1,MEDIUM
0,0.5166537784153119,1,MEDIUM
0,0.507417895511285,1,MEDIUM
0,0.49746406807244287,0,MEDIUM
0,0.4647864712761541,0,MEDIUM
1,0.5173371024725322,1,MEDIUM
0,0.5431267339959743,1,MEDIUM
0,0.5168358300495357,1,MEDIUM
0,0.49319875724381224,0,MEDIUM
0,0.5286845024856511,1,MEDIUM
0,0.5035759035978833,1,MEDIUM
0,0.5060207859749395,1,MEDIUM
0,0.5379576740217299,1,MEDIUM
0,0.561308400785173,1,MEDIUM
0,0.5510232020042347,1,MEDIUM
0,0.5051185361338927,1,MEDIUM
0,0.49079871169264633,0,MEDIUM
1,0.48834880173752504,0,MEDIUM
0,0.491164451385803,0,MEDIUM
0,0.5200588878933726,1,MEDIUM
0,0.49288591294034423,0,MEDIUM
1,0.4751424677837791,0,MEDIUM
0,0.5458634436302553,1,MEDIUM
0,0.5071912271797026,1,MEDIUM
0,0.5626892234157725,1,MEDIUM
0,0.5014302094424049,1,MEDIUM
0,0.4789083093930133,0,MEDIUM
0,0.525132356051794,1,MEDIUM
1,0.5291150238827736,1,MEDIUM
1,0.5326813512492498,1,MEDIUM
0,0.49856672682759784,0,MEDIUM
0,0.5450109667199404,1,MEDIUM
0,0.5490608589312413,1,MEDIUM
0,0.4810309128576267,0,MEDIUM
0,0.4722088048275492,0,MEDIUM
0,0.49965144316883636,0,MEDIUM
0,0.49463249538643284,0,MEDIUM
1,0.49140829127102953,0,MEDIUM
0,0.5345322941229892,1,MEDIUM
1,0.47616884794225717,0,MEDIUM
0,0.5192034545653033,1,MEDIUM
0,0.5214608399027542,1,MEDIUM
0,0.49700286798763327,0,MEDIUM
0,0.5092593765306223,1,MEDIUM
0,0.5135501302470953,1,MEDIUM
0,0.471371720792323,0,MEDIUM
0,0.44047915742532706,0,MEDIUM
0,0.5221477306089526,1,MEDIUM
0,0.5053192617345901,1,MEDIUM
0,0.5188782707843071,1,MEDIUM
0,0.45181510978883904,0,MEDIUM
0,0.5097832575112452,1,MEDIUM
0,0.5196834566216144,1,MEDIUM
0,0.5145176833143333,1,MEDIUM
0,0.4585561851634937,0,MEDIUM
0,0.5354385830319859,1,MEDIUM
0,0.4634166307367541,0,MEDIUM
0,0.5249879475751835,1,MEDIUM
1,0.5098565760982846,1,MEDIUM
0,0.5358833323393905,1,MEDIUM
0,0.4954369055180312,0,MEDIUM
0,0.5616461532107743,1,MEDIUM
0,0.4828167609650666,0,MEDIUM
0,0.5179189229697803,1,MEDIUM
0,0.5006637226985287,1,MEDIUM
0,0.5193978642913296,1,MEDIUM
1,0.5232233930827253,1,MEDIUM
0,0.4938025228642156,0,MEDIUM
0,0.5081340682826607,1,MEDIUM
0,0.520699461901864,1,MEDIUM
1,0.560273585908182,1,MEDIUM
0,0.5447672070405344,1,MEDIUM
0,0.5330249402313605,1,MEDIUM
0,0.43236227916506087,0,MEDIUM
0,0.47878109254182877,0,MEDIUM
0,0.5112627164859169,1,MEDIUM
1,0.4711474145709079,0,MEDIUM
0,0.4560345507084255,0,MEDIUM
0,0.5425301461104937,1,MEDIUM
0,0.5377797476822967,1,MEDIUM
1,0.5221231704295703,1,MEDIUM
1,0.5063512398375412,1,MEDIUM
1,0.47238099375870574,0,MEDIUM
0,0.47609996665731386,0,MEDIUM
0,0.39624452352340434,0,MEDIUM
0,0.5109482256920636,1,MEDIUM
0,0.4893522557038876,0,MEDIUM
0,0.4882912208820162,0,MEDIUM
1,0.45637528524194376,0,MEDIUM
0,0.5113822675530297,1,MEDIUM
0,0.46660604635025826,0,MEDIUM
0,0.49637710450803385,0,MEDIUM
1,0.5371108980081376,1,MEDIUM
0,0.5683158888354347,1,MEDIUM
0,0.5542163268542708,1,MEDIUM
0,0.5040220813566675,1,MEDIUM
1,0.5294270252515599,1,MEDIUM
0,0.49671006649736005,0,MEDIUM
0,0.4582146332980443,0,MEDIUM
0,0.49171068053730616,0,MEDIUM
0,0.5046121398562293,1,MEDIUM
0,0.518027196584764,1,MEDIUM
0,0.4570936769971184,0,MEDIUM
0,0.465222147431331,0,MEDIUM
1,0.4750259530111048,0,MEDIUM
0,0.4769042747570308,0,MEDIUM
0,0.5074035371745996,1,MEDIUM
0,0.4819066647730894,0,MEDIUM
0,0.5121163650582331,1,MEDIUM
0,0.5799777787536138,1,MEDIUM
0,0.4644579715948756,0,MEDIUM
0,0.5126750577353957,1,MEDIUM
0,0.4694383127772844,0,MEDIUM
0,0.5183124830360316,1,MEDIUM
0,0.5314333429223523,1,MEDIUM
0,0.5373211800874136,1,MEDIUM
0,0.5621852888138206,1,MEDIUM
0,0.5006701450185662,1,MEDIUM
0,0.5253081896107173,1,MEDIUM
0,0.5011592925565314,1,MEDIUM
0,0.43301309846644437,0,MEDIUM
1,0.45281786044473993,0,MEDIUM
0,0.5056223691853096,1,MEDIUM
0,0.5015016459934277,1,MEDIUM
0,0.4942091342665837,0,MEDIUM
0,0.5223235320353006,1,MEDIUM
0,0.5223724126605678,1,MEDIUM
0,0.4912310279312699,0,MEDIUM
0,0.45918828796574784,0,MEDIUM
0,0.4750647820943967,0,MEDIUM
0,0.4847223184292067,0,MEDIUM
0,0.5054255005135345,1,MEDIUM
0,0.4772482494936603,0,MEDIUM
0,0.5372092531547579,1,MEDIUM
0,0.432553256398331,0,MEDIUM
0,0.49454395599821854,0,MEDIUM
0,0.4845490054917264,0,MEDIUM
0,0.49980852876722986,0,MEDIUM
0,0.4719767059075064,0,MEDIUM
0,0.5300896436206113,1,MEDIUM
0,0.5048480882715112,1,MEDIUM
1,0.5041283381076881,1,MEDIUM
0,0.5843131024575606,1,MEDIUM
0,0.48623051547659485,0,MEDIUM
0,0.4443922109605907,0,MEDIUM
0,0.49104695207201604,0,MEDIUM
0,0.5740562855773148,1,MEDIUM
0,0.4712243868072176,0,MEDIUM
1,0.5197345303866899,1,MEDIUM
0,0.5685784209927269,1,MEDIUM
0,0.491576658024411,0,MEDIUM
0,0.4983074603901696,0,MEDIUM
0,0.5443523516702463,1,MEDIUM
0,0.5252008025343609,1,MEDIUM
0,0.4766580042803388,0,MEDIUM
0,0.5431018770231237,1,MEDIUM
0,0.47437464315256256,0,MEDIUM
0,0.5039538013624116,1,MEDIUM
0,0.5396657565940326,1,MEDIUM
0,0.4526915216619346,0,MEDIUM
0,0.48713910093664753,0,MEDIUM
0,0.5096638471826332,1,MEDIUM
0,0.5372408867759836,1,MEDIUM
0,0.4754288558468748,0,MEDIUM
0,0.5037322491099309,1,MEDIUM
0,0.5279378323613543,1,MEDIUM
0,0.49427091298416026,0,MEDIUM
0,0.5256080285295568,1,MEDIUM
0,0.48577720164982324,0,MEDIUM
0,0.5425772824054281,1,MEDIUM
1,0.47609515353147963,0,MEDIUM
0,0.4864100115230354,0,MEDIUM
1,0.5071132488122169,1,MEDIUM
0,0.47655043155544896,0,MEDIUM
0,0.5211037288685457,1,MEDIUM
0,0.5044712321573296,1,MEDIUM
0,0.4976789255564091,0,MEDIUM
0,0.501792427215562,1,MEDIUM
0,0.5566534566536976,1,MEDIUM
1,0.45687143812264175,0,MEDIUM
0,0.47109679980818414,0,MEDIUM
0,0.5199034823678435,1,MEDIUM
0,0.4583994539790992,0,MEDIUM
1,0.5069113826467657,1,MEDIUM
0,0.42351367341379453,0,MEDIUM
0,0.5245148221207919,1,MEDIUM
1,0.5294837755661301,1,MEDIUM
0,0.5416935208411641,1,MEDIUM
0,0.48425680852387154,0,MEDIUM
0,0.5088353982527096,1,MEDIUM
0,0.49990340144268725,0,MEDIUM
1,0.509255260330503,1,MEDIUM
0,0.5190253935238552,1,MEDIUM
0,0.4860640728881153,0,MEDIUM
0,0.5184978793662031,1,MEDIUM
0,0.5630907051091815,1,MEDIUM
0,0.4840424779809018,0,MEDIUM
1,0.4255245761769557,0,MEDIUM
0,0.5285530503157739,1,MEDIUM
0,0.5443129971393365,1,MEDIUM
0,0.4612283613531854,0,MEDIUM
0,0.5148934513215336,1,MEDIUM
0,0.5493078426752821,1,MEDIUM
0,0.5103691698661014,1,MEDIUM
0,0.4815973642496402,0,MEDIUM
0,0.504160548558885,1,MEDIUM
0,0.53170156535818,1,MEDIUM
1,0.5411544087657849,1,MEDIUM
1,0.43829099646560654,0,MEDIUM
0,0.5439149473320811,1,MEDIUM
0,0.5195613441512,1,MEDIUM
0,0.4963631756680666,0,MEDIUM
1,0.49908748854554014,0,MEDIUM
1,0.4722181471981954,0,MEDIUM
0,0.4640085620345163,0,MEDIUM
0,0.5058952907795035,1,MEDIUM
0,0.4978179811078608,0,MEDIUM
0,0.5358453558169083,1,MEDIUM
0,0.48722401194075177,0,MEDIUM
0,0.5132814998528914,1,MEDIUM
0,0.5047649603733158,1,MEDIUM
0,0.47949844265233676,0,MEDIUM
0,0.4614426274173305,0,MEDIUM
0,0.5080673712028392,1,MEDIUM
0,0.5505770089270734,1,MEDIUM
0,0.46563267235171296,0,MEDIUM
1,0.5110731314798389,1,MEDIUM
0,0.49728504892066017,0,MEDIUM
0,0.5074463993343273,1,MEDIUM
0,0.49724893806858583,0,MEDIUM
0,0.4924514141055643,0,MEDIUM
0,0.5143852705442594,1,MEDIUM
0,0.5142701582461402,1,MEDIUM
0,0.5566476162061889,1,MEDIUM
0,0.5419010240035006,1,MEDIUM
1,0.5099861612513986,1,MEDIUM
0,0.48743969734713016,0,MEDIUM
0,0.5220504263001878,1,MEDIUM
0,0.5112103425746456,1,MEDIUM
0,0.4721726786109702,0,MEDIUM
0,0.49096184673815574,0,MEDIUM
0,0.4850550083743064,0,MEDIUM
0,0.48109404966032854,0,MEDIUM
0,0.48289558342081945,0,MEDIUM
0,0.5075124134839424,1,MEDIUM
1,0.5099699400473607,1,MEDIUM
0,0.4508503731982218,0,MEDIUM
0,0.5351174727190038,1,MEDIUM
0,0.44042399095437257,0,MEDIUM
0,0.48768168663733436,0,MEDIUM
0,0.5119401475214468,1,MEDIUM
1,0.4822052074922107,0,MEDIUM
1,0.5102577410615674,1,MEDIUM
0,0.4780696319493221,0,MEDIUM
0,0.5106808604501349,1,MEDIUM
0,0.4778509480932434,0,MEDIUM
0,0.4903000962758532,0,MEDIUM
0,0.5432415958326453,1,MEDIUM
0,0.5366265543378054,1,MEDIUM
1,0.4887024838107814,0,MEDIUM
1,0.5023283292410532,1,MEDIUM
0,0.4615602620046739,0,MEDIUM
0,0.4592967053829728,0,MEDIUM
0,0.47670970824389647,0,MEDIUM
0,0.4819731507480178,0,MEDIUM
0,0.5174854273656445,1,MEDIUM
0,0.487681522653158,0,MEDIUM
0,0.4636278411524703,0,MEDIUM
0,0.5041490372649384,1,MEDIUM
0,0.5133451640651668,1,MEDIUM
0,0.49825026163749236,0,MEDIUM
0,0.47275980785723115,0,MEDIUM
0,0.49554441981114483,0,MEDIUM
0,0.46892164539025355,0,MEDIUM
1,0.5903788620600636,1,MEDIUM
0,0.5243441674746486,1,MEDIUM
1,0.4868897434356828,0,MEDIUM
0,0.4790608688196645,0,MEDIUM
0,0.5007051351672689,1,MEDIUM
0,0.49875902094185776,0,MEDIUM
1,0.46038504613874576,0,MEDIUM
1,0.47224039989670236,0,MEDIUM
0,0.4826519455743098,0,MEDIUM
0,0.4668026061559489,0,MEDIUM
0,0.4925803682237947,0,MEDIUM
0,0.4620300685164585,0,MEDIUM
0,0.510618969494908,1,MEDIUM
0,0.5147940198231499,1,MEDIUM
0,0.5433247828613066,1,MEDIUM
0,0.446883629264424,0,MEDIUM
0,0.5286272549585497,1,MEDIUM
0,0.4614471659820679,0,MEDIUM
0,0.4824755634666249,0,MEDIUM
0,0.4793309588049126,0,MEDIUM
0,0.49010110387955647,0,MEDIUM
0,0.5373470460671236,1,MEDIUM
0,0.5281542260156116,1,MEDIUM
0,0.5507264527602207,1,MEDIUM
0,0.44705680776631707,0,MEDIUM
0,0.5301670890982936,1,MEDIUM
0,0.544437858598699,1,MEDIUM
0,0.5096982041782353,1,MEDIUM
0,0.501973810135233,1,MEDIUM
0,0.5524737518600447,1,MEDIUM
0,0.4452324835213096,0,MEDIUM
0,0.4522788494918791,0,MEDIUM
0,0.48562217193345686,0,MEDIUM
0,0.4927550788213947,0,MEDIUM
0,0.5077232213288566,1,MEDIUM
1,0.48309860178652514,0,MEDIUM
1,0.5483188893043476,1,MEDIUM
0,0.4232822643683177,0,MEDIUM
0,0.4623776584438964,0,MEDIUM
0,0.4582192174439205,0,MEDIUM
0,0.47952116661345223,0,MEDIUM
0,0.43544094549323203,0,MEDIUM
0,0.4963540933569209,0,MEDIUM
0,0.4394040863468287,0,MEDIUM
0,0.46536059876871483,0,MEDIUM
1,0.5028983322932236,1,MEDIUM
0,0.5391359004265833,1,MEDIUM
1,0.5020351410080505,1,MEDIUM
1,0.46920440158365173,0,MEDIUM
0,0.4854508884663339,0,MEDIUM
0,0.5567235534475272,1,MEDIUM
0,0.47882325156842787,0,MEDIUM
0,0.5009189712504056,1,MEDIUM
0,0.5046624089897319,1,MEDIUM
0,0.53797058484689,1,MEDIUM
0,0.5590316481481892,1,MEDIUM
0,0.4873521405993011,0,MEDIUM
0,0.5355386586645372,1,MEDIUM
0,0.506356113660062,1,MEDIUM
0,0.4559973765403196,0,MEDIUM
0,0.47349044505048793,0,MEDIUM
0,0.469409410224607,0,MEDIUM
0,0.45682458078944427,0,MEDIUM
0,0.5308891086128747,1,MEDIUM
0,0.528222606939157,1,MEDIUM
0,0.4727109486594,0,MEDIUM
0,0.47040044838135836,0,MEDIUM
0,0.5663541877877233,1,MEDIUM
0,0.4216458587022227,0,MEDIUM
0,0.46165520106792746,0,MEDIUM
0,0.5600592492826616,1,MEDIUM
0,0.535514635784773,1,MEDIUM
1,0.4543582383259186,0,MEDIUM
1,0.5930772698564921,1,MEDIUM
0,0.4776218515974073,0,MEDIUM
0,0.5068254838012671,1,MEDIUM
0,0.5053214066915616,1,MEDIUM
0,0.4744806412916066,0,MEDIUM
0,0.4901945749409659,0,MEDIUM
0,0.48572769416476513,0,MEDIUM
0,0.5074653885633355,1,MEDIUM
0,0.4874078736592874,0,MEDIUM
0,0.5345973094555798,1,MEDIUM
0,0.5131337090600088,1,MEDIUM
0,0.48867611963274704,0,MEDIUM
0,0.5276273956986862,1,MEDIUM
1,0.4707744683352014,0,MEDIUM
0,0.5117141126705139,1,MEDIUM
1,0.5112494587320867,1,MEDIUM
0,0.5303801712770951,1,MEDIUM
0,0.5355253973917489,1,MEDIUM
0,0.5430113679480622,1,MEDIUM
0,0.49103857830042735,0,MEDIUM
0,0.5160945288825247,1,MEDIUM
0,0.47737812172832744,0,MEDIUM
1,0.5109649626011937,1,MEDIUM
0,0.4840024946820148,0,MEDIUM
0,0.5096244320491178,1,MEDIUM
1,0.4637721435094835,0,MEDIUM
0,0.5479339097919457,1,MEDIUM
0,0.4829707614857296,0,MEDIUM
0,0.49839389691366237,0,MEDIUM
0,0.5025439624167996,1,MEDIUM
0,0.5099954402885729,1,MEDIUM
0,0.500411647272777,1,MEDIUM
0,0.5213117546528322,1,MEDIUM
0,0.45227058189865454,0,MEDIUM
0,0.5364038926167101,1,MEDIUM
1,0.5008179580322509,1,MEDIUM
0,0.4539210979258789,0,MEDIUM
0,0.4984790816150173,0,MEDIUM
0,0.5234885900834165,1,MEDIUM
0,0.43950569630249137,0,MEDIUM
0,0.5176020346751857,1,MEDIUM
1,0.5545579167117224,1,MEDIUM
0,0.505956397770193,1,MEDIUM
0,0.49382997269329704,0,MEDIUM
0,0.5056918292203426,1,MEDIUM
0,0.5374112170112513,1,MEDIUM
0,0.4947764660308561,0,MEDIUM
0,0.4968222042193532,0,MEDIUM
0,0.48824670145813603,0,MEDIUM
0,0.5078720729321622,1,MEDIUM
0,0.5148053956510781,1,MEDIUM
0,0.550215050867302,1,MEDIUM
0,0.45333134581622386,0,MEDIUM
0,0.49898646689328663,0,MEDIUM
1,0.4896530555385069,0,MEDIUM
1,0.5196368868667008,1,MEDIUM
0,0.5062175989450096,1,MEDIUM
0,0.47695325799911636,0,MEDIUM
0,0.5029092618513524,1,MEDIUM
0,0.5144004713292376,1,MEDIUM
0,0.4685031477649367,0,MEDIUM
0,0.47132854762664933,0,MEDIUM
1,0.4602210613470112,0,MEDIUM
0,0.4531031006168275,0,MEDIUM
0,0.5096818992804143,1,MEDIUM
0,0.5189671783922298,1,MEDIUM
0,0.46735246898441163,0,MEDIUM
0,0.5222355235167142,1,MEDIUM
0,0.4588748273582983,0,MEDIUM
0,0.5403002260603157,1,MEDIUM
1,0.4881800154264625,0,MEDIUM
0,0.5286047220867672,1,MEDIUM
0,0.4958850574318184,0,MEDIUM
0,0.4808811295112683,0,MEDIUM
0,0.4766377194616858,0,MEDIUM
0,0.45823124852559316,0,MEDIUM
1,0.5773669226702635,1,MEDIUM
0,0.4859844396916478,0,MEDIUM
0,0.5075574053271721,1,MEDIUM
0,0.5084362081250058,1,MEDIUM
1,0.5024889905576544,1,MEDIUM
0,0.49035019936549107,0,MEDIUM
0,0.48477337721112707,0,MEDIUM
1,0.48553555141083776,0,MEDIUM
0,0.4819237430889376,0,MEDIUM
0,0.5131309870249913,1,MEDIUM
0,0.5380391920373258,1,MEDIUM
0,0.4826691421488926,0,MEDIUM
0,0.46500994663263506,0,MEDIUM
0,0.43164683257615977,0,MEDIUM
1,0.5064357538655707,1,MEDIUM
0,0.5769708552892129,1,MEDIUM
1,0.5162142568331547,1,MEDIUM
0,0.5029129524575642,1,MEDIUM
0,0.49762403654208,0,MEDIUM
1,0.49504581552312377,0,MEDIUM
0,0.4469378598334411,0,MEDIUM
0,0.5248540502170823,1,MEDIUM
0,0.505459528309159,1,MEDIUM
0,0.5572149248871722,1,MEDIUM
0,0.4825789654195474,0,MEDIUM
0,0.4431496020668928,0,MEDIUM
1,0.5791637140563848,1,MEDIUM
0,0.537823167196097,1,MEDIUM
0,0.5165173240198627,1,MEDIUM
0,0.5151942269159572,1,MEDIUM
0,0.48029638168392685,0,MEDIUM
0,0.5103606561577635,1,MEDIUM
0,0.5179380873102314,1,MEDIUM
0,0.49799934516934397,0,MEDIUM
0,0.4146828476649307,0,MEDIUM
1,0.49443581299830974,0,MEDIUM
0,0.4983795069463824,0,MEDIUM
0,0.5034557203453737,1,MEDIUM
0,0.4881083341007971,0,MEDIUM
1,0.51664192086472,1,MEDIUM
0,0.5088285658116278,1,MEDIUM
0,0.5027897684657933,1,MEDIUM
0,0.5023077557678411,1,MEDIUM
0,0.43030627485544,0,MEDIUM
0,0.5249344307276517,1,MEDIUM
0,0.5389839004240353,1,MEDIUM
0,0.4852611547831648,0,MEDIUM
0,0.4898338081869269,0,MEDIUM
1,0.5151454435111188,1,MEDIUM
0,0.48618193411660227,0,MEDIUM
0,0.4849939029556747,0,MEDIUM
1,0.47263662571412174,0,MEDIUM
0,0.48292376758759614,0,MEDIUM
1,0.5081212668700662,1,MEDIUM
0,0.4916100226628144,0,MEDIUM
0,0.5131586779153644,1,MEDIUM
0,0.5271717112306046,1,MEDIUM
0,0.49157905198045654,0,MEDIUM
1,0.5229266712194114,1,MEDIUM
0,0.47197405047551877,0,MEDIUM
0,0.47985380228909913,0,MEDIUM
0,0.48996060811765363,0,MEDIUM
0,0.47006056869465684,0,MEDIUM
0,0.46876857189524385,0,MEDIUM
0,0.5407255620448939,1,MEDIUM
0,0.47169692895507814,0,MEDIUM
0,0.5045854855668477,1,MEDIUM
0,0.43285769276404584,0,MEDIUM
0,0.48698616055856025,0,MEDIUM
0,0.4541780936263434,0,MEDIUM
0,0.5569115957256909,1,MEDIUM
1,0.4979416402634119,0,MEDIUM
0,0.5162248657581809,1,MEDIUM
0,0.5087947643116947,1,MEDIUM
0,0.49191634190914857,0,MEDIUM
0,0.4776876852909588,0,MEDIUM
0,0.5003618916477649,1,MEDIUM
0,0.5312689210747302,1,MEDIUM
0,0.49876945085477636,0,MEDIUM
0,0.4828741562175815,0,MEDIUM
1,0.49948598380167974,0,MEDIUM
1,0.4932088367710366,0,MEDIUM
0,0.4822378248049806,0,MEDIUM
0,0.4792841976283539,0,MEDIUM
0,0.48890697371786096,0,MEDIUM
0,0.4863412638528816,0,MEDIUM
1,0.4975729394653763,0,MEDIUM
0,0.4463083778906614,0,MEDIUM
0,0.5017631252185969,1,MEDIUM
0,0.5290830534179185,1,MEDIUM
0,0.46614670090689986,0,MEDIUM
0,0.5279227392839619,1,MEDIUM
0,0.5169806221018408,1,MEDIUM
0,0.5018648054056882,1,MEDIUM
1,0.5463621530026365,1,MEDIUM
0,0.49755396308026073,0,MEDIUM
0,0.5157084436746653,1,MEDIUM
0,0.5213575506109818,1,MEDIUM
0,0.47256398121785953,0,MEDIUM
0,0.4490564457598657,0,MEDIUM
0,0.49597999754225597,0,MEDIUM
0,0.5134748840887141,1,MEDIUM
1,0.5086425520485056,1,MEDIUM
0,0.44795355905158996,0,MEDIUM
1,0.4826315755678864,0,MEDIUM
0,0.4800633506456328,0,MEDIUM
0,0.542590784521334,1,MEDIUM
1,0.5613426868978634,1,MEDIUM
0,0.5278436604175495,1,MEDIUM
0,0.46573698372320355,0,MEDIUM
0,0.5060370292405074,1,MEDIUM
0,0.5112574622027236,1,MEDIUM
0,0.4927621573922942,0,MEDIUM
0,0.4889334402948132,0,MEDIUM
0,0.5195726867498338,1,MEDIUM
1,0.5378471428491988,1,MEDIUM
0,0.5087484814248989,1,MEDIUM
1,0.5035276131805934,1,MEDIUM
0,0.5195687512212261,1,MEDIUM
0,0.4540119560861617,0,MEDIUM
0,0.46671353467970267,0,MEDIUM
0,0.5716281708142781,1,MEDIUM
0,0.49558511059875804,0,MEDIUM
0,0.5144059161792044,1,MEDIUM
0,0.5629755802183827,1,MEDIUM
0,0.5145368087041196,1,MEDIUM
0,0.504885392155841,1,MEDIUM
0,0.44253891376660004,0,MEDIUM
0,0.5824599662438308,1,MEDIUM
0,0.5344096150594971,1,MEDIUM
0,0.46199427874371835,0,MEDIUM
0,0.5612679616510191,1,MEDIUM
0,0.46673159434704,0,MEDIUM
0,0.5220799278783799,1,MEDIUM
0,0.4973958088460898,0,MEDIUM
0,0.5209263779743672,1,MEDIUM
0,0.5091225746349575,1,MEDIUM
1,0.4672975919009069,0,MEDIUM
0,0.517917894986343,1,MEDIUM
0,0.47906558072780164,0,MEDIUM
0,0.4515417561721662,0,MEDIUM
0,0.44655208222653686,0,MEDIUM
0,0.44716310209226956,0,MEDIUM
0,0.5404512013767659,1,MEDIUM
0,0.44144561114360714,0,MEDIUM
0,0.5118498898466055,1,MEDIUM
0,0.4802986930253754,0,MEDIUM
0,0.48837403954156045,0,MEDIUM
0,0.512666603940171,1,MEDIUM
0,0.5122194723860947,1,MEDIUM
0,0.4182794321764666,0,MEDIUM
0,0.49088403127518443,0,MEDIUM
0,0.5323792120684265,1,MEDIUM
0,0.5194965423305805,1,MEDIUM
0,0.5253504657027481,1,MEDIUM
0,0.4827806918696783,0,MEDIUM
1,0.5057327545276559,1,MEDIUM
1,0.5028604121499579,1,MEDIUM
1,0.49927594542949894,0,MEDIUM
0,0.468427671707329,0,MEDIUM
0,0.5112100191170487,1,MEDIUM
0,0.5113930618085138,1,MEDIUM
0,0.4479804446821844,0,MEDIUM
0,0.44039907585483257,0,MEDIUM
0,0.4696683068054939,0,MEDIUM
1,0.4303429398432596,0,MEDIUM
0,0.47624983326474885,0,MEDIUM
0,0.5160262950168976,1,MEDIUM
0,0.43512807133509745,0,MEDIUM
0,0.4662786026295026,0,MEDIUM
0,0.5277413862356634,1,MEDIUM
0,0.5579791222805033,1,MEDIUM
0,0.503808031662986,1,MEDIUM
1,0.45813940319774094,0,MEDIUM
0,0.3907715421009162,0,MEDIUM
0,0.46183557964006966,0,MEDIUM
0,0.5072134886129439,1,MEDIUM
0,0.4845577813997011,0,MEDIUM
0,0.43391386567999335,0,MEDIUM
0,0.5552558192731757,1,MEDIUM
1,0.5093042399800047,1,MEDIUM
0,0.4770055402961535,0,MEDIUM
0,0.5319824951289222,1,MEDIUM
0,0.4573698407993382,0,MEDIUM
0,0.4715562791267961,0,MEDIUM
0,0.47189593389467355,0,MEDIUM
0,0.5001440395344444,1,MEDIUM
0,0.5436498995010633,1,MEDIUM
1,0.49451709853771364,0,MEDIUM
0,0.4554889382013295,0,MEDIUM
0,0.49439322735027885,0,MEDIUM
0,0.49077113010644957,0,MEDIUM
0,0.528613694936091,1,MEDIUM
0,0.4850272753972091,0,MEDIUM
0,0.45804129907234586,0,MEDIUM
0,0.5062447822224958,1,MEDIUM
0,0.4969526725720378,0,MEDIUM
0,0.4887665680353815,0,MEDIUM
0,0.49633056388113844,0,MEDIUM
0,0.4657235025270065,0,MEDIUM
0,0.4842258419629182,0,MEDIUM
0,0.5338173043240483,1,MEDIUM
0,0.5118991333345428,1,MEDIUM
0,0.48489069630056814,0,MEDIUM
0,0.5079645128948187,1,MEDIUM
0,0.481914247375848,0,MEDIUM
0,0.5046189882319744,1,MEDIUM
0,0.5013130063866907,1,MEDIUM
0,0.5071831535953576,1,MEDIUM
1,0.4808694921734893,0,MEDIUM
1,0.5239972303289373,1,MEDIUM
0,0.5198632171132413,1,MEDIUM
0,0.48657780556179825,0,MEDIUM
0,0.5259962552822284,1,MEDIUM
0,0.4683993347115606,0,MEDIUM
0,0.506372601365299,1,MEDIUM
0,0.5530332094450181,1,MEDIUM
0,0.5304580314659758,1,MEDIUM
0,0.4982768039398342,0,MEDIUM
0,0.591927802312274,1,MEDIUM
0,0.49797869583724214,0,MEDIUM
0,0.5339348402236344,1,MEDIUM
1,0.48958268376141745,0,MEDIUM
0,0.4781802001160333,0,MEDIUM
0,0.5045044833740353,1,MEDIUM
0,0.48265771832180865,0,MEDIUM
0,0.5123058964439838,1,MEDIUM
0,0.5649517459564171,1,MEDIUM
1,0.4792668468313368,0,MEDIUM
0,0.5869896327394621,1,MEDIUM
0,0.5530718770161719,1,MEDIUM
0,0.5261704752514836,1,MEDIUM
0,0.4818853347873384,0,MEDIUM
0,0.5265501952777647,1,MEDIUM
0,0.5024965523813245,1,MEDIUM
0,0.48719844672610413,0,MEDIUM
0,0.49176186911406383,0,MEDIUM
0,0.5252026384512613,1,MEDIUM
0,0.5216503519735465,1,MEDIUM
0,0.5100341544735474,1,MEDIUM
0,0.4828968156316069,0,MEDIUM
0,0.5209464595838312,1,MEDIUM
1,0.5580884104818506,1,MEDIUM
0,0.4806576784101621,0,MEDIUM
1,0.5366563797429771,1,MEDIUM
0,0.5121074538944499,1,MEDIUM
0,0.45593064491125324,0,MEDIUM
0,0.5226054990114193,1,MEDIUM
1,0.5185254189993591,1,MEDIUM
0,0.5390500231106115,1,MEDIUM
0,0.5141626163139272,1,MEDIUM
0,0.4535043046921584,0,MEDIUM
0,0.45583559478598124,0,MEDIUM
0,0.49251307588103393,0,MEDIUM
0,0.4993498450418499,0,MEDIUM
0,0.4856891584905101,0,MEDIUM
0,0.49973388247828265,0,MEDIUM
0,0.5114831845809897,1,MEDIUM
0,0.4689478685497223,0,MEDIUM
0,0.47689094201776183,0,MEDIUM
0,0.5077848961787887,1,MEDIUM
0,0.5185693214074626,1,MEDIUM
0,0.49517254063418925,0,MEDIUM
1,0.43044668915806966,0,MEDIUM
0,0.5533114906610392,1,MEDIUM
0,0.4786233615513596,0,MEDIUM
0,0.42182698121634804,0,MEDIUM
0,0.5275876426987667,1,MEDIUM
0,0.54417468448326,1,MEDIUM
0,0.5173357655920771,1,MEDIUM
1,0.470970625011681,0,MEDIUM
0,0.4972676392290652,0,MEDIUM
0,0.45495768222816635,0,MEDIUM
0,0.4929999513987882,0,MEDIUM
0,0.5209905207797657,1,MEDIUM
0,0.46204776582870877,0,MEDIUM
0,0.4865182993525281,0,MEDIUM
1,0.48581704347334265,0,MEDIUM
1,0.543665168207742,1,MEDIUM
0,0.5410207162832298,1,MEDIUM
0,0.4531021690254711,0,MEDIUM
0,0.5107929109614917,1,MEDIUM
1,0.5278941645965057,1,MEDIUM
0,0.5375029942015985,1,MEDIUM
0,0.46498047660593766,0,MEDIUM
1,0.4793147147687328,0,MEDIUM
0,0.49602060777892726,0,MEDIUM
0,0.5273291567170999,1,MEDIUM
0,0.4658398388197606,0,MEDIUM
0,0.47928367056438087,0,MEDIUM
0,0.5055564466835645,1,MEDIUM
0,0.47669581249838905,0,MEDIUM
0,0.5040096269490445,1,MEDIUM
0,0.5193404744326909,1,MEDIUM
0,0.5252004338201878,1,MEDIUM
0,0.5268124463819497,1,MEDIUM
0,0.5130205731065149,1,MEDIUM
0,0.5151597170552328,1,MEDIUM
0,0.46899239004619575,0,MEDIUM
0,0.5377975855881482,1,MEDIUM
0,0.4440820188914848,0,MEDIUM
0,0.535469221732443,1,MEDIUM
0,0.5241076347722103,1,MEDIUM
1,0.4674804166260111,0,MEDIUM
0,0.5457440257742171,1,MEDIUM
0,0.4590090185329493,0,MEDIUM
1,0.5312344344481786,1,MEDIUM
0,0.51457113926665,1,MEDIUM
0,0.5579903003922501,1,MEDIUM
1,0.4816298234877086,0,MEDIUM
0,0.4891645808374496,0,MEDIUM
0,0.44930005662833805,0,MEDIUM
0,0.5692724371644925,1,MEDIUM
0,0.4770284805272274,0,MEDIUM
0,0.49320209561276535,0,MEDIUM
0,0.5626415628150547,1,MEDIUM
0,0.5099368831373344,1,MEDIUM
0,0.4633763554848375,0,MEDIUM
1,0.47926481112858427,0,MEDIUM
0,0.5231231088967614,1,MEDIUM
0,0.5318342529581275,1,MEDIUM
0,0.48917144125923656,0,MEDIUM
0,0.48517360690362576,0,MEDIUM
0,0.5102766062901041,1,MEDIUM
0,0.5371842327005714,1,MEDIUM
0,0.5095719716353037,1,MEDIUM
0,0.4975646380846966,0,MEDIUM
0,0.4703214881711819,0,MEDIUM
0,0.4522519441970776,0,MEDIUM
0,0.47200666311533773,0,MEDIUM
0,0.5227548122704134,1,MEDIUM
0,0.5181611153316321,1,MEDIUM
1,0.514824518239765,1,MEDIUM
0,0.5489088640748542,1,MEDIUM
0,0.49924491485456624,0,MEDIUM
1,0.5118037219411872,1,MEDIUM
0,0.5754632245332054,1,MEDIUM
0,0.5244168230632757,1,MEDIUM
0,0.45597627829008597,0,MEDIUM
1,0.5518010460651683,1,MEDIUM
1,0.4975861691282079,0,MEDIUM
0,0.49291782728124905,0,MEDIUM
0,0.46955806884202683,0,MEDIUM
0,0.5188664141456965,1,MEDIUM
0,0.48094824576705686,0,MEDIUM
0,0.5065828685908663,1,MEDIUM
1,0.5555012269054913,1,MEDIUM
0,0.4383367396682477,0,MEDIUM
