booking_id,customer_id,cancellation_probability_pct,risk_level,priority,intervention_type,recommended_action,business_objective
UNKNOWN,UNKNOWN,46.76,MEDIUM,MEDIUM,Travel reminder,Send automated reminder closer to travel date.,Keep customer engaged and reduce avoidable cancellations.
UNKNOWN,UNKNOWN,45.64,MEDIUM,MEDIUM,Travel reminder,Send automated reminder closer to travel date.,Keep customer engaged and reduce avoidable cancellations.
UNKNOWN,UNKNOWN,50.75,MEDIUM,MEDIUM,Travel reminder,Send automated reminder closer to travel date.,Keep customer engaged and reduce avoidable cancellations.
UNKNOWN,UNKNOWN,49.39,MEDIUM,MEDIUM,Travel reminder,Send automated reminder closer to travel date.,Keep customer engaged and reduce avoidable cancellations.
UNKNOWN,UNKNOWN,46.53,MEDIUM,MEDIUM,Travel reminder,Send automated reminder closer to travel date.,Keep customer engaged and reduce avoidable cancellations.
UNKNOWN,UNKNOWN,52.39,MEDIUM,MEDIUM,Travel reminder,Send automated reminder closer to travel date.,Keep customer engaged and reduce avoidable cancellations.
UNKNOWN,UNKNOWN,50.76,MEDIUM,MEDIUM,Travel reminder,Send automated reminder closer to travel date.,Keep customer engaged and reduce avoidable cancellations.
UNKNOWN,UNKNOWN,50.84,MEDIUM,MEDIUM,Travel reminder,Send automated reminder closer to travel date.,Keep customer engaged and reduce avoidable cancellations.
UNKNOWN,UNKNOWN,48.87,MEDIUM,MEDIUM,Travel reminder,Send automated reminder closer to travel date.,Keep customer engaged and reduce avoidable cancellations.
UNKNOWN,UNKNOWN,48.9,MEDIUM,MEDIUM,Travel reminder,Send automated reminder closer to travel date.,Keep customer engaged and reduce avoidable cancellations.
UNKNOWN,UNKNOWN,55.25,MEDIUM,MEDIUM,Travel reminder,Send automated reminder closer to travel date.,Keep customer engaged and reduce avoidable cancellations.
UNKNOWN,UNKNOWN,46.87,MEDIUM,MEDIUM,Travel reminder,Send automated reminder closer to travel date.,Keep customer engaged and reduce avoidable cancellations.
UNKNOWN,UNKNOWN,48.39,MEDIUM,MEDIUM,Travel reminder,Send automated reminder closer to travel date.,Keep customer engaged and reduce avoidable cancellations.
UNKNOWN,UNKNOWN,50.44,MEDIUM,MEDIUM,Travel reminder,Send automated reminder closer to travel date.,Keep customer engaged and reduce avoidable cancellations.
UNKNOWN,UNKNOWN,58.03,MEDIUM,MEDIUM,Travel reminder,Send automated reminder closer to travel date.,Keep customer engaged and reduce avoidable cancellations.
UNKNOWN,UNKNOWN,50.96,MEDIUM,MEDIUM,Travel reminder,Send automated reminder closer to travel date.,Keep customer engaged and reduce avoidable cancellations.
UNKNOWN,UNKNOWN,49.12,MEDIUM,MEDIUM,Travel reminder,Send automated reminder closer to travel date.,Keep customer engaged and reduce avoidable cancellations.
UNKNOWN,UNKNOWN,51.27,MEDIUM,MEDIUM,Travel reminder,Send automated reminder closer to travel date.,Keep customer engaged and reduce avoidable cancellations.
UNKNOWN,UNKNOWN,51.91,MEDIUM,MEDIUM,Travel reminder,Send automated reminder closer to travel date.,Keep customer engaged and reduce avoidable cancellations.
UNKNOWN,UNKNOWN,55.88,MEDIUM,MEDIUM,Travel reminder,Send automated reminder closer to travel date.,Keep customer engaged and reduce avoidable cancellations.
UNKNOWN,UNKNOWN,49.63,MEDIUM,MEDIUM,Travel reminder,Send automated reminder closer to travel date.,Keep customer engaged and reduce avoidable cancellations.
UNKNOWN,UNKNOWN,51.85,MEDIUM,MEDIUM,Travel reminder,Send automated reminder closer to travel date.,Keep customer engaged and reduce avoidable cancellations.
UNKNOWN,UNKNOWN,47.77,MEDIUM,MEDIUM,Travel reminder,Send automated reminder closer to travel date.,Keep customer engaged and reduce avoidable cancellations.
UNKNOWN,UNKNOWN,55.92,MEDIUM,MEDIUM,Travel reminder,Send automated reminder closer to travel date.,Keep customer engaged and reduce avoidable cancellations.
UNKNOWN,UNKNOWN,53.59,MEDIUM,MEDIUM,Travel reminder,Send automated reminder closer to travel date.,Keep customer engaged and reduce avoidable cancellations.
UNKNOWN,UNKNOWN,56.32,MEDIUM,MEDIUM,Travel reminder,Send automated reminder closer to travel date.,Keep customer engaged and reduce avoidable cancellations.
UNKNOWN,UNKNOWN,47.12,MEDIUM,MEDIUM,Travel reminder,Send automated reminder closer to travel date.,Keep customer engaged and reduce avoidable cancellations.
UNKNOWN,UNKNOWN,49.36,MEDIUM,MEDIUM,Travel reminder,Send automated reminder closer to travel date.,Keep customer engaged and reduce avoidable cancellations.
UNKNOWN,UNKNOWN,48.21,MEDIUM,MEDIUM,Travel reminder,Send automated reminder closer to travel date.,Keep customer engaged and reduce avoidable cancellations.
UNKNOWN,UNKNOWN,40.66,MEDIUM,MEDIUM,Travel reminder,Send automated reminder closer to travel date.,Keep customer engaged and reduce avoidable cancellations.
UNKNOWN,UNKNOWN,50.01,MEDIUM,MEDIUM,Travel reminder,Send automated reminder closer to travel date.,Keep customer engaged and reduce avoidable cancellations.
UNKNOWN,UNKNOWN,49.29,MEDIUM,MEDIUM,Travel reminder,Send automated reminder closer to travel date.,Keep customer engaged and reduce avoidable cancellations.
UNKNOWN,UNKNOWN,44.24,MEDIUM,MEDIUM,Travel reminder,Send automated reminder closer to travel date.,Keep customer engaged and reduce avoidable cancellations.
UNKNOWN,UNKNOWN,48.76,MEDIUM,MEDIUM,Travel reminder,Send automated reminder closer to travel date.,Keep customer engaged and reduce avoidable cancellations.
UNKNOWN,UNKNOWN,47.86,MEDIUM,MEDIUM,Travel reminder,Send automated reminder closer to travel date.,Keep customer engaged and reduce avoidable cancellations.
UNKNOWN,UNKNOWN,47.7,MEDIUM,MEDIUM,Travel reminder,Send automated reminder closer to travel date.,Keep customer engaged and reduce avoidable cancellations.
UNKNOWN,UNKNOWN,50.1,MEDIUM,MEDIUM,Travel reminder,Send automated reminder closer to travel date.,Keep customer engaged and reduce avoidable cancellations.
UNKNOWN,UNKNOWN,47.95,MEDIUM,MEDIUM,Travel reminder,Send automated reminder closer to travel date.,Keep customer engaged and reduce avoidable cancellations.
UNKNOWN,UNKNOWN,50.94,MEDIUM,MEDIUM,Travel reminder,Send automated reminder closer to travel date.,Keep customer engaged and reduce avoidable cancellations.
UNKNOWN,UNKNOWN,51.42,MEDIUM,MEDIUM,Travel reminder,Send automated reminder closer to travel date.,Keep customer engaged and reduce avoidable cancellations.
UNKNOWN,UNKNOWN,52.17,MEDIUM,MEDIUM,Travel reminder,Send automated reminder closer to travel date.,Keep customer engaged and reduce avoidable cancellations.
UNKNOWN,UNKNOWN,48.92,MEDIUM,MEDIUM,Travel reminder,Send automated reminder closer to travel date.,Keep customer engaged and reduce avoidable cancellations.
UNKNOWN,UNKNOWN,46.76,MEDIUM,MEDIUM,Travel reminder,Send automated reminder closer to travel date.,Keep customer engaged and reduce avoidable cancellations.
UNKNOWN,UNKNOWN,48.3,MEDIUM,MEDIUM,Travel reminder,Send automated reminder closer to travel date.,Keep customer engaged and reduce avoidable cancellations.
UNKNOWN,UNKNOWN,45.74,MEDIUM,MEDIUM,Travel reminder,Send automated reminder closer to travel date.,Keep customer engaged and reduce avoidable cancellations.
UNKNOWN,UNKNOWN,50.37,MEDIUM,MEDIUM,Travel reminder,Send automated reminder closer to travel date.,Keep customer engaged and reduce avoidable cancellations.
UNKNOWN,UNKNOWN,46.7,MEDIUM,MEDIUM,Travel reminder,Send automated reminder closer to travel date.,Keep customer engaged and reduce avoidable cancellations.
UNKNOWN,UNKNOWN,46.07,MEDIUM,MEDIUM,Travel reminder,Send automated reminder closer to travel date.,Keep customer engaged and reduce avoidable cancellations.
UNKNOWN,UNKNOWN,51.98,MEDIUM,MEDIUM,Travel reminder,Send automated reminder closer to travel date.,Keep customer engaged and reduce avoidable cancellations.
UNKNOWN,UNKNOWN,51.86,MEDIUM,MEDIUM,Travel reminder,Send automated reminder closer to travel date.,Keep customer engaged and reduce avoidable cancellations.
UNKNOWN,UNKNOWN,45.85,MEDIUM,MEDIUM,Travel reminder,Send automated reminder closer to travel date.,Keep customer engaged and reduce avoidable cancellations.
UNKNOWN,UNKNOWN,51.37,MEDIUM,MEDIUM,Travel reminder,Send automated reminder closer to travel date.,Keep customer engaged and reduce avoidable cancellations.
UNKNOWN,UNKNOWN,49.5,MEDIUM,MEDIUM,Travel reminder,Send automated reminder closer to travel date.,Keep customer engaged and reduce avoidable cancellations.
UNKNOWN,UNKNOWN,49.28,MEDIUM,MEDIUM,Travel reminder,Send automated reminder closer to travel date.,Keep customer engaged and reduce avoidable cancellations.
UNKNOWN,UNKNOWN,50.41,MEDIUM,MEDIUM,Travel reminder,Send automated reminder closer to travel date.,Keep customer engaged and reduce avoidable cancellations.
UNKNOWN,UNKNOWN,48.77,MEDIUM,MEDIUM,Travel reminder,Send automated reminder closer to travel date.,Keep customer engaged and reduce avoidable cancellations.
UNKNOWN,UNKNOWN,53.94,MEDIUM,MEDIUM,Travel reminder,Send automated reminder closer to travel date.,Keep customer engaged and reduce avoidable cancellations.
UNKNOWN,UNKNOWN,50.11,MEDIUM,MEDIUM,Travel reminder,Send automated reminder closer to travel date.,Keep customer engaged and reduce avoidable cancellations.
UNKNOWN,UNKNOWN,54.98,MEDIUM,MEDIUM,Travel reminder,Send automated reminder closer to travel date.,Keep customer engaged and reduce avoidable cancellations.
UNKNOWN,UNKNOWN,48.03,MEDIUM,MEDIUM,Travel reminder,Send automated reminder closer to travel date.,Keep customer engaged and reduce avoidable cancellations.
UNKNOWN,UNKNOWN,53.64,MEDIUM,MEDIUM,Travel reminder,Send automated reminder closer to travel date.,Keep customer engaged and reduce avoidable cancellations.
UNKNOWN,UNKNOWN,51.99,MEDIUM,MEDIUM,Travel reminder,Send automated reminder closer to travel date.,Keep customer engaged and reduce avoidable cancellations.
UNKNOWN,UNKNOWN,52.02,MEDIUM,MEDIUM,Travel reminder,Send automated reminder closer to travel date.,Keep customer engaged and reduce avoidable cancellations.
UNKNOWN,UNKNOWN,54.24,MEDIUM,MEDIUM,Travel reminder,Send automated reminder closer to travel date.,Keep customer engaged and reduce avoidable cancellations.
UNKNOWN,UNKNOWN,49.83,MEDIUM,MEDIUM,Travel reminder,Send automated reminder closer to travel date.,Keep customer engaged and reduce avoidable cancellations.
UNKNOWN,UNKNOWN,48.48,MEDIUM,MEDIUM,Travel reminder,Send automated reminder closer to travel date.,Keep customer engaged and reduce avoidable cancellations.
UNKNOWN,UNKNOWN,51.95,MEDIUM,MEDIUM,Travel reminder,Send automated reminder closer to travel date.,Keep customer engaged and reduce avoidable cancellations.
UNKNOWN,UNKNOWN,57.79,MEDIUM,MEDIUM,Travel reminder,Send automated reminder closer to travel date.,Keep customer engaged and reduce avoidable cancellations.
UNKNOWN,UNKNOWN,53.9,MEDIUM,MEDIUM,Travel reminder,Send automated reminder closer to travel date.,Keep customer engaged and reduce avoidable cancellations.
UNKNOWN,UNKNOWN,50.71,MEDIUM,MEDIUM,Travel reminder,Send automated reminder closer to travel date.,Keep customer engaged and reduce avoidable cancellations.
UNKNOWN,UNKNOWN,48.55,MEDIUM,MEDIUM,Travel reminder,Send automated reminder closer to travel date.,Keep customer engaged and reduce avoidable cancellations.
UNKNOWN,UNKNOWN,58.23,MEDIUM,MEDIUM,Travel reminder,Send automated reminder closer to travel date.,Keep customer engaged and reduce avoidable cancellations.
UNKNOWN,UNKNOWN,49.79,MEDIUM,MEDIUM,Travel reminder,Send automated reminder closer to travel date.,Keep customer engaged and reduce avoidable cancellations.
UNKNOWN,UNKNOWN,53.83,MEDIUM,MEDIUM,Travel reminder,Send automated reminder closer to travel date.,Keep customer engaged and reduce avoidable cancellations.
UNKNOWN,UNKNOWN,45.25,MEDIUM,MEDIUM,Travel reminder,Send automated reminder closer to travel date.,Keep customer engaged and reduce avoidable cancellations.
UNKNOWN,UNKNOWN,52.81,MEDIUM,MEDIUM,Travel reminder,Send automated reminder closer to travel date.,Keep customer engaged and reduce avoidable cancellations.
UNKNOWN,UNKNOWN,46.29,MEDIUM,MEDIUM,Travel reminder,Send automated reminder closer to travel date.,Keep customer engaged and reduce avoidable cancellations.
UNKNOWN,UNKNOWN,50.42,MEDIUM,MEDIUM,Travel reminder,Send automated reminder closer to travel date.,Keep customer engaged and reduce avoidable cancellations.
UNKNOWN,UNKNOWN,50.68,MEDIUM,MEDIUM,Travel reminder,Send automated reminder closer to travel date.,Keep customer engaged and reduce avoidable cancellations.
UNKNOWN,UNKNOWN,52.77,MEDIUM,MEDIUM,Travel reminder,Send automated reminder closer to travel date.,Keep customer engaged and reduce avoidable cancellations.
UNKNOWN,UNKNOWN,51.23,MEDIUM,MEDIUM,Travel reminder,Send automated reminder closer to travel date.,Keep customer engaged and reduce avoidable cancellations.
UNKNOWN,UNKNOWN,49.09,MEDIUM,MEDIUM,Travel reminder,Send automated reminder closer to travel date.,Keep customer engaged and reduce avoidable cancellations.
UNKNOWN,UNKNOWN,49.1,MEDIUM,MEDIUM,Travel reminder,Send automated reminder closer to travel date.,Keep customer engaged and reduce avoidable cancellations.
UNKNOWN,UNKNOWN,49.03,MEDIUM,MEDIUM,Travel reminder,Send automated reminder closer to travel date.,Keep customer engaged and reduce avoidable cancellations.
UNKNOWN,UNKNOWN,53.25,MEDIUM,MEDIUM,Travel reminder,Send automated reminder closer to travel date.,Keep customer engaged and reduce avoidable cancellations.
UNKNOWN,UNKNOWN,43.41,MEDIUM,MEDIUM,Travel reminder,Send automated reminder closer to travel date.,Keep customer engaged and reduce avoidable cancellations.
UNKNOWN,UNKNOWN,50.5,MEDIUM,MEDIUM,Travel reminder,Send automated reminder closer to travel date.,Keep customer engaged and reduce avoidable cancellations.
UNKNOWN,UNKNOWN,48.99,MEDIUM,MEDIUM,Travel reminder,Send automated reminder closer to travel date.,Keep customer engaged and reduce avoidable cancellations.
UNKNOWN,UNKNOWN,53.32,MEDIUM,MEDIUM,Travel reminder,Send automated reminder closer to travel date.,Keep customer engaged and reduce avoidable cancellations.
UNKNOWN,UNKNOWN,52.48,MEDIUM,MEDIUM,Travel reminder,Send automated reminder closer to travel date.,Keep customer engaged and reduce avoidable cancellations.
UNKNOWN,UNKNOWN,49.14,MEDIUM,MEDIUM,Travel reminder,Send automated reminder closer to travel date.,Keep customer engaged and reduce avoidable cancellations.
UNKNOWN,UNKNOWN,45.44,MEDIUM,MEDIUM,Travel reminder,Send automated reminder closer to travel date.,Keep customer engaged and reduce avoidable cancellations.
UNKNOWN,UNKNOWN,50.63,MEDIUM,MEDIUM,Travel reminder,Send automated reminder closer to travel date.,Keep customer engaged and reduce avoidable cancellations.
UNKNOWN,UNKNOWN,48.86,MEDIUM,MEDIUM,Travel reminder,Send automated reminder closer to travel date.,Keep customer engaged and reduce avoidable cancellations.
UNKNOWN,UNKNOWN,47.48,MEDIUM,MEDIUM,Travel reminder,Send automated reminder closer to travel date.,Keep customer engaged and reduce avoidable cancellations.
UNKNOWN,UNKNOWN,49.77,MEDIUM,MEDIUM,Travel reminder,Send automated reminder closer to travel date.,Keep customer engaged and reduce avoidable cancellations.
UNKNOWN,UNKNOWN,47.78,MEDIUM,MEDIUM,Travel reminder,Send automated reminder closer to travel date.,Keep customer engaged and reduce avoidable cancellations.
UNKNOWN,UNKNOWN,50.43,MEDIUM,MEDIUM,Travel reminder,Send automated reminder closer to travel date.,Keep customer engaged and reduce avoidable cancellations.
UNKNOWN,UNKNOWN,53.19,MEDIUM,MEDIUM,Travel reminder,Send automated reminder closer to travel date.,Keep customer engaged and reduce avoidable cancellations.
UNKNOWN,UNKNOWN,56.63,MEDIUM,MEDIUM,Travel reminder,Send automated reminder closer to travel date.,Keep customer engaged and reduce avoidable cancellations.
UNKNOWN,UNKNOWN,58.89,MEDIUM,MEDIUM,Travel reminder,Send automated reminder closer to travel date.,Keep customer engaged and reduce avoidable cancellations.
UNKNOWN,UNKNOWN,48.97,MEDIUM,MEDIUM,Travel reminder,Send automated reminder closer to travel date.,Keep customer engaged and reduce avoidable cancellations.
UNKNOWN,UNKNOWN,47.28,MEDIUM,MEDIUM,Travel reminder,Send automated reminder closer to travel date.,Keep customer engaged and reduce avoidable cancellations.
UNKNOWN,UNKNOWN,54.81,MEDIUM,MEDIUM,Travel reminder,Send automated reminder closer to travel date.,Keep customer engaged and reduce avoidable cancellations.
UNKNOWN,UNKNOWN,56.11,MEDIUM,MEDIUM,Travel reminder,Send automated reminder closer to travel date.,Keep customer engaged and reduce avoidable cancellations.
UNKNOWN,UNKNOWN,46.88,MEDIUM,MEDIUM,Travel reminder,Send automated reminder closer to travel date.,Keep customer engaged and reduce avoidable cancellations.
UNKNOWN,UNKNOWN,52.75,MEDIUM,MEDIUM,Travel reminder,Send automated reminder closer to travel date.,Keep customer engaged and reduce avoidable cancellations.
UNKNOWN,UNKNOWN,51.68,MEDIUM,MEDIUM,Travel reminder,Send automated reminder closer to travel date.,Keep customer engaged and reduce avoidable cancellations.
UNKNOWN,UNKNOWN,51.55,MEDIUM,MEDIUM,Travel reminder,Send automated reminder closer to travel date.,Keep customer engaged and reduce avoidable cancellations.
UNKNOWN,UNKNOWN,52.12,MEDIUM,MEDIUM,Travel reminder,Send automated reminder closer to travel date.,Keep customer engaged and reduce avoidable cancellations.
UNKNOWN,UNKNOWN,49.28,MEDIUM,MEDIUM,Travel reminder,Send automated reminder closer to travel date.,Keep customer engaged and reduce avoidable cancellations.
UNKNOWN,UNKNOWN,45.46,MEDIUM,MEDIUM,Travel reminder,Send automated reminder closer to travel date.,Keep customer engaged and reduce avoidable cancellations.
UNKNOWN,UNKNOWN,54.09,MEDIUM,MEDIUM,Travel reminder,Send automated reminder closer to travel date.,Keep customer engaged and reduce avoidable cancellations.
UNKNOWN,UNKNOWN,46.28,MEDIUM,MEDIUM,Travel reminder,Send automated reminder closer to travel date.,Keep customer engaged and reduce avoidable cancellations.
UNKNOWN,UNKNOWN,52.66,MEDIUM,MEDIUM,Travel reminder,Send automated reminder closer to travel date.,Keep customer engaged and reduce avoidable cancellations.
UNKNOWN,UNKNOWN,51.83,MEDIUM,MEDIUM,Travel reminder,Send automated reminder closer to travel date.,Keep customer engaged and reduce avoidable cancellations.
UNKNOWN,UNKNOWN,51.1,MEDIUM,MEDIUM,Travel reminder,Send automated reminder closer to travel date.,Keep customer engaged and reduce avoidable cancellations.
UNKNOWN,UNKNOWN,54.04,MEDIUM,MEDIUM,Travel reminder,Send automated reminder closer to travel date.,Keep customer engaged and reduce avoidable cancellations.
UNKNOWN,UNKNOWN,51.93,MEDIUM,MEDIUM,Travel reminder,Send automated reminder closer to travel date.,Keep customer engaged and reduce avoidable cancellations.
UNKNOWN,UNKNOWN,52.46,MEDIUM,MEDIUM,Travel reminder,Send automated reminder closer to travel date.,Keep customer engaged and reduce avoidable cancellations.
UNKNOWN,UNKNOWN,51.32,MEDIUM,MEDIUM,Travel reminder,Send automated reminder closer to travel date.,Keep customer engaged and reduce avoidable cancellations.
UNKNOWN,UNKNOWN,50.73,MEDIUM,MEDIUM,Travel reminder,Send automated reminder closer to travel date.,Keep customer engaged and reduce avoidable cancellations.
UNKNOWN,UNKNOWN,52.82,MEDIUM,MEDIUM,Travel reminder,Send automated reminder closer to travel date.,Keep customer engaged and reduce avoidable cancellations.
UNKNOWN,UNKNOWN,50.68,MEDIUM,MEDIUM,Travel reminder,Send automated reminder closer to travel date.,Keep customer engaged and reduce avoidable cancellations.
UNKNOWN,UNKNOWN,49.04,MEDIUM,MEDIUM,Travel reminder,Send automated reminder closer to travel date.,Keep customer engaged and reduce avoidable cancellations.
UNKNOWN,UNKNOWN,50.67,MEDIUM,MEDIUM,Travel reminder,Send automated reminder closer to travel date.,Keep customer engaged and reduce avoidable cancellations.
UNKNOWN,UNKNOWN,44.13,MEDIUM,MEDIUM,Travel reminder,Send automated reminder closer to travel date.,Keep customer engaged and reduce avoidable cancellations.
UNKNOWN,UNKNOWN,54.03,MEDIUM,MEDIUM,Travel reminder,Send automated reminder closer to travel date.,Keep customer engaged and reduce avoidable cancellations.
UNKNOWN,UNKNOWN,48.5,MEDIUM,MEDIUM,Travel reminder,Send automated reminder closer to travel date.,Keep customer engaged and reduce avoidable cancellations.
UNKNOWN,UNKNOWN,50.55,MEDIUM,MEDIUM,Travel reminder,Send automated reminder closer to travel date.,Keep customer engaged and reduce avoidable cancellations.
UNKNOWN,UNKNOWN,49.1,MEDIUM,MEDIUM,Travel reminder,Send automated reminder closer to travel date.,Keep customer engaged and reduce avoidable cancellations.
UNKNOWN,UNKNOWN,53.2,MEDIUM,MEDIUM,Travel reminder,Send automated reminder closer to travel date.,Keep customer engaged and reduce avoidable cancellations.
UNKNOWN,UNKNOWN,42.38,MEDIUM,MEDIUM,Travel reminder,Send automated reminder closer to travel date.,Keep customer engaged and reduce avoidable cancellations.
UNKNOWN,UNKNOWN,49.35,MEDIUM,MEDIUM,Travel reminder,Send automated reminder closer to travel date.,Keep customer engaged and reduce avoidable cancellations.
UNKNOWN,UNKNOWN,57.48,MEDIUM,MEDIUM,Travel reminder,Send automated reminder closer to travel date.,Keep customer engaged and reduce avoidable cancellations.
UNKNOWN,UNKNOWN,53.08,MEDIUM,MEDIUM,Travel reminder,Send automated reminder closer to travel date.,Keep customer engaged and reduce avoidable cancellations.
UNKNOWN,UNKNOWN,53.37,MEDIUM,MEDIUM,Travel reminder,Send automated reminder closer to travel date.,Keep customer engaged and reduce avoidable cancellations.
UNKNOWN,UNKNOWN,51.93,MEDIUM,MEDIUM,Travel reminder,Send automated reminder closer to travel date.,Keep customer engaged and reduce avoidable cancellations.
UNKNOWN,UNKNOWN,49.73,MEDIUM,MEDIUM,Travel reminder,Send automated reminder closer to travel date.,Keep customer engaged and reduce avoidable cancellations.
UNKNOWN,UNKNOWN,43.87,MEDIUM,MEDIUM,Travel reminder,Send automated reminder closer to travel date.,Keep customer engaged and reduce avoidable cancellations.
UNKNOWN,UNKNOWN,49.14,MEDIUM,MEDIUM,Travel reminder,Send automated reminder closer to travel date.,Keep customer engaged and reduce avoidable cancellations.
UNKNOWN,UNKNOWN,51.56,MEDIUM,MEDIUM,Travel reminder,Send automated reminder closer to travel date.,Keep customer engaged and reduce avoidable cancellations.
UNKNOWN,UNKNOWN,44.37,MEDIUM,MEDIUM,Travel reminder,Send automated reminder closer to travel date.,Keep customer engaged and reduce avoidable cancellations.
UNKNOWN,UNKNOWN,54.34,MEDIUM,MEDIUM,Travel reminder,Send automated reminder closer to travel date.,Keep customer engaged and reduce avoidable cancellations.
UNKNOWN,UNKNOWN,47.51,MEDIUM,MEDIUM,Travel reminder,Send automated reminder closer to travel date.,Keep customer engaged and reduce avoidable cancellations.
UNKNOWN,UNKNOWN,49.5,MEDIUM,MEDIUM,Travel reminder,Send automated reminder closer to travel date.,Keep customer engaged and reduce avoidable cancellations.
UNKNOWN,UNKNOWN,54.34,MEDIUM,MEDIUM,Travel reminder,Send automated reminder closer to travel date.,Keep customer engaged and reduce avoidable cancellations.
UNKNOWN,UNKNOWN,46.56,MEDIUM,MEDIUM,Travel reminder,Send automated reminder closer to travel date.,Keep customer engaged and reduce avoidable cancellations.
UNKNOWN,UNKNOWN,47.69,MEDIUM,MEDIUM,Travel reminder,Send automated reminder closer to travel date.,Keep customer engaged and reduce avoidable cancellations.
UNKNOWN,UNKNOWN,51.81,MEDIUM,MEDIUM,Travel reminder,Send automated reminder closer to travel date.,Keep customer engaged and reduce avoidable cancellations.
UNKNOWN,UNKNOWN,47.81,MEDIUM,MEDIUM,Travel reminder,Send automated reminder closer to travel date.,Keep customer engaged and reduce avoidable cancellations.
UNKNOWN,UNKNOWN,44.55,MEDIUM,MEDIUM,Travel reminder,Send automated reminder closer to travel date.,Keep customer engaged and reduce avoidable cancellations.
UNKNOWN,UNKNOWN,54.4,MEDIUM,MEDIUM,Travel reminder,Send automated reminder closer to travel date.,Keep customer engaged and reduce avoidable cancellations.
UNKNOWN,UNKNOWN,47.64,MEDIUM,MEDIUM,Travel reminder,Send automated reminder closer to travel date.,Keep customer engaged and reduce avoidable cancellations.
UNKNOWN,UNKNOWN,54.31,MEDIUM,MEDIUM,Travel reminder,Send automated reminder closer to travel date.,Keep customer engaged and reduce avoidable cancellations.
UNKNOWN,UNKNOWN,54.42,MEDIUM,MEDIUM,Travel reminder,Send automated reminder closer to travel date.,Keep customer engaged and reduce avoidable cancellations.
UNKNOWN,UNKNOWN,46.4,MEDIUM,MEDIUM,Travel reminder,Send automated reminder closer to travel date.,Keep customer engaged and reduce avoidable cancellations.
UNKNOWN,UNKNOWN,50.06,MEDIUM,MEDIUM,Travel reminder,Send automated reminder closer to travel date.,Keep customer engaged and reduce avoidable cancellations.
UNKNOWN,UNKNOWN,54.66,MEDIUM,MEDIUM,Travel reminder,Send automated reminder closer to travel date.,Keep customer engaged and reduce avoidable cancellations.
UNKNOWN,UNKNOWN,53.77,MEDIUM,MEDIUM,Travel reminder,Send automated reminder closer to travel date.,Keep customer engaged and reduce avoidable cancellations.
UNKNOWN,UNKNOWN,46.42,MEDIUM,MEDIUM,Travel reminder,Send automated reminder closer to travel date.,Keep customer engaged and reduce avoidable cancellations.
UNKNOWN,UNKNOWN,49.05,MEDIUM,MEDIUM,Travel reminder,Send automated reminder closer to travel date.,Keep customer engaged and reduce avoidable cancellations.
UNKNOWN,UNKNOWN,43.28,MEDIUM,MEDIUM,Travel reminder,Send automated reminder closer to travel date.,Keep customer engaged and reduce avoidable cancellations.
UNKNOWN,UNKNOWN,54.97,MEDIUM,MEDIUM,Travel reminder,Send automated reminder closer to travel date.,Keep customer engaged and reduce avoidable cancellations.
UNKNOWN,UNKNOWN,48.71,MEDIUM,MEDIUM,Travel reminder,Send automated reminder closer to travel date.,Keep customer engaged and reduce avoidable cancellations.
UNKNOWN,UNKNOWN,51.34,MEDIUM,MEDIUM,Travel reminder,Send automated reminder closer to travel date.,Keep customer engaged and reduce avoidable cancellations.
UNKNOWN,UNKNOWN,45.64,MEDIUM,MEDIUM,Travel reminder,Send automated reminder closer to travel date.,Keep customer engaged and reduce avoidable cancellations.
UNKNOWN,UNKNOWN,52.8,MEDIUM,MEDIUM,Travel reminder,Send automated reminder closer to travel date.,Keep customer engaged and reduce avoidable cancellations.
UNKNOWN,UNKNOWN,49.99,MEDIUM,MEDIUM,Travel reminder,Send automated reminder closer to travel date.,Keep customer engaged and reduce avoidable cancellations.
UNKNOWN,UNKNOWN,47.2,MEDIUM,MEDIUM,Travel reminder,Send automated reminder closer to travel date.,Keep customer engaged and reduce avoidable cancellations.
UNKNOWN,UNKNOWN,51.41,MEDIUM,MEDIUM,Travel reminder,Send automated reminder closer to travel date.,Keep customer engaged and reduce avoidable cancellations.
UNKNOWN,UNKNOWN,48.72,MEDIUM,MEDIUM,Travel reminder,Send automated reminder closer to travel date.,Keep customer engaged and reduce avoidable cancellations.
UNKNOWN,UNKNOWN,44.97,MEDIUM,MEDIUM,Travel reminder,Send automated reminder closer to travel date.,Keep customer engaged and reduce avoidable cancellations.
UNKNOWN,UNKNOWN,50.75,MEDIUM,MEDIUM,Travel reminder,Send automated reminder closer to travel date.,Keep customer engaged and reduce avoidable cancellations.
UNKNOWN,UNKNOWN,47.36,MEDIUM,MEDIUM,Travel reminder,Send automated reminder closer to travel date.,Keep customer engaged and reduce avoidable cancellations.
UNKNOWN,UNKNOWN,51.19,MEDIUM,MEDIUM,Travel reminder,Send automated reminder closer to travel date.,Keep customer engaged and reduce avoidable cancellations.
UNKNOWN,UNKNOWN,45.68,MEDIUM,MEDIUM,Travel reminder,Send automated reminder closer to travel date.,Keep customer engaged and reduce avoidable cancellations.
UNKNOWN,UNKNOWN,52.58,MEDIUM,MEDIUM,Travel reminder,Send automated reminder closer to travel date.,Keep customer engaged and reduce avoidable cancellations.
UNKNOWN,UNKNOWN,52.51,MEDIUM,MEDIUM,Travel reminder,Send automated reminder closer to travel date.,Keep customer engaged and reduce avoidable cancellations.
UNKNOWN,UNKNOWN,53.45,MEDIUM,MEDIUM,Travel reminder,Send automated reminder closer to travel date.,Keep customer engaged and reduce avoidable cancellations.
UNKNOWN,UNKNOWN,48.85,MEDIUM,MEDIUM,Travel reminder,Send automated reminder closer to travel date.,Keep customer engaged and reduce avoidable cancellations.
UNKNOWN,UNKNOWN,42.86,MEDIUM,MEDIUM,Travel reminder,Send automated reminder closer to travel date.,Keep customer engaged and reduce avoidable cancellations.
UNKNOWN,UNKNOWN,55.36,MEDIUM,MEDIUM,Travel reminder,Send automated reminder closer to travel date.,Keep customer engaged and reduce avoidable cancellations.
UNKNOWN,UNKNOWN,49.33,MEDIUM,MEDIUM,Travel reminder,Send automated reminder closer to travel date.,Keep customer engaged and reduce avoidable cancellations.
UNKNOWN,UNKNOWN,48.59,MEDIUM,MEDIUM,Travel reminder,Send automated reminder closer to travel date.,Keep customer engaged and reduce avoidable cancellations.
UNKNOWN,UNKNOWN,48.77,MEDIUM,MEDIUM,Travel reminder,Send automated reminder closer to travel date.,Keep customer engaged and reduce avoidable cancellations.
UNKNOWN,UNKNOWN,53.03,MEDIUM,MEDIUM,Travel reminder,Send automated reminder closer to travel date.,Keep customer engaged and reduce avoidable cancellations.
UNKNOWN,UNKNOWN,49.95,MEDIUM,MEDIUM,Travel reminder,Send automated reminder closer to travel date.,Keep customer engaged and reduce avoidable cancellations.
UNKNOWN,UNKNOWN,57.24,MEDIUM,MEDIUM,Travel reminder,Send automated reminder closer to travel date.,Keep customer engaged and reduce avoidable cancellations.
UNKNOWN,UNKNOWN,49.79,MEDIUM,MEDIUM,Travel reminder,Send automated reminder closer to travel date.,Keep customer engaged and reduce avoidable cancellations.
UNKNOWN,UNKNOWN,51.72,MEDIUM,MEDIUM,Travel reminder,Send automated reminder closer to travel date.,Keep customer engaged and reduce avoidable cancellations.
UNKNOWN,UNKNOWN,45.3,MEDIUM,MEDIUM,Travel reminder,Send automated reminder closer to travel date.,Keep customer engaged and reduce avoidable cancellations.
UNKNOWN,UNKNOWN,49.49,MEDIUM,MEDIUM,Travel reminder,Send automated reminder closer to travel date.,Keep customer engaged and reduce avoidable cancellations.
UNKNOWN,UNKNOWN,54.16,MEDIUM,MEDIUM,Travel reminder,Send automated reminder closer to travel date.,Keep customer engaged and reduce avoidable cancellations.
UNKNOWN,UNKNOWN,45.0,MEDIUM,MEDIUM,Travel reminder,Send automated reminder closer to travel date.,Keep customer engaged and reduce avoidable cancellations.
UNKNOWN,UNKNOWN,54.58,MEDIUM,MEDIUM,Travel reminder,Send automated reminder closer to travel date.,Keep customer engaged and reduce avoidable cancellations.
UNKNOWN,UNKNOWN,46.95,MEDIUM,MEDIUM,Travel reminder,Send automated reminder closer to travel date.,Keep customer engaged and reduce avoidable cancellations.
UNKNOWN,UNKNOWN,48.16,MEDIUM,MEDIUM,Travel reminder,Send automated reminder closer to travel date.,Keep customer engaged and reduce avoidable cancellations.
UNKNOWN,UNKNOWN,46.87,MEDIUM,MEDIUM,Travel reminder,Send automated reminder closer to travel date.,Keep customer engaged and reduce avoidable cancellations.
UNKNOWN,UNKNOWN,46.68,MEDIUM,MEDIUM,Travel reminder,Send automated reminder closer to travel date.,Keep customer engaged and reduce avoidable cancellations.
UNKNOWN,UNKNOWN,50.89,MEDIUM,MEDIUM,Travel reminder,Send automated reminder closer to travel date.,Keep customer engaged and reduce avoidable cancellations.
UNKNOWN,UNKNOWN,43.6,MEDIUM,MEDIUM,Travel reminder,Send automated reminder closer to travel date.,Keep customer engaged and reduce avoidable cancellations.
UNKNOWN,UNKNOWN,45.62,MEDIUM,MEDIUM,Travel reminder,Send automated reminder closer to travel date.,Keep customer engaged and reduce avoidable cancellations.
UNKNOWN,UNKNOWN,56.8,MEDIUM,MEDIUM,Travel reminder,Send automated reminder closer to travel date.,Keep customer engaged and reduce avoidable cancellations.
UNKNOWN,UNKNOWN,50.28,MEDIUM,MEDIUM,Travel reminder,Send automated reminder closer to travel date.,Keep customer engaged and reduce avoidable cancellations.
UNKNOWN,UNKNOWN,53.11,MEDIUM,MEDIUM,Travel reminder,Send automated reminder closer to travel date.,Keep customer engaged and reduce avoidable cancellations.
UNKNOWN,UNKNOWN,50.79,MEDIUM,MEDIUM,Travel reminder,Send automated reminder closer to travel date.,Keep customer engaged and reduce avoidable cancellations.
UNKNOWN,UNKNOWN,44.76,MEDIUM,MEDIUM,Travel reminder,Send automated reminder closer to travel date.,Keep customer engaged and reduce avoidable cancellations.
UNKNOWN,UNKNOWN,45.68,MEDIUM,MEDIUM,Travel reminder,Send automated reminder closer to travel date.,Keep customer engaged and reduce avoidable cancellations.
UNKNOWN,UNKNOWN,54.83,MEDIUM,MEDIUM,Travel reminder,Send automated reminder closer to travel date.,Keep customer engaged and reduce avoidable cancellations.
UNKNOWN,UNKNOWN,51.45,MEDIUM,MEDIUM,Travel reminder,Send automated reminder closer to travel date.,Keep customer engaged and reduce avoidable cancellations.
UNKNOWN,UNKNOWN,45.77,MEDIUM,MEDIUM,Travel reminder,Send automated reminder closer to travel date.,Keep customer engaged and reduce avoidable cancellations.
UNKNOWN,UNKNOWN,43.99,MEDIUM,MEDIUM,Travel reminder,Send automated reminder closer to travel date.,Keep customer engaged and reduce avoidable cancellations.
UNKNOWN,UNKNOWN,50.74,MEDIUM,MEDIUM,Travel reminder,Send automated reminder closer to travel date.,Keep customer engaged and reduce avoidable cancellations.
UNKNOWN,UNKNOWN,48.89,MEDIUM,MEDIUM,Travel reminder,Send automated reminder closer to travel date.,Keep customer engaged and reduce avoidable cancellations.
UNKNOWN,UNKNOWN,52.29,MEDIUM,MEDIUM,Travel reminder,Send automated reminder closer to travel date.,Keep customer engaged and reduce avoidable cancellations.
UNKNOWN,UNKNOWN,54.03,MEDIUM,MEDIUM,Travel reminder,Send automated reminder closer to travel date.,Keep customer engaged and reduce avoidable cancellations.
UNKNOWN,UNKNOWN,48.12,MEDIUM,MEDIUM,Travel reminder,Send automated reminder closer to travel date.,Keep customer engaged and reduce avoidable cancellations.
UNKNOWN,UNKNOWN,49.04,MEDIUM,MEDIUM,Travel reminder,Send automated reminder closer to travel date.,Keep customer engaged and reduce avoidable cancellations.
UNKNOWN,UNKNOWN,51.3,MEDIUM,MEDIUM,Travel reminder,Send automated reminder closer to travel date.,Keep customer engaged and reduce avoidable cancellations.
UNKNOWN,UNKNOWN,44.84,MEDIUM,MEDIUM,Travel reminder,Send automated reminder closer to travel date.,Keep customer engaged and reduce avoidable cancellations.
UNKNOWN,UNKNOWN,49.0,MEDIUM,MEDIUM,Travel reminder,Send automated reminder closer to travel date.,Keep customer engaged and reduce avoidable cancellations.
UNKNOWN,UNKNOWN,41.15,MEDIUM,MEDIUM,Travel reminder,Send automated reminder closer to travel date.,Keep customer engaged and reduce avoidable cancellations.
UNKNOWN,UNKNOWN,49.72,MEDIUM,MEDIUM,Travel reminder,Send automated reminder closer to travel date.,Keep customer engaged and reduce avoidable cancellations.
UNKNOWN,UNKNOWN,52.07,MEDIUM,MEDIUM,Travel reminder,Send automated reminder closer to travel date.,Keep customer engaged and reduce avoidable cancellations.
UNKNOWN,UNKNOWN,50.38,MEDIUM,MEDIUM,Travel reminder,Send automated reminder closer to travel date.,Keep customer engaged and reduce avoidable cancellations.
UNKNOWN,UNKNOWN,56.3,MEDIUM,MEDIUM,Travel reminder,Send automated reminder closer to travel date.,Keep customer engaged and reduce avoidable cancellations.
UNKNOWN,UNKNOWN,52.51,MEDIUM,MEDIUM,Travel reminder,Send automated reminder closer to travel date.,Keep customer engaged and reduce avoidable cancellations.
UNKNOWN,UNKNOWN,46.91,MEDIUM,MEDIUM,Travel reminder,Send automated reminder closer to travel date.,Keep customer engaged and reduce avoidable cancellations.
UNKNOWN,UNKNOWN,47.05,MEDIUM,MEDIUM,Travel reminder,Send automated reminder closer to travel date.,Keep customer engaged and reduce avoidable cancellations.
UNKNOWN,UNKNOWN,49.1,MEDIUM,MEDIUM,Travel reminder,Send automated reminder closer to travel date.,Keep customer engaged and reduce avoidable cancellations.
UNKNOWN,UNKNOWN,52.48,MEDIUM,MEDIUM,Travel reminder,Send automated reminder closer to travel date.,Keep customer engaged and reduce avoidable cancellations.
UNKNOWN,UNKNOWN,52.05,MEDIUM,MEDIUM,Travel reminder,Send automated reminder closer to travel date.,Keep customer engaged and reduce avoidable cancellations.
UNKNOWN,UNKNOWN,54.8,MEDIUM,MEDIUM,Travel reminder,Send automated reminder closer to travel date.,Keep customer engaged and reduce avoidable cancellations.
UNKNOWN,UNKNOWN,49.9,MEDIUM,MEDIUM,Travel reminder,Send automated reminder closer to travel date.,Keep customer engaged and reduce avoidable cancellations.
UNKNOWN,UNKNOWN,48.9,MEDIUM,MEDIUM,Travel reminder,Send automated reminder closer to travel date.,Keep customer engaged and reduce avoidable cancellations.
UNKNOWN,UNKNOWN,50.26,MEDIUM,MEDIUM,Travel reminder,Send automated reminder closer to travel date.,Keep customer engaged and reduce avoidable cancellations.
UNKNOWN,UNKNOWN,52.87,MEDIUM,MEDIUM,Travel reminder,Send automated reminder closer to travel date.,Keep customer engaged and reduce avoidable cancellations.
UNKNOWN,UNKNOWN,48.03,MEDIUM,MEDIUM,Travel reminder,Send automated reminder closer to travel date.,Keep customer engaged and reduce avoidable cancellations.
UNKNOWN,UNKNOWN,51.34,MEDIUM,MEDIUM,Travel reminder,Send automated reminder closer to travel date.,Keep customer engaged and reduce avoidable cancellations.
UNKNOWN,UNKNOWN,49.62,MEDIUM,MEDIUM,Travel reminder,Send automated reminder closer to travel date.,Keep customer engaged and reduce avoidable cancellations.
UNKNOWN,UNKNOWN,47.27,MEDIUM,MEDIUM,Travel reminder,Send automated reminder closer to travel date.,Keep customer engaged and reduce avoidable cancellations.
UNKNOWN,UNKNOWN,48.87,MEDIUM,MEDIUM,Travel reminder,Send automated reminder closer to travel date.,Keep customer engaged and reduce avoidable cancellations.
UNKNOWN,UNKNOWN,51.97,MEDIUM,MEDIUM,Travel reminder,Send automated reminder closer to travel date.,Keep customer engaged and reduce avoidable cancellations.
UNKNOWN,UNKNOWN,51.55,MEDIUM,MEDIUM,Travel reminder,Send automated reminder closer to travel date.,Keep customer engaged and reduce avoidable cancellations.
UNKNOWN,UNKNOWN,48.94,MEDIUM,MEDIUM,Travel reminder,Send automated reminder closer to travel date.,Keep customer engaged and reduce avoidable cancellations.
UNKNOWN,UNKNOWN,46.72,MEDIUM,MEDIUM,Travel reminder,Send automated reminder closer to travel date.,Keep customer engaged and reduce avoidable cancellations.
UNKNOWN,UNKNOWN,53.14,MEDIUM,MEDIUM,Travel reminder,Send automated reminder closer to travel date.,Keep customer engaged and reduce avoidable cancellations.
UNKNOWN,UNKNOWN,48.46,MEDIUM,MEDIUM,Travel reminder,Send automated reminder closer to travel date.,Keep customer engaged and reduce avoidable cancellations.
UNKNOWN,UNKNOWN,51.37,MEDIUM,MEDIUM,Travel reminder,Send automated reminder closer to travel date.,Keep customer engaged and reduce avoidable cancellations.
UNKNOWN,UNKNOWN,48.11,MEDIUM,MEDIUM,Travel reminder,Send automated reminder closer to travel date.,Keep customer engaged and reduce avoidable cancellations.
UNKNOWN,UNKNOWN,50.29,MEDIUM,MEDIUM,Travel reminder,Send automated reminder closer to travel date.,Keep customer engaged and reduce avoidable cancellations.
UNKNOWN,UNKNOWN,48.51,MEDIUM,MEDIUM,Travel reminder,Send automated reminder closer to travel date.,Keep customer engaged and reduce avoidable cancellations.
UNKNOWN,UNKNOWN,51.86,MEDIUM,MEDIUM,Travel reminder,Send automated reminder closer to travel date.,Keep customer engaged and reduce avoidable cancellations.
UNKNOWN,UNKNOWN,46.49,MEDIUM,MEDIUM,Travel reminder,Send automated reminder closer to travel date.,Keep customer engaged and reduce avoidable cancellations.
UNKNOWN,UNKNOWN,52.69,MEDIUM,MEDIUM,Travel reminder,Send automated reminder closer to travel date.,Keep customer engaged and reduce avoidable cancellations.
UNKNOWN,UNKNOWN,47.26,MEDIUM,MEDIUM,Travel reminder,Send automated reminder closer to travel date.,Keep customer engaged and reduce avoidable cancellations.
UNKNOWN,UNKNOWN,53.78,MEDIUM,MEDIUM,Travel reminder,Send automated reminder closer to travel date.,Keep customer engaged and reduce avoidable cancellations.
UNKNOWN,UNKNOWN,50.89,MEDIUM,MEDIUM,Travel reminder,Send automated reminder closer to travel date.,Keep customer engaged and reduce avoidable cancellations.
UNKNOWN,UNKNOWN,49.0,MEDIUM,MEDIUM,Travel reminder,Send automated reminder closer to travel date.,Keep customer engaged and reduce avoidable cancellations.
UNKNOWN,UNKNOWN,47.28,MEDIUM,MEDIUM,Travel reminder,Send automated reminder closer to travel date.,Keep customer engaged and reduce avoidable cancellations.
UNKNOWN,UNKNOWN,48.68,MEDIUM,MEDIUM,Travel reminder,Send automated reminder closer to travel date.,Keep customer engaged and reduce avoidable cancellations.
UNKNOWN,UNKNOWN,47.69,MEDIUM,MEDIUM,Travel reminder,Send automated reminder closer to travel date.,Keep customer engaged and reduce avoidable cancellations.
UNKNOWN,UNKNOWN,49.6,MEDIUM,MEDIUM,Travel reminder,Send automated reminder closer to travel date.,Keep customer engaged and reduce avoidable cancellations.
UNKNOWN,UNKNOWN,48.75,MEDIUM,MEDIUM,Travel reminder,Send automated reminder closer to travel date.,Keep customer engaged and reduce avoidable cancellations.
UNKNOWN,UNKNOWN,45.94,MEDIUM,MEDIUM,Travel reminder,Send automated reminder closer to travel date.,Keep customer engaged and reduce avoidable cancellations.
UNKNOWN,UNKNOWN,46.13,MEDIUM,MEDIUM,Travel reminder,Send automated reminder closer to travel date.,Keep customer engaged and reduce avoidable cancellations.
UNKNOWN,UNKNOWN,48.22,MEDIUM,MEDIUM,Travel reminder,Send automated reminder closer to travel date.,Keep customer engaged and reduce avoidable cancellations.
UNKNOWN,UNKNOWN,50.72,MEDIUM,MEDIUM,Travel reminder,Send automated reminder closer to travel date.,Keep customer engaged and reduce avoidable cancellations.
UNKNOWN,UNKNOWN,46.69,MEDIUM,MEDIUM,Travel reminder,Send automated reminder closer to travel date.,Keep customer engaged and reduce avoidable cancellations.
UNKNOWN,UNKNOWN,52.96,MEDIUM,MEDIUM,Travel reminder,Send automated reminder closer to travel date.,Keep customer engaged and reduce avoidable cancellations.
UNKNOWN,UNKNOWN,51.98,MEDIUM,MEDIUM,Travel reminder,Send automated reminder closer to travel date.,Keep customer engaged and reduce avoidable cancellations.
UNKNOWN,UNKNOWN,51.51,MEDIUM,MEDIUM,Travel reminder,Send automated reminder closer to travel date.,Keep customer engaged and reduce avoidable cancellations.
UNKNOWN,UNKNOWN,49.37,MEDIUM,MEDIUM,Travel reminder,Send automated reminder closer to travel date.,Keep customer engaged and reduce avoidable cancellations.
UNKNOWN,UNKNOWN,50.84,MEDIUM,MEDIUM,Travel reminder,Send automated reminder closer to travel date.,Keep customer engaged and reduce avoidable cancellations.
UNKNOWN,UNKNOWN,50.87,MEDIUM,MEDIUM,Travel reminder,Send automated reminder closer to travel date.,Keep customer engaged and reduce avoidable cancellations.
UNKNOWN,UNKNOWN,42.59,MEDIUM,MEDIUM,Travel reminder,Send automated reminder closer to travel date.,Keep customer engaged and reduce avoidable cancellations.
UNKNOWN,UNKNOWN,49.7,MEDIUM,MEDIUM,Travel reminder,Send automated reminder closer to travel date.,Keep customer engaged and reduce avoidable cancellations.
UNKNOWN,UNKNOWN,48.71,MEDIUM,MEDIUM,Travel reminder,Send automated reminder closer to travel date.,Keep customer engaged and reduce avoidable cancellations.
UNKNOWN,UNKNOWN,51.26,MEDIUM,MEDIUM,Travel reminder,Send automated reminder closer to travel date.,Keep customer engaged and reduce avoidable cancellations.
UNKNOWN,UNKNOWN,53.08,MEDIUM,MEDIUM,Travel reminder,Send automated reminder closer to travel date.,Keep customer engaged and reduce avoidable cancellations.
UNKNOWN,UNKNOWN,47.31,MEDIUM,MEDIUM,Travel reminder,Send automated reminder closer to travel date.,Keep customer engaged and reduce avoidable cancellations.
UNKNOWN,UNKNOWN,49.27,MEDIUM,MEDIUM,Travel reminder,Send automated reminder closer to travel date.,Keep customer engaged and reduce avoidable cancellations.
UNKNOWN,UNKNOWN,45.1,MEDIUM,MEDIUM,Travel reminder,Send automated reminder closer to travel date.,Keep customer engaged and reduce avoidable cancellations.
UNKNOWN,UNKNOWN,49.15,MEDIUM,MEDIUM,Travel reminder,Send automated reminder closer to travel date.,Keep customer engaged and reduce avoidable cancellations.
UNKNOWN,UNKNOWN,49.11,MEDIUM,MEDIUM,Travel reminder,Send automated reminder closer to travel date.,Keep customer engaged and reduce avoidable cancellations.
UNKNOWN,UNKNOWN,49.24,MEDIUM,MEDIUM,Travel reminder,Send automated reminder closer to travel date.,Keep customer engaged and reduce avoidable cancellations.
UNKNOWN,UNKNOWN,47.47,MEDIUM,MEDIUM,Travel reminder,Send automated reminder closer to travel date.,Keep customer engaged and reduce avoidable cancellations.
UNKNOWN,UNKNOWN,51.46,MEDIUM,MEDIUM,Travel reminder,Send automated reminder closer to travel date.,Keep customer engaged and reduce avoidable cancellations.
UNKNOWN,UNKNOWN,51.21,MEDIUM,MEDIUM,Travel reminder,Send automated reminder closer to travel date.,Keep customer engaged and reduce avoidable cancellations.
UNKNOWN,UNKNOWN,48.35,MEDIUM,MEDIUM,Travel reminder,Send automated reminder closer to travel date.,Keep customer engaged and reduce avoidable cancellations.
UNKNOWN,UNKNOWN,49.24,MEDIUM,MEDIUM,Travel reminder,Send automated reminder closer to travel date.,Keep customer engaged and reduce avoidable cancellations.
UNKNOWN,UNKNOWN,52.19,MEDIUM,MEDIUM,Travel reminder,Send automated reminder closer to travel date.,Keep customer engaged and reduce avoidable cancellations.
UNKNOWN,UNKNOWN,41.87,MEDIUM,MEDIUM,Travel reminder,Send automated reminder closer to travel date.,Keep customer engaged and reduce avoidable cancellations.
UNKNOWN,UNKNOWN,47.16,MEDIUM,MEDIUM,Travel reminder,Send automated reminder closer to travel date.,Keep customer engaged and reduce avoidable cancellations.
UNKNOWN,UNKNOWN,41.22,MEDIUM,MEDIUM,Travel reminder,Send automated reminder closer to travel date.,Keep customer engaged and reduce avoidable cancellations.
UNKNOWN,UNKNOWN,46.42,MEDIUM,MEDIUM,Travel reminder,Send automated reminder closer to travel date.,Keep customer engaged and reduce avoidable cancellations.
UNKNOWN,UNKNOWN,45.82,MEDIUM,MEDIUM,Travel reminder,Send automated reminder closer to travel date.,Keep customer engaged and reduce avoidable cancellations.
UNKNOWN,UNKNOWN,51.66,MEDIUM,MEDIUM,Travel reminder,Send automated reminder closer to travel date.,Keep customer engaged and reduce avoidable cancellations.
UNKNOWN,UNKNOWN,53.5,MEDIUM,MEDIUM,Travel reminder,Send automated reminder closer to travel date.,Keep customer engaged and reduce avoidable cancellations.
UNKNOWN,UNKNOWN,52.69,MEDIUM,MEDIUM,Travel reminder,Send automated reminder closer to travel date.,Keep customer engaged and reduce avoidable cancellations.
UNKNOWN,UNKNOWN,49.4,MEDIUM,MEDIUM,Travel reminder,Send automated reminder closer to travel date.,Keep customer engaged and reduce avoidable cancellations.
UNKNOWN,UNKNOWN,50.71,MEDIUM,MEDIUM,Travel reminder,Send automated reminder closer to travel date.,Keep customer engaged and reduce avoidable cancellations.
UNKNOWN,UNKNOWN,48.97,MEDIUM,MEDIUM,Travel reminder,Send automated reminder closer to travel date.,Keep customer engaged and reduce avoidable cancellations.
UNKNOWN,UNKNOWN,50.86,MEDIUM,MEDIUM,Travel reminder,Send automated reminder closer to travel date.,Keep customer engaged and reduce avoidable cancellations.
UNKNOWN,UNKNOWN,46.78,MEDIUM,MEDIUM,Travel reminder,Send automated reminder closer to travel date.,Keep customer engaged and reduce avoidable cancellations.
UNKNOWN,UNKNOWN,51.83,MEDIUM,MEDIUM,Travel reminder,Send automated reminder closer to travel date.,Keep customer engaged and reduce avoidable cancellations.
UNKNOWN,UNKNOWN,51.91,MEDIUM,MEDIUM,Travel reminder,Send automated reminder closer to travel date.,Keep customer engaged and reduce avoidable cancellations.
UNKNOWN,UNKNOWN,49.38,MEDIUM,MEDIUM,Travel reminder,Send automated reminder closer to travel date.,Keep customer engaged and reduce avoidable cancellations.
UNKNOWN,UNKNOWN,49.38,MEDIUM,MEDIUM,Travel reminder,Send automated reminder closer to travel date.,Keep customer engaged and reduce avoidable cancellations.
UNKNOWN,UNKNOWN,48.31,MEDIUM,MEDIUM,Travel reminder,Send automated reminder closer to travel date.,Keep customer engaged and reduce avoidable cancellations.
UNKNOWN,UNKNOWN,40.1,MEDIUM,MEDIUM,Travel reminder,Send automated reminder closer to travel date.,Keep customer engaged and reduce avoidable cancellations.
UNKNOWN,UNKNOWN,50.17,MEDIUM,MEDIUM,Travel reminder,Send automated reminder closer to travel date.,Keep customer engaged and reduce avoidable cancellations.
UNKNOWN,UNKNOWN,49.64,MEDIUM,MEDIUM,Travel reminder,Send automated reminder closer to travel date.,Keep customer engaged and reduce avoidable cancellations.
UNKNOWN,UNKNOWN,47.56,MEDIUM,MEDIUM,Travel reminder,Send automated reminder closer to travel date.,Keep customer engaged and reduce avoidable cancellations.
UNKNOWN,UNKNOWN,52.53,MEDIUM,MEDIUM,Travel reminder,Send automated reminder closer to travel date.,Keep customer engaged and reduce avoidable cancellations.
UNKNOWN,UNKNOWN,53.84,MEDIUM,MEDIUM,Travel reminder,Send automated reminder closer to travel date.,Keep customer engaged and reduce avoidable cancellations.
UNKNOWN,UNKNOWN,51.17,MEDIUM,MEDIUM,Travel reminder,Send automated reminder closer to travel date.,Keep customer engaged and reduce avoidable cancellations.
UNKNOWN,UNKNOWN,46.17,MEDIUM,MEDIUM,Travel reminder,Send automated reminder closer to travel date.,Keep customer engaged and reduce avoidable cancellations.
UNKNOWN,UNKNOWN,53.63,MEDIUM,MEDIUM,Travel reminder,Send automated reminder closer to travel date.,Keep customer engaged and reduce avoidable cancellations.
UNKNOWN,UNKNOWN,47.9,MEDIUM,MEDIUM,Travel reminder,Send automated reminder closer to travel date.,Keep customer engaged and reduce avoidable cancellations.
UNKNOWN,UNKNOWN,52.85,MEDIUM,MEDIUM,Travel reminder,Send automated reminder closer to travel date.,Keep customer engaged and reduce avoidable cancellations.
UNKNOWN,UNKNOWN,51.21,MEDIUM,MEDIUM,Travel reminder,Send automated reminder closer to travel date.,Keep customer engaged and reduce avoidable cancellations.
UNKNOWN,UNKNOWN,46.25,MEDIUM,MEDIUM,Travel reminder,Send automated reminder closer to travel date.,Keep customer engaged and reduce avoidable cancellations.
UNKNOWN,UNKNOWN,49.81,MEDIUM,MEDIUM,Travel reminder,Send automated reminder closer to travel date.,Keep customer engaged and reduce avoidable cancellations.
UNKNOWN,UNKNOWN,49.33,MEDIUM,MEDIUM,Travel reminder,Send automated reminder closer to travel date.,Keep customer engaged and reduce avoidable cancellations.
UNKNOWN,UNKNOWN,50.24,MEDIUM,MEDIUM,Travel reminder,Send automated reminder closer to travel date.,Keep customer engaged and reduce avoidable cancellations.
UNKNOWN,UNKNOWN,46.84,MEDIUM,MEDIUM,Travel reminder,Send automated reminder closer to travel date.,Keep customer engaged and reduce avoidable cancellations.
UNKNOWN,UNKNOWN,47.6,MEDIUM,MEDIUM,Travel reminder,Send automated reminder closer to travel date.,Keep customer engaged and reduce avoidable cancellations.
UNKNOWN,UNKNOWN,53.47,MEDIUM,MEDIUM,Travel reminder,Send automated reminder closer to travel date.,Keep customer engaged and reduce avoidable cancellations.
UNKNOWN,UNKNOWN,47.46,MEDIUM,MEDIUM,Travel reminder,Send automated reminder closer to travel date.,Keep customer engaged and reduce avoidable cancellations.
UNKNOWN,UNKNOWN,51.65,MEDIUM,MEDIUM,Travel reminder,Send automated reminder closer to travel date.,Keep customer engaged and reduce avoidable cancellations.
UNKNOWN,UNKNOWN,47.68,MEDIUM,MEDIUM,Travel reminder,Send automated reminder closer to travel date.,Keep customer engaged and reduce avoidable cancellations.
UNKNOWN,UNKNOWN,53.86,MEDIUM,MEDIUM,Travel reminder,Send automated reminder closer to travel date.,Keep customer engaged and reduce avoidable cancellations.
UNKNOWN,UNKNOWN,51.39,MEDIUM,MEDIUM,Travel reminder,Send automated reminder closer to travel date.,Keep customer engaged and reduce avoidable cancellations.
UNKNOWN,UNKNOWN,52.3,MEDIUM,MEDIUM,Travel reminder,Send automated reminder closer to travel date.,Keep customer engaged and reduce avoidable cancellations.
UNKNOWN,UNKNOWN,47.23,MEDIUM,MEDIUM,Travel reminder,Send automated reminder closer to travel date.,Keep customer engaged and reduce avoidable cancellations.
UNKNOWN,UNKNOWN,54.3,MEDIUM,MEDIUM,Travel reminder,Send automated reminder closer to travel date.,Keep customer engaged and reduce avoidable cancellations.
UNKNOWN,UNKNOWN,50.72,MEDIUM,MEDIUM,Travel reminder,Send automated reminder closer to travel date.,Keep customer engaged and reduce avoidable cancellations.
UNKNOWN,UNKNOWN,51.12,MEDIUM,MEDIUM,Travel reminder,Send automated reminder closer to travel date.,Keep customer engaged and reduce avoidable cancellations.
UNKNOWN,UNKNOWN,51.24,MEDIUM,MEDIUM,Travel reminder,Send automated reminder closer to travel date.,Keep customer engaged and reduce avoidable cancellations.
UNKNOWN,UNKNOWN,44.48,MEDIUM,MEDIUM,Travel reminder,Send automated reminder closer to travel date.,Keep customer engaged and reduce avoidable cancellations.
UNKNOWN,UNKNOWN,57.49,MEDIUM,MEDIUM,Travel reminder,Send automated reminder closer to travel date.,Keep customer engaged and reduce avoidable cancellations.
UNKNOWN,UNKNOWN,46.89,MEDIUM,MEDIUM,Travel reminder,Send automated reminder closer to travel date.,Keep customer engaged and reduce avoidable cancellations.
UNKNOWN,UNKNOWN,51.36,MEDIUM,MEDIUM,Travel reminder,Send automated reminder closer to travel date.,Keep customer engaged and reduce avoidable cancellations.
UNKNOWN,UNKNOWN,47.18,MEDIUM,MEDIUM,Travel reminder,Send automated reminder closer to travel date.,Keep customer engaged and reduce avoidable cancellations.
UNKNOWN,UNKNOWN,49.98,MEDIUM,MEDIUM,Travel reminder,Send automated reminder closer to travel date.,Keep customer engaged and reduce avoidable cancellations.
UNKNOWN,UNKNOWN,47.97,MEDIUM,MEDIUM,Travel reminder,Send automated reminder closer to travel date.,Keep customer engaged and reduce avoidable cancellations.
UNKNOWN,UNKNOWN,48.01,MEDIUM,MEDIUM,Travel reminder,Send automated reminder closer to travel date.,Keep customer engaged and reduce avoidable cancellations.
UNKNOWN,UNKNOWN,50.73,MEDIUM,MEDIUM,Travel reminder,Send automated reminder closer to travel date.,Keep customer engaged and reduce avoidable cancellations.
UNKNOWN,UNKNOWN,55.15,MEDIUM,MEDIUM,Travel reminder,Send automated reminder closer to travel date.,Keep customer engaged and reduce avoidable cancellations.
UNKNOWN,UNKNOWN,50.5,MEDIUM,MEDIUM,Travel reminder,Send automated reminder closer to travel date.,Keep customer engaged and reduce avoidable cancellations.
UNKNOWN,UNKNOWN,52.39,MEDIUM,MEDIUM,Travel reminder,Send automated reminder closer to travel date.,Keep customer engaged and reduce avoidable cancellations.
UNKNOWN,UNKNOWN,55.25,MEDIUM,MEDIUM,Travel reminder,Send automated reminder closer to travel date.,Keep customer engaged and reduce avoidable cancellations.
UNKNOWN,UNKNOWN,53.59,MEDIUM,MEDIUM,Travel reminder,Send automated reminder closer to travel date.,Keep customer engaged and reduce avoidable cancellations.
UNKNOWN,UNKNOWN,47.86,MEDIUM,MEDIUM,Travel reminder,Send automated reminder closer to travel date.,Keep customer engaged and reduce avoidable cancellations.
UNKNOWN,UNKNOWN,47.46,MEDIUM,MEDIUM,Travel reminder,Send automated reminder closer to travel date.,Keep customer engaged and reduce avoidable cancellations.
UNKNOWN,UNKNOWN,49.67,MEDIUM,MEDIUM,Travel reminder,Send automated reminder closer to travel date.,Keep customer engaged and reduce avoidable cancellations.
UNKNOWN,UNKNOWN,50.87,MEDIUM,MEDIUM,Travel reminder,Send automated reminder closer to travel date.,Keep customer engaged and reduce avoidable cancellations.
UNKNOWN,UNKNOWN,54.16,MEDIUM,MEDIUM,Travel reminder,Send automated reminder closer to travel date.,Keep customer engaged and reduce avoidable cancellations.
UNKNOWN,UNKNOWN,47.05,MEDIUM,MEDIUM,Travel reminder,Send automated reminder closer to travel date.,Keep customer engaged and reduce avoidable cancellations.
UNKNOWN,UNKNOWN,49.74,MEDIUM,MEDIUM,Travel reminder,Send automated reminder closer to travel date.,Keep customer engaged and reduce avoidable cancellations.
UNKNOWN,UNKNOWN,47.94,MEDIUM,MEDIUM,Travel reminder,Send automated reminder closer to travel date.,Keep customer engaged and reduce avoidable cancellations.
UNKNOWN,UNKNOWN,42.97,MEDIUM,MEDIUM,Travel reminder,Send automated reminder closer to travel date.,Keep customer engaged and reduce avoidable cancellations.
UNKNOWN,UNKNOWN,52.24,MEDIUM,MEDIUM,Travel reminder,Send automated reminder closer to travel date.,Keep customer engaged and reduce avoidable cancellations.
UNKNOWN,UNKNOWN,49.09,MEDIUM,MEDIUM,Travel reminder,Send automated reminder closer to travel date.,Keep customer engaged and reduce avoidable cancellations.
UNKNOWN,UNKNOWN,53.0,MEDIUM,MEDIUM,Travel reminder,Send automated reminder closer to travel date.,Keep customer engaged and reduce avoidable cancellations.
UNKNOWN,UNKNOWN,51.46,MEDIUM,MEDIUM,Travel reminder,Send automated reminder closer to travel date.,Keep customer engaged and reduce avoidable cancellations.
UNKNOWN,UNKNOWN,43.65,MEDIUM,MEDIUM,Travel reminder,Send automated reminder closer to travel date.,Keep customer engaged and reduce avoidable cancellations.
UNKNOWN,UNKNOWN,51.83,MEDIUM,MEDIUM,Travel reminder,Send automated reminder closer to travel date.,Keep customer engaged and reduce avoidable cancellations.
UNKNOWN,UNKNOWN,50.16,MEDIUM,MEDIUM,Travel reminder,Send automated reminder closer to travel date.,Keep customer engaged and reduce avoidable cancellations.
UNKNOWN,UNKNOWN,54.58,MEDIUM,MEDIUM,Travel reminder,Send automated reminder closer to travel date.,Keep customer engaged and reduce avoidable cancellations.
UNKNOWN,UNKNOWN,51.13,MEDIUM,MEDIUM,Travel reminder,Send automated reminder closer to travel date.,Keep customer engaged and reduce avoidable cancellations.
UNKNOWN,UNKNOWN,54.66,MEDIUM,MEDIUM,Travel reminder,Send automated reminder closer to travel date.,Keep customer engaged and reduce avoidable cancellations.
UNKNOWN,UNKNOWN,46.37,MEDIUM,MEDIUM,Travel reminder,Send automated reminder closer to travel date.,Keep customer engaged and reduce avoidable cancellations.
UNKNOWN,UNKNOWN,49.34,MEDIUM,MEDIUM,Travel reminder,Send automated reminder closer to travel date.,Keep customer engaged and reduce avoidable cancellations.
UNKNOWN,UNKNOWN,50.33,MEDIUM,MEDIUM,Travel reminder,Send automated reminder closer to travel date.,Keep customer engaged and reduce avoidable cancellations.
UNKNOWN,UNKNOWN,56.85,MEDIUM,MEDIUM,Travel reminder,Send automated reminder closer to travel date.,Keep customer engaged and reduce avoidable cancellations.
UNKNOWN,UNKNOWN,53.53,MEDIUM,MEDIUM,Travel reminder,Send automated reminder closer to travel date.,Keep customer engaged and reduce avoidable cancellations.
UNKNOWN,UNKNOWN,54.81,MEDIUM,MEDIUM,Travel reminder,Send automated reminder closer to travel date.,Keep customer engaged and reduce avoidable cancellations.
UNKNOWN,UNKNOWN,48.75,MEDIUM,MEDIUM,Travel reminder,Send automated reminder closer to travel date.,Keep customer engaged and reduce avoidable cancellations.
UNKNOWN,UNKNOWN,48.23,MEDIUM,MEDIUM,Travel reminder,Send automated reminder closer to travel date.,Keep customer engaged and reduce avoidable cancellations.
UNKNOWN,UNKNOWN,48.86,MEDIUM,MEDIUM,Travel reminder,Send automated reminder closer to travel date.,Keep customer engaged and reduce avoidable cancellations.
UNKNOWN,UNKNOWN,45.42,MEDIUM,MEDIUM,Travel reminder,Send automated reminder closer to travel date.,Keep customer engaged and reduce avoidable cancellations.
UNKNOWN,UNKNOWN,54.8,MEDIUM,MEDIUM,Travel reminder,Send automated reminder closer to travel date.,Keep customer engaged and reduce avoidable cancellations.
UNKNOWN,UNKNOWN,51.4,MEDIUM,MEDIUM,Travel reminder,Send automated reminder closer to travel date.,Keep customer engaged and reduce avoidable cancellations.
UNKNOWN,UNKNOWN,49.29,MEDIUM,MEDIUM,Travel reminder,Send automated reminder closer to travel date.,Keep customer engaged and reduce avoidable cancellations.
UNKNOWN,UNKNOWN,46.71,MEDIUM,MEDIUM,Travel reminder,Send automated reminder closer to travel date.,Keep customer engaged and reduce avoidable cancellations.
UNKNOWN,UNKNOWN,54.71,MEDIUM,MEDIUM,Travel reminder,Send automated reminder closer to travel date.,Keep customer engaged and reduce avoidable cancellations.
UNKNOWN,UNKNOWN,50.16,MEDIUM,MEDIUM,Travel reminder,Send automated reminder closer to travel date.,Keep customer engaged and reduce avoidable cancellations.
UNKNOWN,UNKNOWN,50.86,MEDIUM,MEDIUM,Travel reminder,Send automated reminder closer to travel date.,Keep customer engaged and reduce avoidable cancellations.
UNKNOWN,UNKNOWN,46.61,MEDIUM,MEDIUM,Travel reminder,Send automated reminder closer to travel date.,Keep customer engaged and reduce avoidable cancellations.
UNKNOWN,UNKNOWN,46.94,MEDIUM,MEDIUM,Travel reminder,Send automated reminder closer to travel date.,Keep customer engaged and reduce avoidable cancellations.
UNKNOWN,UNKNOWN,51.33,MEDIUM,MEDIUM,Travel reminder,Send automated reminder closer to travel date.,Keep customer engaged and reduce avoidable cancellations.
UNKNOWN,UNKNOWN,54.28,MEDIUM,MEDIUM,Travel reminder,Send automated reminder closer to travel date.,Keep customer engaged and reduce avoidable cancellations.
UNKNOWN,UNKNOWN,48.45,MEDIUM,MEDIUM,Travel reminder,Send automated reminder closer to travel date.,Keep customer engaged and reduce avoidable cancellations.
UNKNOWN,UNKNOWN,51.78,MEDIUM,MEDIUM,Travel reminder,Send automated reminder closer to travel date.,Keep customer engaged and reduce avoidable cancellations.
UNKNOWN,UNKNOWN,48.63,MEDIUM,MEDIUM,Travel reminder,Send automated reminder closer to travel date.,Keep customer engaged and reduce avoidable cancellations.
UNKNOWN,UNKNOWN,50.8,MEDIUM,MEDIUM,Travel reminder,Send automated reminder closer to travel date.,Keep customer engaged and reduce avoidable cancellations.
UNKNOWN,UNKNOWN,52.2,MEDIUM,MEDIUM,Travel reminder,Send automated reminder closer to travel date.,Keep customer engaged and reduce avoidable cancellations.
UNKNOWN,UNKNOWN,56.82,MEDIUM,MEDIUM,Travel reminder,Send automated reminder closer to travel date.,Keep customer engaged and reduce avoidable cancellations.
UNKNOWN,UNKNOWN,46.61,MEDIUM,MEDIUM,Travel reminder,Send automated reminder closer to travel date.,Keep customer engaged and reduce avoidable cancellations.
UNKNOWN,UNKNOWN,54.61,MEDIUM,MEDIUM,Travel reminder,Send automated reminder closer to travel date.,Keep customer engaged and reduce avoidable cancellations.
UNKNOWN,UNKNOWN,47.57,MEDIUM,MEDIUM,Travel reminder,Send automated reminder closer to travel date.,Keep customer engaged and reduce avoidable cancellations.
UNKNOWN,UNKNOWN,44.83,MEDIUM,MEDIUM,Travel reminder,Send automated reminder closer to travel date.,Keep customer engaged and reduce avoidable cancellations.
UNKNOWN,UNKNOWN,50.6,MEDIUM,MEDIUM,Travel reminder,Send automated reminder closer to travel date.,Keep customer engaged and reduce avoidable cancellations.
UNKNOWN,UNKNOWN,50.82,MEDIUM,MEDIUM,Travel reminder,Send automated reminder closer to travel date.,Keep customer engaged and reduce avoidable cancellations.
UNKNOWN,UNKNOWN,53.25,MEDIUM,MEDIUM,Travel reminder,Send automated reminder closer to travel date.,Keep customer engaged and reduce avoidable cancellations.
UNKNOWN,UNKNOWN,48.92,MEDIUM,MEDIUM,Travel reminder,Send automated reminder closer to travel date.,Keep customer engaged and reduce avoidable cancellations.
UNKNOWN,UNKNOWN,47.48,MEDIUM,MEDIUM,Travel reminder,Send automated reminder closer to travel date.,Keep customer engaged and reduce avoidable cancellations.
UNKNOWN,UNKNOWN,49.0,MEDIUM,MEDIUM,Travel reminder,Send automated reminder closer to travel date.,Keep customer engaged and reduce avoidable cancellations.
UNKNOWN,UNKNOWN,48.64,MEDIUM,MEDIUM,Travel reminder,Send automated reminder closer to travel date.,Keep customer engaged and reduce avoidable cancellations.
UNKNOWN,UNKNOWN,48.95,MEDIUM,MEDIUM,Travel reminder,Send automated reminder closer to travel date.,Keep customer engaged and reduce avoidable cancellations.
UNKNOWN,UNKNOWN,49.99,MEDIUM,MEDIUM,Travel reminder,Send automated reminder closer to travel date.,Keep customer engaged and reduce avoidable cancellations.
UNKNOWN,UNKNOWN,53.5,MEDIUM,MEDIUM,Travel reminder,Send automated reminder closer to travel date.,Keep customer engaged and reduce avoidable cancellations.
UNKNOWN,UNKNOWN,51.59,MEDIUM,MEDIUM,Travel reminder,Send automated reminder closer to travel date.,Keep customer engaged and reduce avoidable cancellations.
UNKNOWN,UNKNOWN,54.4,MEDIUM,MEDIUM,Travel reminder,Send automated reminder closer to travel date.,Keep customer engaged and reduce avoidable cancellations.
UNKNOWN,UNKNOWN,50.59,MEDIUM,MEDIUM,Travel reminder,Send automated reminder closer to travel date.,Keep customer engaged and reduce avoidable cancellations.
UNKNOWN,UNKNOWN,50.11,MEDIUM,MEDIUM,Travel reminder,Send automated reminder closer to travel date.,Keep customer engaged and reduce avoidable cancellations.
UNKNOWN,UNKNOWN,47.55,MEDIUM,MEDIUM,Travel reminder,Send automated reminder closer to travel date.,Keep customer engaged and reduce avoidable cancellations.
UNKNOWN,UNKNOWN,51.87,MEDIUM,MEDIUM,Travel reminder,Send automated reminder closer to travel date.,Keep customer engaged and reduce avoidable cancellations.
UNKNOWN,UNKNOWN,48.14,MEDIUM,MEDIUM,Travel reminder,Send automated reminder closer to travel date.,Keep customer engaged and reduce avoidable cancellations.
UNKNOWN,UNKNOWN,49.87,MEDIUM,MEDIUM,Travel reminder,Send automated reminder closer to travel date.,Keep customer engaged and reduce avoidable cancellations.
UNKNOWN,UNKNOWN,49.38,MEDIUM,MEDIUM,Travel reminder,Send automated reminder closer to travel date.,Keep customer engaged and reduce avoidable cancellations.
UNKNOWN,UNKNOWN,48.47,MEDIUM,MEDIUM,Travel reminder,Send automated reminder closer to travel date.,Keep customer engaged and reduce avoidable cancellations.
UNKNOWN,UNKNOWN,48.76,MEDIUM,MEDIUM,Travel reminder,Send automated reminder closer to travel date.,Keep customer engaged and reduce avoidable cancellations.
UNKNOWN,UNKNOWN,47.15,MEDIUM,MEDIUM,Travel reminder,Send automated reminder closer to travel date.,Keep customer engaged and reduce avoidable cancellations.
UNKNOWN,UNKNOWN,47.89,MEDIUM,MEDIUM,Travel reminder,Send automated reminder closer to travel date.,Keep customer engaged and reduce avoidable cancellations.
UNKNOWN,UNKNOWN,54.66,MEDIUM,MEDIUM,Travel reminder,Send automated reminder closer to travel date.,Keep customer engaged and reduce avoidable cancellations.
UNKNOWN,UNKNOWN,49.72,MEDIUM,MEDIUM,Travel reminder,Send automated reminder closer to travel date.,Keep customer engaged and reduce avoidable cancellations.
UNKNOWN,UNKNOWN,56.18,MEDIUM,MEDIUM,Travel reminder,Send automated reminder closer to travel date.,Keep customer engaged and reduce avoidable cancellations.
UNKNOWN,UNKNOWN,47.79,MEDIUM,MEDIUM,Travel reminder,Send automated reminder closer to travel date.,Keep customer engaged and reduce avoidable cancellations.
UNKNOWN,UNKNOWN,49.11,MEDIUM,MEDIUM,Travel reminder,Send automated reminder closer to travel date.,Keep customer engaged and reduce avoidable cancellations.
UNKNOWN,UNKNOWN,53.79,MEDIUM,MEDIUM,Travel reminder,Send automated reminder closer to travel date.,Keep customer engaged and reduce avoidable cancellations.
UNKNOWN,UNKNOWN,49.26,MEDIUM,MEDIUM,Travel reminder,Send automated reminder closer to travel date.,Keep customer engaged and reduce avoidable cancellations.
UNKNOWN,UNKNOWN,46.88,MEDIUM,MEDIUM,Travel reminder,Send automated reminder closer to travel date.,Keep customer engaged and reduce avoidable cancellations.
UNKNOWN,UNKNOWN,49.55,MEDIUM,MEDIUM,Travel reminder,Send automated reminder closer to travel date.,Keep customer engaged and reduce avoidable cancellations.
UNKNOWN,UNKNOWN,50.23,MEDIUM,MEDIUM,Travel reminder,Send automated reminder closer to travel date.,Keep customer engaged and reduce avoidable cancellations.
UNKNOWN,UNKNOWN,47.13,MEDIUM,MEDIUM,Travel reminder,Send automated reminder closer to travel date.,Keep customer engaged and reduce avoidable cancellations.
UNKNOWN,UNKNOWN,43.95,MEDIUM,MEDIUM,Travel reminder,Send automated reminder closer to travel date.,Keep customer engaged and reduce avoidable cancellations.
UNKNOWN,UNKNOWN,54.85,MEDIUM,MEDIUM,Travel reminder,Send automated reminder closer to travel date.,Keep customer engaged and reduce avoidable cancellations.
UNKNOWN,UNKNOWN,51.82,MEDIUM,MEDIUM,Travel reminder,Send automated reminder closer to travel date.,Keep customer engaged and reduce avoidable cancellations.
UNKNOWN,UNKNOWN,49.51,MEDIUM,MEDIUM,Travel reminder,Send automated reminder closer to travel date.,Keep customer engaged and reduce avoidable cancellations.
UNKNOWN,UNKNOWN,43.72,MEDIUM,MEDIUM,Travel reminder,Send automated reminder closer to travel date.,Keep customer engaged and reduce avoidable cancellations.
UNKNOWN,UNKNOWN,52.92,MEDIUM,MEDIUM,Travel reminder,Send automated reminder closer to travel date.,Keep customer engaged and reduce avoidable cancellations.
UNKNOWN,UNKNOWN,48.52,MEDIUM,MEDIUM,Travel reminder,Send automated reminder closer to travel date.,Keep customer engaged and reduce avoidable cancellations.
UNKNOWN,UNKNOWN,49.2,MEDIUM,MEDIUM,Travel reminder,Send automated reminder closer to travel date.,Keep customer engaged and reduce avoidable cancellations.
UNKNOWN,UNKNOWN,50.8,MEDIUM,MEDIUM,Travel reminder,Send automated reminder closer to travel date.,Keep customer engaged and reduce avoidable cancellations.
UNKNOWN,UNKNOWN,48.0,MEDIUM,MEDIUM,Travel reminder,Send automated reminder closer to travel date.,Keep customer engaged and reduce avoidable cancellations.
UNKNOWN,UNKNOWN,44.54,MEDIUM,MEDIUM,Travel reminder,Send automated reminder closer to travel date.,Keep customer engaged and reduce avoidable cancellations.
UNKNOWN,UNKNOWN,44.2,MEDIUM,MEDIUM,Travel reminder,Send automated reminder closer to travel date.,Keep customer engaged and reduce avoidable cancellations.
UNKNOWN,UNKNOWN,52.88,MEDIUM,MEDIUM,Travel reminder,Send automated reminder closer to travel date.,Keep customer engaged and reduce avoidable cancellations.
UNKNOWN,UNKNOWN,51.23,MEDIUM,MEDIUM,Travel reminder,Send automated reminder closer to travel date.,Keep customer engaged and reduce avoidable cancellations.
UNKNOWN,UNKNOWN,44.87,MEDIUM,MEDIUM,Travel reminder,Send automated reminder closer to travel date.,Keep customer engaged and reduce avoidable cancellations.
UNKNOWN,UNKNOWN,45.5,MEDIUM,MEDIUM,Travel reminder,Send automated reminder closer to travel date.,Keep customer engaged and reduce avoidable cancellations.
UNKNOWN,UNKNOWN,48.14,MEDIUM,MEDIUM,Travel reminder,Send automated reminder closer to travel date.,Keep customer engaged and reduce avoidable cancellations.
UNKNOWN,UNKNOWN,46.33,MEDIUM,MEDIUM,Travel reminder,Send automated reminder closer to travel date.,Keep customer engaged and reduce avoidable cancellations.
UNKNOWN,UNKNOWN,48.64,MEDIUM,MEDIUM,Travel reminder,Send automated reminder closer to travel date.,Keep customer engaged and reduce avoidable cancellations.
UNKNOWN,UNKNOWN,46.59,MEDIUM,MEDIUM,Travel reminder,Send automated reminder closer to travel date.,Keep customer engaged and reduce avoidable cancellations.
UNKNOWN,UNKNOWN,49.37,MEDIUM,MEDIUM,Travel reminder,Send automated reminder closer to travel date.,Keep customer engaged and reduce avoidable cancellations.
UNKNOWN,UNKNOWN,49.62,MEDIUM,MEDIUM,Travel reminder,Send automated reminder closer to travel date.,Keep customer engaged and reduce avoidable cancellations.
UNKNOWN,UNKNOWN,49.7,MEDIUM,MEDIUM,Travel reminder,Send automated reminder closer to travel date.,Keep customer engaged and reduce avoidable cancellations.
UNKNOWN,UNKNOWN,51.34,MEDIUM,MEDIUM,Travel reminder,Send automated reminder closer to travel date.,Keep customer engaged and reduce avoidable cancellations.
UNKNOWN,UNKNOWN,51.92,MEDIUM,MEDIUM,Travel reminder,Send automated reminder closer to travel date.,Keep customer engaged and reduce avoidable cancellations.
UNKNOWN,UNKNOWN,46.05,MEDIUM,MEDIUM,Travel reminder,Send automated reminder closer to travel date.,Keep customer engaged and reduce avoidable cancellations.
UNKNOWN,UNKNOWN,48.57,MEDIUM,MEDIUM,Travel reminder,Send automated reminder closer to travel date.,Keep customer engaged and reduce avoidable cancellations.
UNKNOWN,UNKNOWN,48.44,MEDIUM,MEDIUM,Travel reminder,Send automated reminder closer to travel date.,Keep customer engaged and reduce avoidable cancellations.
UNKNOWN,UNKNOWN,41.53,MEDIUM,MEDIUM,Travel reminder,Send automated reminder closer to travel date.,Keep customer engaged and reduce avoidable cancellations.
UNKNOWN,UNKNOWN,50.61,MEDIUM,MEDIUM,Travel reminder,Send automated reminder closer to travel date.,Keep customer engaged and reduce avoidable cancellations.
UNKNOWN,UNKNOWN,54.59,MEDIUM,MEDIUM,Travel reminder,Send automated reminder closer to travel date.,Keep customer engaged and reduce avoidable cancellations.
UNKNOWN,UNKNOWN,45.06,MEDIUM,MEDIUM,Travel reminder,Send automated reminder closer to travel date.,Keep customer engaged and reduce avoidable cancellations.
UNKNOWN,UNKNOWN,48.83,MEDIUM,MEDIUM,Travel reminder,Send automated reminder closer to travel date.,Keep customer engaged and reduce avoidable cancellations.
UNKNOWN,UNKNOWN,48.27,MEDIUM,MEDIUM,Travel reminder,Send automated reminder closer to travel date.,Keep customer engaged and reduce avoidable cancellations.
UNKNOWN,UNKNOWN,46.11,MEDIUM,MEDIUM,Travel reminder,Send automated reminder closer to travel date.,Keep customer engaged and reduce avoidable cancellations.
UNKNOWN,UNKNOWN,49.16,MEDIUM,MEDIUM,Travel reminder,Send automated reminder closer to travel date.,Keep customer engaged and reduce avoidable cancellations.
UNKNOWN,UNKNOWN,51.98,MEDIUM,MEDIUM,Travel reminder,Send automated reminder closer to travel date.,Keep customer engaged and reduce avoidable cancellations.
UNKNOWN,UNKNOWN,50.66,MEDIUM,MEDIUM,Travel reminder,Send automated reminder closer to travel date.,Keep customer engaged and reduce avoidable cancellations.
UNKNOWN,UNKNOWN,56.21,MEDIUM,MEDIUM,Travel reminder,Send automated reminder closer to travel date.,Keep customer engaged and reduce avoidable cancellations.
UNKNOWN,UNKNOWN,51.65,MEDIUM,MEDIUM,Travel reminder,Send automated reminder closer to travel date.,Keep customer engaged and reduce avoidable cancellations.
UNKNOWN,UNKNOWN,52.89,MEDIUM,MEDIUM,Travel reminder,Send automated reminder closer to travel date.,Keep customer engaged and reduce avoidable cancellations.
UNKNOWN,UNKNOWN,51.31,MEDIUM,MEDIUM,Travel reminder,Send automated reminder closer to travel date.,Keep customer engaged and reduce avoidable cancellations.
UNKNOWN,UNKNOWN,50.77,MEDIUM,MEDIUM,Travel reminder,Send automated reminder closer to travel date.,Keep customer engaged and reduce avoidable cancellations.
UNKNOWN,UNKNOWN,49.43,MEDIUM,MEDIUM,Travel reminder,Send automated reminder closer to travel date.,Keep customer engaged and reduce avoidable cancellations.
UNKNOWN,UNKNOWN,51.44,MEDIUM,MEDIUM,Travel reminder,Send automated reminder closer to travel date.,Keep customer engaged and reduce avoidable cancellations.
UNKNOWN,UNKNOWN,51.22,MEDIUM,MEDIUM,Travel reminder,Send automated reminder closer to travel date.,Keep customer engaged and reduce avoidable cancellations.
UNKNOWN,UNKNOWN,42.76,MEDIUM,MEDIUM,Travel reminder,Send automated reminder closer to travel date.,Keep customer engaged and reduce avoidable cancellations.
UNKNOWN,UNKNOWN,51.68,MEDIUM,MEDIUM,Travel reminder,Send automated reminder closer to travel date.,Keep customer engaged and reduce avoidable cancellations.
UNKNOWN,UNKNOWN,49.16,MEDIUM,MEDIUM,Travel reminder,Send automated reminder closer to travel date.,Keep customer engaged and reduce avoidable cancellations.
UNKNOWN,UNKNOWN,50.69,MEDIUM,MEDIUM,Travel reminder,Send automated reminder closer to travel date.,Keep customer engaged and reduce avoidable cancellations.
UNKNOWN,UNKNOWN,55.71,MEDIUM,MEDIUM,Travel reminder,Send automated reminder closer to travel date.,Keep customer engaged and reduce avoidable cancellations.
UNKNOWN,UNKNOWN,51.72,MEDIUM,MEDIUM,Travel reminder,Send automated reminder closer to travel date.,Keep customer engaged and reduce avoidable cancellations.
UNKNOWN,UNKNOWN,44.3,MEDIUM,MEDIUM,Travel reminder,Send automated reminder closer to travel date.,Keep customer engaged and reduce avoidable cancellations.
UNKNOWN,UNKNOWN,52.9,MEDIUM,MEDIUM,Travel reminder,Send automated reminder closer to travel date.,Keep customer engaged and reduce avoidable cancellations.
UNKNOWN,UNKNOWN,48.4,MEDIUM,MEDIUM,Travel reminder,Send automated reminder closer to travel date.,Keep customer engaged and reduce avoidable cancellations.
UNKNOWN,UNKNOWN,54.14,MEDIUM,MEDIUM,Travel reminder,Send automated reminder closer to travel date.,Keep customer engaged and reduce avoidable cancellations.
UNKNOWN,UNKNOWN,55.89,MEDIUM,MEDIUM,Travel reminder,Send automated reminder closer to travel date.,Keep customer engaged and reduce avoidable cancellations.
UNKNOWN,UNKNOWN,43.38,MEDIUM,MEDIUM,Travel reminder,Send automated reminder closer to travel date.,Keep customer engaged and reduce avoidable cancellations.
UNKNOWN,UNKNOWN,45.17,MEDIUM,MEDIUM,Travel reminder,Send automated reminder closer to travel date.,Keep customer engaged and reduce avoidable cancellations.
UNKNOWN,UNKNOWN,53.21,MEDIUM,MEDIUM,Travel reminder,Send automated reminder closer to travel date.,Keep customer engaged and reduce avoidable cancellations.
UNKNOWN,UNKNOWN,53.09,MEDIUM,MEDIUM,Travel reminder,Send automated reminder closer to travel date.,Keep customer engaged and reduce avoidable cancellations.
UNKNOWN,UNKNOWN,48.51,MEDIUM,MEDIUM,Travel reminder,Send automated reminder closer to travel date.,Keep customer engaged and reduce avoidable cancellations.
UNKNOWN,UNKNOWN,47.11,MEDIUM,MEDIUM,Travel reminder,Send automated reminder closer to travel date.,Keep customer engaged and reduce avoidable cancellations.
UNKNOWN,UNKNOWN,48.65,MEDIUM,MEDIUM,Travel reminder,Send automated reminder closer to travel date.,Keep customer engaged and reduce avoidable cancellations.
UNKNOWN,UNKNOWN,53.49,MEDIUM,MEDIUM,Travel reminder,Send automated reminder closer to travel date.,Keep customer engaged and reduce avoidable cancellations.
UNKNOWN,UNKNOWN,46.9,MEDIUM,MEDIUM,Travel reminder,Send automated reminder closer to travel date.,Keep customer engaged and reduce avoidable cancellations.
UNKNOWN,UNKNOWN,57.47,MEDIUM,MEDIUM,Travel reminder,Send automated reminder closer to travel date.,Keep customer engaged and reduce avoidable cancellations.
UNKNOWN,UNKNOWN,50.81,MEDIUM,MEDIUM,Travel reminder,Send automated reminder closer to travel date.,Keep customer engaged and reduce avoidable cancellations.
UNKNOWN,UNKNOWN,49.49,MEDIUM,MEDIUM,Travel reminder,Send automated reminder closer to travel date.,Keep customer engaged and reduce avoidable cancellations.
UNKNOWN,UNKNOWN,46.11,MEDIUM,MEDIUM,Travel reminder,Send automated reminder closer to travel date.,Keep customer engaged and reduce avoidable cancellations.
UNKNOWN,UNKNOWN,51.42,MEDIUM,MEDIUM,Travel reminder,Send automated reminder closer to travel date.,Keep customer engaged and reduce avoidable cancellations.
UNKNOWN,UNKNOWN,48.9,MEDIUM,MEDIUM,Travel reminder,Send automated reminder closer to travel date.,Keep customer engaged and reduce avoidable cancellations.
UNKNOWN,UNKNOWN,51.46,MEDIUM,MEDIUM,Travel reminder,Send automated reminder closer to travel date.,Keep customer engaged and reduce avoidable cancellations.
UNKNOWN,UNKNOWN,50.19,MEDIUM,MEDIUM,Travel reminder,Send automated reminder closer to travel date.,Keep customer engaged and reduce avoidable cancellations.
UNKNOWN,UNKNOWN,50.14,MEDIUM,MEDIUM,Travel reminder,Send automated reminder closer to travel date.,Keep customer engaged and reduce avoidable cancellations.
UNKNOWN,UNKNOWN,50.72,MEDIUM,MEDIUM,Travel reminder,Send automated reminder closer to travel date.,Keep customer engaged and reduce avoidable cancellations.
UNKNOWN,UNKNOWN,52.4,MEDIUM,MEDIUM,Travel reminder,Send automated reminder closer to travel date.,Keep customer engaged and reduce avoidable cancellations.
UNKNOWN,UNKNOWN,48.11,MEDIUM,MEDIUM,Travel reminder,Send automated reminder closer to travel date.,Keep customer engaged and reduce avoidable cancellations.
UNKNOWN,UNKNOWN,48.62,MEDIUM,MEDIUM,Travel reminder,Send automated reminder closer to travel date.,Keep customer engaged and reduce avoidable cancellations.
UNKNOWN,UNKNOWN,46.87,MEDIUM,MEDIUM,Travel reminder,Send automated reminder closer to travel date.,Keep customer engaged and reduce avoidable cancellations.
UNKNOWN,UNKNOWN,57.09,MEDIUM,MEDIUM,Travel reminder,Send automated reminder closer to travel date.,Keep customer engaged and reduce avoidable cancellations.
UNKNOWN,UNKNOWN,50.3,MEDIUM,MEDIUM,Travel reminder,Send automated reminder closer to travel date.,Keep customer engaged and reduce avoidable cancellations.
UNKNOWN,UNKNOWN,50.52,MEDIUM,MEDIUM,Travel reminder,Send automated reminder closer to travel date.,Keep customer engaged and reduce avoidable cancellations.
UNKNOWN,UNKNOWN,51.54,MEDIUM,MEDIUM,Travel reminder,Send automated reminder closer to travel date.,Keep customer engaged and reduce avoidable cancellations.
UNKNOWN,UNKNOWN,49.23,MEDIUM,MEDIUM,Travel reminder,Send automated reminder closer to travel date.,Keep customer engaged and reduce avoidable cancellations.
UNKNOWN,UNKNOWN,50.09,MEDIUM,MEDIUM,Travel reminder,Send automated reminder closer to travel date.,Keep customer engaged and reduce avoidable cancellations.
UNKNOWN,UNKNOWN,55.03,MEDIUM,MEDIUM,Travel reminder,Send automated reminder closer to travel date.,Keep customer engaged and reduce avoidable cancellations.
UNKNOWN,UNKNOWN,49.86,MEDIUM,MEDIUM,Travel reminder,Send automated reminder closer to travel date.,Keep customer engaged and reduce avoidable cancellations.
UNKNOWN,UNKNOWN,50.74,MEDIUM,MEDIUM,Travel reminder,Send automated reminder closer to travel date.,Keep customer engaged and reduce avoidable cancellations.
UNKNOWN,UNKNOWN,44.97,MEDIUM,MEDIUM,Travel reminder,Send automated reminder closer to travel date.,Keep customer engaged and reduce avoidable cancellations.
UNKNOWN,UNKNOWN,52.74,MEDIUM,MEDIUM,Travel reminder,Send automated reminder closer to travel date.,Keep customer engaged and reduce avoidable cancellations.
UNKNOWN,UNKNOWN,45.64,MEDIUM,MEDIUM,Travel reminder,Send automated reminder closer to travel date.,Keep customer engaged and reduce avoidable cancellations.
UNKNOWN,UNKNOWN,53.61,MEDIUM,MEDIUM,Travel reminder,Send automated reminder closer to travel date.,Keep customer engaged and reduce avoidable cancellations.
UNKNOWN,UNKNOWN,48.62,MEDIUM,MEDIUM,Travel reminder,Send automated reminder closer to travel date.,Keep customer engaged and reduce avoidable cancellations.
UNKNOWN,UNKNOWN,52.04,MEDIUM,MEDIUM,Travel reminder,Send automated reminder closer to travel date.,Keep customer engaged and reduce avoidable cancellations.
UNKNOWN,UNKNOWN,44.78,MEDIUM,MEDIUM,Travel reminder,Send automated reminder closer to travel date.,Keep customer engaged and reduce avoidable cancellations.
UNKNOWN,UNKNOWN,48.47,MEDIUM,MEDIUM,Travel reminder,Send automated reminder closer to travel date.,Keep customer engaged and reduce avoidable cancellations.
UNKNOWN,UNKNOWN,50.1,MEDIUM,MEDIUM,Travel reminder,Send automated reminder closer to travel date.,Keep customer engaged and reduce avoidable cancellations.
UNKNOWN,UNKNOWN,45.76,MEDIUM,MEDIUM,Travel reminder,Send automated reminder closer to travel date.,Keep customer engaged and reduce avoidable cancellations.
UNKNOWN,UNKNOWN,54.11,MEDIUM,MEDIUM,Travel reminder,Send automated reminder closer to travel date.,Keep customer engaged and reduce avoidable cancellations.
UNKNOWN,UNKNOWN,51.41,MEDIUM,MEDIUM,Travel reminder,Send automated reminder closer to travel date.,Keep customer engaged and reduce avoidable cancellations.
UNKNOWN,UNKNOWN,52.72,MEDIUM,MEDIUM,Travel reminder,Send automated reminder closer to travel date.,Keep customer engaged and reduce avoidable cancellations.
UNKNOWN,UNKNOWN,48.19,MEDIUM,MEDIUM,Travel reminder,Send automated reminder closer to travel date.,Keep customer engaged and reduce avoidable cancellations.
UNKNOWN,UNKNOWN,51.34,MEDIUM,MEDIUM,Travel reminder,Send automated reminder closer to travel date.,Keep customer engaged and reduce avoidable cancellations.
UNKNOWN,UNKNOWN,51.62,MEDIUM,MEDIUM,Travel reminder,Send automated reminder closer to travel date.,Keep customer engaged and reduce avoidable cancellations.
UNKNOWN,UNKNOWN,43.96,MEDIUM,MEDIUM,Travel reminder,Send automated reminder closer to travel date.,Keep customer engaged and reduce avoidable cancellations.
UNKNOWN,UNKNOWN,52.14,MEDIUM,MEDIUM,Travel reminder,Send automated reminder closer to travel date.,Keep customer engaged and reduce avoidable cancellations.
UNKNOWN,UNKNOWN,54.77,MEDIUM,MEDIUM,Travel reminder,Send automated reminder closer to travel date.,Keep customer engaged and reduce avoidable cancellations.
UNKNOWN,UNKNOWN,48.53,MEDIUM,MEDIUM,Travel reminder,Send automated reminder closer to travel date.,Keep customer engaged and reduce avoidable cancellations.
UNKNOWN,UNKNOWN,42.91,MEDIUM,MEDIUM,Travel reminder,Send automated reminder closer to travel date.,Keep customer engaged and reduce avoidable cancellations.
UNKNOWN,UNKNOWN,48.81,MEDIUM,MEDIUM,Travel reminder,Send automated reminder closer to travel date.,Keep customer engaged and reduce avoidable cancellations.
UNKNOWN,UNKNOWN,48.2,MEDIUM,MEDIUM,Travel reminder,Send automated reminder closer to travel date.,Keep customer engaged and reduce avoidable cancellations.
UNKNOWN,UNKNOWN,49.44,MEDIUM,MEDIUM,Travel reminder,Send automated reminder closer to travel date.,Keep customer engaged and reduce avoidable cancellations.
UNKNOWN,UNKNOWN,49.89,MEDIUM,MEDIUM,Travel reminder,Send automated reminder closer to travel date.,Keep customer engaged and reduce avoidable cancellations.
UNKNOWN,UNKNOWN,50.86,MEDIUM,MEDIUM,Travel reminder,Send automated reminder closer to travel date.,Keep customer engaged and reduce avoidable cancellations.
UNKNOWN,UNKNOWN,52.58,MEDIUM,MEDIUM,Travel reminder,Send automated reminder closer to travel date.,Keep customer engaged and reduce avoidable cancellations.
UNKNOWN,UNKNOWN,57.53,MEDIUM,MEDIUM,Travel reminder,Send automated reminder closer to travel date.,Keep customer engaged and reduce avoidable cancellations.
UNKNOWN,UNKNOWN,48.56,MEDIUM,MEDIUM,Travel reminder,Send automated reminder closer to travel date.,Keep customer engaged and reduce avoidable cancellations.
UNKNOWN,UNKNOWN,53.8,MEDIUM,MEDIUM,Travel reminder,Send automated reminder closer to travel date.,Keep customer engaged and reduce avoidable cancellations.
UNKNOWN,UNKNOWN,48.6,MEDIUM,MEDIUM,Travel reminder,Send automated reminder closer to travel date.,Keep customer engaged and reduce avoidable cancellations.
UNKNOWN,UNKNOWN,50.69,MEDIUM,MEDIUM,Travel reminder,Send automated reminder closer to travel date.,Keep customer engaged and reduce avoidable cancellations.
UNKNOWN,UNKNOWN,51.51,MEDIUM,MEDIUM,Travel reminder,Send automated reminder closer to travel date.,Keep customer engaged and reduce avoidable cancellations.
UNKNOWN,UNKNOWN,49.62,MEDIUM,MEDIUM,Travel reminder,Send automated reminder closer to travel date.,Keep customer engaged and reduce avoidable cancellations.
UNKNOWN,UNKNOWN,48.67,MEDIUM,MEDIUM,Travel reminder,Send automated reminder closer to travel date.,Keep customer engaged and reduce avoidable cancellations.
UNKNOWN,UNKNOWN,48.21,MEDIUM,MEDIUM,Travel reminder,Send automated reminder closer to travel date.,Keep customer engaged and reduce avoidable cancellations.
UNKNOWN,UNKNOWN,52.66,MEDIUM,MEDIUM,Travel reminder,Send automated reminder closer to travel date.,Keep customer engaged and reduce avoidable cancellations.
UNKNOWN,UNKNOWN,54.47,MEDIUM,MEDIUM,Travel reminder,Send automated reminder closer to travel date.,Keep customer engaged and reduce avoidable cancellations.
UNKNOWN,UNKNOWN,51.7,MEDIUM,MEDIUM,Travel reminder,Send automated reminder closer to travel date.,Keep customer engaged and reduce avoidable cancellations.
UNKNOWN,UNKNOWN,44.1,MEDIUM,MEDIUM,Travel reminder,Send automated reminder closer to travel date.,Keep customer engaged and reduce avoidable cancellations.
UNKNOWN,UNKNOWN,50.08,MEDIUM,MEDIUM,Travel reminder,Send automated reminder closer to travel date.,Keep customer engaged and reduce avoidable cancellations.
UNKNOWN,UNKNOWN,52.58,MEDIUM,MEDIUM,Travel reminder,Send automated reminder closer to travel date.,Keep customer engaged and reduce avoidable cancellations.
UNKNOWN,UNKNOWN,48.79,MEDIUM,MEDIUM,Travel reminder,Send automated reminder closer to travel date.,Keep customer engaged and reduce avoidable cancellations.
UNKNOWN,UNKNOWN,48.5,MEDIUM,MEDIUM,Travel reminder,Send automated reminder closer to travel date.,Keep customer engaged and reduce avoidable cancellations.
UNKNOWN,UNKNOWN,44.9,MEDIUM,MEDIUM,Travel reminder,Send automated reminder closer to travel date.,Keep customer engaged and reduce avoidable cancellations.
UNKNOWN,UNKNOWN,50.89,MEDIUM,MEDIUM,Travel reminder,Send automated reminder closer to travel date.,Keep customer engaged and reduce avoidable cancellations.
UNKNOWN,UNKNOWN,54.93,MEDIUM,MEDIUM,Travel reminder,Send automated reminder closer to travel date.,Keep customer engaged and reduce avoidable cancellations.
UNKNOWN,UNKNOWN,55.55,MEDIUM,MEDIUM,Travel reminder,Send automated reminder closer to travel date.,Keep customer engaged and reduce avoidable cancellations.
UNKNOWN,UNKNOWN,49.85,MEDIUM,MEDIUM,Travel reminder,Send automated reminder closer to travel date.,Keep customer engaged and reduce avoidable cancellations.
UNKNOWN,UNKNOWN,51.48,MEDIUM,MEDIUM,Travel reminder,Send automated reminder closer to travel date.,Keep customer engaged and reduce avoidable cancellations.
UNKNOWN,UNKNOWN,54.69,MEDIUM,MEDIUM,Travel reminder,Send automated reminder closer to travel date.,Keep customer engaged and reduce avoidable cancellations.
UNKNOWN,UNKNOWN,50.95,MEDIUM,MEDIUM,Travel reminder,Send automated reminder closer to travel date.,Keep customer engaged and reduce avoidable cancellations.
UNKNOWN,UNKNOWN,47.15,MEDIUM,MEDIUM,Travel reminder,Send automated reminder closer to travel date.,Keep customer engaged and reduce avoidable cancellations.
UNKNOWN,UNKNOWN,49.92,MEDIUM,MEDIUM,Travel reminder,Send automated reminder closer to travel date.,Keep customer engaged and reduce avoidable cancellations.
UNKNOWN,UNKNOWN,52.03,MEDIUM,MEDIUM,Travel reminder,Send automated reminder closer to travel date.,Keep customer engaged and reduce avoidable cancellations.
UNKNOWN,UNKNOWN,47.29,MEDIUM,MEDIUM,Travel reminder,Send automated reminder closer to travel date.,Keep customer engaged and reduce avoidable cancellations.
UNKNOWN,UNKNOWN,46.22,MEDIUM,MEDIUM,Travel reminder,Send automated reminder closer to travel date.,Keep customer engaged and reduce avoidable cancellations.
UNKNOWN,UNKNOWN,50.23,MEDIUM,MEDIUM,Travel reminder,Send automated reminder closer to travel date.,Keep customer engaged and reduce avoidable cancellations.
UNKNOWN,UNKNOWN,53.66,MEDIUM,MEDIUM,Travel reminder,Send automated reminder closer to travel date.,Keep customer engaged and reduce avoidable cancellations.
UNKNOWN,UNKNOWN,47.69,MEDIUM,MEDIUM,Travel reminder,Send automated reminder closer to travel date.,Keep customer engaged and reduce avoidable cancellations.
UNKNOWN,UNKNOWN,53.68,MEDIUM,MEDIUM,Travel reminder,Send automated reminder closer to travel date.,Keep customer engaged and reduce avoidable cancellations.
UNKNOWN,UNKNOWN,48.3,MEDIUM,MEDIUM,Travel reminder,Send automated reminder closer to travel date.,Keep customer engaged and reduce avoidable cancellations.
UNKNOWN,UNKNOWN,49.97,MEDIUM,MEDIUM,Travel reminder,Send automated reminder closer to travel date.,Keep customer engaged and reduce avoidable cancellations.
UNKNOWN,UNKNOWN,55.17,MEDIUM,MEDIUM,Travel reminder,Send automated reminder closer to travel date.,Keep customer engaged and reduce avoidable cancellations.
UNKNOWN,UNKNOWN,48.56,MEDIUM,MEDIUM,Travel reminder,Send automated reminder closer to travel date.,Keep customer engaged and reduce avoidable cancellations.
UNKNOWN,UNKNOWN,51.77,MEDIUM,MEDIUM,Travel reminder,Send automated reminder closer to travel date.,Keep customer engaged and reduce avoidable cancellations.
UNKNOWN,UNKNOWN,49.21,MEDIUM,MEDIUM,Travel reminder,Send automated reminder closer to travel date.,Keep customer engaged and reduce avoidable cancellations.
UNKNOWN,UNKNOWN,46.05,MEDIUM,MEDIUM,Travel reminder,Send automated reminder closer to travel date.,Keep customer engaged and reduce avoidable cancellations.
UNKNOWN,UNKNOWN,52.55,MEDIUM,MEDIUM,Travel reminder,Send automated reminder closer to travel date.,Keep customer engaged and reduce avoidable cancellations.
UNKNOWN,UNKNOWN,41.41,MEDIUM,MEDIUM,Travel reminder,Send automated reminder closer to travel date.,Keep customer engaged and reduce avoidable cancellations.
UNKNOWN,UNKNOWN,46.62,MEDIUM,MEDIUM,Travel reminder,Send automated reminder closer to travel date.,Keep customer engaged and reduce avoidable cancellations.
UNKNOWN,UNKNOWN,58.38,MEDIUM,MEDIUM,Travel reminder,Send automated reminder closer to travel date.,Keep customer engaged and reduce avoidable cancellations.
UNKNOWN,UNKNOWN,53.46,MEDIUM,MEDIUM,Travel reminder,Send automated reminder closer to travel date.,Keep customer engaged and reduce avoidable cancellations.
UNKNOWN,UNKNOWN,46.43,MEDIUM,MEDIUM,Travel reminder,Send automated reminder closer to travel date.,Keep customer engaged and reduce avoidable cancellations.
UNKNOWN,UNKNOWN,51.04,MEDIUM,MEDIUM,Travel reminder,Send automated reminder closer to travel date.,Keep customer engaged and reduce avoidable cancellations.
UNKNOWN,UNKNOWN,54.98,MEDIUM,MEDIUM,Travel reminder,Send automated reminder closer to travel date.,Keep customer engaged and reduce avoidable cancellations.
UNKNOWN,UNKNOWN,46.54,MEDIUM,MEDIUM,Travel reminder,Send automated reminder closer to travel date.,Keep customer engaged and reduce avoidable cancellations.
UNKNOWN,UNKNOWN,52.08,MEDIUM,MEDIUM,Travel reminder,Send automated reminder closer to travel date.,Keep customer engaged and reduce avoidable cancellations.
UNKNOWN,UNKNOWN,47.08,MEDIUM,MEDIUM,Travel reminder,Send automated reminder closer to travel date.,Keep customer engaged and reduce avoidable cancellations.
UNKNOWN,UNKNOWN,45.11,MEDIUM,MEDIUM,Travel reminder,Send automated reminder closer to travel date.,Keep customer engaged and reduce avoidable cancellations.
UNKNOWN,UNKNOWN,52.68,MEDIUM,MEDIUM,Travel reminder,Send automated reminder closer to travel date.,Keep customer engaged and reduce avoidable cancellations.
UNKNOWN,UNKNOWN,52.0,MEDIUM,MEDIUM,Travel reminder,Send automated reminder closer to travel date.,Keep customer engaged and reduce avoidable cancellations.
UNKNOWN,UNKNOWN,51.8,MEDIUM,MEDIUM,Travel reminder,Send automated reminder closer to travel date.,Keep customer engaged and reduce avoidable cancellations.
UNKNOWN,UNKNOWN,50.62,MEDIUM,MEDIUM,Travel reminder,Send automated reminder closer to travel date.,Keep customer engaged and reduce avoidable cancellations.
UNKNOWN,UNKNOWN,47.28,MEDIUM,MEDIUM,Travel reminder,Send automated reminder closer to travel date.,Keep customer engaged and reduce avoidable cancellations.
UNKNOWN,UNKNOWN,46.37,MEDIUM,MEDIUM,Travel reminder,Send automated reminder closer to travel date.,Keep customer engaged and reduce avoidable cancellations.
UNKNOWN,UNKNOWN,48.16,MEDIUM,MEDIUM,Travel reminder,Send automated reminder closer to travel date.,Keep customer engaged and reduce avoidable cancellations.
UNKNOWN,UNKNOWN,52.84,MEDIUM,MEDIUM,Travel reminder,Send automated reminder closer to travel date.,Keep customer engaged and reduce avoidable cancellations.
UNKNOWN,UNKNOWN,51.0,MEDIUM,MEDIUM,Travel reminder,Send automated reminder closer to travel date.,Keep customer engaged and reduce avoidable cancellations.
UNKNOWN,UNKNOWN,45.7,MEDIUM,MEDIUM,Travel reminder,Send automated reminder closer to travel date.,Keep customer engaged and reduce avoidable cancellations.
UNKNOWN,UNKNOWN,44.78,MEDIUM,MEDIUM,Travel reminder,Send automated reminder closer to travel date.,Keep customer engaged and reduce avoidable cancellations.
UNKNOWN,UNKNOWN,51.85,MEDIUM,MEDIUM,Travel reminder,Send automated reminder closer to travel date.,Keep customer engaged and reduce avoidable cancellations.
UNKNOWN,UNKNOWN,54.73,MEDIUM,MEDIUM,Travel reminder,Send automated reminder closer to travel date.,Keep customer engaged and reduce avoidable cancellations.
UNKNOWN,UNKNOWN,51.86,MEDIUM,MEDIUM,Travel reminder,Send automated reminder closer to travel date.,Keep customer engaged and reduce avoidable cancellations.
UNKNOWN,UNKNOWN,48.73,MEDIUM,MEDIUM,Travel reminder,Send automated reminder closer to travel date.,Keep customer engaged and reduce avoidable cancellations.
UNKNOWN,UNKNOWN,48.04,MEDIUM,MEDIUM,Travel reminder,Send automated reminder closer to travel date.,Keep customer engaged and reduce avoidable cancellations.
UNKNOWN,UNKNOWN,48.84,MEDIUM,MEDIUM,Travel reminder,Send automated reminder closer to travel date.,Keep customer engaged and reduce avoidable cancellations.
UNKNOWN,UNKNOWN,51.71,MEDIUM,MEDIUM,Travel reminder,Send automated reminder closer to travel date.,Keep customer engaged and reduce avoidable cancellations.
UNKNOWN,UNKNOWN,46.84,MEDIUM,MEDIUM,Travel reminder,Send automated reminder closer to travel date.,Keep customer engaged and reduce avoidable cancellations.
UNKNOWN,UNKNOWN,49.13,MEDIUM,MEDIUM,Travel reminder,Send automated reminder closer to travel date.,Keep customer engaged and reduce avoidable cancellations.
UNKNOWN,UNKNOWN,49.34,MEDIUM,MEDIUM,Travel reminder,Send automated reminder closer to travel date.,Keep customer engaged and reduce avoidable cancellations.
UNKNOWN,UNKNOWN,46.92,MEDIUM,MEDIUM,Travel reminder,Send automated reminder closer to travel date.,Keep customer engaged and reduce avoidable cancellations.
UNKNOWN,UNKNOWN,49.95,MEDIUM,MEDIUM,Travel reminder,Send automated reminder closer to travel date.,Keep customer engaged and reduce avoidable cancellations.
UNKNOWN,UNKNOWN,56.1,MEDIUM,MEDIUM,Travel reminder,Send automated reminder closer to travel date.,Keep customer engaged and reduce avoidable cancellations.
UNKNOWN,UNKNOWN,44.46,MEDIUM,MEDIUM,Travel reminder,Send automated reminder closer to travel date.,Keep customer engaged and reduce avoidable cancellations.
UNKNOWN,UNKNOWN,50.08,MEDIUM,MEDIUM,Travel reminder,Send automated reminder closer to travel date.,Keep customer engaged and reduce avoidable cancellations.
UNKNOWN,UNKNOWN,46.39,MEDIUM,MEDIUM,Travel reminder,Send automated reminder closer to travel date.,Keep customer engaged and reduce avoidable cancellations.
UNKNOWN,UNKNOWN,54.17,MEDIUM,MEDIUM,Travel reminder,Send automated reminder closer to travel date.,Keep customer engaged and reduce avoidable cancellations.
UNKNOWN,UNKNOWN,52.67,MEDIUM,MEDIUM,Travel reminder,Send automated reminder closer to travel date.,Keep customer engaged and reduce avoidable cancellations.
UNKNOWN,UNKNOWN,54.87,MEDIUM,MEDIUM,Travel reminder,Send automated reminder closer to travel date.,Keep customer engaged and reduce avoidable cancellations.
UNKNOWN,UNKNOWN,51.53,MEDIUM,MEDIUM,Travel reminder,Send automated reminder closer to travel date.,Keep customer engaged and reduce avoidable cancellations.
UNKNOWN,UNKNOWN,45.15,MEDIUM,MEDIUM,Travel reminder,Send automated reminder closer to travel date.,Keep customer engaged and reduce avoidable cancellations.
UNKNOWN,UNKNOWN,43.06,MEDIUM,MEDIUM,Travel reminder,Send automated reminder closer to travel date.,Keep customer engaged and reduce avoidable cancellations.
UNKNOWN,UNKNOWN,51.52,MEDIUM,MEDIUM,Travel reminder,Send automated reminder closer to travel date.,Keep customer engaged and reduce avoidable cancellations.
UNKNOWN,UNKNOWN,51.92,MEDIUM,MEDIUM,Travel reminder,Send automated reminder closer to travel date.,Keep customer engaged and reduce avoidable cancellations.
UNKNOWN,UNKNOWN,50.98,MEDIUM,MEDIUM,Travel reminder,Send automated reminder closer to travel date.,Keep customer engaged and reduce avoidable cancellations.
UNKNOWN,UNKNOWN,52.66,MEDIUM,MEDIUM,Travel reminder,Send automated reminder closer to travel date.,Keep customer engaged and reduce avoidable cancellations.
UNKNOWN,UNKNOWN,48.27,MEDIUM,MEDIUM,Travel reminder,Send automated reminder closer to travel date.,Keep customer engaged and reduce avoidable cancellations.
UNKNOWN,UNKNOWN,43.86,MEDIUM,MEDIUM,Travel reminder,Send automated reminder closer to travel date.,Keep customer engaged and reduce avoidable cancellations.
UNKNOWN,UNKNOWN,52.35,MEDIUM,MEDIUM,Travel reminder,Send automated reminder closer to travel date.,Keep customer engaged and reduce avoidable cancellations.
UNKNOWN,UNKNOWN,50.08,MEDIUM,MEDIUM,Travel reminder,Send automated reminder closer to travel date.,Keep customer engaged and reduce avoidable cancellations.
UNKNOWN,UNKNOWN,48.87,MEDIUM,MEDIUM,Travel reminder,Send automated reminder closer to travel date.,Keep customer engaged and reduce avoidable cancellations.
UNKNOWN,UNKNOWN,58.51,MEDIUM,MEDIUM,Travel reminder,Send automated reminder closer to travel date.,Keep customer engaged and reduce avoidable cancellations.
UNKNOWN,UNKNOWN,51.81,MEDIUM,MEDIUM,Travel reminder,Send automated reminder closer to travel date.,Keep customer engaged and reduce avoidable cancellations.
UNKNOWN,UNKNOWN,47.66,MEDIUM,MEDIUM,Travel reminder,Send automated reminder closer to travel date.,Keep customer engaged and reduce avoidable cancellations.
UNKNOWN,UNKNOWN,53.04,MEDIUM,MEDIUM,Travel reminder,Send automated reminder closer to travel date.,Keep customer engaged and reduce avoidable cancellations.
UNKNOWN,UNKNOWN,50.76,MEDIUM,MEDIUM,Travel reminder,Send automated reminder closer to travel date.,Keep customer engaged and reduce avoidable cancellations.
UNKNOWN,UNKNOWN,51.26,MEDIUM,MEDIUM,Travel reminder,Send automated reminder closer to travel date.,Keep customer engaged and reduce avoidable cancellations.
UNKNOWN,UNKNOWN,48.55,MEDIUM,MEDIUM,Travel reminder,Send automated reminder closer to travel date.,Keep customer engaged and reduce avoidable cancellations.
UNKNOWN,UNKNOWN,51.6,MEDIUM,MEDIUM,Travel reminder,Send automated reminder closer to travel date.,Keep customer engaged and reduce avoidable cancellations.
UNKNOWN,UNKNOWN,48.31,MEDIUM,MEDIUM,Travel reminder,Send automated reminder closer to travel date.,Keep customer engaged and reduce avoidable cancellations.
UNKNOWN,UNKNOWN,52.77,MEDIUM,MEDIUM,Travel reminder,Send automated reminder closer to travel date.,Keep customer engaged and reduce avoidable cancellations.
UNKNOWN,UNKNOWN,51.22,MEDIUM,MEDIUM,Travel reminder,Send automated reminder closer to travel date.,Keep customer engaged and reduce avoidable cancellations.
UNKNOWN,UNKNOWN,51.36,MEDIUM,MEDIUM,Travel reminder,Send automated reminder closer to travel date.,Keep customer engaged and reduce avoidable cancellations.
UNKNOWN,UNKNOWN,47.09,MEDIUM,MEDIUM,Travel reminder,Send automated reminder closer to travel date.,Keep customer engaged and reduce avoidable cancellations.
UNKNOWN,UNKNOWN,46.35,MEDIUM,MEDIUM,Travel reminder,Send automated reminder closer to travel date.,Keep customer engaged and reduce avoidable cancellations.
UNKNOWN,UNKNOWN,50.42,MEDIUM,MEDIUM,Travel reminder,Send automated reminder closer to travel date.,Keep customer engaged and reduce avoidable cancellations.
UNKNOWN,UNKNOWN,53.61,MEDIUM,MEDIUM,Travel reminder,Send automated reminder closer to travel date.,Keep customer engaged and reduce avoidable cancellations.
UNKNOWN,UNKNOWN,55.03,MEDIUM,MEDIUM,Travel reminder,Send automated reminder closer to travel date.,Keep customer engaged and reduce avoidable cancellations.
UNKNOWN,UNKNOWN,50.83,MEDIUM,MEDIUM,Travel reminder,Send automated reminder closer to travel date.,Keep customer engaged and reduce avoidable cancellations.
UNKNOWN,UNKNOWN,53.22,MEDIUM,MEDIUM,Travel reminder,Send automated reminder closer to travel date.,Keep customer engaged and reduce avoidable cancellations.
UNKNOWN,UNKNOWN,44.33,MEDIUM,MEDIUM,Travel reminder,Send automated reminder closer to travel date.,Keep customer engaged and reduce avoidable cancellations.
UNKNOWN,UNKNOWN,47.37,MEDIUM,MEDIUM,Travel reminder,Send automated reminder closer to travel date.,Keep customer engaged and reduce avoidable cancellations.
UNKNOWN,UNKNOWN,48.0,MEDIUM,MEDIUM,Travel reminder,Send automated reminder closer to travel date.,Keep customer engaged and reduce avoidable cancellations.
UNKNOWN,UNKNOWN,45.02,MEDIUM,MEDIUM,Travel reminder,Send automated reminder closer to travel date.,Keep customer engaged and reduce avoidable cancellations.
UNKNOWN,UNKNOWN,52.33,MEDIUM,MEDIUM,Travel reminder,Send automated reminder closer to travel date.,Keep customer engaged and reduce avoidable cancellations.
UNKNOWN,UNKNOWN,47.44,MEDIUM,MEDIUM,Travel reminder,Send automated reminder closer to travel date.,Keep customer engaged and reduce avoidable cancellations.
UNKNOWN,UNKNOWN,43.81,MEDIUM,MEDIUM,Travel reminder,Send automated reminder closer to travel date.,Keep customer engaged and reduce avoidable cancellations.
UNKNOWN,UNKNOWN,43.83,MEDIUM,MEDIUM,Travel reminder,Send automated reminder closer to travel date.,Keep customer engaged and reduce avoidable cancellations.
UNKNOWN,UNKNOWN,51.3,MEDIUM,MEDIUM,Travel reminder,Send automated reminder closer to travel date.,Keep customer engaged and reduce avoidable cancellations.
UNKNOWN,UNKNOWN,51.74,MEDIUM,MEDIUM,Travel reminder,Send automated reminder closer to travel date.,Keep customer engaged and reduce avoidable cancellations.
UNKNOWN,UNKNOWN,48.25,MEDIUM,MEDIUM,Travel reminder,Send automated reminder closer to travel date.,Keep customer engaged and reduce avoidable cancellations.
UNKNOWN,UNKNOWN,47.34,MEDIUM,MEDIUM,Travel reminder,Send automated reminder closer to travel date.,Keep customer engaged and reduce avoidable cancellations.
UNKNOWN,UNKNOWN,49.21,MEDIUM,MEDIUM,Travel reminder,Send automated reminder closer to travel date.,Keep customer engaged and reduce avoidable cancellations.
UNKNOWN,UNKNOWN,53.13,MEDIUM,MEDIUM,Travel reminder,Send automated reminder closer to travel date.,Keep customer engaged and reduce avoidable cancellations.
UNKNOWN,UNKNOWN,54.32,MEDIUM,MEDIUM,Travel reminder,Send automated reminder closer to travel date.,Keep customer engaged and reduce avoidable cancellations.
UNKNOWN,UNKNOWN,55.47,MEDIUM,MEDIUM,Travel reminder,Send automated reminder closer to travel date.,Keep customer engaged and reduce avoidable cancellations.
UNKNOWN,UNKNOWN,50.93,MEDIUM,MEDIUM,Travel reminder,Send automated reminder closer to travel date.,Keep customer engaged and reduce avoidable cancellations.
UNKNOWN,UNKNOWN,54.32,MEDIUM,MEDIUM,Travel reminder,Send automated reminder closer to travel date.,Keep customer engaged and reduce avoidable cancellations.
UNKNOWN,UNKNOWN,47.47,MEDIUM,MEDIUM,Travel reminder,Send automated reminder closer to travel date.,Keep customer engaged and reduce avoidable cancellations.
UNKNOWN,UNKNOWN,51.05,MEDIUM,MEDIUM,Travel reminder,Send automated reminder closer to travel date.,Keep customer engaged and reduce avoidable cancellations.
UNKNOWN,UNKNOWN,46.54,MEDIUM,MEDIUM,Travel reminder,Send automated reminder closer to travel date.,Keep customer engaged and reduce avoidable cancellations.
UNKNOWN,UNKNOWN,50.98,MEDIUM,MEDIUM,Travel reminder,Send automated reminder closer to travel date.,Keep customer engaged and reduce avoidable cancellations.
UNKNOWN,UNKNOWN,55.31,MEDIUM,MEDIUM,Travel reminder,Send automated reminder closer to travel date.,Keep customer engaged and reduce avoidable cancellations.
UNKNOWN,UNKNOWN,51.64,MEDIUM,MEDIUM,Travel reminder,Send automated reminder closer to travel date.,Keep customer engaged and reduce avoidable cancellations.
UNKNOWN,UNKNOWN,52.46,MEDIUM,MEDIUM,Travel reminder,Send automated reminder closer to travel date.,Keep customer engaged and reduce avoidable cancellations.
UNKNOWN,UNKNOWN,50.74,MEDIUM,MEDIUM,Travel reminder,Send automated reminder closer to travel date.,Keep customer engaged and reduce avoidable cancellations.
UNKNOWN,UNKNOWN,45.09,MEDIUM,MEDIUM,Travel reminder,Send automated reminder closer to travel date.,Keep customer engaged and reduce avoidable cancellations.
UNKNOWN,UNKNOWN,53.42,MEDIUM,MEDIUM,Travel reminder,Send automated reminder closer to travel date.,Keep customer engaged and reduce avoidable cancellations.
UNKNOWN,UNKNOWN,47.28,MEDIUM,MEDIUM,Travel reminder,Send automated reminder closer to travel date.,Keep customer engaged and reduce avoidable cancellations.
UNKNOWN,UNKNOWN,52.02,MEDIUM,MEDIUM,Travel reminder,Send automated reminder closer to travel date.,Keep customer engaged and reduce avoidable cancellations.
UNKNOWN,UNKNOWN,45.98,MEDIUM,MEDIUM,Travel reminder,Send automated reminder closer to travel date.,Keep customer engaged and reduce avoidable cancellations.
UNKNOWN,UNKNOWN,50.1,MEDIUM,MEDIUM,Travel reminder,Send automated reminder closer to travel date.,Keep customer engaged and reduce avoidable cancellations.
UNKNOWN,UNKNOWN,48.12,MEDIUM,MEDIUM,Travel reminder,Send automated reminder closer to travel date.,Keep customer engaged and reduce avoidable cancellations.
UNKNOWN,UNKNOWN,55.39,MEDIUM,MEDIUM,Travel reminder,Send automated reminder closer to travel date.,Keep customer engaged and reduce avoidable cancellations.
UNKNOWN,UNKNOWN,50.87,MEDIUM,MEDIUM,Travel reminder,Send automated reminder closer to travel date.,Keep customer engaged and reduce avoidable cancellations.
UNKNOWN,UNKNOWN,47.05,MEDIUM,MEDIUM,Travel reminder,Send automated reminder closer to travel date.,Keep customer engaged and reduce avoidable cancellations.
UNKNOWN,UNKNOWN,52.64,MEDIUM,MEDIUM,Travel reminder,Send automated reminder closer to travel date.,Keep customer engaged and reduce avoidable cancellations.
UNKNOWN,UNKNOWN,55.44,MEDIUM,MEDIUM,Travel reminder,Send automated reminder closer to travel date.,Keep customer engaged and reduce avoidable cancellations.
UNKNOWN,UNKNOWN,47.34,MEDIUM,MEDIUM,Travel reminder,Send automated reminder closer to travel date.,Keep customer engaged and reduce avoidable cancellations.
UNKNOWN,UNKNOWN,53.78,MEDIUM,MEDIUM,Travel reminder,Send automated reminder closer to travel date.,Keep customer engaged and reduce avoidable cancellations.
UNKNOWN,UNKNOWN,50.08,MEDIUM,MEDIUM,Travel reminder,Send automated reminder closer to travel date.,Keep customer engaged and reduce avoidable cancellations.
UNKNOWN,UNKNOWN,45.6,MEDIUM,MEDIUM,Travel reminder,Send automated reminder closer to travel date.,Keep customer engaged and reduce avoidable cancellations.
UNKNOWN,UNKNOWN,53.01,MEDIUM,MEDIUM,Travel reminder,Send automated reminder closer to travel date.,Keep customer engaged and reduce avoidable cancellations.
UNKNOWN,UNKNOWN,51.38,MEDIUM,MEDIUM,Travel reminder,Send automated reminder closer to travel date.,Keep customer engaged and reduce avoidable cancellations.
UNKNOWN,UNKNOWN,47.29,MEDIUM,MEDIUM,Travel reminder,Send automated reminder closer to travel date.,Keep customer engaged and reduce avoidable cancellations.
UNKNOWN,UNKNOWN,52.98,MEDIUM,MEDIUM,Travel reminder,Send automated reminder closer to travel date.,Keep customer engaged and reduce avoidable cancellations.
UNKNOWN,UNKNOWN,46.81,MEDIUM,MEDIUM,Travel reminder,Send automated reminder closer to travel date.,Keep customer engaged and reduce avoidable cancellations.
UNKNOWN,UNKNOWN,46.26,MEDIUM,MEDIUM,Travel reminder,Send automated reminder closer to travel date.,Keep customer engaged and reduce avoidable cancellations.
UNKNOWN,UNKNOWN,55.46,MEDIUM,MEDIUM,Travel reminder,Send automated reminder closer to travel date.,Keep customer engaged and reduce avoidable cancellations.
UNKNOWN,UNKNOWN,50.94,MEDIUM,MEDIUM,Travel reminder,Send automated reminder closer to travel date.,Keep customer engaged and reduce avoidable cancellations.
UNKNOWN,UNKNOWN,49.79,MEDIUM,MEDIUM,Travel reminder,Send automated reminder closer to travel date.,Keep customer engaged and reduce avoidable cancellations.
UNKNOWN,UNKNOWN,55.74,MEDIUM,MEDIUM,Travel reminder,Send automated reminder closer to travel date.,Keep customer engaged and reduce avoidable cancellations.
UNKNOWN,UNKNOWN,48.8,MEDIUM,MEDIUM,Travel reminder,Send automated reminder closer to travel date.,Keep customer engaged and reduce avoidable cancellations.
UNKNOWN,UNKNOWN,49.48,MEDIUM,MEDIUM,Travel reminder,Send automated reminder closer to travel date.,Keep customer engaged and reduce avoidable cancellations.
UNKNOWN,UNKNOWN,52.41,MEDIUM,MEDIUM,Travel reminder,Send automated reminder closer to travel date.,Keep customer engaged and reduce avoidable cancellations.
UNKNOWN,UNKNOWN,51.11,MEDIUM,MEDIUM,Travel reminder,Send automated reminder closer to travel date.,Keep customer engaged and reduce avoidable cancellations.
UNKNOWN,UNKNOWN,52.19,MEDIUM,MEDIUM,Travel reminder,Send automated reminder closer to travel date.,Keep customer engaged and reduce avoidable cancellations.
UNKNOWN,UNKNOWN,49.88,MEDIUM,MEDIUM,Travel reminder,Send automated reminder closer to travel date.,Keep customer engaged and reduce avoidable cancellations.
UNKNOWN,UNKNOWN,49.52,MEDIUM,MEDIUM,Travel reminder,Send automated reminder closer to travel date.,Keep customer engaged and reduce avoidable cancellations.
UNKNOWN,UNKNOWN,49.74,MEDIUM,MEDIUM,Travel reminder,Send automated reminder closer to travel date.,Keep customer engaged and reduce avoidable cancellations.
UNKNOWN,UNKNOWN,55.59,MEDIUM,MEDIUM,Travel reminder,Send automated reminder closer to travel date.,Keep customer engaged and reduce avoidable cancellations.
UNKNOWN,UNKNOWN,48.83,MEDIUM,MEDIUM,Travel reminder,Send automated reminder closer to travel date.,Keep customer engaged and reduce avoidable cancellations.
UNKNOWN,UNKNOWN,49.18,MEDIUM,MEDIUM,Travel reminder,Send automated reminder closer to travel date.,Keep customer engaged and reduce avoidable cancellations.
UNKNOWN,UNKNOWN,48.94,MEDIUM,MEDIUM,Travel reminder,Send automated reminder closer to travel date.,Keep customer engaged and reduce avoidable cancellations.
UNKNOWN,UNKNOWN,46.45,MEDIUM,MEDIUM,Travel reminder,Send automated reminder closer to travel date.,Keep customer engaged and reduce avoidable cancellations.
UNKNOWN,UNKNOWN,55.01,MEDIUM,MEDIUM,Travel reminder,Send automated reminder closer to travel date.,Keep customer engaged and reduce avoidable cancellations.
UNKNOWN,UNKNOWN,45.16,MEDIUM,MEDIUM,Travel reminder,Send automated reminder closer to travel date.,Keep customer engaged and reduce avoidable cancellations.
UNKNOWN,UNKNOWN,45.84,MEDIUM,MEDIUM,Travel reminder,Send automated reminder closer to travel date.,Keep customer engaged and reduce avoidable cancellations.
UNKNOWN,UNKNOWN,51.47,MEDIUM,MEDIUM,Travel reminder,Send automated reminder closer to travel date.,Keep customer engaged and reduce avoidable cancellations.
UNKNOWN,UNKNOWN,49.47,MEDIUM,MEDIUM,Travel reminder,Send automated reminder closer to travel date.,Keep customer engaged and reduce avoidable cancellations.
UNKNOWN,UNKNOWN,60.3,HIGH,HIGH,Cancellation prevention campaign,Send personalized reminder and consider a targeted incentive.,Reduce high-probability cancellations.
UNKNOWN,UNKNOWN,42.41,MEDIUM,MEDIUM,Travel reminder,Send automated reminder closer to travel date.,Keep customer engaged and reduce avoidable cancellations.
UNKNOWN,UNKNOWN,47.56,MEDIUM,MEDIUM,Travel reminder,Send automated reminder closer to travel date.,Keep customer engaged and reduce avoidable cancellations.
UNKNOWN,UNKNOWN,48.63,MEDIUM,MEDIUM,Travel reminder,Send automated reminder closer to travel date.,Keep customer engaged and reduce avoidable cancellations.
UNKNOWN,UNKNOWN,50.56,MEDIUM,MEDIUM,Travel reminder,Send automated reminder closer to travel date.,Keep customer engaged and reduce avoidable cancellations.
UNKNOWN,UNKNOWN,48.2,MEDIUM,MEDIUM,Travel reminder,Send automated reminder closer to travel date.,Keep customer engaged and reduce avoidable cancellations.
UNKNOWN,UNKNOWN,52.84,MEDIUM,MEDIUM,Travel reminder,Send automated reminder closer to travel date.,Keep customer engaged and reduce avoidable cancellations.
UNKNOWN,UNKNOWN,47.34,MEDIUM,MEDIUM,Travel reminder,Send automated reminder closer to travel date.,Keep customer engaged and reduce avoidable cancellations.
UNKNOWN,UNKNOWN,45.78,MEDIUM,MEDIUM,Travel reminder,Send automated reminder closer to travel date.,Keep customer engaged and reduce avoidable cancellations.
UNKNOWN,UNKNOWN,55.56,MEDIUM,MEDIUM,Travel reminder,Send automated reminder closer to travel date.,Keep customer engaged and reduce avoidable cancellations.
UNKNOWN,UNKNOWN,51.0,MEDIUM,MEDIUM,Travel reminder,Send automated reminder closer to travel date.,Keep customer engaged and reduce avoidable cancellations.
UNKNOWN,UNKNOWN,48.57,MEDIUM,MEDIUM,Travel reminder,Send automated reminder closer to travel date.,Keep customer engaged and reduce avoidable cancellations.
UNKNOWN,UNKNOWN,52.93,MEDIUM,MEDIUM,Travel reminder,Send automated reminder closer to travel date.,Keep customer engaged and reduce avoidable cancellations.
UNKNOWN,UNKNOWN,53.87,MEDIUM,MEDIUM,Travel reminder,Send automated reminder closer to travel date.,Keep customer engaged and reduce avoidable cancellations.
UNKNOWN,UNKNOWN,50.56,MEDIUM,MEDIUM,Travel reminder,Send automated reminder closer to travel date.,Keep customer engaged and reduce avoidable cancellations.
UNKNOWN,UNKNOWN,52.25,MEDIUM,MEDIUM,Travel reminder,Send automated reminder closer to travel date.,Keep customer engaged and reduce avoidable cancellations.
UNKNOWN,UNKNOWN,48.74,MEDIUM,MEDIUM,Travel reminder,Send automated reminder closer to travel date.,Keep customer engaged and reduce avoidable cancellations.
UNKNOWN,UNKNOWN,47.1,MEDIUM,MEDIUM,Travel reminder,Send automated reminder closer to travel date.,Keep customer engaged and reduce avoidable cancellations.
UNKNOWN,UNKNOWN,45.58,MEDIUM,MEDIUM,Travel reminder,Send automated reminder closer to travel date.,Keep customer engaged and reduce avoidable cancellations.
UNKNOWN,UNKNOWN,49.38,MEDIUM,MEDIUM,Travel reminder,Send automated reminder closer to travel date.,Keep customer engaged and reduce avoidable cancellations.
UNKNOWN,UNKNOWN,50.32,MEDIUM,MEDIUM,Travel reminder,Send automated reminder closer to travel date.,Keep customer engaged and reduce avoidable cancellations.
UNKNOWN,UNKNOWN,55.84,MEDIUM,MEDIUM,Travel reminder,Send automated reminder closer to travel date.,Keep customer engaged and reduce avoidable cancellations.
UNKNOWN,UNKNOWN,46.68,MEDIUM,MEDIUM,Travel reminder,Send automated reminder closer to travel date.,Keep customer engaged and reduce avoidable cancellations.
UNKNOWN,UNKNOWN,51.78,MEDIUM,MEDIUM,Travel reminder,Send automated reminder closer to travel date.,Keep customer engaged and reduce avoidable cancellations.
UNKNOWN,UNKNOWN,50.62,MEDIUM,MEDIUM,Travel reminder,Send automated reminder closer to travel date.,Keep customer engaged and reduce avoidable cancellations.
UNKNOWN,UNKNOWN,51.27,MEDIUM,MEDIUM,Travel reminder,Send automated reminder closer to travel date.,Keep customer engaged and reduce avoidable cancellations.
UNKNOWN,UNKNOWN,49.24,MEDIUM,MEDIUM,Travel reminder,Send automated reminder closer to travel date.,Keep customer engaged and reduce avoidable cancellations.
UNKNOWN,UNKNOWN,47.35,MEDIUM,MEDIUM,Travel reminder,Send automated reminder closer to travel date.,Keep customer engaged and reduce avoidable cancellations.
UNKNOWN,UNKNOWN,52.87,MEDIUM,MEDIUM,Travel reminder,Send automated reminder closer to travel date.,Keep customer engaged and reduce avoidable cancellations.
UNKNOWN,UNKNOWN,52.38,MEDIUM,MEDIUM,Travel reminder,Send automated reminder closer to travel date.,Keep customer engaged and reduce avoidable cancellations.
UNKNOWN,UNKNOWN,59.02,MEDIUM,MEDIUM,Travel reminder,Send automated reminder closer to travel date.,Keep customer engaged and reduce avoidable cancellations.
UNKNOWN,UNKNOWN,44.6,MEDIUM,MEDIUM,Travel reminder,Send automated reminder closer to travel date.,Keep customer engaged and reduce avoidable cancellations.
UNKNOWN,UNKNOWN,51.2,MEDIUM,MEDIUM,Travel reminder,Send automated reminder closer to travel date.,Keep customer engaged and reduce avoidable cancellations.
UNKNOWN,UNKNOWN,51.69,MEDIUM,MEDIUM,Travel reminder,Send automated reminder closer to travel date.,Keep customer engaged and reduce avoidable cancellations.
UNKNOWN,UNKNOWN,49.36,MEDIUM,MEDIUM,Travel reminder,Send automated reminder closer to travel date.,Keep customer engaged and reduce avoidable cancellations.
UNKNOWN,UNKNOWN,51.47,MEDIUM,MEDIUM,Travel reminder,Send automated reminder closer to travel date.,Keep customer engaged and reduce avoidable cancellations.
UNKNOWN,UNKNOWN,46.55,MEDIUM,MEDIUM,Travel reminder,Send automated reminder closer to travel date.,Keep customer engaged and reduce avoidable cancellations.
UNKNOWN,UNKNOWN,51.1,MEDIUM,MEDIUM,Travel reminder,Send automated reminder closer to travel date.,Keep customer engaged and reduce avoidable cancellations.
UNKNOWN,UNKNOWN,44.43,MEDIUM,MEDIUM,Travel reminder,Send automated reminder closer to travel date.,Keep customer engaged and reduce avoidable cancellations.
UNKNOWN,UNKNOWN,50.09,MEDIUM,MEDIUM,Travel reminder,Send automated reminder closer to travel date.,Keep customer engaged and reduce avoidable cancellations.
UNKNOWN,UNKNOWN,46.75,MEDIUM,MEDIUM,Travel reminder,Send automated reminder closer to travel date.,Keep customer engaged and reduce avoidable cancellations.
UNKNOWN,UNKNOWN,47.73,MEDIUM,MEDIUM,Travel reminder,Send automated reminder closer to travel date.,Keep customer engaged and reduce avoidable cancellations.
UNKNOWN,UNKNOWN,50.72,MEDIUM,MEDIUM,Travel reminder,Send automated reminder closer to travel date.,Keep customer engaged and reduce avoidable cancellations.
UNKNOWN,UNKNOWN,49.92,MEDIUM,MEDIUM,Travel reminder,Send automated reminder closer to travel date.,Keep customer engaged and reduce avoidable cancellations.
UNKNOWN,UNKNOWN,53.51,MEDIUM,MEDIUM,Travel reminder,Send automated reminder closer to travel date.,Keep customer engaged and reduce avoidable cancellations.
UNKNOWN,UNKNOWN,47.52,MEDIUM,MEDIUM,Travel reminder,Send automated reminder closer to travel date.,Keep customer engaged and reduce avoidable cancellations.
UNKNOWN,UNKNOWN,41.04,MEDIUM,MEDIUM,Travel reminder,Send automated reminder closer to travel date.,Keep customer engaged and reduce avoidable cancellations.
UNKNOWN,UNKNOWN,47.93,MEDIUM,MEDIUM,Travel reminder,Send automated reminder closer to travel date.,Keep customer engaged and reduce avoidable cancellations.
UNKNOWN,UNKNOWN,43.26,MEDIUM,MEDIUM,Travel reminder,Send automated reminder closer to travel date.,Keep customer engaged and reduce avoidable cancellations.
UNKNOWN,UNKNOWN,52.42,MEDIUM,MEDIUM,Travel reminder,Send automated reminder closer to travel date.,Keep customer engaged and reduce avoidable cancellations.
UNKNOWN,UNKNOWN,49.58,MEDIUM,MEDIUM,Travel reminder,Send automated reminder closer to travel date.,Keep customer engaged and reduce avoidable cancellations.
UNKNOWN,UNKNOWN,47.99,MEDIUM,MEDIUM,Travel reminder,Send automated reminder closer to travel date.,Keep customer engaged and reduce avoidable cancellations.
UNKNOWN,UNKNOWN,49.0,MEDIUM,MEDIUM,Travel reminder,Send automated reminder closer to travel date.,Keep customer engaged and reduce avoidable cancellations.
UNKNOWN,UNKNOWN,49.6,MEDIUM,MEDIUM,Travel reminder,Send automated reminder closer to travel date.,Keep customer engaged and reduce avoidable cancellations.
UNKNOWN,UNKNOWN,47.05,MEDIUM,MEDIUM,Travel reminder,Send automated reminder closer to travel date.,Keep customer engaged and reduce avoidable cancellations.
UNKNOWN,UNKNOWN,51.65,MEDIUM,MEDIUM,Travel reminder,Send automated reminder closer to travel date.,Keep customer engaged and reduce avoidable cancellations.
UNKNOWN,UNKNOWN,50.56,MEDIUM,MEDIUM,Travel reminder,Send automated reminder closer to travel date.,Keep customer engaged and reduce avoidable cancellations.
UNKNOWN,UNKNOWN,52.21,MEDIUM,MEDIUM,Travel reminder,Send automated reminder closer to travel date.,Keep customer engaged and reduce avoidable cancellations.
UNKNOWN,UNKNOWN,46.54,MEDIUM,MEDIUM,Travel reminder,Send automated reminder closer to travel date.,Keep customer engaged and reduce avoidable cancellations.
UNKNOWN,UNKNOWN,47.31,MEDIUM,MEDIUM,Travel reminder,Send automated reminder closer to travel date.,Keep customer engaged and reduce avoidable cancellations.
UNKNOWN,UNKNOWN,50.24,MEDIUM,MEDIUM,Travel reminder,Send automated reminder closer to travel date.,Keep customer engaged and reduce avoidable cancellations.
UNKNOWN,UNKNOWN,52.2,MEDIUM,MEDIUM,Travel reminder,Send automated reminder closer to travel date.,Keep customer engaged and reduce avoidable cancellations.
UNKNOWN,UNKNOWN,47.94,MEDIUM,MEDIUM,Travel reminder,Send automated reminder closer to travel date.,Keep customer engaged and reduce avoidable cancellations.
UNKNOWN,UNKNOWN,52.42,MEDIUM,MEDIUM,Travel reminder,Send automated reminder closer to travel date.,Keep customer engaged and reduce avoidable cancellations.
UNKNOWN,UNKNOWN,48.07,MEDIUM,MEDIUM,Travel reminder,Send automated reminder closer to travel date.,Keep customer engaged and reduce avoidable cancellations.
UNKNOWN,UNKNOWN,51.89,MEDIUM,MEDIUM,Travel reminder,Send automated reminder closer to travel date.,Keep customer engaged and reduce avoidable cancellations.
UNKNOWN,UNKNOWN,48.46,MEDIUM,MEDIUM,Travel reminder,Send automated reminder closer to travel date.,Keep customer engaged and reduce avoidable cancellations.
UNKNOWN,UNKNOWN,42.32,MEDIUM,MEDIUM,Travel reminder,Send automated reminder closer to travel date.,Keep customer engaged and reduce avoidable cancellations.
UNKNOWN,UNKNOWN,51.94,MEDIUM,MEDIUM,Travel reminder,Send automated reminder closer to travel date.,Keep customer engaged and reduce avoidable cancellations.
UNKNOWN,UNKNOWN,48.59,MEDIUM,MEDIUM,Travel reminder,Send automated reminder closer to travel date.,Keep customer engaged and reduce avoidable cancellations.
UNKNOWN,UNKNOWN,47.46,MEDIUM,MEDIUM,Travel reminder,Send automated reminder closer to travel date.,Keep customer engaged and reduce avoidable cancellations.
UNKNOWN,UNKNOWN,48.9,MEDIUM,MEDIUM,Travel reminder,Send automated reminder closer to travel date.,Keep customer engaged and reduce avoidable cancellations.
UNKNOWN,UNKNOWN,51.25,MEDIUM,MEDIUM,Travel reminder,Send automated reminder closer to travel date.,Keep customer engaged and reduce avoidable cancellations.
UNKNOWN,UNKNOWN,52.41,MEDIUM,MEDIUM,Travel reminder,Send automated reminder closer to travel date.,Keep customer engaged and reduce avoidable cancellations.
UNKNOWN,UNKNOWN,45.95,MEDIUM,MEDIUM,Travel reminder,Send automated reminder closer to travel date.,Keep customer engaged and reduce avoidable cancellations.
UNKNOWN,UNKNOWN,50.37,MEDIUM,MEDIUM,Travel reminder,Send automated reminder closer to travel date.,Keep customer engaged and reduce avoidable cancellations.
UNKNOWN,UNKNOWN,49.16,MEDIUM,MEDIUM,Travel reminder,Send automated reminder closer to travel date.,Keep customer engaged and reduce avoidable cancellations.
UNKNOWN,UNKNOWN,53.46,MEDIUM,MEDIUM,Travel reminder,Send automated reminder closer to travel date.,Keep customer engaged and reduce avoidable cancellations.
UNKNOWN,UNKNOWN,50.02,MEDIUM,MEDIUM,Travel reminder,Send automated reminder closer to travel date.,Keep customer engaged and reduce avoidable cancellations.
UNKNOWN,UNKNOWN,55.21,MEDIUM,MEDIUM,Travel reminder,Send automated reminder closer to travel date.,Keep customer engaged and reduce avoidable cancellations.
UNKNOWN,UNKNOWN,52.69,MEDIUM,MEDIUM,Travel reminder,Send automated reminder closer to travel date.,Keep customer engaged and reduce avoidable cancellations.
UNKNOWN,UNKNOWN,46.87,MEDIUM,MEDIUM,Travel reminder,Send automated reminder closer to travel date.,Keep customer engaged and reduce avoidable cancellations.
UNKNOWN,UNKNOWN,46.15,MEDIUM,MEDIUM,Travel reminder,Send automated reminder closer to travel date.,Keep customer engaged and reduce avoidable cancellations.
UNKNOWN,UNKNOWN,46.09,MEDIUM,MEDIUM,Travel reminder,Send automated reminder closer to travel date.,Keep customer engaged and reduce avoidable cancellations.
UNKNOWN,UNKNOWN,51.1,MEDIUM,MEDIUM,Travel reminder,Send automated reminder closer to travel date.,Keep customer engaged and reduce avoidable cancellations.
UNKNOWN,UNKNOWN,51.68,MEDIUM,MEDIUM,Travel reminder,Send automated reminder closer to travel date.,Keep customer engaged and reduce avoidable cancellations.
UNKNOWN,UNKNOWN,44.1,MEDIUM,MEDIUM,Travel reminder,Send automated reminder closer to travel date.,Keep customer engaged and reduce avoidable cancellations.
UNKNOWN,UNKNOWN,51.19,MEDIUM,MEDIUM,Travel reminder,Send automated reminder closer to travel date.,Keep customer engaged and reduce avoidable cancellations.
UNKNOWN,UNKNOWN,58.85,MEDIUM,MEDIUM,Travel reminder,Send automated reminder closer to travel date.,Keep customer engaged and reduce avoidable cancellations.
UNKNOWN,UNKNOWN,45.32,MEDIUM,MEDIUM,Travel reminder,Send automated reminder closer to travel date.,Keep customer engaged and reduce avoidable cancellations.
UNKNOWN,UNKNOWN,52.48,MEDIUM,MEDIUM,Travel reminder,Send automated reminder closer to travel date.,Keep customer engaged and reduce avoidable cancellations.
UNKNOWN,UNKNOWN,52.97,MEDIUM,MEDIUM,Travel reminder,Send automated reminder closer to travel date.,Keep customer engaged and reduce avoidable cancellations.
UNKNOWN,UNKNOWN,49.11,MEDIUM,MEDIUM,Travel reminder,Send automated reminder closer to travel date.,Keep customer engaged and reduce avoidable cancellations.
UNKNOWN,UNKNOWN,49.91,MEDIUM,MEDIUM,Travel reminder,Send automated reminder closer to travel date.,Keep customer engaged and reduce avoidable cancellations.
UNKNOWN,UNKNOWN,51.32,MEDIUM,MEDIUM,Travel reminder,Send automated reminder closer to travel date.,Keep customer engaged and reduce avoidable cancellations.
UNKNOWN,UNKNOWN,49.17,MEDIUM,MEDIUM,Travel reminder,Send automated reminder closer to travel date.,Keep customer engaged and reduce avoidable cancellations.
UNKNOWN,UNKNOWN,50.56,MEDIUM,MEDIUM,Travel reminder,Send automated reminder closer to travel date.,Keep customer engaged and reduce avoidable cancellations.
UNKNOWN,UNKNOWN,44.03,MEDIUM,MEDIUM,Travel reminder,Send automated reminder closer to travel date.,Keep customer engaged and reduce avoidable cancellations.
UNKNOWN,UNKNOWN,51.47,MEDIUM,MEDIUM,Travel reminder,Send automated reminder closer to travel date.,Keep customer engaged and reduce avoidable cancellations.
UNKNOWN,UNKNOWN,51.73,MEDIUM,MEDIUM,Travel reminder,Send automated reminder closer to travel date.,Keep customer engaged and reduce avoidable cancellations.
UNKNOWN,UNKNOWN,44.53,MEDIUM,MEDIUM,Travel reminder,Send automated reminder closer to travel date.,Keep customer engaged and reduce avoidable cancellations.
UNKNOWN,UNKNOWN,44.14,MEDIUM,MEDIUM,Travel reminder,Send automated reminder closer to travel date.,Keep customer engaged and reduce avoidable cancellations.
UNKNOWN,UNKNOWN,50.42,MEDIUM,MEDIUM,Travel reminder,Send automated reminder closer to travel date.,Keep customer engaged and reduce avoidable cancellations.
UNKNOWN,UNKNOWN,48.94,MEDIUM,MEDIUM,Travel reminder,Send automated reminder closer to travel date.,Keep customer engaged and reduce avoidable cancellations.
UNKNOWN,UNKNOWN,48.21,MEDIUM,MEDIUM,Travel reminder,Send automated reminder closer to travel date.,Keep customer engaged and reduce avoidable cancellations.
UNKNOWN,UNKNOWN,46.68,MEDIUM,MEDIUM,Travel reminder,Send automated reminder closer to travel date.,Keep customer engaged and reduce avoidable cancellations.
UNKNOWN,UNKNOWN,48.68,MEDIUM,MEDIUM,Travel reminder,Send automated reminder closer to travel date.,Keep customer engaged and reduce avoidable cancellations.
UNKNOWN,UNKNOWN,47.04,MEDIUM,MEDIUM,Travel reminder,Send automated reminder closer to travel date.,Keep customer engaged and reduce avoidable cancellations.
UNKNOWN,UNKNOWN,46.85,MEDIUM,MEDIUM,Travel reminder,Send automated reminder closer to travel date.,Keep customer engaged and reduce avoidable cancellations.
UNKNOWN,UNKNOWN,48.5,MEDIUM,MEDIUM,Travel reminder,Send automated reminder closer to travel date.,Keep customer engaged and reduce avoidable cancellations.
UNKNOWN,UNKNOWN,52.87,MEDIUM,MEDIUM,Travel reminder,Send automated reminder closer to travel date.,Keep customer engaged and reduce avoidable cancellations.
UNKNOWN,UNKNOWN,47.66,MEDIUM,MEDIUM,Travel reminder,Send automated reminder closer to travel date.,Keep customer engaged and reduce avoidable cancellations.
UNKNOWN,UNKNOWN,52.84,MEDIUM,MEDIUM,Travel reminder,Send automated reminder closer to travel date.,Keep customer engaged and reduce avoidable cancellations.
UNKNOWN,UNKNOWN,53.56,MEDIUM,MEDIUM,Travel reminder,Send automated reminder closer to travel date.,Keep customer engaged and reduce avoidable cancellations.
UNKNOWN,UNKNOWN,52.53,MEDIUM,MEDIUM,Travel reminder,Send automated reminder closer to travel date.,Keep customer engaged and reduce avoidable cancellations.
UNKNOWN,UNKNOWN,46.0,MEDIUM,MEDIUM,Travel reminder,Send automated reminder closer to travel date.,Keep customer engaged and reduce avoidable cancellations.
UNKNOWN,UNKNOWN,49.14,MEDIUM,MEDIUM,Travel reminder,Send automated reminder closer to travel date.,Keep customer engaged and reduce avoidable cancellations.
UNKNOWN,UNKNOWN,54.3,MEDIUM,MEDIUM,Travel reminder,Send automated reminder closer to travel date.,Keep customer engaged and reduce avoidable cancellations.
UNKNOWN,UNKNOWN,56.26,MEDIUM,MEDIUM,Travel reminder,Send automated reminder closer to travel date.,Keep customer engaged and reduce avoidable cancellations.
UNKNOWN,UNKNOWN,52.6,MEDIUM,MEDIUM,Travel reminder,Send automated reminder closer to travel date.,Keep customer engaged and reduce avoidable cancellations.
UNKNOWN,UNKNOWN,47.98,MEDIUM,MEDIUM,Travel reminder,Send automated reminder closer to travel date.,Keep customer engaged and reduce avoidable cancellations.
UNKNOWN,UNKNOWN,47.12,MEDIUM,MEDIUM,Travel reminder,Send automated reminder closer to travel date.,Keep customer engaged and reduce avoidable cancellations.
UNKNOWN,UNKNOWN,52.07,MEDIUM,MEDIUM,Travel reminder,Send automated reminder closer to travel date.,Keep customer engaged and reduce avoidable cancellations.
UNKNOWN,UNKNOWN,49.86,MEDIUM,MEDIUM,Travel reminder,Send automated reminder closer to travel date.,Keep customer engaged and reduce avoidable cancellations.
UNKNOWN,UNKNOWN,51.63,MEDIUM,MEDIUM,Travel reminder,Send automated reminder closer to travel date.,Keep customer engaged and reduce avoidable cancellations.
UNKNOWN,UNKNOWN,53.36,MEDIUM,MEDIUM,Travel reminder,Send automated reminder closer to travel date.,Keep customer engaged and reduce avoidable cancellations.
UNKNOWN,UNKNOWN,50.06,MEDIUM,MEDIUM,Travel reminder,Send automated reminder closer to travel date.,Keep customer engaged and reduce avoidable cancellations.
UNKNOWN,UNKNOWN,46.16,MEDIUM,MEDIUM,Travel reminder,Send automated reminder closer to travel date.,Keep customer engaged and reduce avoidable cancellations.
UNKNOWN,UNKNOWN,51.03,MEDIUM,MEDIUM,Travel reminder,Send automated reminder closer to travel date.,Keep customer engaged and reduce avoidable cancellations.
UNKNOWN,UNKNOWN,45.35,MEDIUM,MEDIUM,Travel reminder,Send automated reminder closer to travel date.,Keep customer engaged and reduce avoidable cancellations.
UNKNOWN,UNKNOWN,50.9,MEDIUM,MEDIUM,Travel reminder,Send automated reminder closer to travel date.,Keep customer engaged and reduce avoidable cancellations.
UNKNOWN,UNKNOWN,45.03,MEDIUM,MEDIUM,Travel reminder,Send automated reminder closer to travel date.,Keep customer engaged and reduce avoidable cancellations.
UNKNOWN,UNKNOWN,54.81,MEDIUM,MEDIUM,Travel reminder,Send automated reminder closer to travel date.,Keep customer engaged and reduce avoidable cancellations.
UNKNOWN,UNKNOWN,47.54,MEDIUM,MEDIUM,Travel reminder,Send automated reminder closer to travel date.,Keep customer engaged and reduce avoidable cancellations.
UNKNOWN,UNKNOWN,50.59,MEDIUM,MEDIUM,Travel reminder,Send automated reminder closer to travel date.,Keep customer engaged and reduce avoidable cancellations.
UNKNOWN,UNKNOWN,53.14,MEDIUM,MEDIUM,Travel reminder,Send automated reminder closer to travel date.,Keep customer engaged and reduce avoidable cancellations.
UNKNOWN,UNKNOWN,51.52,MEDIUM,MEDIUM,Travel reminder,Send automated reminder closer to travel date.,Keep customer engaged and reduce avoidable cancellations.
UNKNOWN,UNKNOWN,44.7,MEDIUM,MEDIUM,Travel reminder,Send automated reminder closer to travel date.,Keep customer engaged and reduce avoidable cancellations.
UNKNOWN,UNKNOWN,52.62,MEDIUM,MEDIUM,Travel reminder,Send automated reminder closer to travel date.,Keep customer engaged and reduce avoidable cancellations.
UNKNOWN,UNKNOWN,49.21,MEDIUM,MEDIUM,Travel reminder,Send automated reminder closer to travel date.,Keep customer engaged and reduce avoidable cancellations.
UNKNOWN,UNKNOWN,41.51,MEDIUM,MEDIUM,Travel reminder,Send automated reminder closer to travel date.,Keep customer engaged and reduce avoidable cancellations.
UNKNOWN,UNKNOWN,50.56,MEDIUM,MEDIUM,Travel reminder,Send automated reminder closer to travel date.,Keep customer engaged and reduce avoidable cancellations.
UNKNOWN,UNKNOWN,51.11,MEDIUM,MEDIUM,Travel reminder,Send automated reminder closer to travel date.,Keep customer engaged and reduce avoidable cancellations.
UNKNOWN,UNKNOWN,46.83,MEDIUM,MEDIUM,Travel reminder,Send automated reminder closer to travel date.,Keep customer engaged and reduce avoidable cancellations.
UNKNOWN,UNKNOWN,48.53,MEDIUM,MEDIUM,Travel reminder,Send automated reminder closer to travel date.,Keep customer engaged and reduce avoidable cancellations.
UNKNOWN,UNKNOWN,47.19,MEDIUM,MEDIUM,Travel reminder,Send automated reminder closer to travel date.,Keep customer engaged and reduce avoidable cancellations.
UNKNOWN,UNKNOWN,48.92,MEDIUM,MEDIUM,Travel reminder,Send automated reminder closer to travel date.,Keep customer engaged and reduce avoidable cancellations.
UNKNOWN,UNKNOWN,45.71,MEDIUM,MEDIUM,Travel reminder,Send automated reminder closer to travel date.,Keep customer engaged and reduce avoidable cancellations.
UNKNOWN,UNKNOWN,47.98,MEDIUM,MEDIUM,Travel reminder,Send automated reminder closer to travel date.,Keep customer engaged and reduce avoidable cancellations.
UNKNOWN,UNKNOWN,44.87,MEDIUM,MEDIUM,Travel reminder,Send automated reminder closer to travel date.,Keep customer engaged and reduce avoidable cancellations.
UNKNOWN,UNKNOWN,52.33,MEDIUM,MEDIUM,Travel reminder,Send automated reminder closer to travel date.,Keep customer engaged and reduce avoidable cancellations.
UNKNOWN,UNKNOWN,45.37,MEDIUM,MEDIUM,Travel reminder,Send automated reminder closer to travel date.,Keep customer engaged and reduce avoidable cancellations.
UNKNOWN,UNKNOWN,47.34,MEDIUM,MEDIUM,Travel reminder,Send automated reminder closer to travel date.,Keep customer engaged and reduce avoidable cancellations.
UNKNOWN,UNKNOWN,46.78,MEDIUM,MEDIUM,Travel reminder,Send automated reminder closer to travel date.,Keep customer engaged and reduce avoidable cancellations.
UNKNOWN,UNKNOWN,51.78,MEDIUM,MEDIUM,Travel reminder,Send automated reminder closer to travel date.,Keep customer engaged and reduce avoidable cancellations.
UNKNOWN,UNKNOWN,53.11,MEDIUM,MEDIUM,Travel reminder,Send automated reminder closer to travel date.,Keep customer engaged and reduce avoidable cancellations.
UNKNOWN,UNKNOWN,50.48,MEDIUM,MEDIUM,Travel reminder,Send automated reminder closer to travel date.,Keep customer engaged and reduce avoidable cancellations.
UNKNOWN,UNKNOWN,47.55,MEDIUM,MEDIUM,Travel reminder,Send automated reminder closer to travel date.,Keep customer engaged and reduce avoidable cancellations.
UNKNOWN,UNKNOWN,50.14,MEDIUM,MEDIUM,Travel reminder,Send automated reminder closer to travel date.,Keep customer engaged and reduce avoidable cancellations.
UNKNOWN,UNKNOWN,42.25,MEDIUM,MEDIUM,Travel reminder,Send automated reminder closer to travel date.,Keep customer engaged and reduce avoidable cancellations.
UNKNOWN,UNKNOWN,51.88,MEDIUM,MEDIUM,Travel reminder,Send automated reminder closer to travel date.,Keep customer engaged and reduce avoidable cancellations.
UNKNOWN,UNKNOWN,56.78,MEDIUM,MEDIUM,Travel reminder,Send automated reminder closer to travel date.,Keep customer engaged and reduce avoidable cancellations.
UNKNOWN,UNKNOWN,50.31,MEDIUM,MEDIUM,Travel reminder,Send automated reminder closer to travel date.,Keep customer engaged and reduce avoidable cancellations.
UNKNOWN,UNKNOWN,48.42,MEDIUM,MEDIUM,Travel reminder,Send automated reminder closer to travel date.,Keep customer engaged and reduce avoidable cancellations.
UNKNOWN,UNKNOWN,51.16,MEDIUM,MEDIUM,Travel reminder,Send automated reminder closer to travel date.,Keep customer engaged and reduce avoidable cancellations.
UNKNOWN,UNKNOWN,46.81,MEDIUM,MEDIUM,Travel reminder,Send automated reminder closer to travel date.,Keep customer engaged and reduce avoidable cancellations.
UNKNOWN,UNKNOWN,53.08,MEDIUM,MEDIUM,Travel reminder,Send automated reminder closer to travel date.,Keep customer engaged and reduce avoidable cancellations.
UNKNOWN,UNKNOWN,44.99,MEDIUM,MEDIUM,Travel reminder,Send automated reminder closer to travel date.,Keep customer engaged and reduce avoidable cancellations.
UNKNOWN,UNKNOWN,50.71,MEDIUM,MEDIUM,Travel reminder,Send automated reminder closer to travel date.,Keep customer engaged and reduce avoidable cancellations.
UNKNOWN,UNKNOWN,54.43,MEDIUM,MEDIUM,Travel reminder,Send automated reminder closer to travel date.,Keep customer engaged and reduce avoidable cancellations.
UNKNOWN,UNKNOWN,50.82,MEDIUM,MEDIUM,Travel reminder,Send automated reminder closer to travel date.,Keep customer engaged and reduce avoidable cancellations.
UNKNOWN,UNKNOWN,49.15,MEDIUM,MEDIUM,Travel reminder,Send automated reminder closer to travel date.,Keep customer engaged and reduce avoidable cancellations.
UNKNOWN,UNKNOWN,55.6,MEDIUM,MEDIUM,Travel reminder,Send automated reminder closer to travel date.,Keep customer engaged and reduce avoidable cancellations.
UNKNOWN,UNKNOWN,54.52,MEDIUM,MEDIUM,Travel reminder,Send automated reminder closer to travel date.,Keep customer engaged and reduce avoidable cancellations.
UNKNOWN,UNKNOWN,53.25,MEDIUM,MEDIUM,Travel reminder,Send automated reminder closer to travel date.,Keep customer engaged and reduce avoidable cancellations.
UNKNOWN,UNKNOWN,53.02,MEDIUM,MEDIUM,Travel reminder,Send automated reminder closer to travel date.,Keep customer engaged and reduce avoidable cancellations.
UNKNOWN,UNKNOWN,40.73,MEDIUM,MEDIUM,Travel reminder,Send automated reminder closer to travel date.,Keep customer engaged and reduce avoidable cancellations.
UNKNOWN,UNKNOWN,50.93,MEDIUM,MEDIUM,Travel reminder,Send automated reminder closer to travel date.,Keep customer engaged and reduce avoidable cancellations.
UNKNOWN,UNKNOWN,50.78,MEDIUM,MEDIUM,Travel reminder,Send automated reminder closer to travel date.,Keep customer engaged and reduce avoidable cancellations.
UNKNOWN,UNKNOWN,45.87,MEDIUM,MEDIUM,Travel reminder,Send automated reminder closer to travel date.,Keep customer engaged and reduce avoidable cancellations.
UNKNOWN,UNKNOWN,46.19,MEDIUM,MEDIUM,Travel reminder,Send automated reminder closer to travel date.,Keep customer engaged and reduce avoidable cancellations.
UNKNOWN,UNKNOWN,50.48,MEDIUM,MEDIUM,Travel reminder,Send automated reminder closer to travel date.,Keep customer engaged and reduce avoidable cancellations.
UNKNOWN,UNKNOWN,43.93,MEDIUM,MEDIUM,Travel reminder,Send automated reminder closer to travel date.,Keep customer engaged and reduce avoidable cancellations.
UNKNOWN,UNKNOWN,52.44,MEDIUM,MEDIUM,Travel reminder,Send automated reminder closer to travel date.,Keep customer engaged and reduce avoidable cancellations.
UNKNOWN,UNKNOWN,51.9,MEDIUM,MEDIUM,Travel reminder,Send automated reminder closer to travel date.,Keep customer engaged and reduce avoidable cancellations.
UNKNOWN,UNKNOWN,49.69,MEDIUM,MEDIUM,Travel reminder,Send automated reminder closer to travel date.,Keep customer engaged and reduce avoidable cancellations.
UNKNOWN,UNKNOWN,47.4,MEDIUM,MEDIUM,Travel reminder,Send automated reminder closer to travel date.,Keep customer engaged and reduce avoidable cancellations.
UNKNOWN,UNKNOWN,44.34,MEDIUM,MEDIUM,Travel reminder,Send automated reminder closer to travel date.,Keep customer engaged and reduce avoidable cancellations.
UNKNOWN,UNKNOWN,57.35,MEDIUM,MEDIUM,Travel reminder,Send automated reminder closer to travel date.,Keep customer engaged and reduce avoidable cancellations.
UNKNOWN,UNKNOWN,51.87,MEDIUM,MEDIUM,Travel reminder,Send automated reminder closer to travel date.,Keep customer engaged and reduce avoidable cancellations.
UNKNOWN,UNKNOWN,48.82,MEDIUM,MEDIUM,Travel reminder,Send automated reminder closer to travel date.,Keep customer engaged and reduce avoidable cancellations.
UNKNOWN,UNKNOWN,54.88,MEDIUM,MEDIUM,Travel reminder,Send automated reminder closer to travel date.,Keep customer engaged and reduce avoidable cancellations.
UNKNOWN,UNKNOWN,49.61,MEDIUM,MEDIUM,Travel reminder,Send automated reminder closer to travel date.,Keep customer engaged and reduce avoidable cancellations.
UNKNOWN,UNKNOWN,48.25,MEDIUM,MEDIUM,Travel reminder,Send automated reminder closer to travel date.,Keep customer engaged and reduce avoidable cancellations.
UNKNOWN,UNKNOWN,46.55,MEDIUM,MEDIUM,Travel reminder,Send automated reminder closer to travel date.,Keep customer engaged and reduce avoidable cancellations.
UNKNOWN,UNKNOWN,51.61,MEDIUM,MEDIUM,Travel reminder,Send automated reminder closer to travel date.,Keep customer engaged and reduce avoidable cancellations.
UNKNOWN,UNKNOWN,54.65,MEDIUM,MEDIUM,Travel reminder,Send automated reminder closer to travel date.,Keep customer engaged and reduce avoidable cancellations.
UNKNOWN,UNKNOWN,50.07,MEDIUM,MEDIUM,Travel reminder,Send automated reminder closer to travel date.,Keep customer engaged and reduce avoidable cancellations.
UNKNOWN,UNKNOWN,48.22,MEDIUM,MEDIUM,Travel reminder,Send automated reminder closer to travel date.,Keep customer engaged and reduce avoidable cancellations.
UNKNOWN,UNKNOWN,49.66,MEDIUM,MEDIUM,Travel reminder,Send automated reminder closer to travel date.,Keep customer engaged and reduce avoidable cancellations.
UNKNOWN,UNKNOWN,54.27,MEDIUM,MEDIUM,Travel reminder,Send automated reminder closer to travel date.,Keep customer engaged and reduce avoidable cancellations.
UNKNOWN,UNKNOWN,53.1,MEDIUM,MEDIUM,Travel reminder,Send automated reminder closer to travel date.,Keep customer engaged and reduce avoidable cancellations.
UNKNOWN,UNKNOWN,49.73,MEDIUM,MEDIUM,Travel reminder,Send automated reminder closer to travel date.,Keep customer engaged and reduce avoidable cancellations.
UNKNOWN,UNKNOWN,48.38,MEDIUM,MEDIUM,Travel reminder,Send automated reminder closer to travel date.,Keep customer engaged and reduce avoidable cancellations.
UNKNOWN,UNKNOWN,48.57,MEDIUM,MEDIUM,Travel reminder,Send automated reminder closer to travel date.,Keep customer engaged and reduce avoidable cancellations.
UNKNOWN,UNKNOWN,49.27,MEDIUM,MEDIUM,Travel reminder,Send automated reminder closer to travel date.,Keep customer engaged and reduce avoidable cancellations.
UNKNOWN,UNKNOWN,56.39,MEDIUM,MEDIUM,Travel reminder,Send automated reminder closer to travel date.,Keep customer engaged and reduce avoidable cancellations.
UNKNOWN,UNKNOWN,51.31,MEDIUM,MEDIUM,Travel reminder,Send automated reminder closer to travel date.,Keep customer engaged and reduce avoidable cancellations.
UNKNOWN,UNKNOWN,41.69,MEDIUM,MEDIUM,Travel reminder,Send automated reminder closer to travel date.,Keep customer engaged and reduce avoidable cancellations.
UNKNOWN,UNKNOWN,50.32,MEDIUM,MEDIUM,Travel reminder,Send automated reminder closer to travel date.,Keep customer engaged and reduce avoidable cancellations.
UNKNOWN,UNKNOWN,46.83,MEDIUM,MEDIUM,Travel reminder,Send automated reminder closer to travel date.,Keep customer engaged and reduce avoidable cancellations.
UNKNOWN,UNKNOWN,51.71,MEDIUM,MEDIUM,Travel reminder,Send automated reminder closer to travel date.,Keep customer engaged and reduce avoidable cancellations.
UNKNOWN,UNKNOWN,51.4,MEDIUM,MEDIUM,Travel reminder,Send automated reminder closer to travel date.,Keep customer engaged and reduce avoidable cancellations.
UNKNOWN,UNKNOWN,54.54,MEDIUM,MEDIUM,Travel reminder,Send automated reminder closer to travel date.,Keep customer engaged and reduce avoidable cancellations.
UNKNOWN,UNKNOWN,47.12,MEDIUM,MEDIUM,Travel reminder,Send automated reminder closer to travel date.,Keep customer engaged and reduce avoidable cancellations.
UNKNOWN,UNKNOWN,48.84,MEDIUM,MEDIUM,Travel reminder,Send automated reminder closer to travel date.,Keep customer engaged and reduce avoidable cancellations.
UNKNOWN,UNKNOWN,49.51,MEDIUM,MEDIUM,Travel reminder,Send automated reminder closer to travel date.,Keep customer engaged and reduce avoidable cancellations.
UNKNOWN,UNKNOWN,49.11,MEDIUM,MEDIUM,Travel reminder,Send automated reminder closer to travel date.,Keep customer engaged and reduce avoidable cancellations.
UNKNOWN,UNKNOWN,50.02,MEDIUM,MEDIUM,Travel reminder,Send automated reminder closer to travel date.,Keep customer engaged and reduce avoidable cancellations.
UNKNOWN,UNKNOWN,48.65,MEDIUM,MEDIUM,Travel reminder,Send automated reminder closer to travel date.,Keep customer engaged and reduce avoidable cancellations.
UNKNOWN,UNKNOWN,46.25,MEDIUM,MEDIUM,Travel reminder,Send automated reminder closer to travel date.,Keep customer engaged and reduce avoidable cancellations.
UNKNOWN,UNKNOWN,51.22,MEDIUM,MEDIUM,Travel reminder,Send automated reminder closer to travel date.,Keep customer engaged and reduce avoidable cancellations.
UNKNOWN,UNKNOWN,52.1,MEDIUM,MEDIUM,Travel reminder,Send automated reminder closer to travel date.,Keep customer engaged and reduce avoidable cancellations.
UNKNOWN,UNKNOWN,53.4,MEDIUM,MEDIUM,Travel reminder,Send automated reminder closer to travel date.,Keep customer engaged and reduce avoidable cancellations.
UNKNOWN,UNKNOWN,48.02,MEDIUM,MEDIUM,Travel reminder,Send automated reminder closer to travel date.,Keep customer engaged and reduce avoidable cancellations.
UNKNOWN,UNKNOWN,45.65,MEDIUM,MEDIUM,Travel reminder,Send automated reminder closer to travel date.,Keep customer engaged and reduce avoidable cancellations.
UNKNOWN,UNKNOWN,51.06,MEDIUM,MEDIUM,Travel reminder,Send automated reminder closer to travel date.,Keep customer engaged and reduce avoidable cancellations.
UNKNOWN,UNKNOWN,45.94,MEDIUM,MEDIUM,Travel reminder,Send automated reminder closer to travel date.,Keep customer engaged and reduce avoidable cancellations.
UNKNOWN,UNKNOWN,47.86,MEDIUM,MEDIUM,Travel reminder,Send automated reminder closer to travel date.,Keep customer engaged and reduce avoidable cancellations.
UNKNOWN,UNKNOWN,58.46,MEDIUM,MEDIUM,Travel reminder,Send automated reminder closer to travel date.,Keep customer engaged and reduce avoidable cancellations.
UNKNOWN,UNKNOWN,45.51,MEDIUM,MEDIUM,Travel reminder,Send automated reminder closer to travel date.,Keep customer engaged and reduce avoidable cancellations.
UNKNOWN,UNKNOWN,51.03,MEDIUM,MEDIUM,Travel reminder,Send automated reminder closer to travel date.,Keep customer engaged and reduce avoidable cancellations.
UNKNOWN,UNKNOWN,48.44,MEDIUM,MEDIUM,Travel reminder,Send automated reminder closer to travel date.,Keep customer engaged and reduce avoidable cancellations.
UNKNOWN,UNKNOWN,48.9,MEDIUM,MEDIUM,Travel reminder,Send automated reminder closer to travel date.,Keep customer engaged and reduce avoidable cancellations.
UNKNOWN,UNKNOWN,45.96,MEDIUM,MEDIUM,Travel reminder,Send automated reminder closer to travel date.,Keep customer engaged and reduce avoidable cancellations.
UNKNOWN,UNKNOWN,51.55,MEDIUM,MEDIUM,Travel reminder,Send automated reminder closer to travel date.,Keep customer engaged and reduce avoidable cancellations.
UNKNOWN,UNKNOWN,48.22,MEDIUM,MEDIUM,Travel reminder,Send automated reminder closer to travel date.,Keep customer engaged and reduce avoidable cancellations.
UNKNOWN,UNKNOWN,55.66,MEDIUM,MEDIUM,Travel reminder,Send automated reminder closer to travel date.,Keep customer engaged and reduce avoidable cancellations.
UNKNOWN,UNKNOWN,51.95,MEDIUM,MEDIUM,Travel reminder,Send automated reminder closer to travel date.,Keep customer engaged and reduce avoidable cancellations.
UNKNOWN,UNKNOWN,48.79,MEDIUM,MEDIUM,Travel reminder,Send automated reminder closer to travel date.,Keep customer engaged and reduce avoidable cancellations.
UNKNOWN,UNKNOWN,50.43,MEDIUM,MEDIUM,Travel reminder,Send automated reminder closer to travel date.,Keep customer engaged and reduce avoidable cancellations.
UNKNOWN,UNKNOWN,41.98,MEDIUM,MEDIUM,Travel reminder,Send automated reminder closer to travel date.,Keep customer engaged and reduce avoidable cancellations.
UNKNOWN,UNKNOWN,50.55,MEDIUM,MEDIUM,Travel reminder,Send automated reminder closer to travel date.,Keep customer engaged and reduce avoidable cancellations.
UNKNOWN,UNKNOWN,51.46,MEDIUM,MEDIUM,Travel reminder,Send automated reminder closer to travel date.,Keep customer engaged and reduce avoidable cancellations.
UNKNOWN,UNKNOWN,52.75,MEDIUM,MEDIUM,Travel reminder,Send automated reminder closer to travel date.,Keep customer engaged and reduce avoidable cancellations.
UNKNOWN,UNKNOWN,53.56,MEDIUM,MEDIUM,Travel reminder,Send automated reminder closer to travel date.,Keep customer engaged and reduce avoidable cancellations.
UNKNOWN,UNKNOWN,42.72,MEDIUM,MEDIUM,Travel reminder,Send automated reminder closer to travel date.,Keep customer engaged and reduce avoidable cancellations.
UNKNOWN,UNKNOWN,51.43,MEDIUM,MEDIUM,Travel reminder,Send automated reminder closer to travel date.,Keep customer engaged and reduce avoidable cancellations.
UNKNOWN,UNKNOWN,49.28,MEDIUM,MEDIUM,Travel reminder,Send automated reminder closer to travel date.,Keep customer engaged and reduce avoidable cancellations.
UNKNOWN,UNKNOWN,49.65,MEDIUM,MEDIUM,Travel reminder,Send automated reminder closer to travel date.,Keep customer engaged and reduce avoidable cancellations.
UNKNOWN,UNKNOWN,54.19,MEDIUM,MEDIUM,Travel reminder,Send automated reminder closer to travel date.,Keep customer engaged and reduce avoidable cancellations.
UNKNOWN,UNKNOWN,46.46,MEDIUM,MEDIUM,Travel reminder,Send automated reminder closer to travel date.,Keep customer engaged and reduce avoidable cancellations.
UNKNOWN,UNKNOWN,48.75,MEDIUM,MEDIUM,Travel reminder,Send automated reminder closer to travel date.,Keep customer engaged and reduce avoidable cancellations.
UNKNOWN,UNKNOWN,54.45,MEDIUM,MEDIUM,Travel reminder,Send automated reminder closer to travel date.,Keep customer engaged and reduce avoidable cancellations.
UNKNOWN,UNKNOWN,50.45,MEDIUM,MEDIUM,Travel reminder,Send automated reminder closer to travel date.,Keep customer engaged and reduce avoidable cancellations.
UNKNOWN,UNKNOWN,50.37,MEDIUM,MEDIUM,Travel reminder,Send automated reminder closer to travel date.,Keep customer engaged and reduce avoidable cancellations.
UNKNOWN,UNKNOWN,51.51,MEDIUM,MEDIUM,Travel reminder,Send automated reminder closer to travel date.,Keep customer engaged and reduce avoidable cancellations.
UNKNOWN,UNKNOWN,49.39,MEDIUM,MEDIUM,Travel reminder,Send automated reminder closer to travel date.,Keep customer engaged and reduce avoidable cancellations.
UNKNOWN,UNKNOWN,54.14,MEDIUM,MEDIUM,Travel reminder,Send automated reminder closer to travel date.,Keep customer engaged and reduce avoidable cancellations.
UNKNOWN,UNKNOWN,48.89,MEDIUM,MEDIUM,Travel reminder,Send automated reminder closer to travel date.,Keep customer engaged and reduce avoidable cancellations.
UNKNOWN,UNKNOWN,51.86,MEDIUM,MEDIUM,Travel reminder,Send automated reminder closer to travel date.,Keep customer engaged and reduce avoidable cancellations.
UNKNOWN,UNKNOWN,52.3,MEDIUM,MEDIUM,Travel reminder,Send automated reminder closer to travel date.,Keep customer engaged and reduce avoidable cancellations.
UNKNOWN,UNKNOWN,45.6,MEDIUM,MEDIUM,Travel reminder,Send automated reminder closer to travel date.,Keep customer engaged and reduce avoidable cancellations.
UNKNOWN,UNKNOWN,45.93,MEDIUM,MEDIUM,Travel reminder,Send automated reminder closer to travel date.,Keep customer engaged and reduce avoidable cancellations.
UNKNOWN,UNKNOWN,49.77,MEDIUM,MEDIUM,Travel reminder,Send automated reminder closer to travel date.,Keep customer engaged and reduce avoidable cancellations.
UNKNOWN,UNKNOWN,52.69,MEDIUM,MEDIUM,Travel reminder,Send automated reminder closer to travel date.,Keep customer engaged and reduce avoidable cancellations.
UNKNOWN,UNKNOWN,45.65,MEDIUM,MEDIUM,Travel reminder,Send automated reminder closer to travel date.,Keep customer engaged and reduce avoidable cancellations.
UNKNOWN,UNKNOWN,43.93,MEDIUM,MEDIUM,Travel reminder,Send automated reminder closer to travel date.,Keep customer engaged and reduce avoidable cancellations.
UNKNOWN,UNKNOWN,48.28,MEDIUM,MEDIUM,Travel reminder,Send automated reminder closer to travel date.,Keep customer engaged and reduce avoidable cancellations.
UNKNOWN,UNKNOWN,53.23,MEDIUM,MEDIUM,Travel reminder,Send automated reminder closer to travel date.,Keep customer engaged and reduce avoidable cancellations.
UNKNOWN,UNKNOWN,52.91,MEDIUM,MEDIUM,Travel reminder,Send automated reminder closer to travel date.,Keep customer engaged and reduce avoidable cancellations.
UNKNOWN,UNKNOWN,49.85,MEDIUM,MEDIUM,Travel reminder,Send automated reminder closer to travel date.,Keep customer engaged and reduce avoidable cancellations.
UNKNOWN,UNKNOWN,49.77,MEDIUM,MEDIUM,Travel reminder,Send automated reminder closer to travel date.,Keep customer engaged and reduce avoidable cancellations.
UNKNOWN,UNKNOWN,52.91,MEDIUM,MEDIUM,Travel reminder,Send automated reminder closer to travel date.,Keep customer engaged and reduce avoidable cancellations.
UNKNOWN,UNKNOWN,53.26,MEDIUM,MEDIUM,Travel reminder,Send automated reminder closer to travel date.,Keep customer engaged and reduce avoidable cancellations.
UNKNOWN,UNKNOWN,48.58,MEDIUM,MEDIUM,Travel reminder,Send automated reminder closer to travel date.,Keep customer engaged and reduce avoidable cancellations.
UNKNOWN,UNKNOWN,53.01,MEDIUM,MEDIUM,Travel reminder,Send automated reminder closer to travel date.,Keep customer engaged and reduce avoidable cancellations.
UNKNOWN,UNKNOWN,49.8,MEDIUM,MEDIUM,Travel reminder,Send automated reminder closer to travel date.,Keep customer engaged and reduce avoidable cancellations.
UNKNOWN,UNKNOWN,50.0,MEDIUM,MEDIUM,Travel reminder,Send automated reminder closer to travel date.,Keep customer engaged and reduce avoidable cancellations.
UNKNOWN,UNKNOWN,51.97,MEDIUM,MEDIUM,Travel reminder,Send automated reminder closer to travel date.,Keep customer engaged and reduce avoidable cancellations.
UNKNOWN,UNKNOWN,48.57,MEDIUM,MEDIUM,Travel reminder,Send automated reminder closer to travel date.,Keep customer engaged and reduce avoidable cancellations.
UNKNOWN,UNKNOWN,52.07,MEDIUM,MEDIUM,Travel reminder,Send automated reminder closer to travel date.,Keep customer engaged and reduce avoidable cancellations.
UNKNOWN,UNKNOWN,52.89,MEDIUM,MEDIUM,Travel reminder,Send automated reminder closer to travel date.,Keep customer engaged and reduce avoidable cancellations.
UNKNOWN,UNKNOWN,44.22,MEDIUM,MEDIUM,Travel reminder,Send automated reminder closer to travel date.,Keep customer engaged and reduce avoidable cancellations.
UNKNOWN,UNKNOWN,50.75,MEDIUM,MEDIUM,Travel reminder,Send automated reminder closer to travel date.,Keep customer engaged and reduce avoidable cancellations.
UNKNOWN,UNKNOWN,48.76,MEDIUM,MEDIUM,Travel reminder,Send automated reminder closer to travel date.,Keep customer engaged and reduce avoidable cancellations.
UNKNOWN,UNKNOWN,49.42,MEDIUM,MEDIUM,Travel reminder,Send automated reminder closer to travel date.,Keep customer engaged and reduce avoidable cancellations.
UNKNOWN,UNKNOWN,54.06,MEDIUM,MEDIUM,Travel reminder,Send automated reminder closer to travel date.,Keep customer engaged and reduce avoidable cancellations.
UNKNOWN,UNKNOWN,48.4,MEDIUM,MEDIUM,Travel reminder,Send automated reminder closer to travel date.,Keep customer engaged and reduce avoidable cancellations.
UNKNOWN,UNKNOWN,49.43,MEDIUM,MEDIUM,Travel reminder,Send automated reminder closer to travel date.,Keep customer engaged and reduce avoidable cancellations.
UNKNOWN,UNKNOWN,50.32,MEDIUM,MEDIUM,Travel reminder,Send automated reminder closer to travel date.,Keep customer engaged and reduce avoidable cancellations.
UNKNOWN,UNKNOWN,44.03,MEDIUM,MEDIUM,Travel reminder,Send automated reminder closer to travel date.,Keep customer engaged and reduce avoidable cancellations.
UNKNOWN,UNKNOWN,47.69,MEDIUM,MEDIUM,Travel reminder,Send automated reminder closer to travel date.,Keep customer engaged and reduce avoidable cancellations.
UNKNOWN,UNKNOWN,47.09,MEDIUM,MEDIUM,Travel reminder,Send automated reminder closer to travel date.,Keep customer engaged and reduce avoidable cancellations.
UNKNOWN,UNKNOWN,49.61,MEDIUM,MEDIUM,Travel reminder,Send automated reminder closer to travel date.,Keep customer engaged and reduce avoidable cancellations.
UNKNOWN,UNKNOWN,52.22,MEDIUM,MEDIUM,Travel reminder,Send automated reminder closer to travel date.,Keep customer engaged and reduce avoidable cancellations.
UNKNOWN,UNKNOWN,49.36,MEDIUM,MEDIUM,Travel reminder,Send automated reminder closer to travel date.,Keep customer engaged and reduce avoidable cancellations.
UNKNOWN,UNKNOWN,43.11,MEDIUM,MEDIUM,Travel reminder,Send automated reminder closer to travel date.,Keep customer engaged and reduce avoidable cancellations.
UNKNOWN,UNKNOWN,51.36,MEDIUM,MEDIUM,Travel reminder,Send automated reminder closer to travel date.,Keep customer engaged and reduce avoidable cancellations.
UNKNOWN,UNKNOWN,45.26,MEDIUM,MEDIUM,Travel reminder,Send automated reminder closer to travel date.,Keep customer engaged and reduce avoidable cancellations.
UNKNOWN,UNKNOWN,51.6,MEDIUM,MEDIUM,Travel reminder,Send automated reminder closer to travel date.,Keep customer engaged and reduce avoidable cancellations.
UNKNOWN,UNKNOWN,53.39,MEDIUM,MEDIUM,Travel reminder,Send automated reminder closer to travel date.,Keep customer engaged and reduce avoidable cancellations.
UNKNOWN,UNKNOWN,48.73,MEDIUM,MEDIUM,Travel reminder,Send automated reminder closer to travel date.,Keep customer engaged and reduce avoidable cancellations.
UNKNOWN,UNKNOWN,48.99,MEDIUM,MEDIUM,Travel reminder,Send automated reminder closer to travel date.,Keep customer engaged and reduce avoidable cancellations.
UNKNOWN,UNKNOWN,52.56,MEDIUM,MEDIUM,Travel reminder,Send automated reminder closer to travel date.,Keep customer engaged and reduce avoidable cancellations.
UNKNOWN,UNKNOWN,47.13,MEDIUM,MEDIUM,Travel reminder,Send automated reminder closer to travel date.,Keep customer engaged and reduce avoidable cancellations.
UNKNOWN,UNKNOWN,43.07,MEDIUM,MEDIUM,Travel reminder,Send automated reminder closer to travel date.,Keep customer engaged and reduce avoidable cancellations.
UNKNOWN,UNKNOWN,48.76,MEDIUM,MEDIUM,Travel reminder,Send automated reminder closer to travel date.,Keep customer engaged and reduce avoidable cancellations.
UNKNOWN,UNKNOWN,54.54,MEDIUM,MEDIUM,Travel reminder,Send automated reminder closer to travel date.,Keep customer engaged and reduce avoidable cancellations.
UNKNOWN,UNKNOWN,51.25,MEDIUM,MEDIUM,Travel reminder,Send automated reminder closer to travel date.,Keep customer engaged and reduce avoidable cancellations.
UNKNOWN,UNKNOWN,48.73,MEDIUM,MEDIUM,Travel reminder,Send automated reminder closer to travel date.,Keep customer engaged and reduce avoidable cancellations.
UNKNOWN,UNKNOWN,49.9,MEDIUM,MEDIUM,Travel reminder,Send automated reminder closer to travel date.,Keep customer engaged and reduce avoidable cancellations.
UNKNOWN,UNKNOWN,48.91,MEDIUM,MEDIUM,Travel reminder,Send automated reminder closer to travel date.,Keep customer engaged and reduce avoidable cancellations.
UNKNOWN,UNKNOWN,55.31,MEDIUM,MEDIUM,Travel reminder,Send automated reminder closer to travel date.,Keep customer engaged and reduce avoidable cancellations.
UNKNOWN,UNKNOWN,57.29,MEDIUM,MEDIUM,Travel reminder,Send automated reminder closer to travel date.,Keep customer engaged and reduce avoidable cancellations.
UNKNOWN,UNKNOWN,47.9,MEDIUM,MEDIUM,Travel reminder,Send automated reminder closer to travel date.,Keep customer engaged and reduce avoidable cancellations.
UNKNOWN,UNKNOWN,54.37,MEDIUM,MEDIUM,Travel reminder,Send automated reminder closer to travel date.,Keep customer engaged and reduce avoidable cancellations.
UNKNOWN,UNKNOWN,50.18,MEDIUM,MEDIUM,Travel reminder,Send automated reminder closer to travel date.,Keep customer engaged and reduce avoidable cancellations.
UNKNOWN,UNKNOWN,48.99,MEDIUM,MEDIUM,Travel reminder,Send automated reminder closer to travel date.,Keep customer engaged and reduce avoidable cancellations.
UNKNOWN,UNKNOWN,49.18,MEDIUM,MEDIUM,Travel reminder,Send automated reminder closer to travel date.,Keep customer engaged and reduce avoidable cancellations.
UNKNOWN,UNKNOWN,53.11,MEDIUM,MEDIUM,Travel reminder,Send automated reminder closer to travel date.,Keep customer engaged and reduce avoidable cancellations.
UNKNOWN,UNKNOWN,51.13,MEDIUM,MEDIUM,Travel reminder,Send automated reminder closer to travel date.,Keep customer engaged and reduce avoidable cancellations.
UNKNOWN,UNKNOWN,49.41,MEDIUM,MEDIUM,Travel reminder,Send automated reminder closer to travel date.,Keep customer engaged and reduce avoidable cancellations.
UNKNOWN,UNKNOWN,48.81,MEDIUM,MEDIUM,Travel reminder,Send automated reminder closer to travel date.,Keep customer engaged and reduce avoidable cancellations.
UNKNOWN,UNKNOWN,54.33,MEDIUM,MEDIUM,Travel reminder,Send automated reminder closer to travel date.,Keep customer engaged and reduce avoidable cancellations.
UNKNOWN,UNKNOWN,49.85,MEDIUM,MEDIUM,Travel reminder,Send automated reminder closer to travel date.,Keep customer engaged and reduce avoidable cancellations.
UNKNOWN,UNKNOWN,51.41,MEDIUM,MEDIUM,Travel reminder,Send automated reminder closer to travel date.,Keep customer engaged and reduce avoidable cancellations.
UNKNOWN,UNKNOWN,49.56,MEDIUM,MEDIUM,Travel reminder,Send automated reminder closer to travel date.,Keep customer engaged and reduce avoidable cancellations.
UNKNOWN,UNKNOWN,53.26,MEDIUM,MEDIUM,Travel reminder,Send automated reminder closer to travel date.,Keep customer engaged and reduce avoidable cancellations.
UNKNOWN,UNKNOWN,48.83,MEDIUM,MEDIUM,Travel reminder,Send automated reminder closer to travel date.,Keep customer engaged and reduce avoidable cancellations.
UNKNOWN,UNKNOWN,53.22,MEDIUM,MEDIUM,Travel reminder,Send automated reminder closer to travel date.,Keep customer engaged and reduce avoidable cancellations.
UNKNOWN,UNKNOWN,50.78,MEDIUM,MEDIUM,Travel reminder,Send automated reminder closer to travel date.,Keep customer engaged and reduce avoidable cancellations.
UNKNOWN,UNKNOWN,48.5,MEDIUM,MEDIUM,Travel reminder,Send automated reminder closer to travel date.,Keep customer engaged and reduce avoidable cancellations.
UNKNOWN,UNKNOWN,51.15,MEDIUM,MEDIUM,Travel reminder,Send automated reminder closer to travel date.,Keep customer engaged and reduce avoidable cancellations.
UNKNOWN,UNKNOWN,48.51,MEDIUM,MEDIUM,Travel reminder,Send automated reminder closer to travel date.,Keep customer engaged and reduce avoidable cancellations.
UNKNOWN,UNKNOWN,48.73,MEDIUM,MEDIUM,Travel reminder,Send automated reminder closer to travel date.,Keep customer engaged and reduce avoidable cancellations.
UNKNOWN,UNKNOWN,48.06,MEDIUM,MEDIUM,Travel reminder,Send automated reminder closer to travel date.,Keep customer engaged and reduce avoidable cancellations.
UNKNOWN,UNKNOWN,47.95,MEDIUM,MEDIUM,Travel reminder,Send automated reminder closer to travel date.,Keep customer engaged and reduce avoidable cancellations.
UNKNOWN,UNKNOWN,53.33,MEDIUM,MEDIUM,Travel reminder,Send automated reminder closer to travel date.,Keep customer engaged and reduce avoidable cancellations.
UNKNOWN,UNKNOWN,49.18,MEDIUM,MEDIUM,Travel reminder,Send automated reminder closer to travel date.,Keep customer engaged and reduce avoidable cancellations.
UNKNOWN,UNKNOWN,48.68,MEDIUM,MEDIUM,Travel reminder,Send automated reminder closer to travel date.,Keep customer engaged and reduce avoidable cancellations.
UNKNOWN,UNKNOWN,48.07,MEDIUM,MEDIUM,Travel reminder,Send automated reminder closer to travel date.,Keep customer engaged and reduce avoidable cancellations.
UNKNOWN,UNKNOWN,47.61,MEDIUM,MEDIUM,Travel reminder,Send automated reminder closer to travel date.,Keep customer engaged and reduce avoidable cancellations.
UNKNOWN,UNKNOWN,46.05,MEDIUM,MEDIUM,Travel reminder,Send automated reminder closer to travel date.,Keep customer engaged and reduce avoidable cancellations.
UNKNOWN,UNKNOWN,49.46,MEDIUM,MEDIUM,Travel reminder,Send automated reminder closer to travel date.,Keep customer engaged and reduce avoidable cancellations.
UNKNOWN,UNKNOWN,53.79,MEDIUM,MEDIUM,Travel reminder,Send automated reminder closer to travel date.,Keep customer engaged and reduce avoidable cancellations.
UNKNOWN,UNKNOWN,48.45,MEDIUM,MEDIUM,Travel reminder,Send automated reminder closer to travel date.,Keep customer engaged and reduce avoidable cancellations.
UNKNOWN,UNKNOWN,49.78,MEDIUM,MEDIUM,Travel reminder,Send automated reminder closer to travel date.,Keep customer engaged and reduce avoidable cancellations.
UNKNOWN,UNKNOWN,48.92,MEDIUM,MEDIUM,Travel reminder,Send automated reminder closer to travel date.,Keep customer engaged and reduce avoidable cancellations.
UNKNOWN,UNKNOWN,48.94,MEDIUM,MEDIUM,Travel reminder,Send automated reminder closer to travel date.,Keep customer engaged and reduce avoidable cancellations.
UNKNOWN,UNKNOWN,42.66,MEDIUM,MEDIUM,Travel reminder,Send automated reminder closer to travel date.,Keep customer engaged and reduce avoidable cancellations.
UNKNOWN,UNKNOWN,52.81,MEDIUM,MEDIUM,Travel reminder,Send automated reminder closer to travel date.,Keep customer engaged and reduce avoidable cancellations.
UNKNOWN,UNKNOWN,49.94,MEDIUM,MEDIUM,Travel reminder,Send automated reminder closer to travel date.,Keep customer engaged and reduce avoidable cancellations.
UNKNOWN,UNKNOWN,51.94,MEDIUM,MEDIUM,Travel reminder,Send automated reminder closer to travel date.,Keep customer engaged and reduce avoidable cancellations.
UNKNOWN,UNKNOWN,48.63,MEDIUM,MEDIUM,Travel reminder,Send automated reminder closer to travel date.,Keep customer engaged and reduce avoidable cancellations.
UNKNOWN,UNKNOWN,47.97,MEDIUM,MEDIUM,Travel reminder,Send automated reminder closer to travel date.,Keep customer engaged and reduce avoidable cancellations.
UNKNOWN,UNKNOWN,46.54,MEDIUM,MEDIUM,Travel reminder,Send automated reminder closer to travel date.,Keep customer engaged and reduce avoidable cancellations.
UNKNOWN,UNKNOWN,49.89,MEDIUM,MEDIUM,Travel reminder,Send automated reminder closer to travel date.,Keep customer engaged and reduce avoidable cancellations.
UNKNOWN,UNKNOWN,51.99,MEDIUM,MEDIUM,Travel reminder,Send automated reminder closer to travel date.,Keep customer engaged and reduce avoidable cancellations.
UNKNOWN,UNKNOWN,48.83,MEDIUM,MEDIUM,Travel reminder,Send automated reminder closer to travel date.,Keep customer engaged and reduce avoidable cancellations.
UNKNOWN,UNKNOWN,50.16,MEDIUM,MEDIUM,Travel reminder,Send automated reminder closer to travel date.,Keep customer engaged and reduce avoidable cancellations.
UNKNOWN,UNKNOWN,49.07,MEDIUM,MEDIUM,Travel reminder,Send automated reminder closer to travel date.,Keep customer engaged and reduce avoidable cancellations.
UNKNOWN,UNKNOWN,53.16,MEDIUM,MEDIUM,Travel reminder,Send automated reminder closer to travel date.,Keep customer engaged and reduce avoidable cancellations.
UNKNOWN,UNKNOWN,45.1,MEDIUM,MEDIUM,Travel reminder,Send automated reminder closer to travel date.,Keep customer engaged and reduce avoidable cancellations.
UNKNOWN,UNKNOWN,44.29,MEDIUM,MEDIUM,Travel reminder,Send automated reminder closer to travel date.,Keep customer engaged and reduce avoidable cancellations.
UNKNOWN,UNKNOWN,49.38,MEDIUM,MEDIUM,Travel reminder,Send automated reminder closer to travel date.,Keep customer engaged and reduce avoidable cancellations.
UNKNOWN,UNKNOWN,45.37,MEDIUM,MEDIUM,Travel reminder,Send automated reminder closer to travel date.,Keep customer engaged and reduce avoidable cancellations.
UNKNOWN,UNKNOWN,53.22,MEDIUM,MEDIUM,Travel reminder,Send automated reminder closer to travel date.,Keep customer engaged and reduce avoidable cancellations.
UNKNOWN,UNKNOWN,46.33,MEDIUM,MEDIUM,Travel reminder,Send automated reminder closer to travel date.,Keep customer engaged and reduce avoidable cancellations.
UNKNOWN,UNKNOWN,48.88,MEDIUM,MEDIUM,Travel reminder,Send automated reminder closer to travel date.,Keep customer engaged and reduce avoidable cancellations.
UNKNOWN,UNKNOWN,45.34,MEDIUM,MEDIUM,Travel reminder,Send automated reminder closer to travel date.,Keep customer engaged and reduce avoidable cancellations.
UNKNOWN,UNKNOWN,50.07,MEDIUM,MEDIUM,Travel reminder,Send automated reminder closer to travel date.,Keep customer engaged and reduce avoidable cancellations.
UNKNOWN,UNKNOWN,47.86,MEDIUM,MEDIUM,Travel reminder,Send automated reminder closer to travel date.,Keep customer engaged and reduce avoidable cancellations.
UNKNOWN,UNKNOWN,48.89,MEDIUM,MEDIUM,Travel reminder,Send automated reminder closer to travel date.,Keep customer engaged and reduce avoidable cancellations.
UNKNOWN,UNKNOWN,56.86,MEDIUM,MEDIUM,Travel reminder,Send automated reminder closer to travel date.,Keep customer engaged and reduce avoidable cancellations.
UNKNOWN,UNKNOWN,48.65,MEDIUM,MEDIUM,Travel reminder,Send automated reminder closer to travel date.,Keep customer engaged and reduce avoidable cancellations.
UNKNOWN,UNKNOWN,47.59,MEDIUM,MEDIUM,Travel reminder,Send automated reminder closer to travel date.,Keep customer engaged and reduce avoidable cancellations.
UNKNOWN,UNKNOWN,45.53,MEDIUM,MEDIUM,Travel reminder,Send automated reminder closer to travel date.,Keep customer engaged and reduce avoidable cancellations.
UNKNOWN,UNKNOWN,51.93,MEDIUM,MEDIUM,Travel reminder,Send automated reminder closer to travel date.,Keep customer engaged and reduce avoidable cancellations.
UNKNOWN,UNKNOWN,53.57,MEDIUM,MEDIUM,Travel reminder,Send automated reminder closer to travel date.,Keep customer engaged and reduce avoidable cancellations.
UNKNOWN,UNKNOWN,46.89,MEDIUM,MEDIUM,Travel reminder,Send automated reminder closer to travel date.,Keep customer engaged and reduce avoidable cancellations.
UNKNOWN,UNKNOWN,50.17,MEDIUM,MEDIUM,Travel reminder,Send automated reminder closer to travel date.,Keep customer engaged and reduce avoidable cancellations.
UNKNOWN,UNKNOWN,45.69,MEDIUM,MEDIUM,Travel reminder,Send automated reminder closer to travel date.,Keep customer engaged and reduce avoidable cancellations.
UNKNOWN,UNKNOWN,48.8,MEDIUM,MEDIUM,Travel reminder,Send automated reminder closer to travel date.,Keep customer engaged and reduce avoidable cancellations.
UNKNOWN,UNKNOWN,51.76,MEDIUM,MEDIUM,Travel reminder,Send automated reminder closer to travel date.,Keep customer engaged and reduce avoidable cancellations.
UNKNOWN,UNKNOWN,44.83,MEDIUM,MEDIUM,Travel reminder,Send automated reminder closer to travel date.,Keep customer engaged and reduce avoidable cancellations.
UNKNOWN,UNKNOWN,50.97,MEDIUM,MEDIUM,Travel reminder,Send automated reminder closer to travel date.,Keep customer engaged and reduce avoidable cancellations.
UNKNOWN,UNKNOWN,52.21,MEDIUM,MEDIUM,Travel reminder,Send automated reminder closer to travel date.,Keep customer engaged and reduce avoidable cancellations.
UNKNOWN,UNKNOWN,54.97,MEDIUM,MEDIUM,Travel reminder,Send automated reminder closer to travel date.,Keep customer engaged and reduce avoidable cancellations.
UNKNOWN,UNKNOWN,47.24,MEDIUM,MEDIUM,Travel reminder,Send automated reminder closer to travel date.,Keep customer engaged and reduce avoidable cancellations.
UNKNOWN,UNKNOWN,50.42,MEDIUM,MEDIUM,Travel reminder,Send automated reminder closer to travel date.,Keep customer engaged and reduce avoidable cancellations.
UNKNOWN,UNKNOWN,48.59,MEDIUM,MEDIUM,Travel reminder,Send automated reminder closer to travel date.,Keep customer engaged and reduce avoidable cancellations.
UNKNOWN,UNKNOWN,50.34,MEDIUM,MEDIUM,Travel reminder,Send automated reminder closer to travel date.,Keep customer engaged and reduce avoidable cancellations.
UNKNOWN,UNKNOWN,51.87,MEDIUM,MEDIUM,Travel reminder,Send automated reminder closer to travel date.,Keep customer engaged and reduce avoidable cancellations.
UNKNOWN,UNKNOWN,50.31,MEDIUM,MEDIUM,Travel reminder,Send automated reminder closer to travel date.,Keep customer engaged and reduce avoidable cancellations.
UNKNOWN,UNKNOWN,48.33,MEDIUM,MEDIUM,Travel reminder,Send automated reminder closer to travel date.,Keep customer engaged and reduce avoidable cancellations.
UNKNOWN,UNKNOWN,52.4,MEDIUM,MEDIUM,Travel reminder,Send automated reminder closer to travel date.,Keep customer engaged and reduce avoidable cancellations.
UNKNOWN,UNKNOWN,58.18,MEDIUM,MEDIUM,Travel reminder,Send automated reminder closer to travel date.,Keep customer engaged and reduce avoidable cancellations.
UNKNOWN,UNKNOWN,53.48,MEDIUM,MEDIUM,Travel reminder,Send automated reminder closer to travel date.,Keep customer engaged and reduce avoidable cancellations.
UNKNOWN,UNKNOWN,51.46,MEDIUM,MEDIUM,Travel reminder,Send automated reminder closer to travel date.,Keep customer engaged and reduce avoidable cancellations.
UNKNOWN,UNKNOWN,55.19,MEDIUM,MEDIUM,Travel reminder,Send automated reminder closer to travel date.,Keep customer engaged and reduce avoidable cancellations.
UNKNOWN,UNKNOWN,54.57,MEDIUM,MEDIUM,Travel reminder,Send automated reminder closer to travel date.,Keep customer engaged and reduce avoidable cancellations.
UNKNOWN,UNKNOWN,49.18,MEDIUM,MEDIUM,Travel reminder,Send automated reminder closer to travel date.,Keep customer engaged and reduce avoidable cancellations.
UNKNOWN,UNKNOWN,47.92,MEDIUM,MEDIUM,Travel reminder,Send automated reminder closer to travel date.,Keep customer engaged and reduce avoidable cancellations.
UNKNOWN,UNKNOWN,53.87,MEDIUM,MEDIUM,Travel reminder,Send automated reminder closer to travel date.,Keep customer engaged and reduce avoidable cancellations.
UNKNOWN,UNKNOWN,47.42,MEDIUM,MEDIUM,Travel reminder,Send automated reminder closer to travel date.,Keep customer engaged and reduce avoidable cancellations.
UNKNOWN,UNKNOWN,43.65,MEDIUM,MEDIUM,Travel reminder,Send automated reminder closer to travel date.,Keep customer engaged and reduce avoidable cancellations.
UNKNOWN,UNKNOWN,53.54,MEDIUM,MEDIUM,Travel reminder,Send automated reminder closer to travel date.,Keep customer engaged and reduce avoidable cancellations.
UNKNOWN,UNKNOWN,55.53,MEDIUM,MEDIUM,Travel reminder,Send automated reminder closer to travel date.,Keep customer engaged and reduce avoidable cancellations.
UNKNOWN,UNKNOWN,51.18,MEDIUM,MEDIUM,Travel reminder,Send automated reminder closer to travel date.,Keep customer engaged and reduce avoidable cancellations.
UNKNOWN,UNKNOWN,47.2,MEDIUM,MEDIUM,Travel reminder,Send automated reminder closer to travel date.,Keep customer engaged and reduce avoidable cancellations.
UNKNOWN,UNKNOWN,50.24,MEDIUM,MEDIUM,Travel reminder,Send automated reminder closer to travel date.,Keep customer engaged and reduce avoidable cancellations.
UNKNOWN,UNKNOWN,52.02,MEDIUM,MEDIUM,Travel reminder,Send automated reminder closer to travel date.,Keep customer engaged and reduce avoidable cancellations.
UNKNOWN,UNKNOWN,49.47,MEDIUM,MEDIUM,Travel reminder,Send automated reminder closer to travel date.,Keep customer engaged and reduce avoidable cancellations.
UNKNOWN,UNKNOWN,40.6,MEDIUM,MEDIUM,Travel reminder,Send automated reminder closer to travel date.,Keep customer engaged and reduce avoidable cancellations.
UNKNOWN,UNKNOWN,48.25,MEDIUM,MEDIUM,Travel reminder,Send automated reminder closer to travel date.,Keep customer engaged and reduce avoidable cancellations.
UNKNOWN,UNKNOWN,45.8,MEDIUM,MEDIUM,Travel reminder,Send automated reminder closer to travel date.,Keep customer engaged and reduce avoidable cancellations.
UNKNOWN,UNKNOWN,51.0,MEDIUM,MEDIUM,Travel reminder,Send automated reminder closer to travel date.,Keep customer engaged and reduce avoidable cancellations.
UNKNOWN,UNKNOWN,45.11,MEDIUM,MEDIUM,Travel reminder,Send automated reminder closer to travel date.,Keep customer engaged and reduce avoidable cancellations.
UNKNOWN,UNKNOWN,48.39,MEDIUM,MEDIUM,Travel reminder,Send automated reminder closer to travel date.,Keep customer engaged and reduce avoidable cancellations.
UNKNOWN,UNKNOWN,54.6,MEDIUM,MEDIUM,Travel reminder,Send automated reminder closer to travel date.,Keep customer engaged and reduce avoidable cancellations.
UNKNOWN,UNKNOWN,50.02,MEDIUM,MEDIUM,Travel reminder,Send automated reminder closer to travel date.,Keep customer engaged and reduce avoidable cancellations.
UNKNOWN,UNKNOWN,51.01,MEDIUM,MEDIUM,Travel reminder,Send automated reminder closer to travel date.,Keep customer engaged and reduce avoidable cancellations.
UNKNOWN,UNKNOWN,47.02,MEDIUM,MEDIUM,Travel reminder,Send automated reminder closer to travel date.,Keep customer engaged and reduce avoidable cancellations.
UNKNOWN,UNKNOWN,46.65,MEDIUM,MEDIUM,Travel reminder,Send automated reminder closer to travel date.,Keep customer engaged and reduce avoidable cancellations.
UNKNOWN,UNKNOWN,47.85,MEDIUM,MEDIUM,Travel reminder,Send automated reminder closer to travel date.,Keep customer engaged and reduce avoidable cancellations.
UNKNOWN,UNKNOWN,47.18,MEDIUM,MEDIUM,Travel reminder,Send automated reminder closer to travel date.,Keep customer engaged and reduce avoidable cancellations.
UNKNOWN,UNKNOWN,54.48,MEDIUM,MEDIUM,Travel reminder,Send automated reminder closer to travel date.,Keep customer engaged and reduce avoidable cancellations.
UNKNOWN,UNKNOWN,51.06,MEDIUM,MEDIUM,Travel reminder,Send automated reminder closer to travel date.,Keep customer engaged and reduce avoidable cancellations.
UNKNOWN,UNKNOWN,43.53,MEDIUM,MEDIUM,Travel reminder,Send automated reminder closer to travel date.,Keep customer engaged and reduce avoidable cancellations.
UNKNOWN,UNKNOWN,52.88,MEDIUM,MEDIUM,Travel reminder,Send automated reminder closer to travel date.,Keep customer engaged and reduce avoidable cancellations.
UNKNOWN,UNKNOWN,51.55,MEDIUM,MEDIUM,Travel reminder,Send automated reminder closer to travel date.,Keep customer engaged and reduce avoidable cancellations.
UNKNOWN,UNKNOWN,50.16,MEDIUM,MEDIUM,Travel reminder,Send automated reminder closer to travel date.,Keep customer engaged and reduce avoidable cancellations.
UNKNOWN,UNKNOWN,51.35,MEDIUM,MEDIUM,Travel reminder,Send automated reminder closer to travel date.,Keep customer engaged and reduce avoidable cancellations.
UNKNOWN,UNKNOWN,47.72,MEDIUM,MEDIUM,Travel reminder,Send automated reminder closer to travel date.,Keep customer engaged and reduce avoidable cancellations.
UNKNOWN,UNKNOWN,50.66,MEDIUM,MEDIUM,Travel reminder,Send automated reminder closer to travel date.,Keep customer engaged and reduce avoidable cancellations.
UNKNOWN,UNKNOWN,47.24,MEDIUM,MEDIUM,Travel reminder,Send automated reminder closer to travel date.,Keep customer engaged and reduce avoidable cancellations.
UNKNOWN,UNKNOWN,48.35,MEDIUM,MEDIUM,Travel reminder,Send automated reminder closer to travel date.,Keep customer engaged and reduce avoidable cancellations.
UNKNOWN,UNKNOWN,43.29,MEDIUM,MEDIUM,Travel reminder,Send automated reminder closer to travel date.,Keep customer engaged and reduce avoidable cancellations.
UNKNOWN,UNKNOWN,54.27,MEDIUM,MEDIUM,Travel reminder,Send automated reminder closer to travel date.,Keep customer engaged and reduce avoidable cancellations.
UNKNOWN,UNKNOWN,53.09,MEDIUM,MEDIUM,Travel reminder,Send automated reminder closer to travel date.,Keep customer engaged and reduce avoidable cancellations.
UNKNOWN,UNKNOWN,51.41,MEDIUM,MEDIUM,Travel reminder,Send automated reminder closer to travel date.,Keep customer engaged and reduce avoidable cancellations.
UNKNOWN,UNKNOWN,50.7,MEDIUM,MEDIUM,Travel reminder,Send automated reminder closer to travel date.,Keep customer engaged and reduce avoidable cancellations.
UNKNOWN,UNKNOWN,50.28,MEDIUM,MEDIUM,Travel reminder,Send automated reminder closer to travel date.,Keep customer engaged and reduce avoidable cancellations.
UNKNOWN,UNKNOWN,49.6,MEDIUM,MEDIUM,Travel reminder,Send automated reminder closer to travel date.,Keep customer engaged and reduce avoidable cancellations.
UNKNOWN,UNKNOWN,57.69,MEDIUM,MEDIUM,Travel reminder,Send automated reminder closer to travel date.,Keep customer engaged and reduce avoidable cancellations.
UNKNOWN,UNKNOWN,53.0,MEDIUM,MEDIUM,Travel reminder,Send automated reminder closer to travel date.,Keep customer engaged and reduce avoidable cancellations.
UNKNOWN,UNKNOWN,48.15,MEDIUM,MEDIUM,Travel reminder,Send automated reminder closer to travel date.,Keep customer engaged and reduce avoidable cancellations.
UNKNOWN,UNKNOWN,48.47,MEDIUM,MEDIUM,Travel reminder,Send automated reminder closer to travel date.,Keep customer engaged and reduce avoidable cancellations.
UNKNOWN,UNKNOWN,50.01,MEDIUM,MEDIUM,Travel reminder,Send automated reminder closer to travel date.,Keep customer engaged and reduce avoidable cancellations.
UNKNOWN,UNKNOWN,49.2,MEDIUM,MEDIUM,Travel reminder,Send automated reminder closer to travel date.,Keep customer engaged and reduce avoidable cancellations.
UNKNOWN,UNKNOWN,52.04,MEDIUM,MEDIUM,Travel reminder,Send automated reminder closer to travel date.,Keep customer engaged and reduce avoidable cancellations.
UNKNOWN,UNKNOWN,51.92,MEDIUM,MEDIUM,Travel reminder,Send automated reminder closer to travel date.,Keep customer engaged and reduce avoidable cancellations.
UNKNOWN,UNKNOWN,52.59,MEDIUM,MEDIUM,Travel reminder,Send automated reminder closer to travel date.,Keep customer engaged and reduce avoidable cancellations.
UNKNOWN,UNKNOWN,49.53,MEDIUM,MEDIUM,Travel reminder,Send automated reminder closer to travel date.,Keep customer engaged and reduce avoidable cancellations.
UNKNOWN,UNKNOWN,54.49,MEDIUM,MEDIUM,Travel reminder,Send automated reminder closer to travel date.,Keep customer engaged and reduce avoidable cancellations.
UNKNOWN,UNKNOWN,54.72,MEDIUM,MEDIUM,Travel reminder,Send automated reminder closer to travel date.,Keep customer engaged and reduce avoidable cancellations.
UNKNOWN,UNKNOWN,50.88,MEDIUM,MEDIUM,Travel reminder,Send automated reminder closer to travel date.,Keep customer engaged and reduce avoidable cancellations.
UNKNOWN,UNKNOWN,50.8,MEDIUM,MEDIUM,Travel reminder,Send automated reminder closer to travel date.,Keep customer engaged and reduce avoidable cancellations.
UNKNOWN,UNKNOWN,50.47,MEDIUM,MEDIUM,Travel reminder,Send automated reminder closer to travel date.,Keep customer engaged and reduce avoidable cancellations.
UNKNOWN,UNKNOWN,47.67,MEDIUM,MEDIUM,Travel reminder,Send automated reminder closer to travel date.,Keep customer engaged and reduce avoidable cancellations.
UNKNOWN,UNKNOWN,49.27,MEDIUM,MEDIUM,Travel reminder,Send automated reminder closer to travel date.,Keep customer engaged and reduce avoidable cancellations.
UNKNOWN,UNKNOWN,52.38,MEDIUM,MEDIUM,Travel reminder,Send automated reminder closer to travel date.,Keep customer engaged and reduce avoidable cancellations.
UNKNOWN,UNKNOWN,49.92,MEDIUM,MEDIUM,Travel reminder,Send automated reminder closer to travel date.,Keep customer engaged and reduce avoidable cancellations.
UNKNOWN,UNKNOWN,49.39,MEDIUM,MEDIUM,Travel reminder,Send automated reminder closer to travel date.,Keep customer engaged and reduce avoidable cancellations.
UNKNOWN,UNKNOWN,49.52,MEDIUM,MEDIUM,Travel reminder,Send automated reminder closer to travel date.,Keep customer engaged and reduce avoidable cancellations.
UNKNOWN,UNKNOWN,51.17,MEDIUM,MEDIUM,Travel reminder,Send automated reminder closer to travel date.,Keep customer engaged and reduce avoidable cancellations.
UNKNOWN,UNKNOWN,51.55,MEDIUM,MEDIUM,Travel reminder,Send automated reminder closer to travel date.,Keep customer engaged and reduce avoidable cancellations.
UNKNOWN,UNKNOWN,46.39,MEDIUM,MEDIUM,Travel reminder,Send automated reminder closer to travel date.,Keep customer engaged and reduce avoidable cancellations.
UNKNOWN,UNKNOWN,51.31,MEDIUM,MEDIUM,Travel reminder,Send automated reminder closer to travel date.,Keep customer engaged and reduce avoidable cancellations.
UNKNOWN,UNKNOWN,48.95,MEDIUM,MEDIUM,Travel reminder,Send automated reminder closer to travel date.,Keep customer engaged and reduce avoidable cancellations.
UNKNOWN,UNKNOWN,45.95,MEDIUM,MEDIUM,Travel reminder,Send automated reminder closer to travel date.,Keep customer engaged and reduce avoidable cancellations.
UNKNOWN,UNKNOWN,50.68,MEDIUM,MEDIUM,Travel reminder,Send automated reminder closer to travel date.,Keep customer engaged and reduce avoidable cancellations.
UNKNOWN,UNKNOWN,45.13,MEDIUM,MEDIUM,Travel reminder,Send automated reminder closer to travel date.,Keep customer engaged and reduce avoidable cancellations.
UNKNOWN,UNKNOWN,50.54,MEDIUM,MEDIUM,Travel reminder,Send automated reminder closer to travel date.,Keep customer engaged and reduce avoidable cancellations.
UNKNOWN,UNKNOWN,44.6,MEDIUM,MEDIUM,Travel reminder,Send automated reminder closer to travel date.,Keep customer engaged and reduce avoidable cancellations.
UNKNOWN,UNKNOWN,54.23,MEDIUM,MEDIUM,Travel reminder,Send automated reminder closer to travel date.,Keep customer engaged and reduce avoidable cancellations.
UNKNOWN,UNKNOWN,48.25,MEDIUM,MEDIUM,Travel reminder,Send automated reminder closer to travel date.,Keep customer engaged and reduce avoidable cancellations.
UNKNOWN,UNKNOWN,54.53,MEDIUM,MEDIUM,Travel reminder,Send automated reminder closer to travel date.,Keep customer engaged and reduce avoidable cancellations.
UNKNOWN,UNKNOWN,38.29,MEDIUM,MEDIUM,Travel reminder,Send automated reminder closer to travel date.,Keep customer engaged and reduce avoidable cancellations.
UNKNOWN,UNKNOWN,50.46,MEDIUM,MEDIUM,Travel reminder,Send automated reminder closer to travel date.,Keep customer engaged and reduce avoidable cancellations.
UNKNOWN,UNKNOWN,51.81,MEDIUM,MEDIUM,Travel reminder,Send automated reminder closer to travel date.,Keep customer engaged and reduce avoidable cancellations.
UNKNOWN,UNKNOWN,50.37,MEDIUM,MEDIUM,Travel reminder,Send automated reminder closer to travel date.,Keep customer engaged and reduce avoidable cancellations.
UNKNOWN,UNKNOWN,48.88,MEDIUM,MEDIUM,Travel reminder,Send automated reminder closer to travel date.,Keep customer engaged and reduce avoidable cancellations.
UNKNOWN,UNKNOWN,47.72,MEDIUM,MEDIUM,Travel reminder,Send automated reminder closer to travel date.,Keep customer engaged and reduce avoidable cancellations.
UNKNOWN,UNKNOWN,44.68,MEDIUM,MEDIUM,Travel reminder,Send automated reminder closer to travel date.,Keep customer engaged and reduce avoidable cancellations.
UNKNOWN,UNKNOWN,48.24,MEDIUM,MEDIUM,Travel reminder,Send automated reminder closer to travel date.,Keep customer engaged and reduce avoidable cancellations.
UNKNOWN,UNKNOWN,52.19,MEDIUM,MEDIUM,Travel reminder,Send automated reminder closer to travel date.,Keep customer engaged and reduce avoidable cancellations.
UNKNOWN,UNKNOWN,51.27,MEDIUM,MEDIUM,Travel reminder,Send automated reminder closer to travel date.,Keep customer engaged and reduce avoidable cancellations.
UNKNOWN,UNKNOWN,47.74,MEDIUM,MEDIUM,Travel reminder,Send automated reminder closer to travel date.,Keep customer engaged and reduce avoidable cancellations.
UNKNOWN,UNKNOWN,47.26,MEDIUM,MEDIUM,Travel reminder,Send automated reminder closer to travel date.,Keep customer engaged and reduce avoidable cancellations.
UNKNOWN,UNKNOWN,49.69,MEDIUM,MEDIUM,Travel reminder,Send automated reminder closer to travel date.,Keep customer engaged and reduce avoidable cancellations.
UNKNOWN,UNKNOWN,58.73,MEDIUM,MEDIUM,Travel reminder,Send automated reminder closer to travel date.,Keep customer engaged and reduce avoidable cancellations.
UNKNOWN,UNKNOWN,57.37,MEDIUM,MEDIUM,Travel reminder,Send automated reminder closer to travel date.,Keep customer engaged and reduce avoidable cancellations.
UNKNOWN,UNKNOWN,47.77,MEDIUM,MEDIUM,Travel reminder,Send automated reminder closer to travel date.,Keep customer engaged and reduce avoidable cancellations.
UNKNOWN,UNKNOWN,50.93,MEDIUM,MEDIUM,Travel reminder,Send automated reminder closer to travel date.,Keep customer engaged and reduce avoidable cancellations.
UNKNOWN,UNKNOWN,51.22,MEDIUM,MEDIUM,Travel reminder,Send automated reminder closer to travel date.,Keep customer engaged and reduce avoidable cancellations.
UNKNOWN,UNKNOWN,51.52,MEDIUM,MEDIUM,Travel reminder,Send automated reminder closer to travel date.,Keep customer engaged and reduce avoidable cancellations.
UNKNOWN,UNKNOWN,47.88,MEDIUM,MEDIUM,Travel reminder,Send automated reminder closer to travel date.,Keep customer engaged and reduce avoidable cancellations.
UNKNOWN,UNKNOWN,48.95,MEDIUM,MEDIUM,Travel reminder,Send automated reminder closer to travel date.,Keep customer engaged and reduce avoidable cancellations.
UNKNOWN,UNKNOWN,48.67,MEDIUM,MEDIUM,Travel reminder,Send automated reminder closer to travel date.,Keep customer engaged and reduce avoidable cancellations.
UNKNOWN,UNKNOWN,50.51,MEDIUM,MEDIUM,Travel reminder,Send automated reminder closer to travel date.,Keep customer engaged and reduce avoidable cancellations.
UNKNOWN,UNKNOWN,47.19,MEDIUM,MEDIUM,Travel reminder,Send automated reminder closer to travel date.,Keep customer engaged and reduce avoidable cancellations.
UNKNOWN,UNKNOWN,50.63,MEDIUM,MEDIUM,Travel reminder,Send automated reminder closer to travel date.,Keep customer engaged and reduce avoidable cancellations.
UNKNOWN,UNKNOWN,50.96,MEDIUM,MEDIUM,Travel reminder,Send automated reminder closer to travel date.,Keep customer engaged and reduce avoidable cancellations.
UNKNOWN,UNKNOWN,52.26,MEDIUM,MEDIUM,Travel reminder,Send automated reminder closer to travel date.,Keep customer engaged and reduce avoidable cancellations.
UNKNOWN,UNKNOWN,50.81,MEDIUM,MEDIUM,Travel reminder,Send automated reminder closer to travel date.,Keep customer engaged and reduce avoidable cancellations.
UNKNOWN,UNKNOWN,45.22,MEDIUM,MEDIUM,Travel reminder,Send automated reminder closer to travel date.,Keep customer engaged and reduce avoidable cancellations.
UNKNOWN,UNKNOWN,52.79,MEDIUM,MEDIUM,Travel reminder,Send automated reminder closer to travel date.,Keep customer engaged and reduce avoidable cancellations.
UNKNOWN,UNKNOWN,47.78,MEDIUM,MEDIUM,Travel reminder,Send automated reminder closer to travel date.,Keep customer engaged and reduce avoidable cancellations.
UNKNOWN,UNKNOWN,49.53,MEDIUM,MEDIUM,Travel reminder,Send automated reminder closer to travel date.,Keep customer engaged and reduce avoidable cancellations.
UNKNOWN,UNKNOWN,50.5,MEDIUM,MEDIUM,Travel reminder,Send automated reminder closer to travel date.,Keep customer engaged and reduce avoidable cancellations.
UNKNOWN,UNKNOWN,52.32,MEDIUM,MEDIUM,Travel reminder,Send automated reminder closer to travel date.,Keep customer engaged and reduce avoidable cancellations.
UNKNOWN,UNKNOWN,51.55,MEDIUM,MEDIUM,Travel reminder,Send automated reminder closer to travel date.,Keep customer engaged and reduce avoidable cancellations.
UNKNOWN,UNKNOWN,51.72,MEDIUM,MEDIUM,Travel reminder,Send automated reminder closer to travel date.,Keep customer engaged and reduce avoidable cancellations.
UNKNOWN,UNKNOWN,51.14,MEDIUM,MEDIUM,Travel reminder,Send automated reminder closer to travel date.,Keep customer engaged and reduce avoidable cancellations.
UNKNOWN,UNKNOWN,48.16,MEDIUM,MEDIUM,Travel reminder,Send automated reminder closer to travel date.,Keep customer engaged and reduce avoidable cancellations.
UNKNOWN,UNKNOWN,46.68,MEDIUM,MEDIUM,Travel reminder,Send automated reminder closer to travel date.,Keep customer engaged and reduce avoidable cancellations.
UNKNOWN,UNKNOWN,47.14,MEDIUM,MEDIUM,Travel reminder,Send automated reminder closer to travel date.,Keep customer engaged and reduce avoidable cancellations.
UNKNOWN,UNKNOWN,49.45,MEDIUM,MEDIUM,Travel reminder,Send automated reminder closer to travel date.,Keep customer engaged and reduce avoidable cancellations.
UNKNOWN,UNKNOWN,51.45,MEDIUM,MEDIUM,Travel reminder,Send automated reminder closer to travel date.,Keep customer engaged and reduce avoidable cancellations.
UNKNOWN,UNKNOWN,45.41,MEDIUM,MEDIUM,Travel reminder,Send automated reminder closer to travel date.,Keep customer engaged and reduce avoidable cancellations.
UNKNOWN,UNKNOWN,51.18,MEDIUM,MEDIUM,Travel reminder,Send automated reminder closer to travel date.,Keep customer engaged and reduce avoidable cancellations.
UNKNOWN,UNKNOWN,52.81,MEDIUM,MEDIUM,Travel reminder,Send automated reminder closer to travel date.,Keep customer engaged and reduce avoidable cancellations.
UNKNOWN,UNKNOWN,45.42,MEDIUM,MEDIUM,Travel reminder,Send automated reminder closer to travel date.,Keep customer engaged and reduce avoidable cancellations.
UNKNOWN,UNKNOWN,45.87,MEDIUM,MEDIUM,Travel reminder,Send automated reminder closer to travel date.,Keep customer engaged and reduce avoidable cancellations.
UNKNOWN,UNKNOWN,49.66,MEDIUM,MEDIUM,Travel reminder,Send automated reminder closer to travel date.,Keep customer engaged and reduce avoidable cancellations.
UNKNOWN,UNKNOWN,47.6,MEDIUM,MEDIUM,Travel reminder,Send automated reminder closer to travel date.,Keep customer engaged and reduce avoidable cancellations.
UNKNOWN,UNKNOWN,48.54,MEDIUM,MEDIUM,Travel reminder,Send automated reminder closer to travel date.,Keep customer engaged and reduce avoidable cancellations.
UNKNOWN,UNKNOWN,50.74,MEDIUM,MEDIUM,Travel reminder,Send automated reminder closer to travel date.,Keep customer engaged and reduce avoidable cancellations.
UNKNOWN,UNKNOWN,49.7,MEDIUM,MEDIUM,Travel reminder,Send automated reminder closer to travel date.,Keep customer engaged and reduce avoidable cancellations.
UNKNOWN,UNKNOWN,51.02,MEDIUM,MEDIUM,Travel reminder,Send automated reminder closer to travel date.,Keep customer engaged and reduce avoidable cancellations.
UNKNOWN,UNKNOWN,50.05,MEDIUM,MEDIUM,Travel reminder,Send automated reminder closer to travel date.,Keep customer engaged and reduce avoidable cancellations.
UNKNOWN,UNKNOWN,46.94,MEDIUM,MEDIUM,Travel reminder,Send automated reminder closer to travel date.,Keep customer engaged and reduce avoidable cancellations.
UNKNOWN,UNKNOWN,43.89,MEDIUM,MEDIUM,Travel reminder,Send automated reminder closer to travel date.,Keep customer engaged and reduce avoidable cancellations.
UNKNOWN,UNKNOWN,46.05,MEDIUM,MEDIUM,Travel reminder,Send automated reminder closer to travel date.,Keep customer engaged and reduce avoidable cancellations.
UNKNOWN,UNKNOWN,50.04,MEDIUM,MEDIUM,Travel reminder,Send automated reminder closer to travel date.,Keep customer engaged and reduce avoidable cancellations.
UNKNOWN,UNKNOWN,47.79,MEDIUM,MEDIUM,Travel reminder,Send automated reminder closer to travel date.,Keep customer engaged and reduce avoidable cancellations.
UNKNOWN,UNKNOWN,54.07,MEDIUM,MEDIUM,Travel reminder,Send automated reminder closer to travel date.,Keep customer engaged and reduce avoidable cancellations.
UNKNOWN,UNKNOWN,50.36,MEDIUM,MEDIUM,Travel reminder,Send automated reminder closer to travel date.,Keep customer engaged and reduce avoidable cancellations.
UNKNOWN,UNKNOWN,48.44,MEDIUM,MEDIUM,Travel reminder,Send automated reminder closer to travel date.,Keep customer engaged and reduce avoidable cancellations.
UNKNOWN,UNKNOWN,53.2,MEDIUM,MEDIUM,Travel reminder,Send automated reminder closer to travel date.,Keep customer engaged and reduce avoidable cancellations.
UNKNOWN,UNKNOWN,44.57,MEDIUM,MEDIUM,Travel reminder,Send automated reminder closer to travel date.,Keep customer engaged and reduce avoidable cancellations.
UNKNOWN,UNKNOWN,52.27,MEDIUM,MEDIUM,Travel reminder,Send automated reminder closer to travel date.,Keep customer engaged and reduce avoidable cancellations.
UNKNOWN,UNKNOWN,53.29,MEDIUM,MEDIUM,Travel reminder,Send automated reminder closer to travel date.,Keep customer engaged and reduce avoidable cancellations.
UNKNOWN,UNKNOWN,48.29,MEDIUM,MEDIUM,Travel reminder,Send automated reminder closer to travel date.,Keep customer engaged and reduce avoidable cancellations.
UNKNOWN,UNKNOWN,45.1,MEDIUM,MEDIUM,Travel reminder,Send automated reminder closer to travel date.,Keep customer engaged and reduce avoidable cancellations.
UNKNOWN,UNKNOWN,49.45,MEDIUM,MEDIUM,Travel reminder,Send automated reminder closer to travel date.,Keep customer engaged and reduce avoidable cancellations.
UNKNOWN,UNKNOWN,53.82,MEDIUM,MEDIUM,Travel reminder,Send automated reminder closer to travel date.,Keep customer engaged and reduce avoidable cancellations.
UNKNOWN,UNKNOWN,48.26,MEDIUM,MEDIUM,Travel reminder,Send automated reminder closer to travel date.,Keep customer engaged and reduce avoidable cancellations.
UNKNOWN,UNKNOWN,48.0,MEDIUM,MEDIUM,Travel reminder,Send automated reminder closer to travel date.,Keep customer engaged and reduce avoidable cancellations.
UNKNOWN,UNKNOWN,49.39,MEDIUM,MEDIUM,Travel reminder,Send automated reminder closer to travel date.,Keep customer engaged and reduce avoidable cancellations.
UNKNOWN,UNKNOWN,49.17,MEDIUM,MEDIUM,Travel reminder,Send automated reminder closer to travel date.,Keep customer engaged and reduce avoidable cancellations.
UNKNOWN,UNKNOWN,48.38,MEDIUM,MEDIUM,Travel reminder,Send automated reminder closer to travel date.,Keep customer engaged and reduce avoidable cancellations.
UNKNOWN,UNKNOWN,43.87,MEDIUM,MEDIUM,Travel reminder,Send automated reminder closer to travel date.,Keep customer engaged and reduce avoidable cancellations.
UNKNOWN,UNKNOWN,48.0,MEDIUM,MEDIUM,Travel reminder,Send automated reminder closer to travel date.,Keep customer engaged and reduce avoidable cancellations.
UNKNOWN,UNKNOWN,51.18,MEDIUM,MEDIUM,Travel reminder,Send automated reminder closer to travel date.,Keep customer engaged and reduce avoidable cancellations.
UNKNOWN,UNKNOWN,37.26,MEDIUM,MEDIUM,Travel reminder,Send automated reminder closer to travel date.,Keep customer engaged and reduce avoidable cancellations.
UNKNOWN,UNKNOWN,51.47,MEDIUM,MEDIUM,Travel reminder,Send automated reminder closer to travel date.,Keep customer engaged and reduce avoidable cancellations.
UNKNOWN,UNKNOWN,49.31,MEDIUM,MEDIUM,Travel reminder,Send automated reminder closer to travel date.,Keep customer engaged and reduce avoidable cancellations.
UNKNOWN,UNKNOWN,54.67,MEDIUM,MEDIUM,Travel reminder,Send automated reminder closer to travel date.,Keep customer engaged and reduce avoidable cancellations.
UNKNOWN,UNKNOWN,50.19,MEDIUM,MEDIUM,Travel reminder,Send automated reminder closer to travel date.,Keep customer engaged and reduce avoidable cancellations.
UNKNOWN,UNKNOWN,50.72,MEDIUM,MEDIUM,Travel reminder,Send automated reminder closer to travel date.,Keep customer engaged and reduce avoidable cancellations.
UNKNOWN,UNKNOWN,53.25,MEDIUM,MEDIUM,Travel reminder,Send automated reminder closer to travel date.,Keep customer engaged and reduce avoidable cancellations.
UNKNOWN,UNKNOWN,48.29,MEDIUM,MEDIUM,Travel reminder,Send automated reminder closer to travel date.,Keep customer engaged and reduce avoidable cancellations.
UNKNOWN,UNKNOWN,49.79,MEDIUM,MEDIUM,Travel reminder,Send automated reminder closer to travel date.,Keep customer engaged and reduce avoidable cancellations.
UNKNOWN,UNKNOWN,50.1,MEDIUM,MEDIUM,Travel reminder,Send automated reminder closer to travel date.,Keep customer engaged and reduce avoidable cancellations.
UNKNOWN,UNKNOWN,48.0,MEDIUM,MEDIUM,Travel reminder,Send automated reminder closer to travel date.,Keep customer engaged and reduce avoidable cancellations.
UNKNOWN,UNKNOWN,53.55,MEDIUM,MEDIUM,Travel reminder,Send automated reminder closer to travel date.,Keep customer engaged and reduce avoidable cancellations.
UNKNOWN,UNKNOWN,51.02,MEDIUM,MEDIUM,Travel reminder,Send automated reminder closer to travel date.,Keep customer engaged and reduce avoidable cancellations.
UNKNOWN,UNKNOWN,52.76,MEDIUM,MEDIUM,Travel reminder,Send automated reminder closer to travel date.,Keep customer engaged and reduce avoidable cancellations.
UNKNOWN,UNKNOWN,56.64,MEDIUM,MEDIUM,Travel reminder,Send automated reminder closer to travel date.,Keep customer engaged and reduce avoidable cancellations.
UNKNOWN,UNKNOWN,53.95,MEDIUM,MEDIUM,Travel reminder,Send automated reminder closer to travel date.,Keep customer engaged and reduce avoidable cancellations.
UNKNOWN,UNKNOWN,50.56,MEDIUM,MEDIUM,Travel reminder,Send automated reminder closer to travel date.,Keep customer engaged and reduce avoidable cancellations.
UNKNOWN,UNKNOWN,53.87,MEDIUM,MEDIUM,Travel reminder,Send automated reminder closer to travel date.,Keep customer engaged and reduce avoidable cancellations.
UNKNOWN,UNKNOWN,51.35,MEDIUM,MEDIUM,Travel reminder,Send automated reminder closer to travel date.,Keep customer engaged and reduce avoidable cancellations.
UNKNOWN,UNKNOWN,53.32,MEDIUM,MEDIUM,Travel reminder,Send automated reminder closer to travel date.,Keep customer engaged and reduce avoidable cancellations.
UNKNOWN,UNKNOWN,49.91,MEDIUM,MEDIUM,Travel reminder,Send automated reminder closer to travel date.,Keep customer engaged and reduce avoidable cancellations.
UNKNOWN,UNKNOWN,51.54,MEDIUM,MEDIUM,Travel reminder,Send automated reminder closer to travel date.,Keep customer engaged and reduce avoidable cancellations.
UNKNOWN,UNKNOWN,49.67,MEDIUM,MEDIUM,Travel reminder,Send automated reminder closer to travel date.,Keep customer engaged and reduce avoidable cancellations.
UNKNOWN,UNKNOWN,52.34,MEDIUM,MEDIUM,Travel reminder,Send automated reminder closer to travel date.,Keep customer engaged and reduce avoidable cancellations.
UNKNOWN,UNKNOWN,52.33,MEDIUM,MEDIUM,Travel reminder,Send automated reminder closer to travel date.,Keep customer engaged and reduce avoidable cancellations.
UNKNOWN,UNKNOWN,51.11,MEDIUM,MEDIUM,Travel reminder,Send automated reminder closer to travel date.,Keep customer engaged and reduce avoidable cancellations.
UNKNOWN,UNKNOWN,50.91,MEDIUM,MEDIUM,Travel reminder,Send automated reminder closer to travel date.,Keep customer engaged and reduce avoidable cancellations.
UNKNOWN,UNKNOWN,50.3,MEDIUM,MEDIUM,Travel reminder,Send automated reminder closer to travel date.,Keep customer engaged and reduce avoidable cancellations.
UNKNOWN,UNKNOWN,45.23,MEDIUM,MEDIUM,Travel reminder,Send automated reminder closer to travel date.,Keep customer engaged and reduce avoidable cancellations.
UNKNOWN,UNKNOWN,50.28,MEDIUM,MEDIUM,Travel reminder,Send automated reminder closer to travel date.,Keep customer engaged and reduce avoidable cancellations.
UNKNOWN,UNKNOWN,46.17,MEDIUM,MEDIUM,Travel reminder,Send automated reminder closer to travel date.,Keep customer engaged and reduce avoidable cancellations.
UNKNOWN,UNKNOWN,47.75,MEDIUM,MEDIUM,Travel reminder,Send automated reminder closer to travel date.,Keep customer engaged and reduce avoidable cancellations.
UNKNOWN,UNKNOWN,46.79,MEDIUM,MEDIUM,Travel reminder,Send automated reminder closer to travel date.,Keep customer engaged and reduce avoidable cancellations.
UNKNOWN,UNKNOWN,48.1,MEDIUM,MEDIUM,Travel reminder,Send automated reminder closer to travel date.,Keep customer engaged and reduce avoidable cancellations.
UNKNOWN,UNKNOWN,52.18,MEDIUM,MEDIUM,Travel reminder,Send automated reminder closer to travel date.,Keep customer engaged and reduce avoidable cancellations.
UNKNOWN,UNKNOWN,51.72,MEDIUM,MEDIUM,Travel reminder,Send automated reminder closer to travel date.,Keep customer engaged and reduce avoidable cancellations.
UNKNOWN,UNKNOWN,48.6,MEDIUM,MEDIUM,Travel reminder,Send automated reminder closer to travel date.,Keep customer engaged and reduce avoidable cancellations.
UNKNOWN,UNKNOWN,53.65,MEDIUM,MEDIUM,Travel reminder,Send automated reminder closer to travel date.,Keep customer engaged and reduce avoidable cancellations.
UNKNOWN,UNKNOWN,49.89,MEDIUM,MEDIUM,Travel reminder,Send automated reminder closer to travel date.,Keep customer engaged and reduce avoidable cancellations.
UNKNOWN,UNKNOWN,47.33,MEDIUM,MEDIUM,Travel reminder,Send automated reminder closer to travel date.,Keep customer engaged and reduce avoidable cancellations.
UNKNOWN,UNKNOWN,47.45,MEDIUM,MEDIUM,Travel reminder,Send automated reminder closer to travel date.,Keep customer engaged and reduce avoidable cancellations.
UNKNOWN,UNKNOWN,51.73,MEDIUM,MEDIUM,Travel reminder,Send automated reminder closer to travel date.,Keep customer engaged and reduce avoidable cancellations.
UNKNOWN,UNKNOWN,50.86,MEDIUM,MEDIUM,Travel reminder,Send automated reminder closer to travel date.,Keep customer engaged and reduce avoidable cancellations.
UNKNOWN,UNKNOWN,48.33,MEDIUM,MEDIUM,Travel reminder,Send automated reminder closer to travel date.,Keep customer engaged and reduce avoidable cancellations.
UNKNOWN,UNKNOWN,46.09,MEDIUM,MEDIUM,Travel reminder,Send automated reminder closer to travel date.,Keep customer engaged and reduce avoidable cancellations.
UNKNOWN,UNKNOWN,51.31,MEDIUM,MEDIUM,Travel reminder,Send automated reminder closer to travel date.,Keep customer engaged and reduce avoidable cancellations.
UNKNOWN,UNKNOWN,51.66,MEDIUM,MEDIUM,Travel reminder,Send automated reminder closer to travel date.,Keep customer engaged and reduce avoidable cancellations.
UNKNOWN,UNKNOWN,48.83,MEDIUM,MEDIUM,Travel reminder,Send automated reminder closer to travel date.,Keep customer engaged and reduce avoidable cancellations.
UNKNOWN,UNKNOWN,54.18,MEDIUM,MEDIUM,Travel reminder,Send automated reminder closer to travel date.,Keep customer engaged and reduce avoidable cancellations.
UNKNOWN,UNKNOWN,50.34,MEDIUM,MEDIUM,Travel reminder,Send automated reminder closer to travel date.,Keep customer engaged and reduce avoidable cancellations.
UNKNOWN,UNKNOWN,51.84,MEDIUM,MEDIUM,Travel reminder,Send automated reminder closer to travel date.,Keep customer engaged and reduce avoidable cancellations.
UNKNOWN,UNKNOWN,52.92,MEDIUM,MEDIUM,Travel reminder,Send automated reminder closer to travel date.,Keep customer engaged and reduce avoidable cancellations.
UNKNOWN,UNKNOWN,52.56,MEDIUM,MEDIUM,Travel reminder,Send automated reminder closer to travel date.,Keep customer engaged and reduce avoidable cancellations.
UNKNOWN,UNKNOWN,50.85,MEDIUM,MEDIUM,Travel reminder,Send automated reminder closer to travel date.,Keep customer engaged and reduce avoidable cancellations.
UNKNOWN,UNKNOWN,54.66,MEDIUM,MEDIUM,Travel reminder,Send automated reminder closer to travel date.,Keep customer engaged and reduce avoidable cancellations.
UNKNOWN,UNKNOWN,45.63,MEDIUM,MEDIUM,Travel reminder,Send automated reminder closer to travel date.,Keep customer engaged and reduce avoidable cancellations.
UNKNOWN,UNKNOWN,56.61,MEDIUM,MEDIUM,Travel reminder,Send automated reminder closer to travel date.,Keep customer engaged and reduce avoidable cancellations.
UNKNOWN,UNKNOWN,48.66,MEDIUM,MEDIUM,Travel reminder,Send automated reminder closer to travel date.,Keep customer engaged and reduce avoidable cancellations.
UNKNOWN,UNKNOWN,48.55,MEDIUM,MEDIUM,Travel reminder,Send automated reminder closer to travel date.,Keep customer engaged and reduce avoidable cancellations.
UNKNOWN,UNKNOWN,51.1,MEDIUM,MEDIUM,Travel reminder,Send automated reminder closer to travel date.,Keep customer engaged and reduce avoidable cancellations.
UNKNOWN,UNKNOWN,46.88,MEDIUM,MEDIUM,Travel reminder,Send automated reminder closer to travel date.,Keep customer engaged and reduce avoidable cancellations.
UNKNOWN,UNKNOWN,54.06,MEDIUM,MEDIUM,Travel reminder,Send automated reminder closer to travel date.,Keep customer engaged and reduce avoidable cancellations.
UNKNOWN,UNKNOWN,53.03,MEDIUM,MEDIUM,Travel reminder,Send automated reminder closer to travel date.,Keep customer engaged and reduce avoidable cancellations.
UNKNOWN,UNKNOWN,46.2,MEDIUM,MEDIUM,Travel reminder,Send automated reminder closer to travel date.,Keep customer engaged and reduce avoidable cancellations.
UNKNOWN,UNKNOWN,54.83,MEDIUM,MEDIUM,Travel reminder,Send automated reminder closer to travel date.,Keep customer engaged and reduce avoidable cancellations.
UNKNOWN,UNKNOWN,45.54,MEDIUM,MEDIUM,Travel reminder,Send automated reminder closer to travel date.,Keep customer engaged and reduce avoidable cancellations.
UNKNOWN,UNKNOWN,56.3,MEDIUM,MEDIUM,Travel reminder,Send automated reminder closer to travel date.,Keep customer engaged and reduce avoidable cancellations.
UNKNOWN,UNKNOWN,51.2,MEDIUM,MEDIUM,Travel reminder,Send automated reminder closer to travel date.,Keep customer engaged and reduce avoidable cancellations.
UNKNOWN,UNKNOWN,51.42,MEDIUM,MEDIUM,Travel reminder,Send automated reminder closer to travel date.,Keep customer engaged and reduce avoidable cancellations.
UNKNOWN,UNKNOWN,51.83,MEDIUM,MEDIUM,Travel reminder,Send automated reminder closer to travel date.,Keep customer engaged and reduce avoidable cancellations.
UNKNOWN,UNKNOWN,50.08,MEDIUM,MEDIUM,Travel reminder,Send automated reminder closer to travel date.,Keep customer engaged and reduce avoidable cancellations.
UNKNOWN,UNKNOWN,50.53,MEDIUM,MEDIUM,Travel reminder,Send automated reminder closer to travel date.,Keep customer engaged and reduce avoidable cancellations.
UNKNOWN,UNKNOWN,52.48,MEDIUM,MEDIUM,Travel reminder,Send automated reminder closer to travel date.,Keep customer engaged and reduce avoidable cancellations.
UNKNOWN,UNKNOWN,50.51,MEDIUM,MEDIUM,Travel reminder,Send automated reminder closer to travel date.,Keep customer engaged and reduce avoidable cancellations.
UNKNOWN,UNKNOWN,50.96,MEDIUM,MEDIUM,Travel reminder,Send automated reminder closer to travel date.,Keep customer engaged and reduce avoidable cancellations.
UNKNOWN,UNKNOWN,56.97,MEDIUM,MEDIUM,Travel reminder,Send automated reminder closer to travel date.,Keep customer engaged and reduce avoidable cancellations.
UNKNOWN,UNKNOWN,50.44,MEDIUM,MEDIUM,Travel reminder,Send automated reminder closer to travel date.,Keep customer engaged and reduce avoidable cancellations.
UNKNOWN,UNKNOWN,44.92,MEDIUM,MEDIUM,Travel reminder,Send automated reminder closer to travel date.,Keep customer engaged and reduce avoidable cancellations.
UNKNOWN,UNKNOWN,52.89,MEDIUM,MEDIUM,Travel reminder,Send automated reminder closer to travel date.,Keep customer engaged and reduce avoidable cancellations.
UNKNOWN,UNKNOWN,51.3,MEDIUM,MEDIUM,Travel reminder,Send automated reminder closer to travel date.,Keep customer engaged and reduce avoidable cancellations.
UNKNOWN,UNKNOWN,45.58,MEDIUM,MEDIUM,Travel reminder,Send automated reminder closer to travel date.,Keep customer engaged and reduce avoidable cancellations.
UNKNOWN,UNKNOWN,52.52,MEDIUM,MEDIUM,Travel reminder,Send automated reminder closer to travel date.,Keep customer engaged and reduce avoidable cancellations.
UNKNOWN,UNKNOWN,44.57,MEDIUM,MEDIUM,Travel reminder,Send automated reminder closer to travel date.,Keep customer engaged and reduce avoidable cancellations.
UNKNOWN,UNKNOWN,48.09,MEDIUM,MEDIUM,Travel reminder,Send automated reminder closer to travel date.,Keep customer engaged and reduce avoidable cancellations.
UNKNOWN,UNKNOWN,51.09,MEDIUM,MEDIUM,Travel reminder,Send automated reminder closer to travel date.,Keep customer engaged and reduce avoidable cancellations.
UNKNOWN,UNKNOWN,52.34,MEDIUM,MEDIUM,Travel reminder,Send automated reminder closer to travel date.,Keep customer engaged and reduce avoidable cancellations.
UNKNOWN,UNKNOWN,48.96,MEDIUM,MEDIUM,Travel reminder,Send automated reminder closer to travel date.,Keep customer engaged and reduce avoidable cancellations.
UNKNOWN,UNKNOWN,48.64,MEDIUM,MEDIUM,Travel reminder,Send automated reminder closer to travel date.,Keep customer engaged and reduce avoidable cancellations.
UNKNOWN,UNKNOWN,49.3,MEDIUM,MEDIUM,Travel reminder,Send automated reminder closer to travel date.,Keep customer engaged and reduce avoidable cancellations.
UNKNOWN,UNKNOWN,50.55,MEDIUM,MEDIUM,Travel reminder,Send automated reminder closer to travel date.,Keep customer engaged and reduce avoidable cancellations.
UNKNOWN,UNKNOWN,53.08,MEDIUM,MEDIUM,Travel reminder,Send automated reminder closer to travel date.,Keep customer engaged and reduce avoidable cancellations.
UNKNOWN,UNKNOWN,49.11,MEDIUM,MEDIUM,Travel reminder,Send automated reminder closer to travel date.,Keep customer engaged and reduce avoidable cancellations.
UNKNOWN,UNKNOWN,49.49,MEDIUM,MEDIUM,Travel reminder,Send automated reminder closer to travel date.,Keep customer engaged and reduce avoidable cancellations.
UNKNOWN,UNKNOWN,50.37,MEDIUM,MEDIUM,Travel reminder,Send automated reminder closer to travel date.,Keep customer engaged and reduce avoidable cancellations.
UNKNOWN,UNKNOWN,49.0,MEDIUM,MEDIUM,Travel reminder,Send automated reminder closer to travel date.,Keep customer engaged and reduce avoidable cancellations.
UNKNOWN,UNKNOWN,48.46,MEDIUM,MEDIUM,Travel reminder,Send automated reminder closer to travel date.,Keep customer engaged and reduce avoidable cancellations.
UNKNOWN,UNKNOWN,47.18,MEDIUM,MEDIUM,Travel reminder,Send automated reminder closer to travel date.,Keep customer engaged and reduce avoidable cancellations.
UNKNOWN,UNKNOWN,52.23,MEDIUM,MEDIUM,Travel reminder,Send automated reminder closer to travel date.,Keep customer engaged and reduce avoidable cancellations.
UNKNOWN,UNKNOWN,55.05,MEDIUM,MEDIUM,Travel reminder,Send automated reminder closer to travel date.,Keep customer engaged and reduce avoidable cancellations.
UNKNOWN,UNKNOWN,46.67,MEDIUM,MEDIUM,Travel reminder,Send automated reminder closer to travel date.,Keep customer engaged and reduce avoidable cancellations.
UNKNOWN,UNKNOWN,52.27,MEDIUM,MEDIUM,Travel reminder,Send automated reminder closer to travel date.,Keep customer engaged and reduce avoidable cancellations.
UNKNOWN,UNKNOWN,50.07,MEDIUM,MEDIUM,Travel reminder,Send automated reminder closer to travel date.,Keep customer engaged and reduce avoidable cancellations.
UNKNOWN,UNKNOWN,52.08,MEDIUM,MEDIUM,Travel reminder,Send automated reminder closer to travel date.,Keep customer engaged and reduce avoidable cancellations.
UNKNOWN,UNKNOWN,54.37,MEDIUM,MEDIUM,Travel reminder,Send automated reminder closer to travel date.,Keep customer engaged and reduce avoidable cancellations.
UNKNOWN,UNKNOWN,54.62,MEDIUM,MEDIUM,Travel reminder,Send automated reminder closer to travel date.,Keep customer engaged and reduce avoidable cancellations.
UNKNOWN,UNKNOWN,49.87,MEDIUM,MEDIUM,Travel reminder,Send automated reminder closer to travel date.,Keep customer engaged and reduce avoidable cancellations.
UNKNOWN,UNKNOWN,51.14,MEDIUM,MEDIUM,Travel reminder,Send automated reminder closer to travel date.,Keep customer engaged and reduce avoidable cancellations.
UNKNOWN,UNKNOWN,54.97,MEDIUM,MEDIUM,Travel reminder,Send automated reminder closer to travel date.,Keep customer engaged and reduce avoidable cancellations.
UNKNOWN,UNKNOWN,46.4,MEDIUM,MEDIUM,Travel reminder,Send automated reminder closer to travel date.,Keep customer engaged and reduce avoidable cancellations.
UNKNOWN,UNKNOWN,48.68,MEDIUM,MEDIUM,Travel reminder,Send automated reminder closer to travel date.,Keep customer engaged and reduce avoidable cancellations.
UNKNOWN,UNKNOWN,50.8,MEDIUM,MEDIUM,Travel reminder,Send automated reminder closer to travel date.,Keep customer engaged and reduce avoidable cancellations.
UNKNOWN,UNKNOWN,49.62,MEDIUM,MEDIUM,Travel reminder,Send automated reminder closer to travel date.,Keep customer engaged and reduce avoidable cancellations.
UNKNOWN,UNKNOWN,52.02,MEDIUM,MEDIUM,Travel reminder,Send automated reminder closer to travel date.,Keep customer engaged and reduce avoidable cancellations.
UNKNOWN,UNKNOWN,43.42,MEDIUM,MEDIUM,Travel reminder,Send automated reminder closer to travel date.,Keep customer engaged and reduce avoidable cancellations.
UNKNOWN,UNKNOWN,48.26,MEDIUM,MEDIUM,Travel reminder,Send automated reminder closer to travel date.,Keep customer engaged and reduce avoidable cancellations.
UNKNOWN,UNKNOWN,56.21,MEDIUM,MEDIUM,Travel reminder,Send automated reminder closer to travel date.,Keep customer engaged and reduce avoidable cancellations.
UNKNOWN,UNKNOWN,50.28,MEDIUM,MEDIUM,Travel reminder,Send automated reminder closer to travel date.,Keep customer engaged and reduce avoidable cancellations.
UNKNOWN,UNKNOWN,52.15,MEDIUM,MEDIUM,Travel reminder,Send automated reminder closer to travel date.,Keep customer engaged and reduce avoidable cancellations.
UNKNOWN,UNKNOWN,55.8,MEDIUM,MEDIUM,Travel reminder,Send automated reminder closer to travel date.,Keep customer engaged and reduce avoidable cancellations.
UNKNOWN,UNKNOWN,50.75,MEDIUM,MEDIUM,Travel reminder,Send automated reminder closer to travel date.,Keep customer engaged and reduce avoidable cancellations.
UNKNOWN,UNKNOWN,49.64,MEDIUM,MEDIUM,Travel reminder,Send automated reminder closer to travel date.,Keep customer engaged and reduce avoidable cancellations.
UNKNOWN,UNKNOWN,49.07,MEDIUM,MEDIUM,Travel reminder,Send automated reminder closer to travel date.,Keep customer engaged and reduce avoidable cancellations.
UNKNOWN,UNKNOWN,46.77,MEDIUM,MEDIUM,Travel reminder,Send automated reminder closer to travel date.,Keep customer engaged and reduce avoidable cancellations.
UNKNOWN,UNKNOWN,52.85,MEDIUM,MEDIUM,Travel reminder,Send automated reminder closer to travel date.,Keep customer engaged and reduce avoidable cancellations.
UNKNOWN,UNKNOWN,49.97,MEDIUM,MEDIUM,Travel reminder,Send automated reminder closer to travel date.,Keep customer engaged and reduce avoidable cancellations.
UNKNOWN,UNKNOWN,50.28,MEDIUM,MEDIUM,Travel reminder,Send automated reminder closer to travel date.,Keep customer engaged and reduce avoidable cancellations.
UNKNOWN,UNKNOWN,45.65,MEDIUM,MEDIUM,Travel reminder,Send automated reminder closer to travel date.,Keep customer engaged and reduce avoidable cancellations.
UNKNOWN,UNKNOWN,47.49,MEDIUM,MEDIUM,Travel reminder,Send automated reminder closer to travel date.,Keep customer engaged and reduce avoidable cancellations.
UNKNOWN,UNKNOWN,53.41,MEDIUM,MEDIUM,Travel reminder,Send automated reminder closer to travel date.,Keep customer engaged and reduce avoidable cancellations.
UNKNOWN,UNKNOWN,48.59,MEDIUM,MEDIUM,Travel reminder,Send automated reminder closer to travel date.,Keep customer engaged and reduce avoidable cancellations.
UNKNOWN,UNKNOWN,52.85,MEDIUM,MEDIUM,Travel reminder,Send automated reminder closer to travel date.,Keep customer engaged and reduce avoidable cancellations.
UNKNOWN,UNKNOWN,51.6,MEDIUM,MEDIUM,Travel reminder,Send automated reminder closer to travel date.,Keep customer engaged and reduce avoidable cancellations.
UNKNOWN,UNKNOWN,50.67,MEDIUM,MEDIUM,Travel reminder,Send automated reminder closer to travel date.,Keep customer engaged and reduce avoidable cancellations.
UNKNOWN,UNKNOWN,52.53,MEDIUM,MEDIUM,Travel reminder,Send automated reminder closer to travel date.,Keep customer engaged and reduce avoidable cancellations.
UNKNOWN,UNKNOWN,47.21,MEDIUM,MEDIUM,Travel reminder,Send automated reminder closer to travel date.,Keep customer engaged and reduce avoidable cancellations.
UNKNOWN,UNKNOWN,51.58,MEDIUM,MEDIUM,Travel reminder,Send automated reminder closer to travel date.,Keep customer engaged and reduce avoidable cancellations.
UNKNOWN,UNKNOWN,48.73,MEDIUM,MEDIUM,Travel reminder,Send automated reminder closer to travel date.,Keep customer engaged and reduce avoidable cancellations.
UNKNOWN,UNKNOWN,54.86,MEDIUM,MEDIUM,Travel reminder,Send automated reminder closer to travel date.,Keep customer engaged and reduce avoidable cancellations.
UNKNOWN,UNKNOWN,42.3,MEDIUM,MEDIUM,Travel reminder,Send automated reminder closer to travel date.,Keep customer engaged and reduce avoidable cancellations.
UNKNOWN,UNKNOWN,50.64,MEDIUM,MEDIUM,Travel reminder,Send automated reminder closer to travel date.,Keep customer engaged and reduce avoidable cancellations.
UNKNOWN,UNKNOWN,46.11,MEDIUM,MEDIUM,Travel reminder,Send automated reminder closer to travel date.,Keep customer engaged and reduce avoidable cancellations.
UNKNOWN,UNKNOWN,48.5,MEDIUM,MEDIUM,Travel reminder,Send automated reminder closer to travel date.,Keep customer engaged and reduce avoidable cancellations.
UNKNOWN,UNKNOWN,51.35,MEDIUM,MEDIUM,Travel reminder,Send automated reminder closer to travel date.,Keep customer engaged and reduce avoidable cancellations.
UNKNOWN,UNKNOWN,52.16,MEDIUM,MEDIUM,Travel reminder,Send automated reminder closer to travel date.,Keep customer engaged and reduce avoidable cancellations.
UNKNOWN,UNKNOWN,46.48,MEDIUM,MEDIUM,Travel reminder,Send automated reminder closer to travel date.,Keep customer engaged and reduce avoidable cancellations.
UNKNOWN,UNKNOWN,50.02,MEDIUM,MEDIUM,Travel reminder,Send automated reminder closer to travel date.,Keep customer engaged and reduce avoidable cancellations.
UNKNOWN,UNKNOWN,52.71,MEDIUM,MEDIUM,Travel reminder,Send automated reminder closer to travel date.,Keep customer engaged and reduce avoidable cancellations.
UNKNOWN,UNKNOWN,52.22,MEDIUM,MEDIUM,Travel reminder,Send automated reminder closer to travel date.,Keep customer engaged and reduce avoidable cancellations.
UNKNOWN,UNKNOWN,49.72,MEDIUM,MEDIUM,Travel reminder,Send automated reminder closer to travel date.,Keep customer engaged and reduce avoidable cancellations.
UNKNOWN,UNKNOWN,54.03,MEDIUM,MEDIUM,Travel reminder,Send automated reminder closer to travel date.,Keep customer engaged and reduce avoidable cancellations.
UNKNOWN,UNKNOWN,52.29,MEDIUM,MEDIUM,Travel reminder,Send automated reminder closer to travel date.,Keep customer engaged and reduce avoidable cancellations.
UNKNOWN,UNKNOWN,49.36,MEDIUM,MEDIUM,Travel reminder,Send automated reminder closer to travel date.,Keep customer engaged and reduce avoidable cancellations.
UNKNOWN,UNKNOWN,46.93,MEDIUM,MEDIUM,Travel reminder,Send automated reminder closer to travel date.,Keep customer engaged and reduce avoidable cancellations.
UNKNOWN,UNKNOWN,52.2,MEDIUM,MEDIUM,Travel reminder,Send automated reminder closer to travel date.,Keep customer engaged and reduce avoidable cancellations.
UNKNOWN,UNKNOWN,51.21,MEDIUM,MEDIUM,Travel reminder,Send automated reminder closer to travel date.,Keep customer engaged and reduce avoidable cancellations.
UNKNOWN,UNKNOWN,50.6,MEDIUM,MEDIUM,Travel reminder,Send automated reminder closer to travel date.,Keep customer engaged and reduce avoidable cancellations.
UNKNOWN,UNKNOWN,45.75,MEDIUM,MEDIUM,Travel reminder,Send automated reminder closer to travel date.,Keep customer engaged and reduce avoidable cancellations.
UNKNOWN,UNKNOWN,47.97,MEDIUM,MEDIUM,Travel reminder,Send automated reminder closer to travel date.,Keep customer engaged and reduce avoidable cancellations.
UNKNOWN,UNKNOWN,48.76,MEDIUM,MEDIUM,Travel reminder,Send automated reminder closer to travel date.,Keep customer engaged and reduce avoidable cancellations.
UNKNOWN,UNKNOWN,47.28,MEDIUM,MEDIUM,Travel reminder,Send automated reminder closer to travel date.,Keep customer engaged and reduce avoidable cancellations.
UNKNOWN,UNKNOWN,52.15,MEDIUM,MEDIUM,Travel reminder,Send automated reminder closer to travel date.,Keep customer engaged and reduce avoidable cancellations.
UNKNOWN,UNKNOWN,45.28,MEDIUM,MEDIUM,Travel reminder,Send automated reminder closer to travel date.,Keep customer engaged and reduce avoidable cancellations.
UNKNOWN,UNKNOWN,50.83,MEDIUM,MEDIUM,Travel reminder,Send automated reminder closer to travel date.,Keep customer engaged and reduce avoidable cancellations.
UNKNOWN,UNKNOWN,47.36,MEDIUM,MEDIUM,Travel reminder,Send automated reminder closer to travel date.,Keep customer engaged and reduce avoidable cancellations.
UNKNOWN,UNKNOWN,53.82,MEDIUM,MEDIUM,Travel reminder,Send automated reminder closer to travel date.,Keep customer engaged and reduce avoidable cancellations.
UNKNOWN,UNKNOWN,54.64,MEDIUM,MEDIUM,Travel reminder,Send automated reminder closer to travel date.,Keep customer engaged and reduce avoidable cancellations.
UNKNOWN,UNKNOWN,47.71,MEDIUM,MEDIUM,Travel reminder,Send automated reminder closer to travel date.,Keep customer engaged and reduce avoidable cancellations.
UNKNOWN,UNKNOWN,45.75,MEDIUM,MEDIUM,Travel reminder,Send automated reminder closer to travel date.,Keep customer engaged and reduce avoidable cancellations.
UNKNOWN,UNKNOWN,50.86,MEDIUM,MEDIUM,Travel reminder,Send automated reminder closer to travel date.,Keep customer engaged and reduce avoidable cancellations.
UNKNOWN,UNKNOWN,47.9,MEDIUM,MEDIUM,Travel reminder,Send automated reminder closer to travel date.,Keep customer engaged and reduce avoidable cancellations.
UNKNOWN,UNKNOWN,50.14,MEDIUM,MEDIUM,Travel reminder,Send automated reminder closer to travel date.,Keep customer engaged and reduce avoidable cancellations.
UNKNOWN,UNKNOWN,52.09,MEDIUM,MEDIUM,Travel reminder,Send automated reminder closer to travel date.,Keep customer engaged and reduce avoidable cancellations.
UNKNOWN,UNKNOWN,48.37,MEDIUM,MEDIUM,Travel reminder,Send automated reminder closer to travel date.,Keep customer engaged and reduce avoidable cancellations.
UNKNOWN,UNKNOWN,45.96,MEDIUM,MEDIUM,Travel reminder,Send automated reminder closer to travel date.,Keep customer engaged and reduce avoidable cancellations.
UNKNOWN,UNKNOWN,49.11,MEDIUM,MEDIUM,Travel reminder,Send automated reminder closer to travel date.,Keep customer engaged and reduce avoidable cancellations.
UNKNOWN,UNKNOWN,52.17,MEDIUM,MEDIUM,Travel reminder,Send automated reminder closer to travel date.,Keep customer engaged and reduce avoidable cancellations.
UNKNOWN,UNKNOWN,49.5,MEDIUM,MEDIUM,Travel reminder,Send automated reminder closer to travel date.,Keep customer engaged and reduce avoidable cancellations.
UNKNOWN,UNKNOWN,53.38,MEDIUM,MEDIUM,Travel reminder,Send automated reminder closer to travel date.,Keep customer engaged and reduce avoidable cancellations.
UNKNOWN,UNKNOWN,44.67,MEDIUM,MEDIUM,Travel reminder,Send automated reminder closer to travel date.,Keep customer engaged and reduce avoidable cancellations.
UNKNOWN,UNKNOWN,52.58,MEDIUM,MEDIUM,Travel reminder,Send automated reminder closer to travel date.,Keep customer engaged and reduce avoidable cancellations.
UNKNOWN,UNKNOWN,51.09,MEDIUM,MEDIUM,Travel reminder,Send automated reminder closer to travel date.,Keep customer engaged and reduce avoidable cancellations.
UNKNOWN,UNKNOWN,54.56,MEDIUM,MEDIUM,Travel reminder,Send automated reminder closer to travel date.,Keep customer engaged and reduce avoidable cancellations.
UNKNOWN,UNKNOWN,49.63,MEDIUM,MEDIUM,Travel reminder,Send automated reminder closer to travel date.,Keep customer engaged and reduce avoidable cancellations.
UNKNOWN,UNKNOWN,50.62,MEDIUM,MEDIUM,Travel reminder,Send automated reminder closer to travel date.,Keep customer engaged and reduce avoidable cancellations.
UNKNOWN,UNKNOWN,52.1,MEDIUM,MEDIUM,Travel reminder,Send automated reminder closer to travel date.,Keep customer engaged and reduce avoidable cancellations.
UNKNOWN,UNKNOWN,40.21,MEDIUM,MEDIUM,Travel reminder,Send automated reminder closer to travel date.,Keep customer engaged and reduce avoidable cancellations.
UNKNOWN,UNKNOWN,48.45,MEDIUM,MEDIUM,Travel reminder,Send automated reminder closer to travel date.,Keep customer engaged and reduce avoidable cancellations.
UNKNOWN,UNKNOWN,43.17,MEDIUM,MEDIUM,Travel reminder,Send automated reminder closer to travel date.,Keep customer engaged and reduce avoidable cancellations.
UNKNOWN,UNKNOWN,45.46,MEDIUM,MEDIUM,Travel reminder,Send automated reminder closer to travel date.,Keep customer engaged and reduce avoidable cancellations.
UNKNOWN,UNKNOWN,47.89,MEDIUM,MEDIUM,Travel reminder,Send automated reminder closer to travel date.,Keep customer engaged and reduce avoidable cancellations.
UNKNOWN,UNKNOWN,59.56,MEDIUM,MEDIUM,Travel reminder,Send automated reminder closer to travel date.,Keep customer engaged and reduce avoidable cancellations.
UNKNOWN,UNKNOWN,59.91,MEDIUM,MEDIUM,Travel reminder,Send automated reminder closer to travel date.,Keep customer engaged and reduce avoidable cancellations.
UNKNOWN,UNKNOWN,51.18,MEDIUM,MEDIUM,Travel reminder,Send automated reminder closer to travel date.,Keep customer engaged and reduce avoidable cancellations.
UNKNOWN,UNKNOWN,49.93,MEDIUM,MEDIUM,Travel reminder,Send automated reminder closer to travel date.,Keep customer engaged and reduce avoidable cancellations.
UNKNOWN,UNKNOWN,54.26,MEDIUM,MEDIUM,Travel reminder,Send automated reminder closer to travel date.,Keep customer engaged and reduce avoidable cancellations.
UNKNOWN,UNKNOWN,48.01,MEDIUM,MEDIUM,Travel reminder,Send automated reminder closer to travel date.,Keep customer engaged and reduce avoidable cancellations.
UNKNOWN,UNKNOWN,51.21,MEDIUM,MEDIUM,Travel reminder,Send automated reminder closer to travel date.,Keep customer engaged and reduce avoidable cancellations.
UNKNOWN,UNKNOWN,49.9,MEDIUM,MEDIUM,Travel reminder,Send automated reminder closer to travel date.,Keep customer engaged and reduce avoidable cancellations.
UNKNOWN,UNKNOWN,51.39,MEDIUM,MEDIUM,Travel reminder,Send automated reminder closer to travel date.,Keep customer engaged and reduce avoidable cancellations.
UNKNOWN,UNKNOWN,50.55,MEDIUM,MEDIUM,Travel reminder,Send automated reminder closer to travel date.,Keep customer engaged and reduce avoidable cancellations.
UNKNOWN,UNKNOWN,52.82,MEDIUM,MEDIUM,Travel reminder,Send automated reminder closer to travel date.,Keep customer engaged and reduce avoidable cancellations.
UNKNOWN,UNKNOWN,47.07,MEDIUM,MEDIUM,Travel reminder,Send automated reminder closer to travel date.,Keep customer engaged and reduce avoidable cancellations.
UNKNOWN,UNKNOWN,46.71,MEDIUM,MEDIUM,Travel reminder,Send automated reminder closer to travel date.,Keep customer engaged and reduce avoidable cancellations.
UNKNOWN,UNKNOWN,45.94,MEDIUM,MEDIUM,Travel reminder,Send automated reminder closer to travel date.,Keep customer engaged and reduce avoidable cancellations.
UNKNOWN,UNKNOWN,49.8,MEDIUM,MEDIUM,Travel reminder,Send automated reminder closer to travel date.,Keep customer engaged and reduce avoidable cancellations.
UNKNOWN,UNKNOWN,46.81,MEDIUM,MEDIUM,Travel reminder,Send automated reminder closer to travel date.,Keep customer engaged and reduce avoidable cancellations.
UNKNOWN,UNKNOWN,47.0,MEDIUM,MEDIUM,Travel reminder,Send automated reminder closer to travel date.,Keep customer engaged and reduce avoidable cancellations.
UNKNOWN,UNKNOWN,49.35,MEDIUM,MEDIUM,Travel reminder,Send automated reminder closer to travel date.,Keep customer engaged and reduce avoidable cancellations.
UNKNOWN,UNKNOWN,50.75,MEDIUM,MEDIUM,Travel reminder,Send automated reminder closer to travel date.,Keep customer engaged and reduce avoidable cancellations.
UNKNOWN,UNKNOWN,48.93,MEDIUM,MEDIUM,Travel reminder,Send automated reminder closer to travel date.,Keep customer engaged and reduce avoidable cancellations.
UNKNOWN,UNKNOWN,47.63,MEDIUM,MEDIUM,Travel reminder,Send automated reminder closer to travel date.,Keep customer engaged and reduce avoidable cancellations.
UNKNOWN,UNKNOWN,44.52,MEDIUM,MEDIUM,Travel reminder,Send automated reminder closer to travel date.,Keep customer engaged and reduce avoidable cancellations.
UNKNOWN,UNKNOWN,52.06,MEDIUM,MEDIUM,Travel reminder,Send automated reminder closer to travel date.,Keep customer engaged and reduce avoidable cancellations.
UNKNOWN,UNKNOWN,49.75,MEDIUM,MEDIUM,Travel reminder,Send automated reminder closer to travel date.,Keep customer engaged and reduce avoidable cancellations.
UNKNOWN,UNKNOWN,51.33,MEDIUM,MEDIUM,Travel reminder,Send automated reminder closer to travel date.,Keep customer engaged and reduce avoidable cancellations.
UNKNOWN,UNKNOWN,47.85,MEDIUM,MEDIUM,Travel reminder,Send automated reminder closer to travel date.,Keep customer engaged and reduce avoidable cancellations.
UNKNOWN,UNKNOWN,51.51,MEDIUM,MEDIUM,Travel reminder,Send automated reminder closer to travel date.,Keep customer engaged and reduce avoidable cancellations.
UNKNOWN,UNKNOWN,48.61,MEDIUM,MEDIUM,Travel reminder,Send automated reminder closer to travel date.,Keep customer engaged and reduce avoidable cancellations.
UNKNOWN,UNKNOWN,49.8,MEDIUM,MEDIUM,Travel reminder,Send automated reminder closer to travel date.,Keep customer engaged and reduce avoidable cancellations.
UNKNOWN,UNKNOWN,50.53,MEDIUM,MEDIUM,Travel reminder,Send automated reminder closer to travel date.,Keep customer engaged and reduce avoidable cancellations.
UNKNOWN,UNKNOWN,47.15,MEDIUM,MEDIUM,Travel reminder,Send automated reminder closer to travel date.,Keep customer engaged and reduce avoidable cancellations.
UNKNOWN,UNKNOWN,55.26,MEDIUM,MEDIUM,Travel reminder,Send automated reminder closer to travel date.,Keep customer engaged and reduce avoidable cancellations.
UNKNOWN,UNKNOWN,48.2,MEDIUM,MEDIUM,Travel reminder,Send automated reminder closer to travel date.,Keep customer engaged and reduce avoidable cancellations.
UNKNOWN,UNKNOWN,45.59,MEDIUM,MEDIUM,Travel reminder,Send automated reminder closer to travel date.,Keep customer engaged and reduce avoidable cancellations.
UNKNOWN,UNKNOWN,51.72,MEDIUM,MEDIUM,Travel reminder,Send automated reminder closer to travel date.,Keep customer engaged and reduce avoidable cancellations.
UNKNOWN,UNKNOWN,49.56,MEDIUM,MEDIUM,Travel reminder,Send automated reminder closer to travel date.,Keep customer engaged and reduce avoidable cancellations.
UNKNOWN,UNKNOWN,47.59,MEDIUM,MEDIUM,Travel reminder,Send automated reminder closer to travel date.,Keep customer engaged and reduce avoidable cancellations.
UNKNOWN,UNKNOWN,39.97,MEDIUM,MEDIUM,Travel reminder,Send automated reminder closer to travel date.,Keep customer engaged and reduce avoidable cancellations.
UNKNOWN,UNKNOWN,47.14,MEDIUM,MEDIUM,Travel reminder,Send automated reminder closer to travel date.,Keep customer engaged and reduce avoidable cancellations.
UNKNOWN,UNKNOWN,50.99,MEDIUM,MEDIUM,Travel reminder,Send automated reminder closer to travel date.,Keep customer engaged and reduce avoidable cancellations.
UNKNOWN,UNKNOWN,50.09,MEDIUM,MEDIUM,Travel reminder,Send automated reminder closer to travel date.,Keep customer engaged and reduce avoidable cancellations.
UNKNOWN,UNKNOWN,51.34,MEDIUM,MEDIUM,Travel reminder,Send automated reminder closer to travel date.,Keep customer engaged and reduce avoidable cancellations.
UNKNOWN,UNKNOWN,50.97,MEDIUM,MEDIUM,Travel reminder,Send automated reminder closer to travel date.,Keep customer engaged and reduce avoidable cancellations.
UNKNOWN,UNKNOWN,55.41,MEDIUM,MEDIUM,Travel reminder,Send automated reminder closer to travel date.,Keep customer engaged and reduce avoidable cancellations.
UNKNOWN,UNKNOWN,44.12,MEDIUM,MEDIUM,Travel reminder,Send automated reminder closer to travel date.,Keep customer engaged and reduce avoidable cancellations.
UNKNOWN,UNKNOWN,47.28,MEDIUM,MEDIUM,Travel reminder,Send automated reminder closer to travel date.,Keep customer engaged and reduce avoidable cancellations.
UNKNOWN,UNKNOWN,53.49,MEDIUM,MEDIUM,Travel reminder,Send automated reminder closer to travel date.,Keep customer engaged and reduce avoidable cancellations.
UNKNOWN,UNKNOWN,49.23,MEDIUM,MEDIUM,Travel reminder,Send automated reminder closer to travel date.,Keep customer engaged and reduce avoidable cancellations.
UNKNOWN,UNKNOWN,55.36,MEDIUM,MEDIUM,Travel reminder,Send automated reminder closer to travel date.,Keep customer engaged and reduce avoidable cancellations.
UNKNOWN,UNKNOWN,48.33,MEDIUM,MEDIUM,Travel reminder,Send automated reminder closer to travel date.,Keep customer engaged and reduce avoidable cancellations.
UNKNOWN,UNKNOWN,48.03,MEDIUM,MEDIUM,Travel reminder,Send automated reminder closer to travel date.,Keep customer engaged and reduce avoidable cancellations.
UNKNOWN,UNKNOWN,51.05,MEDIUM,MEDIUM,Travel reminder,Send automated reminder closer to travel date.,Keep customer engaged and reduce avoidable cancellations.
UNKNOWN,UNKNOWN,53.82,MEDIUM,MEDIUM,Travel reminder,Send automated reminder closer to travel date.,Keep customer engaged and reduce avoidable cancellations.
UNKNOWN,UNKNOWN,54.08,MEDIUM,MEDIUM,Travel reminder,Send automated reminder closer to travel date.,Keep customer engaged and reduce avoidable cancellations.
UNKNOWN,UNKNOWN,48.29,MEDIUM,MEDIUM,Travel reminder,Send automated reminder closer to travel date.,Keep customer engaged and reduce avoidable cancellations.
UNKNOWN,UNKNOWN,48.14,MEDIUM,MEDIUM,Travel reminder,Send automated reminder closer to travel date.,Keep customer engaged and reduce avoidable cancellations.
UNKNOWN,UNKNOWN,51.35,MEDIUM,MEDIUM,Travel reminder,Send automated reminder closer to travel date.,Keep customer engaged and reduce avoidable cancellations.
UNKNOWN,UNKNOWN,49.85,MEDIUM,MEDIUM,Travel reminder,Send automated reminder closer to travel date.,Keep customer engaged and reduce avoidable cancellations.
UNKNOWN,UNKNOWN,52.42,MEDIUM,MEDIUM,Travel reminder,Send automated reminder closer to travel date.,Keep customer engaged and reduce avoidable cancellations.
UNKNOWN,UNKNOWN,49.09,MEDIUM,MEDIUM,Travel reminder,Send automated reminder closer to travel date.,Keep customer engaged and reduce avoidable cancellations.
UNKNOWN,UNKNOWN,53.7,MEDIUM,MEDIUM,Travel reminder,Send automated reminder closer to travel date.,Keep customer engaged and reduce avoidable cancellations.
UNKNOWN,UNKNOWN,51.35,MEDIUM,MEDIUM,Travel reminder,Send automated reminder closer to travel date.,Keep customer engaged and reduce avoidable cancellations.
UNKNOWN,UNKNOWN,49.59,MEDIUM,MEDIUM,Travel reminder,Send automated reminder closer to travel date.,Keep customer engaged and reduce avoidable cancellations.
UNKNOWN,UNKNOWN,51.84,MEDIUM,MEDIUM,Travel reminder,Send automated reminder closer to travel date.,Keep customer engaged and reduce avoidable cancellations.
UNKNOWN,UNKNOWN,47.28,MEDIUM,MEDIUM,Travel reminder,Send automated reminder closer to travel date.,Keep customer engaged and reduce avoidable cancellations.
UNKNOWN,UNKNOWN,46.6,MEDIUM,MEDIUM,Travel reminder,Send automated reminder closer to travel date.,Keep customer engaged and reduce avoidable cancellations.
UNKNOWN,UNKNOWN,48.7,MEDIUM,MEDIUM,Travel reminder,Send automated reminder closer to travel date.,Keep customer engaged and reduce avoidable cancellations.
UNKNOWN,UNKNOWN,45.22,MEDIUM,MEDIUM,Travel reminder,Send automated reminder closer to travel date.,Keep customer engaged and reduce avoidable cancellations.
UNKNOWN,UNKNOWN,56.39,MEDIUM,MEDIUM,Travel reminder,Send automated reminder closer to travel date.,Keep customer engaged and reduce avoidable cancellations.
UNKNOWN,UNKNOWN,48.13,MEDIUM,MEDIUM,Travel reminder,Send automated reminder closer to travel date.,Keep customer engaged and reduce avoidable cancellations.
UNKNOWN,UNKNOWN,45.72,MEDIUM,MEDIUM,Travel reminder,Send automated reminder closer to travel date.,Keep customer engaged and reduce avoidable cancellations.
UNKNOWN,UNKNOWN,47.91,MEDIUM,MEDIUM,Travel reminder,Send automated reminder closer to travel date.,Keep customer engaged and reduce avoidable cancellations.
UNKNOWN,UNKNOWN,47.82,MEDIUM,MEDIUM,Travel reminder,Send automated reminder closer to travel date.,Keep customer engaged and reduce avoidable cancellations.
UNKNOWN,UNKNOWN,53.26,MEDIUM,MEDIUM,Travel reminder,Send automated reminder closer to travel date.,Keep customer engaged and reduce avoidable cancellations.
UNKNOWN,UNKNOWN,50.0,MEDIUM,MEDIUM,Travel reminder,Send automated reminder closer to travel date.,Keep customer engaged and reduce avoidable cancellations.
UNKNOWN,UNKNOWN,51.41,MEDIUM,MEDIUM,Travel reminder,Send automated reminder closer to travel date.,Keep customer engaged and reduce avoidable cancellations.
UNKNOWN,UNKNOWN,52.89,MEDIUM,MEDIUM,Travel reminder,Send automated reminder closer to travel date.,Keep customer engaged and reduce avoidable cancellations.
UNKNOWN,UNKNOWN,48.48,MEDIUM,MEDIUM,Travel reminder,Send automated reminder closer to travel date.,Keep customer engaged and reduce avoidable cancellations.
UNKNOWN,UNKNOWN,46.63,MEDIUM,MEDIUM,Travel reminder,Send automated reminder closer to travel date.,Keep customer engaged and reduce avoidable cancellations.
UNKNOWN,UNKNOWN,51.7,MEDIUM,MEDIUM,Travel reminder,Send automated reminder closer to travel date.,Keep customer engaged and reduce avoidable cancellations.
UNKNOWN,UNKNOWN,50.18,MEDIUM,MEDIUM,Travel reminder,Send automated reminder closer to travel date.,Keep customer engaged and reduce avoidable cancellations.
UNKNOWN,UNKNOWN,51.48,MEDIUM,MEDIUM,Travel reminder,Send automated reminder closer to travel date.,Keep customer engaged and reduce avoidable cancellations.
UNKNOWN,UNKNOWN,53.22,MEDIUM,MEDIUM,Travel reminder,Send automated reminder closer to travel date.,Keep customer engaged and reduce avoidable cancellations.
UNKNOWN,UNKNOWN,45.72,MEDIUM,MEDIUM,Travel reminder,Send automated reminder closer to travel date.,Keep customer engaged and reduce avoidable cancellations.
UNKNOWN,UNKNOWN,39.51,MEDIUM,MEDIUM,Travel reminder,Send automated reminder closer to travel date.,Keep customer engaged and reduce avoidable cancellations.
UNKNOWN,UNKNOWN,49.56,MEDIUM,MEDIUM,Travel reminder,Send automated reminder closer to travel date.,Keep customer engaged and reduce avoidable cancellations.
UNKNOWN,UNKNOWN,51.57,MEDIUM,MEDIUM,Travel reminder,Send automated reminder closer to travel date.,Keep customer engaged and reduce avoidable cancellations.
UNKNOWN,UNKNOWN,46.92,MEDIUM,MEDIUM,Travel reminder,Send automated reminder closer to travel date.,Keep customer engaged and reduce avoidable cancellations.
UNKNOWN,UNKNOWN,51.18,MEDIUM,MEDIUM,Travel reminder,Send automated reminder closer to travel date.,Keep customer engaged and reduce avoidable cancellations.
UNKNOWN,UNKNOWN,52.67,MEDIUM,MEDIUM,Travel reminder,Send automated reminder closer to travel date.,Keep customer engaged and reduce avoidable cancellations.
UNKNOWN,UNKNOWN,47.73,MEDIUM,MEDIUM,Travel reminder,Send automated reminder closer to travel date.,Keep customer engaged and reduce avoidable cancellations.
UNKNOWN,UNKNOWN,48.17,MEDIUM,MEDIUM,Travel reminder,Send automated reminder closer to travel date.,Keep customer engaged and reduce avoidable cancellations.
UNKNOWN,UNKNOWN,48.99,MEDIUM,MEDIUM,Travel reminder,Send automated reminder closer to travel date.,Keep customer engaged and reduce avoidable cancellations.
UNKNOWN,UNKNOWN,52.27,MEDIUM,MEDIUM,Travel reminder,Send automated reminder closer to travel date.,Keep customer engaged and reduce avoidable cancellations.
UNKNOWN,UNKNOWN,45.01,MEDIUM,MEDIUM,Travel reminder,Send automated reminder closer to travel date.,Keep customer engaged and reduce avoidable cancellations.
UNKNOWN,UNKNOWN,49.53,MEDIUM,MEDIUM,Travel reminder,Send automated reminder closer to travel date.,Keep customer engaged and reduce avoidable cancellations.
UNKNOWN,UNKNOWN,42.52,MEDIUM,MEDIUM,Travel reminder,Send automated reminder closer to travel date.,Keep customer engaged and reduce avoidable cancellations.
UNKNOWN,UNKNOWN,50.31,MEDIUM,MEDIUM,Travel reminder,Send automated reminder closer to travel date.,Keep customer engaged and reduce avoidable cancellations.
UNKNOWN,UNKNOWN,45.73,MEDIUM,MEDIUM,Travel reminder,Send automated reminder closer to travel date.,Keep customer engaged and reduce avoidable cancellations.
UNKNOWN,UNKNOWN,48.72,MEDIUM,MEDIUM,Travel reminder,Send automated reminder closer to travel date.,Keep customer engaged and reduce avoidable cancellations.
UNKNOWN,UNKNOWN,53.04,MEDIUM,MEDIUM,Travel reminder,Send automated reminder closer to travel date.,Keep customer engaged and reduce avoidable cancellations.
UNKNOWN,UNKNOWN,44.25,MEDIUM,MEDIUM,Travel reminder,Send automated reminder closer to travel date.,Keep customer engaged and reduce avoidable cancellations.
UNKNOWN,UNKNOWN,54.26,MEDIUM,MEDIUM,Travel reminder,Send automated reminder closer to travel date.,Keep customer engaged and reduce avoidable cancellations.
UNKNOWN,UNKNOWN,48.41,MEDIUM,MEDIUM,Travel reminder,Send automated reminder closer to travel date.,Keep customer engaged and reduce avoidable cancellations.
UNKNOWN,UNKNOWN,47.33,MEDIUM,MEDIUM,Travel reminder,Send automated reminder closer to travel date.,Keep customer engaged and reduce avoidable cancellations.
UNKNOWN,UNKNOWN,53.29,MEDIUM,MEDIUM,Travel reminder,Send automated reminder closer to travel date.,Keep customer engaged and reduce avoidable cancellations.
UNKNOWN,UNKNOWN,51.38,MEDIUM,MEDIUM,Travel reminder,Send automated reminder closer to travel date.,Keep customer engaged and reduce avoidable cancellations.
UNKNOWN,UNKNOWN,50.09,MEDIUM,MEDIUM,Travel reminder,Send automated reminder closer to travel date.,Keep customer engaged and reduce avoidable cancellations.
UNKNOWN,UNKNOWN,46.42,MEDIUM,MEDIUM,Travel reminder,Send automated reminder closer to travel date.,Keep customer engaged and reduce avoidable cancellations.
UNKNOWN,UNKNOWN,49.03,MEDIUM,MEDIUM,Travel reminder,Send automated reminder closer to travel date.,Keep customer engaged and reduce avoidable cancellations.
UNKNOWN,UNKNOWN,42.4,MEDIUM,MEDIUM,Travel reminder,Send automated reminder closer to travel date.,Keep customer engaged and reduce avoidable cancellations.
UNKNOWN,UNKNOWN,53.28,MEDIUM,MEDIUM,Travel reminder,Send automated reminder closer to travel date.,Keep customer engaged and reduce avoidable cancellations.
UNKNOWN,UNKNOWN,47.77,MEDIUM,MEDIUM,Travel reminder,Send automated reminder closer to travel date.,Keep customer engaged and reduce avoidable cancellations.
UNKNOWN,UNKNOWN,46.17,MEDIUM,MEDIUM,Travel reminder,Send automated reminder closer to travel date.,Keep customer engaged and reduce avoidable cancellations.
UNKNOWN,UNKNOWN,46.04,MEDIUM,MEDIUM,Travel reminder,Send automated reminder closer to travel date.,Keep customer engaged and reduce avoidable cancellations.
UNKNOWN,UNKNOWN,47.75,MEDIUM,MEDIUM,Travel reminder,Send automated reminder closer to travel date.,Keep customer engaged and reduce avoidable cancellations.
UNKNOWN,UNKNOWN,45.41,MEDIUM,MEDIUM,Travel reminder,Send automated reminder closer to travel date.,Keep customer engaged and reduce avoidable cancellations.
UNKNOWN,UNKNOWN,48.72,MEDIUM,MEDIUM,Travel reminder,Send automated reminder closer to travel date.,Keep customer engaged and reduce avoidable cancellations.
UNKNOWN,UNKNOWN,56.34,MEDIUM,MEDIUM,Travel reminder,Send automated reminder closer to travel date.,Keep customer engaged and reduce avoidable cancellations.
UNKNOWN,UNKNOWN,50.18,MEDIUM,MEDIUM,Travel reminder,Send automated reminder closer to travel date.,Keep customer engaged and reduce avoidable cancellations.
UNKNOWN,UNKNOWN,48.35,MEDIUM,MEDIUM,Travel reminder,Send automated reminder closer to travel date.,Keep customer engaged and reduce avoidable cancellations.
UNKNOWN,UNKNOWN,49.85,MEDIUM,MEDIUM,Travel reminder,Send automated reminder closer to travel date.,Keep customer engaged and reduce avoidable cancellations.
UNKNOWN,UNKNOWN,46.46,MEDIUM,MEDIUM,Travel reminder,Send automated reminder closer to travel date.,Keep customer engaged and reduce avoidable cancellations.
UNKNOWN,UNKNOWN,38.92,MEDIUM,MEDIUM,Travel reminder,Send automated reminder closer to travel date.,Keep customer engaged and reduce avoidable cancellations.
UNKNOWN,UNKNOWN,49.51,MEDIUM,MEDIUM,Travel reminder,Send automated reminder closer to travel date.,Keep customer engaged and reduce avoidable cancellations.
UNKNOWN,UNKNOWN,47.63,MEDIUM,MEDIUM,Travel reminder,Send automated reminder closer to travel date.,Keep customer engaged and reduce avoidable cancellations.
UNKNOWN,UNKNOWN,51.8,MEDIUM,MEDIUM,Travel reminder,Send automated reminder closer to travel date.,Keep customer engaged and reduce avoidable cancellations.
UNKNOWN,UNKNOWN,46.04,MEDIUM,MEDIUM,Travel reminder,Send automated reminder closer to travel date.,Keep customer engaged and reduce avoidable cancellations.
UNKNOWN,UNKNOWN,53.4,MEDIUM,MEDIUM,Travel reminder,Send automated reminder closer to travel date.,Keep customer engaged and reduce avoidable cancellations.
UNKNOWN,UNKNOWN,52.23,MEDIUM,MEDIUM,Travel reminder,Send automated reminder closer to travel date.,Keep customer engaged and reduce avoidable cancellations.
UNKNOWN,UNKNOWN,46.83,MEDIUM,MEDIUM,Travel reminder,Send automated reminder closer to travel date.,Keep customer engaged and reduce avoidable cancellations.
UNKNOWN,UNKNOWN,46.41,MEDIUM,MEDIUM,Travel reminder,Send automated reminder closer to travel date.,Keep customer engaged and reduce avoidable cancellations.
UNKNOWN,UNKNOWN,49.42,MEDIUM,MEDIUM,Travel reminder,Send automated reminder closer to travel date.,Keep customer engaged and reduce avoidable cancellations.
UNKNOWN,UNKNOWN,50.47,MEDIUM,MEDIUM,Travel reminder,Send automated reminder closer to travel date.,Keep customer engaged and reduce avoidable cancellations.
UNKNOWN,UNKNOWN,48.53,MEDIUM,MEDIUM,Travel reminder,Send automated reminder closer to travel date.,Keep customer engaged and reduce avoidable cancellations.
UNKNOWN,UNKNOWN,51.23,MEDIUM,MEDIUM,Travel reminder,Send automated reminder closer to travel date.,Keep customer engaged and reduce avoidable cancellations.
UNKNOWN,UNKNOWN,49.02,MEDIUM,MEDIUM,Travel reminder,Send automated reminder closer to travel date.,Keep customer engaged and reduce avoidable cancellations.
UNKNOWN,UNKNOWN,56.18,MEDIUM,MEDIUM,Travel reminder,Send automated reminder closer to travel date.,Keep customer engaged and reduce avoidable cancellations.
UNKNOWN,UNKNOWN,51.81,MEDIUM,MEDIUM,Travel reminder,Send automated reminder closer to travel date.,Keep customer engaged and reduce avoidable cancellations.
UNKNOWN,UNKNOWN,48.61,MEDIUM,MEDIUM,Travel reminder,Send automated reminder closer to travel date.,Keep customer engaged and reduce avoidable cancellations.
UNKNOWN,UNKNOWN,51.87,MEDIUM,MEDIUM,Travel reminder,Send automated reminder closer to travel date.,Keep customer engaged and reduce avoidable cancellations.
UNKNOWN,UNKNOWN,52.65,MEDIUM,MEDIUM,Travel reminder,Send automated reminder closer to travel date.,Keep customer engaged and reduce avoidable cancellations.
UNKNOWN,UNKNOWN,52.39,MEDIUM,MEDIUM,Travel reminder,Send automated reminder closer to travel date.,Keep customer engaged and reduce avoidable cancellations.
UNKNOWN,UNKNOWN,47.13,MEDIUM,MEDIUM,Travel reminder,Send automated reminder closer to travel date.,Keep customer engaged and reduce avoidable cancellations.
UNKNOWN,UNKNOWN,50.31,MEDIUM,MEDIUM,Travel reminder,Send automated reminder closer to travel date.,Keep customer engaged and reduce avoidable cancellations.
UNKNOWN,UNKNOWN,48.15,MEDIUM,MEDIUM,Travel reminder,Send automated reminder closer to travel date.,Keep customer engaged and reduce avoidable cancellations.
UNKNOWN,UNKNOWN,41.04,MEDIUM,MEDIUM,Travel reminder,Send automated reminder closer to travel date.,Keep customer engaged and reduce avoidable cancellations.
UNKNOWN,UNKNOWN,47.11,MEDIUM,MEDIUM,Travel reminder,Send automated reminder closer to travel date.,Keep customer engaged and reduce avoidable cancellations.
UNKNOWN,UNKNOWN,44.24,MEDIUM,MEDIUM,Travel reminder,Send automated reminder closer to travel date.,Keep customer engaged and reduce avoidable cancellations.
UNKNOWN,UNKNOWN,47.74,MEDIUM,MEDIUM,Travel reminder,Send automated reminder closer to travel date.,Keep customer engaged and reduce avoidable cancellations.
UNKNOWN,UNKNOWN,48.38,MEDIUM,MEDIUM,Travel reminder,Send automated reminder closer to travel date.,Keep customer engaged and reduce avoidable cancellations.
UNKNOWN,UNKNOWN,53.53,MEDIUM,MEDIUM,Travel reminder,Send automated reminder closer to travel date.,Keep customer engaged and reduce avoidable cancellations.
UNKNOWN,UNKNOWN,50.58,MEDIUM,MEDIUM,Travel reminder,Send automated reminder closer to travel date.,Keep customer engaged and reduce avoidable cancellations.
UNKNOWN,UNKNOWN,48.54,MEDIUM,MEDIUM,Travel reminder,Send automated reminder closer to travel date.,Keep customer engaged and reduce avoidable cancellations.
UNKNOWN,UNKNOWN,57.98,MEDIUM,MEDIUM,Travel reminder,Send automated reminder closer to travel date.,Keep customer engaged and reduce avoidable cancellations.
UNKNOWN,UNKNOWN,46.11,MEDIUM,MEDIUM,Travel reminder,Send automated reminder closer to travel date.,Keep customer engaged and reduce avoidable cancellations.
UNKNOWN,UNKNOWN,49.44,MEDIUM,MEDIUM,Travel reminder,Send automated reminder closer to travel date.,Keep customer engaged and reduce avoidable cancellations.
UNKNOWN,UNKNOWN,52.95,MEDIUM,MEDIUM,Travel reminder,Send automated reminder closer to travel date.,Keep customer engaged and reduce avoidable cancellations.
UNKNOWN,UNKNOWN,47.93,MEDIUM,MEDIUM,Travel reminder,Send automated reminder closer to travel date.,Keep customer engaged and reduce avoidable cancellations.
UNKNOWN,UNKNOWN,49.95,MEDIUM,MEDIUM,Travel reminder,Send automated reminder closer to travel date.,Keep customer engaged and reduce avoidable cancellations.
UNKNOWN,UNKNOWN,55.91,MEDIUM,MEDIUM,Travel reminder,Send automated reminder closer to travel date.,Keep customer engaged and reduce avoidable cancellations.
UNKNOWN,UNKNOWN,49.16,MEDIUM,MEDIUM,Travel reminder,Send automated reminder closer to travel date.,Keep customer engaged and reduce avoidable cancellations.
UNKNOWN,UNKNOWN,44.24,MEDIUM,MEDIUM,Travel reminder,Send automated reminder closer to travel date.,Keep customer engaged and reduce avoidable cancellations.
UNKNOWN,UNKNOWN,51.46,MEDIUM,MEDIUM,Travel reminder,Send automated reminder closer to travel date.,Keep customer engaged and reduce avoidable cancellations.
UNKNOWN,UNKNOWN,45.98,MEDIUM,MEDIUM,Travel reminder,Send automated reminder closer to travel date.,Keep customer engaged and reduce avoidable cancellations.
UNKNOWN,UNKNOWN,48.16,MEDIUM,MEDIUM,Travel reminder,Send automated reminder closer to travel date.,Keep customer engaged and reduce avoidable cancellations.
UNKNOWN,UNKNOWN,48.39,MEDIUM,MEDIUM,Travel reminder,Send automated reminder closer to travel date.,Keep customer engaged and reduce avoidable cancellations.
UNKNOWN,UNKNOWN,43.43,MEDIUM,MEDIUM,Travel reminder,Send automated reminder closer to travel date.,Keep customer engaged and reduce avoidable cancellations.
UNKNOWN,UNKNOWN,48.02,MEDIUM,MEDIUM,Travel reminder,Send automated reminder closer to travel date.,Keep customer engaged and reduce avoidable cancellations.
UNKNOWN,UNKNOWN,45.41,MEDIUM,MEDIUM,Travel reminder,Send automated reminder closer to travel date.,Keep customer engaged and reduce avoidable cancellations.
UNKNOWN,UNKNOWN,47.32,MEDIUM,MEDIUM,Travel reminder,Send automated reminder closer to travel date.,Keep customer engaged and reduce avoidable cancellations.
UNKNOWN,UNKNOWN,52.23,MEDIUM,MEDIUM,Travel reminder,Send automated reminder closer to travel date.,Keep customer engaged and reduce avoidable cancellations.
UNKNOWN,UNKNOWN,51.23,MEDIUM,MEDIUM,Travel reminder,Send automated reminder closer to travel date.,Keep customer engaged and reduce avoidable cancellations.
UNKNOWN,UNKNOWN,52.54,MEDIUM,MEDIUM,Travel reminder,Send automated reminder closer to travel date.,Keep customer engaged and reduce avoidable cancellations.
UNKNOWN,UNKNOWN,50.34,MEDIUM,MEDIUM,Travel reminder,Send automated reminder closer to travel date.,Keep customer engaged and reduce avoidable cancellations.
UNKNOWN,UNKNOWN,51.12,MEDIUM,MEDIUM,Travel reminder,Send automated reminder closer to travel date.,Keep customer engaged and reduce avoidable cancellations.
UNKNOWN,UNKNOWN,57.11,MEDIUM,MEDIUM,Travel reminder,Send automated reminder closer to travel date.,Keep customer engaged and reduce avoidable cancellations.
UNKNOWN,UNKNOWN,41.97,MEDIUM,MEDIUM,Travel reminder,Send automated reminder closer to travel date.,Keep customer engaged and reduce avoidable cancellations.
UNKNOWN,UNKNOWN,44.69,MEDIUM,MEDIUM,Travel reminder,Send automated reminder closer to travel date.,Keep customer engaged and reduce avoidable cancellations.
UNKNOWN,UNKNOWN,53.65,MEDIUM,MEDIUM,Travel reminder,Send automated reminder closer to travel date.,Keep customer engaged and reduce avoidable cancellations.
UNKNOWN,UNKNOWN,56.19,MEDIUM,MEDIUM,Travel reminder,Send automated reminder closer to travel date.,Keep customer engaged and reduce avoidable cancellations.
UNKNOWN,UNKNOWN,48.97,MEDIUM,MEDIUM,Travel reminder,Send automated reminder closer to travel date.,Keep customer engaged and reduce avoidable cancellations.
UNKNOWN,UNKNOWN,49.47,MEDIUM,MEDIUM,Travel reminder,Send automated reminder closer to travel date.,Keep customer engaged and reduce avoidable cancellations.
UNKNOWN,UNKNOWN,53.97,MEDIUM,MEDIUM,Travel reminder,Send automated reminder closer to travel date.,Keep customer engaged and reduce avoidable cancellations.
UNKNOWN,UNKNOWN,48.69,MEDIUM,MEDIUM,Travel reminder,Send automated reminder closer to travel date.,Keep customer engaged and reduce avoidable cancellations.
UNKNOWN,UNKNOWN,51.22,MEDIUM,MEDIUM,Travel reminder,Send automated reminder closer to travel date.,Keep customer engaged and reduce avoidable cancellations.
UNKNOWN,UNKNOWN,48.95,MEDIUM,MEDIUM,Travel reminder,Send automated reminder closer to travel date.,Keep customer engaged and reduce avoidable cancellations.
UNKNOWN,UNKNOWN,45.63,MEDIUM,MEDIUM,Travel reminder,Send automated reminder closer to travel date.,Keep customer engaged and reduce avoidable cancellations.
UNKNOWN,UNKNOWN,50.06,MEDIUM,MEDIUM,Travel reminder,Send automated reminder closer to travel date.,Keep customer engaged and reduce avoidable cancellations.
UNKNOWN,UNKNOWN,46.28,MEDIUM,MEDIUM,Travel reminder,Send automated reminder closer to travel date.,Keep customer engaged and reduce avoidable cancellations.
UNKNOWN,UNKNOWN,49.64,MEDIUM,MEDIUM,Travel reminder,Send automated reminder closer to travel date.,Keep customer engaged and reduce avoidable cancellations.
UNKNOWN,UNKNOWN,48.78,MEDIUM,MEDIUM,Travel reminder,Send automated reminder closer to travel date.,Keep customer engaged and reduce avoidable cancellations.
UNKNOWN,UNKNOWN,53.91,MEDIUM,MEDIUM,Travel reminder,Send automated reminder closer to travel date.,Keep customer engaged and reduce avoidable cancellations.
UNKNOWN,UNKNOWN,45.29,MEDIUM,MEDIUM,Travel reminder,Send automated reminder closer to travel date.,Keep customer engaged and reduce avoidable cancellations.
UNKNOWN,UNKNOWN,54.0,MEDIUM,MEDIUM,Travel reminder,Send automated reminder closer to travel date.,Keep customer engaged and reduce avoidable cancellations.
UNKNOWN,UNKNOWN,51.44,MEDIUM,MEDIUM,Travel reminder,Send automated reminder closer to travel date.,Keep customer engaged and reduce avoidable cancellations.
UNKNOWN,UNKNOWN,47.74,MEDIUM,MEDIUM,Travel reminder,Send automated reminder closer to travel date.,Keep customer engaged and reduce avoidable cancellations.
UNKNOWN,UNKNOWN,45.6,MEDIUM,MEDIUM,Travel reminder,Send automated reminder closer to travel date.,Keep customer engaged and reduce avoidable cancellations.
UNKNOWN,UNKNOWN,54.33,MEDIUM,MEDIUM,Travel reminder,Send automated reminder closer to travel date.,Keep customer engaged and reduce avoidable cancellations.
UNKNOWN,UNKNOWN,51.86,MEDIUM,MEDIUM,Travel reminder,Send automated reminder closer to travel date.,Keep customer engaged and reduce avoidable cancellations.
UNKNOWN,UNKNOWN,50.89,MEDIUM,MEDIUM,Travel reminder,Send automated reminder closer to travel date.,Keep customer engaged and reduce avoidable cancellations.
UNKNOWN,UNKNOWN,50.79,MEDIUM,MEDIUM,Travel reminder,Send automated reminder closer to travel date.,Keep customer engaged and reduce avoidable cancellations.
UNKNOWN,UNKNOWN,43.0,MEDIUM,MEDIUM,Travel reminder,Send automated reminder closer to travel date.,Keep customer engaged and reduce avoidable cancellations.
UNKNOWN,UNKNOWN,52.37,MEDIUM,MEDIUM,Travel reminder,Send automated reminder closer to travel date.,Keep customer engaged and reduce avoidable cancellations.
UNKNOWN,UNKNOWN,51.3,MEDIUM,MEDIUM,Travel reminder,Send automated reminder closer to travel date.,Keep customer engaged and reduce avoidable cancellations.
UNKNOWN,UNKNOWN,52.28,MEDIUM,MEDIUM,Travel reminder,Send automated reminder closer to travel date.,Keep customer engaged and reduce avoidable cancellations.
UNKNOWN,UNKNOWN,53.86,MEDIUM,MEDIUM,Travel reminder,Send automated reminder closer to travel date.,Keep customer engaged and reduce avoidable cancellations.
UNKNOWN,UNKNOWN,47.53,MEDIUM,MEDIUM,Travel reminder,Send automated reminder closer to travel date.,Keep customer engaged and reduce avoidable cancellations.
UNKNOWN,UNKNOWN,56.03,MEDIUM,MEDIUM,Travel reminder,Send automated reminder closer to travel date.,Keep customer engaged and reduce avoidable cancellations.
UNKNOWN,UNKNOWN,46.16,MEDIUM,MEDIUM,Travel reminder,Send automated reminder closer to travel date.,Keep customer engaged and reduce avoidable cancellations.
UNKNOWN,UNKNOWN,49.17,MEDIUM,MEDIUM,Travel reminder,Send automated reminder closer to travel date.,Keep customer engaged and reduce avoidable cancellations.
UNKNOWN,UNKNOWN,51.45,MEDIUM,MEDIUM,Travel reminder,Send automated reminder closer to travel date.,Keep customer engaged and reduce avoidable cancellations.
UNKNOWN,UNKNOWN,44.72,MEDIUM,MEDIUM,Travel reminder,Send automated reminder closer to travel date.,Keep customer engaged and reduce avoidable cancellations.
UNKNOWN,UNKNOWN,51.57,MEDIUM,MEDIUM,Travel reminder,Send automated reminder closer to travel date.,Keep customer engaged and reduce avoidable cancellations.
UNKNOWN,UNKNOWN,50.01,MEDIUM,MEDIUM,Travel reminder,Send automated reminder closer to travel date.,Keep customer engaged and reduce avoidable cancellations.
UNKNOWN,UNKNOWN,48.68,MEDIUM,MEDIUM,Travel reminder,Send automated reminder closer to travel date.,Keep customer engaged and reduce avoidable cancellations.
UNKNOWN,UNKNOWN,50.35,MEDIUM,MEDIUM,Travel reminder,Send automated reminder closer to travel date.,Keep customer engaged and reduce avoidable cancellations.
UNKNOWN,UNKNOWN,50.53,MEDIUM,MEDIUM,Travel reminder,Send automated reminder closer to travel date.,Keep customer engaged and reduce avoidable cancellations.
UNKNOWN,UNKNOWN,49.89,MEDIUM,MEDIUM,Travel reminder,Send automated reminder closer to travel date.,Keep customer engaged and reduce avoidable cancellations.
UNKNOWN,UNKNOWN,52.02,MEDIUM,MEDIUM,Travel reminder,Send automated reminder closer to travel date.,Keep customer engaged and reduce avoidable cancellations.
UNKNOWN,UNKNOWN,47.5,MEDIUM,MEDIUM,Travel reminder,Send automated reminder closer to travel date.,Keep customer engaged and reduce avoidable cancellations.
UNKNOWN,UNKNOWN,48.32,MEDIUM,MEDIUM,Travel reminder,Send automated reminder closer to travel date.,Keep customer engaged and reduce avoidable cancellations.
UNKNOWN,UNKNOWN,50.09,MEDIUM,MEDIUM,Travel reminder,Send automated reminder closer to travel date.,Keep customer engaged and reduce avoidable cancellations.
UNKNOWN,UNKNOWN,48.96,MEDIUM,MEDIUM,Travel reminder,Send automated reminder closer to travel date.,Keep customer engaged and reduce avoidable cancellations.
UNKNOWN,UNKNOWN,55.38,MEDIUM,MEDIUM,Travel reminder,Send automated reminder closer to travel date.,Keep customer engaged and reduce avoidable cancellations.
UNKNOWN,UNKNOWN,46.15,MEDIUM,MEDIUM,Travel reminder,Send automated reminder closer to travel date.,Keep customer engaged and reduce avoidable cancellations.
UNKNOWN,UNKNOWN,52.02,MEDIUM,MEDIUM,Travel reminder,Send automated reminder closer to travel date.,Keep customer engaged and reduce avoidable cancellations.
UNKNOWN,UNKNOWN,52.01,MEDIUM,MEDIUM,Travel reminder,Send automated reminder closer to travel date.,Keep customer engaged and reduce avoidable cancellations.
UNKNOWN,UNKNOWN,52.59,MEDIUM,MEDIUM,Travel reminder,Send automated reminder closer to travel date.,Keep customer engaged and reduce avoidable cancellations.
UNKNOWN,UNKNOWN,47.84,MEDIUM,MEDIUM,Travel reminder,Send automated reminder closer to travel date.,Keep customer engaged and reduce avoidable cancellations.
UNKNOWN,UNKNOWN,44.66,MEDIUM,MEDIUM,Travel reminder,Send automated reminder closer to travel date.,Keep customer engaged and reduce avoidable cancellations.
UNKNOWN,UNKNOWN,49.76,MEDIUM,MEDIUM,Travel reminder,Send automated reminder closer to travel date.,Keep customer engaged and reduce avoidable cancellations.
UNKNOWN,UNKNOWN,47.13,MEDIUM,MEDIUM,Travel reminder,Send automated reminder closer to travel date.,Keep customer engaged and reduce avoidable cancellations.
UNKNOWN,UNKNOWN,51.68,MEDIUM,MEDIUM,Travel reminder,Send automated reminder closer to travel date.,Keep customer engaged and reduce avoidable cancellations.
UNKNOWN,UNKNOWN,51.99,MEDIUM,MEDIUM,Travel reminder,Send automated reminder closer to travel date.,Keep customer engaged and reduce avoidable cancellations.
UNKNOWN,UNKNOWN,52.05,MEDIUM,MEDIUM,Travel reminder,Send automated reminder closer to travel date.,Keep customer engaged and reduce avoidable cancellations.
UNKNOWN,UNKNOWN,47.81,MEDIUM,MEDIUM,Travel reminder,Send automated reminder closer to travel date.,Keep customer engaged and reduce avoidable cancellations.
UNKNOWN,UNKNOWN,50.32,MEDIUM,MEDIUM,Travel reminder,Send automated reminder closer to travel date.,Keep customer engaged and reduce avoidable cancellations.
UNKNOWN,UNKNOWN,49.98,MEDIUM,MEDIUM,Travel reminder,Send automated reminder closer to travel date.,Keep customer engaged and reduce avoidable cancellations.
UNKNOWN,UNKNOWN,49.66,MEDIUM,MEDIUM,Travel reminder,Send automated reminder closer to travel date.,Keep customer engaged and reduce avoidable cancellations.
UNKNOWN,UNKNOWN,49.16,MEDIUM,MEDIUM,Travel reminder,Send automated reminder closer to travel date.,Keep customer engaged and reduce avoidable cancellations.
UNKNOWN,UNKNOWN,53.01,MEDIUM,MEDIUM,Travel reminder,Send automated reminder closer to travel date.,Keep customer engaged and reduce avoidable cancellations.
UNKNOWN,UNKNOWN,52.32,MEDIUM,MEDIUM,Travel reminder,Send automated reminder closer to travel date.,Keep customer engaged and reduce avoidable cancellations.
UNKNOWN,UNKNOWN,46.99,MEDIUM,MEDIUM,Travel reminder,Send automated reminder closer to travel date.,Keep customer engaged and reduce avoidable cancellations.
UNKNOWN,UNKNOWN,50.09,MEDIUM,MEDIUM,Travel reminder,Send automated reminder closer to travel date.,Keep customer engaged and reduce avoidable cancellations.
UNKNOWN,UNKNOWN,50.43,MEDIUM,MEDIUM,Travel reminder,Send automated reminder closer to travel date.,Keep customer engaged and reduce avoidable cancellations.
UNKNOWN,UNKNOWN,52.75,MEDIUM,MEDIUM,Travel reminder,Send automated reminder closer to travel date.,Keep customer engaged and reduce avoidable cancellations.
UNKNOWN,UNKNOWN,44.08,MEDIUM,MEDIUM,Travel reminder,Send automated reminder closer to travel date.,Keep customer engaged and reduce avoidable cancellations.
UNKNOWN,UNKNOWN,51.86,MEDIUM,MEDIUM,Travel reminder,Send automated reminder closer to travel date.,Keep customer engaged and reduce avoidable cancellations.
UNKNOWN,UNKNOWN,43.92,MEDIUM,MEDIUM,Travel reminder,Send automated reminder closer to travel date.,Keep customer engaged and reduce avoidable cancellations.
UNKNOWN,UNKNOWN,46.56,MEDIUM,MEDIUM,Travel reminder,Send automated reminder closer to travel date.,Keep customer engaged and reduce avoidable cancellations.
UNKNOWN,UNKNOWN,51.56,MEDIUM,MEDIUM,Travel reminder,Send automated reminder closer to travel date.,Keep customer engaged and reduce avoidable cancellations.
UNKNOWN,UNKNOWN,50.18,MEDIUM,MEDIUM,Travel reminder,Send automated reminder closer to travel date.,Keep customer engaged and reduce avoidable cancellations.
UNKNOWN,UNKNOWN,43.91,MEDIUM,MEDIUM,Travel reminder,Send automated reminder closer to travel date.,Keep customer engaged and reduce avoidable cancellations.
UNKNOWN,UNKNOWN,46.76,MEDIUM,MEDIUM,Travel reminder,Send automated reminder closer to travel date.,Keep customer engaged and reduce avoidable cancellations.
UNKNOWN,UNKNOWN,51.11,MEDIUM,MEDIUM,Travel reminder,Send automated reminder closer to travel date.,Keep customer engaged and reduce avoidable cancellations.
UNKNOWN,UNKNOWN,48.37,MEDIUM,MEDIUM,Travel reminder,Send automated reminder closer to travel date.,Keep customer engaged and reduce avoidable cancellations.
UNKNOWN,UNKNOWN,50.07,MEDIUM,MEDIUM,Travel reminder,Send automated reminder closer to travel date.,Keep customer engaged and reduce avoidable cancellations.
UNKNOWN,UNKNOWN,49.3,MEDIUM,MEDIUM,Travel reminder,Send automated reminder closer to travel date.,Keep customer engaged and reduce avoidable cancellations.
UNKNOWN,UNKNOWN,49.13,MEDIUM,MEDIUM,Travel reminder,Send automated reminder closer to travel date.,Keep customer engaged and reduce avoidable cancellations.
UNKNOWN,UNKNOWN,51.87,MEDIUM,MEDIUM,Travel reminder,Send automated reminder closer to travel date.,Keep customer engaged and reduce avoidable cancellations.
UNKNOWN,UNKNOWN,50.49,MEDIUM,MEDIUM,Travel reminder,Send automated reminder closer to travel date.,Keep customer engaged and reduce avoidable cancellations.
UNKNOWN,UNKNOWN,51.6,MEDIUM,MEDIUM,Travel reminder,Send automated reminder closer to travel date.,Keep customer engaged and reduce avoidable cancellations.
UNKNOWN,UNKNOWN,51.62,MEDIUM,MEDIUM,Travel reminder,Send automated reminder closer to travel date.,Keep customer engaged and reduce avoidable cancellations.
UNKNOWN,UNKNOWN,52.14,MEDIUM,MEDIUM,Travel reminder,Send automated reminder closer to travel date.,Keep customer engaged and reduce avoidable cancellations.
UNKNOWN,UNKNOWN,44.28,MEDIUM,MEDIUM,Travel reminder,Send automated reminder closer to travel date.,Keep customer engaged and reduce avoidable cancellations.
UNKNOWN,UNKNOWN,49.07,MEDIUM,MEDIUM,Travel reminder,Send automated reminder closer to travel date.,Keep customer engaged and reduce avoidable cancellations.
UNKNOWN,UNKNOWN,53.21,MEDIUM,MEDIUM,Travel reminder,Send automated reminder closer to travel date.,Keep customer engaged and reduce avoidable cancellations.
UNKNOWN,UNKNOWN,45.98,MEDIUM,MEDIUM,Travel reminder,Send automated reminder closer to travel date.,Keep customer engaged and reduce avoidable cancellations.
UNKNOWN,UNKNOWN,51.75,MEDIUM,MEDIUM,Travel reminder,Send automated reminder closer to travel date.,Keep customer engaged and reduce avoidable cancellations.
UNKNOWN,UNKNOWN,44.33,MEDIUM,MEDIUM,Travel reminder,Send automated reminder closer to travel date.,Keep customer engaged and reduce avoidable cancellations.
UNKNOWN,UNKNOWN,54.46,MEDIUM,MEDIUM,Travel reminder,Send automated reminder closer to travel date.,Keep customer engaged and reduce avoidable cancellations.
UNKNOWN,UNKNOWN,49.68,MEDIUM,MEDIUM,Travel reminder,Send automated reminder closer to travel date.,Keep customer engaged and reduce avoidable cancellations.
UNKNOWN,UNKNOWN,52.1,MEDIUM,MEDIUM,Travel reminder,Send automated reminder closer to travel date.,Keep customer engaged and reduce avoidable cancellations.
UNKNOWN,UNKNOWN,56.51,MEDIUM,MEDIUM,Travel reminder,Send automated reminder closer to travel date.,Keep customer engaged and reduce avoidable cancellations.
UNKNOWN,UNKNOWN,53.7,MEDIUM,MEDIUM,Travel reminder,Send automated reminder closer to travel date.,Keep customer engaged and reduce avoidable cancellations.
UNKNOWN,UNKNOWN,52.16,MEDIUM,MEDIUM,Travel reminder,Send automated reminder closer to travel date.,Keep customer engaged and reduce avoidable cancellations.
UNKNOWN,UNKNOWN,49.89,MEDIUM,MEDIUM,Travel reminder,Send automated reminder closer to travel date.,Keep customer engaged and reduce avoidable cancellations.
UNKNOWN,UNKNOWN,54.78,MEDIUM,MEDIUM,Travel reminder,Send automated reminder closer to travel date.,Keep customer engaged and reduce avoidable cancellations.
UNKNOWN,UNKNOWN,49.5,MEDIUM,MEDIUM,Travel reminder,Send automated reminder closer to travel date.,Keep customer engaged and reduce avoidable cancellations.
UNKNOWN,UNKNOWN,47.32,MEDIUM,MEDIUM,Travel reminder,Send automated reminder closer to travel date.,Keep customer engaged and reduce avoidable cancellations.
UNKNOWN,UNKNOWN,53.34,MEDIUM,MEDIUM,Travel reminder,Send automated reminder closer to travel date.,Keep customer engaged and reduce avoidable cancellations.
UNKNOWN,UNKNOWN,46.41,MEDIUM,MEDIUM,Travel reminder,Send automated reminder closer to travel date.,Keep customer engaged and reduce avoidable cancellations.
UNKNOWN,UNKNOWN,43.38,MEDIUM,MEDIUM,Travel reminder,Send automated reminder closer to travel date.,Keep customer engaged and reduce avoidable cancellations.
UNKNOWN,UNKNOWN,47.43,MEDIUM,MEDIUM,Travel reminder,Send automated reminder closer to travel date.,Keep customer engaged and reduce avoidable cancellations.
UNKNOWN,UNKNOWN,52.77,MEDIUM,MEDIUM,Travel reminder,Send automated reminder closer to travel date.,Keep customer engaged and reduce avoidable cancellations.
UNKNOWN,UNKNOWN,47.4,MEDIUM,MEDIUM,Travel reminder,Send automated reminder closer to travel date.,Keep customer engaged and reduce avoidable cancellations.
UNKNOWN,UNKNOWN,49.1,MEDIUM,MEDIUM,Travel reminder,Send automated reminder closer to travel date.,Keep customer engaged and reduce avoidable cancellations.
UNKNOWN,UNKNOWN,46.13,MEDIUM,MEDIUM,Travel reminder,Send automated reminder closer to travel date.,Keep customer engaged and reduce avoidable cancellations.
UNKNOWN,UNKNOWN,54.09,MEDIUM,MEDIUM,Travel reminder,Send automated reminder closer to travel date.,Keep customer engaged and reduce avoidable cancellations.
UNKNOWN,UNKNOWN,52.79,MEDIUM,MEDIUM,Travel reminder,Send automated reminder closer to travel date.,Keep customer engaged and reduce avoidable cancellations.
UNKNOWN,UNKNOWN,44.56,MEDIUM,MEDIUM,Travel reminder,Send automated reminder closer to travel date.,Keep customer engaged and reduce avoidable cancellations.
UNKNOWN,UNKNOWN,49.54,MEDIUM,MEDIUM,Travel reminder,Send automated reminder closer to travel date.,Keep customer engaged and reduce avoidable cancellations.
UNKNOWN,UNKNOWN,52.95,MEDIUM,MEDIUM,Travel reminder,Send automated reminder closer to travel date.,Keep customer engaged and reduce avoidable cancellations.
UNKNOWN,UNKNOWN,49.53,MEDIUM,MEDIUM,Travel reminder,Send automated reminder closer to travel date.,Keep customer engaged and reduce avoidable cancellations.
UNKNOWN,UNKNOWN,49.5,MEDIUM,MEDIUM,Travel reminder,Send automated reminder closer to travel date.,Keep customer engaged and reduce avoidable cancellations.
UNKNOWN,UNKNOWN,50.75,MEDIUM,MEDIUM,Travel reminder,Send automated reminder closer to travel date.,Keep customer engaged and reduce avoidable cancellations.
UNKNOWN,UNKNOWN,48.56,MEDIUM,MEDIUM,Travel reminder,Send automated reminder closer to travel date.,Keep customer engaged and reduce avoidable cancellations.
UNKNOWN,UNKNOWN,49.6,MEDIUM,MEDIUM,Travel reminder,Send automated reminder closer to travel date.,Keep customer engaged and reduce avoidable cancellations.
UNKNOWN,UNKNOWN,51.95,MEDIUM,MEDIUM,Travel reminder,Send automated reminder closer to travel date.,Keep customer engaged and reduce avoidable cancellations.
UNKNOWN,UNKNOWN,46.81,MEDIUM,MEDIUM,Travel reminder,Send automated reminder closer to travel date.,Keep customer engaged and reduce avoidable cancellations.
UNKNOWN,UNKNOWN,56.02,MEDIUM,MEDIUM,Travel reminder,Send automated reminder closer to travel date.,Keep customer engaged and reduce avoidable cancellations.
UNKNOWN,UNKNOWN,48.54,MEDIUM,MEDIUM,Travel reminder,Send automated reminder closer to travel date.,Keep customer engaged and reduce avoidable cancellations.
UNKNOWN,UNKNOWN,49.68,MEDIUM,MEDIUM,Travel reminder,Send automated reminder closer to travel date.,Keep customer engaged and reduce avoidable cancellations.
UNKNOWN,UNKNOWN,47.56,MEDIUM,MEDIUM,Travel reminder,Send automated reminder closer to travel date.,Keep customer engaged and reduce avoidable cancellations.
UNKNOWN,UNKNOWN,52.45,MEDIUM,MEDIUM,Travel reminder,Send automated reminder closer to travel date.,Keep customer engaged and reduce avoidable cancellations.
UNKNOWN,UNKNOWN,50.73,MEDIUM,MEDIUM,Travel reminder,Send automated reminder closer to travel date.,Keep customer engaged and reduce avoidable cancellations.
UNKNOWN,UNKNOWN,50.75,MEDIUM,MEDIUM,Travel reminder,Send automated reminder closer to travel date.,Keep customer engaged and reduce avoidable cancellations.
UNKNOWN,UNKNOWN,55.78,MEDIUM,MEDIUM,Travel reminder,Send automated reminder closer to travel date.,Keep customer engaged and reduce avoidable cancellations.
UNKNOWN,UNKNOWN,47.95,MEDIUM,MEDIUM,Travel reminder,Send automated reminder closer to travel date.,Keep customer engaged and reduce avoidable cancellations.
UNKNOWN,UNKNOWN,52.79,MEDIUM,MEDIUM,Travel reminder,Send automated reminder closer to travel date.,Keep customer engaged and reduce avoidable cancellations.
UNKNOWN,UNKNOWN,50.12,MEDIUM,MEDIUM,Travel reminder,Send automated reminder closer to travel date.,Keep customer engaged and reduce avoidable cancellations.
UNKNOWN,UNKNOWN,54.07,MEDIUM,MEDIUM,Travel reminder,Send automated reminder closer to travel date.,Keep customer engaged and reduce avoidable cancellations.
UNKNOWN,UNKNOWN,55.37,MEDIUM,MEDIUM,Travel reminder,Send automated reminder closer to travel date.,Keep customer engaged and reduce avoidable cancellations.
UNKNOWN,UNKNOWN,52.8,MEDIUM,MEDIUM,Travel reminder,Send automated reminder closer to travel date.,Keep customer engaged and reduce avoidable cancellations.
UNKNOWN,UNKNOWN,50.01,MEDIUM,MEDIUM,Travel reminder,Send automated reminder closer to travel date.,Keep customer engaged and reduce avoidable cancellations.
UNKNOWN,UNKNOWN,47.84,MEDIUM,MEDIUM,Travel reminder,Send automated reminder closer to travel date.,Keep customer engaged and reduce avoidable cancellations.
UNKNOWN,UNKNOWN,54.33,MEDIUM,MEDIUM,Travel reminder,Send automated reminder closer to travel date.,Keep customer engaged and reduce avoidable cancellations.
UNKNOWN,UNKNOWN,49.29,MEDIUM,MEDIUM,Travel reminder,Send automated reminder closer to travel date.,Keep customer engaged and reduce avoidable cancellations.
UNKNOWN,UNKNOWN,53.82,MEDIUM,MEDIUM,Travel reminder,Send automated reminder closer to travel date.,Keep customer engaged and reduce avoidable cancellations.
UNKNOWN,UNKNOWN,44.63,MEDIUM,MEDIUM,Travel reminder,Send automated reminder closer to travel date.,Keep customer engaged and reduce avoidable cancellations.
UNKNOWN,UNKNOWN,49.08,MEDIUM,MEDIUM,Travel reminder,Send automated reminder closer to travel date.,Keep customer engaged and reduce avoidable cancellations.
UNKNOWN,UNKNOWN,52.33,MEDIUM,MEDIUM,Travel reminder,Send automated reminder closer to travel date.,Keep customer engaged and reduce avoidable cancellations.
UNKNOWN,UNKNOWN,49.74,MEDIUM,MEDIUM,Travel reminder,Send automated reminder closer to travel date.,Keep customer engaged and reduce avoidable cancellations.
UNKNOWN,UNKNOWN,51.05,MEDIUM,MEDIUM,Travel reminder,Send automated reminder closer to travel date.,Keep customer engaged and reduce avoidable cancellations.
UNKNOWN,UNKNOWN,50.77,MEDIUM,MEDIUM,Travel reminder,Send automated reminder closer to travel date.,Keep customer engaged and reduce avoidable cancellations.
UNKNOWN,UNKNOWN,52.7,MEDIUM,MEDIUM,Travel reminder,Send automated reminder closer to travel date.,Keep customer engaged and reduce avoidable cancellations.
UNKNOWN,UNKNOWN,54.51,MEDIUM,MEDIUM,Travel reminder,Send automated reminder closer to travel date.,Keep customer engaged and reduce avoidable cancellations.
UNKNOWN,UNKNOWN,52.02,MEDIUM,MEDIUM,Travel reminder,Send automated reminder closer to travel date.,Keep customer engaged and reduce avoidable cancellations.
UNKNOWN,UNKNOWN,46.83,MEDIUM,MEDIUM,Travel reminder,Send automated reminder closer to travel date.,Keep customer engaged and reduce avoidable cancellations.
UNKNOWN,UNKNOWN,54.93,MEDIUM,MEDIUM,Travel reminder,Send automated reminder closer to travel date.,Keep customer engaged and reduce avoidable cancellations.
UNKNOWN,UNKNOWN,42.39,MEDIUM,MEDIUM,Travel reminder,Send automated reminder closer to travel date.,Keep customer engaged and reduce avoidable cancellations.
UNKNOWN,UNKNOWN,48.81,MEDIUM,MEDIUM,Travel reminder,Send automated reminder closer to travel date.,Keep customer engaged and reduce avoidable cancellations.
UNKNOWN,UNKNOWN,46.7,MEDIUM,MEDIUM,Travel reminder,Send automated reminder closer to travel date.,Keep customer engaged and reduce avoidable cancellations.
UNKNOWN,UNKNOWN,46.62,MEDIUM,MEDIUM,Travel reminder,Send automated reminder closer to travel date.,Keep customer engaged and reduce avoidable cancellations.
UNKNOWN,UNKNOWN,51.58,MEDIUM,MEDIUM,Travel reminder,Send automated reminder closer to travel date.,Keep customer engaged and reduce avoidable cancellations.
UNKNOWN,UNKNOWN,48.56,MEDIUM,MEDIUM,Travel reminder,Send automated reminder closer to travel date.,Keep customer engaged and reduce avoidable cancellations.
UNKNOWN,UNKNOWN,51.92,MEDIUM,MEDIUM,Travel reminder,Send automated reminder closer to travel date.,Keep customer engaged and reduce avoidable cancellations.
UNKNOWN,UNKNOWN,49.13,MEDIUM,MEDIUM,Travel reminder,Send automated reminder closer to travel date.,Keep customer engaged and reduce avoidable cancellations.
UNKNOWN,UNKNOWN,51.27,MEDIUM,MEDIUM,Travel reminder,Send automated reminder closer to travel date.,Keep customer engaged and reduce avoidable cancellations.
UNKNOWN,UNKNOWN,52.96,MEDIUM,MEDIUM,Travel reminder,Send automated reminder closer to travel date.,Keep customer engaged and reduce avoidable cancellations.
UNKNOWN,UNKNOWN,52.79,MEDIUM,MEDIUM,Travel reminder,Send automated reminder closer to travel date.,Keep customer engaged and reduce avoidable cancellations.
UNKNOWN,UNKNOWN,47.52,MEDIUM,MEDIUM,Travel reminder,Send automated reminder closer to travel date.,Keep customer engaged and reduce avoidable cancellations.
UNKNOWN,UNKNOWN,60.14,HIGH,HIGH,Cancellation prevention campaign,Send personalized reminder and consider a targeted incentive.,Reduce high-probability cancellations.
UNKNOWN,UNKNOWN,51.94,MEDIUM,MEDIUM,Travel reminder,Send automated reminder closer to travel date.,Keep customer engaged and reduce avoidable cancellations.
UNKNOWN,UNKNOWN,53.3,MEDIUM,MEDIUM,Travel reminder,Send automated reminder closer to travel date.,Keep customer engaged and reduce avoidable cancellations.
UNKNOWN,UNKNOWN,41.56,MEDIUM,MEDIUM,Travel reminder,Send automated reminder closer to travel date.,Keep customer engaged and reduce avoidable cancellations.
UNKNOWN,UNKNOWN,49.22,MEDIUM,MEDIUM,Travel reminder,Send automated reminder closer to travel date.,Keep customer engaged and reduce avoidable cancellations.
UNKNOWN,UNKNOWN,53.22,MEDIUM,MEDIUM,Travel reminder,Send automated reminder closer to travel date.,Keep customer engaged and reduce avoidable cancellations.
UNKNOWN,UNKNOWN,57.71,MEDIUM,MEDIUM,Travel reminder,Send automated reminder closer to travel date.,Keep customer engaged and reduce avoidable cancellations.
UNKNOWN,UNKNOWN,52.23,MEDIUM,MEDIUM,Travel reminder,Send automated reminder closer to travel date.,Keep customer engaged and reduce avoidable cancellations.
UNKNOWN,UNKNOWN,49.4,MEDIUM,MEDIUM,Travel reminder,Send automated reminder closer to travel date.,Keep customer engaged and reduce avoidable cancellations.
UNKNOWN,UNKNOWN,52.5,MEDIUM,MEDIUM,Travel reminder,Send automated reminder closer to travel date.,Keep customer engaged and reduce avoidable cancellations.
UNKNOWN,UNKNOWN,44.13,MEDIUM,MEDIUM,Travel reminder,Send automated reminder closer to travel date.,Keep customer engaged and reduce avoidable cancellations.
UNKNOWN,UNKNOWN,48.33,MEDIUM,MEDIUM,Travel reminder,Send automated reminder closer to travel date.,Keep customer engaged and reduce avoidable cancellations.
UNKNOWN,UNKNOWN,46.96,MEDIUM,MEDIUM,Travel reminder,Send automated reminder closer to travel date.,Keep customer engaged and reduce avoidable cancellations.
UNKNOWN,UNKNOWN,43.13,MEDIUM,MEDIUM,Travel reminder,Send automated reminder closer to travel date.,Keep customer engaged and reduce avoidable cancellations.
UNKNOWN,UNKNOWN,49.69,MEDIUM,MEDIUM,Travel reminder,Send automated reminder closer to travel date.,Keep customer engaged and reduce avoidable cancellations.
UNKNOWN,UNKNOWN,56.25,MEDIUM,MEDIUM,Travel reminder,Send automated reminder closer to travel date.,Keep customer engaged and reduce avoidable cancellations.
UNKNOWN,UNKNOWN,53.79,MEDIUM,MEDIUM,Travel reminder,Send automated reminder closer to travel date.,Keep customer engaged and reduce avoidable cancellations.
UNKNOWN,UNKNOWN,52.66,MEDIUM,MEDIUM,Travel reminder,Send automated reminder closer to travel date.,Keep customer engaged and reduce avoidable cancellations.
UNKNOWN,UNKNOWN,49.73,MEDIUM,MEDIUM,Travel reminder,Send automated reminder closer to travel date.,Keep customer engaged and reduce avoidable cancellations.
UNKNOWN,UNKNOWN,49.26,MEDIUM,MEDIUM,Travel reminder,Send automated reminder closer to travel date.,Keep customer engaged and reduce avoidable cancellations.
UNKNOWN,UNKNOWN,50.9,MEDIUM,MEDIUM,Travel reminder,Send automated reminder closer to travel date.,Keep customer engaged and reduce avoidable cancellations.
UNKNOWN,UNKNOWN,47.49,MEDIUM,MEDIUM,Travel reminder,Send automated reminder closer to travel date.,Keep customer engaged and reduce avoidable cancellations.
UNKNOWN,UNKNOWN,50.28,MEDIUM,MEDIUM,Travel reminder,Send automated reminder closer to travel date.,Keep customer engaged and reduce avoidable cancellations.
UNKNOWN,UNKNOWN,49.64,MEDIUM,MEDIUM,Travel reminder,Send automated reminder closer to travel date.,Keep customer engaged and reduce avoidable cancellations.
UNKNOWN,UNKNOWN,50.76,MEDIUM,MEDIUM,Travel reminder,Send automated reminder closer to travel date.,Keep customer engaged and reduce avoidable cancellations.
UNKNOWN,UNKNOWN,47.34,MEDIUM,MEDIUM,Travel reminder,Send automated reminder closer to travel date.,Keep customer engaged and reduce avoidable cancellations.
UNKNOWN,UNKNOWN,47.41,MEDIUM,MEDIUM,Travel reminder,Send automated reminder closer to travel date.,Keep customer engaged and reduce avoidable cancellations.
UNKNOWN,UNKNOWN,48.17,MEDIUM,MEDIUM,Travel reminder,Send automated reminder closer to travel date.,Keep customer engaged and reduce avoidable cancellations.
UNKNOWN,UNKNOWN,50.25,MEDIUM,MEDIUM,Travel reminder,Send automated reminder closer to travel date.,Keep customer engaged and reduce avoidable cancellations.
UNKNOWN,UNKNOWN,50.14,MEDIUM,MEDIUM,Travel reminder,Send automated reminder closer to travel date.,Keep customer engaged and reduce avoidable cancellations.
UNKNOWN,UNKNOWN,52.53,MEDIUM,MEDIUM,Travel reminder,Send automated reminder closer to travel date.,Keep customer engaged and reduce avoidable cancellations.
UNKNOWN,UNKNOWN,49.03,MEDIUM,MEDIUM,Travel reminder,Send automated reminder closer to travel date.,Keep customer engaged and reduce avoidable cancellations.
UNKNOWN,UNKNOWN,47.93,MEDIUM,MEDIUM,Travel reminder,Send automated reminder closer to travel date.,Keep customer engaged and reduce avoidable cancellations.
UNKNOWN,UNKNOWN,51.21,MEDIUM,MEDIUM,Travel reminder,Send automated reminder closer to travel date.,Keep customer engaged and reduce avoidable cancellations.
UNKNOWN,UNKNOWN,51.47,MEDIUM,MEDIUM,Travel reminder,Send automated reminder closer to travel date.,Keep customer engaged and reduce avoidable cancellations.
UNKNOWN,UNKNOWN,48.33,MEDIUM,MEDIUM,Travel reminder,Send automated reminder closer to travel date.,Keep customer engaged and reduce avoidable cancellations.
UNKNOWN,UNKNOWN,50.83,MEDIUM,MEDIUM,Travel reminder,Send automated reminder closer to travel date.,Keep customer engaged and reduce avoidable cancellations.
UNKNOWN,UNKNOWN,48.61,MEDIUM,MEDIUM,Travel reminder,Send automated reminder closer to travel date.,Keep customer engaged and reduce avoidable cancellations.
UNKNOWN,UNKNOWN,43.71,MEDIUM,MEDIUM,Travel reminder,Send automated reminder closer to travel date.,Keep customer engaged and reduce avoidable cancellations.
UNKNOWN,UNKNOWN,53.01,MEDIUM,MEDIUM,Travel reminder,Send automated reminder closer to travel date.,Keep customer engaged and reduce avoidable cancellations.
UNKNOWN,UNKNOWN,51.15,MEDIUM,MEDIUM,Travel reminder,Send automated reminder closer to travel date.,Keep customer engaged and reduce avoidable cancellations.
UNKNOWN,UNKNOWN,50.78,MEDIUM,MEDIUM,Travel reminder,Send automated reminder closer to travel date.,Keep customer engaged and reduce avoidable cancellations.
UNKNOWN,UNKNOWN,48.6,MEDIUM,MEDIUM,Travel reminder,Send automated reminder closer to travel date.,Keep customer engaged and reduce avoidable cancellations.
UNKNOWN,UNKNOWN,48.14,MEDIUM,MEDIUM,Travel reminder,Send automated reminder closer to travel date.,Keep customer engaged and reduce avoidable cancellations.
UNKNOWN,UNKNOWN,45.65,MEDIUM,MEDIUM,Travel reminder,Send automated reminder closer to travel date.,Keep customer engaged and reduce avoidable cancellations.
UNKNOWN,UNKNOWN,47.27,MEDIUM,MEDIUM,Travel reminder,Send automated reminder closer to travel date.,Keep customer engaged and reduce avoidable cancellations.
UNKNOWN,UNKNOWN,51.22,MEDIUM,MEDIUM,Travel reminder,Send automated reminder closer to travel date.,Keep customer engaged and reduce avoidable cancellations.
UNKNOWN,UNKNOWN,51.85,MEDIUM,MEDIUM,Travel reminder,Send automated reminder closer to travel date.,Keep customer engaged and reduce avoidable cancellations.
UNKNOWN,UNKNOWN,44.77,MEDIUM,MEDIUM,Travel reminder,Send automated reminder closer to travel date.,Keep customer engaged and reduce avoidable cancellations.
UNKNOWN,UNKNOWN,49.21,MEDIUM,MEDIUM,Travel reminder,Send automated reminder closer to travel date.,Keep customer engaged and reduce avoidable cancellations.
UNKNOWN,UNKNOWN,54.51,MEDIUM,MEDIUM,Travel reminder,Send automated reminder closer to travel date.,Keep customer engaged and reduce avoidable cancellations.
UNKNOWN,UNKNOWN,44.26,MEDIUM,MEDIUM,Travel reminder,Send automated reminder closer to travel date.,Keep customer engaged and reduce avoidable cancellations.
UNKNOWN,UNKNOWN,47.55,MEDIUM,MEDIUM,Travel reminder,Send automated reminder closer to travel date.,Keep customer engaged and reduce avoidable cancellations.
UNKNOWN,UNKNOWN,49.72,MEDIUM,MEDIUM,Travel reminder,Send automated reminder closer to travel date.,Keep customer engaged and reduce avoidable cancellations.
UNKNOWN,UNKNOWN,51.55,MEDIUM,MEDIUM,Travel reminder,Send automated reminder closer to travel date.,Keep customer engaged and reduce avoidable cancellations.
UNKNOWN,UNKNOWN,49.35,MEDIUM,MEDIUM,Travel reminder,Send automated reminder closer to travel date.,Keep customer engaged and reduce avoidable cancellations.
UNKNOWN,UNKNOWN,44.64,MEDIUM,MEDIUM,Travel reminder,Send automated reminder closer to travel date.,Keep customer engaged and reduce avoidable cancellations.
UNKNOWN,UNKNOWN,50.35,MEDIUM,MEDIUM,Travel reminder,Send automated reminder closer to travel date.,Keep customer engaged and reduce avoidable cancellations.
UNKNOWN,UNKNOWN,57.39,MEDIUM,MEDIUM,Travel reminder,Send automated reminder closer to travel date.,Keep customer engaged and reduce avoidable cancellations.
UNKNOWN,UNKNOWN,48.31,MEDIUM,MEDIUM,Travel reminder,Send automated reminder closer to travel date.,Keep customer engaged and reduce avoidable cancellations.
UNKNOWN,UNKNOWN,55.67,MEDIUM,MEDIUM,Travel reminder,Send automated reminder closer to travel date.,Keep customer engaged and reduce avoidable cancellations.
UNKNOWN,UNKNOWN,49.06,MEDIUM,MEDIUM,Travel reminder,Send automated reminder closer to travel date.,Keep customer engaged and reduce avoidable cancellations.
UNKNOWN,UNKNOWN,53.18,MEDIUM,MEDIUM,Travel reminder,Send automated reminder closer to travel date.,Keep customer engaged and reduce avoidable cancellations.
UNKNOWN,UNKNOWN,43.64,MEDIUM,MEDIUM,Travel reminder,Send automated reminder closer to travel date.,Keep customer engaged and reduce avoidable cancellations.
UNKNOWN,UNKNOWN,54.33,MEDIUM,MEDIUM,Travel reminder,Send automated reminder closer to travel date.,Keep customer engaged and reduce avoidable cancellations.
UNKNOWN,UNKNOWN,47.39,MEDIUM,MEDIUM,Travel reminder,Send automated reminder closer to travel date.,Keep customer engaged and reduce avoidable cancellations.
UNKNOWN,UNKNOWN,55.06,MEDIUM,MEDIUM,Travel reminder,Send automated reminder closer to travel date.,Keep customer engaged and reduce avoidable cancellations.
UNKNOWN,UNKNOWN,46.82,MEDIUM,MEDIUM,Travel reminder,Send automated reminder closer to travel date.,Keep customer engaged and reduce avoidable cancellations.
UNKNOWN,UNKNOWN,54.11,MEDIUM,MEDIUM,Travel reminder,Send automated reminder closer to travel date.,Keep customer engaged and reduce avoidable cancellations.
UNKNOWN,UNKNOWN,51.23,MEDIUM,MEDIUM,Travel reminder,Send automated reminder closer to travel date.,Keep customer engaged and reduce avoidable cancellations.
UNKNOWN,UNKNOWN,49.06,MEDIUM,MEDIUM,Travel reminder,Send automated reminder closer to travel date.,Keep customer engaged and reduce avoidable cancellations.
UNKNOWN,UNKNOWN,47.57,MEDIUM,MEDIUM,Travel reminder,Send automated reminder closer to travel date.,Keep customer engaged and reduce avoidable cancellations.
UNKNOWN,UNKNOWN,47.72,MEDIUM,MEDIUM,Travel reminder,Send automated reminder closer to travel date.,Keep customer engaged and reduce avoidable cancellations.
UNKNOWN,UNKNOWN,47.64,MEDIUM,MEDIUM,Travel reminder,Send automated reminder closer to travel date.,Keep customer engaged and reduce avoidable cancellations.
UNKNOWN,UNKNOWN,49.62,MEDIUM,MEDIUM,Travel reminder,Send automated reminder closer to travel date.,Keep customer engaged and reduce avoidable cancellations.
UNKNOWN,UNKNOWN,48.86,MEDIUM,MEDIUM,Travel reminder,Send automated reminder closer to travel date.,Keep customer engaged and reduce avoidable cancellations.
UNKNOWN,UNKNOWN,49.93,MEDIUM,MEDIUM,Travel reminder,Send automated reminder closer to travel date.,Keep customer engaged and reduce avoidable cancellations.
UNKNOWN,UNKNOWN,44.46,MEDIUM,MEDIUM,Travel reminder,Send automated reminder closer to travel date.,Keep customer engaged and reduce avoidable cancellations.
UNKNOWN,UNKNOWN,52.02,MEDIUM,MEDIUM,Travel reminder,Send automated reminder closer to travel date.,Keep customer engaged and reduce avoidable cancellations.
UNKNOWN,UNKNOWN,56.5,MEDIUM,MEDIUM,Travel reminder,Send automated reminder closer to travel date.,Keep customer engaged and reduce avoidable cancellations.
UNKNOWN,UNKNOWN,45.78,MEDIUM,MEDIUM,Travel reminder,Send automated reminder closer to travel date.,Keep customer engaged and reduce avoidable cancellations.
UNKNOWN,UNKNOWN,52.58,MEDIUM,MEDIUM,Travel reminder,Send automated reminder closer to travel date.,Keep customer engaged and reduce avoidable cancellations.
UNKNOWN,UNKNOWN,49.36,MEDIUM,MEDIUM,Travel reminder,Send automated reminder closer to travel date.,Keep customer engaged and reduce avoidable cancellations.
UNKNOWN,UNKNOWN,51.92,MEDIUM,MEDIUM,Travel reminder,Send automated reminder closer to travel date.,Keep customer engaged and reduce avoidable cancellations.
UNKNOWN,UNKNOWN,49.34,MEDIUM,MEDIUM,Travel reminder,Send automated reminder closer to travel date.,Keep customer engaged and reduce avoidable cancellations.
UNKNOWN,UNKNOWN,49.31,MEDIUM,MEDIUM,Travel reminder,Send automated reminder closer to travel date.,Keep customer engaged and reduce avoidable cancellations.
UNKNOWN,UNKNOWN,53.27,MEDIUM,MEDIUM,Travel reminder,Send automated reminder closer to travel date.,Keep customer engaged and reduce avoidable cancellations.
UNKNOWN,UNKNOWN,49.72,MEDIUM,MEDIUM,Travel reminder,Send automated reminder closer to travel date.,Keep customer engaged and reduce avoidable cancellations.
UNKNOWN,UNKNOWN,51.81,MEDIUM,MEDIUM,Travel reminder,Send automated reminder closer to travel date.,Keep customer engaged and reduce avoidable cancellations.
UNKNOWN,UNKNOWN,46.42,MEDIUM,MEDIUM,Travel reminder,Send automated reminder closer to travel date.,Keep customer engaged and reduce avoidable cancellations.
UNKNOWN,UNKNOWN,50.46,MEDIUM,MEDIUM,Travel reminder,Send automated reminder closer to travel date.,Keep customer engaged and reduce avoidable cancellations.
UNKNOWN,UNKNOWN,53.53,MEDIUM,MEDIUM,Travel reminder,Send automated reminder closer to travel date.,Keep customer engaged and reduce avoidable cancellations.
UNKNOWN,UNKNOWN,50.25,MEDIUM,MEDIUM,Travel reminder,Send automated reminder closer to travel date.,Keep customer engaged and reduce avoidable cancellations.
UNKNOWN,UNKNOWN,48.31,MEDIUM,MEDIUM,Travel reminder,Send automated reminder closer to travel date.,Keep customer engaged and reduce avoidable cancellations.
UNKNOWN,UNKNOWN,48.77,MEDIUM,MEDIUM,Travel reminder,Send automated reminder closer to travel date.,Keep customer engaged and reduce avoidable cancellations.
UNKNOWN,UNKNOWN,45.69,MEDIUM,MEDIUM,Travel reminder,Send automated reminder closer to travel date.,Keep customer engaged and reduce avoidable cancellations.
UNKNOWN,UNKNOWN,52.14,MEDIUM,MEDIUM,Travel reminder,Send automated reminder closer to travel date.,Keep customer engaged and reduce avoidable cancellations.
UNKNOWN,UNKNOWN,50.13,MEDIUM,MEDIUM,Travel reminder,Send automated reminder closer to travel date.,Keep customer engaged and reduce avoidable cancellations.
UNKNOWN,UNKNOWN,53.5,MEDIUM,MEDIUM,Travel reminder,Send automated reminder closer to travel date.,Keep customer engaged and reduce avoidable cancellations.
UNKNOWN,UNKNOWN,50.81,MEDIUM,MEDIUM,Travel reminder,Send automated reminder closer to travel date.,Keep customer engaged and reduce avoidable cancellations.
UNKNOWN,UNKNOWN,50.39,MEDIUM,MEDIUM,Travel reminder,Send automated reminder closer to travel date.,Keep customer engaged and reduce avoidable cancellations.
UNKNOWN,UNKNOWN,51.19,MEDIUM,MEDIUM,Travel reminder,Send automated reminder closer to travel date.,Keep customer engaged and reduce avoidable cancellations.
UNKNOWN,UNKNOWN,46.3,MEDIUM,MEDIUM,Travel reminder,Send automated reminder closer to travel date.,Keep customer engaged and reduce avoidable cancellations.
UNKNOWN,UNKNOWN,47.39,MEDIUM,MEDIUM,Travel reminder,Send automated reminder closer to travel date.,Keep customer engaged and reduce avoidable cancellations.
UNKNOWN,UNKNOWN,52.72,MEDIUM,MEDIUM,Travel reminder,Send automated reminder closer to travel date.,Keep customer engaged and reduce avoidable cancellations.
UNKNOWN,UNKNOWN,47.48,MEDIUM,MEDIUM,Travel reminder,Send automated reminder closer to travel date.,Keep customer engaged and reduce avoidable cancellations.
UNKNOWN,UNKNOWN,45.13,MEDIUM,MEDIUM,Travel reminder,Send automated reminder closer to travel date.,Keep customer engaged and reduce avoidable cancellations.
UNKNOWN,UNKNOWN,47.74,MEDIUM,MEDIUM,Travel reminder,Send automated reminder closer to travel date.,Keep customer engaged and reduce avoidable cancellations.
UNKNOWN,UNKNOWN,51.55,MEDIUM,MEDIUM,Travel reminder,Send automated reminder closer to travel date.,Keep customer engaged and reduce avoidable cancellations.
UNKNOWN,UNKNOWN,46.76,MEDIUM,MEDIUM,Travel reminder,Send automated reminder closer to travel date.,Keep customer engaged and reduce avoidable cancellations.
UNKNOWN,UNKNOWN,47.77,MEDIUM,MEDIUM,Travel reminder,Send automated reminder closer to travel date.,Keep customer engaged and reduce avoidable cancellations.
UNKNOWN,UNKNOWN,49.25,MEDIUM,MEDIUM,Travel reminder,Send automated reminder closer to travel date.,Keep customer engaged and reduce avoidable cancellations.
UNKNOWN,UNKNOWN,47.22,MEDIUM,MEDIUM,Travel reminder,Send automated reminder closer to travel date.,Keep customer engaged and reduce avoidable cancellations.
UNKNOWN,UNKNOWN,50.9,MEDIUM,MEDIUM,Travel reminder,Send automated reminder closer to travel date.,Keep customer engaged and reduce avoidable cancellations.
UNKNOWN,UNKNOWN,44.98,MEDIUM,MEDIUM,Travel reminder,Send automated reminder closer to travel date.,Keep customer engaged and reduce avoidable cancellations.
UNKNOWN,UNKNOWN,49.44,MEDIUM,MEDIUM,Travel reminder,Send automated reminder closer to travel date.,Keep customer engaged and reduce avoidable cancellations.
UNKNOWN,UNKNOWN,48.61,MEDIUM,MEDIUM,Travel reminder,Send automated reminder closer to travel date.,Keep customer engaged and reduce avoidable cancellations.
UNKNOWN,UNKNOWN,50.14,MEDIUM,MEDIUM,Travel reminder,Send automated reminder closer to travel date.,Keep customer engaged and reduce avoidable cancellations.
UNKNOWN,UNKNOWN,48.65,MEDIUM,MEDIUM,Travel reminder,Send automated reminder closer to travel date.,Keep customer engaged and reduce avoidable cancellations.
UNKNOWN,UNKNOWN,54.15,MEDIUM,MEDIUM,Travel reminder,Send automated reminder closer to travel date.,Keep customer engaged and reduce avoidable cancellations.
UNKNOWN,UNKNOWN,47.72,MEDIUM,MEDIUM,Travel reminder,Send automated reminder closer to travel date.,Keep customer engaged and reduce avoidable cancellations.
UNKNOWN,UNKNOWN,43.65,MEDIUM,MEDIUM,Travel reminder,Send automated reminder closer to travel date.,Keep customer engaged and reduce avoidable cancellations.
UNKNOWN,UNKNOWN,47.22,MEDIUM,MEDIUM,Travel reminder,Send automated reminder closer to travel date.,Keep customer engaged and reduce avoidable cancellations.
UNKNOWN,UNKNOWN,44.09,MEDIUM,MEDIUM,Travel reminder,Send automated reminder closer to travel date.,Keep customer engaged and reduce avoidable cancellations.
UNKNOWN,UNKNOWN,45.6,MEDIUM,MEDIUM,Travel reminder,Send automated reminder closer to travel date.,Keep customer engaged and reduce avoidable cancellations.
UNKNOWN,UNKNOWN,50.65,MEDIUM,MEDIUM,Travel reminder,Send automated reminder closer to travel date.,Keep customer engaged and reduce avoidable cancellations.
UNKNOWN,UNKNOWN,51.23,MEDIUM,MEDIUM,Travel reminder,Send automated reminder closer to travel date.,Keep customer engaged and reduce avoidable cancellations.
UNKNOWN,UNKNOWN,49.42,MEDIUM,MEDIUM,Travel reminder,Send automated reminder closer to travel date.,Keep customer engaged and reduce avoidable cancellations.
UNKNOWN,UNKNOWN,53.08,MEDIUM,MEDIUM,Travel reminder,Send automated reminder closer to travel date.,Keep customer engaged and reduce avoidable cancellations.
UNKNOWN,UNKNOWN,46.85,MEDIUM,MEDIUM,Travel reminder,Send automated reminder closer to travel date.,Keep customer engaged and reduce avoidable cancellations.
UNKNOWN,UNKNOWN,50.53,MEDIUM,MEDIUM,Travel reminder,Send automated reminder closer to travel date.,Keep customer engaged and reduce avoidable cancellations.
UNKNOWN,UNKNOWN,53.75,MEDIUM,MEDIUM,Travel reminder,Send automated reminder closer to travel date.,Keep customer engaged and reduce avoidable cancellations.
UNKNOWN,UNKNOWN,49.74,MEDIUM,MEDIUM,Travel reminder,Send automated reminder closer to travel date.,Keep customer engaged and reduce avoidable cancellations.
UNKNOWN,UNKNOWN,51.18,MEDIUM,MEDIUM,Travel reminder,Send automated reminder closer to travel date.,Keep customer engaged and reduce avoidable cancellations.
UNKNOWN,UNKNOWN,51.5,MEDIUM,MEDIUM,Travel reminder,Send automated reminder closer to travel date.,Keep customer engaged and reduce avoidable cancellations.
UNKNOWN,UNKNOWN,49.84,MEDIUM,MEDIUM,Travel reminder,Send automated reminder closer to travel date.,Keep customer engaged and reduce avoidable cancellations.
UNKNOWN,UNKNOWN,47.11,MEDIUM,MEDIUM,Travel reminder,Send automated reminder closer to travel date.,Keep customer engaged and reduce avoidable cancellations.
UNKNOWN,UNKNOWN,49.31,MEDIUM,MEDIUM,Travel reminder,Send automated reminder closer to travel date.,Keep customer engaged and reduce avoidable cancellations.
UNKNOWN,UNKNOWN,50.41,MEDIUM,MEDIUM,Travel reminder,Send automated reminder closer to travel date.,Keep customer engaged and reduce avoidable cancellations.
UNKNOWN,UNKNOWN,48.82,MEDIUM,MEDIUM,Travel reminder,Send automated reminder closer to travel date.,Keep customer engaged and reduce avoidable cancellations.
UNKNOWN,UNKNOWN,47.07,MEDIUM,MEDIUM,Travel reminder,Send automated reminder closer to travel date.,Keep customer engaged and reduce avoidable cancellations.
UNKNOWN,UNKNOWN,53.11,MEDIUM,MEDIUM,Travel reminder,Send automated reminder closer to travel date.,Keep customer engaged and reduce avoidable cancellations.
UNKNOWN,UNKNOWN,49.82,MEDIUM,MEDIUM,Travel reminder,Send automated reminder closer to travel date.,Keep customer engaged and reduce avoidable cancellations.
UNKNOWN,UNKNOWN,48.04,MEDIUM,MEDIUM,Travel reminder,Send automated reminder closer to travel date.,Keep customer engaged and reduce avoidable cancellations.
UNKNOWN,UNKNOWN,44.81,MEDIUM,MEDIUM,Travel reminder,Send automated reminder closer to travel date.,Keep customer engaged and reduce avoidable cancellations.
UNKNOWN,UNKNOWN,45.38,MEDIUM,MEDIUM,Travel reminder,Send automated reminder closer to travel date.,Keep customer engaged and reduce avoidable cancellations.
UNKNOWN,UNKNOWN,53.6,MEDIUM,MEDIUM,Travel reminder,Send automated reminder closer to travel date.,Keep customer engaged and reduce avoidable cancellations.
UNKNOWN,UNKNOWN,49.81,MEDIUM,MEDIUM,Travel reminder,Send automated reminder closer to travel date.,Keep customer engaged and reduce avoidable cancellations.
UNKNOWN,UNKNOWN,51.27,MEDIUM,MEDIUM,Travel reminder,Send automated reminder closer to travel date.,Keep customer engaged and reduce avoidable cancellations.
UNKNOWN,UNKNOWN,51.28,MEDIUM,MEDIUM,Travel reminder,Send automated reminder closer to travel date.,Keep customer engaged and reduce avoidable cancellations.
UNKNOWN,UNKNOWN,45.88,MEDIUM,MEDIUM,Travel reminder,Send automated reminder closer to travel date.,Keep customer engaged and reduce avoidable cancellations.
UNKNOWN,UNKNOWN,45.13,MEDIUM,MEDIUM,Travel reminder,Send automated reminder closer to travel date.,Keep customer engaged and reduce avoidable cancellations.
UNKNOWN,UNKNOWN,52.31,MEDIUM,MEDIUM,Travel reminder,Send automated reminder closer to travel date.,Keep customer engaged and reduce avoidable cancellations.
UNKNOWN,UNKNOWN,51.18,MEDIUM,MEDIUM,Travel reminder,Send automated reminder closer to travel date.,Keep customer engaged and reduce avoidable cancellations.
UNKNOWN,UNKNOWN,52.07,MEDIUM,MEDIUM,Travel reminder,Send automated reminder closer to travel date.,Keep customer engaged and reduce avoidable cancellations.
UNKNOWN,UNKNOWN,52.02,MEDIUM,MEDIUM,Travel reminder,Send automated reminder closer to travel date.,Keep customer engaged and reduce avoidable cancellations.
UNKNOWN,UNKNOWN,49.79,MEDIUM,MEDIUM,Travel reminder,Send automated reminder closer to travel date.,Keep customer engaged and reduce avoidable cancellations.
UNKNOWN,UNKNOWN,50.07,MEDIUM,MEDIUM,Travel reminder,Send automated reminder closer to travel date.,Keep customer engaged and reduce avoidable cancellations.
UNKNOWN,UNKNOWN,48.33,MEDIUM,MEDIUM,Travel reminder,Send automated reminder closer to travel date.,Keep customer engaged and reduce avoidable cancellations.
UNKNOWN,UNKNOWN,54.77,MEDIUM,MEDIUM,Travel reminder,Send automated reminder closer to travel date.,Keep customer engaged and reduce avoidable cancellations.
UNKNOWN,UNKNOWN,48.49,MEDIUM,MEDIUM,Travel reminder,Send automated reminder closer to travel date.,Keep customer engaged and reduce avoidable cancellations.
UNKNOWN,UNKNOWN,45.25,MEDIUM,MEDIUM,Travel reminder,Send automated reminder closer to travel date.,Keep customer engaged and reduce avoidable cancellations.
UNKNOWN,UNKNOWN,49.47,MEDIUM,MEDIUM,Travel reminder,Send automated reminder closer to travel date.,Keep customer engaged and reduce avoidable cancellations.
UNKNOWN,UNKNOWN,56.5,MEDIUM,MEDIUM,Travel reminder,Send automated reminder closer to travel date.,Keep customer engaged and reduce avoidable cancellations.
UNKNOWN,UNKNOWN,51.1,MEDIUM,MEDIUM,Travel reminder,Send automated reminder closer to travel date.,Keep customer engaged and reduce avoidable cancellations.
UNKNOWN,UNKNOWN,48.73,MEDIUM,MEDIUM,Travel reminder,Send automated reminder closer to travel date.,Keep customer engaged and reduce avoidable cancellations.
UNKNOWN,UNKNOWN,56.42,MEDIUM,MEDIUM,Travel reminder,Send automated reminder closer to travel date.,Keep customer engaged and reduce avoidable cancellations.
UNKNOWN,UNKNOWN,55.82,MEDIUM,MEDIUM,Travel reminder,Send automated reminder closer to travel date.,Keep customer engaged and reduce avoidable cancellations.
UNKNOWN,UNKNOWN,52.51,MEDIUM,MEDIUM,Travel reminder,Send automated reminder closer to travel date.,Keep customer engaged and reduce avoidable cancellations.
UNKNOWN,UNKNOWN,49.91,MEDIUM,MEDIUM,Travel reminder,Send automated reminder closer to travel date.,Keep customer engaged and reduce avoidable cancellations.
UNKNOWN,UNKNOWN,52.39,MEDIUM,MEDIUM,Travel reminder,Send automated reminder closer to travel date.,Keep customer engaged and reduce avoidable cancellations.
UNKNOWN,UNKNOWN,45.53,MEDIUM,MEDIUM,Travel reminder,Send automated reminder closer to travel date.,Keep customer engaged and reduce avoidable cancellations.
UNKNOWN,UNKNOWN,55.82,MEDIUM,MEDIUM,Travel reminder,Send automated reminder closer to travel date.,Keep customer engaged and reduce avoidable cancellations.
UNKNOWN,UNKNOWN,49.29,MEDIUM,MEDIUM,Travel reminder,Send automated reminder closer to travel date.,Keep customer engaged and reduce avoidable cancellations.
UNKNOWN,UNKNOWN,48.81,MEDIUM,MEDIUM,Travel reminder,Send automated reminder closer to travel date.,Keep customer engaged and reduce avoidable cancellations.
UNKNOWN,UNKNOWN,49.98,MEDIUM,MEDIUM,Travel reminder,Send automated reminder closer to travel date.,Keep customer engaged and reduce avoidable cancellations.
UNKNOWN,UNKNOWN,45.51,MEDIUM,MEDIUM,Travel reminder,Send automated reminder closer to travel date.,Keep customer engaged and reduce avoidable cancellations.
UNKNOWN,UNKNOWN,50.27,MEDIUM,MEDIUM,Travel reminder,Send automated reminder closer to travel date.,Keep customer engaged and reduce avoidable cancellations.
UNKNOWN,UNKNOWN,54.95,MEDIUM,MEDIUM,Travel reminder,Send automated reminder closer to travel date.,Keep customer engaged and reduce avoidable cancellations.
UNKNOWN,UNKNOWN,51.36,MEDIUM,MEDIUM,Travel reminder,Send automated reminder closer to travel date.,Keep customer engaged and reduce avoidable cancellations.
UNKNOWN,UNKNOWN,49.68,MEDIUM,MEDIUM,Travel reminder,Send automated reminder closer to travel date.,Keep customer engaged and reduce avoidable cancellations.
UNKNOWN,UNKNOWN,46.67,MEDIUM,MEDIUM,Travel reminder,Send automated reminder closer to travel date.,Keep customer engaged and reduce avoidable cancellations.
UNKNOWN,UNKNOWN,49.93,MEDIUM,MEDIUM,Travel reminder,Send automated reminder closer to travel date.,Keep customer engaged and reduce avoidable cancellations.
UNKNOWN,UNKNOWN,52.38,MEDIUM,MEDIUM,Travel reminder,Send automated reminder closer to travel date.,Keep customer engaged and reduce avoidable cancellations.
UNKNOWN,UNKNOWN,47.17,MEDIUM,MEDIUM,Travel reminder,Send automated reminder closer to travel date.,Keep customer engaged and reduce avoidable cancellations.
UNKNOWN,UNKNOWN,44.46,MEDIUM,MEDIUM,Travel reminder,Send automated reminder closer to travel date.,Keep customer engaged and reduce avoidable cancellations.
UNKNOWN,UNKNOWN,50.89,MEDIUM,MEDIUM,Travel reminder,Send automated reminder closer to travel date.,Keep customer engaged and reduce avoidable cancellations.
UNKNOWN,UNKNOWN,52.08,MEDIUM,MEDIUM,Travel reminder,Send automated reminder closer to travel date.,Keep customer engaged and reduce avoidable cancellations.
UNKNOWN,UNKNOWN,46.57,MEDIUM,MEDIUM,Travel reminder,Send automated reminder closer to travel date.,Keep customer engaged and reduce avoidable cancellations.
UNKNOWN,UNKNOWN,51.3,MEDIUM,MEDIUM,Travel reminder,Send automated reminder closer to travel date.,Keep customer engaged and reduce avoidable cancellations.
UNKNOWN,UNKNOWN,53.45,MEDIUM,MEDIUM,Travel reminder,Send automated reminder closer to travel date.,Keep customer engaged and reduce avoidable cancellations.
UNKNOWN,UNKNOWN,50.28,MEDIUM,MEDIUM,Travel reminder,Send automated reminder closer to travel date.,Keep customer engaged and reduce avoidable cancellations.
UNKNOWN,UNKNOWN,50.08,MEDIUM,MEDIUM,Travel reminder,Send automated reminder closer to travel date.,Keep customer engaged and reduce avoidable cancellations.
UNKNOWN,UNKNOWN,56.83,MEDIUM,MEDIUM,Travel reminder,Send automated reminder closer to travel date.,Keep customer engaged and reduce avoidable cancellations.
UNKNOWN,UNKNOWN,52.69,MEDIUM,MEDIUM,Travel reminder,Send automated reminder closer to travel date.,Keep customer engaged and reduce avoidable cancellations.
UNKNOWN,UNKNOWN,55.54,MEDIUM,MEDIUM,Travel reminder,Send automated reminder closer to travel date.,Keep customer engaged and reduce avoidable cancellations.
UNKNOWN,UNKNOWN,48.65,MEDIUM,MEDIUM,Travel reminder,Send automated reminder closer to travel date.,Keep customer engaged and reduce avoidable cancellations.
UNKNOWN,UNKNOWN,43.46,MEDIUM,MEDIUM,Travel reminder,Send automated reminder closer to travel date.,Keep customer engaged and reduce avoidable cancellations.
UNKNOWN,UNKNOWN,46.32,MEDIUM,MEDIUM,Travel reminder,Send automated reminder closer to travel date.,Keep customer engaged and reduce avoidable cancellations.
UNKNOWN,UNKNOWN,47.74,MEDIUM,MEDIUM,Travel reminder,Send automated reminder closer to travel date.,Keep customer engaged and reduce avoidable cancellations.
UNKNOWN,UNKNOWN,44.44,MEDIUM,MEDIUM,Travel reminder,Send automated reminder closer to travel date.,Keep customer engaged and reduce avoidable cancellations.
UNKNOWN,UNKNOWN,46.09,MEDIUM,MEDIUM,Travel reminder,Send automated reminder closer to travel date.,Keep customer engaged and reduce avoidable cancellations.
UNKNOWN,UNKNOWN,51.84,MEDIUM,MEDIUM,Travel reminder,Send automated reminder closer to travel date.,Keep customer engaged and reduce avoidable cancellations.
UNKNOWN,UNKNOWN,56.89,MEDIUM,MEDIUM,Travel reminder,Send automated reminder closer to travel date.,Keep customer engaged and reduce avoidable cancellations.
UNKNOWN,UNKNOWN,48.04,MEDIUM,MEDIUM,Travel reminder,Send automated reminder closer to travel date.,Keep customer engaged and reduce avoidable cancellations.
UNKNOWN,UNKNOWN,45.85,MEDIUM,MEDIUM,Travel reminder,Send automated reminder closer to travel date.,Keep customer engaged and reduce avoidable cancellations.
UNKNOWN,UNKNOWN,50.54,MEDIUM,MEDIUM,Travel reminder,Send automated reminder closer to travel date.,Keep customer engaged and reduce avoidable cancellations.
UNKNOWN,UNKNOWN,47.54,MEDIUM,MEDIUM,Travel reminder,Send automated reminder closer to travel date.,Keep customer engaged and reduce avoidable cancellations.
UNKNOWN,UNKNOWN,52.13,MEDIUM,MEDIUM,Travel reminder,Send automated reminder closer to travel date.,Keep customer engaged and reduce avoidable cancellations.
UNKNOWN,UNKNOWN,47.9,MEDIUM,MEDIUM,Travel reminder,Send automated reminder closer to travel date.,Keep customer engaged and reduce avoidable cancellations.
UNKNOWN,UNKNOWN,51.26,MEDIUM,MEDIUM,Travel reminder,Send automated reminder closer to travel date.,Keep customer engaged and reduce avoidable cancellations.
UNKNOWN,UNKNOWN,51.42,MEDIUM,MEDIUM,Travel reminder,Send automated reminder closer to travel date.,Keep customer engaged and reduce avoidable cancellations.
UNKNOWN,UNKNOWN,53.93,MEDIUM,MEDIUM,Travel reminder,Send automated reminder closer to travel date.,Keep customer engaged and reduce avoidable cancellations.
UNKNOWN,UNKNOWN,58.85,MEDIUM,MEDIUM,Travel reminder,Send automated reminder closer to travel date.,Keep customer engaged and reduce avoidable cancellations.
UNKNOWN,UNKNOWN,49.6,MEDIUM,MEDIUM,Travel reminder,Send automated reminder closer to travel date.,Keep customer engaged and reduce avoidable cancellations.
UNKNOWN,UNKNOWN,50.69,MEDIUM,MEDIUM,Travel reminder,Send automated reminder closer to travel date.,Keep customer engaged and reduce avoidable cancellations.
UNKNOWN,UNKNOWN,50.5,MEDIUM,MEDIUM,Travel reminder,Send automated reminder closer to travel date.,Keep customer engaged and reduce avoidable cancellations.
UNKNOWN,UNKNOWN,48.48,MEDIUM,MEDIUM,Travel reminder,Send automated reminder closer to travel date.,Keep customer engaged and reduce avoidable cancellations.
UNKNOWN,UNKNOWN,47.55,MEDIUM,MEDIUM,Travel reminder,Send automated reminder closer to travel date.,Keep customer engaged and reduce avoidable cancellations.
UNKNOWN,UNKNOWN,52.59,MEDIUM,MEDIUM,Travel reminder,Send automated reminder closer to travel date.,Keep customer engaged and reduce avoidable cancellations.
UNKNOWN,UNKNOWN,53.1,MEDIUM,MEDIUM,Travel reminder,Send automated reminder closer to travel date.,Keep customer engaged and reduce avoidable cancellations.
UNKNOWN,UNKNOWN,47.77,MEDIUM,MEDIUM,Travel reminder,Send automated reminder closer to travel date.,Keep customer engaged and reduce avoidable cancellations.
UNKNOWN,UNKNOWN,55.09,MEDIUM,MEDIUM,Travel reminder,Send automated reminder closer to travel date.,Keep customer engaged and reduce avoidable cancellations.
UNKNOWN,UNKNOWN,50.15,MEDIUM,MEDIUM,Travel reminder,Send automated reminder closer to travel date.,Keep customer engaged and reduce avoidable cancellations.
UNKNOWN,UNKNOWN,47.06,MEDIUM,MEDIUM,Travel reminder,Send automated reminder closer to travel date.,Keep customer engaged and reduce avoidable cancellations.
UNKNOWN,UNKNOWN,47.81,MEDIUM,MEDIUM,Travel reminder,Send automated reminder closer to travel date.,Keep customer engaged and reduce avoidable cancellations.
UNKNOWN,UNKNOWN,51.44,MEDIUM,MEDIUM,Travel reminder,Send automated reminder closer to travel date.,Keep customer engaged and reduce avoidable cancellations.
UNKNOWN,UNKNOWN,44.82,MEDIUM,MEDIUM,Travel reminder,Send automated reminder closer to travel date.,Keep customer engaged and reduce avoidable cancellations.
UNKNOWN,UNKNOWN,49.22,MEDIUM,MEDIUM,Travel reminder,Send automated reminder closer to travel date.,Keep customer engaged and reduce avoidable cancellations.
UNKNOWN,UNKNOWN,47.85,MEDIUM,MEDIUM,Travel reminder,Send automated reminder closer to travel date.,Keep customer engaged and reduce avoidable cancellations.
UNKNOWN,UNKNOWN,48.91,MEDIUM,MEDIUM,Travel reminder,Send automated reminder closer to travel date.,Keep customer engaged and reduce avoidable cancellations.
UNKNOWN,UNKNOWN,52.27,MEDIUM,MEDIUM,Travel reminder,Send automated reminder closer to travel date.,Keep customer engaged and reduce avoidable cancellations.
UNKNOWN,UNKNOWN,48.46,MEDIUM,MEDIUM,Travel reminder,Send automated reminder closer to travel date.,Keep customer engaged and reduce avoidable cancellations.
UNKNOWN,UNKNOWN,49.96,MEDIUM,MEDIUM,Travel reminder,Send automated reminder closer to travel date.,Keep customer engaged and reduce avoidable cancellations.
UNKNOWN,UNKNOWN,51.77,MEDIUM,MEDIUM,Travel reminder,Send automated reminder closer to travel date.,Keep customer engaged and reduce avoidable cancellations.
UNKNOWN,UNKNOWN,49.82,MEDIUM,MEDIUM,Travel reminder,Send automated reminder closer to travel date.,Keep customer engaged and reduce avoidable cancellations.
UNKNOWN,UNKNOWN,47.98,MEDIUM,MEDIUM,Travel reminder,Send automated reminder closer to travel date.,Keep customer engaged and reduce avoidable cancellations.
UNKNOWN,UNKNOWN,52.39,MEDIUM,MEDIUM,Travel reminder,Send automated reminder closer to travel date.,Keep customer engaged and reduce avoidable cancellations.
UNKNOWN,UNKNOWN,52.43,MEDIUM,MEDIUM,Travel reminder,Send automated reminder closer to travel date.,Keep customer engaged and reduce avoidable cancellations.
UNKNOWN,UNKNOWN,45.3,MEDIUM,MEDIUM,Travel reminder,Send automated reminder closer to travel date.,Keep customer engaged and reduce avoidable cancellations.
UNKNOWN,UNKNOWN,48.68,MEDIUM,MEDIUM,Travel reminder,Send automated reminder closer to travel date.,Keep customer engaged and reduce avoidable cancellations.
UNKNOWN,UNKNOWN,49.68,MEDIUM,MEDIUM,Travel reminder,Send automated reminder closer to travel date.,Keep customer engaged and reduce avoidable cancellations.
UNKNOWN,UNKNOWN,47.98,MEDIUM,MEDIUM,Travel reminder,Send automated reminder closer to travel date.,Keep customer engaged and reduce avoidable cancellations.
UNKNOWN,UNKNOWN,44.09,MEDIUM,MEDIUM,Travel reminder,Send automated reminder closer to travel date.,Keep customer engaged and reduce avoidable cancellations.
UNKNOWN,UNKNOWN,46.42,MEDIUM,MEDIUM,Travel reminder,Send automated reminder closer to travel date.,Keep customer engaged and reduce avoidable cancellations.
UNKNOWN,UNKNOWN,49.13,MEDIUM,MEDIUM,Travel reminder,Send automated reminder closer to travel date.,Keep customer engaged and reduce avoidable cancellations.
UNKNOWN,UNKNOWN,50.41,MEDIUM,MEDIUM,Travel reminder,Send automated reminder closer to travel date.,Keep customer engaged and reduce avoidable cancellations.
UNKNOWN,UNKNOWN,48.43,MEDIUM,MEDIUM,Travel reminder,Send automated reminder closer to travel date.,Keep customer engaged and reduce avoidable cancellations.
UNKNOWN,UNKNOWN,52.4,MEDIUM,MEDIUM,Travel reminder,Send automated reminder closer to travel date.,Keep customer engaged and reduce avoidable cancellations.
UNKNOWN,UNKNOWN,48.83,MEDIUM,MEDIUM,Travel reminder,Send automated reminder closer to travel date.,Keep customer engaged and reduce avoidable cancellations.
UNKNOWN,UNKNOWN,49.3,MEDIUM,MEDIUM,Travel reminder,Send automated reminder closer to travel date.,Keep customer engaged and reduce avoidable cancellations.
UNKNOWN,UNKNOWN,42.94,MEDIUM,MEDIUM,Travel reminder,Send automated reminder closer to travel date.,Keep customer engaged and reduce avoidable cancellations.
UNKNOWN,UNKNOWN,47.89,MEDIUM,MEDIUM,Travel reminder,Send automated reminder closer to travel date.,Keep customer engaged and reduce avoidable cancellations.
UNKNOWN,UNKNOWN,46.08,MEDIUM,MEDIUM,Travel reminder,Send automated reminder closer to travel date.,Keep customer engaged and reduce avoidable cancellations.
UNKNOWN,UNKNOWN,53.65,MEDIUM,MEDIUM,Travel reminder,Send automated reminder closer to travel date.,Keep customer engaged and reduce avoidable cancellations.
UNKNOWN,UNKNOWN,49.54,MEDIUM,MEDIUM,Travel reminder,Send automated reminder closer to travel date.,Keep customer engaged and reduce avoidable cancellations.
UNKNOWN,UNKNOWN,53.83,MEDIUM,MEDIUM,Travel reminder,Send automated reminder closer to travel date.,Keep customer engaged and reduce avoidable cancellations.
UNKNOWN,UNKNOWN,45.44,MEDIUM,MEDIUM,Travel reminder,Send automated reminder closer to travel date.,Keep customer engaged and reduce avoidable cancellations.
UNKNOWN,UNKNOWN,46.1,MEDIUM,MEDIUM,Travel reminder,Send automated reminder closer to travel date.,Keep customer engaged and reduce avoidable cancellations.
UNKNOWN,UNKNOWN,49.42,MEDIUM,MEDIUM,Travel reminder,Send automated reminder closer to travel date.,Keep customer engaged and reduce avoidable cancellations.
UNKNOWN,UNKNOWN,50.32,MEDIUM,MEDIUM,Travel reminder,Send automated reminder closer to travel date.,Keep customer engaged and reduce avoidable cancellations.
UNKNOWN,UNKNOWN,45.59,MEDIUM,MEDIUM,Travel reminder,Send automated reminder closer to travel date.,Keep customer engaged and reduce avoidable cancellations.
UNKNOWN,UNKNOWN,48.62,MEDIUM,MEDIUM,Travel reminder,Send automated reminder closer to travel date.,Keep customer engaged and reduce avoidable cancellations.
UNKNOWN,UNKNOWN,49.76,MEDIUM,MEDIUM,Travel reminder,Send automated reminder closer to travel date.,Keep customer engaged and reduce avoidable cancellations.
UNKNOWN,UNKNOWN,48.67,MEDIUM,MEDIUM,Travel reminder,Send automated reminder closer to travel date.,Keep customer engaged and reduce avoidable cancellations.
UNKNOWN,UNKNOWN,52.23,MEDIUM,MEDIUM,Travel reminder,Send automated reminder closer to travel date.,Keep customer engaged and reduce avoidable cancellations.
UNKNOWN,UNKNOWN,46.53,MEDIUM,MEDIUM,Travel reminder,Send automated reminder closer to travel date.,Keep customer engaged and reduce avoidable cancellations.
UNKNOWN,UNKNOWN,47.46,MEDIUM,MEDIUM,Travel reminder,Send automated reminder closer to travel date.,Keep customer engaged and reduce avoidable cancellations.
UNKNOWN,UNKNOWN,49.74,MEDIUM,MEDIUM,Travel reminder,Send automated reminder closer to travel date.,Keep customer engaged and reduce avoidable cancellations.
UNKNOWN,UNKNOWN,52.51,MEDIUM,MEDIUM,Travel reminder,Send automated reminder closer to travel date.,Keep customer engaged and reduce avoidable cancellations.
UNKNOWN,UNKNOWN,56.43,MEDIUM,MEDIUM,Travel reminder,Send automated reminder closer to travel date.,Keep customer engaged and reduce avoidable cancellations.
UNKNOWN,UNKNOWN,51.64,MEDIUM,MEDIUM,Travel reminder,Send automated reminder closer to travel date.,Keep customer engaged and reduce avoidable cancellations.
UNKNOWN,UNKNOWN,41.01,MEDIUM,MEDIUM,Travel reminder,Send automated reminder closer to travel date.,Keep customer engaged and reduce avoidable cancellations.
UNKNOWN,UNKNOWN,47.84,MEDIUM,MEDIUM,Travel reminder,Send automated reminder closer to travel date.,Keep customer engaged and reduce avoidable cancellations.
UNKNOWN,UNKNOWN,51.54,MEDIUM,MEDIUM,Travel reminder,Send automated reminder closer to travel date.,Keep customer engaged and reduce avoidable cancellations.
UNKNOWN,UNKNOWN,48.88,MEDIUM,MEDIUM,Travel reminder,Send automated reminder closer to travel date.,Keep customer engaged and reduce avoidable cancellations.
UNKNOWN,UNKNOWN,51.59,MEDIUM,MEDIUM,Travel reminder,Send automated reminder closer to travel date.,Keep customer engaged and reduce avoidable cancellations.
UNKNOWN,UNKNOWN,51.18,MEDIUM,MEDIUM,Travel reminder,Send automated reminder closer to travel date.,Keep customer engaged and reduce avoidable cancellations.
UNKNOWN,UNKNOWN,52.35,MEDIUM,MEDIUM,Travel reminder,Send automated reminder closer to travel date.,Keep customer engaged and reduce avoidable cancellations.
UNKNOWN,UNKNOWN,53.87,MEDIUM,MEDIUM,Travel reminder,Send automated reminder closer to travel date.,Keep customer engaged and reduce avoidable cancellations.
UNKNOWN,UNKNOWN,49.76,MEDIUM,MEDIUM,Travel reminder,Send automated reminder closer to travel date.,Keep customer engaged and reduce avoidable cancellations.
UNKNOWN,UNKNOWN,52.98,MEDIUM,MEDIUM,Travel reminder,Send automated reminder closer to travel date.,Keep customer engaged and reduce avoidable cancellations.
UNKNOWN,UNKNOWN,48.8,MEDIUM,MEDIUM,Travel reminder,Send automated reminder closer to travel date.,Keep customer engaged and reduce avoidable cancellations.
UNKNOWN,UNKNOWN,52.98,MEDIUM,MEDIUM,Travel reminder,Send automated reminder closer to travel date.,Keep customer engaged and reduce avoidable cancellations.
UNKNOWN,UNKNOWN,45.88,MEDIUM,MEDIUM,Travel reminder,Send automated reminder closer to travel date.,Keep customer engaged and reduce avoidable cancellations.
UNKNOWN,UNKNOWN,51.38,MEDIUM,MEDIUM,Travel reminder,Send automated reminder closer to travel date.,Keep customer engaged and reduce avoidable cancellations.
UNKNOWN,UNKNOWN,51.26,MEDIUM,MEDIUM,Travel reminder,Send automated reminder closer to travel date.,Keep customer engaged and reduce avoidable cancellations.
UNKNOWN,UNKNOWN,50.33,MEDIUM,MEDIUM,Travel reminder,Send automated reminder closer to travel date.,Keep customer engaged and reduce avoidable cancellations.
UNKNOWN,UNKNOWN,46.09,MEDIUM,MEDIUM,Travel reminder,Send automated reminder closer to travel date.,Keep customer engaged and reduce avoidable cancellations.
UNKNOWN,UNKNOWN,46.94,MEDIUM,MEDIUM,Travel reminder,Send automated reminder closer to travel date.,Keep customer engaged and reduce avoidable cancellations.
UNKNOWN,UNKNOWN,49.67,MEDIUM,MEDIUM,Travel reminder,Send automated reminder closer to travel date.,Keep customer engaged and reduce avoidable cancellations.
UNKNOWN,UNKNOWN,54.69,MEDIUM,MEDIUM,Travel reminder,Send automated reminder closer to travel date.,Keep customer engaged and reduce avoidable cancellations.
UNKNOWN,UNKNOWN,53.02,MEDIUM,MEDIUM,Travel reminder,Send automated reminder closer to travel date.,Keep customer engaged and reduce avoidable cancellations.
UNKNOWN,UNKNOWN,49.66,MEDIUM,MEDIUM,Travel reminder,Send automated reminder closer to travel date.,Keep customer engaged and reduce avoidable cancellations.
UNKNOWN,UNKNOWN,48.31,MEDIUM,MEDIUM,Travel reminder,Send automated reminder closer to travel date.,Keep customer engaged and reduce avoidable cancellations.
UNKNOWN,UNKNOWN,52.27,MEDIUM,MEDIUM,Travel reminder,Send automated reminder closer to travel date.,Keep customer engaged and reduce avoidable cancellations.
UNKNOWN,UNKNOWN,51.79,MEDIUM,MEDIUM,Travel reminder,Send automated reminder closer to travel date.,Keep customer engaged and reduce avoidable cancellations.
UNKNOWN,UNKNOWN,51.49,MEDIUM,MEDIUM,Travel reminder,Send automated reminder closer to travel date.,Keep customer engaged and reduce avoidable cancellations.
UNKNOWN,UNKNOWN,46.51,MEDIUM,MEDIUM,Travel reminder,Send automated reminder closer to travel date.,Keep customer engaged and reduce avoidable cancellations.
UNKNOWN,UNKNOWN,52.01,MEDIUM,MEDIUM,Travel reminder,Send automated reminder closer to travel date.,Keep customer engaged and reduce avoidable cancellations.
UNKNOWN,UNKNOWN,49.78,MEDIUM,MEDIUM,Travel reminder,Send automated reminder closer to travel date.,Keep customer engaged and reduce avoidable cancellations.
UNKNOWN,UNKNOWN,51.08,MEDIUM,MEDIUM,Travel reminder,Send automated reminder closer to travel date.,Keep customer engaged and reduce avoidable cancellations.
UNKNOWN,UNKNOWN,52.53,MEDIUM,MEDIUM,Travel reminder,Send automated reminder closer to travel date.,Keep customer engaged and reduce avoidable cancellations.
UNKNOWN,UNKNOWN,48.24,MEDIUM,MEDIUM,Travel reminder,Send automated reminder closer to travel date.,Keep customer engaged and reduce avoidable cancellations.
UNKNOWN,UNKNOWN,51.08,MEDIUM,MEDIUM,Travel reminder,Send automated reminder closer to travel date.,Keep customer engaged and reduce avoidable cancellations.
UNKNOWN,UNKNOWN,53.85,MEDIUM,MEDIUM,Travel reminder,Send automated reminder closer to travel date.,Keep customer engaged and reduce avoidable cancellations.
UNKNOWN,UNKNOWN,51.13,MEDIUM,MEDIUM,Travel reminder,Send automated reminder closer to travel date.,Keep customer engaged and reduce avoidable cancellations.
UNKNOWN,UNKNOWN,44.3,MEDIUM,MEDIUM,Travel reminder,Send automated reminder closer to travel date.,Keep customer engaged and reduce avoidable cancellations.
UNKNOWN,UNKNOWN,48.9,MEDIUM,MEDIUM,Travel reminder,Send automated reminder closer to travel date.,Keep customer engaged and reduce avoidable cancellations.
UNKNOWN,UNKNOWN,51.28,MEDIUM,MEDIUM,Travel reminder,Send automated reminder closer to travel date.,Keep customer engaged and reduce avoidable cancellations.
UNKNOWN,UNKNOWN,44.21,MEDIUM,MEDIUM,Travel reminder,Send automated reminder closer to travel date.,Keep customer engaged and reduce avoidable cancellations.
UNKNOWN,UNKNOWN,46.89,MEDIUM,MEDIUM,Travel reminder,Send automated reminder closer to travel date.,Keep customer engaged and reduce avoidable cancellations.
UNKNOWN,UNKNOWN,52.52,MEDIUM,MEDIUM,Travel reminder,Send automated reminder closer to travel date.,Keep customer engaged and reduce avoidable cancellations.
UNKNOWN,UNKNOWN,50.06,MEDIUM,MEDIUM,Travel reminder,Send automated reminder closer to travel date.,Keep customer engaged and reduce avoidable cancellations.
UNKNOWN,UNKNOWN,44.42,MEDIUM,MEDIUM,Travel reminder,Send automated reminder closer to travel date.,Keep customer engaged and reduce avoidable cancellations.
UNKNOWN,UNKNOWN,48.48,MEDIUM,MEDIUM,Travel reminder,Send automated reminder closer to travel date.,Keep customer engaged and reduce avoidable cancellations.
UNKNOWN,UNKNOWN,51.86,MEDIUM,MEDIUM,Travel reminder,Send automated reminder closer to travel date.,Keep customer engaged and reduce avoidable cancellations.
UNKNOWN,UNKNOWN,49.93,MEDIUM,MEDIUM,Travel reminder,Send automated reminder closer to travel date.,Keep customer engaged and reduce avoidable cancellations.
UNKNOWN,UNKNOWN,47.54,MEDIUM,MEDIUM,Travel reminder,Send automated reminder closer to travel date.,Keep customer engaged and reduce avoidable cancellations.
UNKNOWN,UNKNOWN,47.49,MEDIUM,MEDIUM,Travel reminder,Send automated reminder closer to travel date.,Keep customer engaged and reduce avoidable cancellations.
UNKNOWN,UNKNOWN,52.98,MEDIUM,MEDIUM,Travel reminder,Send automated reminder closer to travel date.,Keep customer engaged and reduce avoidable cancellations.
UNKNOWN,UNKNOWN,46.88,MEDIUM,MEDIUM,Travel reminder,Send automated reminder closer to travel date.,Keep customer engaged and reduce avoidable cancellations.
UNKNOWN,UNKNOWN,50.2,MEDIUM,MEDIUM,Travel reminder,Send automated reminder closer to travel date.,Keep customer engaged and reduce avoidable cancellations.
UNKNOWN,UNKNOWN,50.49,MEDIUM,MEDIUM,Travel reminder,Send automated reminder closer to travel date.,Keep customer engaged and reduce avoidable cancellations.
UNKNOWN,UNKNOWN,49.67,MEDIUM,MEDIUM,Travel reminder,Send automated reminder closer to travel date.,Keep customer engaged and reduce avoidable cancellations.
UNKNOWN,UNKNOWN,53.2,MEDIUM,MEDIUM,Travel reminder,Send automated reminder closer to travel date.,Keep customer engaged and reduce avoidable cancellations.
UNKNOWN,UNKNOWN,53.13,MEDIUM,MEDIUM,Travel reminder,Send automated reminder closer to travel date.,Keep customer engaged and reduce avoidable cancellations.
UNKNOWN,UNKNOWN,49.83,MEDIUM,MEDIUM,Travel reminder,Send automated reminder closer to travel date.,Keep customer engaged and reduce avoidable cancellations.
UNKNOWN,UNKNOWN,51.63,MEDIUM,MEDIUM,Travel reminder,Send automated reminder closer to travel date.,Keep customer engaged and reduce avoidable cancellations.
UNKNOWN,UNKNOWN,52.25,MEDIUM,MEDIUM,Travel reminder,Send automated reminder closer to travel date.,Keep customer engaged and reduce avoidable cancellations.
UNKNOWN,UNKNOWN,51.25,MEDIUM,MEDIUM,Travel reminder,Send automated reminder closer to travel date.,Keep customer engaged and reduce avoidable cancellations.
UNKNOWN,UNKNOWN,54.24,MEDIUM,MEDIUM,Travel reminder,Send automated reminder closer to travel date.,Keep customer engaged and reduce avoidable cancellations.
UNKNOWN,UNKNOWN,45.68,MEDIUM,MEDIUM,Travel reminder,Send automated reminder closer to travel date.,Keep customer engaged and reduce avoidable cancellations.
UNKNOWN,UNKNOWN,53.83,MEDIUM,MEDIUM,Travel reminder,Send automated reminder closer to travel date.,Keep customer engaged and reduce avoidable cancellations.
UNKNOWN,UNKNOWN,45.24,MEDIUM,MEDIUM,Travel reminder,Send automated reminder closer to travel date.,Keep customer engaged and reduce avoidable cancellations.
UNKNOWN,UNKNOWN,52.0,MEDIUM,MEDIUM,Travel reminder,Send automated reminder closer to travel date.,Keep customer engaged and reduce avoidable cancellations.
UNKNOWN,UNKNOWN,52.93,MEDIUM,MEDIUM,Travel reminder,Send automated reminder closer to travel date.,Keep customer engaged and reduce avoidable cancellations.
UNKNOWN,UNKNOWN,51.84,MEDIUM,MEDIUM,Travel reminder,Send automated reminder closer to travel date.,Keep customer engaged and reduce avoidable cancellations.
UNKNOWN,UNKNOWN,51.06,MEDIUM,MEDIUM,Travel reminder,Send automated reminder closer to travel date.,Keep customer engaged and reduce avoidable cancellations.
UNKNOWN,UNKNOWN,51.22,MEDIUM,MEDIUM,Travel reminder,Send automated reminder closer to travel date.,Keep customer engaged and reduce avoidable cancellations.
UNKNOWN,UNKNOWN,43.31,MEDIUM,MEDIUM,Travel reminder,Send automated reminder closer to travel date.,Keep customer engaged and reduce avoidable cancellations.
UNKNOWN,UNKNOWN,53.44,MEDIUM,MEDIUM,Travel reminder,Send automated reminder closer to travel date.,Keep customer engaged and reduce avoidable cancellations.
UNKNOWN,UNKNOWN,48.33,MEDIUM,MEDIUM,Travel reminder,Send automated reminder closer to travel date.,Keep customer engaged and reduce avoidable cancellations.
UNKNOWN,UNKNOWN,49.36,MEDIUM,MEDIUM,Travel reminder,Send automated reminder closer to travel date.,Keep customer engaged and reduce avoidable cancellations.
UNKNOWN,UNKNOWN,49.02,MEDIUM,MEDIUM,Travel reminder,Send automated reminder closer to travel date.,Keep customer engaged and reduce avoidable cancellations.
UNKNOWN,UNKNOWN,44.13,MEDIUM,MEDIUM,Travel reminder,Send automated reminder closer to travel date.,Keep customer engaged and reduce avoidable cancellations.
UNKNOWN,UNKNOWN,51.3,MEDIUM,MEDIUM,Travel reminder,Send automated reminder closer to travel date.,Keep customer engaged and reduce avoidable cancellations.
UNKNOWN,UNKNOWN,48.77,MEDIUM,MEDIUM,Travel reminder,Send automated reminder closer to travel date.,Keep customer engaged and reduce avoidable cancellations.
UNKNOWN,UNKNOWN,46.59,MEDIUM,MEDIUM,Travel reminder,Send automated reminder closer to travel date.,Keep customer engaged and reduce avoidable cancellations.
UNKNOWN,UNKNOWN,51.52,MEDIUM,MEDIUM,Travel reminder,Send automated reminder closer to travel date.,Keep customer engaged and reduce avoidable cancellations.
UNKNOWN,UNKNOWN,51.29,MEDIUM,MEDIUM,Travel reminder,Send automated reminder closer to travel date.,Keep customer engaged and reduce avoidable cancellations.
UNKNOWN,UNKNOWN,50.79,MEDIUM,MEDIUM,Travel reminder,Send automated reminder closer to travel date.,Keep customer engaged and reduce avoidable cancellations.
UNKNOWN,UNKNOWN,49.81,MEDIUM,MEDIUM,Travel reminder,Send automated reminder closer to travel date.,Keep customer engaged and reduce avoidable cancellations.
UNKNOWN,UNKNOWN,47.77,MEDIUM,MEDIUM,Travel reminder,Send automated reminder closer to travel date.,Keep customer engaged and reduce avoidable cancellations.
UNKNOWN,UNKNOWN,45.78,MEDIUM,MEDIUM,Travel reminder,Send automated reminder closer to travel date.,Keep customer engaged and reduce avoidable cancellations.
UNKNOWN,UNKNOWN,46.13,MEDIUM,MEDIUM,Travel reminder,Send automated reminder closer to travel date.,Keep customer engaged and reduce avoidable cancellations.
UNKNOWN,UNKNOWN,45.94,MEDIUM,MEDIUM,Travel reminder,Send automated reminder closer to travel date.,Keep customer engaged and reduce avoidable cancellations.
UNKNOWN,UNKNOWN,53.1,MEDIUM,MEDIUM,Travel reminder,Send automated reminder closer to travel date.,Keep customer engaged and reduce avoidable cancellations.
UNKNOWN,UNKNOWN,47.36,MEDIUM,MEDIUM,Travel reminder,Send automated reminder closer to travel date.,Keep customer engaged and reduce avoidable cancellations.
UNKNOWN,UNKNOWN,51.84,MEDIUM,MEDIUM,Travel reminder,Send automated reminder closer to travel date.,Keep customer engaged and reduce avoidable cancellations.
UNKNOWN,UNKNOWN,50.74,MEDIUM,MEDIUM,Travel reminder,Send automated reminder closer to travel date.,Keep customer engaged and reduce avoidable cancellations.
UNKNOWN,UNKNOWN,50.34,MEDIUM,MEDIUM,Travel reminder,Send automated reminder closer to travel date.,Keep customer engaged and reduce avoidable cancellations.
UNKNOWN,UNKNOWN,54.09,MEDIUM,MEDIUM,Travel reminder,Send automated reminder closer to travel date.,Keep customer engaged and reduce avoidable cancellations.
UNKNOWN,UNKNOWN,44.22,MEDIUM,MEDIUM,Travel reminder,Send automated reminder closer to travel date.,Keep customer engaged and reduce avoidable cancellations.
UNKNOWN,UNKNOWN,47.71,MEDIUM,MEDIUM,Travel reminder,Send automated reminder closer to travel date.,Keep customer engaged and reduce avoidable cancellations.
UNKNOWN,UNKNOWN,50.21,MEDIUM,MEDIUM,Travel reminder,Send automated reminder closer to travel date.,Keep customer engaged and reduce avoidable cancellations.
UNKNOWN,UNKNOWN,47.99,MEDIUM,MEDIUM,Travel reminder,Send automated reminder closer to travel date.,Keep customer engaged and reduce avoidable cancellations.
UNKNOWN,UNKNOWN,48.15,MEDIUM,MEDIUM,Travel reminder,Send automated reminder closer to travel date.,Keep customer engaged and reduce avoidable cancellations.
UNKNOWN,UNKNOWN,46.45,MEDIUM,MEDIUM,Travel reminder,Send automated reminder closer to travel date.,Keep customer engaged and reduce avoidable cancellations.
UNKNOWN,UNKNOWN,44.24,MEDIUM,MEDIUM,Travel reminder,Send automated reminder closer to travel date.,Keep customer engaged and reduce avoidable cancellations.
UNKNOWN,UNKNOWN,49.91,MEDIUM,MEDIUM,Travel reminder,Send automated reminder closer to travel date.,Keep customer engaged and reduce avoidable cancellations.
UNKNOWN,UNKNOWN,50.7,MEDIUM,MEDIUM,Travel reminder,Send automated reminder closer to travel date.,Keep customer engaged and reduce avoidable cancellations.
UNKNOWN,UNKNOWN,47.05,MEDIUM,MEDIUM,Travel reminder,Send automated reminder closer to travel date.,Keep customer engaged and reduce avoidable cancellations.
UNKNOWN,UNKNOWN,48.95,MEDIUM,MEDIUM,Travel reminder,Send automated reminder closer to travel date.,Keep customer engaged and reduce avoidable cancellations.
UNKNOWN,UNKNOWN,47.58,MEDIUM,MEDIUM,Travel reminder,Send automated reminder closer to travel date.,Keep customer engaged and reduce avoidable cancellations.
UNKNOWN,UNKNOWN,43.1,MEDIUM,MEDIUM,Travel reminder,Send automated reminder closer to travel date.,Keep customer engaged and reduce avoidable cancellations.
UNKNOWN,UNKNOWN,48.78,MEDIUM,MEDIUM,Travel reminder,Send automated reminder closer to travel date.,Keep customer engaged and reduce avoidable cancellations.
UNKNOWN,UNKNOWN,52.51,MEDIUM,MEDIUM,Travel reminder,Send automated reminder closer to travel date.,Keep customer engaged and reduce avoidable cancellations.
UNKNOWN,UNKNOWN,55.3,MEDIUM,MEDIUM,Travel reminder,Send automated reminder closer to travel date.,Keep customer engaged and reduce avoidable cancellations.
UNKNOWN,UNKNOWN,44.34,MEDIUM,MEDIUM,Travel reminder,Send automated reminder closer to travel date.,Keep customer engaged and reduce avoidable cancellations.
UNKNOWN,UNKNOWN,48.24,MEDIUM,MEDIUM,Travel reminder,Send automated reminder closer to travel date.,Keep customer engaged and reduce avoidable cancellations.
UNKNOWN,UNKNOWN,49.57,MEDIUM,MEDIUM,Travel reminder,Send automated reminder closer to travel date.,Keep customer engaged and reduce avoidable cancellations.
UNKNOWN,UNKNOWN,53.27,MEDIUM,MEDIUM,Travel reminder,Send automated reminder closer to travel date.,Keep customer engaged and reduce avoidable cancellations.
UNKNOWN,UNKNOWN,49.8,MEDIUM,MEDIUM,Travel reminder,Send automated reminder closer to travel date.,Keep customer engaged and reduce avoidable cancellations.
UNKNOWN,UNKNOWN,51.45,MEDIUM,MEDIUM,Travel reminder,Send automated reminder closer to travel date.,Keep customer engaged and reduce avoidable cancellations.
UNKNOWN,UNKNOWN,54.88,MEDIUM,MEDIUM,Travel reminder,Send automated reminder closer to travel date.,Keep customer engaged and reduce avoidable cancellations.
UNKNOWN,UNKNOWN,54.31,MEDIUM,MEDIUM,Travel reminder,Send automated reminder closer to travel date.,Keep customer engaged and reduce avoidable cancellations.
UNKNOWN,UNKNOWN,42.74,MEDIUM,MEDIUM,Travel reminder,Send automated reminder closer to travel date.,Keep customer engaged and reduce avoidable cancellations.
UNKNOWN,UNKNOWN,49.65,MEDIUM,MEDIUM,Travel reminder,Send automated reminder closer to travel date.,Keep customer engaged and reduce avoidable cancellations.
UNKNOWN,UNKNOWN,49.79,MEDIUM,MEDIUM,Travel reminder,Send automated reminder closer to travel date.,Keep customer engaged and reduce avoidable cancellations.
UNKNOWN,UNKNOWN,50.62,MEDIUM,MEDIUM,Travel reminder,Send automated reminder closer to travel date.,Keep customer engaged and reduce avoidable cancellations.
UNKNOWN,UNKNOWN,49.91,MEDIUM,MEDIUM,Travel reminder,Send automated reminder closer to travel date.,Keep customer engaged and reduce avoidable cancellations.
UNKNOWN,UNKNOWN,53.1,MEDIUM,MEDIUM,Travel reminder,Send automated reminder closer to travel date.,Keep customer engaged and reduce avoidable cancellations.
UNKNOWN,UNKNOWN,51.41,MEDIUM,MEDIUM,Travel reminder,Send automated reminder closer to travel date.,Keep customer engaged and reduce avoidable cancellations.
UNKNOWN,UNKNOWN,49.74,MEDIUM,MEDIUM,Travel reminder,Send automated reminder closer to travel date.,Keep customer engaged and reduce avoidable cancellations.
UNKNOWN,UNKNOWN,53.86,MEDIUM,MEDIUM,Travel reminder,Send automated reminder closer to travel date.,Keep customer engaged and reduce avoidable cancellations.
UNKNOWN,UNKNOWN,49.78,MEDIUM,MEDIUM,Travel reminder,Send automated reminder closer to travel date.,Keep customer engaged and reduce avoidable cancellations.
UNKNOWN,UNKNOWN,45.58,MEDIUM,MEDIUM,Travel reminder,Send automated reminder closer to travel date.,Keep customer engaged and reduce avoidable cancellations.
UNKNOWN,UNKNOWN,45.35,MEDIUM,MEDIUM,Travel reminder,Send automated reminder closer to travel date.,Keep customer engaged and reduce avoidable cancellations.
UNKNOWN,UNKNOWN,50.47,MEDIUM,MEDIUM,Travel reminder,Send automated reminder closer to travel date.,Keep customer engaged and reduce avoidable cancellations.
UNKNOWN,UNKNOWN,51.06,MEDIUM,MEDIUM,Travel reminder,Send automated reminder closer to travel date.,Keep customer engaged and reduce avoidable cancellations.
UNKNOWN,UNKNOWN,52.24,MEDIUM,MEDIUM,Travel reminder,Send automated reminder closer to travel date.,Keep customer engaged and reduce avoidable cancellations.
UNKNOWN,UNKNOWN,46.78,MEDIUM,MEDIUM,Travel reminder,Send automated reminder closer to travel date.,Keep customer engaged and reduce avoidable cancellations.
UNKNOWN,UNKNOWN,48.48,MEDIUM,MEDIUM,Travel reminder,Send automated reminder closer to travel date.,Keep customer engaged and reduce avoidable cancellations.
UNKNOWN,UNKNOWN,46.33,MEDIUM,MEDIUM,Travel reminder,Send automated reminder closer to travel date.,Keep customer engaged and reduce avoidable cancellations.
UNKNOWN,UNKNOWN,49.57,MEDIUM,MEDIUM,Travel reminder,Send automated reminder closer to travel date.,Keep customer engaged and reduce avoidable cancellations.
UNKNOWN,UNKNOWN,48.97,MEDIUM,MEDIUM,Travel reminder,Send automated reminder closer to travel date.,Keep customer engaged and reduce avoidable cancellations.
UNKNOWN,UNKNOWN,49.86,MEDIUM,MEDIUM,Travel reminder,Send automated reminder closer to travel date.,Keep customer engaged and reduce avoidable cancellations.
UNKNOWN,UNKNOWN,52.04,MEDIUM,MEDIUM,Travel reminder,Send automated reminder closer to travel date.,Keep customer engaged and reduce avoidable cancellations.
UNKNOWN,UNKNOWN,52.07,MEDIUM,MEDIUM,Travel reminder,Send automated reminder closer to travel date.,Keep customer engaged and reduce avoidable cancellations.
UNKNOWN,UNKNOWN,49.8,MEDIUM,MEDIUM,Travel reminder,Send automated reminder closer to travel date.,Keep customer engaged and reduce avoidable cancellations.
UNKNOWN,UNKNOWN,48.62,MEDIUM,MEDIUM,Travel reminder,Send automated reminder closer to travel date.,Keep customer engaged and reduce avoidable cancellations.
UNKNOWN,UNKNOWN,51.62,MEDIUM,MEDIUM,Travel reminder,Send automated reminder closer to travel date.,Keep customer engaged and reduce avoidable cancellations.
UNKNOWN,UNKNOWN,50.82,MEDIUM,MEDIUM,Travel reminder,Send automated reminder closer to travel date.,Keep customer engaged and reduce avoidable cancellations.
UNKNOWN,UNKNOWN,50.11,MEDIUM,MEDIUM,Travel reminder,Send automated reminder closer to travel date.,Keep customer engaged and reduce avoidable cancellations.
UNKNOWN,UNKNOWN,52.18,MEDIUM,MEDIUM,Travel reminder,Send automated reminder closer to travel date.,Keep customer engaged and reduce avoidable cancellations.
UNKNOWN,UNKNOWN,46.4,MEDIUM,MEDIUM,Travel reminder,Send automated reminder closer to travel date.,Keep customer engaged and reduce avoidable cancellations.
UNKNOWN,UNKNOWN,53.37,MEDIUM,MEDIUM,Travel reminder,Send automated reminder closer to travel date.,Keep customer engaged and reduce avoidable cancellations.
UNKNOWN,UNKNOWN,51.27,MEDIUM,MEDIUM,Travel reminder,Send automated reminder closer to travel date.,Keep customer engaged and reduce avoidable cancellations.
UNKNOWN,UNKNOWN,49.51,MEDIUM,MEDIUM,Travel reminder,Send automated reminder closer to travel date.,Keep customer engaged and reduce avoidable cancellations.
UNKNOWN,UNKNOWN,48.54,MEDIUM,MEDIUM,Travel reminder,Send automated reminder closer to travel date.,Keep customer engaged and reduce avoidable cancellations.
UNKNOWN,UNKNOWN,54.45,MEDIUM,MEDIUM,Travel reminder,Send automated reminder closer to travel date.,Keep customer engaged and reduce avoidable cancellations.
UNKNOWN,UNKNOWN,45.11,MEDIUM,MEDIUM,Travel reminder,Send automated reminder closer to travel date.,Keep customer engaged and reduce avoidable cancellations.
UNKNOWN,UNKNOWN,46.28,MEDIUM,MEDIUM,Travel reminder,Send automated reminder closer to travel date.,Keep customer engaged and reduce avoidable cancellations.
UNKNOWN,UNKNOWN,55.56,MEDIUM,MEDIUM,Travel reminder,Send automated reminder closer to travel date.,Keep customer engaged and reduce avoidable cancellations.
UNKNOWN,UNKNOWN,44.78,MEDIUM,MEDIUM,Travel reminder,Send automated reminder closer to travel date.,Keep customer engaged and reduce avoidable cancellations.
UNKNOWN,UNKNOWN,46.68,MEDIUM,MEDIUM,Travel reminder,Send automated reminder closer to travel date.,Keep customer engaged and reduce avoidable cancellations.
UNKNOWN,UNKNOWN,49.3,MEDIUM,MEDIUM,Travel reminder,Send automated reminder closer to travel date.,Keep customer engaged and reduce avoidable cancellations.
UNKNOWN,UNKNOWN,50.56,MEDIUM,MEDIUM,Travel reminder,Send automated reminder closer to travel date.,Keep customer engaged and reduce avoidable cancellations.
UNKNOWN,UNKNOWN,51.58,MEDIUM,MEDIUM,Travel reminder,Send automated reminder closer to travel date.,Keep customer engaged and reduce avoidable cancellations.
UNKNOWN,UNKNOWN,45.46,MEDIUM,MEDIUM,Travel reminder,Send automated reminder closer to travel date.,Keep customer engaged and reduce avoidable cancellations.
UNKNOWN,UNKNOWN,53.45,MEDIUM,MEDIUM,Travel reminder,Send automated reminder closer to travel date.,Keep customer engaged and reduce avoidable cancellations.
UNKNOWN,UNKNOWN,48.05,MEDIUM,MEDIUM,Travel reminder,Send automated reminder closer to travel date.,Keep customer engaged and reduce avoidable cancellations.
UNKNOWN,UNKNOWN,50.78,MEDIUM,MEDIUM,Travel reminder,Send automated reminder closer to travel date.,Keep customer engaged and reduce avoidable cancellations.
UNKNOWN,UNKNOWN,45.58,MEDIUM,MEDIUM,Travel reminder,Send automated reminder closer to travel date.,Keep customer engaged and reduce avoidable cancellations.
UNKNOWN,UNKNOWN,54.8,MEDIUM,MEDIUM,Travel reminder,Send automated reminder closer to travel date.,Keep customer engaged and reduce avoidable cancellations.
UNKNOWN,UNKNOWN,52.38,MEDIUM,MEDIUM,Travel reminder,Send automated reminder closer to travel date.,Keep customer engaged and reduce avoidable cancellations.
UNKNOWN,UNKNOWN,47.55,MEDIUM,MEDIUM,Travel reminder,Send automated reminder closer to travel date.,Keep customer engaged and reduce avoidable cancellations.
UNKNOWN,UNKNOWN,50.9,MEDIUM,MEDIUM,Travel reminder,Send automated reminder closer to travel date.,Keep customer engaged and reduce avoidable cancellations.
UNKNOWN,UNKNOWN,50.02,MEDIUM,MEDIUM,Travel reminder,Send automated reminder closer to travel date.,Keep customer engaged and reduce avoidable cancellations.
UNKNOWN,UNKNOWN,50.64,MEDIUM,MEDIUM,Travel reminder,Send automated reminder closer to travel date.,Keep customer engaged and reduce avoidable cancellations.
UNKNOWN,UNKNOWN,52.75,MEDIUM,MEDIUM,Travel reminder,Send automated reminder closer to travel date.,Keep customer engaged and reduce avoidable cancellations.
UNKNOWN,UNKNOWN,52.89,MEDIUM,MEDIUM,Travel reminder,Send automated reminder closer to travel date.,Keep customer engaged and reduce avoidable cancellations.
UNKNOWN,UNKNOWN,54.47,MEDIUM,MEDIUM,Travel reminder,Send automated reminder closer to travel date.,Keep customer engaged and reduce avoidable cancellations.
UNKNOWN,UNKNOWN,53.25,MEDIUM,MEDIUM,Travel reminder,Send automated reminder closer to travel date.,Keep customer engaged and reduce avoidable cancellations.
UNKNOWN,UNKNOWN,46.85,MEDIUM,MEDIUM,Travel reminder,Send automated reminder closer to travel date.,Keep customer engaged and reduce avoidable cancellations.
UNKNOWN,UNKNOWN,49.99,MEDIUM,MEDIUM,Travel reminder,Send automated reminder closer to travel date.,Keep customer engaged and reduce avoidable cancellations.
UNKNOWN,UNKNOWN,45.17,MEDIUM,MEDIUM,Travel reminder,Send automated reminder closer to travel date.,Keep customer engaged and reduce avoidable cancellations.
UNKNOWN,UNKNOWN,53.46,MEDIUM,MEDIUM,Travel reminder,Send automated reminder closer to travel date.,Keep customer engaged and reduce avoidable cancellations.
UNKNOWN,UNKNOWN,49.07,MEDIUM,MEDIUM,Travel reminder,Send automated reminder closer to travel date.,Keep customer engaged and reduce avoidable cancellations.
UNKNOWN,UNKNOWN,52.61,MEDIUM,MEDIUM,Travel reminder,Send automated reminder closer to travel date.,Keep customer engaged and reduce avoidable cancellations.
UNKNOWN,UNKNOWN,51.43,MEDIUM,MEDIUM,Travel reminder,Send automated reminder closer to travel date.,Keep customer engaged and reduce avoidable cancellations.
UNKNOWN,UNKNOWN,51.73,MEDIUM,MEDIUM,Travel reminder,Send automated reminder closer to travel date.,Keep customer engaged and reduce avoidable cancellations.
UNKNOWN,UNKNOWN,46.78,MEDIUM,MEDIUM,Travel reminder,Send automated reminder closer to travel date.,Keep customer engaged and reduce avoidable cancellations.
UNKNOWN,UNKNOWN,48.45,MEDIUM,MEDIUM,Travel reminder,Send automated reminder closer to travel date.,Keep customer engaged and reduce avoidable cancellations.
UNKNOWN,UNKNOWN,47.53,MEDIUM,MEDIUM,Travel reminder,Send automated reminder closer to travel date.,Keep customer engaged and reduce avoidable cancellations.
UNKNOWN,UNKNOWN,50.56,MEDIUM,MEDIUM,Travel reminder,Send automated reminder closer to travel date.,Keep customer engaged and reduce avoidable cancellations.
UNKNOWN,UNKNOWN,50.32,MEDIUM,MEDIUM,Travel reminder,Send automated reminder closer to travel date.,Keep customer engaged and reduce avoidable cancellations.
UNKNOWN,UNKNOWN,52.36,MEDIUM,MEDIUM,Travel reminder,Send automated reminder closer to travel date.,Keep customer engaged and reduce avoidable cancellations.
UNKNOWN,UNKNOWN,52.8,MEDIUM,MEDIUM,Travel reminder,Send automated reminder closer to travel date.,Keep customer engaged and reduce avoidable cancellations.
UNKNOWN,UNKNOWN,55.81,MEDIUM,MEDIUM,Travel reminder,Send automated reminder closer to travel date.,Keep customer engaged and reduce avoidable cancellations.
UNKNOWN,UNKNOWN,46.71,MEDIUM,MEDIUM,Travel reminder,Send automated reminder closer to travel date.,Keep customer engaged and reduce avoidable cancellations.
UNKNOWN,UNKNOWN,50.2,MEDIUM,MEDIUM,Travel reminder,Send automated reminder closer to travel date.,Keep customer engaged and reduce avoidable cancellations.
UNKNOWN,UNKNOWN,47.27,MEDIUM,MEDIUM,Travel reminder,Send automated reminder closer to travel date.,Keep customer engaged and reduce avoidable cancellations.
UNKNOWN,UNKNOWN,49.23,MEDIUM,MEDIUM,Travel reminder,Send automated reminder closer to travel date.,Keep customer engaged and reduce avoidable cancellations.
UNKNOWN,UNKNOWN,50.45,MEDIUM,MEDIUM,Travel reminder,Send automated reminder closer to travel date.,Keep customer engaged and reduce avoidable cancellations.
UNKNOWN,UNKNOWN,45.89,MEDIUM,MEDIUM,Travel reminder,Send automated reminder closer to travel date.,Keep customer engaged and reduce avoidable cancellations.
UNKNOWN,UNKNOWN,52.52,MEDIUM,MEDIUM,Travel reminder,Send automated reminder closer to travel date.,Keep customer engaged and reduce avoidable cancellations.
UNKNOWN,UNKNOWN,50.67,MEDIUM,MEDIUM,Travel reminder,Send automated reminder closer to travel date.,Keep customer engaged and reduce avoidable cancellations.
UNKNOWN,UNKNOWN,52.47,MEDIUM,MEDIUM,Travel reminder,Send automated reminder closer to travel date.,Keep customer engaged and reduce avoidable cancellations.
UNKNOWN,UNKNOWN,45.09,MEDIUM,MEDIUM,Travel reminder,Send automated reminder closer to travel date.,Keep customer engaged and reduce avoidable cancellations.
UNKNOWN,UNKNOWN,48.48,MEDIUM,MEDIUM,Travel reminder,Send automated reminder closer to travel date.,Keep customer engaged and reduce avoidable cancellations.
UNKNOWN,UNKNOWN,49.42,MEDIUM,MEDIUM,Travel reminder,Send automated reminder closer to travel date.,Keep customer engaged and reduce avoidable cancellations.
UNKNOWN,UNKNOWN,45.02,MEDIUM,MEDIUM,Travel reminder,Send automated reminder closer to travel date.,Keep customer engaged and reduce avoidable cancellations.
UNKNOWN,UNKNOWN,43.66,MEDIUM,MEDIUM,Travel reminder,Send automated reminder closer to travel date.,Keep customer engaged and reduce avoidable cancellations.
UNKNOWN,UNKNOWN,55.01,MEDIUM,MEDIUM,Travel reminder,Send automated reminder closer to travel date.,Keep customer engaged and reduce avoidable cancellations.
UNKNOWN,UNKNOWN,55.51,MEDIUM,MEDIUM,Travel reminder,Send automated reminder closer to travel date.,Keep customer engaged and reduce avoidable cancellations.
UNKNOWN,UNKNOWN,45.54,MEDIUM,MEDIUM,Travel reminder,Send automated reminder closer to travel date.,Keep customer engaged and reduce avoidable cancellations.
UNKNOWN,UNKNOWN,50.64,MEDIUM,MEDIUM,Travel reminder,Send automated reminder closer to travel date.,Keep customer engaged and reduce avoidable cancellations.
UNKNOWN,UNKNOWN,52.42,MEDIUM,MEDIUM,Travel reminder,Send automated reminder closer to travel date.,Keep customer engaged and reduce avoidable cancellations.
UNKNOWN,UNKNOWN,51.97,MEDIUM,MEDIUM,Travel reminder,Send automated reminder closer to travel date.,Keep customer engaged and reduce avoidable cancellations.
UNKNOWN,UNKNOWN,53.63,MEDIUM,MEDIUM,Travel reminder,Send automated reminder closer to travel date.,Keep customer engaged and reduce avoidable cancellations.
UNKNOWN,UNKNOWN,47.86,MEDIUM,MEDIUM,Travel reminder,Send automated reminder closer to travel date.,Keep customer engaged and reduce avoidable cancellations.
UNKNOWN,UNKNOWN,51.06,MEDIUM,MEDIUM,Travel reminder,Send automated reminder closer to travel date.,Keep customer engaged and reduce avoidable cancellations.
UNKNOWN,UNKNOWN,52.78,MEDIUM,MEDIUM,Travel reminder,Send automated reminder closer to travel date.,Keep customer engaged and reduce avoidable cancellations.
UNKNOWN,UNKNOWN,51.81,MEDIUM,MEDIUM,Travel reminder,Send automated reminder closer to travel date.,Keep customer engaged and reduce avoidable cancellations.
UNKNOWN,UNKNOWN,52.12,MEDIUM,MEDIUM,Travel reminder,Send automated reminder closer to travel date.,Keep customer engaged and reduce avoidable cancellations.
UNKNOWN,UNKNOWN,49.32,MEDIUM,MEDIUM,Travel reminder,Send automated reminder closer to travel date.,Keep customer engaged and reduce avoidable cancellations.
UNKNOWN,UNKNOWN,50.71,MEDIUM,MEDIUM,Travel reminder,Send automated reminder closer to travel date.,Keep customer engaged and reduce avoidable cancellations.
UNKNOWN,UNKNOWN,54.76,MEDIUM,MEDIUM,Travel reminder,Send automated reminder closer to travel date.,Keep customer engaged and reduce avoidable cancellations.
UNKNOWN,UNKNOWN,45.87,MEDIUM,MEDIUM,Travel reminder,Send automated reminder closer to travel date.,Keep customer engaged and reduce avoidable cancellations.
UNKNOWN,UNKNOWN,46.72,MEDIUM,MEDIUM,Travel reminder,Send automated reminder closer to travel date.,Keep customer engaged and reduce avoidable cancellations.
UNKNOWN,UNKNOWN,51.63,MEDIUM,MEDIUM,Travel reminder,Send automated reminder closer to travel date.,Keep customer engaged and reduce avoidable cancellations.
UNKNOWN,UNKNOWN,52.38,MEDIUM,MEDIUM,Travel reminder,Send automated reminder closer to travel date.,Keep customer engaged and reduce avoidable cancellations.
UNKNOWN,UNKNOWN,46.49,MEDIUM,MEDIUM,Travel reminder,Send automated reminder closer to travel date.,Keep customer engaged and reduce avoidable cancellations.
UNKNOWN,UNKNOWN,48.47,MEDIUM,MEDIUM,Travel reminder,Send automated reminder closer to travel date.,Keep customer engaged and reduce avoidable cancellations.
UNKNOWN,UNKNOWN,53.64,MEDIUM,MEDIUM,Travel reminder,Send automated reminder closer to travel date.,Keep customer engaged and reduce avoidable cancellations.
UNKNOWN,UNKNOWN,45.59,MEDIUM,MEDIUM,Travel reminder,Send automated reminder closer to travel date.,Keep customer engaged and reduce avoidable cancellations.
UNKNOWN,UNKNOWN,54.86,MEDIUM,MEDIUM,Travel reminder,Send automated reminder closer to travel date.,Keep customer engaged and reduce avoidable cancellations.
UNKNOWN,UNKNOWN,49.34,MEDIUM,MEDIUM,Travel reminder,Send automated reminder closer to travel date.,Keep customer engaged and reduce avoidable cancellations.
UNKNOWN,UNKNOWN,55.06,MEDIUM,MEDIUM,Travel reminder,Send automated reminder closer to travel date.,Keep customer engaged and reduce avoidable cancellations.
UNKNOWN,UNKNOWN,54.28,MEDIUM,MEDIUM,Travel reminder,Send automated reminder closer to travel date.,Keep customer engaged and reduce avoidable cancellations.
UNKNOWN,UNKNOWN,50.98,MEDIUM,MEDIUM,Travel reminder,Send automated reminder closer to travel date.,Keep customer engaged and reduce avoidable cancellations.
UNKNOWN,UNKNOWN,46.07,MEDIUM,MEDIUM,Travel reminder,Send automated reminder closer to travel date.,Keep customer engaged and reduce avoidable cancellations.
UNKNOWN,UNKNOWN,47.83,MEDIUM,MEDIUM,Travel reminder,Send automated reminder closer to travel date.,Keep customer engaged and reduce avoidable cancellations.
UNKNOWN,UNKNOWN,49.48,MEDIUM,MEDIUM,Travel reminder,Send automated reminder closer to travel date.,Keep customer engaged and reduce avoidable cancellations.
UNKNOWN,UNKNOWN,53.19,MEDIUM,MEDIUM,Travel reminder,Send automated reminder closer to travel date.,Keep customer engaged and reduce avoidable cancellations.
UNKNOWN,UNKNOWN,52.93,MEDIUM,MEDIUM,Travel reminder,Send automated reminder closer to travel date.,Keep customer engaged and reduce avoidable cancellations.
UNKNOWN,UNKNOWN,49.17,MEDIUM,MEDIUM,Travel reminder,Send automated reminder closer to travel date.,Keep customer engaged and reduce avoidable cancellations.
UNKNOWN,UNKNOWN,52.4,MEDIUM,MEDIUM,Travel reminder,Send automated reminder closer to travel date.,Keep customer engaged and reduce avoidable cancellations.
UNKNOWN,UNKNOWN,53.6,MEDIUM,MEDIUM,Travel reminder,Send automated reminder closer to travel date.,Keep customer engaged and reduce avoidable cancellations.
UNKNOWN,UNKNOWN,48.37,MEDIUM,MEDIUM,Travel reminder,Send automated reminder closer to travel date.,Keep customer engaged and reduce avoidable cancellations.
UNKNOWN,UNKNOWN,48.61,MEDIUM,MEDIUM,Travel reminder,Send automated reminder closer to travel date.,Keep customer engaged and reduce avoidable cancellations.
UNKNOWN,UNKNOWN,48.07,MEDIUM,MEDIUM,Travel reminder,Send automated reminder closer to travel date.,Keep customer engaged and reduce avoidable cancellations.
UNKNOWN,UNKNOWN,47.17,MEDIUM,MEDIUM,Travel reminder,Send automated reminder closer to travel date.,Keep customer engaged and reduce avoidable cancellations.
UNKNOWN,UNKNOWN,49.72,MEDIUM,MEDIUM,Travel reminder,Send automated reminder closer to travel date.,Keep customer engaged and reduce avoidable cancellations.
UNKNOWN,UNKNOWN,44.03,MEDIUM,MEDIUM,Travel reminder,Send automated reminder closer to travel date.,Keep customer engaged and reduce avoidable cancellations.
UNKNOWN,UNKNOWN,51.39,MEDIUM,MEDIUM,Travel reminder,Send automated reminder closer to travel date.,Keep customer engaged and reduce avoidable cancellations.
UNKNOWN,UNKNOWN,49.51,MEDIUM,MEDIUM,Travel reminder,Send automated reminder closer to travel date.,Keep customer engaged and reduce avoidable cancellations.
UNKNOWN,UNKNOWN,49.24,MEDIUM,MEDIUM,Travel reminder,Send automated reminder closer to travel date.,Keep customer engaged and reduce avoidable cancellations.
UNKNOWN,UNKNOWN,52.36,MEDIUM,MEDIUM,Travel reminder,Send automated reminder closer to travel date.,Keep customer engaged and reduce avoidable cancellations.
UNKNOWN,UNKNOWN,51.45,MEDIUM,MEDIUM,Travel reminder,Send automated reminder closer to travel date.,Keep customer engaged and reduce avoidable cancellations.
UNKNOWN,UNKNOWN,50.6,MEDIUM,MEDIUM,Travel reminder,Send automated reminder closer to travel date.,Keep customer engaged and reduce avoidable cancellations.
UNKNOWN,UNKNOWN,49.02,MEDIUM,MEDIUM,Travel reminder,Send automated reminder closer to travel date.,Keep customer engaged and reduce avoidable cancellations.
UNKNOWN,UNKNOWN,52.51,MEDIUM,MEDIUM,Travel reminder,Send automated reminder closer to travel date.,Keep customer engaged and reduce avoidable cancellations.
UNKNOWN,UNKNOWN,51.69,MEDIUM,MEDIUM,Travel reminder,Send automated reminder closer to travel date.,Keep customer engaged and reduce avoidable cancellations.
UNKNOWN,UNKNOWN,53.97,MEDIUM,MEDIUM,Travel reminder,Send automated reminder closer to travel date.,Keep customer engaged and reduce avoidable cancellations.
UNKNOWN,UNKNOWN,43.39,MEDIUM,MEDIUM,Travel reminder,Send automated reminder closer to travel date.,Keep customer engaged and reduce avoidable cancellations.
UNKNOWN,UNKNOWN,44.63,MEDIUM,MEDIUM,Travel reminder,Send automated reminder closer to travel date.,Keep customer engaged and reduce avoidable cancellations.
UNKNOWN,UNKNOWN,52.49,MEDIUM,MEDIUM,Travel reminder,Send automated reminder closer to travel date.,Keep customer engaged and reduce avoidable cancellations.
UNKNOWN,UNKNOWN,55.32,MEDIUM,MEDIUM,Travel reminder,Send automated reminder closer to travel date.,Keep customer engaged and reduce avoidable cancellations.
UNKNOWN,UNKNOWN,53.21,MEDIUM,MEDIUM,Travel reminder,Send automated reminder closer to travel date.,Keep customer engaged and reduce avoidable cancellations.
UNKNOWN,UNKNOWN,53.95,MEDIUM,MEDIUM,Travel reminder,Send automated reminder closer to travel date.,Keep customer engaged and reduce avoidable cancellations.
UNKNOWN,UNKNOWN,46.67,MEDIUM,MEDIUM,Travel reminder,Send automated reminder closer to travel date.,Keep customer engaged and reduce avoidable cancellations.
UNKNOWN,UNKNOWN,45.96,MEDIUM,MEDIUM,Travel reminder,Send automated reminder closer to travel date.,Keep customer engaged and reduce avoidable cancellations.
UNKNOWN,UNKNOWN,45.51,MEDIUM,MEDIUM,Travel reminder,Send automated reminder closer to travel date.,Keep customer engaged and reduce avoidable cancellations.
UNKNOWN,UNKNOWN,54.21,MEDIUM,MEDIUM,Travel reminder,Send automated reminder closer to travel date.,Keep customer engaged and reduce avoidable cancellations.
UNKNOWN,UNKNOWN,52.53,MEDIUM,MEDIUM,Travel reminder,Send automated reminder closer to travel date.,Keep customer engaged and reduce avoidable cancellations.
UNKNOWN,UNKNOWN,50.1,MEDIUM,MEDIUM,Travel reminder,Send automated reminder closer to travel date.,Keep customer engaged and reduce avoidable cancellations.
UNKNOWN,UNKNOWN,47.0,MEDIUM,MEDIUM,Travel reminder,Send automated reminder closer to travel date.,Keep customer engaged and reduce avoidable cancellations.
UNKNOWN,UNKNOWN,54.19,MEDIUM,MEDIUM,Travel reminder,Send automated reminder closer to travel date.,Keep customer engaged and reduce avoidable cancellations.
UNKNOWN,UNKNOWN,43.8,MEDIUM,MEDIUM,Travel reminder,Send automated reminder closer to travel date.,Keep customer engaged and reduce avoidable cancellations.
UNKNOWN,UNKNOWN,53.67,MEDIUM,MEDIUM,Travel reminder,Send automated reminder closer to travel date.,Keep customer engaged and reduce avoidable cancellations.
UNKNOWN,UNKNOWN,52.86,MEDIUM,MEDIUM,Travel reminder,Send automated reminder closer to travel date.,Keep customer engaged and reduce avoidable cancellations.
UNKNOWN,UNKNOWN,48.55,MEDIUM,MEDIUM,Travel reminder,Send automated reminder closer to travel date.,Keep customer engaged and reduce avoidable cancellations.
UNKNOWN,UNKNOWN,47.6,MEDIUM,MEDIUM,Travel reminder,Send automated reminder closer to travel date.,Keep customer engaged and reduce avoidable cancellations.
UNKNOWN,UNKNOWN,47.12,MEDIUM,MEDIUM,Travel reminder,Send automated reminder closer to travel date.,Keep customer engaged and reduce avoidable cancellations.
UNKNOWN,UNKNOWN,49.65,MEDIUM,MEDIUM,Travel reminder,Send automated reminder closer to travel date.,Keep customer engaged and reduce avoidable cancellations.
UNKNOWN,UNKNOWN,45.82,MEDIUM,MEDIUM,Travel reminder,Send automated reminder closer to travel date.,Keep customer engaged and reduce avoidable cancellations.
UNKNOWN,UNKNOWN,47.01,MEDIUM,MEDIUM,Travel reminder,Send automated reminder closer to travel date.,Keep customer engaged and reduce avoidable cancellations.
UNKNOWN,UNKNOWN,54.96,MEDIUM,MEDIUM,Travel reminder,Send automated reminder closer to travel date.,Keep customer engaged and reduce avoidable cancellations.
UNKNOWN,UNKNOWN,52.13,MEDIUM,MEDIUM,Travel reminder,Send automated reminder closer to travel date.,Keep customer engaged and reduce avoidable cancellations.
UNKNOWN,UNKNOWN,59.97,MEDIUM,MEDIUM,Travel reminder,Send automated reminder closer to travel date.,Keep customer engaged and reduce avoidable cancellations.
UNKNOWN,UNKNOWN,50.32,MEDIUM,MEDIUM,Travel reminder,Send automated reminder closer to travel date.,Keep customer engaged and reduce avoidable cancellations.
UNKNOWN,UNKNOWN,47.94,MEDIUM,MEDIUM,Travel reminder,Send automated reminder closer to travel date.,Keep customer engaged and reduce avoidable cancellations.
UNKNOWN,UNKNOWN,45.34,MEDIUM,MEDIUM,Travel reminder,Send automated reminder closer to travel date.,Keep customer engaged and reduce avoidable cancellations.
UNKNOWN,UNKNOWN,47.9,MEDIUM,MEDIUM,Travel reminder,Send automated reminder closer to travel date.,Keep customer engaged and reduce avoidable cancellations.
UNKNOWN,UNKNOWN,53.13,MEDIUM,MEDIUM,Travel reminder,Send automated reminder closer to travel date.,Keep customer engaged and reduce avoidable cancellations.
UNKNOWN,UNKNOWN,48.8,MEDIUM,MEDIUM,Travel reminder,Send automated reminder closer to travel date.,Keep customer engaged and reduce avoidable cancellations.
UNKNOWN,UNKNOWN,40.61,MEDIUM,MEDIUM,Travel reminder,Send automated reminder closer to travel date.,Keep customer engaged and reduce avoidable cancellations.
UNKNOWN,UNKNOWN,46.48,MEDIUM,MEDIUM,Travel reminder,Send automated reminder closer to travel date.,Keep customer engaged and reduce avoidable cancellations.
UNKNOWN,UNKNOWN,54.27,MEDIUM,MEDIUM,Travel reminder,Send automated reminder closer to travel date.,Keep customer engaged and reduce avoidable cancellations.
UNKNOWN,UNKNOWN,42.55,MEDIUM,MEDIUM,Travel reminder,Send automated reminder closer to travel date.,Keep customer engaged and reduce avoidable cancellations.
UNKNOWN,UNKNOWN,53.87,MEDIUM,MEDIUM,Travel reminder,Send automated reminder closer to travel date.,Keep customer engaged and reduce avoidable cancellations.
UNKNOWN,UNKNOWN,54.0,MEDIUM,MEDIUM,Travel reminder,Send automated reminder closer to travel date.,Keep customer engaged and reduce avoidable cancellations.
UNKNOWN,UNKNOWN,52.38,MEDIUM,MEDIUM,Travel reminder,Send automated reminder closer to travel date.,Keep customer engaged and reduce avoidable cancellations.
UNKNOWN,UNKNOWN,48.37,MEDIUM,MEDIUM,Travel reminder,Send automated reminder closer to travel date.,Keep customer engaged and reduce avoidable cancellations.
UNKNOWN,UNKNOWN,46.82,MEDIUM,MEDIUM,Travel reminder,Send automated reminder closer to travel date.,Keep customer engaged and reduce avoidable cancellations.
UNKNOWN,UNKNOWN,49.13,MEDIUM,MEDIUM,Travel reminder,Send automated reminder closer to travel date.,Keep customer engaged and reduce avoidable cancellations.
UNKNOWN,UNKNOWN,52.29,MEDIUM,MEDIUM,Travel reminder,Send automated reminder closer to travel date.,Keep customer engaged and reduce avoidable cancellations.
UNKNOWN,UNKNOWN,50.79,MEDIUM,MEDIUM,Travel reminder,Send automated reminder closer to travel date.,Keep customer engaged and reduce avoidable cancellations.
UNKNOWN,UNKNOWN,49.18,MEDIUM,MEDIUM,Travel reminder,Send automated reminder closer to travel date.,Keep customer engaged and reduce avoidable cancellations.
UNKNOWN,UNKNOWN,46.16,MEDIUM,MEDIUM,Travel reminder,Send automated reminder closer to travel date.,Keep customer engaged and reduce avoidable cancellations.
UNKNOWN,UNKNOWN,51.74,MEDIUM,MEDIUM,Travel reminder,Send automated reminder closer to travel date.,Keep customer engaged and reduce avoidable cancellations.
UNKNOWN,UNKNOWN,44.03,MEDIUM,MEDIUM,Travel reminder,Send automated reminder closer to travel date.,Keep customer engaged and reduce avoidable cancellations.
UNKNOWN,UNKNOWN,53.04,MEDIUM,MEDIUM,Travel reminder,Send automated reminder closer to travel date.,Keep customer engaged and reduce avoidable cancellations.
UNKNOWN,UNKNOWN,57.73,MEDIUM,MEDIUM,Travel reminder,Send automated reminder closer to travel date.,Keep customer engaged and reduce avoidable cancellations.
UNKNOWN,UNKNOWN,49.38,MEDIUM,MEDIUM,Travel reminder,Send automated reminder closer to travel date.,Keep customer engaged and reduce avoidable cancellations.
UNKNOWN,UNKNOWN,50.57,MEDIUM,MEDIUM,Travel reminder,Send automated reminder closer to travel date.,Keep customer engaged and reduce avoidable cancellations.
UNKNOWN,UNKNOWN,51.91,MEDIUM,MEDIUM,Travel reminder,Send automated reminder closer to travel date.,Keep customer engaged and reduce avoidable cancellations.
UNKNOWN,UNKNOWN,50.39,MEDIUM,MEDIUM,Travel reminder,Send automated reminder closer to travel date.,Keep customer engaged and reduce avoidable cancellations.
UNKNOWN,UNKNOWN,48.05,MEDIUM,MEDIUM,Travel reminder,Send automated reminder closer to travel date.,Keep customer engaged and reduce avoidable cancellations.
UNKNOWN,UNKNOWN,52.44,MEDIUM,MEDIUM,Travel reminder,Send automated reminder closer to travel date.,Keep customer engaged and reduce avoidable cancellations.
UNKNOWN,UNKNOWN,50.69,MEDIUM,MEDIUM,Travel reminder,Send automated reminder closer to travel date.,Keep customer engaged and reduce avoidable cancellations.
UNKNOWN,UNKNOWN,52.84,MEDIUM,MEDIUM,Travel reminder,Send automated reminder closer to travel date.,Keep customer engaged and reduce avoidable cancellations.
UNKNOWN,UNKNOWN,52.78,MEDIUM,MEDIUM,Travel reminder,Send automated reminder closer to travel date.,Keep customer engaged and reduce avoidable cancellations.
UNKNOWN,UNKNOWN,43.82,MEDIUM,MEDIUM,Travel reminder,Send automated reminder closer to travel date.,Keep customer engaged and reduce avoidable cancellations.
UNKNOWN,UNKNOWN,53.84,MEDIUM,MEDIUM,Travel reminder,Send automated reminder closer to travel date.,Keep customer engaged and reduce avoidable cancellations.
UNKNOWN,UNKNOWN,50.67,MEDIUM,MEDIUM,Travel reminder,Send automated reminder closer to travel date.,Keep customer engaged and reduce avoidable cancellations.
UNKNOWN,UNKNOWN,51.8,MEDIUM,MEDIUM,Travel reminder,Send automated reminder closer to travel date.,Keep customer engaged and reduce avoidable cancellations.
UNKNOWN,UNKNOWN,49.12,MEDIUM,MEDIUM,Travel reminder,Send automated reminder closer to travel date.,Keep customer engaged and reduce avoidable cancellations.
UNKNOWN,UNKNOWN,47.65,MEDIUM,MEDIUM,Travel reminder,Send automated reminder closer to travel date.,Keep customer engaged and reduce avoidable cancellations.
UNKNOWN,UNKNOWN,47.94,MEDIUM,MEDIUM,Travel reminder,Send automated reminder closer to travel date.,Keep customer engaged and reduce avoidable cancellations.
UNKNOWN,UNKNOWN,52.02,MEDIUM,MEDIUM,Travel reminder,Send automated reminder closer to travel date.,Keep customer engaged and reduce avoidable cancellations.
UNKNOWN,UNKNOWN,48.24,MEDIUM,MEDIUM,Travel reminder,Send automated reminder closer to travel date.,Keep customer engaged and reduce avoidable cancellations.
UNKNOWN,UNKNOWN,50.26,MEDIUM,MEDIUM,Travel reminder,Send automated reminder closer to travel date.,Keep customer engaged and reduce avoidable cancellations.
UNKNOWN,UNKNOWN,48.11,MEDIUM,MEDIUM,Travel reminder,Send automated reminder closer to travel date.,Keep customer engaged and reduce avoidable cancellations.
UNKNOWN,UNKNOWN,49.19,MEDIUM,MEDIUM,Travel reminder,Send automated reminder closer to travel date.,Keep customer engaged and reduce avoidable cancellations.
UNKNOWN,UNKNOWN,50.32,MEDIUM,MEDIUM,Travel reminder,Send automated reminder closer to travel date.,Keep customer engaged and reduce avoidable cancellations.
UNKNOWN,UNKNOWN,49.26,MEDIUM,MEDIUM,Travel reminder,Send automated reminder closer to travel date.,Keep customer engaged and reduce avoidable cancellations.
UNKNOWN,UNKNOWN,41.09,MEDIUM,MEDIUM,Travel reminder,Send automated reminder closer to travel date.,Keep customer engaged and reduce avoidable cancellations.
UNKNOWN,UNKNOWN,46.37,MEDIUM,MEDIUM,Travel reminder,Send automated reminder closer to travel date.,Keep customer engaged and reduce avoidable cancellations.
UNKNOWN,UNKNOWN,50.73,MEDIUM,MEDIUM,Travel reminder,Send automated reminder closer to travel date.,Keep customer engaged and reduce avoidable cancellations.
UNKNOWN,UNKNOWN,49.56,MEDIUM,MEDIUM,Travel reminder,Send automated reminder closer to travel date.,Keep customer engaged and reduce avoidable cancellations.
UNKNOWN,UNKNOWN,52.05,MEDIUM,MEDIUM,Travel reminder,Send automated reminder closer to travel date.,Keep customer engaged and reduce avoidable cancellations.
UNKNOWN,UNKNOWN,50.9,MEDIUM,MEDIUM,Travel reminder,Send automated reminder closer to travel date.,Keep customer engaged and reduce avoidable cancellations.
UNKNOWN,UNKNOWN,52.0,MEDIUM,MEDIUM,Travel reminder,Send automated reminder closer to travel date.,Keep customer engaged and reduce avoidable cancellations.
UNKNOWN,UNKNOWN,51.61,MEDIUM,MEDIUM,Travel reminder,Send automated reminder closer to travel date.,Keep customer engaged and reduce avoidable cancellations.
UNKNOWN,UNKNOWN,51.43,MEDIUM,MEDIUM,Travel reminder,Send automated reminder closer to travel date.,Keep customer engaged and reduce avoidable cancellations.
UNKNOWN,UNKNOWN,42.96,MEDIUM,MEDIUM,Travel reminder,Send automated reminder closer to travel date.,Keep customer engaged and reduce avoidable cancellations.
UNKNOWN,UNKNOWN,46.49,MEDIUM,MEDIUM,Travel reminder,Send automated reminder closer to travel date.,Keep customer engaged and reduce avoidable cancellations.
UNKNOWN,UNKNOWN,46.77,MEDIUM,MEDIUM,Travel reminder,Send automated reminder closer to travel date.,Keep customer engaged and reduce avoidable cancellations.
UNKNOWN,UNKNOWN,46.36,MEDIUM,MEDIUM,Travel reminder,Send automated reminder closer to travel date.,Keep customer engaged and reduce avoidable cancellations.
UNKNOWN,UNKNOWN,46.99,MEDIUM,MEDIUM,Travel reminder,Send automated reminder closer to travel date.,Keep customer engaged and reduce avoidable cancellations.
UNKNOWN,UNKNOWN,45.81,MEDIUM,MEDIUM,Travel reminder,Send automated reminder closer to travel date.,Keep customer engaged and reduce avoidable cancellations.
UNKNOWN,UNKNOWN,48.02,MEDIUM,MEDIUM,Travel reminder,Send automated reminder closer to travel date.,Keep customer engaged and reduce avoidable cancellations.
UNKNOWN,UNKNOWN,46.04,MEDIUM,MEDIUM,Travel reminder,Send automated reminder closer to travel date.,Keep customer engaged and reduce avoidable cancellations.
UNKNOWN,UNKNOWN,50.64,MEDIUM,MEDIUM,Travel reminder,Send automated reminder closer to travel date.,Keep customer engaged and reduce avoidable cancellations.
UNKNOWN,UNKNOWN,55.18,MEDIUM,MEDIUM,Travel reminder,Send automated reminder closer to travel date.,Keep customer engaged and reduce avoidable cancellations.
UNKNOWN,UNKNOWN,50.1,MEDIUM,MEDIUM,Travel reminder,Send automated reminder closer to travel date.,Keep customer engaged and reduce avoidable cancellations.
UNKNOWN,UNKNOWN,52.0,MEDIUM,MEDIUM,Travel reminder,Send automated reminder closer to travel date.,Keep customer engaged and reduce avoidable cancellations.
UNKNOWN,UNKNOWN,46.59,MEDIUM,MEDIUM,Travel reminder,Send automated reminder closer to travel date.,Keep customer engaged and reduce avoidable cancellations.
UNKNOWN,UNKNOWN,47.53,MEDIUM,MEDIUM,Travel reminder,Send automated reminder closer to travel date.,Keep customer engaged and reduce avoidable cancellations.
UNKNOWN,UNKNOWN,51.27,MEDIUM,MEDIUM,Travel reminder,Send automated reminder closer to travel date.,Keep customer engaged and reduce avoidable cancellations.
UNKNOWN,UNKNOWN,46.23,MEDIUM,MEDIUM,Travel reminder,Send automated reminder closer to travel date.,Keep customer engaged and reduce avoidable cancellations.
UNKNOWN,UNKNOWN,45.83,MEDIUM,MEDIUM,Travel reminder,Send automated reminder closer to travel date.,Keep customer engaged and reduce avoidable cancellations.
UNKNOWN,UNKNOWN,48.43,MEDIUM,MEDIUM,Travel reminder,Send automated reminder closer to travel date.,Keep customer engaged and reduce avoidable cancellations.
UNKNOWN,UNKNOWN,46.22,MEDIUM,MEDIUM,Travel reminder,Send automated reminder closer to travel date.,Keep customer engaged and reduce avoidable cancellations.
UNKNOWN,UNKNOWN,51.25,MEDIUM,MEDIUM,Travel reminder,Send automated reminder closer to travel date.,Keep customer engaged and reduce avoidable cancellations.
UNKNOWN,UNKNOWN,50.82,MEDIUM,MEDIUM,Travel reminder,Send automated reminder closer to travel date.,Keep customer engaged and reduce avoidable cancellations.
UNKNOWN,UNKNOWN,44.96,MEDIUM,MEDIUM,Travel reminder,Send automated reminder closer to travel date.,Keep customer engaged and reduce avoidable cancellations.
UNKNOWN,UNKNOWN,51.4,MEDIUM,MEDIUM,Travel reminder,Send automated reminder closer to travel date.,Keep customer engaged and reduce avoidable cancellations.
UNKNOWN,UNKNOWN,46.0,MEDIUM,MEDIUM,Travel reminder,Send automated reminder closer to travel date.,Keep customer engaged and reduce avoidable cancellations.
UNKNOWN,UNKNOWN,46.6,MEDIUM,MEDIUM,Travel reminder,Send automated reminder closer to travel date.,Keep customer engaged and reduce avoidable cancellations.
UNKNOWN,UNKNOWN,52.65,MEDIUM,MEDIUM,Travel reminder,Send automated reminder closer to travel date.,Keep customer engaged and reduce avoidable cancellations.
UNKNOWN,UNKNOWN,53.19,MEDIUM,MEDIUM,Travel reminder,Send automated reminder closer to travel date.,Keep customer engaged and reduce avoidable cancellations.
UNKNOWN,UNKNOWN,52.82,MEDIUM,MEDIUM,Travel reminder,Send automated reminder closer to travel date.,Keep customer engaged and reduce avoidable cancellations.
UNKNOWN,UNKNOWN,52.02,MEDIUM,MEDIUM,Travel reminder,Send automated reminder closer to travel date.,Keep customer engaged and reduce avoidable cancellations.
UNKNOWN,UNKNOWN,50.78,MEDIUM,MEDIUM,Travel reminder,Send automated reminder closer to travel date.,Keep customer engaged and reduce avoidable cancellations.
UNKNOWN,UNKNOWN,43.4,MEDIUM,MEDIUM,Travel reminder,Send automated reminder closer to travel date.,Keep customer engaged and reduce avoidable cancellations.
UNKNOWN,UNKNOWN,53.62,MEDIUM,MEDIUM,Travel reminder,Send automated reminder closer to travel date.,Keep customer engaged and reduce avoidable cancellations.
UNKNOWN,UNKNOWN,56.76,MEDIUM,MEDIUM,Travel reminder,Send automated reminder closer to travel date.,Keep customer engaged and reduce avoidable cancellations.
UNKNOWN,UNKNOWN,54.65,MEDIUM,MEDIUM,Travel reminder,Send automated reminder closer to travel date.,Keep customer engaged and reduce avoidable cancellations.
UNKNOWN,UNKNOWN,46.32,MEDIUM,MEDIUM,Travel reminder,Send automated reminder closer to travel date.,Keep customer engaged and reduce avoidable cancellations.
UNKNOWN,UNKNOWN,51.5,MEDIUM,MEDIUM,Travel reminder,Send automated reminder closer to travel date.,Keep customer engaged and reduce avoidable cancellations.
UNKNOWN,UNKNOWN,50.71,MEDIUM,MEDIUM,Travel reminder,Send automated reminder closer to travel date.,Keep customer engaged and reduce avoidable cancellations.
UNKNOWN,UNKNOWN,51.26,MEDIUM,MEDIUM,Travel reminder,Send automated reminder closer to travel date.,Keep customer engaged and reduce avoidable cancellations.
UNKNOWN,UNKNOWN,49.33,MEDIUM,MEDIUM,Travel reminder,Send automated reminder closer to travel date.,Keep customer engaged and reduce avoidable cancellations.
UNKNOWN,UNKNOWN,46.56,MEDIUM,MEDIUM,Travel reminder,Send automated reminder closer to travel date.,Keep customer engaged and reduce avoidable cancellations.
UNKNOWN,UNKNOWN,60.45,HIGH,HIGH,Cancellation prevention campaign,Send personalized reminder and consider a targeted incentive.,Reduce high-probability cancellations.
UNKNOWN,UNKNOWN,50.72,MEDIUM,MEDIUM,Travel reminder,Send automated reminder closer to travel date.,Keep customer engaged and reduce avoidable cancellations.
UNKNOWN,UNKNOWN,47.58,MEDIUM,MEDIUM,Travel reminder,Send automated reminder closer to travel date.,Keep customer engaged and reduce avoidable cancellations.
UNKNOWN,UNKNOWN,50.8,MEDIUM,MEDIUM,Travel reminder,Send automated reminder closer to travel date.,Keep customer engaged and reduce avoidable cancellations.
UNKNOWN,UNKNOWN,53.33,MEDIUM,MEDIUM,Travel reminder,Send automated reminder closer to travel date.,Keep customer engaged and reduce avoidable cancellations.
UNKNOWN,UNKNOWN,46.22,MEDIUM,MEDIUM,Travel reminder,Send automated reminder closer to travel date.,Keep customer engaged and reduce avoidable cancellations.
UNKNOWN,UNKNOWN,50.8,MEDIUM,MEDIUM,Travel reminder,Send automated reminder closer to travel date.,Keep customer engaged and reduce avoidable cancellations.
UNKNOWN,UNKNOWN,45.28,MEDIUM,MEDIUM,Travel reminder,Send automated reminder closer to travel date.,Keep customer engaged and reduce avoidable cancellations.
UNKNOWN,UNKNOWN,51.07,MEDIUM,MEDIUM,Travel reminder,Send automated reminder closer to travel date.,Keep customer engaged and reduce avoidable cancellations.
UNKNOWN,UNKNOWN,47.79,MEDIUM,MEDIUM,Travel reminder,Send automated reminder closer to travel date.,Keep customer engaged and reduce avoidable cancellations.
UNKNOWN,UNKNOWN,51.65,MEDIUM,MEDIUM,Travel reminder,Send automated reminder closer to travel date.,Keep customer engaged and reduce avoidable cancellations.
UNKNOWN,UNKNOWN,46.53,MEDIUM,MEDIUM,Travel reminder,Send automated reminder closer to travel date.,Keep customer engaged and reduce avoidable cancellations.
UNKNOWN,UNKNOWN,49.5,MEDIUM,MEDIUM,Travel reminder,Send automated reminder closer to travel date.,Keep customer engaged and reduce avoidable cancellations.
UNKNOWN,UNKNOWN,51.45,MEDIUM,MEDIUM,Travel reminder,Send automated reminder closer to travel date.,Keep customer engaged and reduce avoidable cancellations.
UNKNOWN,UNKNOWN,55.01,MEDIUM,MEDIUM,Travel reminder,Send automated reminder closer to travel date.,Keep customer engaged and reduce avoidable cancellations.
UNKNOWN,UNKNOWN,51.41,MEDIUM,MEDIUM,Travel reminder,Send automated reminder closer to travel date.,Keep customer engaged and reduce avoidable cancellations.
UNKNOWN,UNKNOWN,52.65,MEDIUM,MEDIUM,Travel reminder,Send automated reminder closer to travel date.,Keep customer engaged and reduce avoidable cancellations.
UNKNOWN,UNKNOWN,53.86,MEDIUM,MEDIUM,Travel reminder,Send automated reminder closer to travel date.,Keep customer engaged and reduce avoidable cancellations.
UNKNOWN,UNKNOWN,56.48,MEDIUM,MEDIUM,Travel reminder,Send automated reminder closer to travel date.,Keep customer engaged and reduce avoidable cancellations.
UNKNOWN,UNKNOWN,53.13,MEDIUM,MEDIUM,Travel reminder,Send automated reminder closer to travel date.,Keep customer engaged and reduce avoidable cancellations.
UNKNOWN,UNKNOWN,50.54,MEDIUM,MEDIUM,Travel reminder,Send automated reminder closer to travel date.,Keep customer engaged and reduce avoidable cancellations.
UNKNOWN,UNKNOWN,48.73,MEDIUM,MEDIUM,Travel reminder,Send automated reminder closer to travel date.,Keep customer engaged and reduce avoidable cancellations.
UNKNOWN,UNKNOWN,43.77,MEDIUM,MEDIUM,Travel reminder,Send automated reminder closer to travel date.,Keep customer engaged and reduce avoidable cancellations.
UNKNOWN,UNKNOWN,51.46,MEDIUM,MEDIUM,Travel reminder,Send automated reminder closer to travel date.,Keep customer engaged and reduce avoidable cancellations.
UNKNOWN,UNKNOWN,49.44,MEDIUM,MEDIUM,Travel reminder,Send automated reminder closer to travel date.,Keep customer engaged and reduce avoidable cancellations.
UNKNOWN,UNKNOWN,51.03,MEDIUM,MEDIUM,Travel reminder,Send automated reminder closer to travel date.,Keep customer engaged and reduce avoidable cancellations.
UNKNOWN,UNKNOWN,48.49,MEDIUM,MEDIUM,Travel reminder,Send automated reminder closer to travel date.,Keep customer engaged and reduce avoidable cancellations.
UNKNOWN,UNKNOWN,51.03,MEDIUM,MEDIUM,Travel reminder,Send automated reminder closer to travel date.,Keep customer engaged and reduce avoidable cancellations.
UNKNOWN,UNKNOWN,51.54,MEDIUM,MEDIUM,Travel reminder,Send automated reminder closer to travel date.,Keep customer engaged and reduce avoidable cancellations.
UNKNOWN,UNKNOWN,47.61,MEDIUM,MEDIUM,Travel reminder,Send automated reminder closer to travel date.,Keep customer engaged and reduce avoidable cancellations.
UNKNOWN,UNKNOWN,50.23,MEDIUM,MEDIUM,Travel reminder,Send automated reminder closer to travel date.,Keep customer engaged and reduce avoidable cancellations.
UNKNOWN,UNKNOWN,47.59,MEDIUM,MEDIUM,Travel reminder,Send automated reminder closer to travel date.,Keep customer engaged and reduce avoidable cancellations.
UNKNOWN,UNKNOWN,49.39,MEDIUM,MEDIUM,Travel reminder,Send automated reminder closer to travel date.,Keep customer engaged and reduce avoidable cancellations.
UNKNOWN,UNKNOWN,47.36,MEDIUM,MEDIUM,Travel reminder,Send automated reminder closer to travel date.,Keep customer engaged and reduce avoidable cancellations.
UNKNOWN,UNKNOWN,47.81,MEDIUM,MEDIUM,Travel reminder,Send automated reminder closer to travel date.,Keep customer engaged and reduce avoidable cancellations.
UNKNOWN,UNKNOWN,51.76,MEDIUM,MEDIUM,Travel reminder,Send automated reminder closer to travel date.,Keep customer engaged and reduce avoidable cancellations.
UNKNOWN,UNKNOWN,48.27,MEDIUM,MEDIUM,Travel reminder,Send automated reminder closer to travel date.,Keep customer engaged and reduce avoidable cancellations.
UNKNOWN,UNKNOWN,48.87,MEDIUM,MEDIUM,Travel reminder,Send automated reminder closer to travel date.,Keep customer engaged and reduce avoidable cancellations.
UNKNOWN,UNKNOWN,51.42,MEDIUM,MEDIUM,Travel reminder,Send automated reminder closer to travel date.,Keep customer engaged and reduce avoidable cancellations.
UNKNOWN,UNKNOWN,45.39,MEDIUM,MEDIUM,Travel reminder,Send automated reminder closer to travel date.,Keep customer engaged and reduce avoidable cancellations.
UNKNOWN,UNKNOWN,51.53,MEDIUM,MEDIUM,Travel reminder,Send automated reminder closer to travel date.,Keep customer engaged and reduce avoidable cancellations.
UNKNOWN,UNKNOWN,56.55,MEDIUM,MEDIUM,Travel reminder,Send automated reminder closer to travel date.,Keep customer engaged and reduce avoidable cancellations.
UNKNOWN,UNKNOWN,42.12,MEDIUM,MEDIUM,Travel reminder,Send automated reminder closer to travel date.,Keep customer engaged and reduce avoidable cancellations.
UNKNOWN,UNKNOWN,49.95,MEDIUM,MEDIUM,Travel reminder,Send automated reminder closer to travel date.,Keep customer engaged and reduce avoidable cancellations.
UNKNOWN,UNKNOWN,46.17,MEDIUM,MEDIUM,Travel reminder,Send automated reminder closer to travel date.,Keep customer engaged and reduce avoidable cancellations.
UNKNOWN,UNKNOWN,50.35,MEDIUM,MEDIUM,Travel reminder,Send automated reminder closer to travel date.,Keep customer engaged and reduce avoidable cancellations.
UNKNOWN,UNKNOWN,51.31,MEDIUM,MEDIUM,Travel reminder,Send automated reminder closer to travel date.,Keep customer engaged and reduce avoidable cancellations.
UNKNOWN,UNKNOWN,47.24,MEDIUM,MEDIUM,Travel reminder,Send automated reminder closer to travel date.,Keep customer engaged and reduce avoidable cancellations.
UNKNOWN,UNKNOWN,50.63,MEDIUM,MEDIUM,Travel reminder,Send automated reminder closer to travel date.,Keep customer engaged and reduce avoidable cancellations.
UNKNOWN,UNKNOWN,55.45,MEDIUM,MEDIUM,Travel reminder,Send automated reminder closer to travel date.,Keep customer engaged and reduce avoidable cancellations.
UNKNOWN,UNKNOWN,42.46,MEDIUM,MEDIUM,Travel reminder,Send automated reminder closer to travel date.,Keep customer engaged and reduce avoidable cancellations.
UNKNOWN,UNKNOWN,48.51,MEDIUM,MEDIUM,Travel reminder,Send automated reminder closer to travel date.,Keep customer engaged and reduce avoidable cancellations.
UNKNOWN,UNKNOWN,47.33,MEDIUM,MEDIUM,Travel reminder,Send automated reminder closer to travel date.,Keep customer engaged and reduce avoidable cancellations.
UNKNOWN,UNKNOWN,50.92,MEDIUM,MEDIUM,Travel reminder,Send automated reminder closer to travel date.,Keep customer engaged and reduce avoidable cancellations.
UNKNOWN,UNKNOWN,47.32,MEDIUM,MEDIUM,Travel reminder,Send automated reminder closer to travel date.,Keep customer engaged and reduce avoidable cancellations.
UNKNOWN,UNKNOWN,52.79,MEDIUM,MEDIUM,Travel reminder,Send automated reminder closer to travel date.,Keep customer engaged and reduce avoidable cancellations.
UNKNOWN,UNKNOWN,52.13,MEDIUM,MEDIUM,Travel reminder,Send automated reminder closer to travel date.,Keep customer engaged and reduce avoidable cancellations.
UNKNOWN,UNKNOWN,51.26,MEDIUM,MEDIUM,Travel reminder,Send automated reminder closer to travel date.,Keep customer engaged and reduce avoidable cancellations.
UNKNOWN,UNKNOWN,41.33,MEDIUM,MEDIUM,Travel reminder,Send automated reminder closer to travel date.,Keep customer engaged and reduce avoidable cancellations.
UNKNOWN,UNKNOWN,50.94,MEDIUM,MEDIUM,Travel reminder,Send automated reminder closer to travel date.,Keep customer engaged and reduce avoidable cancellations.
UNKNOWN,UNKNOWN,51.9,MEDIUM,MEDIUM,Travel reminder,Send automated reminder closer to travel date.,Keep customer engaged and reduce avoidable cancellations.
UNKNOWN,UNKNOWN,49.09,MEDIUM,MEDIUM,Travel reminder,Send automated reminder closer to travel date.,Keep customer engaged and reduce avoidable cancellations.
UNKNOWN,UNKNOWN,41.98,MEDIUM,MEDIUM,Travel reminder,Send automated reminder closer to travel date.,Keep customer engaged and reduce avoidable cancellations.
UNKNOWN,UNKNOWN,47.27,MEDIUM,MEDIUM,Travel reminder,Send automated reminder closer to travel date.,Keep customer engaged and reduce avoidable cancellations.
UNKNOWN,UNKNOWN,53.9,MEDIUM,MEDIUM,Travel reminder,Send automated reminder closer to travel date.,Keep customer engaged and reduce avoidable cancellations.
UNKNOWN,UNKNOWN,48.55,MEDIUM,MEDIUM,Travel reminder,Send automated reminder closer to travel date.,Keep customer engaged and reduce avoidable cancellations.
UNKNOWN,UNKNOWN,50.52,MEDIUM,MEDIUM,Travel reminder,Send automated reminder closer to travel date.,Keep customer engaged and reduce avoidable cancellations.
UNKNOWN,UNKNOWN,51.27,MEDIUM,MEDIUM,Travel reminder,Send automated reminder closer to travel date.,Keep customer engaged and reduce avoidable cancellations.
UNKNOWN,UNKNOWN,52.27,MEDIUM,MEDIUM,Travel reminder,Send automated reminder closer to travel date.,Keep customer engaged and reduce avoidable cancellations.
UNKNOWN,UNKNOWN,55.41,MEDIUM,MEDIUM,Travel reminder,Send automated reminder closer to travel date.,Keep customer engaged and reduce avoidable cancellations.
UNKNOWN,UNKNOWN,51.44,MEDIUM,MEDIUM,Travel reminder,Send automated reminder closer to travel date.,Keep customer engaged and reduce avoidable cancellations.
UNKNOWN,UNKNOWN,55.85,MEDIUM,MEDIUM,Travel reminder,Send automated reminder closer to travel date.,Keep customer engaged and reduce avoidable cancellations.
UNKNOWN,UNKNOWN,51.39,MEDIUM,MEDIUM,Travel reminder,Send automated reminder closer to travel date.,Keep customer engaged and reduce avoidable cancellations.
UNKNOWN,UNKNOWN,48.33,MEDIUM,MEDIUM,Travel reminder,Send automated reminder closer to travel date.,Keep customer engaged and reduce avoidable cancellations.
UNKNOWN,UNKNOWN,51.79,MEDIUM,MEDIUM,Travel reminder,Send automated reminder closer to travel date.,Keep customer engaged and reduce avoidable cancellations.
UNKNOWN,UNKNOWN,50.57,MEDIUM,MEDIUM,Travel reminder,Send automated reminder closer to travel date.,Keep customer engaged and reduce avoidable cancellations.
UNKNOWN,UNKNOWN,54.53,MEDIUM,MEDIUM,Travel reminder,Send automated reminder closer to travel date.,Keep customer engaged and reduce avoidable cancellations.
UNKNOWN,UNKNOWN,43.97,MEDIUM,MEDIUM,Travel reminder,Send automated reminder closer to travel date.,Keep customer engaged and reduce avoidable cancellations.
UNKNOWN,UNKNOWN,46.56,MEDIUM,MEDIUM,Travel reminder,Send automated reminder closer to travel date.,Keep customer engaged and reduce avoidable cancellations.
UNKNOWN,UNKNOWN,52.19,MEDIUM,MEDIUM,Travel reminder,Send automated reminder closer to travel date.,Keep customer engaged and reduce avoidable cancellations.
UNKNOWN,UNKNOWN,42.63,MEDIUM,MEDIUM,Travel reminder,Send automated reminder closer to travel date.,Keep customer engaged and reduce avoidable cancellations.
UNKNOWN,UNKNOWN,47.11,MEDIUM,MEDIUM,Travel reminder,Send automated reminder closer to travel date.,Keep customer engaged and reduce avoidable cancellations.
UNKNOWN,UNKNOWN,45.97,MEDIUM,MEDIUM,Travel reminder,Send automated reminder closer to travel date.,Keep customer engaged and reduce avoidable cancellations.
UNKNOWN,UNKNOWN,47.95,MEDIUM,MEDIUM,Travel reminder,Send automated reminder closer to travel date.,Keep customer engaged and reduce avoidable cancellations.
UNKNOWN,UNKNOWN,48.1,MEDIUM,MEDIUM,Travel reminder,Send automated reminder closer to travel date.,Keep customer engaged and reduce avoidable cancellations.
UNKNOWN,UNKNOWN,50.52,MEDIUM,MEDIUM,Travel reminder,Send automated reminder closer to travel date.,Keep customer engaged and reduce avoidable cancellations.
UNKNOWN,UNKNOWN,47.73,MEDIUM,MEDIUM,Travel reminder,Send automated reminder closer to travel date.,Keep customer engaged and reduce avoidable cancellations.
UNKNOWN,UNKNOWN,46.83,MEDIUM,MEDIUM,Travel reminder,Send automated reminder closer to travel date.,Keep customer engaged and reduce avoidable cancellations.
UNKNOWN,UNKNOWN,47.04,MEDIUM,MEDIUM,Travel reminder,Send automated reminder closer to travel date.,Keep customer engaged and reduce avoidable cancellations.
UNKNOWN,UNKNOWN,52.44,MEDIUM,MEDIUM,Travel reminder,Send automated reminder closer to travel date.,Keep customer engaged and reduce avoidable cancellations.
UNKNOWN,UNKNOWN,45.41,MEDIUM,MEDIUM,Travel reminder,Send automated reminder closer to travel date.,Keep customer engaged and reduce avoidable cancellations.
UNKNOWN,UNKNOWN,48.82,MEDIUM,MEDIUM,Travel reminder,Send automated reminder closer to travel date.,Keep customer engaged and reduce avoidable cancellations.
UNKNOWN,UNKNOWN,45.36,MEDIUM,MEDIUM,Travel reminder,Send automated reminder closer to travel date.,Keep customer engaged and reduce avoidable cancellations.
UNKNOWN,UNKNOWN,47.81,MEDIUM,MEDIUM,Travel reminder,Send automated reminder closer to travel date.,Keep customer engaged and reduce avoidable cancellations.
UNKNOWN,UNKNOWN,49.97,MEDIUM,MEDIUM,Travel reminder,Send automated reminder closer to travel date.,Keep customer engaged and reduce avoidable cancellations.
UNKNOWN,UNKNOWN,50.83,MEDIUM,MEDIUM,Travel reminder,Send automated reminder closer to travel date.,Keep customer engaged and reduce avoidable cancellations.
UNKNOWN,UNKNOWN,49.85,MEDIUM,MEDIUM,Travel reminder,Send automated reminder closer to travel date.,Keep customer engaged and reduce avoidable cancellations.
UNKNOWN,UNKNOWN,50.21,MEDIUM,MEDIUM,Travel reminder,Send automated reminder closer to travel date.,Keep customer engaged and reduce avoidable cancellations.
UNKNOWN,UNKNOWN,48.15,MEDIUM,MEDIUM,Travel reminder,Send automated reminder closer to travel date.,Keep customer engaged and reduce avoidable cancellations.
UNKNOWN,UNKNOWN,52.23,MEDIUM,MEDIUM,Travel reminder,Send automated reminder closer to travel date.,Keep customer engaged and reduce avoidable cancellations.
UNKNOWN,UNKNOWN,45.43,MEDIUM,MEDIUM,Travel reminder,Send automated reminder closer to travel date.,Keep customer engaged and reduce avoidable cancellations.
UNKNOWN,UNKNOWN,48.58,MEDIUM,MEDIUM,Travel reminder,Send automated reminder closer to travel date.,Keep customer engaged and reduce avoidable cancellations.
UNKNOWN,UNKNOWN,51.02,MEDIUM,MEDIUM,Travel reminder,Send automated reminder closer to travel date.,Keep customer engaged and reduce avoidable cancellations.
UNKNOWN,UNKNOWN,48.55,MEDIUM,MEDIUM,Travel reminder,Send automated reminder closer to travel date.,Keep customer engaged and reduce avoidable cancellations.
UNKNOWN,UNKNOWN,44.12,MEDIUM,MEDIUM,Travel reminder,Send automated reminder closer to travel date.,Keep customer engaged and reduce avoidable cancellations.
UNKNOWN,UNKNOWN,49.98,MEDIUM,MEDIUM,Travel reminder,Send automated reminder closer to travel date.,Keep customer engaged and reduce avoidable cancellations.
UNKNOWN,UNKNOWN,50.16,MEDIUM,MEDIUM,Travel reminder,Send automated reminder closer to travel date.,Keep customer engaged and reduce avoidable cancellations.
UNKNOWN,UNKNOWN,42.36,MEDIUM,MEDIUM,Travel reminder,Send automated reminder closer to travel date.,Keep customer engaged and reduce avoidable cancellations.
UNKNOWN,UNKNOWN,48.08,MEDIUM,MEDIUM,Travel reminder,Send automated reminder closer to travel date.,Keep customer engaged and reduce avoidable cancellations.
UNKNOWN,UNKNOWN,49.11,MEDIUM,MEDIUM,Travel reminder,Send automated reminder closer to travel date.,Keep customer engaged and reduce avoidable cancellations.
UNKNOWN,UNKNOWN,49.55,MEDIUM,MEDIUM,Travel reminder,Send automated reminder closer to travel date.,Keep customer engaged and reduce avoidable cancellations.
UNKNOWN,UNKNOWN,53.23,MEDIUM,MEDIUM,Travel reminder,Send automated reminder closer to travel date.,Keep customer engaged and reduce avoidable cancellations.
UNKNOWN,UNKNOWN,51.43,MEDIUM,MEDIUM,Travel reminder,Send automated reminder closer to travel date.,Keep customer engaged and reduce avoidable cancellations.
UNKNOWN,UNKNOWN,47.48,MEDIUM,MEDIUM,Travel reminder,Send automated reminder closer to travel date.,Keep customer engaged and reduce avoidable cancellations.
UNKNOWN,UNKNOWN,48.15,MEDIUM,MEDIUM,Travel reminder,Send automated reminder closer to travel date.,Keep customer engaged and reduce avoidable cancellations.
UNKNOWN,UNKNOWN,48.87,MEDIUM,MEDIUM,Travel reminder,Send automated reminder closer to travel date.,Keep customer engaged and reduce avoidable cancellations.
UNKNOWN,UNKNOWN,50.62,MEDIUM,MEDIUM,Travel reminder,Send automated reminder closer to travel date.,Keep customer engaged and reduce avoidable cancellations.
UNKNOWN,UNKNOWN,44.77,MEDIUM,MEDIUM,Travel reminder,Send automated reminder closer to travel date.,Keep customer engaged and reduce avoidable cancellations.
UNKNOWN,UNKNOWN,51.28,MEDIUM,MEDIUM,Travel reminder,Send automated reminder closer to travel date.,Keep customer engaged and reduce avoidable cancellations.
UNKNOWN,UNKNOWN,55.4,MEDIUM,MEDIUM,Travel reminder,Send automated reminder closer to travel date.,Keep customer engaged and reduce avoidable cancellations.
UNKNOWN,UNKNOWN,46.71,MEDIUM,MEDIUM,Travel reminder,Send automated reminder closer to travel date.,Keep customer engaged and reduce avoidable cancellations.
UNKNOWN,UNKNOWN,50.15,MEDIUM,MEDIUM,Travel reminder,Send automated reminder closer to travel date.,Keep customer engaged and reduce avoidable cancellations.
UNKNOWN,UNKNOWN,53.96,MEDIUM,MEDIUM,Travel reminder,Send automated reminder closer to travel date.,Keep customer engaged and reduce avoidable cancellations.
UNKNOWN,UNKNOWN,48.74,MEDIUM,MEDIUM,Travel reminder,Send automated reminder closer to travel date.,Keep customer engaged and reduce avoidable cancellations.
UNKNOWN,UNKNOWN,57.56,MEDIUM,MEDIUM,Travel reminder,Send automated reminder closer to travel date.,Keep customer engaged and reduce avoidable cancellations.
UNKNOWN,UNKNOWN,45.72,MEDIUM,MEDIUM,Travel reminder,Send automated reminder closer to travel date.,Keep customer engaged and reduce avoidable cancellations.
UNKNOWN,UNKNOWN,51.08,MEDIUM,MEDIUM,Travel reminder,Send automated reminder closer to travel date.,Keep customer engaged and reduce avoidable cancellations.
UNKNOWN,UNKNOWN,48.29,MEDIUM,MEDIUM,Travel reminder,Send automated reminder closer to travel date.,Keep customer engaged and reduce avoidable cancellations.
UNKNOWN,UNKNOWN,53.66,MEDIUM,MEDIUM,Travel reminder,Send automated reminder closer to travel date.,Keep customer engaged and reduce avoidable cancellations.
UNKNOWN,UNKNOWN,45.94,MEDIUM,MEDIUM,Travel reminder,Send automated reminder closer to travel date.,Keep customer engaged and reduce avoidable cancellations.
UNKNOWN,UNKNOWN,52.17,MEDIUM,MEDIUM,Travel reminder,Send automated reminder closer to travel date.,Keep customer engaged and reduce avoidable cancellations.
UNKNOWN,UNKNOWN,51.45,MEDIUM,MEDIUM,Travel reminder,Send automated reminder closer to travel date.,Keep customer engaged and reduce avoidable cancellations.
UNKNOWN,UNKNOWN,53.7,MEDIUM,MEDIUM,Travel reminder,Send automated reminder closer to travel date.,Keep customer engaged and reduce avoidable cancellations.
UNKNOWN,UNKNOWN,50.82,MEDIUM,MEDIUM,Travel reminder,Send automated reminder closer to travel date.,Keep customer engaged and reduce avoidable cancellations.
UNKNOWN,UNKNOWN,51.86,MEDIUM,MEDIUM,Travel reminder,Send automated reminder closer to travel date.,Keep customer engaged and reduce avoidable cancellations.
UNKNOWN,UNKNOWN,52.04,MEDIUM,MEDIUM,Travel reminder,Send automated reminder closer to travel date.,Keep customer engaged and reduce avoidable cancellations.
UNKNOWN,UNKNOWN,49.94,MEDIUM,MEDIUM,Travel reminder,Send automated reminder closer to travel date.,Keep customer engaged and reduce avoidable cancellations.
UNKNOWN,UNKNOWN,47.95,MEDIUM,MEDIUM,Travel reminder,Send automated reminder closer to travel date.,Keep customer engaged and reduce avoidable cancellations.
UNKNOWN,UNKNOWN,48.88,MEDIUM,MEDIUM,Travel reminder,Send automated reminder closer to travel date.,Keep customer engaged and reduce avoidable cancellations.
UNKNOWN,UNKNOWN,51.42,MEDIUM,MEDIUM,Travel reminder,Send automated reminder closer to travel date.,Keep customer engaged and reduce avoidable cancellations.
UNKNOWN,UNKNOWN,47.95,MEDIUM,MEDIUM,Travel reminder,Send automated reminder closer to travel date.,Keep customer engaged and reduce avoidable cancellations.
UNKNOWN,UNKNOWN,51.98,MEDIUM,MEDIUM,Travel reminder,Send automated reminder closer to travel date.,Keep customer engaged and reduce avoidable cancellations.
UNKNOWN,UNKNOWN,46.73,MEDIUM,MEDIUM,Travel reminder,Send automated reminder closer to travel date.,Keep customer engaged and reduce avoidable cancellations.
UNKNOWN,UNKNOWN,48.52,MEDIUM,MEDIUM,Travel reminder,Send automated reminder closer to travel date.,Keep customer engaged and reduce avoidable cancellations.
UNKNOWN,UNKNOWN,44.34,MEDIUM,MEDIUM,Travel reminder,Send automated reminder closer to travel date.,Keep customer engaged and reduce avoidable cancellations.
UNKNOWN,UNKNOWN,53.96,MEDIUM,MEDIUM,Travel reminder,Send automated reminder closer to travel date.,Keep customer engaged and reduce avoidable cancellations.
UNKNOWN,UNKNOWN,50.48,MEDIUM,MEDIUM,Travel reminder,Send automated reminder closer to travel date.,Keep customer engaged and reduce avoidable cancellations.
UNKNOWN,UNKNOWN,47.78,MEDIUM,MEDIUM,Travel reminder,Send automated reminder closer to travel date.,Keep customer engaged and reduce avoidable cancellations.
UNKNOWN,UNKNOWN,43.25,MEDIUM,MEDIUM,Travel reminder,Send automated reminder closer to travel date.,Keep customer engaged and reduce avoidable cancellations.
UNKNOWN,UNKNOWN,47.28,MEDIUM,MEDIUM,Travel reminder,Send automated reminder closer to travel date.,Keep customer engaged and reduce avoidable cancellations.
UNKNOWN,UNKNOWN,48.53,MEDIUM,MEDIUM,Travel reminder,Send automated reminder closer to travel date.,Keep customer engaged and reduce avoidable cancellations.
UNKNOWN,UNKNOWN,53.64,MEDIUM,MEDIUM,Travel reminder,Send automated reminder closer to travel date.,Keep customer engaged and reduce avoidable cancellations.
UNKNOWN,UNKNOWN,50.5,MEDIUM,MEDIUM,Travel reminder,Send automated reminder closer to travel date.,Keep customer engaged and reduce avoidable cancellations.
UNKNOWN,UNKNOWN,48.38,MEDIUM,MEDIUM,Travel reminder,Send automated reminder closer to travel date.,Keep customer engaged and reduce avoidable cancellations.
UNKNOWN,UNKNOWN,49.29,MEDIUM,MEDIUM,Travel reminder,Send automated reminder closer to travel date.,Keep customer engaged and reduce avoidable cancellations.
UNKNOWN,UNKNOWN,47.13,MEDIUM,MEDIUM,Travel reminder,Send automated reminder closer to travel date.,Keep customer engaged and reduce avoidable cancellations.
UNKNOWN,UNKNOWN,49.16,MEDIUM,MEDIUM,Travel reminder,Send automated reminder closer to travel date.,Keep customer engaged and reduce avoidable cancellations.
UNKNOWN,UNKNOWN,53.12,MEDIUM,MEDIUM,Travel reminder,Send automated reminder closer to travel date.,Keep customer engaged and reduce avoidable cancellations.
UNKNOWN,UNKNOWN,47.73,MEDIUM,MEDIUM,Travel reminder,Send automated reminder closer to travel date.,Keep customer engaged and reduce avoidable cancellations.
UNKNOWN,UNKNOWN,48.18,MEDIUM,MEDIUM,Travel reminder,Send automated reminder closer to travel date.,Keep customer engaged and reduce avoidable cancellations.
UNKNOWN,UNKNOWN,49.04,MEDIUM,MEDIUM,Travel reminder,Send automated reminder closer to travel date.,Keep customer engaged and reduce avoidable cancellations.
UNKNOWN,UNKNOWN,50.16,MEDIUM,MEDIUM,Travel reminder,Send automated reminder closer to travel date.,Keep customer engaged and reduce avoidable cancellations.
UNKNOWN,UNKNOWN,48.1,MEDIUM,MEDIUM,Travel reminder,Send automated reminder closer to travel date.,Keep customer engaged and reduce avoidable cancellations.
UNKNOWN,UNKNOWN,49.38,MEDIUM,MEDIUM,Travel reminder,Send automated reminder closer to travel date.,Keep customer engaged and reduce avoidable cancellations.
UNKNOWN,UNKNOWN,50.27,MEDIUM,MEDIUM,Travel reminder,Send automated reminder closer to travel date.,Keep customer engaged and reduce avoidable cancellations.
UNKNOWN,UNKNOWN,50.81,MEDIUM,MEDIUM,Travel reminder,Send automated reminder closer to travel date.,Keep customer engaged and reduce avoidable cancellations.
UNKNOWN,UNKNOWN,50.75,MEDIUM,MEDIUM,Travel reminder,Send automated reminder closer to travel date.,Keep customer engaged and reduce avoidable cancellations.
UNKNOWN,UNKNOWN,51.66,MEDIUM,MEDIUM,Travel reminder,Send automated reminder closer to travel date.,Keep customer engaged and reduce avoidable cancellations.
UNKNOWN,UNKNOWN,53.29,MEDIUM,MEDIUM,Travel reminder,Send automated reminder closer to travel date.,Keep customer engaged and reduce avoidable cancellations.
UNKNOWN,UNKNOWN,55.28,MEDIUM,MEDIUM,Travel reminder,Send automated reminder closer to travel date.,Keep customer engaged and reduce avoidable cancellations.
UNKNOWN,UNKNOWN,49.95,MEDIUM,MEDIUM,Travel reminder,Send automated reminder closer to travel date.,Keep customer engaged and reduce avoidable cancellations.
UNKNOWN,UNKNOWN,46.82,MEDIUM,MEDIUM,Travel reminder,Send automated reminder closer to travel date.,Keep customer engaged and reduce avoidable cancellations.
UNKNOWN,UNKNOWN,49.1,MEDIUM,MEDIUM,Travel reminder,Send automated reminder closer to travel date.,Keep customer engaged and reduce avoidable cancellations.
UNKNOWN,UNKNOWN,50.67,MEDIUM,MEDIUM,Travel reminder,Send automated reminder closer to travel date.,Keep customer engaged and reduce avoidable cancellations.
UNKNOWN,UNKNOWN,50.33,MEDIUM,MEDIUM,Travel reminder,Send automated reminder closer to travel date.,Keep customer engaged and reduce avoidable cancellations.
UNKNOWN,UNKNOWN,51.04,MEDIUM,MEDIUM,Travel reminder,Send automated reminder closer to travel date.,Keep customer engaged and reduce avoidable cancellations.
UNKNOWN,UNKNOWN,43.26,MEDIUM,MEDIUM,Travel reminder,Send automated reminder closer to travel date.,Keep customer engaged and reduce avoidable cancellations.
UNKNOWN,UNKNOWN,50.26,MEDIUM,MEDIUM,Travel reminder,Send automated reminder closer to travel date.,Keep customer engaged and reduce avoidable cancellations.
UNKNOWN,UNKNOWN,43.75,MEDIUM,MEDIUM,Travel reminder,Send automated reminder closer to travel date.,Keep customer engaged and reduce avoidable cancellations.
UNKNOWN,UNKNOWN,50.45,MEDIUM,MEDIUM,Travel reminder,Send automated reminder closer to travel date.,Keep customer engaged and reduce avoidable cancellations.
UNKNOWN,UNKNOWN,52.45,MEDIUM,MEDIUM,Travel reminder,Send automated reminder closer to travel date.,Keep customer engaged and reduce avoidable cancellations.
UNKNOWN,UNKNOWN,55.31,MEDIUM,MEDIUM,Travel reminder,Send automated reminder closer to travel date.,Keep customer engaged and reduce avoidable cancellations.
UNKNOWN,UNKNOWN,47.35,MEDIUM,MEDIUM,Travel reminder,Send automated reminder closer to travel date.,Keep customer engaged and reduce avoidable cancellations.
UNKNOWN,UNKNOWN,50.98,MEDIUM,MEDIUM,Travel reminder,Send automated reminder closer to travel date.,Keep customer engaged and reduce avoidable cancellations.
UNKNOWN,UNKNOWN,50.84,MEDIUM,MEDIUM,Travel reminder,Send automated reminder closer to travel date.,Keep customer engaged and reduce avoidable cancellations.
UNKNOWN,UNKNOWN,45.78,MEDIUM,MEDIUM,Travel reminder,Send automated reminder closer to travel date.,Keep customer engaged and reduce avoidable cancellations.
UNKNOWN,UNKNOWN,52.21,MEDIUM,MEDIUM,Travel reminder,Send automated reminder closer to travel date.,Keep customer engaged and reduce avoidable cancellations.
UNKNOWN,UNKNOWN,44.81,MEDIUM,MEDIUM,Travel reminder,Send automated reminder closer to travel date.,Keep customer engaged and reduce avoidable cancellations.
UNKNOWN,UNKNOWN,46.61,MEDIUM,MEDIUM,Travel reminder,Send automated reminder closer to travel date.,Keep customer engaged and reduce avoidable cancellations.
UNKNOWN,UNKNOWN,53.5,MEDIUM,MEDIUM,Travel reminder,Send automated reminder closer to travel date.,Keep customer engaged and reduce avoidable cancellations.
UNKNOWN,UNKNOWN,50.82,MEDIUM,MEDIUM,Travel reminder,Send automated reminder closer to travel date.,Keep customer engaged and reduce avoidable cancellations.
UNKNOWN,UNKNOWN,46.58,MEDIUM,MEDIUM,Travel reminder,Send automated reminder closer to travel date.,Keep customer engaged and reduce avoidable cancellations.
UNKNOWN,UNKNOWN,48.31,MEDIUM,MEDIUM,Travel reminder,Send automated reminder closer to travel date.,Keep customer engaged and reduce avoidable cancellations.
UNKNOWN,UNKNOWN,45.28,MEDIUM,MEDIUM,Travel reminder,Send automated reminder closer to travel date.,Keep customer engaged and reduce avoidable cancellations.
UNKNOWN,UNKNOWN,55.58,MEDIUM,MEDIUM,Travel reminder,Send automated reminder closer to travel date.,Keep customer engaged and reduce avoidable cancellations.
UNKNOWN,UNKNOWN,48.8,MEDIUM,MEDIUM,Travel reminder,Send automated reminder closer to travel date.,Keep customer engaged and reduce avoidable cancellations.
UNKNOWN,UNKNOWN,53.52,MEDIUM,MEDIUM,Travel reminder,Send automated reminder closer to travel date.,Keep customer engaged and reduce avoidable cancellations.
UNKNOWN,UNKNOWN,47.4,MEDIUM,MEDIUM,Travel reminder,Send automated reminder closer to travel date.,Keep customer engaged and reduce avoidable cancellations.
UNKNOWN,UNKNOWN,51.15,MEDIUM,MEDIUM,Travel reminder,Send automated reminder closer to travel date.,Keep customer engaged and reduce avoidable cancellations.
UNKNOWN,UNKNOWN,53.86,MEDIUM,MEDIUM,Travel reminder,Send automated reminder closer to travel date.,Keep customer engaged and reduce avoidable cancellations.
UNKNOWN,UNKNOWN,50.86,MEDIUM,MEDIUM,Travel reminder,Send automated reminder closer to travel date.,Keep customer engaged and reduce avoidable cancellations.
UNKNOWN,UNKNOWN,48.07,MEDIUM,MEDIUM,Travel reminder,Send automated reminder closer to travel date.,Keep customer engaged and reduce avoidable cancellations.
UNKNOWN,UNKNOWN,43.75,MEDIUM,MEDIUM,Travel reminder,Send automated reminder closer to travel date.,Keep customer engaged and reduce avoidable cancellations.
UNKNOWN,UNKNOWN,45.89,MEDIUM,MEDIUM,Travel reminder,Send automated reminder closer to travel date.,Keep customer engaged and reduce avoidable cancellations.
UNKNOWN,UNKNOWN,56.21,MEDIUM,MEDIUM,Travel reminder,Send automated reminder closer to travel date.,Keep customer engaged and reduce avoidable cancellations.
UNKNOWN,UNKNOWN,51.37,MEDIUM,MEDIUM,Travel reminder,Send automated reminder closer to travel date.,Keep customer engaged and reduce avoidable cancellations.
UNKNOWN,UNKNOWN,50.56,MEDIUM,MEDIUM,Travel reminder,Send automated reminder closer to travel date.,Keep customer engaged and reduce avoidable cancellations.
UNKNOWN,UNKNOWN,52.39,MEDIUM,MEDIUM,Travel reminder,Send automated reminder closer to travel date.,Keep customer engaged and reduce avoidable cancellations.
UNKNOWN,UNKNOWN,54.49,MEDIUM,MEDIUM,Travel reminder,Send automated reminder closer to travel date.,Keep customer engaged and reduce avoidable cancellations.
UNKNOWN,UNKNOWN,52.76,MEDIUM,MEDIUM,Travel reminder,Send automated reminder closer to travel date.,Keep customer engaged and reduce avoidable cancellations.
UNKNOWN,UNKNOWN,47.77,MEDIUM,MEDIUM,Travel reminder,Send automated reminder closer to travel date.,Keep customer engaged and reduce avoidable cancellations.
UNKNOWN,UNKNOWN,50.31,MEDIUM,MEDIUM,Travel reminder,Send automated reminder closer to travel date.,Keep customer engaged and reduce avoidable cancellations.
UNKNOWN,UNKNOWN,49.68,MEDIUM,MEDIUM,Travel reminder,Send automated reminder closer to travel date.,Keep customer engaged and reduce avoidable cancellations.
UNKNOWN,UNKNOWN,50.55,MEDIUM,MEDIUM,Travel reminder,Send automated reminder closer to travel date.,Keep customer engaged and reduce avoidable cancellations.
UNKNOWN,UNKNOWN,50.94,MEDIUM,MEDIUM,Travel reminder,Send automated reminder closer to travel date.,Keep customer engaged and reduce avoidable cancellations.
UNKNOWN,UNKNOWN,47.21,MEDIUM,MEDIUM,Travel reminder,Send automated reminder closer to travel date.,Keep customer engaged and reduce avoidable cancellations.
UNKNOWN,UNKNOWN,45.86,MEDIUM,MEDIUM,Travel reminder,Send automated reminder closer to travel date.,Keep customer engaged and reduce avoidable cancellations.
UNKNOWN,UNKNOWN,52.51,MEDIUM,MEDIUM,Travel reminder,Send automated reminder closer to travel date.,Keep customer engaged and reduce avoidable cancellations.
UNKNOWN,UNKNOWN,50.03,MEDIUM,MEDIUM,Travel reminder,Send automated reminder closer to travel date.,Keep customer engaged and reduce avoidable cancellations.
UNKNOWN,UNKNOWN,54.36,MEDIUM,MEDIUM,Travel reminder,Send automated reminder closer to travel date.,Keep customer engaged and reduce avoidable cancellations.
UNKNOWN,UNKNOWN,50.94,MEDIUM,MEDIUM,Travel reminder,Send automated reminder closer to travel date.,Keep customer engaged and reduce avoidable cancellations.
UNKNOWN,UNKNOWN,55.52,MEDIUM,MEDIUM,Travel reminder,Send automated reminder closer to travel date.,Keep customer engaged and reduce avoidable cancellations.
UNKNOWN,UNKNOWN,52.44,MEDIUM,MEDIUM,Travel reminder,Send automated reminder closer to travel date.,Keep customer engaged and reduce avoidable cancellations.
UNKNOWN,UNKNOWN,51.88,MEDIUM,MEDIUM,Travel reminder,Send automated reminder closer to travel date.,Keep customer engaged and reduce avoidable cancellations.
UNKNOWN,UNKNOWN,55.97,MEDIUM,MEDIUM,Travel reminder,Send automated reminder closer to travel date.,Keep customer engaged and reduce avoidable cancellations.
UNKNOWN,UNKNOWN,49.05,MEDIUM,MEDIUM,Travel reminder,Send automated reminder closer to travel date.,Keep customer engaged and reduce avoidable cancellations.
UNKNOWN,UNKNOWN,50.38,MEDIUM,MEDIUM,Travel reminder,Send automated reminder closer to travel date.,Keep customer engaged and reduce avoidable cancellations.
UNKNOWN,UNKNOWN,47.12,MEDIUM,MEDIUM,Travel reminder,Send automated reminder closer to travel date.,Keep customer engaged and reduce avoidable cancellations.
UNKNOWN,UNKNOWN,47.25,MEDIUM,MEDIUM,Travel reminder,Send automated reminder closer to travel date.,Keep customer engaged and reduce avoidable cancellations.
UNKNOWN,UNKNOWN,51.03,MEDIUM,MEDIUM,Travel reminder,Send automated reminder closer to travel date.,Keep customer engaged and reduce avoidable cancellations.
UNKNOWN,UNKNOWN,44.6,MEDIUM,MEDIUM,Travel reminder,Send automated reminder closer to travel date.,Keep customer engaged and reduce avoidable cancellations.
UNKNOWN,UNKNOWN,46.82,MEDIUM,MEDIUM,Travel reminder,Send automated reminder closer to travel date.,Keep customer engaged and reduce avoidable cancellations.
UNKNOWN,UNKNOWN,50.44,MEDIUM,MEDIUM,Travel reminder,Send automated reminder closer to travel date.,Keep customer engaged and reduce avoidable cancellations.
UNKNOWN,UNKNOWN,47.45,MEDIUM,MEDIUM,Travel reminder,Send automated reminder closer to travel date.,Keep customer engaged and reduce avoidable cancellations.
UNKNOWN,UNKNOWN,53.41,MEDIUM,MEDIUM,Travel reminder,Send automated reminder closer to travel date.,Keep customer engaged and reduce avoidable cancellations.
UNKNOWN,UNKNOWN,56.76,MEDIUM,MEDIUM,Travel reminder,Send automated reminder closer to travel date.,Keep customer engaged and reduce avoidable cancellations.
UNKNOWN,UNKNOWN,52.54,MEDIUM,MEDIUM,Travel reminder,Send automated reminder closer to travel date.,Keep customer engaged and reduce avoidable cancellations.
UNKNOWN,UNKNOWN,47.24,MEDIUM,MEDIUM,Travel reminder,Send automated reminder closer to travel date.,Keep customer engaged and reduce avoidable cancellations.
UNKNOWN,UNKNOWN,51.47,MEDIUM,MEDIUM,Travel reminder,Send automated reminder closer to travel date.,Keep customer engaged and reduce avoidable cancellations.
UNKNOWN,UNKNOWN,50.94,MEDIUM,MEDIUM,Travel reminder,Send automated reminder closer to travel date.,Keep customer engaged and reduce avoidable cancellations.
UNKNOWN,UNKNOWN,46.05,MEDIUM,MEDIUM,Travel reminder,Send automated reminder closer to travel date.,Keep customer engaged and reduce avoidable cancellations.
UNKNOWN,UNKNOWN,53.24,MEDIUM,MEDIUM,Travel reminder,Send automated reminder closer to travel date.,Keep customer engaged and reduce avoidable cancellations.
UNKNOWN,UNKNOWN,46.7,MEDIUM,MEDIUM,Travel reminder,Send automated reminder closer to travel date.,Keep customer engaged and reduce avoidable cancellations.
UNKNOWN,UNKNOWN,47.84,MEDIUM,MEDIUM,Travel reminder,Send automated reminder closer to travel date.,Keep customer engaged and reduce avoidable cancellations.
UNKNOWN,UNKNOWN,53.24,MEDIUM,MEDIUM,Travel reminder,Send automated reminder closer to travel date.,Keep customer engaged and reduce avoidable cancellations.
UNKNOWN,UNKNOWN,52.63,MEDIUM,MEDIUM,Travel reminder,Send automated reminder closer to travel date.,Keep customer engaged and reduce avoidable cancellations.
UNKNOWN,UNKNOWN,45.35,MEDIUM,MEDIUM,Travel reminder,Send automated reminder closer to travel date.,Keep customer engaged and reduce avoidable cancellations.
UNKNOWN,UNKNOWN,54.36,MEDIUM,MEDIUM,Travel reminder,Send automated reminder closer to travel date.,Keep customer engaged and reduce avoidable cancellations.
UNKNOWN,UNKNOWN,48.88,MEDIUM,MEDIUM,Travel reminder,Send automated reminder closer to travel date.,Keep customer engaged and reduce avoidable cancellations.
UNKNOWN,UNKNOWN,52.13,MEDIUM,MEDIUM,Travel reminder,Send automated reminder closer to travel date.,Keep customer engaged and reduce avoidable cancellations.
UNKNOWN,UNKNOWN,53.06,MEDIUM,MEDIUM,Travel reminder,Send automated reminder closer to travel date.,Keep customer engaged and reduce avoidable cancellations.
UNKNOWN,UNKNOWN,52.03,MEDIUM,MEDIUM,Travel reminder,Send automated reminder closer to travel date.,Keep customer engaged and reduce avoidable cancellations.
UNKNOWN,UNKNOWN,51.5,MEDIUM,MEDIUM,Travel reminder,Send automated reminder closer to travel date.,Keep customer engaged and reduce avoidable cancellations.
UNKNOWN,UNKNOWN,51.41,MEDIUM,MEDIUM,Travel reminder,Send automated reminder closer to travel date.,Keep customer engaged and reduce avoidable cancellations.
UNKNOWN,UNKNOWN,50.32,MEDIUM,MEDIUM,Travel reminder,Send automated reminder closer to travel date.,Keep customer engaged and reduce avoidable cancellations.
UNKNOWN,UNKNOWN,48.81,MEDIUM,MEDIUM,Travel reminder,Send automated reminder closer to travel date.,Keep customer engaged and reduce avoidable cancellations.
UNKNOWN,UNKNOWN,53.31,MEDIUM,MEDIUM,Travel reminder,Send automated reminder closer to travel date.,Keep customer engaged and reduce avoidable cancellations.
UNKNOWN,UNKNOWN,45.99,MEDIUM,MEDIUM,Travel reminder,Send automated reminder closer to travel date.,Keep customer engaged and reduce avoidable cancellations.
UNKNOWN,UNKNOWN,56.81,MEDIUM,MEDIUM,Travel reminder,Send automated reminder closer to travel date.,Keep customer engaged and reduce avoidable cancellations.
UNKNOWN,UNKNOWN,50.93,MEDIUM,MEDIUM,Travel reminder,Send automated reminder closer to travel date.,Keep customer engaged and reduce avoidable cancellations.
UNKNOWN,UNKNOWN,51.13,MEDIUM,MEDIUM,Travel reminder,Send automated reminder closer to travel date.,Keep customer engaged and reduce avoidable cancellations.
UNKNOWN,UNKNOWN,52.64,MEDIUM,MEDIUM,Travel reminder,Send automated reminder closer to travel date.,Keep customer engaged and reduce avoidable cancellations.
UNKNOWN,UNKNOWN,48.52,MEDIUM,MEDIUM,Travel reminder,Send automated reminder closer to travel date.,Keep customer engaged and reduce avoidable cancellations.
UNKNOWN,UNKNOWN,55.04,MEDIUM,MEDIUM,Travel reminder,Send automated reminder closer to travel date.,Keep customer engaged and reduce avoidable cancellations.
UNKNOWN,UNKNOWN,50.07,MEDIUM,MEDIUM,Travel reminder,Send automated reminder closer to travel date.,Keep customer engaged and reduce avoidable cancellations.
UNKNOWN,UNKNOWN,46.09,MEDIUM,MEDIUM,Travel reminder,Send automated reminder closer to travel date.,Keep customer engaged and reduce avoidable cancellations.
UNKNOWN,UNKNOWN,51.51,MEDIUM,MEDIUM,Travel reminder,Send automated reminder closer to travel date.,Keep customer engaged and reduce avoidable cancellations.
UNKNOWN,UNKNOWN,52.55,MEDIUM,MEDIUM,Travel reminder,Send automated reminder closer to travel date.,Keep customer engaged and reduce avoidable cancellations.
UNKNOWN,UNKNOWN,49.88,MEDIUM,MEDIUM,Travel reminder,Send automated reminder closer to travel date.,Keep customer engaged and reduce avoidable cancellations.
UNKNOWN,UNKNOWN,50.04,MEDIUM,MEDIUM,Travel reminder,Send automated reminder closer to travel date.,Keep customer engaged and reduce avoidable cancellations.
UNKNOWN,UNKNOWN,48.03,MEDIUM,MEDIUM,Travel reminder,Send automated reminder closer to travel date.,Keep customer engaged and reduce avoidable cancellations.
UNKNOWN,UNKNOWN,48.62,MEDIUM,MEDIUM,Travel reminder,Send automated reminder closer to travel date.,Keep customer engaged and reduce avoidable cancellations.
UNKNOWN,UNKNOWN,49.06,MEDIUM,MEDIUM,Travel reminder,Send automated reminder closer to travel date.,Keep customer engaged and reduce avoidable cancellations.
UNKNOWN,UNKNOWN,50.83,MEDIUM,MEDIUM,Travel reminder,Send automated reminder closer to travel date.,Keep customer engaged and reduce avoidable cancellations.
UNKNOWN,UNKNOWN,47.21,MEDIUM,MEDIUM,Travel reminder,Send automated reminder closer to travel date.,Keep customer engaged and reduce avoidable cancellations.
UNKNOWN,UNKNOWN,48.87,MEDIUM,MEDIUM,Travel reminder,Send automated reminder closer to travel date.,Keep customer engaged and reduce avoidable cancellations.
UNKNOWN,UNKNOWN,48.21,MEDIUM,MEDIUM,Travel reminder,Send automated reminder closer to travel date.,Keep customer engaged and reduce avoidable cancellations.
UNKNOWN,UNKNOWN,54.18,MEDIUM,MEDIUM,Travel reminder,Send automated reminder closer to travel date.,Keep customer engaged and reduce avoidable cancellations.
UNKNOWN,UNKNOWN,53.59,MEDIUM,MEDIUM,Travel reminder,Send automated reminder closer to travel date.,Keep customer engaged and reduce avoidable cancellations.
UNKNOWN,UNKNOWN,46.02,MEDIUM,MEDIUM,Travel reminder,Send automated reminder closer to travel date.,Keep customer engaged and reduce avoidable cancellations.
UNKNOWN,UNKNOWN,46.8,MEDIUM,MEDIUM,Travel reminder,Send automated reminder closer to travel date.,Keep customer engaged and reduce avoidable cancellations.
UNKNOWN,UNKNOWN,50.44,MEDIUM,MEDIUM,Travel reminder,Send automated reminder closer to travel date.,Keep customer engaged and reduce avoidable cancellations.
UNKNOWN,UNKNOWN,48.05,MEDIUM,MEDIUM,Travel reminder,Send automated reminder closer to travel date.,Keep customer engaged and reduce avoidable cancellations.
UNKNOWN,UNKNOWN,50.0,MEDIUM,MEDIUM,Travel reminder,Send automated reminder closer to travel date.,Keep customer engaged and reduce avoidable cancellations.
UNKNOWN,UNKNOWN,52.7,MEDIUM,MEDIUM,Travel reminder,Send automated reminder closer to travel date.,Keep customer engaged and reduce avoidable cancellations.
UNKNOWN,UNKNOWN,46.4,MEDIUM,MEDIUM,Travel reminder,Send automated reminder closer to travel date.,Keep customer engaged and reduce avoidable cancellations.
UNKNOWN,UNKNOWN,49.35,MEDIUM,MEDIUM,Travel reminder,Send automated reminder closer to travel date.,Keep customer engaged and reduce avoidable cancellations.
UNKNOWN,UNKNOWN,49.17,MEDIUM,MEDIUM,Travel reminder,Send automated reminder closer to travel date.,Keep customer engaged and reduce avoidable cancellations.
UNKNOWN,UNKNOWN,54.52,MEDIUM,MEDIUM,Travel reminder,Send automated reminder closer to travel date.,Keep customer engaged and reduce avoidable cancellations.
UNKNOWN,UNKNOWN,46.73,MEDIUM,MEDIUM,Travel reminder,Send automated reminder closer to travel date.,Keep customer engaged and reduce avoidable cancellations.
UNKNOWN,UNKNOWN,42.61,MEDIUM,MEDIUM,Travel reminder,Send automated reminder closer to travel date.,Keep customer engaged and reduce avoidable cancellations.
UNKNOWN,UNKNOWN,50.61,MEDIUM,MEDIUM,Travel reminder,Send automated reminder closer to travel date.,Keep customer engaged and reduce avoidable cancellations.
UNKNOWN,UNKNOWN,47.81,MEDIUM,MEDIUM,Travel reminder,Send automated reminder closer to travel date.,Keep customer engaged and reduce avoidable cancellations.
UNKNOWN,UNKNOWN,49.51,MEDIUM,MEDIUM,Travel reminder,Send automated reminder closer to travel date.,Keep customer engaged and reduce avoidable cancellations.
UNKNOWN,UNKNOWN,47.41,MEDIUM,MEDIUM,Travel reminder,Send automated reminder closer to travel date.,Keep customer engaged and reduce avoidable cancellations.
UNKNOWN,UNKNOWN,49.24,MEDIUM,MEDIUM,Travel reminder,Send automated reminder closer to travel date.,Keep customer engaged and reduce avoidable cancellations.
UNKNOWN,UNKNOWN,51.07,MEDIUM,MEDIUM,Travel reminder,Send automated reminder closer to travel date.,Keep customer engaged and reduce avoidable cancellations.
UNKNOWN,UNKNOWN,50.97,MEDIUM,MEDIUM,Travel reminder,Send automated reminder closer to travel date.,Keep customer engaged and reduce avoidable cancellations.
UNKNOWN,UNKNOWN,53.28,MEDIUM,MEDIUM,Travel reminder,Send automated reminder closer to travel date.,Keep customer engaged and reduce avoidable cancellations.
UNKNOWN,UNKNOWN,46.4,MEDIUM,MEDIUM,Travel reminder,Send automated reminder closer to travel date.,Keep customer engaged and reduce avoidable cancellations.
UNKNOWN,UNKNOWN,50.71,MEDIUM,MEDIUM,Travel reminder,Send automated reminder closer to travel date.,Keep customer engaged and reduce avoidable cancellations.
UNKNOWN,UNKNOWN,51.57,MEDIUM,MEDIUM,Travel reminder,Send automated reminder closer to travel date.,Keep customer engaged and reduce avoidable cancellations.
UNKNOWN,UNKNOWN,54.53,MEDIUM,MEDIUM,Travel reminder,Send automated reminder closer to travel date.,Keep customer engaged and reduce avoidable cancellations.
UNKNOWN,UNKNOWN,49.42,MEDIUM,MEDIUM,Travel reminder,Send automated reminder closer to travel date.,Keep customer engaged and reduce avoidable cancellations.
UNKNOWN,UNKNOWN,45.41,MEDIUM,MEDIUM,Travel reminder,Send automated reminder closer to travel date.,Keep customer engaged and reduce avoidable cancellations.
UNKNOWN,UNKNOWN,54.77,MEDIUM,MEDIUM,Travel reminder,Send automated reminder closer to travel date.,Keep customer engaged and reduce avoidable cancellations.
UNKNOWN,UNKNOWN,49.1,MEDIUM,MEDIUM,Travel reminder,Send automated reminder closer to travel date.,Keep customer engaged and reduce avoidable cancellations.
UNKNOWN,UNKNOWN,50.71,MEDIUM,MEDIUM,Travel reminder,Send automated reminder closer to travel date.,Keep customer engaged and reduce avoidable cancellations.
UNKNOWN,UNKNOWN,50.4,MEDIUM,MEDIUM,Travel reminder,Send automated reminder closer to travel date.,Keep customer engaged and reduce avoidable cancellations.
UNKNOWN,UNKNOWN,55.49,MEDIUM,MEDIUM,Travel reminder,Send automated reminder closer to travel date.,Keep customer engaged and reduce avoidable cancellations.
UNKNOWN,UNKNOWN,48.82,MEDIUM,MEDIUM,Travel reminder,Send automated reminder closer to travel date.,Keep customer engaged and reduce avoidable cancellations.
UNKNOWN,UNKNOWN,51.94,MEDIUM,MEDIUM,Travel reminder,Send automated reminder closer to travel date.,Keep customer engaged and reduce avoidable cancellations.
UNKNOWN,UNKNOWN,50.08,MEDIUM,MEDIUM,Travel reminder,Send automated reminder closer to travel date.,Keep customer engaged and reduce avoidable cancellations.
UNKNOWN,UNKNOWN,55.68,MEDIUM,MEDIUM,Travel reminder,Send automated reminder closer to travel date.,Keep customer engaged and reduce avoidable cancellations.
UNKNOWN,UNKNOWN,49.75,MEDIUM,MEDIUM,Travel reminder,Send automated reminder closer to travel date.,Keep customer engaged and reduce avoidable cancellations.
UNKNOWN,UNKNOWN,53.55,MEDIUM,MEDIUM,Travel reminder,Send automated reminder closer to travel date.,Keep customer engaged and reduce avoidable cancellations.
UNKNOWN,UNKNOWN,45.6,MEDIUM,MEDIUM,Travel reminder,Send automated reminder closer to travel date.,Keep customer engaged and reduce avoidable cancellations.
UNKNOWN,UNKNOWN,48.46,MEDIUM,MEDIUM,Travel reminder,Send automated reminder closer to travel date.,Keep customer engaged and reduce avoidable cancellations.
UNKNOWN,UNKNOWN,45.67,MEDIUM,MEDIUM,Travel reminder,Send automated reminder closer to travel date.,Keep customer engaged and reduce avoidable cancellations.
UNKNOWN,UNKNOWN,48.35,MEDIUM,MEDIUM,Travel reminder,Send automated reminder closer to travel date.,Keep customer engaged and reduce avoidable cancellations.
UNKNOWN,UNKNOWN,50.47,MEDIUM,MEDIUM,Travel reminder,Send automated reminder closer to travel date.,Keep customer engaged and reduce avoidable cancellations.
UNKNOWN,UNKNOWN,48.83,MEDIUM,MEDIUM,Travel reminder,Send automated reminder closer to travel date.,Keep customer engaged and reduce avoidable cancellations.
UNKNOWN,UNKNOWN,47.52,MEDIUM,MEDIUM,Travel reminder,Send automated reminder closer to travel date.,Keep customer engaged and reduce avoidable cancellations.
UNKNOWN,UNKNOWN,48.09,MEDIUM,MEDIUM,Travel reminder,Send automated reminder closer to travel date.,Keep customer engaged and reduce avoidable cancellations.
UNKNOWN,UNKNOWN,48.4,MEDIUM,MEDIUM,Travel reminder,Send automated reminder closer to travel date.,Keep customer engaged and reduce avoidable cancellations.
UNKNOWN,UNKNOWN,54.53,MEDIUM,MEDIUM,Travel reminder,Send automated reminder closer to travel date.,Keep customer engaged and reduce avoidable cancellations.
UNKNOWN,UNKNOWN,51.66,MEDIUM,MEDIUM,Travel reminder,Send automated reminder closer to travel date.,Keep customer engaged and reduce avoidable cancellations.
UNKNOWN,UNKNOWN,49.2,MEDIUM,MEDIUM,Travel reminder,Send automated reminder closer to travel date.,Keep customer engaged and reduce avoidable cancellations.
UNKNOWN,UNKNOWN,46.81,MEDIUM,MEDIUM,Travel reminder,Send automated reminder closer to travel date.,Keep customer engaged and reduce avoidable cancellations.
UNKNOWN,UNKNOWN,43.13,MEDIUM,MEDIUM,Travel reminder,Send automated reminder closer to travel date.,Keep customer engaged and reduce avoidable cancellations.
UNKNOWN,UNKNOWN,46.91,MEDIUM,MEDIUM,Travel reminder,Send automated reminder closer to travel date.,Keep customer engaged and reduce avoidable cancellations.
UNKNOWN,UNKNOWN,51.96,MEDIUM,MEDIUM,Travel reminder,Send automated reminder closer to travel date.,Keep customer engaged and reduce avoidable cancellations.
UNKNOWN,UNKNOWN,50.1,MEDIUM,MEDIUM,Travel reminder,Send automated reminder closer to travel date.,Keep customer engaged and reduce avoidable cancellations.
UNKNOWN,UNKNOWN,45.34,MEDIUM,MEDIUM,Travel reminder,Send automated reminder closer to travel date.,Keep customer engaged and reduce avoidable cancellations.
UNKNOWN,UNKNOWN,45.64,MEDIUM,MEDIUM,Travel reminder,Send automated reminder closer to travel date.,Keep customer engaged and reduce avoidable cancellations.
UNKNOWN,UNKNOWN,54.79,MEDIUM,MEDIUM,Travel reminder,Send automated reminder closer to travel date.,Keep customer engaged and reduce avoidable cancellations.
UNKNOWN,UNKNOWN,48.41,MEDIUM,MEDIUM,Travel reminder,Send automated reminder closer to travel date.,Keep customer engaged and reduce avoidable cancellations.
UNKNOWN,UNKNOWN,51.58,MEDIUM,MEDIUM,Travel reminder,Send automated reminder closer to travel date.,Keep customer engaged and reduce avoidable cancellations.
UNKNOWN,UNKNOWN,49.06,MEDIUM,MEDIUM,Travel reminder,Send automated reminder closer to travel date.,Keep customer engaged and reduce avoidable cancellations.
UNKNOWN,UNKNOWN,55.91,MEDIUM,MEDIUM,Travel reminder,Send automated reminder closer to travel date.,Keep customer engaged and reduce avoidable cancellations.
UNKNOWN,UNKNOWN,51.21,MEDIUM,MEDIUM,Travel reminder,Send automated reminder closer to travel date.,Keep customer engaged and reduce avoidable cancellations.
UNKNOWN,UNKNOWN,54.09,MEDIUM,MEDIUM,Travel reminder,Send automated reminder closer to travel date.,Keep customer engaged and reduce avoidable cancellations.
UNKNOWN,UNKNOWN,51.8,MEDIUM,MEDIUM,Travel reminder,Send automated reminder closer to travel date.,Keep customer engaged and reduce avoidable cancellations.
UNKNOWN,UNKNOWN,46.87,MEDIUM,MEDIUM,Travel reminder,Send automated reminder closer to travel date.,Keep customer engaged and reduce avoidable cancellations.
UNKNOWN,UNKNOWN,48.0,MEDIUM,MEDIUM,Travel reminder,Send automated reminder closer to travel date.,Keep customer engaged and reduce avoidable cancellations.
UNKNOWN,UNKNOWN,53.96,MEDIUM,MEDIUM,Travel reminder,Send automated reminder closer to travel date.,Keep customer engaged and reduce avoidable cancellations.
UNKNOWN,UNKNOWN,49.74,MEDIUM,MEDIUM,Travel reminder,Send automated reminder closer to travel date.,Keep customer engaged and reduce avoidable cancellations.
UNKNOWN,UNKNOWN,46.19,MEDIUM,MEDIUM,Travel reminder,Send automated reminder closer to travel date.,Keep customer engaged and reduce avoidable cancellations.
UNKNOWN,UNKNOWN,47.16,MEDIUM,MEDIUM,Travel reminder,Send automated reminder closer to travel date.,Keep customer engaged and reduce avoidable cancellations.
UNKNOWN,UNKNOWN,48.99,MEDIUM,MEDIUM,Travel reminder,Send automated reminder closer to travel date.,Keep customer engaged and reduce avoidable cancellations.
UNKNOWN,UNKNOWN,45.82,MEDIUM,MEDIUM,Travel reminder,Send automated reminder closer to travel date.,Keep customer engaged and reduce avoidable cancellations.
UNKNOWN,UNKNOWN,50.79,MEDIUM,MEDIUM,Travel reminder,Send automated reminder closer to travel date.,Keep customer engaged and reduce avoidable cancellations.
UNKNOWN,UNKNOWN,52.71,MEDIUM,MEDIUM,Travel reminder,Send automated reminder closer to travel date.,Keep customer engaged and reduce avoidable cancellations.
UNKNOWN,UNKNOWN,54.75,MEDIUM,MEDIUM,Travel reminder,Send automated reminder closer to travel date.,Keep customer engaged and reduce avoidable cancellations.
UNKNOWN,UNKNOWN,51.46,MEDIUM,MEDIUM,Travel reminder,Send automated reminder closer to travel date.,Keep customer engaged and reduce avoidable cancellations.
UNKNOWN,UNKNOWN,56.46,MEDIUM,MEDIUM,Travel reminder,Send automated reminder closer to travel date.,Keep customer engaged and reduce avoidable cancellations.
UNKNOWN,UNKNOWN,52.67,MEDIUM,MEDIUM,Travel reminder,Send automated reminder closer to travel date.,Keep customer engaged and reduce avoidable cancellations.
UNKNOWN,UNKNOWN,47.37,MEDIUM,MEDIUM,Travel reminder,Send automated reminder closer to travel date.,Keep customer engaged and reduce avoidable cancellations.
UNKNOWN,UNKNOWN,54.81,MEDIUM,MEDIUM,Travel reminder,Send automated reminder closer to travel date.,Keep customer engaged and reduce avoidable cancellations.
UNKNOWN,UNKNOWN,52.27,MEDIUM,MEDIUM,Travel reminder,Send automated reminder closer to travel date.,Keep customer engaged and reduce avoidable cancellations.
UNKNOWN,UNKNOWN,51.38,MEDIUM,MEDIUM,Travel reminder,Send automated reminder closer to travel date.,Keep customer engaged and reduce avoidable cancellations.
UNKNOWN,UNKNOWN,48.58,MEDIUM,MEDIUM,Travel reminder,Send automated reminder closer to travel date.,Keep customer engaged and reduce avoidable cancellations.
UNKNOWN,UNKNOWN,54.51,MEDIUM,MEDIUM,Travel reminder,Send automated reminder closer to travel date.,Keep customer engaged and reduce avoidable cancellations.
UNKNOWN,UNKNOWN,45.31,MEDIUM,MEDIUM,Travel reminder,Send automated reminder closer to travel date.,Keep customer engaged and reduce avoidable cancellations.
UNKNOWN,UNKNOWN,46.97,MEDIUM,MEDIUM,Travel reminder,Send automated reminder closer to travel date.,Keep customer engaged and reduce avoidable cancellations.
UNKNOWN,UNKNOWN,50.91,MEDIUM,MEDIUM,Travel reminder,Send automated reminder closer to travel date.,Keep customer engaged and reduce avoidable cancellations.
UNKNOWN,UNKNOWN,48.64,MEDIUM,MEDIUM,Travel reminder,Send automated reminder closer to travel date.,Keep customer engaged and reduce avoidable cancellations.
UNKNOWN,UNKNOWN,51.53,MEDIUM,MEDIUM,Travel reminder,Send automated reminder closer to travel date.,Keep customer engaged and reduce avoidable cancellations.
UNKNOWN,UNKNOWN,53.55,MEDIUM,MEDIUM,Travel reminder,Send automated reminder closer to travel date.,Keep customer engaged and reduce avoidable cancellations.
UNKNOWN,UNKNOWN,53.39,MEDIUM,MEDIUM,Travel reminder,Send automated reminder closer to travel date.,Keep customer engaged and reduce avoidable cancellations.
UNKNOWN,UNKNOWN,51.43,MEDIUM,MEDIUM,Travel reminder,Send automated reminder closer to travel date.,Keep customer engaged and reduce avoidable cancellations.
UNKNOWN,UNKNOWN,51.76,MEDIUM,MEDIUM,Travel reminder,Send automated reminder closer to travel date.,Keep customer engaged and reduce avoidable cancellations.
UNKNOWN,UNKNOWN,53.54,MEDIUM,MEDIUM,Travel reminder,Send automated reminder closer to travel date.,Keep customer engaged and reduce avoidable cancellations.
UNKNOWN,UNKNOWN,48.33,MEDIUM,MEDIUM,Travel reminder,Send automated reminder closer to travel date.,Keep customer engaged and reduce avoidable cancellations.
UNKNOWN,UNKNOWN,52.72,MEDIUM,MEDIUM,Travel reminder,Send automated reminder closer to travel date.,Keep customer engaged and reduce avoidable cancellations.
UNKNOWN,UNKNOWN,51.97,MEDIUM,MEDIUM,Travel reminder,Send automated reminder closer to travel date.,Keep customer engaged and reduce avoidable cancellations.
UNKNOWN,UNKNOWN,51.45,MEDIUM,MEDIUM,Travel reminder,Send automated reminder closer to travel date.,Keep customer engaged and reduce avoidable cancellations.
UNKNOWN,UNKNOWN,49.45,MEDIUM,MEDIUM,Travel reminder,Send automated reminder closer to travel date.,Keep customer engaged and reduce avoidable cancellations.
UNKNOWN,UNKNOWN,49.97,MEDIUM,MEDIUM,Travel reminder,Send automated reminder closer to travel date.,Keep customer engaged and reduce avoidable cancellations.
UNKNOWN,UNKNOWN,45.31,MEDIUM,MEDIUM,Travel reminder,Send automated reminder closer to travel date.,Keep customer engaged and reduce avoidable cancellations.
UNKNOWN,UNKNOWN,54.31,MEDIUM,MEDIUM,Travel reminder,Send automated reminder closer to travel date.,Keep customer engaged and reduce avoidable cancellations.
UNKNOWN,UNKNOWN,51.12,MEDIUM,MEDIUM,Travel reminder,Send automated reminder closer to travel date.,Keep customer engaged and reduce avoidable cancellations.
UNKNOWN,UNKNOWN,47.99,MEDIUM,MEDIUM,Travel reminder,Send automated reminder closer to travel date.,Keep customer engaged and reduce avoidable cancellations.
UNKNOWN,UNKNOWN,49.47,MEDIUM,MEDIUM,Travel reminder,Send automated reminder closer to travel date.,Keep customer engaged and reduce avoidable cancellations.
UNKNOWN,UNKNOWN,47.5,MEDIUM,MEDIUM,Travel reminder,Send automated reminder closer to travel date.,Keep customer engaged and reduce avoidable cancellations.
UNKNOWN,UNKNOWN,47.44,MEDIUM,MEDIUM,Travel reminder,Send automated reminder closer to travel date.,Keep customer engaged and reduce avoidable cancellations.
UNKNOWN,UNKNOWN,49.11,MEDIUM,MEDIUM,Travel reminder,Send automated reminder closer to travel date.,Keep customer engaged and reduce avoidable cancellations.
UNKNOWN,UNKNOWN,48.55,MEDIUM,MEDIUM,Travel reminder,Send automated reminder closer to travel date.,Keep customer engaged and reduce avoidable cancellations.
UNKNOWN,UNKNOWN,51.03,MEDIUM,MEDIUM,Travel reminder,Send automated reminder closer to travel date.,Keep customer engaged and reduce avoidable cancellations.
UNKNOWN,UNKNOWN,52.61,MEDIUM,MEDIUM,Travel reminder,Send automated reminder closer to travel date.,Keep customer engaged and reduce avoidable cancellations.
UNKNOWN,UNKNOWN,53.47,MEDIUM,MEDIUM,Travel reminder,Send automated reminder closer to travel date.,Keep customer engaged and reduce avoidable cancellations.
UNKNOWN,UNKNOWN,59.3,MEDIUM,MEDIUM,Travel reminder,Send automated reminder closer to travel date.,Keep customer engaged and reduce avoidable cancellations.
UNKNOWN,UNKNOWN,47.72,MEDIUM,MEDIUM,Travel reminder,Send automated reminder closer to travel date.,Keep customer engaged and reduce avoidable cancellations.
UNKNOWN,UNKNOWN,48.01,MEDIUM,MEDIUM,Travel reminder,Send automated reminder closer to travel date.,Keep customer engaged and reduce avoidable cancellations.
UNKNOWN,UNKNOWN,49.36,MEDIUM,MEDIUM,Travel reminder,Send automated reminder closer to travel date.,Keep customer engaged and reduce avoidable cancellations.
UNKNOWN,UNKNOWN,46.47,MEDIUM,MEDIUM,Travel reminder,Send automated reminder closer to travel date.,Keep customer engaged and reduce avoidable cancellations.
UNKNOWN,UNKNOWN,46.35,MEDIUM,MEDIUM,Travel reminder,Send automated reminder closer to travel date.,Keep customer engaged and reduce avoidable cancellations.
UNKNOWN,UNKNOWN,52.56,MEDIUM,MEDIUM,Travel reminder,Send automated reminder closer to travel date.,Keep customer engaged and reduce avoidable cancellations.
UNKNOWN,UNKNOWN,48.92,MEDIUM,MEDIUM,Travel reminder,Send automated reminder closer to travel date.,Keep customer engaged and reduce avoidable cancellations.
UNKNOWN,UNKNOWN,55.7,MEDIUM,MEDIUM,Travel reminder,Send automated reminder closer to travel date.,Keep customer engaged and reduce avoidable cancellations.
UNKNOWN,UNKNOWN,50.17,MEDIUM,MEDIUM,Travel reminder,Send automated reminder closer to travel date.,Keep customer engaged and reduce avoidable cancellations.
UNKNOWN,UNKNOWN,50.04,MEDIUM,MEDIUM,Travel reminder,Send automated reminder closer to travel date.,Keep customer engaged and reduce avoidable cancellations.
UNKNOWN,UNKNOWN,52.79,MEDIUM,MEDIUM,Travel reminder,Send automated reminder closer to travel date.,Keep customer engaged and reduce avoidable cancellations.
UNKNOWN,UNKNOWN,51.32,MEDIUM,MEDIUM,Travel reminder,Send automated reminder closer to travel date.,Keep customer engaged and reduce avoidable cancellations.
UNKNOWN,UNKNOWN,42.2,MEDIUM,MEDIUM,Travel reminder,Send automated reminder closer to travel date.,Keep customer engaged and reduce avoidable cancellations.
UNKNOWN,UNKNOWN,51.22,MEDIUM,MEDIUM,Travel reminder,Send automated reminder closer to travel date.,Keep customer engaged and reduce avoidable cancellations.
UNKNOWN,UNKNOWN,54.38,MEDIUM,MEDIUM,Travel reminder,Send automated reminder closer to travel date.,Keep customer engaged and reduce avoidable cancellations.
UNKNOWN,UNKNOWN,50.91,MEDIUM,MEDIUM,Travel reminder,Send automated reminder closer to travel date.,Keep customer engaged and reduce avoidable cancellations.
UNKNOWN,UNKNOWN,50.49,MEDIUM,MEDIUM,Travel reminder,Send automated reminder closer to travel date.,Keep customer engaged and reduce avoidable cancellations.
UNKNOWN,UNKNOWN,49.21,MEDIUM,MEDIUM,Travel reminder,Send automated reminder closer to travel date.,Keep customer engaged and reduce avoidable cancellations.
UNKNOWN,UNKNOWN,52.6,MEDIUM,MEDIUM,Travel reminder,Send automated reminder closer to travel date.,Keep customer engaged and reduce avoidable cancellations.
UNKNOWN,UNKNOWN,44.59,MEDIUM,MEDIUM,Travel reminder,Send automated reminder closer to travel date.,Keep customer engaged and reduce avoidable cancellations.
UNKNOWN,UNKNOWN,53.37,MEDIUM,MEDIUM,Travel reminder,Send automated reminder closer to travel date.,Keep customer engaged and reduce avoidable cancellations.
UNKNOWN,UNKNOWN,48.48,MEDIUM,MEDIUM,Travel reminder,Send automated reminder closer to travel date.,Keep customer engaged and reduce avoidable cancellations.
UNKNOWN,UNKNOWN,46.92,MEDIUM,MEDIUM,Travel reminder,Send automated reminder closer to travel date.,Keep customer engaged and reduce avoidable cancellations.
UNKNOWN,UNKNOWN,51.54,MEDIUM,MEDIUM,Travel reminder,Send automated reminder closer to travel date.,Keep customer engaged and reduce avoidable cancellations.
UNKNOWN,UNKNOWN,50.56,MEDIUM,MEDIUM,Travel reminder,Send automated reminder closer to travel date.,Keep customer engaged and reduce avoidable cancellations.
UNKNOWN,UNKNOWN,52.74,MEDIUM,MEDIUM,Travel reminder,Send automated reminder closer to travel date.,Keep customer engaged and reduce avoidable cancellations.
UNKNOWN,UNKNOWN,48.44,MEDIUM,MEDIUM,Travel reminder,Send automated reminder closer to travel date.,Keep customer engaged and reduce avoidable cancellations.
UNKNOWN,UNKNOWN,49.5,MEDIUM,MEDIUM,Travel reminder,Send automated reminder closer to travel date.,Keep customer engaged and reduce avoidable cancellations.
UNKNOWN,UNKNOWN,47.29,MEDIUM,MEDIUM,Travel reminder,Send automated reminder closer to travel date.,Keep customer engaged and reduce avoidable cancellations.
UNKNOWN,UNKNOWN,48.4,MEDIUM,MEDIUM,Travel reminder,Send automated reminder closer to travel date.,Keep customer engaged and reduce avoidable cancellations.
UNKNOWN,UNKNOWN,45.63,MEDIUM,MEDIUM,Travel reminder,Send automated reminder closer to travel date.,Keep customer engaged and reduce avoidable cancellations.
UNKNOWN,UNKNOWN,46.94,MEDIUM,MEDIUM,Travel reminder,Send automated reminder closer to travel date.,Keep customer engaged and reduce avoidable cancellations.
UNKNOWN,UNKNOWN,48.78,MEDIUM,MEDIUM,Travel reminder,Send automated reminder closer to travel date.,Keep customer engaged and reduce avoidable cancellations.
UNKNOWN,UNKNOWN,49.91,MEDIUM,MEDIUM,Travel reminder,Send automated reminder closer to travel date.,Keep customer engaged and reduce avoidable cancellations.
UNKNOWN,UNKNOWN,49.61,MEDIUM,MEDIUM,Travel reminder,Send automated reminder closer to travel date.,Keep customer engaged and reduce avoidable cancellations.
UNKNOWN,UNKNOWN,53.48,MEDIUM,MEDIUM,Travel reminder,Send automated reminder closer to travel date.,Keep customer engaged and reduce avoidable cancellations.
UNKNOWN,UNKNOWN,48.24,MEDIUM,MEDIUM,Travel reminder,Send automated reminder closer to travel date.,Keep customer engaged and reduce avoidable cancellations.
UNKNOWN,UNKNOWN,47.61,MEDIUM,MEDIUM,Travel reminder,Send automated reminder closer to travel date.,Keep customer engaged and reduce avoidable cancellations.
UNKNOWN,UNKNOWN,51.09,MEDIUM,MEDIUM,Travel reminder,Send automated reminder closer to travel date.,Keep customer engaged and reduce avoidable cancellations.
UNKNOWN,UNKNOWN,47.5,MEDIUM,MEDIUM,Travel reminder,Send automated reminder closer to travel date.,Keep customer engaged and reduce avoidable cancellations.
UNKNOWN,UNKNOWN,47.83,MEDIUM,MEDIUM,Travel reminder,Send automated reminder closer to travel date.,Keep customer engaged and reduce avoidable cancellations.
UNKNOWN,UNKNOWN,54.32,MEDIUM,MEDIUM,Travel reminder,Send automated reminder closer to travel date.,Keep customer engaged and reduce avoidable cancellations.
UNKNOWN,UNKNOWN,52.95,MEDIUM,MEDIUM,Travel reminder,Send automated reminder closer to travel date.,Keep customer engaged and reduce avoidable cancellations.
UNKNOWN,UNKNOWN,52.71,MEDIUM,MEDIUM,Travel reminder,Send automated reminder closer to travel date.,Keep customer engaged and reduce avoidable cancellations.
UNKNOWN,UNKNOWN,51.95,MEDIUM,MEDIUM,Travel reminder,Send automated reminder closer to travel date.,Keep customer engaged and reduce avoidable cancellations.
UNKNOWN,UNKNOWN,49.05,MEDIUM,MEDIUM,Travel reminder,Send automated reminder closer to travel date.,Keep customer engaged and reduce avoidable cancellations.
UNKNOWN,UNKNOWN,51.63,MEDIUM,MEDIUM,Travel reminder,Send automated reminder closer to travel date.,Keep customer engaged and reduce avoidable cancellations.
UNKNOWN,UNKNOWN,50.96,MEDIUM,MEDIUM,Travel reminder,Send automated reminder closer to travel date.,Keep customer engaged and reduce avoidable cancellations.
UNKNOWN,UNKNOWN,49.13,MEDIUM,MEDIUM,Travel reminder,Send automated reminder closer to travel date.,Keep customer engaged and reduce avoidable cancellations.
UNKNOWN,UNKNOWN,49.13,MEDIUM,MEDIUM,Travel reminder,Send automated reminder closer to travel date.,Keep customer engaged and reduce avoidable cancellations.
UNKNOWN,UNKNOWN,46.84,MEDIUM,MEDIUM,Travel reminder,Send automated reminder closer to travel date.,Keep customer engaged and reduce avoidable cancellations.
UNKNOWN,UNKNOWN,45.97,MEDIUM,MEDIUM,Travel reminder,Send automated reminder closer to travel date.,Keep customer engaged and reduce avoidable cancellations.
UNKNOWN,UNKNOWN,51.48,MEDIUM,MEDIUM,Travel reminder,Send automated reminder closer to travel date.,Keep customer engaged and reduce avoidable cancellations.
UNKNOWN,UNKNOWN,45.3,MEDIUM,MEDIUM,Travel reminder,Send automated reminder closer to travel date.,Keep customer engaged and reduce avoidable cancellations.
UNKNOWN,UNKNOWN,51.43,MEDIUM,MEDIUM,Travel reminder,Send automated reminder closer to travel date.,Keep customer engaged and reduce avoidable cancellations.
UNKNOWN,UNKNOWN,54.72,MEDIUM,MEDIUM,Travel reminder,Send automated reminder closer to travel date.,Keep customer engaged and reduce avoidable cancellations.
UNKNOWN,UNKNOWN,49.55,MEDIUM,MEDIUM,Travel reminder,Send automated reminder closer to travel date.,Keep customer engaged and reduce avoidable cancellations.
UNKNOWN,UNKNOWN,56.48,MEDIUM,MEDIUM,Travel reminder,Send automated reminder closer to travel date.,Keep customer engaged and reduce avoidable cancellations.
UNKNOWN,UNKNOWN,52.22,MEDIUM,MEDIUM,Travel reminder,Send automated reminder closer to travel date.,Keep customer engaged and reduce avoidable cancellations.
UNKNOWN,UNKNOWN,49.4,MEDIUM,MEDIUM,Travel reminder,Send automated reminder closer to travel date.,Keep customer engaged and reduce avoidable cancellations.
UNKNOWN,UNKNOWN,49.33,MEDIUM,MEDIUM,Travel reminder,Send automated reminder closer to travel date.,Keep customer engaged and reduce avoidable cancellations.
UNKNOWN,UNKNOWN,49.07,MEDIUM,MEDIUM,Travel reminder,Send automated reminder closer to travel date.,Keep customer engaged and reduce avoidable cancellations.
UNKNOWN,UNKNOWN,51.27,MEDIUM,MEDIUM,Travel reminder,Send automated reminder closer to travel date.,Keep customer engaged and reduce avoidable cancellations.
UNKNOWN,UNKNOWN,52.34,MEDIUM,MEDIUM,Travel reminder,Send automated reminder closer to travel date.,Keep customer engaged and reduce avoidable cancellations.
UNKNOWN,UNKNOWN,47.64,MEDIUM,MEDIUM,Travel reminder,Send automated reminder closer to travel date.,Keep customer engaged and reduce avoidable cancellations.
UNKNOWN,UNKNOWN,42.29,MEDIUM,MEDIUM,Travel reminder,Send automated reminder closer to travel date.,Keep customer engaged and reduce avoidable cancellations.
UNKNOWN,UNKNOWN,45.98,MEDIUM,MEDIUM,Travel reminder,Send automated reminder closer to travel date.,Keep customer engaged and reduce avoidable cancellations.
UNKNOWN,UNKNOWN,53.29,MEDIUM,MEDIUM,Travel reminder,Send automated reminder closer to travel date.,Keep customer engaged and reduce avoidable cancellations.
UNKNOWN,UNKNOWN,53.45,MEDIUM,MEDIUM,Travel reminder,Send automated reminder closer to travel date.,Keep customer engaged and reduce avoidable cancellations.
UNKNOWN,UNKNOWN,47.77,MEDIUM,MEDIUM,Travel reminder,Send automated reminder closer to travel date.,Keep customer engaged and reduce avoidable cancellations.
UNKNOWN,UNKNOWN,47.18,MEDIUM,MEDIUM,Travel reminder,Send automated reminder closer to travel date.,Keep customer engaged and reduce avoidable cancellations.
UNKNOWN,UNKNOWN,51.82,MEDIUM,MEDIUM,Travel reminder,Send automated reminder closer to travel date.,Keep customer engaged and reduce avoidable cancellations.
UNKNOWN,UNKNOWN,51.84,MEDIUM,MEDIUM,Travel reminder,Send automated reminder closer to travel date.,Keep customer engaged and reduce avoidable cancellations.
UNKNOWN,UNKNOWN,50.24,MEDIUM,MEDIUM,Travel reminder,Send automated reminder closer to travel date.,Keep customer engaged and reduce avoidable cancellations.
UNKNOWN,UNKNOWN,49.99,MEDIUM,MEDIUM,Travel reminder,Send automated reminder closer to travel date.,Keep customer engaged and reduce avoidable cancellations.
UNKNOWN,UNKNOWN,47.35,MEDIUM,MEDIUM,Travel reminder,Send automated reminder closer to travel date.,Keep customer engaged and reduce avoidable cancellations.
UNKNOWN,UNKNOWN,50.95,MEDIUM,MEDIUM,Travel reminder,Send automated reminder closer to travel date.,Keep customer engaged and reduce avoidable cancellations.
UNKNOWN,UNKNOWN,43.13,MEDIUM,MEDIUM,Travel reminder,Send automated reminder closer to travel date.,Keep customer engaged and reduce avoidable cancellations.
UNKNOWN,UNKNOWN,50.9,MEDIUM,MEDIUM,Travel reminder,Send automated reminder closer to travel date.,Keep customer engaged and reduce avoidable cancellations.
UNKNOWN,UNKNOWN,50.49,MEDIUM,MEDIUM,Travel reminder,Send automated reminder closer to travel date.,Keep customer engaged and reduce avoidable cancellations.
UNKNOWN,UNKNOWN,50.29,MEDIUM,MEDIUM,Travel reminder,Send automated reminder closer to travel date.,Keep customer engaged and reduce avoidable cancellations.
UNKNOWN,UNKNOWN,51.16,MEDIUM,MEDIUM,Travel reminder,Send automated reminder closer to travel date.,Keep customer engaged and reduce avoidable cancellations.
UNKNOWN,UNKNOWN,52.57,MEDIUM,MEDIUM,Travel reminder,Send automated reminder closer to travel date.,Keep customer engaged and reduce avoidable cancellations.
UNKNOWN,UNKNOWN,52.22,MEDIUM,MEDIUM,Travel reminder,Send automated reminder closer to travel date.,Keep customer engaged and reduce avoidable cancellations.
UNKNOWN,UNKNOWN,50.91,MEDIUM,MEDIUM,Travel reminder,Send automated reminder closer to travel date.,Keep customer engaged and reduce avoidable cancellations.
UNKNOWN,UNKNOWN,41.75,MEDIUM,MEDIUM,Travel reminder,Send automated reminder closer to travel date.,Keep customer engaged and reduce avoidable cancellations.
UNKNOWN,UNKNOWN,55.21,MEDIUM,MEDIUM,Travel reminder,Send automated reminder closer to travel date.,Keep customer engaged and reduce avoidable cancellations.
UNKNOWN,UNKNOWN,53.55,MEDIUM,MEDIUM,Travel reminder,Send automated reminder closer to travel date.,Keep customer engaged and reduce avoidable cancellations.
UNKNOWN,UNKNOWN,49.03,MEDIUM,MEDIUM,Travel reminder,Send automated reminder closer to travel date.,Keep customer engaged and reduce avoidable cancellations.
UNKNOWN,UNKNOWN,46.65,MEDIUM,MEDIUM,Travel reminder,Send automated reminder closer to travel date.,Keep customer engaged and reduce avoidable cancellations.
UNKNOWN,UNKNOWN,49.72,MEDIUM,MEDIUM,Travel reminder,Send automated reminder closer to travel date.,Keep customer engaged and reduce avoidable cancellations.
UNKNOWN,UNKNOWN,45.3,MEDIUM,MEDIUM,Travel reminder,Send automated reminder closer to travel date.,Keep customer engaged and reduce avoidable cancellations.
UNKNOWN,UNKNOWN,56.3,MEDIUM,MEDIUM,Travel reminder,Send automated reminder closer to travel date.,Keep customer engaged and reduce avoidable cancellations.
UNKNOWN,UNKNOWN,55.02,MEDIUM,MEDIUM,Travel reminder,Send automated reminder closer to travel date.,Keep customer engaged and reduce avoidable cancellations.
UNKNOWN,UNKNOWN,51.95,MEDIUM,MEDIUM,Travel reminder,Send automated reminder closer to travel date.,Keep customer engaged and reduce avoidable cancellations.
UNKNOWN,UNKNOWN,52.39,MEDIUM,MEDIUM,Travel reminder,Send automated reminder closer to travel date.,Keep customer engaged and reduce avoidable cancellations.
UNKNOWN,UNKNOWN,50.79,MEDIUM,MEDIUM,Travel reminder,Send automated reminder closer to travel date.,Keep customer engaged and reduce avoidable cancellations.
UNKNOWN,UNKNOWN,53.52,MEDIUM,MEDIUM,Travel reminder,Send automated reminder closer to travel date.,Keep customer engaged and reduce avoidable cancellations.
UNKNOWN,UNKNOWN,50.54,MEDIUM,MEDIUM,Travel reminder,Send automated reminder closer to travel date.,Keep customer engaged and reduce avoidable cancellations.
UNKNOWN,UNKNOWN,49.98,MEDIUM,MEDIUM,Travel reminder,Send automated reminder closer to travel date.,Keep customer engaged and reduce avoidable cancellations.
UNKNOWN,UNKNOWN,45.31,MEDIUM,MEDIUM,Travel reminder,Send automated reminder closer to travel date.,Keep customer engaged and reduce avoidable cancellations.
UNKNOWN,UNKNOWN,50.7,MEDIUM,MEDIUM,Travel reminder,Send automated reminder closer to travel date.,Keep customer engaged and reduce avoidable cancellations.
UNKNOWN,UNKNOWN,48.58,MEDIUM,MEDIUM,Travel reminder,Send automated reminder closer to travel date.,Keep customer engaged and reduce avoidable cancellations.
UNKNOWN,UNKNOWN,48.83,MEDIUM,MEDIUM,Travel reminder,Send automated reminder closer to travel date.,Keep customer engaged and reduce avoidable cancellations.
UNKNOWN,UNKNOWN,50.39,MEDIUM,MEDIUM,Travel reminder,Send automated reminder closer to travel date.,Keep customer engaged and reduce avoidable cancellations.
UNKNOWN,UNKNOWN,50.99,MEDIUM,MEDIUM,Travel reminder,Send automated reminder closer to travel date.,Keep customer engaged and reduce avoidable cancellations.
UNKNOWN,UNKNOWN,48.54,MEDIUM,MEDIUM,Travel reminder,Send automated reminder closer to travel date.,Keep customer engaged and reduce avoidable cancellations.
UNKNOWN,UNKNOWN,52.7,MEDIUM,MEDIUM,Travel reminder,Send automated reminder closer to travel date.,Keep customer engaged and reduce avoidable cancellations.
UNKNOWN,UNKNOWN,50.54,MEDIUM,MEDIUM,Travel reminder,Send automated reminder closer to travel date.,Keep customer engaged and reduce avoidable cancellations.
UNKNOWN,UNKNOWN,48.11,MEDIUM,MEDIUM,Travel reminder,Send automated reminder closer to travel date.,Keep customer engaged and reduce avoidable cancellations.
UNKNOWN,UNKNOWN,46.09,MEDIUM,MEDIUM,Travel reminder,Send automated reminder closer to travel date.,Keep customer engaged and reduce avoidable cancellations.
UNKNOWN,UNKNOWN,45.45,MEDIUM,MEDIUM,Travel reminder,Send automated reminder closer to travel date.,Keep customer engaged and reduce avoidable cancellations.
UNKNOWN,UNKNOWN,46.54,MEDIUM,MEDIUM,Travel reminder,Send automated reminder closer to travel date.,Keep customer engaged and reduce avoidable cancellations.
UNKNOWN,UNKNOWN,52.08,MEDIUM,MEDIUM,Travel reminder,Send automated reminder closer to travel date.,Keep customer engaged and reduce avoidable cancellations.
UNKNOWN,UNKNOWN,49.43,MEDIUM,MEDIUM,Travel reminder,Send automated reminder closer to travel date.,Keep customer engaged and reduce avoidable cancellations.
UNKNOWN,UNKNOWN,49.93,MEDIUM,MEDIUM,Travel reminder,Send automated reminder closer to travel date.,Keep customer engaged and reduce avoidable cancellations.
UNKNOWN,UNKNOWN,47.94,MEDIUM,MEDIUM,Travel reminder,Send automated reminder closer to travel date.,Keep customer engaged and reduce avoidable cancellations.
UNKNOWN,UNKNOWN,54.61,MEDIUM,MEDIUM,Travel reminder,Send automated reminder closer to travel date.,Keep customer engaged and reduce avoidable cancellations.
UNKNOWN,UNKNOWN,52.4,MEDIUM,MEDIUM,Travel reminder,Send automated reminder closer to travel date.,Keep customer engaged and reduce avoidable cancellations.
UNKNOWN,UNKNOWN,45.38,MEDIUM,MEDIUM,Travel reminder,Send automated reminder closer to travel date.,Keep customer engaged and reduce avoidable cancellations.
UNKNOWN,UNKNOWN,49.9,MEDIUM,MEDIUM,Travel reminder,Send automated reminder closer to travel date.,Keep customer engaged and reduce avoidable cancellations.
UNKNOWN,UNKNOWN,51.5,MEDIUM,MEDIUM,Travel reminder,Send automated reminder closer to travel date.,Keep customer engaged and reduce avoidable cancellations.
UNKNOWN,UNKNOWN,51.03,MEDIUM,MEDIUM,Travel reminder,Send automated reminder closer to travel date.,Keep customer engaged and reduce avoidable cancellations.
UNKNOWN,UNKNOWN,52.42,MEDIUM,MEDIUM,Travel reminder,Send automated reminder closer to travel date.,Keep customer engaged and reduce avoidable cancellations.
UNKNOWN,UNKNOWN,51.77,MEDIUM,MEDIUM,Travel reminder,Send automated reminder closer to travel date.,Keep customer engaged and reduce avoidable cancellations.
UNKNOWN,UNKNOWN,48.16,MEDIUM,MEDIUM,Travel reminder,Send automated reminder closer to travel date.,Keep customer engaged and reduce avoidable cancellations.
UNKNOWN,UNKNOWN,49.99,MEDIUM,MEDIUM,Travel reminder,Send automated reminder closer to travel date.,Keep customer engaged and reduce avoidable cancellations.
UNKNOWN,UNKNOWN,47.17,MEDIUM,MEDIUM,Travel reminder,Send automated reminder closer to travel date.,Keep customer engaged and reduce avoidable cancellations.
UNKNOWN,UNKNOWN,42.34,MEDIUM,MEDIUM,Travel reminder,Send automated reminder closer to travel date.,Keep customer engaged and reduce avoidable cancellations.
UNKNOWN,UNKNOWN,48.52,MEDIUM,MEDIUM,Travel reminder,Send automated reminder closer to travel date.,Keep customer engaged and reduce avoidable cancellations.
UNKNOWN,UNKNOWN,52.32,MEDIUM,MEDIUM,Travel reminder,Send automated reminder closer to travel date.,Keep customer engaged and reduce avoidable cancellations.
UNKNOWN,UNKNOWN,48.74,MEDIUM,MEDIUM,Travel reminder,Send automated reminder closer to travel date.,Keep customer engaged and reduce avoidable cancellations.
UNKNOWN,UNKNOWN,56.44,MEDIUM,MEDIUM,Travel reminder,Send automated reminder closer to travel date.,Keep customer engaged and reduce avoidable cancellations.
UNKNOWN,UNKNOWN,45.93,MEDIUM,MEDIUM,Travel reminder,Send automated reminder closer to travel date.,Keep customer engaged and reduce avoidable cancellations.
UNKNOWN,UNKNOWN,53.17,MEDIUM,MEDIUM,Travel reminder,Send automated reminder closer to travel date.,Keep customer engaged and reduce avoidable cancellations.
UNKNOWN,UNKNOWN,52.23,MEDIUM,MEDIUM,Travel reminder,Send automated reminder closer to travel date.,Keep customer engaged and reduce avoidable cancellations.
UNKNOWN,UNKNOWN,46.87,MEDIUM,MEDIUM,Travel reminder,Send automated reminder closer to travel date.,Keep customer engaged and reduce avoidable cancellations.
UNKNOWN,UNKNOWN,50.17,MEDIUM,MEDIUM,Travel reminder,Send automated reminder closer to travel date.,Keep customer engaged and reduce avoidable cancellations.
UNKNOWN,UNKNOWN,54.37,MEDIUM,MEDIUM,Travel reminder,Send automated reminder closer to travel date.,Keep customer engaged and reduce avoidable cancellations.
UNKNOWN,UNKNOWN,55.76,MEDIUM,MEDIUM,Travel reminder,Send automated reminder closer to travel date.,Keep customer engaged and reduce avoidable cancellations.
UNKNOWN,UNKNOWN,53.73,MEDIUM,MEDIUM,Travel reminder,Send automated reminder closer to travel date.,Keep customer engaged and reduce avoidable cancellations.
UNKNOWN,UNKNOWN,48.63,MEDIUM,MEDIUM,Travel reminder,Send automated reminder closer to travel date.,Keep customer engaged and reduce avoidable cancellations.
UNKNOWN,UNKNOWN,54.11,MEDIUM,MEDIUM,Travel reminder,Send automated reminder closer to travel date.,Keep customer engaged and reduce avoidable cancellations.
UNKNOWN,UNKNOWN,53.26,MEDIUM,MEDIUM,Travel reminder,Send automated reminder closer to travel date.,Keep customer engaged and reduce avoidable cancellations.
UNKNOWN,UNKNOWN,45.39,MEDIUM,MEDIUM,Travel reminder,Send automated reminder closer to travel date.,Keep customer engaged and reduce avoidable cancellations.
UNKNOWN,UNKNOWN,52.9,MEDIUM,MEDIUM,Travel reminder,Send automated reminder closer to travel date.,Keep customer engaged and reduce avoidable cancellations.
UNKNOWN,UNKNOWN,47.91,MEDIUM,MEDIUM,Travel reminder,Send automated reminder closer to travel date.,Keep customer engaged and reduce avoidable cancellations.
UNKNOWN,UNKNOWN,49.99,MEDIUM,MEDIUM,Travel reminder,Send automated reminder closer to travel date.,Keep customer engaged and reduce avoidable cancellations.
UNKNOWN,UNKNOWN,47.96,MEDIUM,MEDIUM,Travel reminder,Send automated reminder closer to travel date.,Keep customer engaged and reduce avoidable cancellations.
UNKNOWN,UNKNOWN,44.79,MEDIUM,MEDIUM,Travel reminder,Send automated reminder closer to travel date.,Keep customer engaged and reduce avoidable cancellations.
UNKNOWN,UNKNOWN,53.03,MEDIUM,MEDIUM,Travel reminder,Send automated reminder closer to travel date.,Keep customer engaged and reduce avoidable cancellations.
UNKNOWN,UNKNOWN,48.12,MEDIUM,MEDIUM,Travel reminder,Send automated reminder closer to travel date.,Keep customer engaged and reduce avoidable cancellations.
UNKNOWN,UNKNOWN,50.43,MEDIUM,MEDIUM,Travel reminder,Send automated reminder closer to travel date.,Keep customer engaged and reduce avoidable cancellations.
UNKNOWN,UNKNOWN,49.13,MEDIUM,MEDIUM,Travel reminder,Send automated reminder closer to travel date.,Keep customer engaged and reduce avoidable cancellations.
UNKNOWN,UNKNOWN,47.83,MEDIUM,MEDIUM,Travel reminder,Send automated reminder closer to travel date.,Keep customer engaged and reduce avoidable cancellations.
UNKNOWN,UNKNOWN,47.04,MEDIUM,MEDIUM,Travel reminder,Send automated reminder closer to travel date.,Keep customer engaged and reduce avoidable cancellations.
UNKNOWN,UNKNOWN,44.29,MEDIUM,MEDIUM,Travel reminder,Send automated reminder closer to travel date.,Keep customer engaged and reduce avoidable cancellations.
UNKNOWN,UNKNOWN,55.06,MEDIUM,MEDIUM,Travel reminder,Send automated reminder closer to travel date.,Keep customer engaged and reduce avoidable cancellations.
UNKNOWN,UNKNOWN,50.57,MEDIUM,MEDIUM,Travel reminder,Send automated reminder closer to travel date.,Keep customer engaged and reduce avoidable cancellations.
UNKNOWN,UNKNOWN,49.07,MEDIUM,MEDIUM,Travel reminder,Send automated reminder closer to travel date.,Keep customer engaged and reduce avoidable cancellations.
UNKNOWN,UNKNOWN,45.75,MEDIUM,MEDIUM,Travel reminder,Send automated reminder closer to travel date.,Keep customer engaged and reduce avoidable cancellations.
UNKNOWN,UNKNOWN,46.43,MEDIUM,MEDIUM,Travel reminder,Send automated reminder closer to travel date.,Keep customer engaged and reduce avoidable cancellations.
UNKNOWN,UNKNOWN,54.34,MEDIUM,MEDIUM,Travel reminder,Send automated reminder closer to travel date.,Keep customer engaged and reduce avoidable cancellations.
UNKNOWN,UNKNOWN,53.86,MEDIUM,MEDIUM,Travel reminder,Send automated reminder closer to travel date.,Keep customer engaged and reduce avoidable cancellations.
UNKNOWN,UNKNOWN,51.94,MEDIUM,MEDIUM,Travel reminder,Send automated reminder closer to travel date.,Keep customer engaged and reduce avoidable cancellations.
UNKNOWN,UNKNOWN,55.97,MEDIUM,MEDIUM,Travel reminder,Send automated reminder closer to travel date.,Keep customer engaged and reduce avoidable cancellations.
UNKNOWN,UNKNOWN,50.26,MEDIUM,MEDIUM,Travel reminder,Send automated reminder closer to travel date.,Keep customer engaged and reduce avoidable cancellations.
UNKNOWN,UNKNOWN,49.53,MEDIUM,MEDIUM,Travel reminder,Send automated reminder closer to travel date.,Keep customer engaged and reduce avoidable cancellations.
UNKNOWN,UNKNOWN,47.12,MEDIUM,MEDIUM,Travel reminder,Send automated reminder closer to travel date.,Keep customer engaged and reduce avoidable cancellations.
UNKNOWN,UNKNOWN,50.99,MEDIUM,MEDIUM,Travel reminder,Send automated reminder closer to travel date.,Keep customer engaged and reduce avoidable cancellations.
UNKNOWN,UNKNOWN,53.62,MEDIUM,MEDIUM,Travel reminder,Send automated reminder closer to travel date.,Keep customer engaged and reduce avoidable cancellations.
UNKNOWN,UNKNOWN,48.43,MEDIUM,MEDIUM,Travel reminder,Send automated reminder closer to travel date.,Keep customer engaged and reduce avoidable cancellations.
UNKNOWN,UNKNOWN,51.7,MEDIUM,MEDIUM,Travel reminder,Send automated reminder closer to travel date.,Keep customer engaged and reduce avoidable cancellations.
UNKNOWN,UNKNOWN,48.06,MEDIUM,MEDIUM,Travel reminder,Send automated reminder closer to travel date.,Keep customer engaged and reduce avoidable cancellations.
UNKNOWN,UNKNOWN,47.37,MEDIUM,MEDIUM,Travel reminder,Send automated reminder closer to travel date.,Keep customer engaged and reduce avoidable cancellations.
UNKNOWN,UNKNOWN,54.18,MEDIUM,MEDIUM,Travel reminder,Send automated reminder closer to travel date.,Keep customer engaged and reduce avoidable cancellations.
UNKNOWN,UNKNOWN,53.12,MEDIUM,MEDIUM,Travel reminder,Send automated reminder closer to travel date.,Keep customer engaged and reduce avoidable cancellations.
UNKNOWN,UNKNOWN,53.01,MEDIUM,MEDIUM,Travel reminder,Send automated reminder closer to travel date.,Keep customer engaged and reduce avoidable cancellations.
UNKNOWN,UNKNOWN,52.7,MEDIUM,MEDIUM,Travel reminder,Send automated reminder closer to travel date.,Keep customer engaged and reduce avoidable cancellations.
UNKNOWN,UNKNOWN,50.16,MEDIUM,MEDIUM,Travel reminder,Send automated reminder closer to travel date.,Keep customer engaged and reduce avoidable cancellations.
UNKNOWN,UNKNOWN,49.03,MEDIUM,MEDIUM,Travel reminder,Send automated reminder closer to travel date.,Keep customer engaged and reduce avoidable cancellations.
UNKNOWN,UNKNOWN,52.71,MEDIUM,MEDIUM,Travel reminder,Send automated reminder closer to travel date.,Keep customer engaged and reduce avoidable cancellations.
UNKNOWN,UNKNOWN,45.64,MEDIUM,MEDIUM,Travel reminder,Send automated reminder closer to travel date.,Keep customer engaged and reduce avoidable cancellations.
UNKNOWN,UNKNOWN,44.6,MEDIUM,MEDIUM,Travel reminder,Send automated reminder closer to travel date.,Keep customer engaged and reduce avoidable cancellations.
UNKNOWN,UNKNOWN,48.72,MEDIUM,MEDIUM,Travel reminder,Send automated reminder closer to travel date.,Keep customer engaged and reduce avoidable cancellations.
UNKNOWN,UNKNOWN,47.06,MEDIUM,MEDIUM,Travel reminder,Send automated reminder closer to travel date.,Keep customer engaged and reduce avoidable cancellations.
UNKNOWN,UNKNOWN,53.92,MEDIUM,MEDIUM,Travel reminder,Send automated reminder closer to travel date.,Keep customer engaged and reduce avoidable cancellations.
UNKNOWN,UNKNOWN,50.57,MEDIUM,MEDIUM,Travel reminder,Send automated reminder closer to travel date.,Keep customer engaged and reduce avoidable cancellations.
UNKNOWN,UNKNOWN,45.41,MEDIUM,MEDIUM,Travel reminder,Send automated reminder closer to travel date.,Keep customer engaged and reduce avoidable cancellations.
UNKNOWN,UNKNOWN,53.34,MEDIUM,MEDIUM,Travel reminder,Send automated reminder closer to travel date.,Keep customer engaged and reduce avoidable cancellations.
UNKNOWN,UNKNOWN,49.11,MEDIUM,MEDIUM,Travel reminder,Send automated reminder closer to travel date.,Keep customer engaged and reduce avoidable cancellations.
UNKNOWN,UNKNOWN,51.89,MEDIUM,MEDIUM,Travel reminder,Send automated reminder closer to travel date.,Keep customer engaged and reduce avoidable cancellations.
UNKNOWN,UNKNOWN,51.54,MEDIUM,MEDIUM,Travel reminder,Send automated reminder closer to travel date.,Keep customer engaged and reduce avoidable cancellations.
UNKNOWN,UNKNOWN,51.27,MEDIUM,MEDIUM,Travel reminder,Send automated reminder closer to travel date.,Keep customer engaged and reduce avoidable cancellations.
UNKNOWN,UNKNOWN,47.03,MEDIUM,MEDIUM,Travel reminder,Send automated reminder closer to travel date.,Keep customer engaged and reduce avoidable cancellations.
UNKNOWN,UNKNOWN,45.82,MEDIUM,MEDIUM,Travel reminder,Send automated reminder closer to travel date.,Keep customer engaged and reduce avoidable cancellations.
UNKNOWN,UNKNOWN,48.47,MEDIUM,MEDIUM,Travel reminder,Send automated reminder closer to travel date.,Keep customer engaged and reduce avoidable cancellations.
UNKNOWN,UNKNOWN,52.53,MEDIUM,MEDIUM,Travel reminder,Send automated reminder closer to travel date.,Keep customer engaged and reduce avoidable cancellations.
UNKNOWN,UNKNOWN,47.47,MEDIUM,MEDIUM,Travel reminder,Send automated reminder closer to travel date.,Keep customer engaged and reduce avoidable cancellations.
UNKNOWN,UNKNOWN,47.5,MEDIUM,MEDIUM,Travel reminder,Send automated reminder closer to travel date.,Keep customer engaged and reduce avoidable cancellations.
UNKNOWN,UNKNOWN,48.81,MEDIUM,MEDIUM,Travel reminder,Send automated reminder closer to travel date.,Keep customer engaged and reduce avoidable cancellations.
UNKNOWN,UNKNOWN,47.95,MEDIUM,MEDIUM,Travel reminder,Send automated reminder closer to travel date.,Keep customer engaged and reduce avoidable cancellations.
UNKNOWN,UNKNOWN,53.07,MEDIUM,MEDIUM,Travel reminder,Send automated reminder closer to travel date.,Keep customer engaged and reduce avoidable cancellations.
UNKNOWN,UNKNOWN,49.47,MEDIUM,MEDIUM,Travel reminder,Send automated reminder closer to travel date.,Keep customer engaged and reduce avoidable cancellations.
UNKNOWN,UNKNOWN,51.78,MEDIUM,MEDIUM,Travel reminder,Send automated reminder closer to travel date.,Keep customer engaged and reduce avoidable cancellations.
UNKNOWN,UNKNOWN,46.67,MEDIUM,MEDIUM,Travel reminder,Send automated reminder closer to travel date.,Keep customer engaged and reduce avoidable cancellations.
UNKNOWN,UNKNOWN,44.89,MEDIUM,MEDIUM,Travel reminder,Send automated reminder closer to travel date.,Keep customer engaged and reduce avoidable cancellations.
UNKNOWN,UNKNOWN,47.66,MEDIUM,MEDIUM,Travel reminder,Send automated reminder closer to travel date.,Keep customer engaged and reduce avoidable cancellations.
UNKNOWN,UNKNOWN,46.22,MEDIUM,MEDIUM,Travel reminder,Send automated reminder closer to travel date.,Keep customer engaged and reduce avoidable cancellations.
UNKNOWN,UNKNOWN,51.83,MEDIUM,MEDIUM,Travel reminder,Send automated reminder closer to travel date.,Keep customer engaged and reduce avoidable cancellations.
UNKNOWN,UNKNOWN,46.2,MEDIUM,MEDIUM,Travel reminder,Send automated reminder closer to travel date.,Keep customer engaged and reduce avoidable cancellations.
UNKNOWN,UNKNOWN,51.34,MEDIUM,MEDIUM,Travel reminder,Send automated reminder closer to travel date.,Keep customer engaged and reduce avoidable cancellations.
UNKNOWN,UNKNOWN,48.34,MEDIUM,MEDIUM,Travel reminder,Send automated reminder closer to travel date.,Keep customer engaged and reduce avoidable cancellations.
UNKNOWN,UNKNOWN,46.39,MEDIUM,MEDIUM,Travel reminder,Send automated reminder closer to travel date.,Keep customer engaged and reduce avoidable cancellations.
UNKNOWN,UNKNOWN,41.84,MEDIUM,MEDIUM,Travel reminder,Send automated reminder closer to travel date.,Keep customer engaged and reduce avoidable cancellations.
UNKNOWN,UNKNOWN,51.07,MEDIUM,MEDIUM,Travel reminder,Send automated reminder closer to travel date.,Keep customer engaged and reduce avoidable cancellations.
UNKNOWN,UNKNOWN,53.36,MEDIUM,MEDIUM,Travel reminder,Send automated reminder closer to travel date.,Keep customer engaged and reduce avoidable cancellations.
UNKNOWN,UNKNOWN,48.31,MEDIUM,MEDIUM,Travel reminder,Send automated reminder closer to travel date.,Keep customer engaged and reduce avoidable cancellations.
UNKNOWN,UNKNOWN,54.68,MEDIUM,MEDIUM,Travel reminder,Send automated reminder closer to travel date.,Keep customer engaged and reduce avoidable cancellations.
UNKNOWN,UNKNOWN,52.2,MEDIUM,MEDIUM,Travel reminder,Send automated reminder closer to travel date.,Keep customer engaged and reduce avoidable cancellations.
UNKNOWN,UNKNOWN,53.27,MEDIUM,MEDIUM,Travel reminder,Send automated reminder closer to travel date.,Keep customer engaged and reduce avoidable cancellations.
UNKNOWN,UNKNOWN,54.51,MEDIUM,MEDIUM,Travel reminder,Send automated reminder closer to travel date.,Keep customer engaged and reduce avoidable cancellations.
UNKNOWN,UNKNOWN,51.02,MEDIUM,MEDIUM,Travel reminder,Send automated reminder closer to travel date.,Keep customer engaged and reduce avoidable cancellations.
UNKNOWN,UNKNOWN,51.45,MEDIUM,MEDIUM,Travel reminder,Send automated reminder closer to travel date.,Keep customer engaged and reduce avoidable cancellations.
UNKNOWN,UNKNOWN,49.96,MEDIUM,MEDIUM,Travel reminder,Send automated reminder closer to travel date.,Keep customer engaged and reduce avoidable cancellations.
UNKNOWN,UNKNOWN,49.22,MEDIUM,MEDIUM,Travel reminder,Send automated reminder closer to travel date.,Keep customer engaged and reduce avoidable cancellations.
UNKNOWN,UNKNOWN,53.16,MEDIUM,MEDIUM,Travel reminder,Send automated reminder closer to travel date.,Keep customer engaged and reduce avoidable cancellations.
UNKNOWN,UNKNOWN,45.97,MEDIUM,MEDIUM,Travel reminder,Send automated reminder closer to travel date.,Keep customer engaged and reduce avoidable cancellations.
UNKNOWN,UNKNOWN,51.06,MEDIUM,MEDIUM,Travel reminder,Send automated reminder closer to travel date.,Keep customer engaged and reduce avoidable cancellations.
UNKNOWN,UNKNOWN,47.26,MEDIUM,MEDIUM,Travel reminder,Send automated reminder closer to travel date.,Keep customer engaged and reduce avoidable cancellations.
UNKNOWN,UNKNOWN,49.49,MEDIUM,MEDIUM,Travel reminder,Send automated reminder closer to travel date.,Keep customer engaged and reduce avoidable cancellations.
UNKNOWN,UNKNOWN,53.05,MEDIUM,MEDIUM,Travel reminder,Send automated reminder closer to travel date.,Keep customer engaged and reduce avoidable cancellations.
UNKNOWN,UNKNOWN,45.83,MEDIUM,MEDIUM,Travel reminder,Send automated reminder closer to travel date.,Keep customer engaged and reduce avoidable cancellations.
UNKNOWN,UNKNOWN,49.65,MEDIUM,MEDIUM,Travel reminder,Send automated reminder closer to travel date.,Keep customer engaged and reduce avoidable cancellations.
UNKNOWN,UNKNOWN,47.53,MEDIUM,MEDIUM,Travel reminder,Send automated reminder closer to travel date.,Keep customer engaged and reduce avoidable cancellations.
UNKNOWN,UNKNOWN,52.01,MEDIUM,MEDIUM,Travel reminder,Send automated reminder closer to travel date.,Keep customer engaged and reduce avoidable cancellations.
UNKNOWN,UNKNOWN,50.51,MEDIUM,MEDIUM,Travel reminder,Send automated reminder closer to travel date.,Keep customer engaged and reduce avoidable cancellations.
UNKNOWN,UNKNOWN,51.36,MEDIUM,MEDIUM,Travel reminder,Send automated reminder closer to travel date.,Keep customer engaged and reduce avoidable cancellations.
UNKNOWN,UNKNOWN,55.8,MEDIUM,MEDIUM,Travel reminder,Send automated reminder closer to travel date.,Keep customer engaged and reduce avoidable cancellations.
UNKNOWN,UNKNOWN,50.1,MEDIUM,MEDIUM,Travel reminder,Send automated reminder closer to travel date.,Keep customer engaged and reduce avoidable cancellations.
UNKNOWN,UNKNOWN,51.85,MEDIUM,MEDIUM,Travel reminder,Send automated reminder closer to travel date.,Keep customer engaged and reduce avoidable cancellations.
UNKNOWN,UNKNOWN,51.06,MEDIUM,MEDIUM,Travel reminder,Send automated reminder closer to travel date.,Keep customer engaged and reduce avoidable cancellations.
UNKNOWN,UNKNOWN,47.06,MEDIUM,MEDIUM,Travel reminder,Send automated reminder closer to travel date.,Keep customer engaged and reduce avoidable cancellations.
UNKNOWN,UNKNOWN,50.96,MEDIUM,MEDIUM,Travel reminder,Send automated reminder closer to travel date.,Keep customer engaged and reduce avoidable cancellations.
UNKNOWN,UNKNOWN,48.3,MEDIUM,MEDIUM,Travel reminder,Send automated reminder closer to travel date.,Keep customer engaged and reduce avoidable cancellations.
UNKNOWN,UNKNOWN,48.14,MEDIUM,MEDIUM,Travel reminder,Send automated reminder closer to travel date.,Keep customer engaged and reduce avoidable cancellations.
UNKNOWN,UNKNOWN,50.23,MEDIUM,MEDIUM,Travel reminder,Send automated reminder closer to travel date.,Keep customer engaged and reduce avoidable cancellations.
UNKNOWN,UNKNOWN,47.07,MEDIUM,MEDIUM,Travel reminder,Send automated reminder closer to travel date.,Keep customer engaged and reduce avoidable cancellations.
UNKNOWN,UNKNOWN,49.06,MEDIUM,MEDIUM,Travel reminder,Send automated reminder closer to travel date.,Keep customer engaged and reduce avoidable cancellations.
UNKNOWN,UNKNOWN,49.73,MEDIUM,MEDIUM,Travel reminder,Send automated reminder closer to travel date.,Keep customer engaged and reduce avoidable cancellations.
UNKNOWN,UNKNOWN,49.94,MEDIUM,MEDIUM,Travel reminder,Send automated reminder closer to travel date.,Keep customer engaged and reduce avoidable cancellations.
UNKNOWN,UNKNOWN,50.3,MEDIUM,MEDIUM,Travel reminder,Send automated reminder closer to travel date.,Keep customer engaged and reduce avoidable cancellations.
UNKNOWN,UNKNOWN,47.49,MEDIUM,MEDIUM,Travel reminder,Send automated reminder closer to travel date.,Keep customer engaged and reduce avoidable cancellations.
UNKNOWN,UNKNOWN,47.6,MEDIUM,MEDIUM,Travel reminder,Send automated reminder closer to travel date.,Keep customer engaged and reduce avoidable cancellations.
UNKNOWN,UNKNOWN,52.64,MEDIUM,MEDIUM,Travel reminder,Send automated reminder closer to travel date.,Keep customer engaged and reduce avoidable cancellations.
UNKNOWN,UNKNOWN,54.76,MEDIUM,MEDIUM,Travel reminder,Send automated reminder closer to travel date.,Keep customer engaged and reduce avoidable cancellations.
UNKNOWN,UNKNOWN,50.89,MEDIUM,MEDIUM,Travel reminder,Send automated reminder closer to travel date.,Keep customer engaged and reduce avoidable cancellations.
UNKNOWN,UNKNOWN,48.65,MEDIUM,MEDIUM,Travel reminder,Send automated reminder closer to travel date.,Keep customer engaged and reduce avoidable cancellations.
UNKNOWN,UNKNOWN,49.58,MEDIUM,MEDIUM,Travel reminder,Send automated reminder closer to travel date.,Keep customer engaged and reduce avoidable cancellations.
UNKNOWN,UNKNOWN,56.09,MEDIUM,MEDIUM,Travel reminder,Send automated reminder closer to travel date.,Keep customer engaged and reduce avoidable cancellations.
UNKNOWN,UNKNOWN,47.11,MEDIUM,MEDIUM,Travel reminder,Send automated reminder closer to travel date.,Keep customer engaged and reduce avoidable cancellations.
UNKNOWN,UNKNOWN,47.43,MEDIUM,MEDIUM,Travel reminder,Send automated reminder closer to travel date.,Keep customer engaged and reduce avoidable cancellations.
UNKNOWN,UNKNOWN,49.47,MEDIUM,MEDIUM,Travel reminder,Send automated reminder closer to travel date.,Keep customer engaged and reduce avoidable cancellations.
UNKNOWN,UNKNOWN,50.03,MEDIUM,MEDIUM,Travel reminder,Send automated reminder closer to travel date.,Keep customer engaged and reduce avoidable cancellations.
UNKNOWN,UNKNOWN,51.56,MEDIUM,MEDIUM,Travel reminder,Send automated reminder closer to travel date.,Keep customer engaged and reduce avoidable cancellations.
UNKNOWN,UNKNOWN,51.22,MEDIUM,MEDIUM,Travel reminder,Send automated reminder closer to travel date.,Keep customer engaged and reduce avoidable cancellations.
UNKNOWN,UNKNOWN,51.55,MEDIUM,MEDIUM,Travel reminder,Send automated reminder closer to travel date.,Keep customer engaged and reduce avoidable cancellations.
UNKNOWN,UNKNOWN,49.34,MEDIUM,MEDIUM,Travel reminder,Send automated reminder closer to travel date.,Keep customer engaged and reduce avoidable cancellations.
UNKNOWN,UNKNOWN,50.37,MEDIUM,MEDIUM,Travel reminder,Send automated reminder closer to travel date.,Keep customer engaged and reduce avoidable cancellations.
UNKNOWN,UNKNOWN,44.14,MEDIUM,MEDIUM,Travel reminder,Send automated reminder closer to travel date.,Keep customer engaged and reduce avoidable cancellations.
UNKNOWN,UNKNOWN,53.41,MEDIUM,MEDIUM,Travel reminder,Send automated reminder closer to travel date.,Keep customer engaged and reduce avoidable cancellations.
UNKNOWN,UNKNOWN,53.61,MEDIUM,MEDIUM,Travel reminder,Send automated reminder closer to travel date.,Keep customer engaged and reduce avoidable cancellations.
UNKNOWN,UNKNOWN,51.2,MEDIUM,MEDIUM,Travel reminder,Send automated reminder closer to travel date.,Keep customer engaged and reduce avoidable cancellations.
UNKNOWN,UNKNOWN,56.83,MEDIUM,MEDIUM,Travel reminder,Send automated reminder closer to travel date.,Keep customer engaged and reduce avoidable cancellations.
UNKNOWN,UNKNOWN,46.08,MEDIUM,MEDIUM,Travel reminder,Send automated reminder closer to travel date.,Keep customer engaged and reduce avoidable cancellations.
UNKNOWN,UNKNOWN,52.35,MEDIUM,MEDIUM,Travel reminder,Send automated reminder closer to travel date.,Keep customer engaged and reduce avoidable cancellations.
UNKNOWN,UNKNOWN,50.16,MEDIUM,MEDIUM,Travel reminder,Send automated reminder closer to travel date.,Keep customer engaged and reduce avoidable cancellations.
UNKNOWN,UNKNOWN,52.04,MEDIUM,MEDIUM,Travel reminder,Send automated reminder closer to travel date.,Keep customer engaged and reduce avoidable cancellations.
UNKNOWN,UNKNOWN,51.43,MEDIUM,MEDIUM,Travel reminder,Send automated reminder closer to travel date.,Keep customer engaged and reduce avoidable cancellations.
UNKNOWN,UNKNOWN,49.92,MEDIUM,MEDIUM,Travel reminder,Send automated reminder closer to travel date.,Keep customer engaged and reduce avoidable cancellations.
UNKNOWN,UNKNOWN,55.03,MEDIUM,MEDIUM,Travel reminder,Send automated reminder closer to travel date.,Keep customer engaged and reduce avoidable cancellations.
UNKNOWN,UNKNOWN,49.53,MEDIUM,MEDIUM,Travel reminder,Send automated reminder closer to travel date.,Keep customer engaged and reduce avoidable cancellations.
UNKNOWN,UNKNOWN,49.1,MEDIUM,MEDIUM,Travel reminder,Send automated reminder closer to travel date.,Keep customer engaged and reduce avoidable cancellations.
UNKNOWN,UNKNOWN,54.11,MEDIUM,MEDIUM,Travel reminder,Send automated reminder closer to travel date.,Keep customer engaged and reduce avoidable cancellations.
UNKNOWN,UNKNOWN,47.74,MEDIUM,MEDIUM,Travel reminder,Send automated reminder closer to travel date.,Keep customer engaged and reduce avoidable cancellations.
UNKNOWN,UNKNOWN,46.78,MEDIUM,MEDIUM,Travel reminder,Send automated reminder closer to travel date.,Keep customer engaged and reduce avoidable cancellations.
UNKNOWN,UNKNOWN,52.78,MEDIUM,MEDIUM,Travel reminder,Send automated reminder closer to travel date.,Keep customer engaged and reduce avoidable cancellations.
UNKNOWN,UNKNOWN,49.41,MEDIUM,MEDIUM,Travel reminder,Send automated reminder closer to travel date.,Keep customer engaged and reduce avoidable cancellations.
UNKNOWN,UNKNOWN,51.29,MEDIUM,MEDIUM,Travel reminder,Send automated reminder closer to travel date.,Keep customer engaged and reduce avoidable cancellations.
UNKNOWN,UNKNOWN,50.15,MEDIUM,MEDIUM,Travel reminder,Send automated reminder closer to travel date.,Keep customer engaged and reduce avoidable cancellations.
UNKNOWN,UNKNOWN,46.51,MEDIUM,MEDIUM,Travel reminder,Send automated reminder closer to travel date.,Keep customer engaged and reduce avoidable cancellations.
UNKNOWN,UNKNOWN,55.15,MEDIUM,MEDIUM,Travel reminder,Send automated reminder closer to travel date.,Keep customer engaged and reduce avoidable cancellations.
UNKNOWN,UNKNOWN,50.84,MEDIUM,MEDIUM,Travel reminder,Send automated reminder closer to travel date.,Keep customer engaged and reduce avoidable cancellations.
UNKNOWN,UNKNOWN,48.66,MEDIUM,MEDIUM,Travel reminder,Send automated reminder closer to travel date.,Keep customer engaged and reduce avoidable cancellations.
UNKNOWN,UNKNOWN,50.75,MEDIUM,MEDIUM,Travel reminder,Send automated reminder closer to travel date.,Keep customer engaged and reduce avoidable cancellations.
UNKNOWN,UNKNOWN,49.9,MEDIUM,MEDIUM,Travel reminder,Send automated reminder closer to travel date.,Keep customer engaged and reduce avoidable cancellations.
UNKNOWN,UNKNOWN,52.91,MEDIUM,MEDIUM,Travel reminder,Send automated reminder closer to travel date.,Keep customer engaged and reduce avoidable cancellations.
UNKNOWN,UNKNOWN,53.82,MEDIUM,MEDIUM,Travel reminder,Send automated reminder closer to travel date.,Keep customer engaged and reduce avoidable cancellations.
UNKNOWN,UNKNOWN,52.97,MEDIUM,MEDIUM,Travel reminder,Send automated reminder closer to travel date.,Keep customer engaged and reduce avoidable cancellations.
UNKNOWN,UNKNOWN,47.57,MEDIUM,MEDIUM,Travel reminder,Send automated reminder closer to travel date.,Keep customer engaged and reduce avoidable cancellations.
UNKNOWN,UNKNOWN,50.41,MEDIUM,MEDIUM,Travel reminder,Send automated reminder closer to travel date.,Keep customer engaged and reduce avoidable cancellations.
UNKNOWN,UNKNOWN,50.02,MEDIUM,MEDIUM,Travel reminder,Send automated reminder closer to travel date.,Keep customer engaged and reduce avoidable cancellations.
UNKNOWN,UNKNOWN,44.45,MEDIUM,MEDIUM,Travel reminder,Send automated reminder closer to travel date.,Keep customer engaged and reduce avoidable cancellations.
UNKNOWN,UNKNOWN,47.27,MEDIUM,MEDIUM,Travel reminder,Send automated reminder closer to travel date.,Keep customer engaged and reduce avoidable cancellations.
UNKNOWN,UNKNOWN,51.95,MEDIUM,MEDIUM,Travel reminder,Send automated reminder closer to travel date.,Keep customer engaged and reduce avoidable cancellations.
UNKNOWN,UNKNOWN,51.21,MEDIUM,MEDIUM,Travel reminder,Send automated reminder closer to travel date.,Keep customer engaged and reduce avoidable cancellations.
UNKNOWN,UNKNOWN,53.43,MEDIUM,MEDIUM,Travel reminder,Send automated reminder closer to travel date.,Keep customer engaged and reduce avoidable cancellations.
UNKNOWN,UNKNOWN,46.01,MEDIUM,MEDIUM,Travel reminder,Send automated reminder closer to travel date.,Keep customer engaged and reduce avoidable cancellations.
UNKNOWN,UNKNOWN,41.28,MEDIUM,MEDIUM,Travel reminder,Send automated reminder closer to travel date.,Keep customer engaged and reduce avoidable cancellations.
UNKNOWN,UNKNOWN,53.71,MEDIUM,MEDIUM,Travel reminder,Send automated reminder closer to travel date.,Keep customer engaged and reduce avoidable cancellations.
UNKNOWN,UNKNOWN,41.51,MEDIUM,MEDIUM,Travel reminder,Send automated reminder closer to travel date.,Keep customer engaged and reduce avoidable cancellations.
UNKNOWN,UNKNOWN,53.82,MEDIUM,MEDIUM,Travel reminder,Send automated reminder closer to travel date.,Keep customer engaged and reduce avoidable cancellations.
UNKNOWN,UNKNOWN,47.44,MEDIUM,MEDIUM,Travel reminder,Send automated reminder closer to travel date.,Keep customer engaged and reduce avoidable cancellations.
UNKNOWN,UNKNOWN,48.07,MEDIUM,MEDIUM,Travel reminder,Send automated reminder closer to travel date.,Keep customer engaged and reduce avoidable cancellations.
UNKNOWN,UNKNOWN,43.64,MEDIUM,MEDIUM,Travel reminder,Send automated reminder closer to travel date.,Keep customer engaged and reduce avoidable cancellations.
UNKNOWN,UNKNOWN,48.18,MEDIUM,MEDIUM,Travel reminder,Send automated reminder closer to travel date.,Keep customer engaged and reduce avoidable cancellations.
UNKNOWN,UNKNOWN,49.42,MEDIUM,MEDIUM,Travel reminder,Send automated reminder closer to travel date.,Keep customer engaged and reduce avoidable cancellations.
UNKNOWN,UNKNOWN,49.27,MEDIUM,MEDIUM,Travel reminder,Send automated reminder closer to travel date.,Keep customer engaged and reduce avoidable cancellations.
UNKNOWN,UNKNOWN,50.51,MEDIUM,MEDIUM,Travel reminder,Send automated reminder closer to travel date.,Keep customer engaged and reduce avoidable cancellations.
UNKNOWN,UNKNOWN,48.28,MEDIUM,MEDIUM,Travel reminder,Send automated reminder closer to travel date.,Keep customer engaged and reduce avoidable cancellations.
UNKNOWN,UNKNOWN,52.92,MEDIUM,MEDIUM,Travel reminder,Send automated reminder closer to travel date.,Keep customer engaged and reduce avoidable cancellations.
UNKNOWN,UNKNOWN,52.77,MEDIUM,MEDIUM,Travel reminder,Send automated reminder closer to travel date.,Keep customer engaged and reduce avoidable cancellations.
UNKNOWN,UNKNOWN,54.01,MEDIUM,MEDIUM,Travel reminder,Send automated reminder closer to travel date.,Keep customer engaged and reduce avoidable cancellations.
UNKNOWN,UNKNOWN,50.29,MEDIUM,MEDIUM,Travel reminder,Send automated reminder closer to travel date.,Keep customer engaged and reduce avoidable cancellations.
UNKNOWN,UNKNOWN,52.48,MEDIUM,MEDIUM,Travel reminder,Send automated reminder closer to travel date.,Keep customer engaged and reduce avoidable cancellations.
UNKNOWN,UNKNOWN,57.87,MEDIUM,MEDIUM,Travel reminder,Send automated reminder closer to travel date.,Keep customer engaged and reduce avoidable cancellations.
UNKNOWN,UNKNOWN,55.02,MEDIUM,MEDIUM,Travel reminder,Send automated reminder closer to travel date.,Keep customer engaged and reduce avoidable cancellations.
UNKNOWN,UNKNOWN,51.66,MEDIUM,MEDIUM,Travel reminder,Send automated reminder closer to travel date.,Keep customer engaged and reduce avoidable cancellations.
UNKNOWN,UNKNOWN,54.77,MEDIUM,MEDIUM,Travel reminder,Send automated reminder closer to travel date.,Keep customer engaged and reduce avoidable cancellations.
UNKNOWN,UNKNOWN,49.57,MEDIUM,MEDIUM,Travel reminder,Send automated reminder closer to travel date.,Keep customer engaged and reduce avoidable cancellations.
UNKNOWN,UNKNOWN,53.31,MEDIUM,MEDIUM,Travel reminder,Send automated reminder closer to travel date.,Keep customer engaged and reduce avoidable cancellations.
UNKNOWN,UNKNOWN,52.26,MEDIUM,MEDIUM,Travel reminder,Send automated reminder closer to travel date.,Keep customer engaged and reduce avoidable cancellations.
UNKNOWN,UNKNOWN,48.42,MEDIUM,MEDIUM,Travel reminder,Send automated reminder closer to travel date.,Keep customer engaged and reduce avoidable cancellations.
UNKNOWN,UNKNOWN,47.84,MEDIUM,MEDIUM,Travel reminder,Send automated reminder closer to travel date.,Keep customer engaged and reduce avoidable cancellations.
UNKNOWN,UNKNOWN,47.32,MEDIUM,MEDIUM,Travel reminder,Send automated reminder closer to travel date.,Keep customer engaged and reduce avoidable cancellations.
UNKNOWN,UNKNOWN,46.14,MEDIUM,MEDIUM,Travel reminder,Send automated reminder closer to travel date.,Keep customer engaged and reduce avoidable cancellations.
UNKNOWN,UNKNOWN,52.02,MEDIUM,MEDIUM,Travel reminder,Send automated reminder closer to travel date.,Keep customer engaged and reduce avoidable cancellations.
UNKNOWN,UNKNOWN,54.26,MEDIUM,MEDIUM,Travel reminder,Send automated reminder closer to travel date.,Keep customer engaged and reduce avoidable cancellations.
UNKNOWN,UNKNOWN,45.02,MEDIUM,MEDIUM,Travel reminder,Send automated reminder closer to travel date.,Keep customer engaged and reduce avoidable cancellations.
UNKNOWN,UNKNOWN,48.35,MEDIUM,MEDIUM,Travel reminder,Send automated reminder closer to travel date.,Keep customer engaged and reduce avoidable cancellations.
UNKNOWN,UNKNOWN,52.61,MEDIUM,MEDIUM,Travel reminder,Send automated reminder closer to travel date.,Keep customer engaged and reduce avoidable cancellations.
UNKNOWN,UNKNOWN,48.31,MEDIUM,MEDIUM,Travel reminder,Send automated reminder closer to travel date.,Keep customer engaged and reduce avoidable cancellations.
UNKNOWN,UNKNOWN,46.14,MEDIUM,MEDIUM,Travel reminder,Send automated reminder closer to travel date.,Keep customer engaged and reduce avoidable cancellations.
UNKNOWN,UNKNOWN,57.46,MEDIUM,MEDIUM,Travel reminder,Send automated reminder closer to travel date.,Keep customer engaged and reduce avoidable cancellations.
UNKNOWN,UNKNOWN,49.14,MEDIUM,MEDIUM,Travel reminder,Send automated reminder closer to travel date.,Keep customer engaged and reduce avoidable cancellations.
UNKNOWN,UNKNOWN,52.41,MEDIUM,MEDIUM,Travel reminder,Send automated reminder closer to travel date.,Keep customer engaged and reduce avoidable cancellations.
UNKNOWN,UNKNOWN,44.08,MEDIUM,MEDIUM,Travel reminder,Send automated reminder closer to travel date.,Keep customer engaged and reduce avoidable cancellations.
UNKNOWN,UNKNOWN,50.75,MEDIUM,MEDIUM,Travel reminder,Send automated reminder closer to travel date.,Keep customer engaged and reduce avoidable cancellations.
UNKNOWN,UNKNOWN,49.14,MEDIUM,MEDIUM,Travel reminder,Send automated reminder closer to travel date.,Keep customer engaged and reduce avoidable cancellations.
UNKNOWN,UNKNOWN,47.34,MEDIUM,MEDIUM,Travel reminder,Send automated reminder closer to travel date.,Keep customer engaged and reduce avoidable cancellations.
UNKNOWN,UNKNOWN,48.12,MEDIUM,MEDIUM,Travel reminder,Send automated reminder closer to travel date.,Keep customer engaged and reduce avoidable cancellations.
UNKNOWN,UNKNOWN,50.09,MEDIUM,MEDIUM,Travel reminder,Send automated reminder closer to travel date.,Keep customer engaged and reduce avoidable cancellations.
UNKNOWN,UNKNOWN,53.86,MEDIUM,MEDIUM,Travel reminder,Send automated reminder closer to travel date.,Keep customer engaged and reduce avoidable cancellations.
UNKNOWN,UNKNOWN,55.68,MEDIUM,MEDIUM,Travel reminder,Send automated reminder closer to travel date.,Keep customer engaged and reduce avoidable cancellations.
UNKNOWN,UNKNOWN,45.73,MEDIUM,MEDIUM,Travel reminder,Send automated reminder closer to travel date.,Keep customer engaged and reduce avoidable cancellations.
UNKNOWN,UNKNOWN,51.52,MEDIUM,MEDIUM,Travel reminder,Send automated reminder closer to travel date.,Keep customer engaged and reduce avoidable cancellations.
UNKNOWN,UNKNOWN,51.31,MEDIUM,MEDIUM,Travel reminder,Send automated reminder closer to travel date.,Keep customer engaged and reduce avoidable cancellations.
UNKNOWN,UNKNOWN,48.17,MEDIUM,MEDIUM,Travel reminder,Send automated reminder closer to travel date.,Keep customer engaged and reduce avoidable cancellations.
UNKNOWN,UNKNOWN,48.45,MEDIUM,MEDIUM,Travel reminder,Send automated reminder closer to travel date.,Keep customer engaged and reduce avoidable cancellations.
UNKNOWN,UNKNOWN,52.82,MEDIUM,MEDIUM,Travel reminder,Send automated reminder closer to travel date.,Keep customer engaged and reduce avoidable cancellations.
UNKNOWN,UNKNOWN,51.67,MEDIUM,MEDIUM,Travel reminder,Send automated reminder closer to travel date.,Keep customer engaged and reduce avoidable cancellations.
UNKNOWN,UNKNOWN,50.74,MEDIUM,MEDIUM,Travel reminder,Send automated reminder closer to travel date.,Keep customer engaged and reduce avoidable cancellations.
UNKNOWN,UNKNOWN,49.75,MEDIUM,MEDIUM,Travel reminder,Send automated reminder closer to travel date.,Keep customer engaged and reduce avoidable cancellations.
UNKNOWN,UNKNOWN,46.48,MEDIUM,MEDIUM,Travel reminder,Send automated reminder closer to travel date.,Keep customer engaged and reduce avoidable cancellations.
UNKNOWN,UNKNOWN,51.73,MEDIUM,MEDIUM,Travel reminder,Send automated reminder closer to travel date.,Keep customer engaged and reduce avoidable cancellations.
UNKNOWN,UNKNOWN,54.31,MEDIUM,MEDIUM,Travel reminder,Send automated reminder closer to travel date.,Keep customer engaged and reduce avoidable cancellations.
UNKNOWN,UNKNOWN,51.68,MEDIUM,MEDIUM,Travel reminder,Send automated reminder closer to travel date.,Keep customer engaged and reduce avoidable cancellations.
UNKNOWN,UNKNOWN,49.32,MEDIUM,MEDIUM,Travel reminder,Send automated reminder closer to travel date.,Keep customer engaged and reduce avoidable cancellations.
UNKNOWN,UNKNOWN,52.87,MEDIUM,MEDIUM,Travel reminder,Send automated reminder closer to travel date.,Keep customer engaged and reduce avoidable cancellations.
UNKNOWN,UNKNOWN,50.36,MEDIUM,MEDIUM,Travel reminder,Send automated reminder closer to travel date.,Keep customer engaged and reduce avoidable cancellations.
UNKNOWN,UNKNOWN,50.6,MEDIUM,MEDIUM,Travel reminder,Send automated reminder closer to travel date.,Keep customer engaged and reduce avoidable cancellations.
UNKNOWN,UNKNOWN,53.8,MEDIUM,MEDIUM,Travel reminder,Send automated reminder closer to travel date.,Keep customer engaged and reduce avoidable cancellations.
UNKNOWN,UNKNOWN,56.13,MEDIUM,MEDIUM,Travel reminder,Send automated reminder closer to travel date.,Keep customer engaged and reduce avoidable cancellations.
UNKNOWN,UNKNOWN,55.1,MEDIUM,MEDIUM,Travel reminder,Send automated reminder closer to travel date.,Keep customer engaged and reduce avoidable cancellations.
UNKNOWN,UNKNOWN,50.51,MEDIUM,MEDIUM,Travel reminder,Send automated reminder closer to travel date.,Keep customer engaged and reduce avoidable cancellations.
UNKNOWN,UNKNOWN,49.08,MEDIUM,MEDIUM,Travel reminder,Send automated reminder closer to travel date.,Keep customer engaged and reduce avoidable cancellations.
UNKNOWN,UNKNOWN,48.83,MEDIUM,MEDIUM,Travel reminder,Send automated reminder closer to travel date.,Keep customer engaged and reduce avoidable cancellations.
UNKNOWN,UNKNOWN,49.12,MEDIUM,MEDIUM,Travel reminder,Send automated reminder closer to travel date.,Keep customer engaged and reduce avoidable cancellations.
UNKNOWN,UNKNOWN,52.01,MEDIUM,MEDIUM,Travel reminder,Send automated reminder closer to travel date.,Keep customer engaged and reduce avoidable cancellations.
UNKNOWN,UNKNOWN,49.29,MEDIUM,MEDIUM,Travel reminder,Send automated reminder closer to travel date.,Keep customer engaged and reduce avoidable cancellations.
UNKNOWN,UNKNOWN,47.51,MEDIUM,MEDIUM,Travel reminder,Send automated reminder closer to travel date.,Keep customer engaged and reduce avoidable cancellations.
UNKNOWN,UNKNOWN,54.59,MEDIUM,MEDIUM,Travel reminder,Send automated reminder closer to travel date.,Keep customer engaged and reduce avoidable cancellations.
UNKNOWN,UNKNOWN,50.72,MEDIUM,MEDIUM,Travel reminder,Send automated reminder closer to travel date.,Keep customer engaged and reduce avoidable cancellations.
UNKNOWN,UNKNOWN,56.27,MEDIUM,MEDIUM,Travel reminder,Send automated reminder closer to travel date.,Keep customer engaged and reduce avoidable cancellations.
UNKNOWN,UNKNOWN,50.14,MEDIUM,MEDIUM,Travel reminder,Send automated reminder closer to travel date.,Keep customer engaged and reduce avoidable cancellations.
UNKNOWN,UNKNOWN,47.89,MEDIUM,MEDIUM,Travel reminder,Send automated reminder closer to travel date.,Keep customer engaged and reduce avoidable cancellations.
UNKNOWN,UNKNOWN,52.51,MEDIUM,MEDIUM,Travel reminder,Send automated reminder closer to travel date.,Keep customer engaged and reduce avoidable cancellations.
UNKNOWN,UNKNOWN,52.91,MEDIUM,MEDIUM,Travel reminder,Send automated reminder closer to travel date.,Keep customer engaged and reduce avoidable cancellations.
UNKNOWN,UNKNOWN,53.27,MEDIUM,MEDIUM,Travel reminder,Send automated reminder closer to travel date.,Keep customer engaged and reduce avoidable cancellations.
UNKNOWN,UNKNOWN,49.86,MEDIUM,MEDIUM,Travel reminder,Send automated reminder closer to travel date.,Keep customer engaged and reduce avoidable cancellations.
UNKNOWN,UNKNOWN,54.5,MEDIUM,MEDIUM,Travel reminder,Send automated reminder closer to travel date.,Keep customer engaged and reduce avoidable cancellations.
UNKNOWN,UNKNOWN,54.91,MEDIUM,MEDIUM,Travel reminder,Send automated reminder closer to travel date.,Keep customer engaged and reduce avoidable cancellations.
UNKNOWN,UNKNOWN,48.1,MEDIUM,MEDIUM,Travel reminder,Send automated reminder closer to travel date.,Keep customer engaged and reduce avoidable cancellations.
UNKNOWN,UNKNOWN,47.22,MEDIUM,MEDIUM,Travel reminder,Send automated reminder closer to travel date.,Keep customer engaged and reduce avoidable cancellations.
UNKNOWN,UNKNOWN,49.97,MEDIUM,MEDIUM,Travel reminder,Send automated reminder closer to travel date.,Keep customer engaged and reduce avoidable cancellations.
UNKNOWN,UNKNOWN,49.46,MEDIUM,MEDIUM,Travel reminder,Send automated reminder closer to travel date.,Keep customer engaged and reduce avoidable cancellations.
UNKNOWN,UNKNOWN,49.14,MEDIUM,MEDIUM,Travel reminder,Send automated reminder closer to travel date.,Keep customer engaged and reduce avoidable cancellations.
UNKNOWN,UNKNOWN,53.45,MEDIUM,MEDIUM,Travel reminder,Send automated reminder closer to travel date.,Keep customer engaged and reduce avoidable cancellations.
UNKNOWN,UNKNOWN,47.62,MEDIUM,MEDIUM,Travel reminder,Send automated reminder closer to travel date.,Keep customer engaged and reduce avoidable cancellations.
UNKNOWN,UNKNOWN,51.92,MEDIUM,MEDIUM,Travel reminder,Send automated reminder closer to travel date.,Keep customer engaged and reduce avoidable cancellations.
UNKNOWN,UNKNOWN,52.15,MEDIUM,MEDIUM,Travel reminder,Send automated reminder closer to travel date.,Keep customer engaged and reduce avoidable cancellations.
UNKNOWN,UNKNOWN,49.7,MEDIUM,MEDIUM,Travel reminder,Send automated reminder closer to travel date.,Keep customer engaged and reduce avoidable cancellations.
UNKNOWN,UNKNOWN,50.93,MEDIUM,MEDIUM,Travel reminder,Send automated reminder closer to travel date.,Keep customer engaged and reduce avoidable cancellations.
UNKNOWN,UNKNOWN,51.36,MEDIUM,MEDIUM,Travel reminder,Send automated reminder closer to travel date.,Keep customer engaged and reduce avoidable cancellations.
UNKNOWN,UNKNOWN,47.14,MEDIUM,MEDIUM,Travel reminder,Send automated reminder closer to travel date.,Keep customer engaged and reduce avoidable cancellations.
UNKNOWN,UNKNOWN,44.05,MEDIUM,MEDIUM,Travel reminder,Send automated reminder closer to travel date.,Keep customer engaged and reduce avoidable cancellations.
UNKNOWN,UNKNOWN,52.21,MEDIUM,MEDIUM,Travel reminder,Send automated reminder closer to travel date.,Keep customer engaged and reduce avoidable cancellations.
UNKNOWN,UNKNOWN,50.53,MEDIUM,MEDIUM,Travel reminder,Send automated reminder closer to travel date.,Keep customer engaged and reduce avoidable cancellations.
UNKNOWN,UNKNOWN,51.89,MEDIUM,MEDIUM,Travel reminder,Send automated reminder closer to travel date.,Keep customer engaged and reduce avoidable cancellations.
UNKNOWN,UNKNOWN,45.18,MEDIUM,MEDIUM,Travel reminder,Send automated reminder closer to travel date.,Keep customer engaged and reduce avoidable cancellations.
UNKNOWN,UNKNOWN,50.98,MEDIUM,MEDIUM,Travel reminder,Send automated reminder closer to travel date.,Keep customer engaged and reduce avoidable cancellations.
UNKNOWN,UNKNOWN,51.97,MEDIUM,MEDIUM,Travel reminder,Send automated reminder closer to travel date.,Keep customer engaged and reduce avoidable cancellations.
UNKNOWN,UNKNOWN,51.45,MEDIUM,MEDIUM,Travel reminder,Send automated reminder closer to travel date.,Keep customer engaged and reduce avoidable cancellations.
UNKNOWN,UNKNOWN,45.86,MEDIUM,MEDIUM,Travel reminder,Send automated reminder closer to travel date.,Keep customer engaged and reduce avoidable cancellations.
UNKNOWN,UNKNOWN,53.54,MEDIUM,MEDIUM,Travel reminder,Send automated reminder closer to travel date.,Keep customer engaged and reduce avoidable cancellations.
UNKNOWN,UNKNOWN,46.34,MEDIUM,MEDIUM,Travel reminder,Send automated reminder closer to travel date.,Keep customer engaged and reduce avoidable cancellations.
UNKNOWN,UNKNOWN,52.5,MEDIUM,MEDIUM,Travel reminder,Send automated reminder closer to travel date.,Keep customer engaged and reduce avoidable cancellations.
UNKNOWN,UNKNOWN,50.99,MEDIUM,MEDIUM,Travel reminder,Send automated reminder closer to travel date.,Keep customer engaged and reduce avoidable cancellations.
UNKNOWN,UNKNOWN,53.59,MEDIUM,MEDIUM,Travel reminder,Send automated reminder closer to travel date.,Keep customer engaged and reduce avoidable cancellations.
UNKNOWN,UNKNOWN,49.54,MEDIUM,MEDIUM,Travel reminder,Send automated reminder closer to travel date.,Keep customer engaged and reduce avoidable cancellations.
UNKNOWN,UNKNOWN,56.16,MEDIUM,MEDIUM,Travel reminder,Send automated reminder closer to travel date.,Keep customer engaged and reduce avoidable cancellations.
UNKNOWN,UNKNOWN,48.28,MEDIUM,MEDIUM,Travel reminder,Send automated reminder closer to travel date.,Keep customer engaged and reduce avoidable cancellations.
UNKNOWN,UNKNOWN,51.79,MEDIUM,MEDIUM,Travel reminder,Send automated reminder closer to travel date.,Keep customer engaged and reduce avoidable cancellations.
UNKNOWN,UNKNOWN,50.07,MEDIUM,MEDIUM,Travel reminder,Send automated reminder closer to travel date.,Keep customer engaged and reduce avoidable cancellations.
UNKNOWN,UNKNOWN,51.94,MEDIUM,MEDIUM,Travel reminder,Send automated reminder closer to travel date.,Keep customer engaged and reduce avoidable cancellations.
UNKNOWN,UNKNOWN,52.32,MEDIUM,MEDIUM,Travel reminder,Send automated reminder closer to travel date.,Keep customer engaged and reduce avoidable cancellations.
UNKNOWN,UNKNOWN,49.38,MEDIUM,MEDIUM,Travel reminder,Send automated reminder closer to travel date.,Keep customer engaged and reduce avoidable cancellations.
UNKNOWN,UNKNOWN,50.81,MEDIUM,MEDIUM,Travel reminder,Send automated reminder closer to travel date.,Keep customer engaged and reduce avoidable cancellations.
UNKNOWN,UNKNOWN,52.07,MEDIUM,MEDIUM,Travel reminder,Send automated reminder closer to travel date.,Keep customer engaged and reduce avoidable cancellations.
UNKNOWN,UNKNOWN,56.03,MEDIUM,MEDIUM,Travel reminder,Send automated reminder closer to travel date.,Keep customer engaged and reduce avoidable cancellations.
UNKNOWN,UNKNOWN,54.48,MEDIUM,MEDIUM,Travel reminder,Send automated reminder closer to travel date.,Keep customer engaged and reduce avoidable cancellations.
UNKNOWN,UNKNOWN,53.3,MEDIUM,MEDIUM,Travel reminder,Send automated reminder closer to travel date.,Keep customer engaged and reduce avoidable cancellations.
UNKNOWN,UNKNOWN,43.24,MEDIUM,MEDIUM,Travel reminder,Send automated reminder closer to travel date.,Keep customer engaged and reduce avoidable cancellations.
UNKNOWN,UNKNOWN,47.88,MEDIUM,MEDIUM,Travel reminder,Send automated reminder closer to travel date.,Keep customer engaged and reduce avoidable cancellations.
UNKNOWN,UNKNOWN,51.13,MEDIUM,MEDIUM,Travel reminder,Send automated reminder closer to travel date.,Keep customer engaged and reduce avoidable cancellations.
UNKNOWN,UNKNOWN,47.11,MEDIUM,MEDIUM,Travel reminder,Send automated reminder closer to travel date.,Keep customer engaged and reduce avoidable cancellations.
UNKNOWN,UNKNOWN,45.6,MEDIUM,MEDIUM,Travel reminder,Send automated reminder closer to travel date.,Keep customer engaged and reduce avoidable cancellations.
UNKNOWN,UNKNOWN,54.25,MEDIUM,MEDIUM,Travel reminder,Send automated reminder closer to travel date.,Keep customer engaged and reduce avoidable cancellations.
UNKNOWN,UNKNOWN,53.78,MEDIUM,MEDIUM,Travel reminder,Send automated reminder closer to travel date.,Keep customer engaged and reduce avoidable cancellations.
UNKNOWN,UNKNOWN,52.21,MEDIUM,MEDIUM,Travel reminder,Send automated reminder closer to travel date.,Keep customer engaged and reduce avoidable cancellations.
UNKNOWN,UNKNOWN,50.64,MEDIUM,MEDIUM,Travel reminder,Send automated reminder closer to travel date.,Keep customer engaged and reduce avoidable cancellations.
UNKNOWN,UNKNOWN,47.24,MEDIUM,MEDIUM,Travel reminder,Send automated reminder closer to travel date.,Keep customer engaged and reduce avoidable cancellations.
UNKNOWN,UNKNOWN,47.61,MEDIUM,MEDIUM,Travel reminder,Send automated reminder closer to travel date.,Keep customer engaged and reduce avoidable cancellations.
UNKNOWN,UNKNOWN,39.62,MEDIUM,MEDIUM,Travel reminder,Send automated reminder closer to travel date.,Keep customer engaged and reduce avoidable cancellations.
UNKNOWN,UNKNOWN,51.09,MEDIUM,MEDIUM,Travel reminder,Send automated reminder closer to travel date.,Keep customer engaged and reduce avoidable cancellations.
UNKNOWN,UNKNOWN,48.94,MEDIUM,MEDIUM,Travel reminder,Send automated reminder closer to travel date.,Keep customer engaged and reduce avoidable cancellations.
UNKNOWN,UNKNOWN,48.83,MEDIUM,MEDIUM,Travel reminder,Send automated reminder closer to travel date.,Keep customer engaged and reduce avoidable cancellations.
UNKNOWN,UNKNOWN,45.64,MEDIUM,MEDIUM,Travel reminder,Send automated reminder closer to travel date.,Keep customer engaged and reduce avoidable cancellations.
UNKNOWN,UNKNOWN,51.14,MEDIUM,MEDIUM,Travel reminder,Send automated reminder closer to travel date.,Keep customer engaged and reduce avoidable cancellations.
UNKNOWN,UNKNOWN,46.66,MEDIUM,MEDIUM,Travel reminder,Send automated reminder closer to travel date.,Keep customer engaged and reduce avoidable cancellations.
UNKNOWN,UNKNOWN,49.64,MEDIUM,MEDIUM,Travel reminder,Send automated reminder closer to travel date.,Keep customer engaged and reduce avoidable cancellations.
UNKNOWN,UNKNOWN,53.71,MEDIUM,MEDIUM,Travel reminder,Send automated reminder closer to travel date.,Keep customer engaged and reduce avoidable cancellations.
UNKNOWN,UNKNOWN,56.83,MEDIUM,MEDIUM,Travel reminder,Send automated reminder closer to travel date.,Keep customer engaged and reduce avoidable cancellations.
UNKNOWN,UNKNOWN,55.42,MEDIUM,MEDIUM,Travel reminder,Send automated reminder closer to travel date.,Keep customer engaged and reduce avoidable cancellations.
UNKNOWN,UNKNOWN,50.4,MEDIUM,MEDIUM,Travel reminder,Send automated reminder closer to travel date.,Keep customer engaged and reduce avoidable cancellations.
UNKNOWN,UNKNOWN,52.94,MEDIUM,MEDIUM,Travel reminder,Send automated reminder closer to travel date.,Keep customer engaged and reduce avoidable cancellations.
UNKNOWN,UNKNOWN,49.67,MEDIUM,MEDIUM,Travel reminder,Send automated reminder closer to travel date.,Keep customer engaged and reduce avoidable cancellations.
UNKNOWN,UNKNOWN,45.82,MEDIUM,MEDIUM,Travel reminder,Send automated reminder closer to travel date.,Keep customer engaged and reduce avoidable cancellations.
UNKNOWN,UNKNOWN,49.17,MEDIUM,MEDIUM,Travel reminder,Send automated reminder closer to travel date.,Keep customer engaged and reduce avoidable cancellations.
UNKNOWN,UNKNOWN,50.46,MEDIUM,MEDIUM,Travel reminder,Send automated reminder closer to travel date.,Keep customer engaged and reduce avoidable cancellations.
UNKNOWN,UNKNOWN,51.8,MEDIUM,MEDIUM,Travel reminder,Send automated reminder closer to travel date.,Keep customer engaged and reduce avoidable cancellations.
UNKNOWN,UNKNOWN,45.71,MEDIUM,MEDIUM,Travel reminder,Send automated reminder closer to travel date.,Keep customer engaged and reduce avoidable cancellations.
UNKNOWN,UNKNOWN,46.52,MEDIUM,MEDIUM,Travel reminder,Send automated reminder closer to travel date.,Keep customer engaged and reduce avoidable cancellations.
UNKNOWN,UNKNOWN,47.5,MEDIUM,MEDIUM,Travel reminder,Send automated reminder closer to travel date.,Keep customer engaged and reduce avoidable cancellations.
UNKNOWN,UNKNOWN,47.69,MEDIUM,MEDIUM,Travel reminder,Send automated reminder closer to travel date.,Keep customer engaged and reduce avoidable cancellations.
UNKNOWN,UNKNOWN,50.74,MEDIUM,MEDIUM,Travel reminder,Send automated reminder closer to travel date.,Keep customer engaged and reduce avoidable cancellations.
UNKNOWN,UNKNOWN,48.19,MEDIUM,MEDIUM,Travel reminder,Send automated reminder closer to travel date.,Keep customer engaged and reduce avoidable cancellations.
UNKNOWN,UNKNOWN,51.21,MEDIUM,MEDIUM,Travel reminder,Send automated reminder closer to travel date.,Keep customer engaged and reduce avoidable cancellations.
UNKNOWN,UNKNOWN,58.0,MEDIUM,MEDIUM,Travel reminder,Send automated reminder closer to travel date.,Keep customer engaged and reduce avoidable cancellations.
UNKNOWN,UNKNOWN,46.45,MEDIUM,MEDIUM,Travel reminder,Send automated reminder closer to travel date.,Keep customer engaged and reduce avoidable cancellations.
UNKNOWN,UNKNOWN,51.27,MEDIUM,MEDIUM,Travel reminder,Send automated reminder closer to travel date.,Keep customer engaged and reduce avoidable cancellations.
UNKNOWN,UNKNOWN,46.94,MEDIUM,MEDIUM,Travel reminder,Send automated reminder closer to travel date.,Keep customer engaged and reduce avoidable cancellations.
UNKNOWN,UNKNOWN,51.83,MEDIUM,MEDIUM,Travel reminder,Send automated reminder closer to travel date.,Keep customer engaged and reduce avoidable cancellations.
UNKNOWN,UNKNOWN,53.14,MEDIUM,MEDIUM,Travel reminder,Send automated reminder closer to travel date.,Keep customer engaged and reduce avoidable cancellations.
UNKNOWN,UNKNOWN,53.73,MEDIUM,MEDIUM,Travel reminder,Send automated reminder closer to travel date.,Keep customer engaged and reduce avoidable cancellations.
UNKNOWN,UNKNOWN,56.22,MEDIUM,MEDIUM,Travel reminder,Send automated reminder closer to travel date.,Keep customer engaged and reduce avoidable cancellations.
UNKNOWN,UNKNOWN,50.07,MEDIUM,MEDIUM,Travel reminder,Send automated reminder closer to travel date.,Keep customer engaged and reduce avoidable cancellations.
UNKNOWN,UNKNOWN,52.53,MEDIUM,MEDIUM,Travel reminder,Send automated reminder closer to travel date.,Keep customer engaged and reduce avoidable cancellations.
UNKNOWN,UNKNOWN,50.12,MEDIUM,MEDIUM,Travel reminder,Send automated reminder closer to travel date.,Keep customer engaged and reduce avoidable cancellations.
UNKNOWN,UNKNOWN,43.3,MEDIUM,MEDIUM,Travel reminder,Send automated reminder closer to travel date.,Keep customer engaged and reduce avoidable cancellations.
UNKNOWN,UNKNOWN,45.28,MEDIUM,MEDIUM,Travel reminder,Send automated reminder closer to travel date.,Keep customer engaged and reduce avoidable cancellations.
UNKNOWN,UNKNOWN,50.56,MEDIUM,MEDIUM,Travel reminder,Send automated reminder closer to travel date.,Keep customer engaged and reduce avoidable cancellations.
UNKNOWN,UNKNOWN,50.15,MEDIUM,MEDIUM,Travel reminder,Send automated reminder closer to travel date.,Keep customer engaged and reduce avoidable cancellations.
UNKNOWN,UNKNOWN,49.42,MEDIUM,MEDIUM,Travel reminder,Send automated reminder closer to travel date.,Keep customer engaged and reduce avoidable cancellations.
UNKNOWN,UNKNOWN,52.23,MEDIUM,MEDIUM,Travel reminder,Send automated reminder closer to travel date.,Keep customer engaged and reduce avoidable cancellations.
UNKNOWN,UNKNOWN,52.24,MEDIUM,MEDIUM,Travel reminder,Send automated reminder closer to travel date.,Keep customer engaged and reduce avoidable cancellations.
UNKNOWN,UNKNOWN,49.12,MEDIUM,MEDIUM,Travel reminder,Send automated reminder closer to travel date.,Keep customer engaged and reduce avoidable cancellations.
UNKNOWN,UNKNOWN,45.92,MEDIUM,MEDIUM,Travel reminder,Send automated reminder closer to travel date.,Keep customer engaged and reduce avoidable cancellations.
UNKNOWN,UNKNOWN,47.51,MEDIUM,MEDIUM,Travel reminder,Send automated reminder closer to travel date.,Keep customer engaged and reduce avoidable cancellations.
UNKNOWN,UNKNOWN,48.47,MEDIUM,MEDIUM,Travel reminder,Send automated reminder closer to travel date.,Keep customer engaged and reduce avoidable cancellations.
UNKNOWN,UNKNOWN,50.54,MEDIUM,MEDIUM,Travel reminder,Send automated reminder closer to travel date.,Keep customer engaged and reduce avoidable cancellations.
UNKNOWN,UNKNOWN,47.72,MEDIUM,MEDIUM,Travel reminder,Send automated reminder closer to travel date.,Keep customer engaged and reduce avoidable cancellations.
UNKNOWN,UNKNOWN,53.72,MEDIUM,MEDIUM,Travel reminder,Send automated reminder closer to travel date.,Keep customer engaged and reduce avoidable cancellations.
UNKNOWN,UNKNOWN,43.26,MEDIUM,MEDIUM,Travel reminder,Send automated reminder closer to travel date.,Keep customer engaged and reduce avoidable cancellations.
UNKNOWN,UNKNOWN,49.45,MEDIUM,MEDIUM,Travel reminder,Send automated reminder closer to travel date.,Keep customer engaged and reduce avoidable cancellations.
UNKNOWN,UNKNOWN,48.45,MEDIUM,MEDIUM,Travel reminder,Send automated reminder closer to travel date.,Keep customer engaged and reduce avoidable cancellations.
UNKNOWN,UNKNOWN,49.98,MEDIUM,MEDIUM,Travel reminder,Send automated reminder closer to travel date.,Keep customer engaged and reduce avoidable cancellations.
UNKNOWN,UNKNOWN,47.2,MEDIUM,MEDIUM,Travel reminder,Send automated reminder closer to travel date.,Keep customer engaged and reduce avoidable cancellations.
UNKNOWN,UNKNOWN,53.01,MEDIUM,MEDIUM,Travel reminder,Send automated reminder closer to travel date.,Keep customer engaged and reduce avoidable cancellations.
UNKNOWN,UNKNOWN,50.48,MEDIUM,MEDIUM,Travel reminder,Send automated reminder closer to travel date.,Keep customer engaged and reduce avoidable cancellations.
UNKNOWN,UNKNOWN,50.41,MEDIUM,MEDIUM,Travel reminder,Send automated reminder closer to travel date.,Keep customer engaged and reduce avoidable cancellations.
UNKNOWN,UNKNOWN,58.43,MEDIUM,MEDIUM,Travel reminder,Send automated reminder closer to travel date.,Keep customer engaged and reduce avoidable cancellations.
UNKNOWN,UNKNOWN,48.62,MEDIUM,MEDIUM,Travel reminder,Send automated reminder closer to travel date.,Keep customer engaged and reduce avoidable cancellations.
UNKNOWN,UNKNOWN,44.44,MEDIUM,MEDIUM,Travel reminder,Send automated reminder closer to travel date.,Keep customer engaged and reduce avoidable cancellations.
UNKNOWN,UNKNOWN,49.1,MEDIUM,MEDIUM,Travel reminder,Send automated reminder closer to travel date.,Keep customer engaged and reduce avoidable cancellations.
UNKNOWN,UNKNOWN,57.41,MEDIUM,MEDIUM,Travel reminder,Send automated reminder closer to travel date.,Keep customer engaged and reduce avoidable cancellations.
UNKNOWN,UNKNOWN,47.12,MEDIUM,MEDIUM,Travel reminder,Send automated reminder closer to travel date.,Keep customer engaged and reduce avoidable cancellations.
UNKNOWN,UNKNOWN,51.97,MEDIUM,MEDIUM,Travel reminder,Send automated reminder closer to travel date.,Keep customer engaged and reduce avoidable cancellations.
UNKNOWN,UNKNOWN,56.86,MEDIUM,MEDIUM,Travel reminder,Send automated reminder closer to travel date.,Keep customer engaged and reduce avoidable cancellations.
UNKNOWN,UNKNOWN,49.16,MEDIUM,MEDIUM,Travel reminder,Send automated reminder closer to travel date.,Keep customer engaged and reduce avoidable cancellations.
UNKNOWN,UNKNOWN,49.83,MEDIUM,MEDIUM,Travel reminder,Send automated reminder closer to travel date.,Keep customer engaged and reduce avoidable cancellations.
UNKNOWN,UNKNOWN,54.44,MEDIUM,MEDIUM,Travel reminder,Send automated reminder closer to travel date.,Keep customer engaged and reduce avoidable cancellations.
UNKNOWN,UNKNOWN,52.52,MEDIUM,MEDIUM,Travel reminder,Send automated reminder closer to travel date.,Keep customer engaged and reduce avoidable cancellations.
UNKNOWN,UNKNOWN,47.67,MEDIUM,MEDIUM,Travel reminder,Send automated reminder closer to travel date.,Keep customer engaged and reduce avoidable cancellations.
UNKNOWN,UNKNOWN,54.31,MEDIUM,MEDIUM,Travel reminder,Send automated reminder closer to travel date.,Keep customer engaged and reduce avoidable cancellations.
UNKNOWN,UNKNOWN,47.44,MEDIUM,MEDIUM,Travel reminder,Send automated reminder closer to travel date.,Keep customer engaged and reduce avoidable cancellations.
UNKNOWN,UNKNOWN,50.4,MEDIUM,MEDIUM,Travel reminder,Send automated reminder closer to travel date.,Keep customer engaged and reduce avoidable cancellations.
UNKNOWN,UNKNOWN,53.97,MEDIUM,MEDIUM,Travel reminder,Send automated reminder closer to travel date.,Keep customer engaged and reduce avoidable cancellations.
UNKNOWN,UNKNOWN,45.27,MEDIUM,MEDIUM,Travel reminder,Send automated reminder closer to travel date.,Keep customer engaged and reduce avoidable cancellations.
UNKNOWN,UNKNOWN,48.71,MEDIUM,MEDIUM,Travel reminder,Send automated reminder closer to travel date.,Keep customer engaged and reduce avoidable cancellations.
UNKNOWN,UNKNOWN,50.97,MEDIUM,MEDIUM,Travel reminder,Send automated reminder closer to travel date.,Keep customer engaged and reduce avoidable cancellations.
UNKNOWN,UNKNOWN,53.72,MEDIUM,MEDIUM,Travel reminder,Send automated reminder closer to travel date.,Keep customer engaged and reduce avoidable cancellations.
UNKNOWN,UNKNOWN,47.54,MEDIUM,MEDIUM,Travel reminder,Send automated reminder closer to travel date.,Keep customer engaged and reduce avoidable cancellations.
UNKNOWN,UNKNOWN,50.37,MEDIUM,MEDIUM,Travel reminder,Send automated reminder closer to travel date.,Keep customer engaged and reduce avoidable cancellations.
UNKNOWN,UNKNOWN,52.79,MEDIUM,MEDIUM,Travel reminder,Send automated reminder closer to travel date.,Keep customer engaged and reduce avoidable cancellations.
UNKNOWN,UNKNOWN,49.43,MEDIUM,MEDIUM,Travel reminder,Send automated reminder closer to travel date.,Keep customer engaged and reduce avoidable cancellations.
UNKNOWN,UNKNOWN,52.56,MEDIUM,MEDIUM,Travel reminder,Send automated reminder closer to travel date.,Keep customer engaged and reduce avoidable cancellations.
UNKNOWN,UNKNOWN,48.58,MEDIUM,MEDIUM,Travel reminder,Send automated reminder closer to travel date.,Keep customer engaged and reduce avoidable cancellations.
UNKNOWN,UNKNOWN,54.26,MEDIUM,MEDIUM,Travel reminder,Send automated reminder closer to travel date.,Keep customer engaged and reduce avoidable cancellations.
UNKNOWN,UNKNOWN,47.61,MEDIUM,MEDIUM,Travel reminder,Send automated reminder closer to travel date.,Keep customer engaged and reduce avoidable cancellations.
UNKNOWN,UNKNOWN,48.64,MEDIUM,MEDIUM,Travel reminder,Send automated reminder closer to travel date.,Keep customer engaged and reduce avoidable cancellations.
UNKNOWN,UNKNOWN,50.71,MEDIUM,MEDIUM,Travel reminder,Send automated reminder closer to travel date.,Keep customer engaged and reduce avoidable cancellations.
UNKNOWN,UNKNOWN,47.66,MEDIUM,MEDIUM,Travel reminder,Send automated reminder closer to travel date.,Keep customer engaged and reduce avoidable cancellations.
UNKNOWN,UNKNOWN,52.11,MEDIUM,MEDIUM,Travel reminder,Send automated reminder closer to travel date.,Keep customer engaged and reduce avoidable cancellations.
UNKNOWN,UNKNOWN,50.45,MEDIUM,MEDIUM,Travel reminder,Send automated reminder closer to travel date.,Keep customer engaged and reduce avoidable cancellations.
UNKNOWN,UNKNOWN,49.77,MEDIUM,MEDIUM,Travel reminder,Send automated reminder closer to travel date.,Keep customer engaged and reduce avoidable cancellations.
UNKNOWN,UNKNOWN,50.18,MEDIUM,MEDIUM,Travel reminder,Send automated reminder closer to travel date.,Keep customer engaged and reduce avoidable cancellations.
UNKNOWN,UNKNOWN,55.67,MEDIUM,MEDIUM,Travel reminder,Send automated reminder closer to travel date.,Keep customer engaged and reduce avoidable cancellations.
UNKNOWN,UNKNOWN,45.69,MEDIUM,MEDIUM,Travel reminder,Send automated reminder closer to travel date.,Keep customer engaged and reduce avoidable cancellations.
UNKNOWN,UNKNOWN,47.11,MEDIUM,MEDIUM,Travel reminder,Send automated reminder closer to travel date.,Keep customer engaged and reduce avoidable cancellations.
UNKNOWN,UNKNOWN,51.99,MEDIUM,MEDIUM,Travel reminder,Send automated reminder closer to travel date.,Keep customer engaged and reduce avoidable cancellations.
UNKNOWN,UNKNOWN,45.84,MEDIUM,MEDIUM,Travel reminder,Send automated reminder closer to travel date.,Keep customer engaged and reduce avoidable cancellations.
UNKNOWN,UNKNOWN,50.69,MEDIUM,MEDIUM,Travel reminder,Send automated reminder closer to travel date.,Keep customer engaged and reduce avoidable cancellations.
UNKNOWN,UNKNOWN,42.35,MEDIUM,MEDIUM,Travel reminder,Send automated reminder closer to travel date.,Keep customer engaged and reduce avoidable cancellations.
UNKNOWN,UNKNOWN,52.45,MEDIUM,MEDIUM,Travel reminder,Send automated reminder closer to travel date.,Keep customer engaged and reduce avoidable cancellations.
UNKNOWN,UNKNOWN,52.95,MEDIUM,MEDIUM,Travel reminder,Send automated reminder closer to travel date.,Keep customer engaged and reduce avoidable cancellations.
UNKNOWN,UNKNOWN,54.17,MEDIUM,MEDIUM,Travel reminder,Send automated reminder closer to travel date.,Keep customer engaged and reduce avoidable cancellations.
UNKNOWN,UNKNOWN,48.43,MEDIUM,MEDIUM,Travel reminder,Send automated reminder closer to travel date.,Keep customer engaged and reduce avoidable cancellations.
UNKNOWN,UNKNOWN,50.88,MEDIUM,MEDIUM,Travel reminder,Send automated reminder closer to travel date.,Keep customer engaged and reduce avoidable cancellations.
UNKNOWN,UNKNOWN,49.99,MEDIUM,MEDIUM,Travel reminder,Send automated reminder closer to travel date.,Keep customer engaged and reduce avoidable cancellations.
UNKNOWN,UNKNOWN,50.93,MEDIUM,MEDIUM,Travel reminder,Send automated reminder closer to travel date.,Keep customer engaged and reduce avoidable cancellations.
UNKNOWN,UNKNOWN,51.9,MEDIUM,MEDIUM,Travel reminder,Send automated reminder closer to travel date.,Keep customer engaged and reduce avoidable cancellations.
UNKNOWN,UNKNOWN,48.61,MEDIUM,MEDIUM,Travel reminder,Send automated reminder closer to travel date.,Keep customer engaged and reduce avoidable cancellations.
UNKNOWN,UNKNOWN,51.85,MEDIUM,MEDIUM,Travel reminder,Send automated reminder closer to travel date.,Keep customer engaged and reduce avoidable cancellations.
UNKNOWN,UNKNOWN,56.31,MEDIUM,MEDIUM,Travel reminder,Send automated reminder closer to travel date.,Keep customer engaged and reduce avoidable cancellations.
UNKNOWN,UNKNOWN,48.4,MEDIUM,MEDIUM,Travel reminder,Send automated reminder closer to travel date.,Keep customer engaged and reduce avoidable cancellations.
UNKNOWN,UNKNOWN,42.55,MEDIUM,MEDIUM,Travel reminder,Send automated reminder closer to travel date.,Keep customer engaged and reduce avoidable cancellations.
UNKNOWN,UNKNOWN,52.86,MEDIUM,MEDIUM,Travel reminder,Send automated reminder closer to travel date.,Keep customer engaged and reduce avoidable cancellations.
UNKNOWN,UNKNOWN,54.43,MEDIUM,MEDIUM,Travel reminder,Send automated reminder closer to travel date.,Keep customer engaged and reduce avoidable cancellations.
UNKNOWN,UNKNOWN,46.12,MEDIUM,MEDIUM,Travel reminder,Send automated reminder closer to travel date.,Keep customer engaged and reduce avoidable cancellations.
UNKNOWN,UNKNOWN,51.49,MEDIUM,MEDIUM,Travel reminder,Send automated reminder closer to travel date.,Keep customer engaged and reduce avoidable cancellations.
UNKNOWN,UNKNOWN,54.93,MEDIUM,MEDIUM,Travel reminder,Send automated reminder closer to travel date.,Keep customer engaged and reduce avoidable cancellations.
UNKNOWN,UNKNOWN,51.04,MEDIUM,MEDIUM,Travel reminder,Send automated reminder closer to travel date.,Keep customer engaged and reduce avoidable cancellations.
UNKNOWN,UNKNOWN,48.16,MEDIUM,MEDIUM,Travel reminder,Send automated reminder closer to travel date.,Keep customer engaged and reduce avoidable cancellations.
UNKNOWN,UNKNOWN,50.42,MEDIUM,MEDIUM,Travel reminder,Send automated reminder closer to travel date.,Keep customer engaged and reduce avoidable cancellations.
UNKNOWN,UNKNOWN,53.17,MEDIUM,MEDIUM,Travel reminder,Send automated reminder closer to travel date.,Keep customer engaged and reduce avoidable cancellations.
UNKNOWN,UNKNOWN,54.12,MEDIUM,MEDIUM,Travel reminder,Send automated reminder closer to travel date.,Keep customer engaged and reduce avoidable cancellations.
UNKNOWN,UNKNOWN,43.83,MEDIUM,MEDIUM,Travel reminder,Send automated reminder closer to travel date.,Keep customer engaged and reduce avoidable cancellations.
UNKNOWN,UNKNOWN,54.39,MEDIUM,MEDIUM,Travel reminder,Send automated reminder closer to travel date.,Keep customer engaged and reduce avoidable cancellations.
UNKNOWN,UNKNOWN,51.96,MEDIUM,MEDIUM,Travel reminder,Send automated reminder closer to travel date.,Keep customer engaged and reduce avoidable cancellations.
UNKNOWN,UNKNOWN,49.64,MEDIUM,MEDIUM,Travel reminder,Send automated reminder closer to travel date.,Keep customer engaged and reduce avoidable cancellations.
UNKNOWN,UNKNOWN,49.91,MEDIUM,MEDIUM,Travel reminder,Send automated reminder closer to travel date.,Keep customer engaged and reduce avoidable cancellations.
UNKNOWN,UNKNOWN,47.22,MEDIUM,MEDIUM,Travel reminder,Send automated reminder closer to travel date.,Keep customer engaged and reduce avoidable cancellations.
UNKNOWN,UNKNOWN,46.4,MEDIUM,MEDIUM,Travel reminder,Send automated reminder closer to travel date.,Keep customer engaged and reduce avoidable cancellations.
UNKNOWN,UNKNOWN,50.59,MEDIUM,MEDIUM,Travel reminder,Send automated reminder closer to travel date.,Keep customer engaged and reduce avoidable cancellations.
UNKNOWN,UNKNOWN,49.78,MEDIUM,MEDIUM,Travel reminder,Send automated reminder closer to travel date.,Keep customer engaged and reduce avoidable cancellations.
UNKNOWN,UNKNOWN,53.58,MEDIUM,MEDIUM,Travel reminder,Send automated reminder closer to travel date.,Keep customer engaged and reduce avoidable cancellations.
UNKNOWN,UNKNOWN,48.72,MEDIUM,MEDIUM,Travel reminder,Send automated reminder closer to travel date.,Keep customer engaged and reduce avoidable cancellations.
UNKNOWN,UNKNOWN,51.33,MEDIUM,MEDIUM,Travel reminder,Send automated reminder closer to travel date.,Keep customer engaged and reduce avoidable cancellations.
UNKNOWN,UNKNOWN,50.48,MEDIUM,MEDIUM,Travel reminder,Send automated reminder closer to travel date.,Keep customer engaged and reduce avoidable cancellations.
UNKNOWN,UNKNOWN,47.95,MEDIUM,MEDIUM,Travel reminder,Send automated reminder closer to travel date.,Keep customer engaged and reduce avoidable cancellations.
UNKNOWN,UNKNOWN,46.14,MEDIUM,MEDIUM,Travel reminder,Send automated reminder closer to travel date.,Keep customer engaged and reduce avoidable cancellations.
UNKNOWN,UNKNOWN,50.81,MEDIUM,MEDIUM,Travel reminder,Send automated reminder closer to travel date.,Keep customer engaged and reduce avoidable cancellations.
UNKNOWN,UNKNOWN,55.06,MEDIUM,MEDIUM,Travel reminder,Send automated reminder closer to travel date.,Keep customer engaged and reduce avoidable cancellations.
UNKNOWN,UNKNOWN,46.56,MEDIUM,MEDIUM,Travel reminder,Send automated reminder closer to travel date.,Keep customer engaged and reduce avoidable cancellations.
UNKNOWN,UNKNOWN,51.11,MEDIUM,MEDIUM,Travel reminder,Send automated reminder closer to travel date.,Keep customer engaged and reduce avoidable cancellations.
UNKNOWN,UNKNOWN,49.73,MEDIUM,MEDIUM,Travel reminder,Send automated reminder closer to travel date.,Keep customer engaged and reduce avoidable cancellations.
UNKNOWN,UNKNOWN,50.74,MEDIUM,MEDIUM,Travel reminder,Send automated reminder closer to travel date.,Keep customer engaged and reduce avoidable cancellations.
UNKNOWN,UNKNOWN,49.72,MEDIUM,MEDIUM,Travel reminder,Send automated reminder closer to travel date.,Keep customer engaged and reduce avoidable cancellations.
UNKNOWN,UNKNOWN,49.25,MEDIUM,MEDIUM,Travel reminder,Send automated reminder closer to travel date.,Keep customer engaged and reduce avoidable cancellations.
UNKNOWN,UNKNOWN,51.44,MEDIUM,MEDIUM,Travel reminder,Send automated reminder closer to travel date.,Keep customer engaged and reduce avoidable cancellations.
UNKNOWN,UNKNOWN,51.43,MEDIUM,MEDIUM,Travel reminder,Send automated reminder closer to travel date.,Keep customer engaged and reduce avoidable cancellations.
UNKNOWN,UNKNOWN,55.66,MEDIUM,MEDIUM,Travel reminder,Send automated reminder closer to travel date.,Keep customer engaged and reduce avoidable cancellations.
UNKNOWN,UNKNOWN,54.19,MEDIUM,MEDIUM,Travel reminder,Send automated reminder closer to travel date.,Keep customer engaged and reduce avoidable cancellations.
UNKNOWN,UNKNOWN,51.0,MEDIUM,MEDIUM,Travel reminder,Send automated reminder closer to travel date.,Keep customer engaged and reduce avoidable cancellations.
UNKNOWN,UNKNOWN,48.74,MEDIUM,MEDIUM,Travel reminder,Send automated reminder closer to travel date.,Keep customer engaged and reduce avoidable cancellations.
UNKNOWN,UNKNOWN,52.21,MEDIUM,MEDIUM,Travel reminder,Send automated reminder closer to travel date.,Keep customer engaged and reduce avoidable cancellations.
UNKNOWN,UNKNOWN,51.12,MEDIUM,MEDIUM,Travel reminder,Send automated reminder closer to travel date.,Keep customer engaged and reduce avoidable cancellations.
UNKNOWN,UNKNOWN,47.22,MEDIUM,MEDIUM,Travel reminder,Send automated reminder closer to travel date.,Keep customer engaged and reduce avoidable cancellations.
UNKNOWN,UNKNOWN,49.1,MEDIUM,MEDIUM,Travel reminder,Send automated reminder closer to travel date.,Keep customer engaged and reduce avoidable cancellations.
UNKNOWN,UNKNOWN,48.51,MEDIUM,MEDIUM,Travel reminder,Send automated reminder closer to travel date.,Keep customer engaged and reduce avoidable cancellations.
UNKNOWN,UNKNOWN,48.11,MEDIUM,MEDIUM,Travel reminder,Send automated reminder closer to travel date.,Keep customer engaged and reduce avoidable cancellations.
UNKNOWN,UNKNOWN,48.29,MEDIUM,MEDIUM,Travel reminder,Send automated reminder closer to travel date.,Keep customer engaged and reduce avoidable cancellations.
UNKNOWN,UNKNOWN,50.75,MEDIUM,MEDIUM,Travel reminder,Send automated reminder closer to travel date.,Keep customer engaged and reduce avoidable cancellations.
UNKNOWN,UNKNOWN,51.0,MEDIUM,MEDIUM,Travel reminder,Send automated reminder closer to travel date.,Keep customer engaged and reduce avoidable cancellations.
UNKNOWN,UNKNOWN,45.09,MEDIUM,MEDIUM,Travel reminder,Send automated reminder closer to travel date.,Keep customer engaged and reduce avoidable cancellations.
UNKNOWN,UNKNOWN,53.51,MEDIUM,MEDIUM,Travel reminder,Send automated reminder closer to travel date.,Keep customer engaged and reduce avoidable cancellations.
UNKNOWN,UNKNOWN,44.04,MEDIUM,MEDIUM,Travel reminder,Send automated reminder closer to travel date.,Keep customer engaged and reduce avoidable cancellations.
UNKNOWN,UNKNOWN,48.77,MEDIUM,MEDIUM,Travel reminder,Send automated reminder closer to travel date.,Keep customer engaged and reduce avoidable cancellations.
UNKNOWN,UNKNOWN,51.19,MEDIUM,MEDIUM,Travel reminder,Send automated reminder closer to travel date.,Keep customer engaged and reduce avoidable cancellations.
UNKNOWN,UNKNOWN,48.22,MEDIUM,MEDIUM,Travel reminder,Send automated reminder closer to travel date.,Keep customer engaged and reduce avoidable cancellations.
UNKNOWN,UNKNOWN,51.03,MEDIUM,MEDIUM,Travel reminder,Send automated reminder closer to travel date.,Keep customer engaged and reduce avoidable cancellations.
UNKNOWN,UNKNOWN,47.81,MEDIUM,MEDIUM,Travel reminder,Send automated reminder closer to travel date.,Keep customer engaged and reduce avoidable cancellations.
UNKNOWN,UNKNOWN,51.07,MEDIUM,MEDIUM,Travel reminder,Send automated reminder closer to travel date.,Keep customer engaged and reduce avoidable cancellations.
UNKNOWN,UNKNOWN,47.79,MEDIUM,MEDIUM,Travel reminder,Send automated reminder closer to travel date.,Keep customer engaged and reduce avoidable cancellations.
UNKNOWN,UNKNOWN,49.03,MEDIUM,MEDIUM,Travel reminder,Send automated reminder closer to travel date.,Keep customer engaged and reduce avoidable cancellations.
UNKNOWN,UNKNOWN,54.32,MEDIUM,MEDIUM,Travel reminder,Send automated reminder closer to travel date.,Keep customer engaged and reduce avoidable cancellations.
UNKNOWN,UNKNOWN,53.66,MEDIUM,MEDIUM,Travel reminder,Send automated reminder closer to travel date.,Keep customer engaged and reduce avoidable cancellations.
UNKNOWN,UNKNOWN,48.87,MEDIUM,MEDIUM,Travel reminder,Send automated reminder closer to travel date.,Keep customer engaged and reduce avoidable cancellations.
UNKNOWN,UNKNOWN,50.23,MEDIUM,MEDIUM,Travel reminder,Send automated reminder closer to travel date.,Keep customer engaged and reduce avoidable cancellations.
UNKNOWN,UNKNOWN,46.16,MEDIUM,MEDIUM,Travel reminder,Send automated reminder closer to travel date.,Keep customer engaged and reduce avoidable cancellations.
UNKNOWN,UNKNOWN,45.93,MEDIUM,MEDIUM,Travel reminder,Send automated reminder closer to travel date.,Keep customer engaged and reduce avoidable cancellations.
UNKNOWN,UNKNOWN,47.67,MEDIUM,MEDIUM,Travel reminder,Send automated reminder closer to travel date.,Keep customer engaged and reduce avoidable cancellations.
UNKNOWN,UNKNOWN,48.2,MEDIUM,MEDIUM,Travel reminder,Send automated reminder closer to travel date.,Keep customer engaged and reduce avoidable cancellations.
UNKNOWN,UNKNOWN,51.75,MEDIUM,MEDIUM,Travel reminder,Send automated reminder closer to travel date.,Keep customer engaged and reduce avoidable cancellations.
UNKNOWN,UNKNOWN,48.77,MEDIUM,MEDIUM,Travel reminder,Send automated reminder closer to travel date.,Keep customer engaged and reduce avoidable cancellations.
UNKNOWN,UNKNOWN,46.36,MEDIUM,MEDIUM,Travel reminder,Send automated reminder closer to travel date.,Keep customer engaged and reduce avoidable cancellations.
UNKNOWN,UNKNOWN,50.41,MEDIUM,MEDIUM,Travel reminder,Send automated reminder closer to travel date.,Keep customer engaged and reduce avoidable cancellations.
UNKNOWN,UNKNOWN,51.33,MEDIUM,MEDIUM,Travel reminder,Send automated reminder closer to travel date.,Keep customer engaged and reduce avoidable cancellations.
UNKNOWN,UNKNOWN,49.83,MEDIUM,MEDIUM,Travel reminder,Send automated reminder closer to travel date.,Keep customer engaged and reduce avoidable cancellations.
UNKNOWN,UNKNOWN,47.28,MEDIUM,MEDIUM,Travel reminder,Send automated reminder closer to travel date.,Keep customer engaged and reduce avoidable cancellations.
UNKNOWN,UNKNOWN,49.55,MEDIUM,MEDIUM,Travel reminder,Send automated reminder closer to travel date.,Keep customer engaged and reduce avoidable cancellations.
UNKNOWN,UNKNOWN,46.89,MEDIUM,MEDIUM,Travel reminder,Send automated reminder closer to travel date.,Keep customer engaged and reduce avoidable cancellations.
UNKNOWN,UNKNOWN,59.04,MEDIUM,MEDIUM,Travel reminder,Send automated reminder closer to travel date.,Keep customer engaged and reduce avoidable cancellations.
UNKNOWN,UNKNOWN,52.43,MEDIUM,MEDIUM,Travel reminder,Send automated reminder closer to travel date.,Keep customer engaged and reduce avoidable cancellations.
UNKNOWN,UNKNOWN,48.69,MEDIUM,MEDIUM,Travel reminder,Send automated reminder closer to travel date.,Keep customer engaged and reduce avoidable cancellations.
UNKNOWN,UNKNOWN,47.91,MEDIUM,MEDIUM,Travel reminder,Send automated reminder closer to travel date.,Keep customer engaged and reduce avoidable cancellations.
UNKNOWN,UNKNOWN,50.07,MEDIUM,MEDIUM,Travel reminder,Send automated reminder closer to travel date.,Keep customer engaged and reduce avoidable cancellations.
UNKNOWN,UNKNOWN,49.88,MEDIUM,MEDIUM,Travel reminder,Send automated reminder closer to travel date.,Keep customer engaged and reduce avoidable cancellations.
UNKNOWN,UNKNOWN,46.04,MEDIUM,MEDIUM,Travel reminder,Send automated reminder closer to travel date.,Keep customer engaged and reduce avoidable cancellations.
UNKNOWN,UNKNOWN,47.22,MEDIUM,MEDIUM,Travel reminder,Send automated reminder closer to travel date.,Keep customer engaged and reduce avoidable cancellations.
UNKNOWN,UNKNOWN,48.27,MEDIUM,MEDIUM,Travel reminder,Send automated reminder closer to travel date.,Keep customer engaged and reduce avoidable cancellations.
UNKNOWN,UNKNOWN,46.68,MEDIUM,MEDIUM,Travel reminder,Send automated reminder closer to travel date.,Keep customer engaged and reduce avoidable cancellations.
UNKNOWN,UNKNOWN,49.26,MEDIUM,MEDIUM,Travel reminder,Send automated reminder closer to travel date.,Keep customer engaged and reduce avoidable cancellations.
UNKNOWN,UNKNOWN,46.2,MEDIUM,MEDIUM,Travel reminder,Send automated reminder closer to travel date.,Keep customer engaged and reduce avoidable cancellations.
UNKNOWN,UNKNOWN,51.06,MEDIUM,MEDIUM,Travel reminder,Send automated reminder closer to travel date.,Keep customer engaged and reduce avoidable cancellations.
UNKNOWN,UNKNOWN,51.48,MEDIUM,MEDIUM,Travel reminder,Send automated reminder closer to travel date.,Keep customer engaged and reduce avoidable cancellations.
UNKNOWN,UNKNOWN,54.33,MEDIUM,MEDIUM,Travel reminder,Send automated reminder closer to travel date.,Keep customer engaged and reduce avoidable cancellations.
UNKNOWN,UNKNOWN,44.69,MEDIUM,MEDIUM,Travel reminder,Send automated reminder closer to travel date.,Keep customer engaged and reduce avoidable cancellations.
UNKNOWN,UNKNOWN,52.86,MEDIUM,MEDIUM,Travel reminder,Send automated reminder closer to travel date.,Keep customer engaged and reduce avoidable cancellations.
UNKNOWN,UNKNOWN,46.14,MEDIUM,MEDIUM,Travel reminder,Send automated reminder closer to travel date.,Keep customer engaged and reduce avoidable cancellations.
UNKNOWN,UNKNOWN,48.25,MEDIUM,MEDIUM,Travel reminder,Send automated reminder closer to travel date.,Keep customer engaged and reduce avoidable cancellations.
UNKNOWN,UNKNOWN,47.93,MEDIUM,MEDIUM,Travel reminder,Send automated reminder closer to travel date.,Keep customer engaged and reduce avoidable cancellations.
UNKNOWN,UNKNOWN,49.01,MEDIUM,MEDIUM,Travel reminder,Send automated reminder closer to travel date.,Keep customer engaged and reduce avoidable cancellations.
UNKNOWN,UNKNOWN,53.73,MEDIUM,MEDIUM,Travel reminder,Send automated reminder closer to travel date.,Keep customer engaged and reduce avoidable cancellations.
UNKNOWN,UNKNOWN,52.82,MEDIUM,MEDIUM,Travel reminder,Send automated reminder closer to travel date.,Keep customer engaged and reduce avoidable cancellations.
UNKNOWN,UNKNOWN,55.07,MEDIUM,MEDIUM,Travel reminder,Send automated reminder closer to travel date.,Keep customer engaged and reduce avoidable cancellations.
UNKNOWN,UNKNOWN,44.71,MEDIUM,MEDIUM,Travel reminder,Send automated reminder closer to travel date.,Keep customer engaged and reduce avoidable cancellations.
UNKNOWN,UNKNOWN,53.02,MEDIUM,MEDIUM,Travel reminder,Send automated reminder closer to travel date.,Keep customer engaged and reduce avoidable cancellations.
UNKNOWN,UNKNOWN,54.44,MEDIUM,MEDIUM,Travel reminder,Send automated reminder closer to travel date.,Keep customer engaged and reduce avoidable cancellations.
UNKNOWN,UNKNOWN,50.97,MEDIUM,MEDIUM,Travel reminder,Send automated reminder closer to travel date.,Keep customer engaged and reduce avoidable cancellations.
UNKNOWN,UNKNOWN,50.2,MEDIUM,MEDIUM,Travel reminder,Send automated reminder closer to travel date.,Keep customer engaged and reduce avoidable cancellations.
UNKNOWN,UNKNOWN,55.25,MEDIUM,MEDIUM,Travel reminder,Send automated reminder closer to travel date.,Keep customer engaged and reduce avoidable cancellations.
UNKNOWN,UNKNOWN,44.52,MEDIUM,MEDIUM,Travel reminder,Send automated reminder closer to travel date.,Keep customer engaged and reduce avoidable cancellations.
UNKNOWN,UNKNOWN,45.23,MEDIUM,MEDIUM,Travel reminder,Send automated reminder closer to travel date.,Keep customer engaged and reduce avoidable cancellations.
UNKNOWN,UNKNOWN,48.56,MEDIUM,MEDIUM,Travel reminder,Send automated reminder closer to travel date.,Keep customer engaged and reduce avoidable cancellations.
UNKNOWN,UNKNOWN,49.28,MEDIUM,MEDIUM,Travel reminder,Send automated reminder closer to travel date.,Keep customer engaged and reduce avoidable cancellations.
UNKNOWN,UNKNOWN,50.77,MEDIUM,MEDIUM,Travel reminder,Send automated reminder closer to travel date.,Keep customer engaged and reduce avoidable cancellations.
UNKNOWN,UNKNOWN,48.31,MEDIUM,MEDIUM,Travel reminder,Send automated reminder closer to travel date.,Keep customer engaged and reduce avoidable cancellations.
UNKNOWN,UNKNOWN,54.83,MEDIUM,MEDIUM,Travel reminder,Send automated reminder closer to travel date.,Keep customer engaged and reduce avoidable cancellations.
UNKNOWN,UNKNOWN,42.33,MEDIUM,MEDIUM,Travel reminder,Send automated reminder closer to travel date.,Keep customer engaged and reduce avoidable cancellations.
UNKNOWN,UNKNOWN,46.24,MEDIUM,MEDIUM,Travel reminder,Send automated reminder closer to travel date.,Keep customer engaged and reduce avoidable cancellations.
UNKNOWN,UNKNOWN,45.82,MEDIUM,MEDIUM,Travel reminder,Send automated reminder closer to travel date.,Keep customer engaged and reduce avoidable cancellations.
UNKNOWN,UNKNOWN,47.95,MEDIUM,MEDIUM,Travel reminder,Send automated reminder closer to travel date.,Keep customer engaged and reduce avoidable cancellations.
UNKNOWN,UNKNOWN,43.54,MEDIUM,MEDIUM,Travel reminder,Send automated reminder closer to travel date.,Keep customer engaged and reduce avoidable cancellations.
UNKNOWN,UNKNOWN,49.64,MEDIUM,MEDIUM,Travel reminder,Send automated reminder closer to travel date.,Keep customer engaged and reduce avoidable cancellations.
UNKNOWN,UNKNOWN,43.94,MEDIUM,MEDIUM,Travel reminder,Send automated reminder closer to travel date.,Keep customer engaged and reduce avoidable cancellations.
UNKNOWN,UNKNOWN,46.54,MEDIUM,MEDIUM,Travel reminder,Send automated reminder closer to travel date.,Keep customer engaged and reduce avoidable cancellations.
UNKNOWN,UNKNOWN,50.29,MEDIUM,MEDIUM,Travel reminder,Send automated reminder closer to travel date.,Keep customer engaged and reduce avoidable cancellations.
UNKNOWN,UNKNOWN,53.91,MEDIUM,MEDIUM,Travel reminder,Send automated reminder closer to travel date.,Keep customer engaged and reduce avoidable cancellations.
UNKNOWN,UNKNOWN,50.2,MEDIUM,MEDIUM,Travel reminder,Send automated reminder closer to travel date.,Keep customer engaged and reduce avoidable cancellations.
UNKNOWN,UNKNOWN,46.92,MEDIUM,MEDIUM,Travel reminder,Send automated reminder closer to travel date.,Keep customer engaged and reduce avoidable cancellations.
UNKNOWN,UNKNOWN,48.55,MEDIUM,MEDIUM,Travel reminder,Send automated reminder closer to travel date.,Keep customer engaged and reduce avoidable cancellations.
UNKNOWN,UNKNOWN,55.67,MEDIUM,MEDIUM,Travel reminder,Send automated reminder closer to travel date.,Keep customer engaged and reduce avoidable cancellations.
UNKNOWN,UNKNOWN,47.88,MEDIUM,MEDIUM,Travel reminder,Send automated reminder closer to travel date.,Keep customer engaged and reduce avoidable cancellations.
UNKNOWN,UNKNOWN,50.09,MEDIUM,MEDIUM,Travel reminder,Send automated reminder closer to travel date.,Keep customer engaged and reduce avoidable cancellations.
UNKNOWN,UNKNOWN,50.47,MEDIUM,MEDIUM,Travel reminder,Send automated reminder closer to travel date.,Keep customer engaged and reduce avoidable cancellations.
UNKNOWN,UNKNOWN,53.8,MEDIUM,MEDIUM,Travel reminder,Send automated reminder closer to travel date.,Keep customer engaged and reduce avoidable cancellations.
UNKNOWN,UNKNOWN,55.9,MEDIUM,MEDIUM,Travel reminder,Send automated reminder closer to travel date.,Keep customer engaged and reduce avoidable cancellations.
UNKNOWN,UNKNOWN,48.74,MEDIUM,MEDIUM,Travel reminder,Send automated reminder closer to travel date.,Keep customer engaged and reduce avoidable cancellations.
UNKNOWN,UNKNOWN,53.55,MEDIUM,MEDIUM,Travel reminder,Send automated reminder closer to travel date.,Keep customer engaged and reduce avoidable cancellations.
UNKNOWN,UNKNOWN,50.64,MEDIUM,MEDIUM,Travel reminder,Send automated reminder closer to travel date.,Keep customer engaged and reduce avoidable cancellations.
UNKNOWN,UNKNOWN,45.6,MEDIUM,MEDIUM,Travel reminder,Send automated reminder closer to travel date.,Keep customer engaged and reduce avoidable cancellations.
UNKNOWN,UNKNOWN,47.35,MEDIUM,MEDIUM,Travel reminder,Send automated reminder closer to travel date.,Keep customer engaged and reduce avoidable cancellations.
UNKNOWN,UNKNOWN,46.94,MEDIUM,MEDIUM,Travel reminder,Send automated reminder closer to travel date.,Keep customer engaged and reduce avoidable cancellations.
UNKNOWN,UNKNOWN,45.68,MEDIUM,MEDIUM,Travel reminder,Send automated reminder closer to travel date.,Keep customer engaged and reduce avoidable cancellations.
UNKNOWN,UNKNOWN,53.09,MEDIUM,MEDIUM,Travel reminder,Send automated reminder closer to travel date.,Keep customer engaged and reduce avoidable cancellations.
UNKNOWN,UNKNOWN,52.82,MEDIUM,MEDIUM,Travel reminder,Send automated reminder closer to travel date.,Keep customer engaged and reduce avoidable cancellations.
UNKNOWN,UNKNOWN,47.27,MEDIUM,MEDIUM,Travel reminder,Send automated reminder closer to travel date.,Keep customer engaged and reduce avoidable cancellations.
UNKNOWN,UNKNOWN,47.04,MEDIUM,MEDIUM,Travel reminder,Send automated reminder closer to travel date.,Keep customer engaged and reduce avoidable cancellations.
UNKNOWN,UNKNOWN,56.64,MEDIUM,MEDIUM,Travel reminder,Send automated reminder closer to travel date.,Keep customer engaged and reduce avoidable cancellations.
UNKNOWN,UNKNOWN,42.16,MEDIUM,MEDIUM,Travel reminder,Send automated reminder closer to travel date.,Keep customer engaged and reduce avoidable cancellations.
UNKNOWN,UNKNOWN,46.17,MEDIUM,MEDIUM,Travel reminder,Send automated reminder closer to travel date.,Keep customer engaged and reduce avoidable cancellations.
UNKNOWN,UNKNOWN,56.01,MEDIUM,MEDIUM,Travel reminder,Send automated reminder closer to travel date.,Keep customer engaged and reduce avoidable cancellations.
UNKNOWN,UNKNOWN,53.55,MEDIUM,MEDIUM,Travel reminder,Send automated reminder closer to travel date.,Keep customer engaged and reduce avoidable cancellations.
UNKNOWN,UNKNOWN,45.44,MEDIUM,MEDIUM,Travel reminder,Send automated reminder closer to travel date.,Keep customer engaged and reduce avoidable cancellations.
UNKNOWN,UNKNOWN,59.31,MEDIUM,MEDIUM,Travel reminder,Send automated reminder closer to travel date.,Keep customer engaged and reduce avoidable cancellations.
UNKNOWN,UNKNOWN,47.76,MEDIUM,MEDIUM,Travel reminder,Send automated reminder closer to travel date.,Keep customer engaged and reduce avoidable cancellations.
UNKNOWN,UNKNOWN,50.68,MEDIUM,MEDIUM,Travel reminder,Send automated reminder closer to travel date.,Keep customer engaged and reduce avoidable cancellations.
UNKNOWN,UNKNOWN,50.53,MEDIUM,MEDIUM,Travel reminder,Send automated reminder closer to travel date.,Keep customer engaged and reduce avoidable cancellations.
UNKNOWN,UNKNOWN,47.45,MEDIUM,MEDIUM,Travel reminder,Send automated reminder closer to travel date.,Keep customer engaged and reduce avoidable cancellations.
UNKNOWN,UNKNOWN,49.02,MEDIUM,MEDIUM,Travel reminder,Send automated reminder closer to travel date.,Keep customer engaged and reduce avoidable cancellations.
UNKNOWN,UNKNOWN,48.57,MEDIUM,MEDIUM,Travel reminder,Send automated reminder closer to travel date.,Keep customer engaged and reduce avoidable cancellations.
UNKNOWN,UNKNOWN,50.75,MEDIUM,MEDIUM,Travel reminder,Send automated reminder closer to travel date.,Keep customer engaged and reduce avoidable cancellations.
UNKNOWN,UNKNOWN,48.74,MEDIUM,MEDIUM,Travel reminder,Send automated reminder closer to travel date.,Keep customer engaged and reduce avoidable cancellations.
UNKNOWN,UNKNOWN,53.46,MEDIUM,MEDIUM,Travel reminder,Send automated reminder closer to travel date.,Keep customer engaged and reduce avoidable cancellations.
UNKNOWN,UNKNOWN,51.31,MEDIUM,MEDIUM,Travel reminder,Send automated reminder closer to travel date.,Keep customer engaged and reduce avoidable cancellations.
UNKNOWN,UNKNOWN,48.87,MEDIUM,MEDIUM,Travel reminder,Send automated reminder closer to travel date.,Keep customer engaged and reduce avoidable cancellations.
UNKNOWN,UNKNOWN,52.76,MEDIUM,MEDIUM,Travel reminder,Send automated reminder closer to travel date.,Keep customer engaged and reduce avoidable cancellations.
UNKNOWN,UNKNOWN,47.08,MEDIUM,MEDIUM,Travel reminder,Send automated reminder closer to travel date.,Keep customer engaged and reduce avoidable cancellations.
UNKNOWN,UNKNOWN,51.17,MEDIUM,MEDIUM,Travel reminder,Send automated reminder closer to travel date.,Keep customer engaged and reduce avoidable cancellations.
UNKNOWN,UNKNOWN,51.12,MEDIUM,MEDIUM,Travel reminder,Send automated reminder closer to travel date.,Keep customer engaged and reduce avoidable cancellations.
UNKNOWN,UNKNOWN,53.04,MEDIUM,MEDIUM,Travel reminder,Send automated reminder closer to travel date.,Keep customer engaged and reduce avoidable cancellations.
UNKNOWN,UNKNOWN,53.55,MEDIUM,MEDIUM,Travel reminder,Send automated reminder closer to travel date.,Keep customer engaged and reduce avoidable cancellations.
UNKNOWN,UNKNOWN,54.3,MEDIUM,MEDIUM,Travel reminder,Send automated reminder closer to travel date.,Keep customer engaged and reduce avoidable cancellations.
UNKNOWN,UNKNOWN,49.1,MEDIUM,MEDIUM,Travel reminder,Send automated reminder closer to travel date.,Keep customer engaged and reduce avoidable cancellations.
UNKNOWN,UNKNOWN,51.61,MEDIUM,MEDIUM,Travel reminder,Send automated reminder closer to travel date.,Keep customer engaged and reduce avoidable cancellations.
UNKNOWN,UNKNOWN,47.74,MEDIUM,MEDIUM,Travel reminder,Send automated reminder closer to travel date.,Keep customer engaged and reduce avoidable cancellations.
UNKNOWN,UNKNOWN,51.1,MEDIUM,MEDIUM,Travel reminder,Send automated reminder closer to travel date.,Keep customer engaged and reduce avoidable cancellations.
UNKNOWN,UNKNOWN,48.4,MEDIUM,MEDIUM,Travel reminder,Send automated reminder closer to travel date.,Keep customer engaged and reduce avoidable cancellations.
UNKNOWN,UNKNOWN,50.96,MEDIUM,MEDIUM,Travel reminder,Send automated reminder closer to travel date.,Keep customer engaged and reduce avoidable cancellations.
UNKNOWN,UNKNOWN,46.38,MEDIUM,MEDIUM,Travel reminder,Send automated reminder closer to travel date.,Keep customer engaged and reduce avoidable cancellations.
UNKNOWN,UNKNOWN,54.79,MEDIUM,MEDIUM,Travel reminder,Send automated reminder closer to travel date.,Keep customer engaged and reduce avoidable cancellations.
UNKNOWN,UNKNOWN,48.3,MEDIUM,MEDIUM,Travel reminder,Send automated reminder closer to travel date.,Keep customer engaged and reduce avoidable cancellations.
UNKNOWN,UNKNOWN,49.84,MEDIUM,MEDIUM,Travel reminder,Send automated reminder closer to travel date.,Keep customer engaged and reduce avoidable cancellations.
UNKNOWN,UNKNOWN,50.25,MEDIUM,MEDIUM,Travel reminder,Send automated reminder closer to travel date.,Keep customer engaged and reduce avoidable cancellations.
UNKNOWN,UNKNOWN,51.0,MEDIUM,MEDIUM,Travel reminder,Send automated reminder closer to travel date.,Keep customer engaged and reduce avoidable cancellations.
UNKNOWN,UNKNOWN,50.04,MEDIUM,MEDIUM,Travel reminder,Send automated reminder closer to travel date.,Keep customer engaged and reduce avoidable cancellations.
UNKNOWN,UNKNOWN,52.13,MEDIUM,MEDIUM,Travel reminder,Send automated reminder closer to travel date.,Keep customer engaged and reduce avoidable cancellations.
UNKNOWN,UNKNOWN,45.23,MEDIUM,MEDIUM,Travel reminder,Send automated reminder closer to travel date.,Keep customer engaged and reduce avoidable cancellations.
UNKNOWN,UNKNOWN,53.64,MEDIUM,MEDIUM,Travel reminder,Send automated reminder closer to travel date.,Keep customer engaged and reduce avoidable cancellations.
UNKNOWN,UNKNOWN,50.08,MEDIUM,MEDIUM,Travel reminder,Send automated reminder closer to travel date.,Keep customer engaged and reduce avoidable cancellations.
UNKNOWN,UNKNOWN,45.39,MEDIUM,MEDIUM,Travel reminder,Send automated reminder closer to travel date.,Keep customer engaged and reduce avoidable cancellations.
UNKNOWN,UNKNOWN,49.85,MEDIUM,MEDIUM,Travel reminder,Send automated reminder closer to travel date.,Keep customer engaged and reduce avoidable cancellations.
UNKNOWN,UNKNOWN,52.35,MEDIUM,MEDIUM,Travel reminder,Send automated reminder closer to travel date.,Keep customer engaged and reduce avoidable cancellations.
UNKNOWN,UNKNOWN,43.95,MEDIUM,MEDIUM,Travel reminder,Send automated reminder closer to travel date.,Keep customer engaged and reduce avoidable cancellations.
UNKNOWN,UNKNOWN,51.76,MEDIUM,MEDIUM,Travel reminder,Send automated reminder closer to travel date.,Keep customer engaged and reduce avoidable cancellations.
UNKNOWN,UNKNOWN,55.46,MEDIUM,MEDIUM,Travel reminder,Send automated reminder closer to travel date.,Keep customer engaged and reduce avoidable cancellations.
UNKNOWN,UNKNOWN,50.6,MEDIUM,MEDIUM,Travel reminder,Send automated reminder closer to travel date.,Keep customer engaged and reduce avoidable cancellations.
UNKNOWN,UNKNOWN,49.38,MEDIUM,MEDIUM,Travel reminder,Send automated reminder closer to travel date.,Keep customer engaged and reduce avoidable cancellations.
UNKNOWN,UNKNOWN,50.57,MEDIUM,MEDIUM,Travel reminder,Send automated reminder closer to travel date.,Keep customer engaged and reduce avoidable cancellations.
UNKNOWN,UNKNOWN,53.74,MEDIUM,MEDIUM,Travel reminder,Send automated reminder closer to travel date.,Keep customer engaged and reduce avoidable cancellations.
UNKNOWN,UNKNOWN,49.48,MEDIUM,MEDIUM,Travel reminder,Send automated reminder closer to travel date.,Keep customer engaged and reduce avoidable cancellations.
UNKNOWN,UNKNOWN,49.68,MEDIUM,MEDIUM,Travel reminder,Send automated reminder closer to travel date.,Keep customer engaged and reduce avoidable cancellations.
UNKNOWN,UNKNOWN,48.82,MEDIUM,MEDIUM,Travel reminder,Send automated reminder closer to travel date.,Keep customer engaged and reduce avoidable cancellations.
UNKNOWN,UNKNOWN,50.79,MEDIUM,MEDIUM,Travel reminder,Send automated reminder closer to travel date.,Keep customer engaged and reduce avoidable cancellations.
UNKNOWN,UNKNOWN,51.48,MEDIUM,MEDIUM,Travel reminder,Send automated reminder closer to travel date.,Keep customer engaged and reduce avoidable cancellations.
UNKNOWN,UNKNOWN,55.02,MEDIUM,MEDIUM,Travel reminder,Send automated reminder closer to travel date.,Keep customer engaged and reduce avoidable cancellations.
UNKNOWN,UNKNOWN,45.33,MEDIUM,MEDIUM,Travel reminder,Send automated reminder closer to travel date.,Keep customer engaged and reduce avoidable cancellations.
UNKNOWN,UNKNOWN,49.9,MEDIUM,MEDIUM,Travel reminder,Send automated reminder closer to travel date.,Keep customer engaged and reduce avoidable cancellations.
UNKNOWN,UNKNOWN,48.97,MEDIUM,MEDIUM,Travel reminder,Send automated reminder closer to travel date.,Keep customer engaged and reduce avoidable cancellations.
UNKNOWN,UNKNOWN,51.96,MEDIUM,MEDIUM,Travel reminder,Send automated reminder closer to travel date.,Keep customer engaged and reduce avoidable cancellations.
UNKNOWN,UNKNOWN,50.62,MEDIUM,MEDIUM,Travel reminder,Send automated reminder closer to travel date.,Keep customer engaged and reduce avoidable cancellations.
UNKNOWN,UNKNOWN,47.7,MEDIUM,MEDIUM,Travel reminder,Send automated reminder closer to travel date.,Keep customer engaged and reduce avoidable cancellations.
UNKNOWN,UNKNOWN,50.29,MEDIUM,MEDIUM,Travel reminder,Send automated reminder closer to travel date.,Keep customer engaged and reduce avoidable cancellations.
UNKNOWN,UNKNOWN,51.44,MEDIUM,MEDIUM,Travel reminder,Send automated reminder closer to travel date.,Keep customer engaged and reduce avoidable cancellations.
UNKNOWN,UNKNOWN,46.85,MEDIUM,MEDIUM,Travel reminder,Send automated reminder closer to travel date.,Keep customer engaged and reduce avoidable cancellations.
UNKNOWN,UNKNOWN,47.13,MEDIUM,MEDIUM,Travel reminder,Send automated reminder closer to travel date.,Keep customer engaged and reduce avoidable cancellations.
UNKNOWN,UNKNOWN,46.02,MEDIUM,MEDIUM,Travel reminder,Send automated reminder closer to travel date.,Keep customer engaged and reduce avoidable cancellations.
UNKNOWN,UNKNOWN,45.31,MEDIUM,MEDIUM,Travel reminder,Send automated reminder closer to travel date.,Keep customer engaged and reduce avoidable cancellations.
UNKNOWN,UNKNOWN,50.97,MEDIUM,MEDIUM,Travel reminder,Send automated reminder closer to travel date.,Keep customer engaged and reduce avoidable cancellations.
UNKNOWN,UNKNOWN,51.9,MEDIUM,MEDIUM,Travel reminder,Send automated reminder closer to travel date.,Keep customer engaged and reduce avoidable cancellations.
UNKNOWN,UNKNOWN,46.74,MEDIUM,MEDIUM,Travel reminder,Send automated reminder closer to travel date.,Keep customer engaged and reduce avoidable cancellations.
UNKNOWN,UNKNOWN,52.22,MEDIUM,MEDIUM,Travel reminder,Send automated reminder closer to travel date.,Keep customer engaged and reduce avoidable cancellations.
UNKNOWN,UNKNOWN,45.89,MEDIUM,MEDIUM,Travel reminder,Send automated reminder closer to travel date.,Keep customer engaged and reduce avoidable cancellations.
UNKNOWN,UNKNOWN,54.03,MEDIUM,MEDIUM,Travel reminder,Send automated reminder closer to travel date.,Keep customer engaged and reduce avoidable cancellations.
UNKNOWN,UNKNOWN,48.82,MEDIUM,MEDIUM,Travel reminder,Send automated reminder closer to travel date.,Keep customer engaged and reduce avoidable cancellations.
UNKNOWN,UNKNOWN,52.86,MEDIUM,MEDIUM,Travel reminder,Send automated reminder closer to travel date.,Keep customer engaged and reduce avoidable cancellations.
UNKNOWN,UNKNOWN,49.59,MEDIUM,MEDIUM,Travel reminder,Send automated reminder closer to travel date.,Keep customer engaged and reduce avoidable cancellations.
UNKNOWN,UNKNOWN,48.09,MEDIUM,MEDIUM,Travel reminder,Send automated reminder closer to travel date.,Keep customer engaged and reduce avoidable cancellations.
UNKNOWN,UNKNOWN,47.66,MEDIUM,MEDIUM,Travel reminder,Send automated reminder closer to travel date.,Keep customer engaged and reduce avoidable cancellations.
UNKNOWN,UNKNOWN,45.82,MEDIUM,MEDIUM,Travel reminder,Send automated reminder closer to travel date.,Keep customer engaged and reduce avoidable cancellations.
UNKNOWN,UNKNOWN,57.74,MEDIUM,MEDIUM,Travel reminder,Send automated reminder closer to travel date.,Keep customer engaged and reduce avoidable cancellations.
UNKNOWN,UNKNOWN,48.6,MEDIUM,MEDIUM,Travel reminder,Send automated reminder closer to travel date.,Keep customer engaged and reduce avoidable cancellations.
UNKNOWN,UNKNOWN,50.76,MEDIUM,MEDIUM,Travel reminder,Send automated reminder closer to travel date.,Keep customer engaged and reduce avoidable cancellations.
UNKNOWN,UNKNOWN,50.84,MEDIUM,MEDIUM,Travel reminder,Send automated reminder closer to travel date.,Keep customer engaged and reduce avoidable cancellations.
UNKNOWN,UNKNOWN,50.25,MEDIUM,MEDIUM,Travel reminder,Send automated reminder closer to travel date.,Keep customer engaged and reduce avoidable cancellations.
UNKNOWN,UNKNOWN,49.04,MEDIUM,MEDIUM,Travel reminder,Send automated reminder closer to travel date.,Keep customer engaged and reduce avoidable cancellations.
UNKNOWN,UNKNOWN,48.48,MEDIUM,MEDIUM,Travel reminder,Send automated reminder closer to travel date.,Keep customer engaged and reduce avoidable cancellations.
UNKNOWN,UNKNOWN,48.55,MEDIUM,MEDIUM,Travel reminder,Send automated reminder closer to travel date.,Keep customer engaged and reduce avoidable cancellations.
UNKNOWN,UNKNOWN,48.19,MEDIUM,MEDIUM,Travel reminder,Send automated reminder closer to travel date.,Keep customer engaged and reduce avoidable cancellations.
UNKNOWN,UNKNOWN,51.31,MEDIUM,MEDIUM,Travel reminder,Send automated reminder closer to travel date.,Keep customer engaged and reduce avoidable cancellations.
UNKNOWN,UNKNOWN,53.8,MEDIUM,MEDIUM,Travel reminder,Send automated reminder closer to travel date.,Keep customer engaged and reduce avoidable cancellations.
UNKNOWN,UNKNOWN,48.27,MEDIUM,MEDIUM,Travel reminder,Send automated reminder closer to travel date.,Keep customer engaged and reduce avoidable cancellations.
UNKNOWN,UNKNOWN,46.5,MEDIUM,MEDIUM,Travel reminder,Send automated reminder closer to travel date.,Keep customer engaged and reduce avoidable cancellations.
UNKNOWN,UNKNOWN,43.16,MEDIUM,MEDIUM,Travel reminder,Send automated reminder closer to travel date.,Keep customer engaged and reduce avoidable cancellations.
UNKNOWN,UNKNOWN,50.64,MEDIUM,MEDIUM,Travel reminder,Send automated reminder closer to travel date.,Keep customer engaged and reduce avoidable cancellations.
UNKNOWN,UNKNOWN,57.7,MEDIUM,MEDIUM,Travel reminder,Send automated reminder closer to travel date.,Keep customer engaged and reduce avoidable cancellations.
UNKNOWN,UNKNOWN,51.62,MEDIUM,MEDIUM,Travel reminder,Send automated reminder closer to travel date.,Keep customer engaged and reduce avoidable cancellations.
UNKNOWN,UNKNOWN,50.29,MEDIUM,MEDIUM,Travel reminder,Send automated reminder closer to travel date.,Keep customer engaged and reduce avoidable cancellations.
UNKNOWN,UNKNOWN,49.76,MEDIUM,MEDIUM,Travel reminder,Send automated reminder closer to travel date.,Keep customer engaged and reduce avoidable cancellations.
UNKNOWN,UNKNOWN,49.5,MEDIUM,MEDIUM,Travel reminder,Send automated reminder closer to travel date.,Keep customer engaged and reduce avoidable cancellations.
UNKNOWN,UNKNOWN,44.69,MEDIUM,MEDIUM,Travel reminder,Send automated reminder closer to travel date.,Keep customer engaged and reduce avoidable cancellations.
UNKNOWN,UNKNOWN,52.49,MEDIUM,MEDIUM,Travel reminder,Send automated reminder closer to travel date.,Keep customer engaged and reduce avoidable cancellations.
UNKNOWN,UNKNOWN,50.55,MEDIUM,MEDIUM,Travel reminder,Send automated reminder closer to travel date.,Keep customer engaged and reduce avoidable cancellations.
UNKNOWN,UNKNOWN,55.72,MEDIUM,MEDIUM,Travel reminder,Send automated reminder closer to travel date.,Keep customer engaged and reduce avoidable cancellations.
UNKNOWN,UNKNOWN,48.26,MEDIUM,MEDIUM,Travel reminder,Send automated reminder closer to travel date.,Keep customer engaged and reduce avoidable cancellations.
UNKNOWN,UNKNOWN,44.31,MEDIUM,MEDIUM,Travel reminder,Send automated reminder closer to travel date.,Keep customer engaged and reduce avoidable cancellations.
UNKNOWN,UNKNOWN,57.92,MEDIUM,MEDIUM,Travel reminder,Send automated reminder closer to travel date.,Keep customer engaged and reduce avoidable cancellations.
UNKNOWN,UNKNOWN,53.78,MEDIUM,MEDIUM,Travel reminder,Send automated reminder closer to travel date.,Keep customer engaged and reduce avoidable cancellations.
UNKNOWN,UNKNOWN,51.65,MEDIUM,MEDIUM,Travel reminder,Send automated reminder closer to travel date.,Keep customer engaged and reduce avoidable cancellations.
UNKNOWN,UNKNOWN,51.52,MEDIUM,MEDIUM,Travel reminder,Send automated reminder closer to travel date.,Keep customer engaged and reduce avoidable cancellations.
UNKNOWN,UNKNOWN,48.03,MEDIUM,MEDIUM,Travel reminder,Send automated reminder closer to travel date.,Keep customer engaged and reduce avoidable cancellations.
UNKNOWN,UNKNOWN,51.04,MEDIUM,MEDIUM,Travel reminder,Send automated reminder closer to travel date.,Keep customer engaged and reduce avoidable cancellations.
UNKNOWN,UNKNOWN,51.79,MEDIUM,MEDIUM,Travel reminder,Send automated reminder closer to travel date.,Keep customer engaged and reduce avoidable cancellations.
UNKNOWN,UNKNOWN,49.8,MEDIUM,MEDIUM,Travel reminder,Send automated reminder closer to travel date.,Keep customer engaged and reduce avoidable cancellations.
UNKNOWN,UNKNOWN,41.47,MEDIUM,MEDIUM,Travel reminder,Send automated reminder closer to travel date.,Keep customer engaged and reduce avoidable cancellations.
UNKNOWN,UNKNOWN,49.44,MEDIUM,MEDIUM,Travel reminder,Send automated reminder closer to travel date.,Keep customer engaged and reduce avoidable cancellations.
UNKNOWN,UNKNOWN,49.84,MEDIUM,MEDIUM,Travel reminder,Send automated reminder closer to travel date.,Keep customer engaged and reduce avoidable cancellations.
UNKNOWN,UNKNOWN,50.35,MEDIUM,MEDIUM,Travel reminder,Send automated reminder closer to travel date.,Keep customer engaged and reduce avoidable cancellations.
UNKNOWN,UNKNOWN,48.81,MEDIUM,MEDIUM,Travel reminder,Send automated reminder closer to travel date.,Keep customer engaged and reduce avoidable cancellations.
UNKNOWN,UNKNOWN,51.66,MEDIUM,MEDIUM,Travel reminder,Send automated reminder closer to travel date.,Keep customer engaged and reduce avoidable cancellations.
UNKNOWN,UNKNOWN,50.88,MEDIUM,MEDIUM,Travel reminder,Send automated reminder closer to travel date.,Keep customer engaged and reduce avoidable cancellations.
UNKNOWN,UNKNOWN,50.28,MEDIUM,MEDIUM,Travel reminder,Send automated reminder closer to travel date.,Keep customer engaged and reduce avoidable cancellations.
UNKNOWN,UNKNOWN,50.23,MEDIUM,MEDIUM,Travel reminder,Send automated reminder closer to travel date.,Keep customer engaged and reduce avoidable cancellations.
UNKNOWN,UNKNOWN,43.03,MEDIUM,MEDIUM,Travel reminder,Send automated reminder closer to travel date.,Keep customer engaged and reduce avoidable cancellations.
UNKNOWN,UNKNOWN,52.49,MEDIUM,MEDIUM,Travel reminder,Send automated reminder closer to travel date.,Keep customer engaged and reduce avoidable cancellations.
UNKNOWN,UNKNOWN,53.9,MEDIUM,MEDIUM,Travel reminder,Send automated reminder closer to travel date.,Keep customer engaged and reduce avoidable cancellations.
UNKNOWN,UNKNOWN,48.53,MEDIUM,MEDIUM,Travel reminder,Send automated reminder closer to travel date.,Keep customer engaged and reduce avoidable cancellations.
UNKNOWN,UNKNOWN,48.98,MEDIUM,MEDIUM,Travel reminder,Send automated reminder closer to travel date.,Keep customer engaged and reduce avoidable cancellations.
UNKNOWN,UNKNOWN,51.51,MEDIUM,MEDIUM,Travel reminder,Send automated reminder closer to travel date.,Keep customer engaged and reduce avoidable cancellations.
UNKNOWN,UNKNOWN,48.62,MEDIUM,MEDIUM,Travel reminder,Send automated reminder closer to travel date.,Keep customer engaged and reduce avoidable cancellations.
UNKNOWN,UNKNOWN,48.5,MEDIUM,MEDIUM,Travel reminder,Send automated reminder closer to travel date.,Keep customer engaged and reduce avoidable cancellations.
UNKNOWN,UNKNOWN,47.26,MEDIUM,MEDIUM,Travel reminder,Send automated reminder closer to travel date.,Keep customer engaged and reduce avoidable cancellations.
UNKNOWN,UNKNOWN,48.29,MEDIUM,MEDIUM,Travel reminder,Send automated reminder closer to travel date.,Keep customer engaged and reduce avoidable cancellations.
UNKNOWN,UNKNOWN,50.81,MEDIUM,MEDIUM,Travel reminder,Send automated reminder closer to travel date.,Keep customer engaged and reduce avoidable cancellations.
UNKNOWN,UNKNOWN,49.16,MEDIUM,MEDIUM,Travel reminder,Send automated reminder closer to travel date.,Keep customer engaged and reduce avoidable cancellations.
UNKNOWN,UNKNOWN,51.32,MEDIUM,MEDIUM,Travel reminder,Send automated reminder closer to travel date.,Keep customer engaged and reduce avoidable cancellations.
UNKNOWN,UNKNOWN,52.72,MEDIUM,MEDIUM,Travel reminder,Send automated reminder closer to travel date.,Keep customer engaged and reduce avoidable cancellations.
UNKNOWN,UNKNOWN,49.16,MEDIUM,MEDIUM,Travel reminder,Send automated reminder closer to travel date.,Keep customer engaged and reduce avoidable cancellations.
UNKNOWN,UNKNOWN,52.29,MEDIUM,MEDIUM,Travel reminder,Send automated reminder closer to travel date.,Keep customer engaged and reduce avoidable cancellations.
UNKNOWN,UNKNOWN,47.2,MEDIUM,MEDIUM,Travel reminder,Send automated reminder closer to travel date.,Keep customer engaged and reduce avoidable cancellations.
UNKNOWN,UNKNOWN,47.99,MEDIUM,MEDIUM,Travel reminder,Send automated reminder closer to travel date.,Keep customer engaged and reduce avoidable cancellations.
UNKNOWN,UNKNOWN,49.0,MEDIUM,MEDIUM,Travel reminder,Send automated reminder closer to travel date.,Keep customer engaged and reduce avoidable cancellations.
UNKNOWN,UNKNOWN,47.01,MEDIUM,MEDIUM,Travel reminder,Send automated reminder closer to travel date.,Keep customer engaged and reduce avoidable cancellations.
UNKNOWN,UNKNOWN,46.88,MEDIUM,MEDIUM,Travel reminder,Send automated reminder closer to travel date.,Keep customer engaged and reduce avoidable cancellations.
UNKNOWN,UNKNOWN,54.07,MEDIUM,MEDIUM,Travel reminder,Send automated reminder closer to travel date.,Keep customer engaged and reduce avoidable cancellations.
UNKNOWN,UNKNOWN,47.17,MEDIUM,MEDIUM,Travel reminder,Send automated reminder closer to travel date.,Keep customer engaged and reduce avoidable cancellations.
UNKNOWN,UNKNOWN,50.46,MEDIUM,MEDIUM,Travel reminder,Send automated reminder closer to travel date.,Keep customer engaged and reduce avoidable cancellations.
UNKNOWN,UNKNOWN,43.29,MEDIUM,MEDIUM,Travel reminder,Send automated reminder closer to travel date.,Keep customer engaged and reduce avoidable cancellations.
UNKNOWN,UNKNOWN,48.7,MEDIUM,MEDIUM,Travel reminder,Send automated reminder closer to travel date.,Keep customer engaged and reduce avoidable cancellations.
UNKNOWN,UNKNOWN,45.42,MEDIUM,MEDIUM,Travel reminder,Send automated reminder closer to travel date.,Keep customer engaged and reduce avoidable cancellations.
UNKNOWN,UNKNOWN,55.69,MEDIUM,MEDIUM,Travel reminder,Send automated reminder closer to travel date.,Keep customer engaged and reduce avoidable cancellations.
UNKNOWN,UNKNOWN,49.79,MEDIUM,MEDIUM,Travel reminder,Send automated reminder closer to travel date.,Keep customer engaged and reduce avoidable cancellations.
UNKNOWN,UNKNOWN,51.62,MEDIUM,MEDIUM,Travel reminder,Send automated reminder closer to travel date.,Keep customer engaged and reduce avoidable cancellations.
UNKNOWN,UNKNOWN,50.88,MEDIUM,MEDIUM,Travel reminder,Send automated reminder closer to travel date.,Keep customer engaged and reduce avoidable cancellations.
UNKNOWN,UNKNOWN,49.19,MEDIUM,MEDIUM,Travel reminder,Send automated reminder closer to travel date.,Keep customer engaged and reduce avoidable cancellations.
UNKNOWN,UNKNOWN,47.77,MEDIUM,MEDIUM,Travel reminder,Send automated reminder closer to travel date.,Keep customer engaged and reduce avoidable cancellations.
UNKNOWN,UNKNOWN,50.04,MEDIUM,MEDIUM,Travel reminder,Send automated reminder closer to travel date.,Keep customer engaged and reduce avoidable cancellations.
UNKNOWN,UNKNOWN,53.13,MEDIUM,MEDIUM,Travel reminder,Send automated reminder closer to travel date.,Keep customer engaged and reduce avoidable cancellations.
UNKNOWN,UNKNOWN,49.88,MEDIUM,MEDIUM,Travel reminder,Send automated reminder closer to travel date.,Keep customer engaged and reduce avoidable cancellations.
UNKNOWN,UNKNOWN,48.29,MEDIUM,MEDIUM,Travel reminder,Send automated reminder closer to travel date.,Keep customer engaged and reduce avoidable cancellations.
UNKNOWN,UNKNOWN,49.95,MEDIUM,MEDIUM,Travel reminder,Send automated reminder closer to travel date.,Keep customer engaged and reduce avoidable cancellations.
UNKNOWN,UNKNOWN,49.32,MEDIUM,MEDIUM,Travel reminder,Send automated reminder closer to travel date.,Keep customer engaged and reduce avoidable cancellations.
UNKNOWN,UNKNOWN,48.22,MEDIUM,MEDIUM,Travel reminder,Send automated reminder closer to travel date.,Keep customer engaged and reduce avoidable cancellations.
UNKNOWN,UNKNOWN,47.93,MEDIUM,MEDIUM,Travel reminder,Send automated reminder closer to travel date.,Keep customer engaged and reduce avoidable cancellations.
UNKNOWN,UNKNOWN,48.89,MEDIUM,MEDIUM,Travel reminder,Send automated reminder closer to travel date.,Keep customer engaged and reduce avoidable cancellations.
UNKNOWN,UNKNOWN,48.63,MEDIUM,MEDIUM,Travel reminder,Send automated reminder closer to travel date.,Keep customer engaged and reduce avoidable cancellations.
UNKNOWN,UNKNOWN,49.76,MEDIUM,MEDIUM,Travel reminder,Send automated reminder closer to travel date.,Keep customer engaged and reduce avoidable cancellations.
UNKNOWN,UNKNOWN,44.63,MEDIUM,MEDIUM,Travel reminder,Send automated reminder closer to travel date.,Keep customer engaged and reduce avoidable cancellations.
UNKNOWN,UNKNOWN,50.18,MEDIUM,MEDIUM,Travel reminder,Send automated reminder closer to travel date.,Keep customer engaged and reduce avoidable cancellations.
UNKNOWN,UNKNOWN,52.91,MEDIUM,MEDIUM,Travel reminder,Send automated reminder closer to travel date.,Keep customer engaged and reduce avoidable cancellations.
UNKNOWN,UNKNOWN,46.61,MEDIUM,MEDIUM,Travel reminder,Send automated reminder closer to travel date.,Keep customer engaged and reduce avoidable cancellations.
UNKNOWN,UNKNOWN,52.79,MEDIUM,MEDIUM,Travel reminder,Send automated reminder closer to travel date.,Keep customer engaged and reduce avoidable cancellations.
UNKNOWN,UNKNOWN,51.7,MEDIUM,MEDIUM,Travel reminder,Send automated reminder closer to travel date.,Keep customer engaged and reduce avoidable cancellations.
UNKNOWN,UNKNOWN,50.19,MEDIUM,MEDIUM,Travel reminder,Send automated reminder closer to travel date.,Keep customer engaged and reduce avoidable cancellations.
UNKNOWN,UNKNOWN,54.64,MEDIUM,MEDIUM,Travel reminder,Send automated reminder closer to travel date.,Keep customer engaged and reduce avoidable cancellations.
UNKNOWN,UNKNOWN,49.76,MEDIUM,MEDIUM,Travel reminder,Send automated reminder closer to travel date.,Keep customer engaged and reduce avoidable cancellations.
UNKNOWN,UNKNOWN,51.57,MEDIUM,MEDIUM,Travel reminder,Send automated reminder closer to travel date.,Keep customer engaged and reduce avoidable cancellations.
UNKNOWN,UNKNOWN,52.14,MEDIUM,MEDIUM,Travel reminder,Send automated reminder closer to travel date.,Keep customer engaged and reduce avoidable cancellations.
UNKNOWN,UNKNOWN,47.26,MEDIUM,MEDIUM,Travel reminder,Send automated reminder closer to travel date.,Keep customer engaged and reduce avoidable cancellations.
UNKNOWN,UNKNOWN,44.91,MEDIUM,MEDIUM,Travel reminder,Send automated reminder closer to travel date.,Keep customer engaged and reduce avoidable cancellations.
UNKNOWN,UNKNOWN,49.6,MEDIUM,MEDIUM,Travel reminder,Send automated reminder closer to travel date.,Keep customer engaged and reduce avoidable cancellations.
UNKNOWN,UNKNOWN,51.35,MEDIUM,MEDIUM,Travel reminder,Send automated reminder closer to travel date.,Keep customer engaged and reduce avoidable cancellations.
UNKNOWN,UNKNOWN,50.86,MEDIUM,MEDIUM,Travel reminder,Send automated reminder closer to travel date.,Keep customer engaged and reduce avoidable cancellations.
UNKNOWN,UNKNOWN,44.8,MEDIUM,MEDIUM,Travel reminder,Send automated reminder closer to travel date.,Keep customer engaged and reduce avoidable cancellations.
UNKNOWN,UNKNOWN,48.26,MEDIUM,MEDIUM,Travel reminder,Send automated reminder closer to travel date.,Keep customer engaged and reduce avoidable cancellations.
UNKNOWN,UNKNOWN,48.01,MEDIUM,MEDIUM,Travel reminder,Send automated reminder closer to travel date.,Keep customer engaged and reduce avoidable cancellations.
UNKNOWN,UNKNOWN,54.26,MEDIUM,MEDIUM,Travel reminder,Send automated reminder closer to travel date.,Keep customer engaged and reduce avoidable cancellations.
UNKNOWN,UNKNOWN,56.13,MEDIUM,MEDIUM,Travel reminder,Send automated reminder closer to travel date.,Keep customer engaged and reduce avoidable cancellations.
UNKNOWN,UNKNOWN,52.78,MEDIUM,MEDIUM,Travel reminder,Send automated reminder closer to travel date.,Keep customer engaged and reduce avoidable cancellations.
UNKNOWN,UNKNOWN,46.57,MEDIUM,MEDIUM,Travel reminder,Send automated reminder closer to travel date.,Keep customer engaged and reduce avoidable cancellations.
UNKNOWN,UNKNOWN,50.6,MEDIUM,MEDIUM,Travel reminder,Send automated reminder closer to travel date.,Keep customer engaged and reduce avoidable cancellations.
UNKNOWN,UNKNOWN,51.13,MEDIUM,MEDIUM,Travel reminder,Send automated reminder closer to travel date.,Keep customer engaged and reduce avoidable cancellations.
UNKNOWN,UNKNOWN,49.28,MEDIUM,MEDIUM,Travel reminder,Send automated reminder closer to travel date.,Keep customer engaged and reduce avoidable cancellations.
UNKNOWN,UNKNOWN,48.89,MEDIUM,MEDIUM,Travel reminder,Send automated reminder closer to travel date.,Keep customer engaged and reduce avoidable cancellations.
UNKNOWN,UNKNOWN,51.96,MEDIUM,MEDIUM,Travel reminder,Send automated reminder closer to travel date.,Keep customer engaged and reduce avoidable cancellations.
UNKNOWN,UNKNOWN,53.78,MEDIUM,MEDIUM,Travel reminder,Send automated reminder closer to travel date.,Keep customer engaged and reduce avoidable cancellations.
UNKNOWN,UNKNOWN,50.87,MEDIUM,MEDIUM,Travel reminder,Send automated reminder closer to travel date.,Keep customer engaged and reduce avoidable cancellations.
UNKNOWN,UNKNOWN,50.35,MEDIUM,MEDIUM,Travel reminder,Send automated reminder closer to travel date.,Keep customer engaged and reduce avoidable cancellations.
UNKNOWN,UNKNOWN,51.96,MEDIUM,MEDIUM,Travel reminder,Send automated reminder closer to travel date.,Keep customer engaged and reduce avoidable cancellations.
UNKNOWN,UNKNOWN,45.4,MEDIUM,MEDIUM,Travel reminder,Send automated reminder closer to travel date.,Keep customer engaged and reduce avoidable cancellations.
UNKNOWN,UNKNOWN,46.67,MEDIUM,MEDIUM,Travel reminder,Send automated reminder closer to travel date.,Keep customer engaged and reduce avoidable cancellations.
UNKNOWN,UNKNOWN,57.16,MEDIUM,MEDIUM,Travel reminder,Send automated reminder closer to travel date.,Keep customer engaged and reduce avoidable cancellations.
UNKNOWN,UNKNOWN,49.56,MEDIUM,MEDIUM,Travel reminder,Send automated reminder closer to travel date.,Keep customer engaged and reduce avoidable cancellations.
UNKNOWN,UNKNOWN,51.44,MEDIUM,MEDIUM,Travel reminder,Send automated reminder closer to travel date.,Keep customer engaged and reduce avoidable cancellations.
UNKNOWN,UNKNOWN,56.3,MEDIUM,MEDIUM,Travel reminder,Send automated reminder closer to travel date.,Keep customer engaged and reduce avoidable cancellations.
UNKNOWN,UNKNOWN,51.45,MEDIUM,MEDIUM,Travel reminder,Send automated reminder closer to travel date.,Keep customer engaged and reduce avoidable cancellations.
UNKNOWN,UNKNOWN,50.49,MEDIUM,MEDIUM,Travel reminder,Send automated reminder closer to travel date.,Keep customer engaged and reduce avoidable cancellations.
UNKNOWN,UNKNOWN,44.25,MEDIUM,MEDIUM,Travel reminder,Send automated reminder closer to travel date.,Keep customer engaged and reduce avoidable cancellations.
UNKNOWN,UNKNOWN,58.25,MEDIUM,MEDIUM,Travel reminder,Send automated reminder closer to travel date.,Keep customer engaged and reduce avoidable cancellations.
UNKNOWN,UNKNOWN,53.44,MEDIUM,MEDIUM,Travel reminder,Send automated reminder closer to travel date.,Keep customer engaged and reduce avoidable cancellations.
UNKNOWN,UNKNOWN,46.2,MEDIUM,MEDIUM,Travel reminder,Send automated reminder closer to travel date.,Keep customer engaged and reduce avoidable cancellations.
UNKNOWN,UNKNOWN,56.13,MEDIUM,MEDIUM,Travel reminder,Send automated reminder closer to travel date.,Keep customer engaged and reduce avoidable cancellations.
UNKNOWN,UNKNOWN,46.67,MEDIUM,MEDIUM,Travel reminder,Send automated reminder closer to travel date.,Keep customer engaged and reduce avoidable cancellations.
UNKNOWN,UNKNOWN,52.21,MEDIUM,MEDIUM,Travel reminder,Send automated reminder closer to travel date.,Keep customer engaged and reduce avoidable cancellations.
UNKNOWN,UNKNOWN,49.74,MEDIUM,MEDIUM,Travel reminder,Send automated reminder closer to travel date.,Keep customer engaged and reduce avoidable cancellations.
UNKNOWN,UNKNOWN,52.09,MEDIUM,MEDIUM,Travel reminder,Send automated reminder closer to travel date.,Keep customer engaged and reduce avoidable cancellations.
UNKNOWN,UNKNOWN,50.91,MEDIUM,MEDIUM,Travel reminder,Send automated reminder closer to travel date.,Keep customer engaged and reduce avoidable cancellations.
UNKNOWN,UNKNOWN,46.73,MEDIUM,MEDIUM,Travel reminder,Send automated reminder closer to travel date.,Keep customer engaged and reduce avoidable cancellations.
UNKNOWN,UNKNOWN,51.79,MEDIUM,MEDIUM,Travel reminder,Send automated reminder closer to travel date.,Keep customer engaged and reduce avoidable cancellations.
UNKNOWN,UNKNOWN,47.91,MEDIUM,MEDIUM,Travel reminder,Send automated reminder closer to travel date.,Keep customer engaged and reduce avoidable cancellations.
UNKNOWN,UNKNOWN,45.15,MEDIUM,MEDIUM,Travel reminder,Send automated reminder closer to travel date.,Keep customer engaged and reduce avoidable cancellations.
UNKNOWN,UNKNOWN,44.66,MEDIUM,MEDIUM,Travel reminder,Send automated reminder closer to travel date.,Keep customer engaged and reduce avoidable cancellations.
UNKNOWN,UNKNOWN,44.72,MEDIUM,MEDIUM,Travel reminder,Send automated reminder closer to travel date.,Keep customer engaged and reduce avoidable cancellations.
UNKNOWN,UNKNOWN,54.05,MEDIUM,MEDIUM,Travel reminder,Send automated reminder closer to travel date.,Keep customer engaged and reduce avoidable cancellations.
UNKNOWN,UNKNOWN,44.14,MEDIUM,MEDIUM,Travel reminder,Send automated reminder closer to travel date.,Keep customer engaged and reduce avoidable cancellations.
UNKNOWN,UNKNOWN,51.18,MEDIUM,MEDIUM,Travel reminder,Send automated reminder closer to travel date.,Keep customer engaged and reduce avoidable cancellations.
UNKNOWN,UNKNOWN,48.03,MEDIUM,MEDIUM,Travel reminder,Send automated reminder closer to travel date.,Keep customer engaged and reduce avoidable cancellations.
UNKNOWN,UNKNOWN,48.84,MEDIUM,MEDIUM,Travel reminder,Send automated reminder closer to travel date.,Keep customer engaged and reduce avoidable cancellations.
UNKNOWN,UNKNOWN,51.27,MEDIUM,MEDIUM,Travel reminder,Send automated reminder closer to travel date.,Keep customer engaged and reduce avoidable cancellations.
UNKNOWN,UNKNOWN,51.22,MEDIUM,MEDIUM,Travel reminder,Send automated reminder closer to travel date.,Keep customer engaged and reduce avoidable cancellations.
UNKNOWN,UNKNOWN,41.83,MEDIUM,MEDIUM,Travel reminder,Send automated reminder closer to travel date.,Keep customer engaged and reduce avoidable cancellations.
UNKNOWN,UNKNOWN,49.09,MEDIUM,MEDIUM,Travel reminder,Send automated reminder closer to travel date.,Keep customer engaged and reduce avoidable cancellations.
UNKNOWN,UNKNOWN,53.24,MEDIUM,MEDIUM,Travel reminder,Send automated reminder closer to travel date.,Keep customer engaged and reduce avoidable cancellations.
UNKNOWN,UNKNOWN,51.95,MEDIUM,MEDIUM,Travel reminder,Send automated reminder closer to travel date.,Keep customer engaged and reduce avoidable cancellations.
UNKNOWN,UNKNOWN,52.54,MEDIUM,MEDIUM,Travel reminder,Send automated reminder closer to travel date.,Keep customer engaged and reduce avoidable cancellations.
UNKNOWN,UNKNOWN,48.28,MEDIUM,MEDIUM,Travel reminder,Send automated reminder closer to travel date.,Keep customer engaged and reduce avoidable cancellations.
UNKNOWN,UNKNOWN,50.57,MEDIUM,MEDIUM,Travel reminder,Send automated reminder closer to travel date.,Keep customer engaged and reduce avoidable cancellations.
UNKNOWN,UNKNOWN,50.29,MEDIUM,MEDIUM,Travel reminder,Send automated reminder closer to travel date.,Keep customer engaged and reduce avoidable cancellations.
UNKNOWN,UNKNOWN,49.93,MEDIUM,MEDIUM,Travel reminder,Send automated reminder closer to travel date.,Keep customer engaged and reduce avoidable cancellations.
UNKNOWN,UNKNOWN,46.84,MEDIUM,MEDIUM,Travel reminder,Send automated reminder closer to travel date.,Keep customer engaged and reduce avoidable cancellations.
UNKNOWN,UNKNOWN,51.12,MEDIUM,MEDIUM,Travel reminder,Send automated reminder closer to travel date.,Keep customer engaged and reduce avoidable cancellations.
UNKNOWN,UNKNOWN,51.14,MEDIUM,MEDIUM,Travel reminder,Send automated reminder closer to travel date.,Keep customer engaged and reduce avoidable cancellations.
UNKNOWN,UNKNOWN,44.8,MEDIUM,MEDIUM,Travel reminder,Send automated reminder closer to travel date.,Keep customer engaged and reduce avoidable cancellations.
UNKNOWN,UNKNOWN,44.04,MEDIUM,MEDIUM,Travel reminder,Send automated reminder closer to travel date.,Keep customer engaged and reduce avoidable cancellations.
UNKNOWN,UNKNOWN,46.97,MEDIUM,MEDIUM,Travel reminder,Send automated reminder closer to travel date.,Keep customer engaged and reduce avoidable cancellations.
UNKNOWN,UNKNOWN,43.03,MEDIUM,MEDIUM,Travel reminder,Send automated reminder closer to travel date.,Keep customer engaged and reduce avoidable cancellations.
UNKNOWN,UNKNOWN,47.62,MEDIUM,MEDIUM,Travel reminder,Send automated reminder closer to travel date.,Keep customer engaged and reduce avoidable cancellations.
UNKNOWN,UNKNOWN,51.6,MEDIUM,MEDIUM,Travel reminder,Send automated reminder closer to travel date.,Keep customer engaged and reduce avoidable cancellations.
UNKNOWN,UNKNOWN,43.51,MEDIUM,MEDIUM,Travel reminder,Send automated reminder closer to travel date.,Keep customer engaged and reduce avoidable cancellations.
UNKNOWN,UNKNOWN,46.63,MEDIUM,MEDIUM,Travel reminder,Send automated reminder closer to travel date.,Keep customer engaged and reduce avoidable cancellations.
UNKNOWN,UNKNOWN,52.77,MEDIUM,MEDIUM,Travel reminder,Send automated reminder closer to travel date.,Keep customer engaged and reduce avoidable cancellations.
UNKNOWN,UNKNOWN,55.8,MEDIUM,MEDIUM,Travel reminder,Send automated reminder closer to travel date.,Keep customer engaged and reduce avoidable cancellations.
UNKNOWN,UNKNOWN,50.38,MEDIUM,MEDIUM,Travel reminder,Send automated reminder closer to travel date.,Keep customer engaged and reduce avoidable cancellations.
UNKNOWN,UNKNOWN,45.81,MEDIUM,MEDIUM,Travel reminder,Send automated reminder closer to travel date.,Keep customer engaged and reduce avoidable cancellations.
UNKNOWN,UNKNOWN,39.08,MEDIUM,MEDIUM,Travel reminder,Send automated reminder closer to travel date.,Keep customer engaged and reduce avoidable cancellations.
UNKNOWN,UNKNOWN,46.18,MEDIUM,MEDIUM,Travel reminder,Send automated reminder closer to travel date.,Keep customer engaged and reduce avoidable cancellations.
UNKNOWN,UNKNOWN,50.72,MEDIUM,MEDIUM,Travel reminder,Send automated reminder closer to travel date.,Keep customer engaged and reduce avoidable cancellations.
UNKNOWN,UNKNOWN,48.46,MEDIUM,MEDIUM,Travel reminder,Send automated reminder closer to travel date.,Keep customer engaged and reduce avoidable cancellations.
UNKNOWN,UNKNOWN,43.39,MEDIUM,MEDIUM,Travel reminder,Send automated reminder closer to travel date.,Keep customer engaged and reduce avoidable cancellations.
UNKNOWN,UNKNOWN,55.53,MEDIUM,MEDIUM,Travel reminder,Send automated reminder closer to travel date.,Keep customer engaged and reduce avoidable cancellations.
UNKNOWN,UNKNOWN,50.93,MEDIUM,MEDIUM,Travel reminder,Send automated reminder closer to travel date.,Keep customer engaged and reduce avoidable cancellations.
UNKNOWN,UNKNOWN,47.7,MEDIUM,MEDIUM,Travel reminder,Send automated reminder closer to travel date.,Keep customer engaged and reduce avoidable cancellations.
UNKNOWN,UNKNOWN,53.2,MEDIUM,MEDIUM,Travel reminder,Send automated reminder closer to travel date.,Keep customer engaged and reduce avoidable cancellations.
UNKNOWN,UNKNOWN,45.74,MEDIUM,MEDIUM,Travel reminder,Send automated reminder closer to travel date.,Keep customer engaged and reduce avoidable cancellations.
UNKNOWN,UNKNOWN,47.16,MEDIUM,MEDIUM,Travel reminder,Send automated reminder closer to travel date.,Keep customer engaged and reduce avoidable cancellations.
UNKNOWN,UNKNOWN,47.19,MEDIUM,MEDIUM,Travel reminder,Send automated reminder closer to travel date.,Keep customer engaged and reduce avoidable cancellations.
UNKNOWN,UNKNOWN,50.01,MEDIUM,MEDIUM,Travel reminder,Send automated reminder closer to travel date.,Keep customer engaged and reduce avoidable cancellations.
UNKNOWN,UNKNOWN,54.36,MEDIUM,MEDIUM,Travel reminder,Send automated reminder closer to travel date.,Keep customer engaged and reduce avoidable cancellations.
UNKNOWN,UNKNOWN,49.45,MEDIUM,MEDIUM,Travel reminder,Send automated reminder closer to travel date.,Keep customer engaged and reduce avoidable cancellations.
UNKNOWN,UNKNOWN,45.55,MEDIUM,MEDIUM,Travel reminder,Send automated reminder closer to travel date.,Keep customer engaged and reduce avoidable cancellations.
UNKNOWN,UNKNOWN,49.44,MEDIUM,MEDIUM,Travel reminder,Send automated reminder closer to travel date.,Keep customer engaged and reduce avoidable cancellations.
UNKNOWN,UNKNOWN,49.08,MEDIUM,MEDIUM,Travel reminder,Send automated reminder closer to travel date.,Keep customer engaged and reduce avoidable cancellations.
UNKNOWN,UNKNOWN,52.86,MEDIUM,MEDIUM,Travel reminder,Send automated reminder closer to travel date.,Keep customer engaged and reduce avoidable cancellations.
UNKNOWN,UNKNOWN,48.5,MEDIUM,MEDIUM,Travel reminder,Send automated reminder closer to travel date.,Keep customer engaged and reduce avoidable cancellations.
UNKNOWN,UNKNOWN,45.8,MEDIUM,MEDIUM,Travel reminder,Send automated reminder closer to travel date.,Keep customer engaged and reduce avoidable cancellations.
UNKNOWN,UNKNOWN,50.62,MEDIUM,MEDIUM,Travel reminder,Send automated reminder closer to travel date.,Keep customer engaged and reduce avoidable cancellations.
UNKNOWN,UNKNOWN,49.7,MEDIUM,MEDIUM,Travel reminder,Send automated reminder closer to travel date.,Keep customer engaged and reduce avoidable cancellations.
UNKNOWN,UNKNOWN,48.88,MEDIUM,MEDIUM,Travel reminder,Send automated reminder closer to travel date.,Keep customer engaged and reduce avoidable cancellations.
UNKNOWN,UNKNOWN,49.63,MEDIUM,MEDIUM,Travel reminder,Send automated reminder closer to travel date.,Keep customer engaged and reduce avoidable cancellations.
UNKNOWN,UNKNOWN,46.57,MEDIUM,MEDIUM,Travel reminder,Send automated reminder closer to travel date.,Keep customer engaged and reduce avoidable cancellations.
UNKNOWN,UNKNOWN,48.42,MEDIUM,MEDIUM,Travel reminder,Send automated reminder closer to travel date.,Keep customer engaged and reduce avoidable cancellations.
UNKNOWN,UNKNOWN,53.38,MEDIUM,MEDIUM,Travel reminder,Send automated reminder closer to travel date.,Keep customer engaged and reduce avoidable cancellations.
UNKNOWN,UNKNOWN,51.19,MEDIUM,MEDIUM,Travel reminder,Send automated reminder closer to travel date.,Keep customer engaged and reduce avoidable cancellations.
UNKNOWN,UNKNOWN,48.49,MEDIUM,MEDIUM,Travel reminder,Send automated reminder closer to travel date.,Keep customer engaged and reduce avoidable cancellations.
UNKNOWN,UNKNOWN,50.8,MEDIUM,MEDIUM,Travel reminder,Send automated reminder closer to travel date.,Keep customer engaged and reduce avoidable cancellations.
UNKNOWN,UNKNOWN,48.19,MEDIUM,MEDIUM,Travel reminder,Send automated reminder closer to travel date.,Keep customer engaged and reduce avoidable cancellations.
UNKNOWN,UNKNOWN,50.46,MEDIUM,MEDIUM,Travel reminder,Send automated reminder closer to travel date.,Keep customer engaged and reduce avoidable cancellations.
UNKNOWN,UNKNOWN,50.13,MEDIUM,MEDIUM,Travel reminder,Send automated reminder closer to travel date.,Keep customer engaged and reduce avoidable cancellations.
UNKNOWN,UNKNOWN,50.72,MEDIUM,MEDIUM,Travel reminder,Send automated reminder closer to travel date.,Keep customer engaged and reduce avoidable cancellations.
UNKNOWN,UNKNOWN,48.09,MEDIUM,MEDIUM,Travel reminder,Send automated reminder closer to travel date.,Keep customer engaged and reduce avoidable cancellations.
UNKNOWN,UNKNOWN,52.4,MEDIUM,MEDIUM,Travel reminder,Send automated reminder closer to travel date.,Keep customer engaged and reduce avoidable cancellations.
UNKNOWN,UNKNOWN,51.99,MEDIUM,MEDIUM,Travel reminder,Send automated reminder closer to travel date.,Keep customer engaged and reduce avoidable cancellations.
UNKNOWN,UNKNOWN,48.66,MEDIUM,MEDIUM,Travel reminder,Send automated reminder closer to travel date.,Keep customer engaged and reduce avoidable cancellations.
UNKNOWN,UNKNOWN,52.6,MEDIUM,MEDIUM,Travel reminder,Send automated reminder closer to travel date.,Keep customer engaged and reduce avoidable cancellations.
UNKNOWN,UNKNOWN,46.84,MEDIUM,MEDIUM,Travel reminder,Send automated reminder closer to travel date.,Keep customer engaged and reduce avoidable cancellations.
UNKNOWN,UNKNOWN,50.64,MEDIUM,MEDIUM,Travel reminder,Send automated reminder closer to travel date.,Keep customer engaged and reduce avoidable cancellations.
UNKNOWN,UNKNOWN,55.3,MEDIUM,MEDIUM,Travel reminder,Send automated reminder closer to travel date.,Keep customer engaged and reduce avoidable cancellations.
UNKNOWN,UNKNOWN,53.05,MEDIUM,MEDIUM,Travel reminder,Send automated reminder closer to travel date.,Keep customer engaged and reduce avoidable cancellations.
UNKNOWN,UNKNOWN,49.83,MEDIUM,MEDIUM,Travel reminder,Send automated reminder closer to travel date.,Keep customer engaged and reduce avoidable cancellations.
UNKNOWN,UNKNOWN,59.19,MEDIUM,MEDIUM,Travel reminder,Send automated reminder closer to travel date.,Keep customer engaged and reduce avoidable cancellations.
UNKNOWN,UNKNOWN,49.8,MEDIUM,MEDIUM,Travel reminder,Send automated reminder closer to travel date.,Keep customer engaged and reduce avoidable cancellations.
UNKNOWN,UNKNOWN,53.39,MEDIUM,MEDIUM,Travel reminder,Send automated reminder closer to travel date.,Keep customer engaged and reduce avoidable cancellations.
UNKNOWN,UNKNOWN,48.96,MEDIUM,MEDIUM,Travel reminder,Send automated reminder closer to travel date.,Keep customer engaged and reduce avoidable cancellations.
UNKNOWN,UNKNOWN,47.82,MEDIUM,MEDIUM,Travel reminder,Send automated reminder closer to travel date.,Keep customer engaged and reduce avoidable cancellations.
UNKNOWN,UNKNOWN,50.45,MEDIUM,MEDIUM,Travel reminder,Send automated reminder closer to travel date.,Keep customer engaged and reduce avoidable cancellations.
UNKNOWN,UNKNOWN,48.27,MEDIUM,MEDIUM,Travel reminder,Send automated reminder closer to travel date.,Keep customer engaged and reduce avoidable cancellations.
UNKNOWN,UNKNOWN,51.23,MEDIUM,MEDIUM,Travel reminder,Send automated reminder closer to travel date.,Keep customer engaged and reduce avoidable cancellations.
UNKNOWN,UNKNOWN,56.5,MEDIUM,MEDIUM,Travel reminder,Send automated reminder closer to travel date.,Keep customer engaged and reduce avoidable cancellations.
UNKNOWN,UNKNOWN,47.93,MEDIUM,MEDIUM,Travel reminder,Send automated reminder closer to travel date.,Keep customer engaged and reduce avoidable cancellations.
UNKNOWN,UNKNOWN,58.7,MEDIUM,MEDIUM,Travel reminder,Send automated reminder closer to travel date.,Keep customer engaged and reduce avoidable cancellations.
UNKNOWN,UNKNOWN,55.31,MEDIUM,MEDIUM,Travel reminder,Send automated reminder closer to travel date.,Keep customer engaged and reduce avoidable cancellations.
UNKNOWN,UNKNOWN,52.62,MEDIUM,MEDIUM,Travel reminder,Send automated reminder closer to travel date.,Keep customer engaged and reduce avoidable cancellations.
UNKNOWN,UNKNOWN,48.19,MEDIUM,MEDIUM,Travel reminder,Send automated reminder closer to travel date.,Keep customer engaged and reduce avoidable cancellations.
UNKNOWN,UNKNOWN,52.66,MEDIUM,MEDIUM,Travel reminder,Send automated reminder closer to travel date.,Keep customer engaged and reduce avoidable cancellations.
UNKNOWN,UNKNOWN,50.25,MEDIUM,MEDIUM,Travel reminder,Send automated reminder closer to travel date.,Keep customer engaged and reduce avoidable cancellations.
UNKNOWN,UNKNOWN,48.72,MEDIUM,MEDIUM,Travel reminder,Send automated reminder closer to travel date.,Keep customer engaged and reduce avoidable cancellations.
UNKNOWN,UNKNOWN,49.18,MEDIUM,MEDIUM,Travel reminder,Send automated reminder closer to travel date.,Keep customer engaged and reduce avoidable cancellations.
UNKNOWN,UNKNOWN,52.52,MEDIUM,MEDIUM,Travel reminder,Send automated reminder closer to travel date.,Keep customer engaged and reduce avoidable cancellations.
UNKNOWN,UNKNOWN,52.17,MEDIUM,MEDIUM,Travel reminder,Send automated reminder closer to travel date.,Keep customer engaged and reduce avoidable cancellations.
UNKNOWN,UNKNOWN,51.0,MEDIUM,MEDIUM,Travel reminder,Send automated reminder closer to travel date.,Keep customer engaged and reduce avoidable cancellations.
UNKNOWN,UNKNOWN,48.29,MEDIUM,MEDIUM,Travel reminder,Send automated reminder closer to travel date.,Keep customer engaged and reduce avoidable cancellations.
UNKNOWN,UNKNOWN,52.09,MEDIUM,MEDIUM,Travel reminder,Send automated reminder closer to travel date.,Keep customer engaged and reduce avoidable cancellations.
UNKNOWN,UNKNOWN,55.81,MEDIUM,MEDIUM,Travel reminder,Send automated reminder closer to travel date.,Keep customer engaged and reduce avoidable cancellations.
UNKNOWN,UNKNOWN,48.07,MEDIUM,MEDIUM,Travel reminder,Send automated reminder closer to travel date.,Keep customer engaged and reduce avoidable cancellations.
UNKNOWN,UNKNOWN,53.67,MEDIUM,MEDIUM,Travel reminder,Send automated reminder closer to travel date.,Keep customer engaged and reduce avoidable cancellations.
UNKNOWN,UNKNOWN,51.21,MEDIUM,MEDIUM,Travel reminder,Send automated reminder closer to travel date.,Keep customer engaged and reduce avoidable cancellations.
UNKNOWN,UNKNOWN,45.59,MEDIUM,MEDIUM,Travel reminder,Send automated reminder closer to travel date.,Keep customer engaged and reduce avoidable cancellations.
UNKNOWN,UNKNOWN,52.26,MEDIUM,MEDIUM,Travel reminder,Send automated reminder closer to travel date.,Keep customer engaged and reduce avoidable cancellations.
UNKNOWN,UNKNOWN,51.85,MEDIUM,MEDIUM,Travel reminder,Send automated reminder closer to travel date.,Keep customer engaged and reduce avoidable cancellations.
UNKNOWN,UNKNOWN,53.91,MEDIUM,MEDIUM,Travel reminder,Send automated reminder closer to travel date.,Keep customer engaged and reduce avoidable cancellations.
UNKNOWN,UNKNOWN,51.42,MEDIUM,MEDIUM,Travel reminder,Send automated reminder closer to travel date.,Keep customer engaged and reduce avoidable cancellations.
UNKNOWN,UNKNOWN,45.35,MEDIUM,MEDIUM,Travel reminder,Send automated reminder closer to travel date.,Keep customer engaged and reduce avoidable cancellations.
UNKNOWN,UNKNOWN,45.58,MEDIUM,MEDIUM,Travel reminder,Send automated reminder closer to travel date.,Keep customer engaged and reduce avoidable cancellations.
UNKNOWN,UNKNOWN,49.25,MEDIUM,MEDIUM,Travel reminder,Send automated reminder closer to travel date.,Keep customer engaged and reduce avoidable cancellations.
UNKNOWN,UNKNOWN,49.93,MEDIUM,MEDIUM,Travel reminder,Send automated reminder closer to travel date.,Keep customer engaged and reduce avoidable cancellations.
UNKNOWN,UNKNOWN,48.57,MEDIUM,MEDIUM,Travel reminder,Send automated reminder closer to travel date.,Keep customer engaged and reduce avoidable cancellations.
UNKNOWN,UNKNOWN,49.97,MEDIUM,MEDIUM,Travel reminder,Send automated reminder closer to travel date.,Keep customer engaged and reduce avoidable cancellations.
UNKNOWN,UNKNOWN,51.15,MEDIUM,MEDIUM,Travel reminder,Send automated reminder closer to travel date.,Keep customer engaged and reduce avoidable cancellations.
UNKNOWN,UNKNOWN,46.89,MEDIUM,MEDIUM,Travel reminder,Send automated reminder closer to travel date.,Keep customer engaged and reduce avoidable cancellations.
UNKNOWN,UNKNOWN,47.69,MEDIUM,MEDIUM,Travel reminder,Send automated reminder closer to travel date.,Keep customer engaged and reduce avoidable cancellations.
UNKNOWN,UNKNOWN,50.78,MEDIUM,MEDIUM,Travel reminder,Send automated reminder closer to travel date.,Keep customer engaged and reduce avoidable cancellations.
UNKNOWN,UNKNOWN,51.86,MEDIUM,MEDIUM,Travel reminder,Send automated reminder closer to travel date.,Keep customer engaged and reduce avoidable cancellations.
UNKNOWN,UNKNOWN,49.52,MEDIUM,MEDIUM,Travel reminder,Send automated reminder closer to travel date.,Keep customer engaged and reduce avoidable cancellations.
UNKNOWN,UNKNOWN,43.04,MEDIUM,MEDIUM,Travel reminder,Send automated reminder closer to travel date.,Keep customer engaged and reduce avoidable cancellations.
UNKNOWN,UNKNOWN,55.33,MEDIUM,MEDIUM,Travel reminder,Send automated reminder closer to travel date.,Keep customer engaged and reduce avoidable cancellations.
UNKNOWN,UNKNOWN,47.86,MEDIUM,MEDIUM,Travel reminder,Send automated reminder closer to travel date.,Keep customer engaged and reduce avoidable cancellations.
UNKNOWN,UNKNOWN,42.18,MEDIUM,MEDIUM,Travel reminder,Send automated reminder closer to travel date.,Keep customer engaged and reduce avoidable cancellations.
UNKNOWN,UNKNOWN,52.76,MEDIUM,MEDIUM,Travel reminder,Send automated reminder closer to travel date.,Keep customer engaged and reduce avoidable cancellations.
UNKNOWN,UNKNOWN,54.42,MEDIUM,MEDIUM,Travel reminder,Send automated reminder closer to travel date.,Keep customer engaged and reduce avoidable cancellations.
UNKNOWN,UNKNOWN,51.73,MEDIUM,MEDIUM,Travel reminder,Send automated reminder closer to travel date.,Keep customer engaged and reduce avoidable cancellations.
UNKNOWN,UNKNOWN,47.1,MEDIUM,MEDIUM,Travel reminder,Send automated reminder closer to travel date.,Keep customer engaged and reduce avoidable cancellations.
UNKNOWN,UNKNOWN,49.73,MEDIUM,MEDIUM,Travel reminder,Send automated reminder closer to travel date.,Keep customer engaged and reduce avoidable cancellations.
UNKNOWN,UNKNOWN,45.5,MEDIUM,MEDIUM,Travel reminder,Send automated reminder closer to travel date.,Keep customer engaged and reduce avoidable cancellations.
UNKNOWN,UNKNOWN,49.3,MEDIUM,MEDIUM,Travel reminder,Send automated reminder closer to travel date.,Keep customer engaged and reduce avoidable cancellations.
UNKNOWN,UNKNOWN,52.1,MEDIUM,MEDIUM,Travel reminder,Send automated reminder closer to travel date.,Keep customer engaged and reduce avoidable cancellations.
UNKNOWN,UNKNOWN,46.2,MEDIUM,MEDIUM,Travel reminder,Send automated reminder closer to travel date.,Keep customer engaged and reduce avoidable cancellations.
UNKNOWN,UNKNOWN,48.65,MEDIUM,MEDIUM,Travel reminder,Send automated reminder closer to travel date.,Keep customer engaged and reduce avoidable cancellations.
UNKNOWN,UNKNOWN,48.58,MEDIUM,MEDIUM,Travel reminder,Send automated reminder closer to travel date.,Keep customer engaged and reduce avoidable cancellations.
UNKNOWN,UNKNOWN,54.37,MEDIUM,MEDIUM,Travel reminder,Send automated reminder closer to travel date.,Keep customer engaged and reduce avoidable cancellations.
UNKNOWN,UNKNOWN,54.1,MEDIUM,MEDIUM,Travel reminder,Send automated reminder closer to travel date.,Keep customer engaged and reduce avoidable cancellations.
UNKNOWN,UNKNOWN,45.31,MEDIUM,MEDIUM,Travel reminder,Send automated reminder closer to travel date.,Keep customer engaged and reduce avoidable cancellations.
UNKNOWN,UNKNOWN,51.08,MEDIUM,MEDIUM,Travel reminder,Send automated reminder closer to travel date.,Keep customer engaged and reduce avoidable cancellations.
UNKNOWN,UNKNOWN,52.79,MEDIUM,MEDIUM,Travel reminder,Send automated reminder closer to travel date.,Keep customer engaged and reduce avoidable cancellations.
UNKNOWN,UNKNOWN,53.75,MEDIUM,MEDIUM,Travel reminder,Send automated reminder closer to travel date.,Keep customer engaged and reduce avoidable cancellations.
UNKNOWN,UNKNOWN,46.5,MEDIUM,MEDIUM,Travel reminder,Send automated reminder closer to travel date.,Keep customer engaged and reduce avoidable cancellations.
UNKNOWN,UNKNOWN,47.93,MEDIUM,MEDIUM,Travel reminder,Send automated reminder closer to travel date.,Keep customer engaged and reduce avoidable cancellations.
UNKNOWN,UNKNOWN,49.6,MEDIUM,MEDIUM,Travel reminder,Send automated reminder closer to travel date.,Keep customer engaged and reduce avoidable cancellations.
UNKNOWN,UNKNOWN,52.73,MEDIUM,MEDIUM,Travel reminder,Send automated reminder closer to travel date.,Keep customer engaged and reduce avoidable cancellations.
UNKNOWN,UNKNOWN,46.58,MEDIUM,MEDIUM,Travel reminder,Send automated reminder closer to travel date.,Keep customer engaged and reduce avoidable cancellations.
UNKNOWN,UNKNOWN,47.93,MEDIUM,MEDIUM,Travel reminder,Send automated reminder closer to travel date.,Keep customer engaged and reduce avoidable cancellations.
UNKNOWN,UNKNOWN,50.56,MEDIUM,MEDIUM,Travel reminder,Send automated reminder closer to travel date.,Keep customer engaged and reduce avoidable cancellations.
UNKNOWN,UNKNOWN,47.67,MEDIUM,MEDIUM,Travel reminder,Send automated reminder closer to travel date.,Keep customer engaged and reduce avoidable cancellations.
UNKNOWN,UNKNOWN,50.4,MEDIUM,MEDIUM,Travel reminder,Send automated reminder closer to travel date.,Keep customer engaged and reduce avoidable cancellations.
UNKNOWN,UNKNOWN,51.93,MEDIUM,MEDIUM,Travel reminder,Send automated reminder closer to travel date.,Keep customer engaged and reduce avoidable cancellations.
UNKNOWN,UNKNOWN,52.52,MEDIUM,MEDIUM,Travel reminder,Send automated reminder closer to travel date.,Keep customer engaged and reduce avoidable cancellations.
UNKNOWN,UNKNOWN,52.68,MEDIUM,MEDIUM,Travel reminder,Send automated reminder closer to travel date.,Keep customer engaged and reduce avoidable cancellations.
UNKNOWN,UNKNOWN,51.3,MEDIUM,MEDIUM,Travel reminder,Send automated reminder closer to travel date.,Keep customer engaged and reduce avoidable cancellations.
UNKNOWN,UNKNOWN,51.52,MEDIUM,MEDIUM,Travel reminder,Send automated reminder closer to travel date.,Keep customer engaged and reduce avoidable cancellations.
UNKNOWN,UNKNOWN,46.9,MEDIUM,MEDIUM,Travel reminder,Send automated reminder closer to travel date.,Keep customer engaged and reduce avoidable cancellations.
UNKNOWN,UNKNOWN,53.78,MEDIUM,MEDIUM,Travel reminder,Send automated reminder closer to travel date.,Keep customer engaged and reduce avoidable cancellations.
UNKNOWN,UNKNOWN,44.41,MEDIUM,MEDIUM,Travel reminder,Send automated reminder closer to travel date.,Keep customer engaged and reduce avoidable cancellations.
UNKNOWN,UNKNOWN,53.55,MEDIUM,MEDIUM,Travel reminder,Send automated reminder closer to travel date.,Keep customer engaged and reduce avoidable cancellations.
UNKNOWN,UNKNOWN,52.41,MEDIUM,MEDIUM,Travel reminder,Send automated reminder closer to travel date.,Keep customer engaged and reduce avoidable cancellations.
UNKNOWN,UNKNOWN,46.75,MEDIUM,MEDIUM,Travel reminder,Send automated reminder closer to travel date.,Keep customer engaged and reduce avoidable cancellations.
UNKNOWN,UNKNOWN,54.57,MEDIUM,MEDIUM,Travel reminder,Send automated reminder closer to travel date.,Keep customer engaged and reduce avoidable cancellations.
UNKNOWN,UNKNOWN,45.9,MEDIUM,MEDIUM,Travel reminder,Send automated reminder closer to travel date.,Keep customer engaged and reduce avoidable cancellations.
UNKNOWN,UNKNOWN,53.12,MEDIUM,MEDIUM,Travel reminder,Send automated reminder closer to travel date.,Keep customer engaged and reduce avoidable cancellations.
UNKNOWN,UNKNOWN,51.46,MEDIUM,MEDIUM,Travel reminder,Send automated reminder closer to travel date.,Keep customer engaged and reduce avoidable cancellations.
UNKNOWN,UNKNOWN,55.8,MEDIUM,MEDIUM,Travel reminder,Send automated reminder closer to travel date.,Keep customer engaged and reduce avoidable cancellations.
UNKNOWN,UNKNOWN,48.16,MEDIUM,MEDIUM,Travel reminder,Send automated reminder closer to travel date.,Keep customer engaged and reduce avoidable cancellations.
UNKNOWN,UNKNOWN,48.92,MEDIUM,MEDIUM,Travel reminder,Send automated reminder closer to travel date.,Keep customer engaged and reduce avoidable cancellations.
UNKNOWN,UNKNOWN,44.93,MEDIUM,MEDIUM,Travel reminder,Send automated reminder closer to travel date.,Keep customer engaged and reduce avoidable cancellations.
UNKNOWN,UNKNOWN,56.93,MEDIUM,MEDIUM,Travel reminder,Send automated reminder closer to travel date.,Keep customer engaged and reduce avoidable cancellations.
UNKNOWN,UNKNOWN,47.7,MEDIUM,MEDIUM,Travel reminder,Send automated reminder closer to travel date.,Keep customer engaged and reduce avoidable cancellations.
UNKNOWN,UNKNOWN,49.32,MEDIUM,MEDIUM,Travel reminder,Send automated reminder closer to travel date.,Keep customer engaged and reduce avoidable cancellations.
UNKNOWN,UNKNOWN,56.26,MEDIUM,MEDIUM,Travel reminder,Send automated reminder closer to travel date.,Keep customer engaged and reduce avoidable cancellations.
UNKNOWN,UNKNOWN,50.99,MEDIUM,MEDIUM,Travel reminder,Send automated reminder closer to travel date.,Keep customer engaged and reduce avoidable cancellations.
UNKNOWN,UNKNOWN,46.34,MEDIUM,MEDIUM,Travel reminder,Send automated reminder closer to travel date.,Keep customer engaged and reduce avoidable cancellations.
UNKNOWN,UNKNOWN,47.93,MEDIUM,MEDIUM,Travel reminder,Send automated reminder closer to travel date.,Keep customer engaged and reduce avoidable cancellations.
UNKNOWN,UNKNOWN,52.31,MEDIUM,MEDIUM,Travel reminder,Send automated reminder closer to travel date.,Keep customer engaged and reduce avoidable cancellations.
UNKNOWN,UNKNOWN,53.18,MEDIUM,MEDIUM,Travel reminder,Send automated reminder closer to travel date.,Keep customer engaged and reduce avoidable cancellations.
UNKNOWN,UNKNOWN,48.92,MEDIUM,MEDIUM,Travel reminder,Send automated reminder closer to travel date.,Keep customer engaged and reduce avoidable cancellations.
UNKNOWN,UNKNOWN,48.52,MEDIUM,MEDIUM,Travel reminder,Send automated reminder closer to travel date.,Keep customer engaged and reduce avoidable cancellations.
UNKNOWN,UNKNOWN,51.03,MEDIUM,MEDIUM,Travel reminder,Send automated reminder closer to travel date.,Keep customer engaged and reduce avoidable cancellations.
UNKNOWN,UNKNOWN,53.72,MEDIUM,MEDIUM,Travel reminder,Send automated reminder closer to travel date.,Keep customer engaged and reduce avoidable cancellations.
UNKNOWN,UNKNOWN,50.96,MEDIUM,MEDIUM,Travel reminder,Send automated reminder closer to travel date.,Keep customer engaged and reduce avoidable cancellations.
UNKNOWN,UNKNOWN,49.76,MEDIUM,MEDIUM,Travel reminder,Send automated reminder closer to travel date.,Keep customer engaged and reduce avoidable cancellations.
UNKNOWN,UNKNOWN,47.03,MEDIUM,MEDIUM,Travel reminder,Send automated reminder closer to travel date.,Keep customer engaged and reduce avoidable cancellations.
UNKNOWN,UNKNOWN,45.23,MEDIUM,MEDIUM,Travel reminder,Send automated reminder closer to travel date.,Keep customer engaged and reduce avoidable cancellations.
UNKNOWN,UNKNOWN,47.2,MEDIUM,MEDIUM,Travel reminder,Send automated reminder closer to travel date.,Keep customer engaged and reduce avoidable cancellations.
UNKNOWN,UNKNOWN,52.28,MEDIUM,MEDIUM,Travel reminder,Send automated reminder closer to travel date.,Keep customer engaged and reduce avoidable cancellations.
UNKNOWN,UNKNOWN,51.82,MEDIUM,MEDIUM,Travel reminder,Send automated reminder closer to travel date.,Keep customer engaged and reduce avoidable cancellations.
UNKNOWN,UNKNOWN,51.48,MEDIUM,MEDIUM,Travel reminder,Send automated reminder closer to travel date.,Keep customer engaged and reduce avoidable cancellations.
UNKNOWN,UNKNOWN,54.89,MEDIUM,MEDIUM,Travel reminder,Send automated reminder closer to travel date.,Keep customer engaged and reduce avoidable cancellations.
UNKNOWN,UNKNOWN,49.92,MEDIUM,MEDIUM,Travel reminder,Send automated reminder closer to travel date.,Keep customer engaged and reduce avoidable cancellations.
UNKNOWN,UNKNOWN,51.18,MEDIUM,MEDIUM,Travel reminder,Send automated reminder closer to travel date.,Keep customer engaged and reduce avoidable cancellations.
UNKNOWN,UNKNOWN,57.55,MEDIUM,MEDIUM,Travel reminder,Send automated reminder closer to travel date.,Keep customer engaged and reduce avoidable cancellations.
UNKNOWN,UNKNOWN,52.44,MEDIUM,MEDIUM,Travel reminder,Send automated reminder closer to travel date.,Keep customer engaged and reduce avoidable cancellations.
UNKNOWN,UNKNOWN,45.6,MEDIUM,MEDIUM,Travel reminder,Send automated reminder closer to travel date.,Keep customer engaged and reduce avoidable cancellations.
UNKNOWN,UNKNOWN,55.18,MEDIUM,MEDIUM,Travel reminder,Send automated reminder closer to travel date.,Keep customer engaged and reduce avoidable cancellations.
UNKNOWN,UNKNOWN,49.76,MEDIUM,MEDIUM,Travel reminder,Send automated reminder closer to travel date.,Keep customer engaged and reduce avoidable cancellations.
UNKNOWN,UNKNOWN,49.29,MEDIUM,MEDIUM,Travel reminder,Send automated reminder closer to travel date.,Keep customer engaged and reduce avoidable cancellations.
UNKNOWN,UNKNOWN,46.96,MEDIUM,MEDIUM,Travel reminder,Send automated reminder closer to travel date.,Keep customer engaged and reduce avoidable cancellations.
UNKNOWN,UNKNOWN,51.89,MEDIUM,MEDIUM,Travel reminder,Send automated reminder closer to travel date.,Keep customer engaged and reduce avoidable cancellations.
UNKNOWN,UNKNOWN,48.09,MEDIUM,MEDIUM,Travel reminder,Send automated reminder closer to travel date.,Keep customer engaged and reduce avoidable cancellations.
UNKNOWN,UNKNOWN,50.66,MEDIUM,MEDIUM,Travel reminder,Send automated reminder closer to travel date.,Keep customer engaged and reduce avoidable cancellations.
UNKNOWN,UNKNOWN,55.55,MEDIUM,MEDIUM,Travel reminder,Send automated reminder closer to travel date.,Keep customer engaged and reduce avoidable cancellations.
UNKNOWN,UNKNOWN,43.83,MEDIUM,MEDIUM,Travel reminder,Send automated reminder closer to travel date.,Keep customer engaged and reduce avoidable cancellations.
