recommendation_type,entity_type,entity_id,customer_segment,priority,recommendation,business_reason
Loyalty Rewards,Customer,CUST00001,Champions,HIGH,"Offer loyalty rewards, premium benefits and referral incentives.",High-value customers are likely to respond well to retention programs.
Loyalty Rewards,Customer,CUST00002,Champions,HIGH,"Offer loyalty rewards, premium benefits and referral incentives.",High-value customers are likely to respond well to retention programs.
Reactivation Campaign,Customer,CUST00003,Lost Customers,MEDIUM,Send a reactivation offer and highlight relevant routes or services.,Customer activity has declined significantly.
Reactivation Campaign,Customer,CUST00004,Lost Customers,MEDIUM,Send a reactivation offer and highlight relevant routes or services.,Customer activity has declined significantly.
Loyalty Campaign,Customer,CUST00005,Potential Loyalists,HIGH,"Provide loyalty points, member benefits and personalized offers.",Repeated booking behavior indicates strong customer engagement.
Loyalty Rewards,Customer,CUST00006,Champions,HIGH,"Offer loyalty rewards, premium benefits and referral incentives.",High-value customers are likely to respond well to retention programs.
Win-back Campaign,Customer,CUST00007,At Risk,HIGH,Launch a personalized win-back campaign with a targeted discount.,Customer activity indicates potential churn risk.
Loyalty Rewards,Customer,CUST00008,Champions,HIGH,"Offer loyalty rewards, premium benefits and referral incentives.",High-value customers are likely to respond well to retention programs.
General Engagement,Customer,CUST00009,Need Attention,LOW,Send personalized service updates and relevant offers.,Maintain customer engagement without excessive marketing cost.
Loyalty Campaign,Customer,CUST00010,Potential Loyalists,HIGH,"Provide loyalty points, member benefits and personalized offers.",Repeated booking behavior indicates strong customer engagement.
Win-back Campaign,Customer,CUST00011,At Risk,HIGH,Launch a personalized win-back campaign with a targeted discount.,Customer activity indicates potential churn risk.
Second Booking Campaign,Customer,CUST00012,New Customers,MEDIUM,Offer a first-repeat booking incentive.,The customer should be encouraged to make a second booking.
General Engagement,Customer,CUST00013,Need Attention,LOW,Send personalized service updates and relevant offers.,Maintain customer engagement without excessive marketing cost.
Win-back Campaign,Customer,CUST00014,At Risk,HIGH,Launch a personalized win-back campaign with a targeted discount.,Customer activity indicates potential churn risk.
Reactivation Campaign,Customer,CUST00015,Lost Customers,MEDIUM,Send a reactivation offer and highlight relevant routes or services.,Customer activity has declined significantly.
Second Booking Campaign,Customer,CUST00016,New Customers,MEDIUM,Offer a first-repeat booking incentive.,The customer should be encouraged to make a second booking.
General Engagement,Customer,CUST00017,Need Attention,LOW,Send personalized service updates and relevant offers.,Maintain customer engagement without excessive marketing cost.
General Engagement,Customer,CUST00018,Need Attention,LOW,Send personalized service updates and relevant offers.,Maintain customer engagement without excessive marketing cost.
Loyalty Rewards,Customer,CUST00020,Champions,HIGH,"Offer loyalty rewards, premium benefits and referral incentives.",High-value customers are likely to respond well to retention programs.
General Engagement,Customer,CUST00021,Need Attention,LOW,Send personalized service updates and relevant offers.,Maintain customer engagement without excessive marketing cost.
Loyalty Campaign,Customer,CUST00023,Loyal Customers,HIGH,"Provide loyalty points, member benefits and personalized offers.",Repeated booking behavior indicates strong customer engagement.
Loyalty Rewards,Customer,CUST00024,Champions,HIGH,"Offer loyalty rewards, premium benefits and referral incentives.",High-value customers are likely to respond well to retention programs.
General Engagement,Customer,CUST00025,Big Spenders,LOW,Send personalized service updates and relevant offers.,Maintain customer engagement without excessive marketing cost.
Loyalty Campaign,Customer,CUST00026,Potential Loyalists,HIGH,"Provide loyalty points, member benefits and personalized offers.",Repeated booking behavior indicates strong customer engagement.
Second Booking Campaign,Customer,CUST00027,New Customers,MEDIUM,Offer a first-repeat booking incentive.,The customer should be encouraged to make a second booking.
Reactivation Campaign,Customer,CUST00028,Lost Customers,MEDIUM,Send a reactivation offer and highlight relevant routes or services.,Customer activity has declined significantly.
Win-back Campaign,Customer,CUST00029,At Risk,HIGH,Launch a personalized win-back campaign with a targeted discount.,Customer activity indicates potential churn risk.
Loyalty Rewards,Customer,CUST00030,Champions,HIGH,"Offer loyalty rewards, premium benefits and referral incentives.",High-value customers are likely to respond well to retention programs.
General Engagement,Customer,CUST00031,Big Spenders,LOW,Send personalized service updates and relevant offers.,Maintain customer engagement without excessive marketing cost.
Loyalty Campaign,Customer,CUST00032,Potential Loyalists,HIGH,"Provide loyalty points, member benefits and personalized offers.",Repeated booking behavior indicates strong customer engagement.
Reactivation Campaign,Customer,CUST00033,Lost Customers,MEDIUM,Send a reactivation offer and highlight relevant routes or services.,Customer activity has declined significantly.
Reactivation Campaign,Customer,CUST00034,Lost Customers,MEDIUM,Send a reactivation offer and highlight relevant routes or services.,Customer activity has declined significantly.
Win-back Campaign,Customer,CUST00035,At Risk,HIGH,Launch a personalized win-back campaign with a targeted discount.,Customer activity indicates potential churn risk.
Loyalty Campaign,Customer,CUST00036,Loyal Customers,HIGH,"Provide loyalty points, member benefits and personalized offers.",Repeated booking behavior indicates strong customer engagement.
Win-back Campaign,Customer,CUST00037,At Risk,HIGH,Launch a personalized win-back campaign with a targeted discount.,Customer activity indicates potential churn risk.
Reactivation Campaign,Customer,CUST00038,Lost Customers,MEDIUM,Send a reactivation offer and highlight relevant routes or services.,Customer activity has declined significantly.
General Engagement,Customer,CUST00039,Big Spenders,LOW,Send personalized service updates and relevant offers.,Maintain customer engagement without excessive marketing cost.
Second Booking Campaign,Customer,CUST00040,New Customers,MEDIUM,Offer a first-repeat booking incentive.,The customer should be encouraged to make a second booking.
General Engagement,Customer,CUST00041,Need Attention,LOW,Send personalized service updates and relevant offers.,Maintain customer engagement without excessive marketing cost.
Loyalty Campaign,Customer,CUST00045,Loyal Customers,HIGH,"Provide loyalty points, member benefits and personalized offers.",Repeated booking behavior indicates strong customer engagement.
General Engagement,Customer,CUST00046,Need Attention,LOW,Send personalized service updates and relevant offers.,Maintain customer engagement without excessive marketing cost.
General Engagement,Customer,CUST00047,Big Spenders,LOW,Send personalized service updates and relevant offers.,Maintain customer engagement without excessive marketing cost.
Reactivation Campaign,Customer,CUST00048,Lost Customers,MEDIUM,Send a reactivation offer and highlight relevant routes or services.,Customer activity has declined significantly.
General Engagement,Customer,CUST00049,Need Attention,LOW,Send personalized service updates and relevant offers.,Maintain customer engagement without excessive marketing cost.
General Engagement,Customer,CUST00050,Big Spenders,LOW,Send personalized service updates and relevant offers.,Maintain customer engagement without excessive marketing cost.
Reactivation Campaign,Customer,CUST00051,Lost Customers,MEDIUM,Send a reactivation offer and highlight relevant routes or services.,Customer activity has declined significantly.
Reactivation Campaign,Customer,CUST00052,Lost Customers,MEDIUM,Send a reactivation offer and highlight relevant routes or services.,Customer activity has declined significantly.
Win-back Campaign,Customer,CUST00053,At Risk,HIGH,Launch a personalized win-back campaign with a targeted discount.,Customer activity indicates potential churn risk.
Win-back Campaign,Customer,CUST00054,At Risk,HIGH,Launch a personalized win-back campaign with a targeted discount.,Customer activity indicates potential churn risk.
General Engagement,Customer,CUST00055,Big Spenders,LOW,Send personalized service updates and relevant offers.,Maintain customer engagement without excessive marketing cost.
Loyalty Campaign,Customer,CUST00056,Potential Loyalists,HIGH,"Provide loyalty points, member benefits and personalized offers.",Repeated booking behavior indicates strong customer engagement.
General Engagement,Customer,CUST00057,Big Spenders,LOW,Send personalized service updates and relevant offers.,Maintain customer engagement without excessive marketing cost.
Win-back Campaign,Customer,CUST00058,At Risk,HIGH,Launch a personalized win-back campaign with a targeted discount.,Customer activity indicates potential churn risk.
Win-back Campaign,Customer,CUST00059,At Risk,HIGH,Launch a personalized win-back campaign with a targeted discount.,Customer activity indicates potential churn risk.
Loyalty Rewards,Customer,CUST00061,Champions,HIGH,"Offer loyalty rewards, premium benefits and referral incentives.",High-value customers are likely to respond well to retention programs.
General Engagement,Customer,CUST00062,Need Attention,LOW,Send personalized service updates and relevant offers.,Maintain customer engagement without excessive marketing cost.
General Engagement,Customer,CUST00063,Need Attention,LOW,Send personalized service updates and relevant offers.,Maintain customer engagement without excessive marketing cost.
General Engagement,Customer,CUST00065,Big Spenders,LOW,Send personalized service updates and relevant offers.,Maintain customer engagement without excessive marketing cost.
Loyalty Campaign,Customer,CUST00066,Loyal Customers,HIGH,"Provide loyalty points, member benefits and personalized offers.",Repeated booking behavior indicates strong customer engagement.
Loyalty Rewards,Customer,CUST00067,Champions,HIGH,"Offer loyalty rewards, premium benefits and referral incentives.",High-value customers are likely to respond well to retention programs.
General Engagement,Customer,CUST00068,Big Spenders,LOW,Send personalized service updates and relevant offers.,Maintain customer engagement without excessive marketing cost.
Second Booking Campaign,Customer,CUST00069,New Customers,MEDIUM,Offer a first-repeat booking incentive.,The customer should be encouraged to make a second booking.
General Engagement,Customer,CUST00070,Need Attention,LOW,Send personalized service updates and relevant offers.,Maintain customer engagement without excessive marketing cost.
General Engagement,Customer,CUST00071,Need Attention,LOW,Send personalized service updates and relevant offers.,Maintain customer engagement without excessive marketing cost.
Win-back Campaign,Customer,CUST00072,At Risk,HIGH,Launch a personalized win-back campaign with a targeted discount.,Customer activity indicates potential churn risk.
General Engagement,Customer,CUST00073,Big Spenders,LOW,Send personalized service updates and relevant offers.,Maintain customer engagement without excessive marketing cost.
Second Booking Campaign,Customer,CUST00074,New Customers,MEDIUM,Offer a first-repeat booking incentive.,The customer should be encouraged to make a second booking.
Reactivation Campaign,Customer,CUST00075,Lost Customers,MEDIUM,Send a reactivation offer and highlight relevant routes or services.,Customer activity has declined significantly.
Loyalty Rewards,Customer,CUST00076,Champions,HIGH,"Offer loyalty rewards, premium benefits and referral incentives.",High-value customers are likely to respond well to retention programs.
Reactivation Campaign,Customer,CUST00077,Lost Customers,MEDIUM,Send a reactivation offer and highlight relevant routes or services.,Customer activity has declined significantly.
Loyalty Campaign,Customer,CUST00078,Potential Loyalists,HIGH,"Provide loyalty points, member benefits and personalized offers.",Repeated booking behavior indicates strong customer engagement.
General Engagement,Customer,CUST00079,Need Attention,LOW,Send personalized service updates and relevant offers.,Maintain customer engagement without excessive marketing cost.
General Engagement,Customer,CUST00080,Need Attention,LOW,Send personalized service updates and relevant offers.,Maintain customer engagement without excessive marketing cost.
Second Booking Campaign,Customer,CUST00081,New Customers,MEDIUM,Offer a first-repeat booking incentive.,The customer should be encouraged to make a second booking.
Reactivation Campaign,Customer,CUST00082,Lost Customers,MEDIUM,Send a reactivation offer and highlight relevant routes or services.,Customer activity has declined significantly.
Loyalty Rewards,Customer,CUST00083,Champions,HIGH,"Offer loyalty rewards, premium benefits and referral incentives.",High-value customers are likely to respond well to retention programs.
Reactivation Campaign,Customer,CUST00084,Lost Customers,MEDIUM,Send a reactivation offer and highlight relevant routes or services.,Customer activity has declined significantly.
General Engagement,Customer,CUST00085,Big Spenders,LOW,Send personalized service updates and relevant offers.,Maintain customer engagement without excessive marketing cost.
General Engagement,Customer,CUST00086,Need Attention,LOW,Send personalized service updates and relevant offers.,Maintain customer engagement without excessive marketing cost.
General Engagement,Customer,CUST00087,Big Spenders,LOW,Send personalized service updates and relevant offers.,Maintain customer engagement without excessive marketing cost.
General Engagement,Customer,CUST00088,Big Spenders,LOW,Send personalized service updates and relevant offers.,Maintain customer engagement without excessive marketing cost.
Reactivation Campaign,Customer,CUST00089,Lost Customers,MEDIUM,Send a reactivation offer and highlight relevant routes or services.,Customer activity has declined significantly.
Reactivation Campaign,Customer,CUST00090,Lost Customers,MEDIUM,Send a reactivation offer and highlight relevant routes or services.,Customer activity has declined significantly.
Loyalty Campaign,Customer,CUST00091,Loyal Customers,HIGH,"Provide loyalty points, member benefits and personalized offers.",Repeated booking behavior indicates strong customer engagement.
General Engagement,Customer,CUST00092,Need Attention,LOW,Send personalized service updates and relevant offers.,Maintain customer engagement without excessive marketing cost.
Loyalty Campaign,Customer,CUST00093,Potential Loyalists,HIGH,"Provide loyalty points, member benefits and personalized offers.",Repeated booking behavior indicates strong customer engagement.
Reactivation Campaign,Customer,CUST00095,Lost Customers,MEDIUM,Send a reactivation offer and highlight relevant routes or services.,Customer activity has declined significantly.
Second Booking Campaign,Customer,CUST00096,New Customers,MEDIUM,Offer a first-repeat booking incentive.,The customer should be encouraged to make a second booking.
Win-back Campaign,Customer,CUST00097,At Risk,HIGH,Launch a personalized win-back campaign with a targeted discount.,Customer activity indicates potential churn risk.
General Engagement,Customer,CUST00098,Need Attention,LOW,Send personalized service updates and relevant offers.,Maintain customer engagement without excessive marketing cost.
General Engagement,Customer,CUST00099,Need Attention,LOW,Send personalized service updates and relevant offers.,Maintain customer engagement without excessive marketing cost.
General Engagement,Customer,CUST00100,Need Attention,LOW,Send personalized service updates and relevant offers.,Maintain customer engagement without excessive marketing cost.
Reactivation Campaign,Customer,CUST00101,Lost Customers,MEDIUM,Send a reactivation offer and highlight relevant routes or services.,Customer activity has declined significantly.
General Engagement,Customer,CUST00102,Big Spenders,LOW,Send personalized service updates and relevant offers.,Maintain customer engagement without excessive marketing cost.
General Engagement,Customer,CUST00103,Need Attention,LOW,Send personalized service updates and relevant offers.,Maintain customer engagement without excessive marketing cost.
Second Booking Campaign,Customer,CUST00104,New Customers,MEDIUM,Offer a first-repeat booking incentive.,The customer should be encouraged to make a second booking.
Loyalty Campaign,Customer,CUST00105,Loyal Customers,HIGH,"Provide loyalty points, member benefits and personalized offers.",Repeated booking behavior indicates strong customer engagement.
Win-back Campaign,Customer,CUST00106,At Risk,HIGH,Launch a personalized win-back campaign with a targeted discount.,Customer activity indicates potential churn risk.
Loyalty Campaign,Customer,CUST00107,Potential Loyalists,HIGH,"Provide loyalty points, member benefits and personalized offers.",Repeated booking behavior indicates strong customer engagement.
Loyalty Campaign,Customer,CUST00108,Potential Loyalists,HIGH,"Provide loyalty points, member benefits and personalized offers.",Repeated booking behavior indicates strong customer engagement.
General Engagement,Customer,CUST00110,Need Attention,LOW,Send personalized service updates and relevant offers.,Maintain customer engagement without excessive marketing cost.
Win-back Campaign,Customer,CUST00111,At Risk,HIGH,Launch a personalized win-back campaign with a targeted discount.,Customer activity indicates potential churn risk.
General Engagement,Customer,CUST00112,Big Spenders,LOW,Send personalized service updates and relevant offers.,Maintain customer engagement without excessive marketing cost.
Win-back Campaign,Customer,CUST00113,At Risk,HIGH,Launch a personalized win-back campaign with a targeted discount.,Customer activity indicates potential churn risk.
General Engagement,Customer,CUST00114,Need Attention,LOW,Send personalized service updates and relevant offers.,Maintain customer engagement without excessive marketing cost.
Reactivation Campaign,Customer,CUST00115,Lost Customers,MEDIUM,Send a reactivation offer and highlight relevant routes or services.,Customer activity has declined significantly.
General Engagement,Customer,CUST00116,Need Attention,LOW,Send personalized service updates and relevant offers.,Maintain customer engagement without excessive marketing cost.
Win-back Campaign,Customer,CUST00117,At Risk,HIGH,Launch a personalized win-back campaign with a targeted discount.,Customer activity indicates potential churn risk.
Loyalty Rewards,Customer,CUST00118,Champions,HIGH,"Offer loyalty rewards, premium benefits and referral incentives.",High-value customers are likely to respond well to retention programs.
Loyalty Rewards,Customer,CUST00119,Champions,HIGH,"Offer loyalty rewards, premium benefits and referral incentives.",High-value customers are likely to respond well to retention programs.
General Engagement,Customer,CUST00120,Big Spenders,LOW,Send personalized service updates and relevant offers.,Maintain customer engagement without excessive marketing cost.
Reactivation Campaign,Customer,CUST00121,Lost Customers,MEDIUM,Send a reactivation offer and highlight relevant routes or services.,Customer activity has declined significantly.
General Engagement,Customer,CUST00122,Big Spenders,LOW,Send personalized service updates and relevant offers.,Maintain customer engagement without excessive marketing cost.
General Engagement,Customer,CUST00123,Big Spenders,LOW,Send personalized service updates and relevant offers.,Maintain customer engagement without excessive marketing cost.
Loyalty Campaign,Customer,CUST00124,Potential Loyalists,HIGH,"Provide loyalty points, member benefits and personalized offers.",Repeated booking behavior indicates strong customer engagement.
Reactivation Campaign,Customer,CUST00125,Lost Customers,MEDIUM,Send a reactivation offer and highlight relevant routes or services.,Customer activity has declined significantly.
General Engagement,Customer,CUST00126,Big Spenders,LOW,Send personalized service updates and relevant offers.,Maintain customer engagement without excessive marketing cost.
Loyalty Rewards,Customer,CUST00127,Champions,HIGH,"Offer loyalty rewards, premium benefits and referral incentives.",High-value customers are likely to respond well to retention programs.
Second Booking Campaign,Customer,CUST00128,New Customers,MEDIUM,Offer a first-repeat booking incentive.,The customer should be encouraged to make a second booking.
Loyalty Rewards,Customer,CUST00129,Champions,HIGH,"Offer loyalty rewards, premium benefits and referral incentives.",High-value customers are likely to respond well to retention programs.
General Engagement,Customer,CUST00130,Need Attention,LOW,Send personalized service updates and relevant offers.,Maintain customer engagement without excessive marketing cost.
Second Booking Campaign,Customer,CUST00132,New Customers,MEDIUM,Offer a first-repeat booking incentive.,The customer should be encouraged to make a second booking.
General Engagement,Customer,CUST00133,Need Attention,LOW,Send personalized service updates and relevant offers.,Maintain customer engagement without excessive marketing cost.
Win-back Campaign,Customer,CUST00134,At Risk,HIGH,Launch a personalized win-back campaign with a targeted discount.,Customer activity indicates potential churn risk.
Loyalty Rewards,Customer,CUST00135,Champions,HIGH,"Offer loyalty rewards, premium benefits and referral incentives.",High-value customers are likely to respond well to retention programs.
Reactivation Campaign,Customer,CUST00136,Lost Customers,MEDIUM,Send a reactivation offer and highlight relevant routes or services.,Customer activity has declined significantly.
General Engagement,Customer,CUST00137,Need Attention,LOW,Send personalized service updates and relevant offers.,Maintain customer engagement without excessive marketing cost.
Reactivation Campaign,Customer,CUST00138,Lost Customers,MEDIUM,Send a reactivation offer and highlight relevant routes or services.,Customer activity has declined significantly.
Win-back Campaign,Customer,CUST00139,At Risk,HIGH,Launch a personalized win-back campaign with a targeted discount.,Customer activity indicates potential churn risk.
Win-back Campaign,Customer,CUST00140,At Risk,HIGH,Launch a personalized win-back campaign with a targeted discount.,Customer activity indicates potential churn risk.
Reactivation Campaign,Customer,CUST00141,Lost Customers,MEDIUM,Send a reactivation offer and highlight relevant routes or services.,Customer activity has declined significantly.
Win-back Campaign,Customer,CUST00142,At Risk,HIGH,Launch a personalized win-back campaign with a targeted discount.,Customer activity indicates potential churn risk.
General Engagement,Customer,CUST00143,Need Attention,LOW,Send personalized service updates and relevant offers.,Maintain customer engagement without excessive marketing cost.
Loyalty Rewards,Customer,CUST00144,Champions,HIGH,"Offer loyalty rewards, premium benefits and referral incentives.",High-value customers are likely to respond well to retention programs.
General Engagement,Customer,CUST00145,Need Attention,LOW,Send personalized service updates and relevant offers.,Maintain customer engagement without excessive marketing cost.
Loyalty Rewards,Customer,CUST00146,Champions,HIGH,"Offer loyalty rewards, premium benefits and referral incentives.",High-value customers are likely to respond well to retention programs.
Win-back Campaign,Customer,CUST00147,At Risk,HIGH,Launch a personalized win-back campaign with a targeted discount.,Customer activity indicates potential churn risk.
General Engagement,Customer,CUST00148,Need Attention,LOW,Send personalized service updates and relevant offers.,Maintain customer engagement without excessive marketing cost.
Reactivation Campaign,Customer,CUST00149,Lost Customers,MEDIUM,Send a reactivation offer and highlight relevant routes or services.,Customer activity has declined significantly.
Loyalty Campaign,Customer,CUST00150,Loyal Customers,HIGH,"Provide loyalty points, member benefits and personalized offers.",Repeated booking behavior indicates strong customer engagement.
Loyalty Campaign,Customer,CUST00152,Potential Loyalists,HIGH,"Provide loyalty points, member benefits and personalized offers.",Repeated booking behavior indicates strong customer engagement.
Win-back Campaign,Customer,CUST00153,At Risk,HIGH,Launch a personalized win-back campaign with a targeted discount.,Customer activity indicates potential churn risk.
Loyalty Rewards,Customer,CUST00154,Champions,HIGH,"Offer loyalty rewards, premium benefits and referral incentives.",High-value customers are likely to respond well to retention programs.
Reactivation Campaign,Customer,CUST00155,Lost Customers,MEDIUM,Send a reactivation offer and highlight relevant routes or services.,Customer activity has declined significantly.
Second Booking Campaign,Customer,CUST00156,New Customers,MEDIUM,Offer a first-repeat booking incentive.,The customer should be encouraged to make a second booking.
General Engagement,Customer,CUST00157,Need Attention,LOW,Send personalized service updates and relevant offers.,Maintain customer engagement without excessive marketing cost.
Second Booking Campaign,Customer,CUST00158,New Customers,MEDIUM,Offer a first-repeat booking incentive.,The customer should be encouraged to make a second booking.
General Engagement,Customer,CUST00159,Need Attention,LOW,Send personalized service updates and relevant offers.,Maintain customer engagement without excessive marketing cost.
General Engagement,Customer,CUST00160,Big Spenders,LOW,Send personalized service updates and relevant offers.,Maintain customer engagement without excessive marketing cost.
Reactivation Campaign,Customer,CUST00161,Lost Customers,MEDIUM,Send a reactivation offer and highlight relevant routes or services.,Customer activity has declined significantly.
Loyalty Campaign,Customer,CUST00162,Loyal Customers,HIGH,"Provide loyalty points, member benefits and personalized offers.",Repeated booking behavior indicates strong customer engagement.
General Engagement,Customer,CUST00163,Big Spenders,LOW,Send personalized service updates and relevant offers.,Maintain customer engagement without excessive marketing cost.
General Engagement,Customer,CUST00165,Need Attention,LOW,Send personalized service updates and relevant offers.,Maintain customer engagement without excessive marketing cost.
Reactivation Campaign,Customer,CUST00166,Lost Customers,MEDIUM,Send a reactivation offer and highlight relevant routes or services.,Customer activity has declined significantly.
Reactivation Campaign,Customer,CUST00167,Lost Customers,MEDIUM,Send a reactivation offer and highlight relevant routes or services.,Customer activity has declined significantly.
General Engagement,Customer,CUST00168,Big Spenders,LOW,Send personalized service updates and relevant offers.,Maintain customer engagement without excessive marketing cost.
Loyalty Campaign,Customer,CUST00169,Potential Loyalists,HIGH,"Provide loyalty points, member benefits and personalized offers.",Repeated booking behavior indicates strong customer engagement.
General Engagement,Customer,CUST00170,Need Attention,LOW,Send personalized service updates and relevant offers.,Maintain customer engagement without excessive marketing cost.
Win-back Campaign,Customer,CUST00171,At Risk,HIGH,Launch a personalized win-back campaign with a targeted discount.,Customer activity indicates potential churn risk.
Reactivation Campaign,Customer,CUST00172,Lost Customers,MEDIUM,Send a reactivation offer and highlight relevant routes or services.,Customer activity has declined significantly.
General Engagement,Customer,CUST00173,Big Spenders,LOW,Send personalized service updates and relevant offers.,Maintain customer engagement without excessive marketing cost.
General Engagement,Customer,CUST00174,Big Spenders,LOW,Send personalized service updates and relevant offers.,Maintain customer engagement without excessive marketing cost.
General Engagement,Customer,CUST00175,Big Spenders,LOW,Send personalized service updates and relevant offers.,Maintain customer engagement without excessive marketing cost.
Reactivation Campaign,Customer,CUST00176,Lost Customers,MEDIUM,Send a reactivation offer and highlight relevant routes or services.,Customer activity has declined significantly.
Second Booking Campaign,Customer,CUST00177,New Customers,MEDIUM,Offer a first-repeat booking incentive.,The customer should be encouraged to make a second booking.
General Engagement,Customer,CUST00178,Need Attention,LOW,Send personalized service updates and relevant offers.,Maintain customer engagement without excessive marketing cost.
General Engagement,Customer,CUST00179,Need Attention,LOW,Send personalized service updates and relevant offers.,Maintain customer engagement without excessive marketing cost.
Win-back Campaign,Customer,CUST00180,At Risk,HIGH,Launch a personalized win-back campaign with a targeted discount.,Customer activity indicates potential churn risk.
Loyalty Rewards,Customer,CUST00181,Champions,HIGH,"Offer loyalty rewards, premium benefits and referral incentives.",High-value customers are likely to respond well to retention programs.
Reactivation Campaign,Customer,CUST00182,Lost Customers,MEDIUM,Send a reactivation offer and highlight relevant routes or services.,Customer activity has declined significantly.
Loyalty Campaign,Customer,CUST00183,Potential Loyalists,HIGH,"Provide loyalty points, member benefits and personalized offers.",Repeated booking behavior indicates strong customer engagement.
General Engagement,Customer,CUST00184,Need Attention,LOW,Send personalized service updates and relevant offers.,Maintain customer engagement without excessive marketing cost.
Loyalty Campaign,Customer,CUST00185,Potential Loyalists,HIGH,"Provide loyalty points, member benefits and personalized offers.",Repeated booking behavior indicates strong customer engagement.
Reactivation Campaign,Customer,CUST00186,Lost Customers,MEDIUM,Send a reactivation offer and highlight relevant routes or services.,Customer activity has declined significantly.
Reactivation Campaign,Customer,CUST00187,Lost Customers,MEDIUM,Send a reactivation offer and highlight relevant routes or services.,Customer activity has declined significantly.
Loyalty Campaign,Customer,CUST00188,Potential Loyalists,HIGH,"Provide loyalty points, member benefits and personalized offers.",Repeated booking behavior indicates strong customer engagement.
Second Booking Campaign,Customer,CUST00189,New Customers,MEDIUM,Offer a first-repeat booking incentive.,The customer should be encouraged to make a second booking.
Loyalty Rewards,Customer,CUST00190,Champions,HIGH,"Offer loyalty rewards, premium benefits and referral incentives.",High-value customers are likely to respond well to retention programs.
Win-back Campaign,Customer,CUST00191,At Risk,HIGH,Launch a personalized win-back campaign with a targeted discount.,Customer activity indicates potential churn risk.
Loyalty Rewards,Customer,CUST00192,Champions,HIGH,"Offer loyalty rewards, premium benefits and referral incentives.",High-value customers are likely to respond well to retention programs.
Win-back Campaign,Customer,CUST00193,At Risk,HIGH,Launch a personalized win-back campaign with a targeted discount.,Customer activity indicates potential churn risk.
Reactivation Campaign,Customer,CUST00194,Lost Customers,MEDIUM,Send a reactivation offer and highlight relevant routes or services.,Customer activity has declined significantly.
Second Booking Campaign,Customer,CUST00196,New Customers,MEDIUM,Offer a first-repeat booking incentive.,The customer should be encouraged to make a second booking.
General Engagement,Customer,CUST00197,Need Attention,LOW,Send personalized service updates and relevant offers.,Maintain customer engagement without excessive marketing cost.
General Engagement,Customer,CUST00198,Big Spenders,LOW,Send personalized service updates and relevant offers.,Maintain customer engagement without excessive marketing cost.
General Engagement,Customer,CUST00199,Need Attention,LOW,Send personalized service updates and relevant offers.,Maintain customer engagement without excessive marketing cost.
Loyalty Rewards,Customer,CUST00200,Champions,HIGH,"Offer loyalty rewards, premium benefits and referral incentives.",High-value customers are likely to respond well to retention programs.
Win-back Campaign,Customer,CUST00201,At Risk,HIGH,Launch a personalized win-back campaign with a targeted discount.,Customer activity indicates potential churn risk.
Loyalty Rewards,Customer,CUST00202,Champions,HIGH,"Offer loyalty rewards, premium benefits and referral incentives.",High-value customers are likely to respond well to retention programs.
General Engagement,Customer,CUST00203,Need Attention,LOW,Send personalized service updates and relevant offers.,Maintain customer engagement without excessive marketing cost.
General Engagement,Customer,CUST00204,Big Spenders,LOW,Send personalized service updates and relevant offers.,Maintain customer engagement without excessive marketing cost.
General Engagement,Customer,CUST00205,Big Spenders,LOW,Send personalized service updates and relevant offers.,Maintain customer engagement without excessive marketing cost.
Loyalty Rewards,Customer,CUST00206,Champions,HIGH,"Offer loyalty rewards, premium benefits and referral incentives.",High-value customers are likely to respond well to retention programs.
Reactivation Campaign,Customer,CUST00207,Lost Customers,MEDIUM,Send a reactivation offer and highlight relevant routes or services.,Customer activity has declined significantly.
General Engagement,Customer,CUST00208,Big Spenders,LOW,Send personalized service updates and relevant offers.,Maintain customer engagement without excessive marketing cost.
Loyalty Rewards,Customer,CUST00209,Champions,HIGH,"Offer loyalty rewards, premium benefits and referral incentives.",High-value customers are likely to respond well to retention programs.
Reactivation Campaign,Customer,CUST00210,Lost Customers,MEDIUM,Send a reactivation offer and highlight relevant routes or services.,Customer activity has declined significantly.
General Engagement,Customer,CUST00211,Need Attention,LOW,Send personalized service updates and relevant offers.,Maintain customer engagement without excessive marketing cost.
Win-back Campaign,Customer,CUST00212,At Risk,HIGH,Launch a personalized win-back campaign with a targeted discount.,Customer activity indicates potential churn risk.
General Engagement,Customer,CUST00213,Need Attention,LOW,Send personalized service updates and relevant offers.,Maintain customer engagement without excessive marketing cost.
Reactivation Campaign,Customer,CUST00214,Lost Customers,MEDIUM,Send a reactivation offer and highlight relevant routes or services.,Customer activity has declined significantly.
General Engagement,Customer,CUST00215,Need Attention,LOW,Send personalized service updates and relevant offers.,Maintain customer engagement without excessive marketing cost.
Loyalty Rewards,Customer,CUST00217,Champions,HIGH,"Offer loyalty rewards, premium benefits and referral incentives.",High-value customers are likely to respond well to retention programs.
Loyalty Rewards,Customer,CUST00218,Champions,HIGH,"Offer loyalty rewards, premium benefits and referral incentives.",High-value customers are likely to respond well to retention programs.
Reactivation Campaign,Customer,CUST00219,Lost Customers,MEDIUM,Send a reactivation offer and highlight relevant routes or services.,Customer activity has declined significantly.
Second Booking Campaign,Customer,CUST00220,New Customers,MEDIUM,Offer a first-repeat booking incentive.,The customer should be encouraged to make a second booking.
Reactivation Campaign,Customer,CUST00221,Lost Customers,MEDIUM,Send a reactivation offer and highlight relevant routes or services.,Customer activity has declined significantly.
General Engagement,Customer,CUST00222,Big Spenders,LOW,Send personalized service updates and relevant offers.,Maintain customer engagement without excessive marketing cost.
Win-back Campaign,Customer,CUST00223,At Risk,HIGH,Launch a personalized win-back campaign with a targeted discount.,Customer activity indicates potential churn risk.
Reactivation Campaign,Customer,CUST00224,Lost Customers,MEDIUM,Send a reactivation offer and highlight relevant routes or services.,Customer activity has declined significantly.
Win-back Campaign,Customer,CUST00225,At Risk,HIGH,Launch a personalized win-back campaign with a targeted discount.,Customer activity indicates potential churn risk.
General Engagement,Customer,CUST00226,Need Attention,LOW,Send personalized service updates and relevant offers.,Maintain customer engagement without excessive marketing cost.
General Engagement,Customer,CUST00227,Need Attention,LOW,Send personalized service updates and relevant offers.,Maintain customer engagement without excessive marketing cost.
Loyalty Rewards,Customer,CUST00228,Champions,HIGH,"Offer loyalty rewards, premium benefits and referral incentives.",High-value customers are likely to respond well to retention programs.
General Engagement,Customer,CUST00229,Need Attention,LOW,Send personalized service updates and relevant offers.,Maintain customer engagement without excessive marketing cost.
General Engagement,Customer,CUST00230,Need Attention,LOW,Send personalized service updates and relevant offers.,Maintain customer engagement without excessive marketing cost.
Loyalty Rewards,Customer,CUST00231,Champions,HIGH,"Offer loyalty rewards, premium benefits and referral incentives.",High-value customers are likely to respond well to retention programs.
Loyalty Campaign,Customer,CUST00232,Loyal Customers,HIGH,"Provide loyalty points, member benefits and personalized offers.",Repeated booking behavior indicates strong customer engagement.
Loyalty Campaign,Customer,CUST00233,Potential Loyalists,HIGH,"Provide loyalty points, member benefits and personalized offers.",Repeated booking behavior indicates strong customer engagement.
Loyalty Rewards,Customer,CUST00234,Champions,HIGH,"Offer loyalty rewards, premium benefits and referral incentives.",High-value customers are likely to respond well to retention programs.
Loyalty Campaign,Customer,CUST00235,Potential Loyalists,HIGH,"Provide loyalty points, member benefits and personalized offers.",Repeated booking behavior indicates strong customer engagement.
Win-back Campaign,Customer,CUST00236,At Risk,HIGH,Launch a personalized win-back campaign with a targeted discount.,Customer activity indicates potential churn risk.
Loyalty Campaign,Customer,CUST00237,Potential Loyalists,HIGH,"Provide loyalty points, member benefits and personalized offers.",Repeated booking behavior indicates strong customer engagement.
Reactivation Campaign,Customer,CUST00238,Lost Customers,MEDIUM,Send a reactivation offer and highlight relevant routes or services.,Customer activity has declined significantly.
Loyalty Rewards,Customer,CUST00239,Champions,HIGH,"Offer loyalty rewards, premium benefits and referral incentives.",High-value customers are likely to respond well to retention programs.
Loyalty Campaign,Customer,CUST00240,Loyal Customers,HIGH,"Provide loyalty points, member benefits and personalized offers.",Repeated booking behavior indicates strong customer engagement.
Loyalty Campaign,Customer,CUST00241,Potential Loyalists,HIGH,"Provide loyalty points, member benefits and personalized offers.",Repeated booking behavior indicates strong customer engagement.
General Engagement,Customer,CUST00242,Big Spenders,LOW,Send personalized service updates and relevant offers.,Maintain customer engagement without excessive marketing cost.
Loyalty Campaign,Customer,CUST00243,Loyal Customers,HIGH,"Provide loyalty points, member benefits and personalized offers.",Repeated booking behavior indicates strong customer engagement.
General Engagement,Customer,CUST00245,Big Spenders,LOW,Send personalized service updates and relevant offers.,Maintain customer engagement without excessive marketing cost.
General Engagement,Customer,CUST00246,Need Attention,LOW,Send personalized service updates and relevant offers.,Maintain customer engagement without excessive marketing cost.
General Engagement,Customer,CUST00247,Need Attention,LOW,Send personalized service updates and relevant offers.,Maintain customer engagement without excessive marketing cost.
General Engagement,Customer,CUST00248,Need Attention,LOW,Send personalized service updates and relevant offers.,Maintain customer engagement without excessive marketing cost.
General Engagement,Customer,CUST00249,Need Attention,LOW,Send personalized service updates and relevant offers.,Maintain customer engagement without excessive marketing cost.
Reactivation Campaign,Customer,CUST00250,Lost Customers,MEDIUM,Send a reactivation offer and highlight relevant routes or services.,Customer activity has declined significantly.
Loyalty Campaign,Customer,CUST00251,Potential Loyalists,HIGH,"Provide loyalty points, member benefits and personalized offers.",Repeated booking behavior indicates strong customer engagement.
Loyalty Campaign,Customer,CUST00252,Loyal Customers,HIGH,"Provide loyalty points, member benefits and personalized offers.",Repeated booking behavior indicates strong customer engagement.
Win-back Campaign,Customer,CUST00253,At Risk,HIGH,Launch a personalized win-back campaign with a targeted discount.,Customer activity indicates potential churn risk.
Reactivation Campaign,Customer,CUST00254,Lost Customers,MEDIUM,Send a reactivation offer and highlight relevant routes or services.,Customer activity has declined significantly.
General Engagement,Customer,CUST00255,Need Attention,LOW,Send personalized service updates and relevant offers.,Maintain customer engagement without excessive marketing cost.
Loyalty Campaign,Customer,CUST00256,Potential Loyalists,HIGH,"Provide loyalty points, member benefits and personalized offers.",Repeated booking behavior indicates strong customer engagement.
Reactivation Campaign,Customer,CUST00257,Lost Customers,MEDIUM,Send a reactivation offer and highlight relevant routes or services.,Customer activity has declined significantly.
Win-back Campaign,Customer,CUST00258,At Risk,HIGH,Launch a personalized win-back campaign with a targeted discount.,Customer activity indicates potential churn risk.
Loyalty Campaign,Customer,CUST00259,Potential Loyalists,HIGH,"Provide loyalty points, member benefits and personalized offers.",Repeated booking behavior indicates strong customer engagement.
Loyalty Campaign,Customer,CUST00260,Potential Loyalists,HIGH,"Provide loyalty points, member benefits and personalized offers.",Repeated booking behavior indicates strong customer engagement.
Loyalty Rewards,Customer,CUST00262,Champions,HIGH,"Offer loyalty rewards, premium benefits and referral incentives.",High-value customers are likely to respond well to retention programs.
Loyalty Rewards,Customer,CUST00263,Champions,HIGH,"Offer loyalty rewards, premium benefits and referral incentives.",High-value customers are likely to respond well to retention programs.
Reactivation Campaign,Customer,CUST00264,Lost Customers,MEDIUM,Send a reactivation offer and highlight relevant routes or services.,Customer activity has declined significantly.
Loyalty Rewards,Customer,CUST00265,Champions,HIGH,"Offer loyalty rewards, premium benefits and referral incentives.",High-value customers are likely to respond well to retention programs.
Loyalty Campaign,Customer,CUST00266,Potential Loyalists,HIGH,"Provide loyalty points, member benefits and personalized offers.",Repeated booking behavior indicates strong customer engagement.
Loyalty Campaign,Customer,CUST00267,Loyal Customers,HIGH,"Provide loyalty points, member benefits and personalized offers.",Repeated booking behavior indicates strong customer engagement.
General Engagement,Customer,CUST00268,Need Attention,LOW,Send personalized service updates and relevant offers.,Maintain customer engagement without excessive marketing cost.
General Engagement,Customer,CUST00269,Need Attention,LOW,Send personalized service updates and relevant offers.,Maintain customer engagement without excessive marketing cost.
General Engagement,Customer,CUST00271,Need Attention,LOW,Send personalized service updates and relevant offers.,Maintain customer engagement without excessive marketing cost.
General Engagement,Customer,CUST00272,Need Attention,LOW,Send personalized service updates and relevant offers.,Maintain customer engagement without excessive marketing cost.
Loyalty Rewards,Customer,CUST00273,Champions,HIGH,"Offer loyalty rewards, premium benefits and referral incentives.",High-value customers are likely to respond well to retention programs.
Reactivation Campaign,Customer,CUST00274,Lost Customers,MEDIUM,Send a reactivation offer and highlight relevant routes or services.,Customer activity has declined significantly.
Loyalty Campaign,Customer,CUST00275,Potential Loyalists,HIGH,"Provide loyalty points, member benefits and personalized offers.",Repeated booking behavior indicates strong customer engagement.
Reactivation Campaign,Customer,CUST00276,Lost Customers,MEDIUM,Send a reactivation offer and highlight relevant routes or services.,Customer activity has declined significantly.
General Engagement,Customer,CUST00277,Need Attention,LOW,Send personalized service updates and relevant offers.,Maintain customer engagement without excessive marketing cost.
Reactivation Campaign,Customer,CUST00278,Lost Customers,MEDIUM,Send a reactivation offer and highlight relevant routes or services.,Customer activity has declined significantly.
General Engagement,Customer,CUST00279,Need Attention,LOW,Send personalized service updates and relevant offers.,Maintain customer engagement without excessive marketing cost.
Loyalty Rewards,Customer,CUST00280,Champions,HIGH,"Offer loyalty rewards, premium benefits and referral incentives.",High-value customers are likely to respond well to retention programs.
Second Booking Campaign,Customer,CUST00281,New Customers,MEDIUM,Offer a first-repeat booking incentive.,The customer should be encouraged to make a second booking.
Loyalty Campaign,Customer,CUST00282,Potential Loyalists,HIGH,"Provide loyalty points, member benefits and personalized offers.",Repeated booking behavior indicates strong customer engagement.
Loyalty Rewards,Customer,CUST00283,Champions,HIGH,"Offer loyalty rewards, premium benefits and referral incentives.",High-value customers are likely to respond well to retention programs.
General Engagement,Customer,CUST00284,Need Attention,LOW,Send personalized service updates and relevant offers.,Maintain customer engagement without excessive marketing cost.
General Engagement,Customer,CUST00285,Need Attention,LOW,Send personalized service updates and relevant offers.,Maintain customer engagement without excessive marketing cost.
Loyalty Campaign,Customer,CUST00286,Potential Loyalists,HIGH,"Provide loyalty points, member benefits and personalized offers.",Repeated booking behavior indicates strong customer engagement.
Second Booking Campaign,Customer,CUST00287,New Customers,MEDIUM,Offer a first-repeat booking incentive.,The customer should be encouraged to make a second booking.
Second Booking Campaign,Customer,CUST00288,New Customers,MEDIUM,Offer a first-repeat booking incentive.,The customer should be encouraged to make a second booking.
Win-back Campaign,Customer,CUST00289,At Risk,HIGH,Launch a personalized win-back campaign with a targeted discount.,Customer activity indicates potential churn risk.
Loyalty Campaign,Customer,CUST00290,Loyal Customers,HIGH,"Provide loyalty points, member benefits and personalized offers.",Repeated booking behavior indicates strong customer engagement.
Second Booking Campaign,Customer,CUST00291,New Customers,MEDIUM,Offer a first-repeat booking incentive.,The customer should be encouraged to make a second booking.
General Engagement,Customer,CUST00292,Big Spenders,LOW,Send personalized service updates and relevant offers.,Maintain customer engagement without excessive marketing cost.
Reactivation Campaign,Customer,CUST00293,Lost Customers,MEDIUM,Send a reactivation offer and highlight relevant routes or services.,Customer activity has declined significantly.
Reactivation Campaign,Customer,CUST00294,Lost Customers,MEDIUM,Send a reactivation offer and highlight relevant routes or services.,Customer activity has declined significantly.
General Engagement,Customer,CUST00295,Big Spenders,LOW,Send personalized service updates and relevant offers.,Maintain customer engagement without excessive marketing cost.
Second Booking Campaign,Customer,CUST00296,New Customers,MEDIUM,Offer a first-repeat booking incentive.,The customer should be encouraged to make a second booking.
Reactivation Campaign,Customer,CUST00297,Lost Customers,MEDIUM,Send a reactivation offer and highlight relevant routes or services.,Customer activity has declined significantly.
General Engagement,Customer,CUST00298,Need Attention,LOW,Send personalized service updates and relevant offers.,Maintain customer engagement without excessive marketing cost.
Reactivation Campaign,Customer,CUST00299,Lost Customers,MEDIUM,Send a reactivation offer and highlight relevant routes or services.,Customer activity has declined significantly.
General Engagement,Customer,CUST00300,Need Attention,LOW,Send personalized service updates and relevant offers.,Maintain customer engagement without excessive marketing cost.
General Engagement,Customer,CUST00301,Need Attention,LOW,Send personalized service updates and relevant offers.,Maintain customer engagement without excessive marketing cost.
General Engagement,Customer,CUST00302,Big Spenders,LOW,Send personalized service updates and relevant offers.,Maintain customer engagement without excessive marketing cost.
Reactivation Campaign,Customer,CUST00303,Lost Customers,MEDIUM,Send a reactivation offer and highlight relevant routes or services.,Customer activity has declined significantly.
Reactivation Campaign,Customer,CUST00304,Lost Customers,MEDIUM,Send a reactivation offer and highlight relevant routes or services.,Customer activity has declined significantly.
Loyalty Campaign,Customer,CUST00305,Potential Loyalists,HIGH,"Provide loyalty points, member benefits and personalized offers.",Repeated booking behavior indicates strong customer engagement.
Loyalty Campaign,Customer,CUST00306,Potential Loyalists,HIGH,"Provide loyalty points, member benefits and personalized offers.",Repeated booking behavior indicates strong customer engagement.
Loyalty Rewards,Customer,CUST00307,Champions,HIGH,"Offer loyalty rewards, premium benefits and referral incentives.",High-value customers are likely to respond well to retention programs.
Loyalty Campaign,Customer,CUST00308,Loyal Customers,HIGH,"Provide loyalty points, member benefits and personalized offers.",Repeated booking behavior indicates strong customer engagement.
Loyalty Rewards,Customer,CUST00309,Champions,HIGH,"Offer loyalty rewards, premium benefits and referral incentives.",High-value customers are likely to respond well to retention programs.
General Engagement,Customer,CUST00310,Need Attention,LOW,Send personalized service updates and relevant offers.,Maintain customer engagement without excessive marketing cost.
General Engagement,Customer,CUST00311,Big Spenders,LOW,Send personalized service updates and relevant offers.,Maintain customer engagement without excessive marketing cost.
Reactivation Campaign,Customer,CUST00312,Lost Customers,MEDIUM,Send a reactivation offer and highlight relevant routes or services.,Customer activity has declined significantly.
Reactivation Campaign,Customer,CUST00313,Lost Customers,MEDIUM,Send a reactivation offer and highlight relevant routes or services.,Customer activity has declined significantly.
Win-back Campaign,Customer,CUST00314,At Risk,HIGH,Launch a personalized win-back campaign with a targeted discount.,Customer activity indicates potential churn risk.
Reactivation Campaign,Customer,CUST00315,Lost Customers,MEDIUM,Send a reactivation offer and highlight relevant routes or services.,Customer activity has declined significantly.
Win-back Campaign,Customer,CUST00316,At Risk,HIGH,Launch a personalized win-back campaign with a targeted discount.,Customer activity indicates potential churn risk.
Loyalty Campaign,Customer,CUST00317,Loyal Customers,HIGH,"Provide loyalty points, member benefits and personalized offers.",Repeated booking behavior indicates strong customer engagement.
General Engagement,Customer,CUST00318,Need Attention,LOW,Send personalized service updates and relevant offers.,Maintain customer engagement without excessive marketing cost.
General Engagement,Customer,CUST00319,Need Attention,LOW,Send personalized service updates and relevant offers.,Maintain customer engagement without excessive marketing cost.
Loyalty Campaign,Customer,CUST00320,Potential Loyalists,HIGH,"Provide loyalty points, member benefits and personalized offers.",Repeated booking behavior indicates strong customer engagement.
General Engagement,Customer,CUST00321,Need Attention,LOW,Send personalized service updates and relevant offers.,Maintain customer engagement without excessive marketing cost.
Reactivation Campaign,Customer,CUST00322,Lost Customers,MEDIUM,Send a reactivation offer and highlight relevant routes or services.,Customer activity has declined significantly.
Loyalty Campaign,Customer,CUST00323,Loyal Customers,HIGH,"Provide loyalty points, member benefits and personalized offers.",Repeated booking behavior indicates strong customer engagement.
General Engagement,Customer,CUST00324,Need Attention,LOW,Send personalized service updates and relevant offers.,Maintain customer engagement without excessive marketing cost.
Loyalty Rewards,Customer,CUST00325,Champions,HIGH,"Offer loyalty rewards, premium benefits and referral incentives.",High-value customers are likely to respond well to retention programs.
Second Booking Campaign,Customer,CUST00326,New Customers,MEDIUM,Offer a first-repeat booking incentive.,The customer should be encouraged to make a second booking.
Win-back Campaign,Customer,CUST00327,At Risk,HIGH,Launch a personalized win-back campaign with a targeted discount.,Customer activity indicates potential churn risk.
General Engagement,Customer,CUST00329,Need Attention,LOW,Send personalized service updates and relevant offers.,Maintain customer engagement without excessive marketing cost.
Loyalty Campaign,Customer,CUST00330,Loyal Customers,HIGH,"Provide loyalty points, member benefits and personalized offers.",Repeated booking behavior indicates strong customer engagement.
General Engagement,Customer,CUST00331,Big Spenders,LOW,Send personalized service updates and relevant offers.,Maintain customer engagement without excessive marketing cost.
Reactivation Campaign,Customer,CUST00333,Lost Customers,MEDIUM,Send a reactivation offer and highlight relevant routes or services.,Customer activity has declined significantly.
General Engagement,Customer,CUST00334,Need Attention,LOW,Send personalized service updates and relevant offers.,Maintain customer engagement without excessive marketing cost.
Second Booking Campaign,Customer,CUST00335,New Customers,MEDIUM,Offer a first-repeat booking incentive.,The customer should be encouraged to make a second booking.
Loyalty Campaign,Customer,CUST00336,Potential Loyalists,HIGH,"Provide loyalty points, member benefits and personalized offers.",Repeated booking behavior indicates strong customer engagement.
Loyalty Campaign,Customer,CUST00337,Loyal Customers,HIGH,"Provide loyalty points, member benefits and personalized offers.",Repeated booking behavior indicates strong customer engagement.
Loyalty Rewards,Customer,CUST00340,Champions,HIGH,"Offer loyalty rewards, premium benefits and referral incentives.",High-value customers are likely to respond well to retention programs.
Loyalty Rewards,Customer,CUST00341,Champions,HIGH,"Offer loyalty rewards, premium benefits and referral incentives.",High-value customers are likely to respond well to retention programs.
Second Booking Campaign,Customer,CUST00342,New Customers,MEDIUM,Offer a first-repeat booking incentive.,The customer should be encouraged to make a second booking.
Win-back Campaign,Customer,CUST00343,At Risk,HIGH,Launch a personalized win-back campaign with a targeted discount.,Customer activity indicates potential churn risk.
Second Booking Campaign,Customer,CUST00344,New Customers,MEDIUM,Offer a first-repeat booking incentive.,The customer should be encouraged to make a second booking.
Loyalty Rewards,Customer,CUST00345,Champions,HIGH,"Offer loyalty rewards, premium benefits and referral incentives.",High-value customers are likely to respond well to retention programs.
Reactivation Campaign,Customer,CUST00346,Lost Customers,MEDIUM,Send a reactivation offer and highlight relevant routes or services.,Customer activity has declined significantly.
Loyalty Rewards,Customer,CUST00347,Champions,HIGH,"Offer loyalty rewards, premium benefits and referral incentives.",High-value customers are likely to respond well to retention programs.
Loyalty Rewards,Customer,CUST00348,Champions,HIGH,"Offer loyalty rewards, premium benefits and referral incentives.",High-value customers are likely to respond well to retention programs.
Reactivation Campaign,Customer,CUST00349,Lost Customers,MEDIUM,Send a reactivation offer and highlight relevant routes or services.,Customer activity has declined significantly.
General Engagement,Customer,CUST00350,Need Attention,LOW,Send personalized service updates and relevant offers.,Maintain customer engagement without excessive marketing cost.
Reactivation Campaign,Customer,CUST00351,Lost Customers,MEDIUM,Send a reactivation offer and highlight relevant routes or services.,Customer activity has declined significantly.
General Engagement,Customer,CUST00352,Need Attention,LOW,Send personalized service updates and relevant offers.,Maintain customer engagement without excessive marketing cost.
General Engagement,Customer,CUST00353,Need Attention,LOW,Send personalized service updates and relevant offers.,Maintain customer engagement without excessive marketing cost.
General Engagement,Customer,CUST00354,Big Spenders,LOW,Send personalized service updates and relevant offers.,Maintain customer engagement without excessive marketing cost.
Win-back Campaign,Customer,CUST00355,At Risk,HIGH,Launch a personalized win-back campaign with a targeted discount.,Customer activity indicates potential churn risk.
Loyalty Rewards,Customer,CUST00356,Champions,HIGH,"Offer loyalty rewards, premium benefits and referral incentives.",High-value customers are likely to respond well to retention programs.
General Engagement,Customer,CUST00357,Big Spenders,LOW,Send personalized service updates and relevant offers.,Maintain customer engagement without excessive marketing cost.
Loyalty Campaign,Customer,CUST00358,Loyal Customers,HIGH,"Provide loyalty points, member benefits and personalized offers.",Repeated booking behavior indicates strong customer engagement.
Reactivation Campaign,Customer,CUST00359,Lost Customers,MEDIUM,Send a reactivation offer and highlight relevant routes or services.,Customer activity has declined significantly.
Reactivation Campaign,Customer,CUST00360,Lost Customers,MEDIUM,Send a reactivation offer and highlight relevant routes or services.,Customer activity has declined significantly.
General Engagement,Customer,CUST00361,Need Attention,LOW,Send personalized service updates and relevant offers.,Maintain customer engagement without excessive marketing cost.
Win-back Campaign,Customer,CUST00363,At Risk,HIGH,Launch a personalized win-back campaign with a targeted discount.,Customer activity indicates potential churn risk.
Win-back Campaign,Customer,CUST00364,At Risk,HIGH,Launch a personalized win-back campaign with a targeted discount.,Customer activity indicates potential churn risk.
Second Booking Campaign,Customer,CUST00365,New Customers,MEDIUM,Offer a first-repeat booking incentive.,The customer should be encouraged to make a second booking.
Loyalty Campaign,Customer,CUST00366,Potential Loyalists,HIGH,"Provide loyalty points, member benefits and personalized offers.",Repeated booking behavior indicates strong customer engagement.
Loyalty Campaign,Customer,CUST00367,Loyal Customers,HIGH,"Provide loyalty points, member benefits and personalized offers.",Repeated booking behavior indicates strong customer engagement.
Loyalty Rewards,Customer,CUST00368,Champions,HIGH,"Offer loyalty rewards, premium benefits and referral incentives.",High-value customers are likely to respond well to retention programs.
Reactivation Campaign,Customer,CUST00369,Lost Customers,MEDIUM,Send a reactivation offer and highlight relevant routes or services.,Customer activity has declined significantly.
Loyalty Rewards,Customer,CUST00372,Champions,HIGH,"Offer loyalty rewards, premium benefits and referral incentives.",High-value customers are likely to respond well to retention programs.
General Engagement,Customer,CUST00373,Need Attention,LOW,Send personalized service updates and relevant offers.,Maintain customer engagement without excessive marketing cost.
Loyalty Campaign,Customer,CUST00374,Loyal Customers,HIGH,"Provide loyalty points, member benefits and personalized offers.",Repeated booking behavior indicates strong customer engagement.
Reactivation Campaign,Customer,CUST00375,Lost Customers,MEDIUM,Send a reactivation offer and highlight relevant routes or services.,Customer activity has declined significantly.
General Engagement,Customer,CUST00376,Need Attention,LOW,Send personalized service updates and relevant offers.,Maintain customer engagement without excessive marketing cost.
General Engagement,Customer,CUST00377,Need Attention,LOW,Send personalized service updates and relevant offers.,Maintain customer engagement without excessive marketing cost.
General Engagement,Customer,CUST00378,Need Attention,LOW,Send personalized service updates and relevant offers.,Maintain customer engagement without excessive marketing cost.
General Engagement,Customer,CUST00379,Need Attention,LOW,Send personalized service updates and relevant offers.,Maintain customer engagement without excessive marketing cost.
Loyalty Rewards,Customer,CUST00380,Champions,HIGH,"Offer loyalty rewards, premium benefits and referral incentives.",High-value customers are likely to respond well to retention programs.
Win-back Campaign,Customer,CUST00381,At Risk,HIGH,Launch a personalized win-back campaign with a targeted discount.,Customer activity indicates potential churn risk.
Loyalty Rewards,Customer,CUST00382,Champions,HIGH,"Offer loyalty rewards, premium benefits and referral incentives.",High-value customers are likely to respond well to retention programs.
General Engagement,Customer,CUST00383,Need Attention,LOW,Send personalized service updates and relevant offers.,Maintain customer engagement without excessive marketing cost.
General Engagement,Customer,CUST00384,Need Attention,LOW,Send personalized service updates and relevant offers.,Maintain customer engagement without excessive marketing cost.
Second Booking Campaign,Customer,CUST00385,New Customers,MEDIUM,Offer a first-repeat booking incentive.,The customer should be encouraged to make a second booking.
Reactivation Campaign,Customer,CUST00386,Lost Customers,MEDIUM,Send a reactivation offer and highlight relevant routes or services.,Customer activity has declined significantly.
Win-back Campaign,Customer,CUST00387,At Risk,HIGH,Launch a personalized win-back campaign with a targeted discount.,Customer activity indicates potential churn risk.
General Engagement,Customer,CUST00388,Big Spenders,LOW,Send personalized service updates and relevant offers.,Maintain customer engagement without excessive marketing cost.
General Engagement,Customer,CUST00389,Big Spenders,LOW,Send personalized service updates and relevant offers.,Maintain customer engagement without excessive marketing cost.
Reactivation Campaign,Customer,CUST00390,Lost Customers,MEDIUM,Send a reactivation offer and highlight relevant routes or services.,Customer activity has declined significantly.
Second Booking Campaign,Customer,CUST00391,New Customers,MEDIUM,Offer a first-repeat booking incentive.,The customer should be encouraged to make a second booking.
General Engagement,Customer,CUST00392,Big Spenders,LOW,Send personalized service updates and relevant offers.,Maintain customer engagement without excessive marketing cost.
Loyalty Campaign,Customer,CUST00393,Potential Loyalists,HIGH,"Provide loyalty points, member benefits and personalized offers.",Repeated booking behavior indicates strong customer engagement.
Loyalty Rewards,Customer,CUST00394,Champions,HIGH,"Offer loyalty rewards, premium benefits and referral incentives.",High-value customers are likely to respond well to retention programs.
General Engagement,Customer,CUST00395,Need Attention,LOW,Send personalized service updates and relevant offers.,Maintain customer engagement without excessive marketing cost.
General Engagement,Customer,CUST00396,Need Attention,LOW,Send personalized service updates and relevant offers.,Maintain customer engagement without excessive marketing cost.
General Engagement,Customer,CUST00397,Need Attention,LOW,Send personalized service updates and relevant offers.,Maintain customer engagement without excessive marketing cost.
General Engagement,Customer,CUST00398,Big Spenders,LOW,Send personalized service updates and relevant offers.,Maintain customer engagement without excessive marketing cost.
Loyalty Rewards,Customer,CUST00399,Champions,HIGH,"Offer loyalty rewards, premium benefits and referral incentives.",High-value customers are likely to respond well to retention programs.
Second Booking Campaign,Customer,CUST00400,New Customers,MEDIUM,Offer a first-repeat booking incentive.,The customer should be encouraged to make a second booking.
Second Booking Campaign,Customer,CUST00401,New Customers,MEDIUM,Offer a first-repeat booking incentive.,The customer should be encouraged to make a second booking.
General Engagement,Customer,CUST00402,Need Attention,LOW,Send personalized service updates and relevant offers.,Maintain customer engagement without excessive marketing cost.
Reactivation Campaign,Customer,CUST00403,Lost Customers,MEDIUM,Send a reactivation offer and highlight relevant routes or services.,Customer activity has declined significantly.
Loyalty Campaign,Customer,CUST00404,Potential Loyalists,HIGH,"Provide loyalty points, member benefits and personalized offers.",Repeated booking behavior indicates strong customer engagement.
Reactivation Campaign,Customer,CUST00405,Lost Customers,MEDIUM,Send a reactivation offer and highlight relevant routes or services.,Customer activity has declined significantly.
Loyalty Rewards,Customer,CUST00406,Champions,HIGH,"Offer loyalty rewards, premium benefits and referral incentives.",High-value customers are likely to respond well to retention programs.
General Engagement,Customer,CUST00407,Need Attention,LOW,Send personalized service updates and relevant offers.,Maintain customer engagement without excessive marketing cost.
Loyalty Rewards,Customer,CUST00408,Champions,HIGH,"Offer loyalty rewards, premium benefits and referral incentives.",High-value customers are likely to respond well to retention programs.
General Engagement,Customer,CUST00409,Big Spenders,LOW,Send personalized service updates and relevant offers.,Maintain customer engagement without excessive marketing cost.
General Engagement,Customer,CUST00410,Big Spenders,LOW,Send personalized service updates and relevant offers.,Maintain customer engagement without excessive marketing cost.
General Engagement,Customer,CUST00411,Big Spenders,LOW,Send personalized service updates and relevant offers.,Maintain customer engagement without excessive marketing cost.
Reactivation Campaign,Customer,CUST00412,Lost Customers,MEDIUM,Send a reactivation offer and highlight relevant routes or services.,Customer activity has declined significantly.
Reactivation Campaign,Customer,CUST00413,Lost Customers,MEDIUM,Send a reactivation offer and highlight relevant routes or services.,Customer activity has declined significantly.
Loyalty Campaign,Customer,CUST00414,Potential Loyalists,HIGH,"Provide loyalty points, member benefits and personalized offers.",Repeated booking behavior indicates strong customer engagement.
Win-back Campaign,Customer,CUST00415,At Risk,HIGH,Launch a personalized win-back campaign with a targeted discount.,Customer activity indicates potential churn risk.
Reactivation Campaign,Customer,CUST00416,Lost Customers,MEDIUM,Send a reactivation offer and highlight relevant routes or services.,Customer activity has declined significantly.
General Engagement,Customer,CUST00417,Need Attention,LOW,Send personalized service updates and relevant offers.,Maintain customer engagement without excessive marketing cost.
General Engagement,Customer,CUST00418,Need Attention,LOW,Send personalized service updates and relevant offers.,Maintain customer engagement without excessive marketing cost.
Reactivation Campaign,Customer,CUST00419,Lost Customers,MEDIUM,Send a reactivation offer and highlight relevant routes or services.,Customer activity has declined significantly.
General Engagement,Customer,CUST00420,Need Attention,LOW,Send personalized service updates and relevant offers.,Maintain customer engagement without excessive marketing cost.
General Engagement,Customer,CUST00421,Need Attention,LOW,Send personalized service updates and relevant offers.,Maintain customer engagement without excessive marketing cost.
Loyalty Campaign,Customer,CUST00422,Potential Loyalists,HIGH,"Provide loyalty points, member benefits and personalized offers.",Repeated booking behavior indicates strong customer engagement.
General Engagement,Customer,CUST00423,Big Spenders,LOW,Send personalized service updates and relevant offers.,Maintain customer engagement without excessive marketing cost.
Win-back Campaign,Customer,CUST00425,At Risk,HIGH,Launch a personalized win-back campaign with a targeted discount.,Customer activity indicates potential churn risk.
Loyalty Campaign,Customer,CUST00426,Loyal Customers,HIGH,"Provide loyalty points, member benefits and personalized offers.",Repeated booking behavior indicates strong customer engagement.
General Engagement,Customer,CUST00427,Need Attention,LOW,Send personalized service updates and relevant offers.,Maintain customer engagement without excessive marketing cost.
Loyalty Rewards,Customer,CUST00428,Champions,HIGH,"Offer loyalty rewards, premium benefits and referral incentives.",High-value customers are likely to respond well to retention programs.
Loyalty Rewards,Customer,CUST00429,Champions,HIGH,"Offer loyalty rewards, premium benefits and referral incentives.",High-value customers are likely to respond well to retention programs.
Loyalty Rewards,Customer,CUST00431,Champions,HIGH,"Offer loyalty rewards, premium benefits and referral incentives.",High-value customers are likely to respond well to retention programs.
General Engagement,Customer,CUST00432,Need Attention,LOW,Send personalized service updates and relevant offers.,Maintain customer engagement without excessive marketing cost.
Second Booking Campaign,Customer,CUST00433,New Customers,MEDIUM,Offer a first-repeat booking incentive.,The customer should be encouraged to make a second booking.
Reactivation Campaign,Customer,CUST00434,Lost Customers,MEDIUM,Send a reactivation offer and highlight relevant routes or services.,Customer activity has declined significantly.
General Engagement,Customer,CUST00435,Big Spenders,LOW,Send personalized service updates and relevant offers.,Maintain customer engagement without excessive marketing cost.
Loyalty Rewards,Customer,CUST00436,Champions,HIGH,"Offer loyalty rewards, premium benefits and referral incentives.",High-value customers are likely to respond well to retention programs.
Loyalty Campaign,Customer,CUST00437,Potential Loyalists,HIGH,"Provide loyalty points, member benefits and personalized offers.",Repeated booking behavior indicates strong customer engagement.
Second Booking Campaign,Customer,CUST00438,New Customers,MEDIUM,Offer a first-repeat booking incentive.,The customer should be encouraged to make a second booking.
Win-back Campaign,Customer,CUST00439,At Risk,HIGH,Launch a personalized win-back campaign with a targeted discount.,Customer activity indicates potential churn risk.
General Engagement,Customer,CUST00440,Big Spenders,LOW,Send personalized service updates and relevant offers.,Maintain customer engagement without excessive marketing cost.
Reactivation Campaign,Customer,CUST00441,Lost Customers,MEDIUM,Send a reactivation offer and highlight relevant routes or services.,Customer activity has declined significantly.
General Engagement,Customer,CUST00442,Need Attention,LOW,Send personalized service updates and relevant offers.,Maintain customer engagement without excessive marketing cost.
Loyalty Rewards,Customer,CUST00443,Champions,HIGH,"Offer loyalty rewards, premium benefits and referral incentives.",High-value customers are likely to respond well to retention programs.
Loyalty Campaign,Customer,CUST00444,Potential Loyalists,HIGH,"Provide loyalty points, member benefits and personalized offers.",Repeated booking behavior indicates strong customer engagement.
Loyalty Campaign,Customer,CUST00445,Loyal Customers,HIGH,"Provide loyalty points, member benefits and personalized offers.",Repeated booking behavior indicates strong customer engagement.
Loyalty Rewards,Customer,CUST00446,Champions,HIGH,"Offer loyalty rewards, premium benefits and referral incentives.",High-value customers are likely to respond well to retention programs.
General Engagement,Customer,CUST00447,Need Attention,LOW,Send personalized service updates and relevant offers.,Maintain customer engagement without excessive marketing cost.
Loyalty Rewards,Customer,CUST00448,Champions,HIGH,"Offer loyalty rewards, premium benefits and referral incentives.",High-value customers are likely to respond well to retention programs.
Loyalty Rewards,Customer,CUST00449,Champions,HIGH,"Offer loyalty rewards, premium benefits and referral incentives.",High-value customers are likely to respond well to retention programs.
Win-back Campaign,Customer,CUST00450,At Risk,HIGH,Launch a personalized win-back campaign with a targeted discount.,Customer activity indicates potential churn risk.
Win-back Campaign,Customer,CUST00451,At Risk,HIGH,Launch a personalized win-back campaign with a targeted discount.,Customer activity indicates potential churn risk.
General Engagement,Customer,CUST00452,Big Spenders,LOW,Send personalized service updates and relevant offers.,Maintain customer engagement without excessive marketing cost.
Win-back Campaign,Customer,CUST00453,At Risk,HIGH,Launch a personalized win-back campaign with a targeted discount.,Customer activity indicates potential churn risk.
General Engagement,Customer,CUST00454,Big Spenders,LOW,Send personalized service updates and relevant offers.,Maintain customer engagement without excessive marketing cost.
Win-back Campaign,Customer,CUST00455,At Risk,HIGH,Launch a personalized win-back campaign with a targeted discount.,Customer activity indicates potential churn risk.
General Engagement,Customer,CUST00456,Big Spenders,LOW,Send personalized service updates and relevant offers.,Maintain customer engagement without excessive marketing cost.
Loyalty Campaign,Customer,CUST00457,Potential Loyalists,HIGH,"Provide loyalty points, member benefits and personalized offers.",Repeated booking behavior indicates strong customer engagement.
General Engagement,Customer,CUST00458,Need Attention,LOW,Send personalized service updates and relevant offers.,Maintain customer engagement without excessive marketing cost.
Loyalty Campaign,Customer,CUST00459,Potential Loyalists,HIGH,"Provide loyalty points, member benefits and personalized offers.",Repeated booking behavior indicates strong customer engagement.
Loyalty Rewards,Customer,CUST00461,Champions,HIGH,"Offer loyalty rewards, premium benefits and referral incentives.",High-value customers are likely to respond well to retention programs.
General Engagement,Customer,CUST00462,Big Spenders,LOW,Send personalized service updates and relevant offers.,Maintain customer engagement without excessive marketing cost.
Loyalty Campaign,Customer,CUST00463,Loyal Customers,HIGH,"Provide loyalty points, member benefits and personalized offers.",Repeated booking behavior indicates strong customer engagement.
General Engagement,Customer,CUST00464,Need Attention,LOW,Send personalized service updates and relevant offers.,Maintain customer engagement without excessive marketing cost.
General Engagement,Customer,CUST00465,Big Spenders,LOW,Send personalized service updates and relevant offers.,Maintain customer engagement without excessive marketing cost.
General Engagement,Customer,CUST00466,Need Attention,LOW,Send personalized service updates and relevant offers.,Maintain customer engagement without excessive marketing cost.
Loyalty Campaign,Customer,CUST00467,Potential Loyalists,HIGH,"Provide loyalty points, member benefits and personalized offers.",Repeated booking behavior indicates strong customer engagement.
Loyalty Rewards,Customer,CUST00468,Champions,HIGH,"Offer loyalty rewards, premium benefits and referral incentives.",High-value customers are likely to respond well to retention programs.
Loyalty Rewards,Customer,CUST00469,Champions,HIGH,"Offer loyalty rewards, premium benefits and referral incentives.",High-value customers are likely to respond well to retention programs.
General Engagement,Customer,CUST00470,Big Spenders,LOW,Send personalized service updates and relevant offers.,Maintain customer engagement without excessive marketing cost.
General Engagement,Customer,CUST00471,Need Attention,LOW,Send personalized service updates and relevant offers.,Maintain customer engagement without excessive marketing cost.
Win-back Campaign,Customer,CUST00472,At Risk,HIGH,Launch a personalized win-back campaign with a targeted discount.,Customer activity indicates potential churn risk.
Reactivation Campaign,Customer,CUST00473,Lost Customers,MEDIUM,Send a reactivation offer and highlight relevant routes or services.,Customer activity has declined significantly.
General Engagement,Customer,CUST00474,Need Attention,LOW,Send personalized service updates and relevant offers.,Maintain customer engagement without excessive marketing cost.
Second Booking Campaign,Customer,CUST00475,New Customers,MEDIUM,Offer a first-repeat booking incentive.,The customer should be encouraged to make a second booking.
Reactivation Campaign,Customer,CUST00476,Lost Customers,MEDIUM,Send a reactivation offer and highlight relevant routes or services.,Customer activity has declined significantly.
General Engagement,Customer,CUST00477,Need Attention,LOW,Send personalized service updates and relevant offers.,Maintain customer engagement without excessive marketing cost.
General Engagement,Customer,CUST00478,Big Spenders,LOW,Send personalized service updates and relevant offers.,Maintain customer engagement without excessive marketing cost.
General Engagement,Customer,CUST00479,Need Attention,LOW,Send personalized service updates and relevant offers.,Maintain customer engagement without excessive marketing cost.
Loyalty Campaign,Customer,CUST00480,Potential Loyalists,HIGH,"Provide loyalty points, member benefits and personalized offers.",Repeated booking behavior indicates strong customer engagement.
Loyalty Rewards,Customer,CUST00481,Champions,HIGH,"Offer loyalty rewards, premium benefits and referral incentives.",High-value customers are likely to respond well to retention programs.
Second Booking Campaign,Customer,CUST00482,New Customers,MEDIUM,Offer a first-repeat booking incentive.,The customer should be encouraged to make a second booking.
General Engagement,Customer,CUST00483,Big Spenders,LOW,Send personalized service updates and relevant offers.,Maintain customer engagement without excessive marketing cost.
Reactivation Campaign,Customer,CUST00484,Lost Customers,MEDIUM,Send a reactivation offer and highlight relevant routes or services.,Customer activity has declined significantly.
Loyalty Rewards,Customer,CUST00485,Champions,HIGH,"Offer loyalty rewards, premium benefits and referral incentives.",High-value customers are likely to respond well to retention programs.
Second Booking Campaign,Customer,CUST00486,New Customers,MEDIUM,Offer a first-repeat booking incentive.,The customer should be encouraged to make a second booking.
Loyalty Campaign,Customer,CUST00487,Potential Loyalists,HIGH,"Provide loyalty points, member benefits and personalized offers.",Repeated booking behavior indicates strong customer engagement.
General Engagement,Customer,CUST00488,Big Spenders,LOW,Send personalized service updates and relevant offers.,Maintain customer engagement without excessive marketing cost.
Win-back Campaign,Customer,CUST00489,At Risk,HIGH,Launch a personalized win-back campaign with a targeted discount.,Customer activity indicates potential churn risk.
Win-back Campaign,Customer,CUST00490,At Risk,HIGH,Launch a personalized win-back campaign with a targeted discount.,Customer activity indicates potential churn risk.
Win-back Campaign,Customer,CUST00491,At Risk,HIGH,Launch a personalized win-back campaign with a targeted discount.,Customer activity indicates potential churn risk.
General Engagement,Customer,CUST00493,Need Attention,LOW,Send personalized service updates and relevant offers.,Maintain customer engagement without excessive marketing cost.
General Engagement,Customer,CUST00494,Need Attention,LOW,Send personalized service updates and relevant offers.,Maintain customer engagement without excessive marketing cost.
General Engagement,Customer,CUST00495,Big Spenders,LOW,Send personalized service updates and relevant offers.,Maintain customer engagement without excessive marketing cost.
General Engagement,Customer,CUST00496,Need Attention,LOW,Send personalized service updates and relevant offers.,Maintain customer engagement without excessive marketing cost.
Loyalty Rewards,Customer,CUST00497,Champions,HIGH,"Offer loyalty rewards, premium benefits and referral incentives.",High-value customers are likely to respond well to retention programs.
Loyalty Rewards,Customer,CUST00498,Champions,HIGH,"Offer loyalty rewards, premium benefits and referral incentives.",High-value customers are likely to respond well to retention programs.
Loyalty Campaign,Customer,CUST00499,Loyal Customers,HIGH,"Provide loyalty points, member benefits and personalized offers.",Repeated booking behavior indicates strong customer engagement.
Loyalty Campaign,Customer,CUST00500,Loyal Customers,HIGH,"Provide loyalty points, member benefits and personalized offers.",Repeated booking behavior indicates strong customer engagement.
Win-back Campaign,Customer,CUST00501,At Risk,HIGH,Launch a personalized win-back campaign with a targeted discount.,Customer activity indicates potential churn risk.
General Engagement,Customer,CUST00502,Big Spenders,LOW,Send personalized service updates and relevant offers.,Maintain customer engagement without excessive marketing cost.
General Engagement,Customer,CUST00504,Need Attention,LOW,Send personalized service updates and relevant offers.,Maintain customer engagement without excessive marketing cost.
Reactivation Campaign,Customer,CUST00505,Lost Customers,MEDIUM,Send a reactivation offer and highlight relevant routes or services.,Customer activity has declined significantly.
Loyalty Rewards,Customer,CUST00506,Champions,HIGH,"Offer loyalty rewards, premium benefits and referral incentives.",High-value customers are likely to respond well to retention programs.
General Engagement,Customer,CUST00507,Need Attention,LOW,Send personalized service updates and relevant offers.,Maintain customer engagement without excessive marketing cost.
Second Booking Campaign,Customer,CUST00508,New Customers,MEDIUM,Offer a first-repeat booking incentive.,The customer should be encouraged to make a second booking.
Win-back Campaign,Customer,CUST00509,At Risk,HIGH,Launch a personalized win-back campaign with a targeted discount.,Customer activity indicates potential churn risk.
Second Booking Campaign,Customer,CUST00510,New Customers,MEDIUM,Offer a first-repeat booking incentive.,The customer should be encouraged to make a second booking.
General Engagement,Customer,CUST00511,Need Attention,LOW,Send personalized service updates and relevant offers.,Maintain customer engagement without excessive marketing cost.
General Engagement,Customer,CUST00512,Need Attention,LOW,Send personalized service updates and relevant offers.,Maintain customer engagement without excessive marketing cost.
General Engagement,Customer,CUST00513,Big Spenders,LOW,Send personalized service updates and relevant offers.,Maintain customer engagement without excessive marketing cost.
Reactivation Campaign,Customer,CUST00514,Lost Customers,MEDIUM,Send a reactivation offer and highlight relevant routes or services.,Customer activity has declined significantly.
General Engagement,Customer,CUST00515,Big Spenders,LOW,Send personalized service updates and relevant offers.,Maintain customer engagement without excessive marketing cost.
Loyalty Campaign,Customer,CUST00516,Potential Loyalists,HIGH,"Provide loyalty points, member benefits and personalized offers.",Repeated booking behavior indicates strong customer engagement.
Loyalty Campaign,Customer,CUST00517,Loyal Customers,HIGH,"Provide loyalty points, member benefits and personalized offers.",Repeated booking behavior indicates strong customer engagement.
Second Booking Campaign,Customer,CUST00518,New Customers,MEDIUM,Offer a first-repeat booking incentive.,The customer should be encouraged to make a second booking.
Loyalty Rewards,Customer,CUST00519,Champions,HIGH,"Offer loyalty rewards, premium benefits and referral incentives.",High-value customers are likely to respond well to retention programs.
Win-back Campaign,Customer,CUST00520,At Risk,HIGH,Launch a personalized win-back campaign with a targeted discount.,Customer activity indicates potential churn risk.
Second Booking Campaign,Customer,CUST00521,New Customers,MEDIUM,Offer a first-repeat booking incentive.,The customer should be encouraged to make a second booking.
General Engagement,Customer,CUST00522,Need Attention,LOW,Send personalized service updates and relevant offers.,Maintain customer engagement without excessive marketing cost.
Second Booking Campaign,Customer,CUST00523,New Customers,MEDIUM,Offer a first-repeat booking incentive.,The customer should be encouraged to make a second booking.
General Engagement,Customer,CUST00524,Need Attention,LOW,Send personalized service updates and relevant offers.,Maintain customer engagement without excessive marketing cost.
Win-back Campaign,Customer,CUST00525,At Risk,HIGH,Launch a personalized win-back campaign with a targeted discount.,Customer activity indicates potential churn risk.
Loyalty Campaign,Customer,CUST00526,Loyal Customers,HIGH,"Provide loyalty points, member benefits and personalized offers.",Repeated booking behavior indicates strong customer engagement.
Second Booking Campaign,Customer,CUST00527,New Customers,MEDIUM,Offer a first-repeat booking incentive.,The customer should be encouraged to make a second booking.
Loyalty Rewards,Customer,CUST00528,Champions,HIGH,"Offer loyalty rewards, premium benefits and referral incentives.",High-value customers are likely to respond well to retention programs.
Win-back Campaign,Customer,CUST00529,At Risk,HIGH,Launch a personalized win-back campaign with a targeted discount.,Customer activity indicates potential churn risk.
Win-back Campaign,Customer,CUST00530,At Risk,HIGH,Launch a personalized win-back campaign with a targeted discount.,Customer activity indicates potential churn risk.
Loyalty Campaign,Customer,CUST00531,Loyal Customers,HIGH,"Provide loyalty points, member benefits and personalized offers.",Repeated booking behavior indicates strong customer engagement.
Loyalty Campaign,Customer,CUST00532,Potential Loyalists,HIGH,"Provide loyalty points, member benefits and personalized offers.",Repeated booking behavior indicates strong customer engagement.
General Engagement,Customer,CUST00533,Big Spenders,LOW,Send personalized service updates and relevant offers.,Maintain customer engagement without excessive marketing cost.
Reactivation Campaign,Customer,CUST00534,Lost Customers,MEDIUM,Send a reactivation offer and highlight relevant routes or services.,Customer activity has declined significantly.
Reactivation Campaign,Customer,CUST00535,Lost Customers,MEDIUM,Send a reactivation offer and highlight relevant routes or services.,Customer activity has declined significantly.
Win-back Campaign,Customer,CUST00536,At Risk,HIGH,Launch a personalized win-back campaign with a targeted discount.,Customer activity indicates potential churn risk.
General Engagement,Customer,CUST00537,Need Attention,LOW,Send personalized service updates and relevant offers.,Maintain customer engagement without excessive marketing cost.
General Engagement,Customer,CUST00538,Big Spenders,LOW,Send personalized service updates and relevant offers.,Maintain customer engagement without excessive marketing cost.
Win-back Campaign,Customer,CUST00539,At Risk,HIGH,Launch a personalized win-back campaign with a targeted discount.,Customer activity indicates potential churn risk.
General Engagement,Customer,CUST00540,Need Attention,LOW,Send personalized service updates and relevant offers.,Maintain customer engagement without excessive marketing cost.
General Engagement,Customer,CUST00542,Need Attention,LOW,Send personalized service updates and relevant offers.,Maintain customer engagement without excessive marketing cost.
Loyalty Rewards,Customer,CUST00543,Champions,HIGH,"Offer loyalty rewards, premium benefits and referral incentives.",High-value customers are likely to respond well to retention programs.
Loyalty Campaign,Customer,CUST00544,Loyal Customers,HIGH,"Provide loyalty points, member benefits and personalized offers.",Repeated booking behavior indicates strong customer engagement.
Win-back Campaign,Customer,CUST00545,At Risk,HIGH,Launch a personalized win-back campaign with a targeted discount.,Customer activity indicates potential churn risk.
Loyalty Campaign,Customer,CUST00546,Potential Loyalists,HIGH,"Provide loyalty points, member benefits and personalized offers.",Repeated booking behavior indicates strong customer engagement.
Win-back Campaign,Customer,CUST00547,At Risk,HIGH,Launch a personalized win-back campaign with a targeted discount.,Customer activity indicates potential churn risk.
General Engagement,Customer,CUST00548,Need Attention,LOW,Send personalized service updates and relevant offers.,Maintain customer engagement without excessive marketing cost.
Reactivation Campaign,Customer,CUST00549,Lost Customers,MEDIUM,Send a reactivation offer and highlight relevant routes or services.,Customer activity has declined significantly.
Loyalty Campaign,Customer,CUST00550,Potential Loyalists,HIGH,"Provide loyalty points, member benefits and personalized offers.",Repeated booking behavior indicates strong customer engagement.
Second Booking Campaign,Customer,CUST00551,New Customers,MEDIUM,Offer a first-repeat booking incentive.,The customer should be encouraged to make a second booking.
General Engagement,Customer,CUST00552,Need Attention,LOW,Send personalized service updates and relevant offers.,Maintain customer engagement without excessive marketing cost.
Loyalty Rewards,Customer,CUST00553,Champions,HIGH,"Offer loyalty rewards, premium benefits and referral incentives.",High-value customers are likely to respond well to retention programs.
General Engagement,Customer,CUST00554,Big Spenders,LOW,Send personalized service updates and relevant offers.,Maintain customer engagement without excessive marketing cost.
General Engagement,Customer,CUST00555,Big Spenders,LOW,Send personalized service updates and relevant offers.,Maintain customer engagement without excessive marketing cost.
Reactivation Campaign,Customer,CUST00556,Lost Customers,MEDIUM,Send a reactivation offer and highlight relevant routes or services.,Customer activity has declined significantly.
Reactivation Campaign,Customer,CUST00557,Lost Customers,MEDIUM,Send a reactivation offer and highlight relevant routes or services.,Customer activity has declined significantly.
Loyalty Campaign,Customer,CUST00558,Potential Loyalists,HIGH,"Provide loyalty points, member benefits and personalized offers.",Repeated booking behavior indicates strong customer engagement.
Reactivation Campaign,Customer,CUST00559,Lost Customers,MEDIUM,Send a reactivation offer and highlight relevant routes or services.,Customer activity has declined significantly.
Loyalty Rewards,Customer,CUST00560,Champions,HIGH,"Offer loyalty rewards, premium benefits and referral incentives.",High-value customers are likely to respond well to retention programs.
Loyalty Rewards,Customer,CUST00561,Champions,HIGH,"Offer loyalty rewards, premium benefits and referral incentives.",High-value customers are likely to respond well to retention programs.
Loyalty Campaign,Customer,CUST00562,Loyal Customers,HIGH,"Provide loyalty points, member benefits and personalized offers.",Repeated booking behavior indicates strong customer engagement.
Reactivation Campaign,Customer,CUST00563,Lost Customers,MEDIUM,Send a reactivation offer and highlight relevant routes or services.,Customer activity has declined significantly.
Loyalty Campaign,Customer,CUST00564,Potential Loyalists,HIGH,"Provide loyalty points, member benefits and personalized offers.",Repeated booking behavior indicates strong customer engagement.
Reactivation Campaign,Customer,CUST00565,Lost Customers,MEDIUM,Send a reactivation offer and highlight relevant routes or services.,Customer activity has declined significantly.
Reactivation Campaign,Customer,CUST00566,Lost Customers,MEDIUM,Send a reactivation offer and highlight relevant routes or services.,Customer activity has declined significantly.
Loyalty Rewards,Customer,CUST00567,Champions,HIGH,"Offer loyalty rewards, premium benefits and referral incentives.",High-value customers are likely to respond well to retention programs.
General Engagement,Customer,CUST00568,Need Attention,LOW,Send personalized service updates and relevant offers.,Maintain customer engagement without excessive marketing cost.
Win-back Campaign,Customer,CUST00569,At Risk,HIGH,Launch a personalized win-back campaign with a targeted discount.,Customer activity indicates potential churn risk.
Reactivation Campaign,Customer,CUST00570,Lost Customers,MEDIUM,Send a reactivation offer and highlight relevant routes or services.,Customer activity has declined significantly.
Loyalty Rewards,Customer,CUST00571,Champions,HIGH,"Offer loyalty rewards, premium benefits and referral incentives.",High-value customers are likely to respond well to retention programs.
General Engagement,Customer,CUST00572,Need Attention,LOW,Send personalized service updates and relevant offers.,Maintain customer engagement without excessive marketing cost.
Loyalty Rewards,Customer,CUST00573,Champions,HIGH,"Offer loyalty rewards, premium benefits and referral incentives.",High-value customers are likely to respond well to retention programs.
General Engagement,Customer,CUST00574,Need Attention,LOW,Send personalized service updates and relevant offers.,Maintain customer engagement without excessive marketing cost.
Loyalty Campaign,Customer,CUST00575,Loyal Customers,HIGH,"Provide loyalty points, member benefits and personalized offers.",Repeated booking behavior indicates strong customer engagement.
Reactivation Campaign,Customer,CUST00576,Lost Customers,MEDIUM,Send a reactivation offer and highlight relevant routes or services.,Customer activity has declined significantly.
Reactivation Campaign,Customer,CUST00577,Lost Customers,MEDIUM,Send a reactivation offer and highlight relevant routes or services.,Customer activity has declined significantly.
General Engagement,Customer,CUST00578,Need Attention,LOW,Send personalized service updates and relevant offers.,Maintain customer engagement without excessive marketing cost.
Second Booking Campaign,Customer,CUST00579,New Customers,MEDIUM,Offer a first-repeat booking incentive.,The customer should be encouraged to make a second booking.
Reactivation Campaign,Customer,CUST00580,Lost Customers,MEDIUM,Send a reactivation offer and highlight relevant routes or services.,Customer activity has declined significantly.
Loyalty Campaign,Customer,CUST00581,Potential Loyalists,HIGH,"Provide loyalty points, member benefits and personalized offers.",Repeated booking behavior indicates strong customer engagement.
General Engagement,Customer,CUST00582,Big Spenders,LOW,Send personalized service updates and relevant offers.,Maintain customer engagement without excessive marketing cost.
General Engagement,Customer,CUST00583,Need Attention,LOW,Send personalized service updates and relevant offers.,Maintain customer engagement without excessive marketing cost.
General Engagement,Customer,CUST00584,Big Spenders,LOW,Send personalized service updates and relevant offers.,Maintain customer engagement without excessive marketing cost.
Reactivation Campaign,Customer,CUST00585,Lost Customers,MEDIUM,Send a reactivation offer and highlight relevant routes or services.,Customer activity has declined significantly.
Loyalty Campaign,Customer,CUST00586,Potential Loyalists,HIGH,"Provide loyalty points, member benefits and personalized offers.",Repeated booking behavior indicates strong customer engagement.
Loyalty Campaign,Customer,CUST00587,Potential Loyalists,HIGH,"Provide loyalty points, member benefits and personalized offers.",Repeated booking behavior indicates strong customer engagement.
Reactivation Campaign,Customer,CUST00588,Lost Customers,MEDIUM,Send a reactivation offer and highlight relevant routes or services.,Customer activity has declined significantly.
General Engagement,Customer,CUST00589,Need Attention,LOW,Send personalized service updates and relevant offers.,Maintain customer engagement without excessive marketing cost.
General Engagement,Customer,CUST00590,Need Attention,LOW,Send personalized service updates and relevant offers.,Maintain customer engagement without excessive marketing cost.
General Engagement,Customer,CUST00591,Need Attention,LOW,Send personalized service updates and relevant offers.,Maintain customer engagement without excessive marketing cost.
General Engagement,Customer,CUST00592,Need Attention,LOW,Send personalized service updates and relevant offers.,Maintain customer engagement without excessive marketing cost.
Loyalty Rewards,Customer,CUST00593,Champions,HIGH,"Offer loyalty rewards, premium benefits and referral incentives.",High-value customers are likely to respond well to retention programs.
Loyalty Campaign,Customer,CUST00594,Potential Loyalists,HIGH,"Provide loyalty points, member benefits and personalized offers.",Repeated booking behavior indicates strong customer engagement.
Reactivation Campaign,Customer,CUST00595,Lost Customers,MEDIUM,Send a reactivation offer and highlight relevant routes or services.,Customer activity has declined significantly.
General Engagement,Customer,CUST00596,Need Attention,LOW,Send personalized service updates and relevant offers.,Maintain customer engagement without excessive marketing cost.
Loyalty Campaign,Customer,CUST00597,Loyal Customers,HIGH,"Provide loyalty points, member benefits and personalized offers.",Repeated booking behavior indicates strong customer engagement.
General Engagement,Customer,CUST00598,Need Attention,LOW,Send personalized service updates and relevant offers.,Maintain customer engagement without excessive marketing cost.
General Engagement,Customer,CUST00599,Big Spenders,LOW,Send personalized service updates and relevant offers.,Maintain customer engagement without excessive marketing cost.
General Engagement,Customer,CUST00600,Need Attention,LOW,Send personalized service updates and relevant offers.,Maintain customer engagement without excessive marketing cost.
Second Booking Campaign,Customer,CUST00601,New Customers,MEDIUM,Offer a first-repeat booking incentive.,The customer should be encouraged to make a second booking.
General Engagement,Customer,CUST00602,Need Attention,LOW,Send personalized service updates and relevant offers.,Maintain customer engagement without excessive marketing cost.
Loyalty Campaign,Customer,CUST00604,Loyal Customers,HIGH,"Provide loyalty points, member benefits and personalized offers.",Repeated booking behavior indicates strong customer engagement.
General Engagement,Customer,CUST00605,Need Attention,LOW,Send personalized service updates and relevant offers.,Maintain customer engagement without excessive marketing cost.
General Engagement,Customer,CUST00606,Need Attention,LOW,Send personalized service updates and relevant offers.,Maintain customer engagement without excessive marketing cost.
General Engagement,Customer,CUST00607,Need Attention,LOW,Send personalized service updates and relevant offers.,Maintain customer engagement without excessive marketing cost.
Loyalty Campaign,Customer,CUST00608,Potential Loyalists,HIGH,"Provide loyalty points, member benefits and personalized offers.",Repeated booking behavior indicates strong customer engagement.
Loyalty Campaign,Customer,CUST00610,Loyal Customers,HIGH,"Provide loyalty points, member benefits and personalized offers.",Repeated booking behavior indicates strong customer engagement.
Loyalty Campaign,Customer,CUST00611,Loyal Customers,HIGH,"Provide loyalty points, member benefits and personalized offers.",Repeated booking behavior indicates strong customer engagement.
General Engagement,Customer,CUST00612,Need Attention,LOW,Send personalized service updates and relevant offers.,Maintain customer engagement without excessive marketing cost.
General Engagement,Customer,CUST00613,Big Spenders,LOW,Send personalized service updates and relevant offers.,Maintain customer engagement without excessive marketing cost.
General Engagement,Customer,CUST00614,Need Attention,LOW,Send personalized service updates and relevant offers.,Maintain customer engagement without excessive marketing cost.
Win-back Campaign,Customer,CUST00615,At Risk,HIGH,Launch a personalized win-back campaign with a targeted discount.,Customer activity indicates potential churn risk.
General Engagement,Customer,CUST00616,Need Attention,LOW,Send personalized service updates and relevant offers.,Maintain customer engagement without excessive marketing cost.
Reactivation Campaign,Customer,CUST00617,Lost Customers,MEDIUM,Send a reactivation offer and highlight relevant routes or services.,Customer activity has declined significantly.
General Engagement,Customer,CUST00618,Need Attention,LOW,Send personalized service updates and relevant offers.,Maintain customer engagement without excessive marketing cost.
General Engagement,Customer,CUST00619,Big Spenders,LOW,Send personalized service updates and relevant offers.,Maintain customer engagement without excessive marketing cost.
General Engagement,Customer,CUST00620,Big Spenders,LOW,Send personalized service updates and relevant offers.,Maintain customer engagement without excessive marketing cost.
General Engagement,Customer,CUST00621,Big Spenders,LOW,Send personalized service updates and relevant offers.,Maintain customer engagement without excessive marketing cost.
General Engagement,Customer,CUST00622,Need Attention,LOW,Send personalized service updates and relevant offers.,Maintain customer engagement without excessive marketing cost.
General Engagement,Customer,CUST00623,Need Attention,LOW,Send personalized service updates and relevant offers.,Maintain customer engagement without excessive marketing cost.
Second Booking Campaign,Customer,CUST00624,New Customers,MEDIUM,Offer a first-repeat booking incentive.,The customer should be encouraged to make a second booking.
Win-back Campaign,Customer,CUST00625,At Risk,HIGH,Launch a personalized win-back campaign with a targeted discount.,Customer activity indicates potential churn risk.
Loyalty Campaign,Customer,CUST00626,Potential Loyalists,HIGH,"Provide loyalty points, member benefits and personalized offers.",Repeated booking behavior indicates strong customer engagement.
Reactivation Campaign,Customer,CUST00627,Lost Customers,MEDIUM,Send a reactivation offer and highlight relevant routes or services.,Customer activity has declined significantly.
Loyalty Campaign,Customer,CUST00628,Loyal Customers,HIGH,"Provide loyalty points, member benefits and personalized offers.",Repeated booking behavior indicates strong customer engagement.
Reactivation Campaign,Customer,CUST00629,Lost Customers,MEDIUM,Send a reactivation offer and highlight relevant routes or services.,Customer activity has declined significantly.
Loyalty Campaign,Customer,CUST00630,Loyal Customers,HIGH,"Provide loyalty points, member benefits and personalized offers.",Repeated booking behavior indicates strong customer engagement.
Reactivation Campaign,Customer,CUST00631,Lost Customers,MEDIUM,Send a reactivation offer and highlight relevant routes or services.,Customer activity has declined significantly.
Reactivation Campaign,Customer,CUST00633,Lost Customers,MEDIUM,Send a reactivation offer and highlight relevant routes or services.,Customer activity has declined significantly.
Loyalty Campaign,Customer,CUST00634,Potential Loyalists,HIGH,"Provide loyalty points, member benefits and personalized offers.",Repeated booking behavior indicates strong customer engagement.
General Engagement,Customer,CUST00635,Need Attention,LOW,Send personalized service updates and relevant offers.,Maintain customer engagement without excessive marketing cost.
Loyalty Rewards,Customer,CUST00636,Champions,HIGH,"Offer loyalty rewards, premium benefits and referral incentives.",High-value customers are likely to respond well to retention programs.
General Engagement,Customer,CUST00637,Need Attention,LOW,Send personalized service updates and relevant offers.,Maintain customer engagement without excessive marketing cost.
Reactivation Campaign,Customer,CUST00638,Lost Customers,MEDIUM,Send a reactivation offer and highlight relevant routes or services.,Customer activity has declined significantly.
Second Booking Campaign,Customer,CUST00639,New Customers,MEDIUM,Offer a first-repeat booking incentive.,The customer should be encouraged to make a second booking.
Win-back Campaign,Customer,CUST00640,At Risk,HIGH,Launch a personalized win-back campaign with a targeted discount.,Customer activity indicates potential churn risk.
Second Booking Campaign,Customer,CUST00641,New Customers,MEDIUM,Offer a first-repeat booking incentive.,The customer should be encouraged to make a second booking.
General Engagement,Customer,CUST00642,Big Spenders,LOW,Send personalized service updates and relevant offers.,Maintain customer engagement without excessive marketing cost.
General Engagement,Customer,CUST00643,Need Attention,LOW,Send personalized service updates and relevant offers.,Maintain customer engagement without excessive marketing cost.
Win-back Campaign,Customer,CUST00644,At Risk,HIGH,Launch a personalized win-back campaign with a targeted discount.,Customer activity indicates potential churn risk.
Loyalty Campaign,Customer,CUST00645,Potential Loyalists,HIGH,"Provide loyalty points, member benefits and personalized offers.",Repeated booking behavior indicates strong customer engagement.
General Engagement,Customer,CUST00646,Big Spenders,LOW,Send personalized service updates and relevant offers.,Maintain customer engagement without excessive marketing cost.
Win-back Campaign,Customer,CUST00647,At Risk,HIGH,Launch a personalized win-back campaign with a targeted discount.,Customer activity indicates potential churn risk.
Win-back Campaign,Customer,CUST00648,At Risk,HIGH,Launch a personalized win-back campaign with a targeted discount.,Customer activity indicates potential churn risk.
General Engagement,Customer,CUST00649,Need Attention,LOW,Send personalized service updates and relevant offers.,Maintain customer engagement without excessive marketing cost.
Loyalty Rewards,Customer,CUST00650,Champions,HIGH,"Offer loyalty rewards, premium benefits and referral incentives.",High-value customers are likely to respond well to retention programs.
General Engagement,Customer,CUST00651,Big Spenders,LOW,Send personalized service updates and relevant offers.,Maintain customer engagement without excessive marketing cost.
General Engagement,Customer,CUST00652,Big Spenders,LOW,Send personalized service updates and relevant offers.,Maintain customer engagement without excessive marketing cost.
Reactivation Campaign,Customer,CUST00653,Lost Customers,MEDIUM,Send a reactivation offer and highlight relevant routes or services.,Customer activity has declined significantly.
Loyalty Campaign,Customer,CUST00654,Potential Loyalists,HIGH,"Provide loyalty points, member benefits and personalized offers.",Repeated booking behavior indicates strong customer engagement.
General Engagement,Customer,CUST00655,Need Attention,LOW,Send personalized service updates and relevant offers.,Maintain customer engagement without excessive marketing cost.
Loyalty Rewards,Customer,CUST00656,Champions,HIGH,"Offer loyalty rewards, premium benefits and referral incentives.",High-value customers are likely to respond well to retention programs.
General Engagement,Customer,CUST00657,Need Attention,LOW,Send personalized service updates and relevant offers.,Maintain customer engagement without excessive marketing cost.
Reactivation Campaign,Customer,CUST00658,Lost Customers,MEDIUM,Send a reactivation offer and highlight relevant routes or services.,Customer activity has declined significantly.
General Engagement,Customer,CUST00659,Big Spenders,LOW,Send personalized service updates and relevant offers.,Maintain customer engagement without excessive marketing cost.
Win-back Campaign,Customer,CUST00660,At Risk,HIGH,Launch a personalized win-back campaign with a targeted discount.,Customer activity indicates potential churn risk.
Reactivation Campaign,Customer,CUST00661,Lost Customers,MEDIUM,Send a reactivation offer and highlight relevant routes or services.,Customer activity has declined significantly.
Loyalty Campaign,Customer,CUST00662,Potential Loyalists,HIGH,"Provide loyalty points, member benefits and personalized offers.",Repeated booking behavior indicates strong customer engagement.
Second Booking Campaign,Customer,CUST00663,New Customers,MEDIUM,Offer a first-repeat booking incentive.,The customer should be encouraged to make a second booking.
Loyalty Rewards,Customer,CUST00664,Champions,HIGH,"Offer loyalty rewards, premium benefits and referral incentives.",High-value customers are likely to respond well to retention programs.
General Engagement,Customer,CUST00665,Need Attention,LOW,Send personalized service updates and relevant offers.,Maintain customer engagement without excessive marketing cost.
Reactivation Campaign,Customer,CUST00666,Lost Customers,MEDIUM,Send a reactivation offer and highlight relevant routes or services.,Customer activity has declined significantly.
Second Booking Campaign,Customer,CUST00668,New Customers,MEDIUM,Offer a first-repeat booking incentive.,The customer should be encouraged to make a second booking.
Loyalty Rewards,Customer,CUST00669,Champions,HIGH,"Offer loyalty rewards, premium benefits and referral incentives.",High-value customers are likely to respond well to retention programs.
Loyalty Rewards,Customer,CUST00670,Champions,HIGH,"Offer loyalty rewards, premium benefits and referral incentives.",High-value customers are likely to respond well to retention programs.
Reactivation Campaign,Customer,CUST00671,Lost Customers,MEDIUM,Send a reactivation offer and highlight relevant routes or services.,Customer activity has declined significantly.
General Engagement,Customer,CUST00672,Need Attention,LOW,Send personalized service updates and relevant offers.,Maintain customer engagement without excessive marketing cost.
General Engagement,Customer,CUST00673,Need Attention,LOW,Send personalized service updates and relevant offers.,Maintain customer engagement without excessive marketing cost.
Loyalty Campaign,Customer,CUST00674,Potential Loyalists,HIGH,"Provide loyalty points, member benefits and personalized offers.",Repeated booking behavior indicates strong customer engagement.
General Engagement,Customer,CUST00675,Big Spenders,LOW,Send personalized service updates and relevant offers.,Maintain customer engagement without excessive marketing cost.
General Engagement,Customer,CUST00676,Big Spenders,LOW,Send personalized service updates and relevant offers.,Maintain customer engagement without excessive marketing cost.
Loyalty Campaign,Customer,CUST00677,Loyal Customers,HIGH,"Provide loyalty points, member benefits and personalized offers.",Repeated booking behavior indicates strong customer engagement.
General Engagement,Customer,CUST00678,Need Attention,LOW,Send personalized service updates and relevant offers.,Maintain customer engagement without excessive marketing cost.
General Engagement,Customer,CUST00679,Need Attention,LOW,Send personalized service updates and relevant offers.,Maintain customer engagement without excessive marketing cost.
Loyalty Rewards,Customer,CUST00680,Champions,HIGH,"Offer loyalty rewards, premium benefits and referral incentives.",High-value customers are likely to respond well to retention programs.
Loyalty Rewards,Customer,CUST00682,Champions,HIGH,"Offer loyalty rewards, premium benefits and referral incentives.",High-value customers are likely to respond well to retention programs.
General Engagement,Customer,CUST00683,Need Attention,LOW,Send personalized service updates and relevant offers.,Maintain customer engagement without excessive marketing cost.
Win-back Campaign,Customer,CUST00684,At Risk,HIGH,Launch a personalized win-back campaign with a targeted discount.,Customer activity indicates potential churn risk.
Loyalty Campaign,Customer,CUST00685,Potential Loyalists,HIGH,"Provide loyalty points, member benefits and personalized offers.",Repeated booking behavior indicates strong customer engagement.
Loyalty Rewards,Customer,CUST00686,Champions,HIGH,"Offer loyalty rewards, premium benefits and referral incentives.",High-value customers are likely to respond well to retention programs.
Reactivation Campaign,Customer,CUST00687,Lost Customers,MEDIUM,Send a reactivation offer and highlight relevant routes or services.,Customer activity has declined significantly.
Reactivation Campaign,Customer,CUST00688,Lost Customers,MEDIUM,Send a reactivation offer and highlight relevant routes or services.,Customer activity has declined significantly.
Reactivation Campaign,Customer,CUST00689,Lost Customers,MEDIUM,Send a reactivation offer and highlight relevant routes or services.,Customer activity has declined significantly.
General Engagement,Customer,CUST00690,Need Attention,LOW,Send personalized service updates and relevant offers.,Maintain customer engagement without excessive marketing cost.
General Engagement,Customer,CUST00691,Need Attention,LOW,Send personalized service updates and relevant offers.,Maintain customer engagement without excessive marketing cost.
General Engagement,Customer,CUST00692,Need Attention,LOW,Send personalized service updates and relevant offers.,Maintain customer engagement without excessive marketing cost.
General Engagement,Customer,CUST00693,Need Attention,LOW,Send personalized service updates and relevant offers.,Maintain customer engagement without excessive marketing cost.
Reactivation Campaign,Customer,CUST00694,Lost Customers,MEDIUM,Send a reactivation offer and highlight relevant routes or services.,Customer activity has declined significantly.
Reactivation Campaign,Customer,CUST00695,Lost Customers,MEDIUM,Send a reactivation offer and highlight relevant routes or services.,Customer activity has declined significantly.
General Engagement,Customer,CUST00696,Need Attention,LOW,Send personalized service updates and relevant offers.,Maintain customer engagement without excessive marketing cost.
Second Booking Campaign,Customer,CUST00697,New Customers,MEDIUM,Offer a first-repeat booking incentive.,The customer should be encouraged to make a second booking.
Win-back Campaign,Customer,CUST00698,At Risk,HIGH,Launch a personalized win-back campaign with a targeted discount.,Customer activity indicates potential churn risk.
Loyalty Campaign,Customer,CUST00699,Loyal Customers,HIGH,"Provide loyalty points, member benefits and personalized offers.",Repeated booking behavior indicates strong customer engagement.
Loyalty Campaign,Customer,CUST00700,Potential Loyalists,HIGH,"Provide loyalty points, member benefits and personalized offers.",Repeated booking behavior indicates strong customer engagement.
Loyalty Rewards,Customer,CUST00701,Champions,HIGH,"Offer loyalty rewards, premium benefits and referral incentives.",High-value customers are likely to respond well to retention programs.
General Engagement,Customer,CUST00702,Need Attention,LOW,Send personalized service updates and relevant offers.,Maintain customer engagement without excessive marketing cost.
General Engagement,Customer,CUST00703,Need Attention,LOW,Send personalized service updates and relevant offers.,Maintain customer engagement without excessive marketing cost.
General Engagement,Customer,CUST00704,Need Attention,LOW,Send personalized service updates and relevant offers.,Maintain customer engagement without excessive marketing cost.
Loyalty Campaign,Customer,CUST00705,Loyal Customers,HIGH,"Provide loyalty points, member benefits and personalized offers.",Repeated booking behavior indicates strong customer engagement.
Loyalty Campaign,Customer,CUST00706,Loyal Customers,HIGH,"Provide loyalty points, member benefits and personalized offers.",Repeated booking behavior indicates strong customer engagement.
Second Booking Campaign,Customer,CUST00707,New Customers,MEDIUM,Offer a first-repeat booking incentive.,The customer should be encouraged to make a second booking.
General Engagement,Customer,CUST00708,Need Attention,LOW,Send personalized service updates and relevant offers.,Maintain customer engagement without excessive marketing cost.
General Engagement,Customer,CUST00709,Need Attention,LOW,Send personalized service updates and relevant offers.,Maintain customer engagement without excessive marketing cost.
General Engagement,Customer,CUST00710,Need Attention,LOW,Send personalized service updates and relevant offers.,Maintain customer engagement without excessive marketing cost.
General Engagement,Customer,CUST00711,Big Spenders,LOW,Send personalized service updates and relevant offers.,Maintain customer engagement without excessive marketing cost.
General Engagement,Customer,CUST00712,Big Spenders,LOW,Send personalized service updates and relevant offers.,Maintain customer engagement without excessive marketing cost.
General Engagement,Customer,CUST00713,Need Attention,LOW,Send personalized service updates and relevant offers.,Maintain customer engagement without excessive marketing cost.
Reactivation Campaign,Customer,CUST00714,Lost Customers,MEDIUM,Send a reactivation offer and highlight relevant routes or services.,Customer activity has declined significantly.
General Engagement,Customer,CUST00715,Big Spenders,LOW,Send personalized service updates and relevant offers.,Maintain customer engagement without excessive marketing cost.
Second Booking Campaign,Customer,CUST00716,New Customers,MEDIUM,Offer a first-repeat booking incentive.,The customer should be encouraged to make a second booking.
Loyalty Campaign,Customer,CUST00717,Potential Loyalists,HIGH,"Provide loyalty points, member benefits and personalized offers.",Repeated booking behavior indicates strong customer engagement.
Win-back Campaign,Customer,CUST00718,At Risk,HIGH,Launch a personalized win-back campaign with a targeted discount.,Customer activity indicates potential churn risk.
General Engagement,Customer,CUST00719,Need Attention,LOW,Send personalized service updates and relevant offers.,Maintain customer engagement without excessive marketing cost.
Reactivation Campaign,Customer,CUST00720,Lost Customers,MEDIUM,Send a reactivation offer and highlight relevant routes or services.,Customer activity has declined significantly.
General Engagement,Customer,CUST00721,Need Attention,LOW,Send personalized service updates and relevant offers.,Maintain customer engagement without excessive marketing cost.
Loyalty Campaign,Customer,CUST00722,Loyal Customers,HIGH,"Provide loyalty points, member benefits and personalized offers.",Repeated booking behavior indicates strong customer engagement.
General Engagement,Customer,CUST00723,Big Spenders,LOW,Send personalized service updates and relevant offers.,Maintain customer engagement without excessive marketing cost.
General Engagement,Customer,CUST00724,Big Spenders,LOW,Send personalized service updates and relevant offers.,Maintain customer engagement without excessive marketing cost.
General Engagement,Customer,CUST00725,Big Spenders,LOW,Send personalized service updates and relevant offers.,Maintain customer engagement without excessive marketing cost.
General Engagement,Customer,CUST00726,Need Attention,LOW,Send personalized service updates and relevant offers.,Maintain customer engagement without excessive marketing cost.
Loyalty Campaign,Customer,CUST00727,Loyal Customers,HIGH,"Provide loyalty points, member benefits and personalized offers.",Repeated booking behavior indicates strong customer engagement.
General Engagement,Customer,CUST00728,Big Spenders,LOW,Send personalized service updates and relevant offers.,Maintain customer engagement without excessive marketing cost.
Loyalty Rewards,Customer,CUST00729,Champions,HIGH,"Offer loyalty rewards, premium benefits and referral incentives.",High-value customers are likely to respond well to retention programs.
General Engagement,Customer,CUST00731,Need Attention,LOW,Send personalized service updates and relevant offers.,Maintain customer engagement without excessive marketing cost.
Loyalty Campaign,Customer,CUST00732,Loyal Customers,HIGH,"Provide loyalty points, member benefits and personalized offers.",Repeated booking behavior indicates strong customer engagement.
Win-back Campaign,Customer,CUST00734,At Risk,HIGH,Launch a personalized win-back campaign with a targeted discount.,Customer activity indicates potential churn risk.
Reactivation Campaign,Customer,CUST00735,Lost Customers,MEDIUM,Send a reactivation offer and highlight relevant routes or services.,Customer activity has declined significantly.
General Engagement,Customer,CUST00736,Big Spenders,LOW,Send personalized service updates and relevant offers.,Maintain customer engagement without excessive marketing cost.
Win-back Campaign,Customer,CUST00737,At Risk,HIGH,Launch a personalized win-back campaign with a targeted discount.,Customer activity indicates potential churn risk.
Win-back Campaign,Customer,CUST00738,At Risk,HIGH,Launch a personalized win-back campaign with a targeted discount.,Customer activity indicates potential churn risk.
General Engagement,Customer,CUST00739,Big Spenders,LOW,Send personalized service updates and relevant offers.,Maintain customer engagement without excessive marketing cost.
General Engagement,Customer,CUST00740,Big Spenders,LOW,Send personalized service updates and relevant offers.,Maintain customer engagement without excessive marketing cost.
Loyalty Rewards,Customer,CUST00742,Champions,HIGH,"Offer loyalty rewards, premium benefits and referral incentives.",High-value customers are likely to respond well to retention programs.
Win-back Campaign,Customer,CUST00743,At Risk,HIGH,Launch a personalized win-back campaign with a targeted discount.,Customer activity indicates potential churn risk.
General Engagement,Customer,CUST00744,Need Attention,LOW,Send personalized service updates and relevant offers.,Maintain customer engagement without excessive marketing cost.
Reactivation Campaign,Customer,CUST00746,Lost Customers,MEDIUM,Send a reactivation offer and highlight relevant routes or services.,Customer activity has declined significantly.
Reactivation Campaign,Customer,CUST00747,Lost Customers,MEDIUM,Send a reactivation offer and highlight relevant routes or services.,Customer activity has declined significantly.
Reactivation Campaign,Customer,CUST00748,Lost Customers,MEDIUM,Send a reactivation offer and highlight relevant routes or services.,Customer activity has declined significantly.
Loyalty Campaign,Customer,CUST00749,Potential Loyalists,HIGH,"Provide loyalty points, member benefits and personalized offers.",Repeated booking behavior indicates strong customer engagement.
Reactivation Campaign,Customer,CUST00750,Lost Customers,MEDIUM,Send a reactivation offer and highlight relevant routes or services.,Customer activity has declined significantly.
Loyalty Campaign,Customer,CUST00751,Loyal Customers,HIGH,"Provide loyalty points, member benefits and personalized offers.",Repeated booking behavior indicates strong customer engagement.
Win-back Campaign,Customer,CUST00752,At Risk,HIGH,Launch a personalized win-back campaign with a targeted discount.,Customer activity indicates potential churn risk.
General Engagement,Customer,CUST00754,Need Attention,LOW,Send personalized service updates and relevant offers.,Maintain customer engagement without excessive marketing cost.
General Engagement,Customer,CUST00755,Need Attention,LOW,Send personalized service updates and relevant offers.,Maintain customer engagement without excessive marketing cost.
General Engagement,Customer,CUST00756,Big Spenders,LOW,Send personalized service updates and relevant offers.,Maintain customer engagement without excessive marketing cost.
Loyalty Rewards,Customer,CUST00757,Champions,HIGH,"Offer loyalty rewards, premium benefits and referral incentives.",High-value customers are likely to respond well to retention programs.
General Engagement,Customer,CUST00758,Need Attention,LOW,Send personalized service updates and relevant offers.,Maintain customer engagement without excessive marketing cost.
Win-back Campaign,Customer,CUST00759,At Risk,HIGH,Launch a personalized win-back campaign with a targeted discount.,Customer activity indicates potential churn risk.
General Engagement,Customer,CUST00760,Big Spenders,LOW,Send personalized service updates and relevant offers.,Maintain customer engagement without excessive marketing cost.
Win-back Campaign,Customer,CUST00761,At Risk,HIGH,Launch a personalized win-back campaign with a targeted discount.,Customer activity indicates potential churn risk.
Reactivation Campaign,Customer,CUST00762,Lost Customers,MEDIUM,Send a reactivation offer and highlight relevant routes or services.,Customer activity has declined significantly.
Reactivation Campaign,Customer,CUST00763,Lost Customers,MEDIUM,Send a reactivation offer and highlight relevant routes or services.,Customer activity has declined significantly.
Second Booking Campaign,Customer,CUST00764,New Customers,MEDIUM,Offer a first-repeat booking incentive.,The customer should be encouraged to make a second booking.
Loyalty Rewards,Customer,CUST00765,Champions,HIGH,"Offer loyalty rewards, premium benefits and referral incentives.",High-value customers are likely to respond well to retention programs.
General Engagement,Customer,CUST00766,Need Attention,LOW,Send personalized service updates and relevant offers.,Maintain customer engagement without excessive marketing cost.
Loyalty Campaign,Customer,CUST00767,Potential Loyalists,HIGH,"Provide loyalty points, member benefits and personalized offers.",Repeated booking behavior indicates strong customer engagement.
Reactivation Campaign,Customer,CUST00768,Lost Customers,MEDIUM,Send a reactivation offer and highlight relevant routes or services.,Customer activity has declined significantly.
Loyalty Campaign,Customer,CUST00769,Loyal Customers,HIGH,"Provide loyalty points, member benefits and personalized offers.",Repeated booking behavior indicates strong customer engagement.
General Engagement,Customer,CUST00770,Big Spenders,LOW,Send personalized service updates and relevant offers.,Maintain customer engagement without excessive marketing cost.
General Engagement,Customer,CUST00771,Big Spenders,LOW,Send personalized service updates and relevant offers.,Maintain customer engagement without excessive marketing cost.
Second Booking Campaign,Customer,CUST00772,New Customers,MEDIUM,Offer a first-repeat booking incentive.,The customer should be encouraged to make a second booking.
Second Booking Campaign,Customer,CUST00773,New Customers,MEDIUM,Offer a first-repeat booking incentive.,The customer should be encouraged to make a second booking.
Second Booking Campaign,Customer,CUST00774,New Customers,MEDIUM,Offer a first-repeat booking incentive.,The customer should be encouraged to make a second booking.
Loyalty Campaign,Customer,CUST00775,Loyal Customers,HIGH,"Provide loyalty points, member benefits and personalized offers.",Repeated booking behavior indicates strong customer engagement.
General Engagement,Customer,CUST00776,Need Attention,LOW,Send personalized service updates and relevant offers.,Maintain customer engagement without excessive marketing cost.
Reactivation Campaign,Customer,CUST00777,Lost Customers,MEDIUM,Send a reactivation offer and highlight relevant routes or services.,Customer activity has declined significantly.
General Engagement,Customer,CUST00778,Need Attention,LOW,Send personalized service updates and relevant offers.,Maintain customer engagement without excessive marketing cost.
Loyalty Campaign,Customer,CUST00779,Potential Loyalists,HIGH,"Provide loyalty points, member benefits and personalized offers.",Repeated booking behavior indicates strong customer engagement.
General Engagement,Customer,CUST00780,Big Spenders,LOW,Send personalized service updates and relevant offers.,Maintain customer engagement without excessive marketing cost.
Win-back Campaign,Customer,CUST00781,At Risk,HIGH,Launch a personalized win-back campaign with a targeted discount.,Customer activity indicates potential churn risk.
Loyalty Campaign,Customer,CUST00782,Loyal Customers,HIGH,"Provide loyalty points, member benefits and personalized offers.",Repeated booking behavior indicates strong customer engagement.
Loyalty Rewards,Customer,CUST00783,Champions,HIGH,"Offer loyalty rewards, premium benefits and referral incentives.",High-value customers are likely to respond well to retention programs.
Loyalty Campaign,Customer,CUST00784,Potential Loyalists,HIGH,"Provide loyalty points, member benefits and personalized offers.",Repeated booking behavior indicates strong customer engagement.
General Engagement,Customer,CUST00785,Need Attention,LOW,Send personalized service updates and relevant offers.,Maintain customer engagement without excessive marketing cost.
General Engagement,Customer,CUST00786,Need Attention,LOW,Send personalized service updates and relevant offers.,Maintain customer engagement without excessive marketing cost.
Reactivation Campaign,Customer,CUST00787,Lost Customers,MEDIUM,Send a reactivation offer and highlight relevant routes or services.,Customer activity has declined significantly.
Loyalty Campaign,Customer,CUST00788,Loyal Customers,HIGH,"Provide loyalty points, member benefits and personalized offers.",Repeated booking behavior indicates strong customer engagement.
Reactivation Campaign,Customer,CUST00789,Lost Customers,MEDIUM,Send a reactivation offer and highlight relevant routes or services.,Customer activity has declined significantly.
General Engagement,Customer,CUST00790,Need Attention,LOW,Send personalized service updates and relevant offers.,Maintain customer engagement without excessive marketing cost.
Loyalty Campaign,Customer,CUST00791,Loyal Customers,HIGH,"Provide loyalty points, member benefits and personalized offers.",Repeated booking behavior indicates strong customer engagement.
General Engagement,Customer,CUST00792,Need Attention,LOW,Send personalized service updates and relevant offers.,Maintain customer engagement without excessive marketing cost.
Loyalty Rewards,Customer,CUST00793,Champions,HIGH,"Offer loyalty rewards, premium benefits and referral incentives.",High-value customers are likely to respond well to retention programs.
Second Booking Campaign,Customer,CUST00794,New Customers,MEDIUM,Offer a first-repeat booking incentive.,The customer should be encouraged to make a second booking.
Win-back Campaign,Customer,CUST00795,At Risk,HIGH,Launch a personalized win-back campaign with a targeted discount.,Customer activity indicates potential churn risk.
General Engagement,Customer,CUST00796,Big Spenders,LOW,Send personalized service updates and relevant offers.,Maintain customer engagement without excessive marketing cost.
Loyalty Campaign,Customer,CUST00797,Potential Loyalists,HIGH,"Provide loyalty points, member benefits and personalized offers.",Repeated booking behavior indicates strong customer engagement.
General Engagement,Customer,CUST00798,Big Spenders,LOW,Send personalized service updates and relevant offers.,Maintain customer engagement without excessive marketing cost.
Win-back Campaign,Customer,CUST00799,At Risk,HIGH,Launch a personalized win-back campaign with a targeted discount.,Customer activity indicates potential churn risk.
Second Booking Campaign,Customer,CUST00800,New Customers,MEDIUM,Offer a first-repeat booking incentive.,The customer should be encouraged to make a second booking.
General Engagement,Customer,CUST00801,Need Attention,LOW,Send personalized service updates and relevant offers.,Maintain customer engagement without excessive marketing cost.
Reactivation Campaign,Customer,CUST00802,Lost Customers,MEDIUM,Send a reactivation offer and highlight relevant routes or services.,Customer activity has declined significantly.
Loyalty Rewards,Customer,CUST00804,Champions,HIGH,"Offer loyalty rewards, premium benefits and referral incentives.",High-value customers are likely to respond well to retention programs.
General Engagement,Customer,CUST00805,Need Attention,LOW,Send personalized service updates and relevant offers.,Maintain customer engagement without excessive marketing cost.
Win-back Campaign,Customer,CUST00807,At Risk,HIGH,Launch a personalized win-back campaign with a targeted discount.,Customer activity indicates potential churn risk.
Loyalty Rewards,Customer,CUST00808,Champions,HIGH,"Offer loyalty rewards, premium benefits and referral incentives.",High-value customers are likely to respond well to retention programs.
Win-back Campaign,Customer,CUST00809,At Risk,HIGH,Launch a personalized win-back campaign with a targeted discount.,Customer activity indicates potential churn risk.
General Engagement,Customer,CUST00810,Need Attention,LOW,Send personalized service updates and relevant offers.,Maintain customer engagement without excessive marketing cost.
General Engagement,Customer,CUST00811,Need Attention,LOW,Send personalized service updates and relevant offers.,Maintain customer engagement without excessive marketing cost.
Loyalty Rewards,Customer,CUST00812,Champions,HIGH,"Offer loyalty rewards, premium benefits and referral incentives.",High-value customers are likely to respond well to retention programs.
General Engagement,Customer,CUST00813,Need Attention,LOW,Send personalized service updates and relevant offers.,Maintain customer engagement without excessive marketing cost.
Win-back Campaign,Customer,CUST00814,At Risk,HIGH,Launch a personalized win-back campaign with a targeted discount.,Customer activity indicates potential churn risk.
Reactivation Campaign,Customer,CUST00815,Lost Customers,MEDIUM,Send a reactivation offer and highlight relevant routes or services.,Customer activity has declined significantly.
General Engagement,Customer,CUST00816,Big Spenders,LOW,Send personalized service updates and relevant offers.,Maintain customer engagement without excessive marketing cost.
Second Booking Campaign,Customer,CUST00817,New Customers,MEDIUM,Offer a first-repeat booking incentive.,The customer should be encouraged to make a second booking.
Loyalty Rewards,Customer,CUST00818,Champions,HIGH,"Offer loyalty rewards, premium benefits and referral incentives.",High-value customers are likely to respond well to retention programs.
Reactivation Campaign,Customer,CUST00819,Lost Customers,MEDIUM,Send a reactivation offer and highlight relevant routes or services.,Customer activity has declined significantly.
Loyalty Campaign,Customer,CUST00820,Loyal Customers,HIGH,"Provide loyalty points, member benefits and personalized offers.",Repeated booking behavior indicates strong customer engagement.
Loyalty Rewards,Customer,CUST00821,Champions,HIGH,"Offer loyalty rewards, premium benefits and referral incentives.",High-value customers are likely to respond well to retention programs.
General Engagement,Customer,CUST00822,Need Attention,LOW,Send personalized service updates and relevant offers.,Maintain customer engagement without excessive marketing cost.
General Engagement,Customer,CUST00823,Big Spenders,LOW,Send personalized service updates and relevant offers.,Maintain customer engagement without excessive marketing cost.
Loyalty Campaign,Customer,CUST00824,Loyal Customers,HIGH,"Provide loyalty points, member benefits and personalized offers.",Repeated booking behavior indicates strong customer engagement.
Reactivation Campaign,Customer,CUST00825,Lost Customers,MEDIUM,Send a reactivation offer and highlight relevant routes or services.,Customer activity has declined significantly.
Second Booking Campaign,Customer,CUST00826,New Customers,MEDIUM,Offer a first-repeat booking incentive.,The customer should be encouraged to make a second booking.
General Engagement,Customer,CUST00827,Need Attention,LOW,Send personalized service updates and relevant offers.,Maintain customer engagement without excessive marketing cost.
Second Booking Campaign,Customer,CUST00828,New Customers,MEDIUM,Offer a first-repeat booking incentive.,The customer should be encouraged to make a second booking.
Win-back Campaign,Customer,CUST00829,At Risk,HIGH,Launch a personalized win-back campaign with a targeted discount.,Customer activity indicates potential churn risk.
Loyalty Campaign,Customer,CUST00830,Potential Loyalists,HIGH,"Provide loyalty points, member benefits and personalized offers.",Repeated booking behavior indicates strong customer engagement.
Reactivation Campaign,Customer,CUST00831,Lost Customers,MEDIUM,Send a reactivation offer and highlight relevant routes or services.,Customer activity has declined significantly.
Reactivation Campaign,Customer,CUST00832,Lost Customers,MEDIUM,Send a reactivation offer and highlight relevant routes or services.,Customer activity has declined significantly.
General Engagement,Customer,CUST00833,Need Attention,LOW,Send personalized service updates and relevant offers.,Maintain customer engagement without excessive marketing cost.
Reactivation Campaign,Customer,CUST00834,Lost Customers,MEDIUM,Send a reactivation offer and highlight relevant routes or services.,Customer activity has declined significantly.
Loyalty Campaign,Customer,CUST00835,Potential Loyalists,HIGH,"Provide loyalty points, member benefits and personalized offers.",Repeated booking behavior indicates strong customer engagement.
Win-back Campaign,Customer,CUST00836,At Risk,HIGH,Launch a personalized win-back campaign with a targeted discount.,Customer activity indicates potential churn risk.
Win-back Campaign,Customer,CUST00837,At Risk,HIGH,Launch a personalized win-back campaign with a targeted discount.,Customer activity indicates potential churn risk.
General Engagement,Customer,CUST00838,Need Attention,LOW,Send personalized service updates and relevant offers.,Maintain customer engagement without excessive marketing cost.
General Engagement,Customer,CUST00839,Need Attention,LOW,Send personalized service updates and relevant offers.,Maintain customer engagement without excessive marketing cost.
Second Booking Campaign,Customer,CUST00840,New Customers,MEDIUM,Offer a first-repeat booking incentive.,The customer should be encouraged to make a second booking.
Loyalty Rewards,Customer,CUST00841,Champions,HIGH,"Offer loyalty rewards, premium benefits and referral incentives.",High-value customers are likely to respond well to retention programs.
Reactivation Campaign,Customer,CUST00842,Lost Customers,MEDIUM,Send a reactivation offer and highlight relevant routes or services.,Customer activity has declined significantly.
Loyalty Campaign,Customer,CUST00843,Potential Loyalists,HIGH,"Provide loyalty points, member benefits and personalized offers.",Repeated booking behavior indicates strong customer engagement.
Loyalty Campaign,Customer,CUST00844,Potential Loyalists,HIGH,"Provide loyalty points, member benefits and personalized offers.",Repeated booking behavior indicates strong customer engagement.
General Engagement,Customer,CUST00845,Need Attention,LOW,Send personalized service updates and relevant offers.,Maintain customer engagement without excessive marketing cost.
Win-back Campaign,Customer,CUST00846,At Risk,HIGH,Launch a personalized win-back campaign with a targeted discount.,Customer activity indicates potential churn risk.
Reactivation Campaign,Customer,CUST00847,Lost Customers,MEDIUM,Send a reactivation offer and highlight relevant routes or services.,Customer activity has declined significantly.
General Engagement,Customer,CUST00848,Big Spenders,LOW,Send personalized service updates and relevant offers.,Maintain customer engagement without excessive marketing cost.
General Engagement,Customer,CUST00849,Need Attention,LOW,Send personalized service updates and relevant offers.,Maintain customer engagement without excessive marketing cost.
Loyalty Rewards,Customer,CUST00850,Champions,HIGH,"Offer loyalty rewards, premium benefits and referral incentives.",High-value customers are likely to respond well to retention programs.
Reactivation Campaign,Customer,CUST00851,Lost Customers,MEDIUM,Send a reactivation offer and highlight relevant routes or services.,Customer activity has declined significantly.
Reactivation Campaign,Customer,CUST00852,Lost Customers,MEDIUM,Send a reactivation offer and highlight relevant routes or services.,Customer activity has declined significantly.
Loyalty Rewards,Customer,CUST00853,Champions,HIGH,"Offer loyalty rewards, premium benefits and referral incentives.",High-value customers are likely to respond well to retention programs.
Loyalty Campaign,Customer,CUST00854,Potential Loyalists,HIGH,"Provide loyalty points, member benefits and personalized offers.",Repeated booking behavior indicates strong customer engagement.
Loyalty Campaign,Customer,CUST00855,Potential Loyalists,HIGH,"Provide loyalty points, member benefits and personalized offers.",Repeated booking behavior indicates strong customer engagement.
General Engagement,Customer,CUST00856,Need Attention,LOW,Send personalized service updates and relevant offers.,Maintain customer engagement without excessive marketing cost.
Second Booking Campaign,Customer,CUST00857,New Customers,MEDIUM,Offer a first-repeat booking incentive.,The customer should be encouraged to make a second booking.
Reactivation Campaign,Customer,CUST00858,Lost Customers,MEDIUM,Send a reactivation offer and highlight relevant routes or services.,Customer activity has declined significantly.
Second Booking Campaign,Customer,CUST00859,New Customers,MEDIUM,Offer a first-repeat booking incentive.,The customer should be encouraged to make a second booking.
Loyalty Rewards,Customer,CUST00860,Champions,HIGH,"Offer loyalty rewards, premium benefits and referral incentives.",High-value customers are likely to respond well to retention programs.
Loyalty Campaign,Customer,CUST00861,Potential Loyalists,HIGH,"Provide loyalty points, member benefits and personalized offers.",Repeated booking behavior indicates strong customer engagement.
Loyalty Campaign,Customer,CUST00862,Loyal Customers,HIGH,"Provide loyalty points, member benefits and personalized offers.",Repeated booking behavior indicates strong customer engagement.
Loyalty Rewards,Customer,CUST00863,Champions,HIGH,"Offer loyalty rewards, premium benefits and referral incentives.",High-value customers are likely to respond well to retention programs.
Loyalty Campaign,Customer,CUST00865,Potential Loyalists,HIGH,"Provide loyalty points, member benefits and personalized offers.",Repeated booking behavior indicates strong customer engagement.
General Engagement,Customer,CUST00866,Need Attention,LOW,Send personalized service updates and relevant offers.,Maintain customer engagement without excessive marketing cost.
Second Booking Campaign,Customer,CUST00867,New Customers,MEDIUM,Offer a first-repeat booking incentive.,The customer should be encouraged to make a second booking.
Win-back Campaign,Customer,CUST00868,At Risk,HIGH,Launch a personalized win-back campaign with a targeted discount.,Customer activity indicates potential churn risk.
Loyalty Campaign,Customer,CUST00869,Potential Loyalists,HIGH,"Provide loyalty points, member benefits and personalized offers.",Repeated booking behavior indicates strong customer engagement.
Second Booking Campaign,Customer,CUST00870,New Customers,MEDIUM,Offer a first-repeat booking incentive.,The customer should be encouraged to make a second booking.
Loyalty Campaign,Customer,CUST00871,Potential Loyalists,HIGH,"Provide loyalty points, member benefits and personalized offers.",Repeated booking behavior indicates strong customer engagement.
General Engagement,Customer,CUST00872,Need Attention,LOW,Send personalized service updates and relevant offers.,Maintain customer engagement without excessive marketing cost.
Loyalty Campaign,Customer,CUST00873,Loyal Customers,HIGH,"Provide loyalty points, member benefits and personalized offers.",Repeated booking behavior indicates strong customer engagement.
General Engagement,Customer,CUST00874,Big Spenders,LOW,Send personalized service updates and relevant offers.,Maintain customer engagement without excessive marketing cost.
Reactivation Campaign,Customer,CUST00875,Lost Customers,MEDIUM,Send a reactivation offer and highlight relevant routes or services.,Customer activity has declined significantly.
General Engagement,Customer,CUST00876,Need Attention,LOW,Send personalized service updates and relevant offers.,Maintain customer engagement without excessive marketing cost.
General Engagement,Customer,CUST00877,Need Attention,LOW,Send personalized service updates and relevant offers.,Maintain customer engagement without excessive marketing cost.
General Engagement,Customer,CUST00878,Need Attention,LOW,Send personalized service updates and relevant offers.,Maintain customer engagement without excessive marketing cost.
Loyalty Rewards,Customer,CUST00879,Champions,HIGH,"Offer loyalty rewards, premium benefits and referral incentives.",High-value customers are likely to respond well to retention programs.
Reactivation Campaign,Customer,CUST00880,Lost Customers,MEDIUM,Send a reactivation offer and highlight relevant routes or services.,Customer activity has declined significantly.
Reactivation Campaign,Customer,CUST00881,Lost Customers,MEDIUM,Send a reactivation offer and highlight relevant routes or services.,Customer activity has declined significantly.
Loyalty Campaign,Customer,CUST00882,Potential Loyalists,HIGH,"Provide loyalty points, member benefits and personalized offers.",Repeated booking behavior indicates strong customer engagement.
Second Booking Campaign,Customer,CUST00883,New Customers,MEDIUM,Offer a first-repeat booking incentive.,The customer should be encouraged to make a second booking.
General Engagement,Customer,CUST00884,Need Attention,LOW,Send personalized service updates and relevant offers.,Maintain customer engagement without excessive marketing cost.
Reactivation Campaign,Customer,CUST00885,Lost Customers,MEDIUM,Send a reactivation offer and highlight relevant routes or services.,Customer activity has declined significantly.
Loyalty Campaign,Customer,CUST00886,Loyal Customers,HIGH,"Provide loyalty points, member benefits and personalized offers.",Repeated booking behavior indicates strong customer engagement.
Loyalty Rewards,Customer,CUST00887,Champions,HIGH,"Offer loyalty rewards, premium benefits and referral incentives.",High-value customers are likely to respond well to retention programs.
Loyalty Campaign,Customer,CUST00888,Loyal Customers,HIGH,"Provide loyalty points, member benefits and personalized offers.",Repeated booking behavior indicates strong customer engagement.
Win-back Campaign,Customer,CUST00889,At Risk,HIGH,Launch a personalized win-back campaign with a targeted discount.,Customer activity indicates potential churn risk.
General Engagement,Customer,CUST00890,Need Attention,LOW,Send personalized service updates and relevant offers.,Maintain customer engagement without excessive marketing cost.
Win-back Campaign,Customer,CUST00891,At Risk,HIGH,Launch a personalized win-back campaign with a targeted discount.,Customer activity indicates potential churn risk.
Second Booking Campaign,Customer,CUST00892,New Customers,MEDIUM,Offer a first-repeat booking incentive.,The customer should be encouraged to make a second booking.
Reactivation Campaign,Customer,CUST00893,Lost Customers,MEDIUM,Send a reactivation offer and highlight relevant routes or services.,Customer activity has declined significantly.
Reactivation Campaign,Customer,CUST00894,Lost Customers,MEDIUM,Send a reactivation offer and highlight relevant routes or services.,Customer activity has declined significantly.
General Engagement,Customer,CUST00895,Big Spenders,LOW,Send personalized service updates and relevant offers.,Maintain customer engagement without excessive marketing cost.
Win-back Campaign,Customer,CUST00896,At Risk,HIGH,Launch a personalized win-back campaign with a targeted discount.,Customer activity indicates potential churn risk.
General Engagement,Customer,CUST00897,Need Attention,LOW,Send personalized service updates and relevant offers.,Maintain customer engagement without excessive marketing cost.
Second Booking Campaign,Customer,CUST00898,New Customers,MEDIUM,Offer a first-repeat booking incentive.,The customer should be encouraged to make a second booking.
Loyalty Rewards,Customer,CUST00899,Champions,HIGH,"Offer loyalty rewards, premium benefits and referral incentives.",High-value customers are likely to respond well to retention programs.
Loyalty Campaign,Customer,CUST00900,Loyal Customers,HIGH,"Provide loyalty points, member benefits and personalized offers.",Repeated booking behavior indicates strong customer engagement.
Reactivation Campaign,Customer,CUST00901,Lost Customers,MEDIUM,Send a reactivation offer and highlight relevant routes or services.,Customer activity has declined significantly.
Win-back Campaign,Customer,CUST00902,At Risk,HIGH,Launch a personalized win-back campaign with a targeted discount.,Customer activity indicates potential churn risk.
General Engagement,Customer,CUST00903,Big Spenders,LOW,Send personalized service updates and relevant offers.,Maintain customer engagement without excessive marketing cost.
General Engagement,Customer,CUST00904,Need Attention,LOW,Send personalized service updates and relevant offers.,Maintain customer engagement without excessive marketing cost.
Reactivation Campaign,Customer,CUST00905,Lost Customers,MEDIUM,Send a reactivation offer and highlight relevant routes or services.,Customer activity has declined significantly.
General Engagement,Customer,CUST00906,Need Attention,LOW,Send personalized service updates and relevant offers.,Maintain customer engagement without excessive marketing cost.
Loyalty Campaign,Customer,CUST00907,Loyal Customers,HIGH,"Provide loyalty points, member benefits and personalized offers.",Repeated booking behavior indicates strong customer engagement.
General Engagement,Customer,CUST00908,Need Attention,LOW,Send personalized service updates and relevant offers.,Maintain customer engagement without excessive marketing cost.
Loyalty Rewards,Customer,CUST00909,Champions,HIGH,"Offer loyalty rewards, premium benefits and referral incentives.",High-value customers are likely to respond well to retention programs.
Reactivation Campaign,Customer,CUST00910,Lost Customers,MEDIUM,Send a reactivation offer and highlight relevant routes or services.,Customer activity has declined significantly.
General Engagement,Customer,CUST00911,Big Spenders,LOW,Send personalized service updates and relevant offers.,Maintain customer engagement without excessive marketing cost.
General Engagement,Customer,CUST00912,Need Attention,LOW,Send personalized service updates and relevant offers.,Maintain customer engagement without excessive marketing cost.
General Engagement,Customer,CUST00913,Need Attention,LOW,Send personalized service updates and relevant offers.,Maintain customer engagement without excessive marketing cost.
Loyalty Campaign,Customer,CUST00914,Potential Loyalists,HIGH,"Provide loyalty points, member benefits and personalized offers.",Repeated booking behavior indicates strong customer engagement.
Reactivation Campaign,Customer,CUST00915,Lost Customers,MEDIUM,Send a reactivation offer and highlight relevant routes or services.,Customer activity has declined significantly.
Loyalty Rewards,Customer,CUST00916,Champions,HIGH,"Offer loyalty rewards, premium benefits and referral incentives.",High-value customers are likely to respond well to retention programs.
Second Booking Campaign,Customer,CUST00918,New Customers,MEDIUM,Offer a first-repeat booking incentive.,The customer should be encouraged to make a second booking.
Loyalty Rewards,Customer,CUST00919,Champions,HIGH,"Offer loyalty rewards, premium benefits and referral incentives.",High-value customers are likely to respond well to retention programs.
Reactivation Campaign,Customer,CUST00920,Lost Customers,MEDIUM,Send a reactivation offer and highlight relevant routes or services.,Customer activity has declined significantly.
Reactivation Campaign,Customer,CUST00921,Lost Customers,MEDIUM,Send a reactivation offer and highlight relevant routes or services.,Customer activity has declined significantly.
Loyalty Campaign,Customer,CUST00922,Loyal Customers,HIGH,"Provide loyalty points, member benefits and personalized offers.",Repeated booking behavior indicates strong customer engagement.
Reactivation Campaign,Customer,CUST00923,Lost Customers,MEDIUM,Send a reactivation offer and highlight relevant routes or services.,Customer activity has declined significantly.
General Engagement,Customer,CUST00925,Need Attention,LOW,Send personalized service updates and relevant offers.,Maintain customer engagement without excessive marketing cost.
Win-back Campaign,Customer,CUST00926,At Risk,HIGH,Launch a personalized win-back campaign with a targeted discount.,Customer activity indicates potential churn risk.
Loyalty Rewards,Customer,CUST00927,Champions,HIGH,"Offer loyalty rewards, premium benefits and referral incentives.",High-value customers are likely to respond well to retention programs.
Reactivation Campaign,Customer,CUST00928,Lost Customers,MEDIUM,Send a reactivation offer and highlight relevant routes or services.,Customer activity has declined significantly.
Reactivation Campaign,Customer,CUST00929,Lost Customers,MEDIUM,Send a reactivation offer and highlight relevant routes or services.,Customer activity has declined significantly.
General Engagement,Customer,CUST00931,Need Attention,LOW,Send personalized service updates and relevant offers.,Maintain customer engagement without excessive marketing cost.
Win-back Campaign,Customer,CUST00932,At Risk,HIGH,Launch a personalized win-back campaign with a targeted discount.,Customer activity indicates potential churn risk.
Second Booking Campaign,Customer,CUST00933,New Customers,MEDIUM,Offer a first-repeat booking incentive.,The customer should be encouraged to make a second booking.
Second Booking Campaign,Customer,CUST00934,New Customers,MEDIUM,Offer a first-repeat booking incentive.,The customer should be encouraged to make a second booking.
Win-back Campaign,Customer,CUST00935,At Risk,HIGH,Launch a personalized win-back campaign with a targeted discount.,Customer activity indicates potential churn risk.
Second Booking Campaign,Customer,CUST00936,New Customers,MEDIUM,Offer a first-repeat booking incentive.,The customer should be encouraged to make a second booking.
General Engagement,Customer,CUST00937,Need Attention,LOW,Send personalized service updates and relevant offers.,Maintain customer engagement without excessive marketing cost.
General Engagement,Customer,CUST00938,Big Spenders,LOW,Send personalized service updates and relevant offers.,Maintain customer engagement without excessive marketing cost.
General Engagement,Customer,CUST00939,Need Attention,LOW,Send personalized service updates and relevant offers.,Maintain customer engagement without excessive marketing cost.
Loyalty Rewards,Customer,CUST00940,Champions,HIGH,"Offer loyalty rewards, premium benefits and referral incentives.",High-value customers are likely to respond well to retention programs.
Loyalty Rewards,Customer,CUST00941,Champions,HIGH,"Offer loyalty rewards, premium benefits and referral incentives.",High-value customers are likely to respond well to retention programs.
Reactivation Campaign,Customer,CUST00943,Lost Customers,MEDIUM,Send a reactivation offer and highlight relevant routes or services.,Customer activity has declined significantly.
Second Booking Campaign,Customer,CUST00944,New Customers,MEDIUM,Offer a first-repeat booking incentive.,The customer should be encouraged to make a second booking.
Loyalty Rewards,Customer,CUST00945,Champions,HIGH,"Offer loyalty rewards, premium benefits and referral incentives.",High-value customers are likely to respond well to retention programs.
Second Booking Campaign,Customer,CUST00946,New Customers,MEDIUM,Offer a first-repeat booking incentive.,The customer should be encouraged to make a second booking.
Loyalty Campaign,Customer,CUST00947,Loyal Customers,HIGH,"Provide loyalty points, member benefits and personalized offers.",Repeated booking behavior indicates strong customer engagement.
Second Booking Campaign,Customer,CUST00948,New Customers,MEDIUM,Offer a first-repeat booking incentive.,The customer should be encouraged to make a second booking.
Win-back Campaign,Customer,CUST00949,At Risk,HIGH,Launch a personalized win-back campaign with a targeted discount.,Customer activity indicates potential churn risk.
General Engagement,Customer,CUST00950,Need Attention,LOW,Send personalized service updates and relevant offers.,Maintain customer engagement without excessive marketing cost.
Win-back Campaign,Customer,CUST00951,At Risk,HIGH,Launch a personalized win-back campaign with a targeted discount.,Customer activity indicates potential churn risk.
Loyalty Rewards,Customer,CUST00952,Champions,HIGH,"Offer loyalty rewards, premium benefits and referral incentives.",High-value customers are likely to respond well to retention programs.
Second Booking Campaign,Customer,CUST00953,New Customers,MEDIUM,Offer a first-repeat booking incentive.,The customer should be encouraged to make a second booking.
General Engagement,Customer,CUST00954,Need Attention,LOW,Send personalized service updates and relevant offers.,Maintain customer engagement without excessive marketing cost.
Loyalty Campaign,Customer,CUST00955,Loyal Customers,HIGH,"Provide loyalty points, member benefits and personalized offers.",Repeated booking behavior indicates strong customer engagement.
Reactivation Campaign,Customer,CUST00956,Lost Customers,MEDIUM,Send a reactivation offer and highlight relevant routes or services.,Customer activity has declined significantly.
Loyalty Rewards,Customer,CUST00957,Champions,HIGH,"Offer loyalty rewards, premium benefits and referral incentives.",High-value customers are likely to respond well to retention programs.
Win-back Campaign,Customer,CUST00958,At Risk,HIGH,Launch a personalized win-back campaign with a targeted discount.,Customer activity indicates potential churn risk.
General Engagement,Customer,CUST00959,Need Attention,LOW,Send personalized service updates and relevant offers.,Maintain customer engagement without excessive marketing cost.
Loyalty Campaign,Customer,CUST00960,Loyal Customers,HIGH,"Provide loyalty points, member benefits and personalized offers.",Repeated booking behavior indicates strong customer engagement.
General Engagement,Customer,CUST00961,Need Attention,LOW,Send personalized service updates and relevant offers.,Maintain customer engagement without excessive marketing cost.
Loyalty Rewards,Customer,CUST00962,Champions,HIGH,"Offer loyalty rewards, premium benefits and referral incentives.",High-value customers are likely to respond well to retention programs.
General Engagement,Customer,CUST00963,Need Attention,LOW,Send personalized service updates and relevant offers.,Maintain customer engagement without excessive marketing cost.
Loyalty Campaign,Customer,CUST00964,Loyal Customers,HIGH,"Provide loyalty points, member benefits and personalized offers.",Repeated booking behavior indicates strong customer engagement.
Reactivation Campaign,Customer,CUST00965,Lost Customers,MEDIUM,Send a reactivation offer and highlight relevant routes or services.,Customer activity has declined significantly.
General Engagement,Customer,CUST00966,Need Attention,LOW,Send personalized service updates and relevant offers.,Maintain customer engagement without excessive marketing cost.
General Engagement,Customer,CUST00967,Big Spenders,LOW,Send personalized service updates and relevant offers.,Maintain customer engagement without excessive marketing cost.
Loyalty Campaign,Customer,CUST00968,Loyal Customers,HIGH,"Provide loyalty points, member benefits and personalized offers.",Repeated booking behavior indicates strong customer engagement.
General Engagement,Customer,CUST00969,Need Attention,LOW,Send personalized service updates and relevant offers.,Maintain customer engagement without excessive marketing cost.
Loyalty Campaign,Customer,CUST00970,Loyal Customers,HIGH,"Provide loyalty points, member benefits and personalized offers.",Repeated booking behavior indicates strong customer engagement.
Reactivation Campaign,Customer,CUST00971,Lost Customers,MEDIUM,Send a reactivation offer and highlight relevant routes or services.,Customer activity has declined significantly.
Win-back Campaign,Customer,CUST00972,At Risk,HIGH,Launch a personalized win-back campaign with a targeted discount.,Customer activity indicates potential churn risk.
General Engagement,Customer,CUST00973,Need Attention,LOW,Send personalized service updates and relevant offers.,Maintain customer engagement without excessive marketing cost.
General Engagement,Customer,CUST00974,Need Attention,LOW,Send personalized service updates and relevant offers.,Maintain customer engagement without excessive marketing cost.
General Engagement,Customer,CUST00975,Need Attention,LOW,Send personalized service updates and relevant offers.,Maintain customer engagement without excessive marketing cost.
Loyalty Campaign,Customer,CUST00978,Potential Loyalists,HIGH,"Provide loyalty points, member benefits and personalized offers.",Repeated booking behavior indicates strong customer engagement.
Reactivation Campaign,Customer,CUST00979,Lost Customers,MEDIUM,Send a reactivation offer and highlight relevant routes or services.,Customer activity has declined significantly.
General Engagement,Customer,CUST00980,Need Attention,LOW,Send personalized service updates and relevant offers.,Maintain customer engagement without excessive marketing cost.
Loyalty Campaign,Customer,CUST00981,Loyal Customers,HIGH,"Provide loyalty points, member benefits and personalized offers.",Repeated booking behavior indicates strong customer engagement.
Reactivation Campaign,Customer,CUST00982,Lost Customers,MEDIUM,Send a reactivation offer and highlight relevant routes or services.,Customer activity has declined significantly.
Loyalty Rewards,Customer,CUST00983,Champions,HIGH,"Offer loyalty rewards, premium benefits and referral incentives.",High-value customers are likely to respond well to retention programs.
Reactivation Campaign,Customer,CUST00984,Lost Customers,MEDIUM,Send a reactivation offer and highlight relevant routes or services.,Customer activity has declined significantly.
Reactivation Campaign,Customer,CUST00985,Lost Customers,MEDIUM,Send a reactivation offer and highlight relevant routes or services.,Customer activity has declined significantly.
Reactivation Campaign,Customer,CUST00986,Lost Customers,MEDIUM,Send a reactivation offer and highlight relevant routes or services.,Customer activity has declined significantly.
Loyalty Rewards,Customer,CUST00987,Champions,HIGH,"Offer loyalty rewards, premium benefits and referral incentives.",High-value customers are likely to respond well to retention programs.
Loyalty Campaign,Customer,CUST00988,Loyal Customers,HIGH,"Provide loyalty points, member benefits and personalized offers.",Repeated booking behavior indicates strong customer engagement.
General Engagement,Customer,CUST00989,Need Attention,LOW,Send personalized service updates and relevant offers.,Maintain customer engagement without excessive marketing cost.
Reactivation Campaign,Customer,CUST00991,Lost Customers,MEDIUM,Send a reactivation offer and highlight relevant routes or services.,Customer activity has declined significantly.
Loyalty Rewards,Customer,CUST00992,Champions,HIGH,"Offer loyalty rewards, premium benefits and referral incentives.",High-value customers are likely to respond well to retention programs.
Second Booking Campaign,Customer,CUST00993,New Customers,MEDIUM,Offer a first-repeat booking incentive.,The customer should be encouraged to make a second booking.
Win-back Campaign,Customer,CUST00994,At Risk,HIGH,Launch a personalized win-back campaign with a targeted discount.,Customer activity indicates potential churn risk.
General Engagement,Customer,CUST00995,Need Attention,LOW,Send personalized service updates and relevant offers.,Maintain customer engagement without excessive marketing cost.
Loyalty Rewards,Customer,CUST00996,Champions,HIGH,"Offer loyalty rewards, premium benefits and referral incentives.",High-value customers are likely to respond well to retention programs.
Loyalty Campaign,Customer,CUST00997,Potential Loyalists,HIGH,"Provide loyalty points, member benefits and personalized offers.",Repeated booking behavior indicates strong customer engagement.
Win-back Campaign,Customer,CUST00999,At Risk,HIGH,Launch a personalized win-back campaign with a targeted discount.,Customer activity indicates potential churn risk.
Loyalty Campaign,Customer,CUST01000,Potential Loyalists,HIGH,"Provide loyalty points, member benefits and personalized offers.",Repeated booking behavior indicates strong customer engagement.
General Engagement,Customer,CUST01001,Need Attention,LOW,Send personalized service updates and relevant offers.,Maintain customer engagement without excessive marketing cost.
Reactivation Campaign,Customer,CUST01002,Lost Customers,MEDIUM,Send a reactivation offer and highlight relevant routes or services.,Customer activity has declined significantly.
General Engagement,Customer,CUST01003,Big Spenders,LOW,Send personalized service updates and relevant offers.,Maintain customer engagement without excessive marketing cost.
Loyalty Rewards,Customer,CUST01004,Champions,HIGH,"Offer loyalty rewards, premium benefits and referral incentives.",High-value customers are likely to respond well to retention programs.
Reactivation Campaign,Customer,CUST01005,Lost Customers,MEDIUM,Send a reactivation offer and highlight relevant routes or services.,Customer activity has declined significantly.
Reactivation Campaign,Customer,CUST01006,Lost Customers,MEDIUM,Send a reactivation offer and highlight relevant routes or services.,Customer activity has declined significantly.
Loyalty Campaign,Customer,CUST01007,Loyal Customers,HIGH,"Provide loyalty points, member benefits and personalized offers.",Repeated booking behavior indicates strong customer engagement.
Loyalty Rewards,Customer,CUST01008,Champions,HIGH,"Offer loyalty rewards, premium benefits and referral incentives.",High-value customers are likely to respond well to retention programs.
General Engagement,Customer,CUST01009,Big Spenders,LOW,Send personalized service updates and relevant offers.,Maintain customer engagement without excessive marketing cost.
General Engagement,Customer,CUST01010,Need Attention,LOW,Send personalized service updates and relevant offers.,Maintain customer engagement without excessive marketing cost.
Second Booking Campaign,Customer,CUST01011,New Customers,MEDIUM,Offer a first-repeat booking incentive.,The customer should be encouraged to make a second booking.
Second Booking Campaign,Customer,CUST01012,New Customers,MEDIUM,Offer a first-repeat booking incentive.,The customer should be encouraged to make a second booking.
Loyalty Rewards,Customer,CUST01013,Champions,HIGH,"Offer loyalty rewards, premium benefits and referral incentives.",High-value customers are likely to respond well to retention programs.
Loyalty Rewards,Customer,CUST01014,Champions,HIGH,"Offer loyalty rewards, premium benefits and referral incentives.",High-value customers are likely to respond well to retention programs.
Loyalty Rewards,Customer,CUST01015,Champions,HIGH,"Offer loyalty rewards, premium benefits and referral incentives.",High-value customers are likely to respond well to retention programs.
General Engagement,Customer,CUST01016,Need Attention,LOW,Send personalized service updates and relevant offers.,Maintain customer engagement without excessive marketing cost.
Loyalty Rewards,Customer,CUST01017,Champions,HIGH,"Offer loyalty rewards, premium benefits and referral incentives.",High-value customers are likely to respond well to retention programs.
Win-back Campaign,Customer,CUST01018,At Risk,HIGH,Launch a personalized win-back campaign with a targeted discount.,Customer activity indicates potential churn risk.
Loyalty Rewards,Customer,CUST01019,Champions,HIGH,"Offer loyalty rewards, premium benefits and referral incentives.",High-value customers are likely to respond well to retention programs.
Loyalty Rewards,Customer,CUST01021,Champions,HIGH,"Offer loyalty rewards, premium benefits and referral incentives.",High-value customers are likely to respond well to retention programs.
General Engagement,Customer,CUST01022,Need Attention,LOW,Send personalized service updates and relevant offers.,Maintain customer engagement without excessive marketing cost.
Reactivation Campaign,Customer,CUST01023,Lost Customers,MEDIUM,Send a reactivation offer and highlight relevant routes or services.,Customer activity has declined significantly.
Loyalty Campaign,Customer,CUST01024,Loyal Customers,HIGH,"Provide loyalty points, member benefits and personalized offers.",Repeated booking behavior indicates strong customer engagement.
Loyalty Rewards,Customer,CUST01025,Champions,HIGH,"Offer loyalty rewards, premium benefits and referral incentives.",High-value customers are likely to respond well to retention programs.
General Engagement,Customer,CUST01026,Need Attention,LOW,Send personalized service updates and relevant offers.,Maintain customer engagement without excessive marketing cost.
Loyalty Rewards,Customer,CUST01027,Champions,HIGH,"Offer loyalty rewards, premium benefits and referral incentives.",High-value customers are likely to respond well to retention programs.
General Engagement,Customer,CUST01028,Need Attention,LOW,Send personalized service updates and relevant offers.,Maintain customer engagement without excessive marketing cost.
Second Booking Campaign,Customer,CUST01031,New Customers,MEDIUM,Offer a first-repeat booking incentive.,The customer should be encouraged to make a second booking.
Loyalty Campaign,Customer,CUST01032,Loyal Customers,HIGH,"Provide loyalty points, member benefits and personalized offers.",Repeated booking behavior indicates strong customer engagement.
Loyalty Rewards,Customer,CUST01033,Champions,HIGH,"Offer loyalty rewards, premium benefits and referral incentives.",High-value customers are likely to respond well to retention programs.
Loyalty Campaign,Customer,CUST01034,Loyal Customers,HIGH,"Provide loyalty points, member benefits and personalized offers.",Repeated booking behavior indicates strong customer engagement.
Loyalty Campaign,Customer,CUST01035,Loyal Customers,HIGH,"Provide loyalty points, member benefits and personalized offers.",Repeated booking behavior indicates strong customer engagement.
Reactivation Campaign,Customer,CUST01036,Lost Customers,MEDIUM,Send a reactivation offer and highlight relevant routes or services.,Customer activity has declined significantly.
Loyalty Campaign,Customer,CUST01037,Loyal Customers,HIGH,"Provide loyalty points, member benefits and personalized offers.",Repeated booking behavior indicates strong customer engagement.
General Engagement,Customer,CUST01038,Big Spenders,LOW,Send personalized service updates and relevant offers.,Maintain customer engagement without excessive marketing cost.
Loyalty Rewards,Customer,CUST01039,Champions,HIGH,"Offer loyalty rewards, premium benefits and referral incentives.",High-value customers are likely to respond well to retention programs.
Second Booking Campaign,Customer,CUST01040,New Customers,MEDIUM,Offer a first-repeat booking incentive.,The customer should be encouraged to make a second booking.
General Engagement,Customer,CUST01041,Need Attention,LOW,Send personalized service updates and relevant offers.,Maintain customer engagement without excessive marketing cost.
Win-back Campaign,Customer,CUST01042,At Risk,HIGH,Launch a personalized win-back campaign with a targeted discount.,Customer activity indicates potential churn risk.
General Engagement,Customer,CUST01043,Need Attention,LOW,Send personalized service updates and relevant offers.,Maintain customer engagement without excessive marketing cost.
Loyalty Rewards,Customer,CUST01044,Champions,HIGH,"Offer loyalty rewards, premium benefits and referral incentives.",High-value customers are likely to respond well to retention programs.
General Engagement,Customer,CUST01045,Need Attention,LOW,Send personalized service updates and relevant offers.,Maintain customer engagement without excessive marketing cost.
Loyalty Rewards,Customer,CUST01046,Champions,HIGH,"Offer loyalty rewards, premium benefits and referral incentives.",High-value customers are likely to respond well to retention programs.
Reactivation Campaign,Customer,CUST01047,Lost Customers,MEDIUM,Send a reactivation offer and highlight relevant routes or services.,Customer activity has declined significantly.
General Engagement,Customer,CUST01048,Big Spenders,LOW,Send personalized service updates and relevant offers.,Maintain customer engagement without excessive marketing cost.
Loyalty Campaign,Customer,CUST01049,Potential Loyalists,HIGH,"Provide loyalty points, member benefits and personalized offers.",Repeated booking behavior indicates strong customer engagement.
Loyalty Rewards,Customer,CUST01050,Champions,HIGH,"Offer loyalty rewards, premium benefits and referral incentives.",High-value customers are likely to respond well to retention programs.
General Engagement,Customer,CUST01051,Need Attention,LOW,Send personalized service updates and relevant offers.,Maintain customer engagement without excessive marketing cost.
General Engagement,Customer,CUST01052,Need Attention,LOW,Send personalized service updates and relevant offers.,Maintain customer engagement without excessive marketing cost.
General Engagement,Customer,CUST01053,Need Attention,LOW,Send personalized service updates and relevant offers.,Maintain customer engagement without excessive marketing cost.
General Engagement,Customer,CUST01054,Need Attention,LOW,Send personalized service updates and relevant offers.,Maintain customer engagement without excessive marketing cost.
General Engagement,Customer,CUST01055,Need Attention,LOW,Send personalized service updates and relevant offers.,Maintain customer engagement without excessive marketing cost.
General Engagement,Customer,CUST01056,Need Attention,LOW,Send personalized service updates and relevant offers.,Maintain customer engagement without excessive marketing cost.
Second Booking Campaign,Customer,CUST01057,New Customers,MEDIUM,Offer a first-repeat booking incentive.,The customer should be encouraged to make a second booking.
Loyalty Rewards,Customer,CUST01058,Champions,HIGH,"Offer loyalty rewards, premium benefits and referral incentives.",High-value customers are likely to respond well to retention programs.
Reactivation Campaign,Customer,CUST01059,Lost Customers,MEDIUM,Send a reactivation offer and highlight relevant routes or services.,Customer activity has declined significantly.
Second Booking Campaign,Customer,CUST01060,New Customers,MEDIUM,Offer a first-repeat booking incentive.,The customer should be encouraged to make a second booking.
Reactivation Campaign,Customer,CUST01061,Lost Customers,MEDIUM,Send a reactivation offer and highlight relevant routes or services.,Customer activity has declined significantly.
General Engagement,Customer,CUST01062,Need Attention,LOW,Send personalized service updates and relevant offers.,Maintain customer engagement without excessive marketing cost.
Loyalty Rewards,Customer,CUST01063,Champions,HIGH,"Offer loyalty rewards, premium benefits and referral incentives.",High-value customers are likely to respond well to retention programs.
Loyalty Rewards,Customer,CUST01064,Champions,HIGH,"Offer loyalty rewards, premium benefits and referral incentives.",High-value customers are likely to respond well to retention programs.
General Engagement,Customer,CUST01065,Big Spenders,LOW,Send personalized service updates and relevant offers.,Maintain customer engagement without excessive marketing cost.
General Engagement,Customer,CUST01066,Need Attention,LOW,Send personalized service updates and relevant offers.,Maintain customer engagement without excessive marketing cost.
Loyalty Campaign,Customer,CUST01067,Potential Loyalists,HIGH,"Provide loyalty points, member benefits and personalized offers.",Repeated booking behavior indicates strong customer engagement.
Reactivation Campaign,Customer,CUST01068,Lost Customers,MEDIUM,Send a reactivation offer and highlight relevant routes or services.,Customer activity has declined significantly.
Win-back Campaign,Customer,CUST01069,At Risk,HIGH,Launch a personalized win-back campaign with a targeted discount.,Customer activity indicates potential churn risk.
Reactivation Campaign,Customer,CUST01070,Lost Customers,MEDIUM,Send a reactivation offer and highlight relevant routes or services.,Customer activity has declined significantly.
Loyalty Campaign,Customer,CUST01071,Potential Loyalists,HIGH,"Provide loyalty points, member benefits and personalized offers.",Repeated booking behavior indicates strong customer engagement.
Second Booking Campaign,Customer,CUST01072,New Customers,MEDIUM,Offer a first-repeat booking incentive.,The customer should be encouraged to make a second booking.
Loyalty Campaign,Customer,CUST01073,Potential Loyalists,HIGH,"Provide loyalty points, member benefits and personalized offers.",Repeated booking behavior indicates strong customer engagement.
Loyalty Campaign,Customer,CUST01074,Loyal Customers,HIGH,"Provide loyalty points, member benefits and personalized offers.",Repeated booking behavior indicates strong customer engagement.
Reactivation Campaign,Customer,CUST01075,Lost Customers,MEDIUM,Send a reactivation offer and highlight relevant routes or services.,Customer activity has declined significantly.
Loyalty Campaign,Customer,CUST01076,Loyal Customers,HIGH,"Provide loyalty points, member benefits and personalized offers.",Repeated booking behavior indicates strong customer engagement.
Loyalty Campaign,Customer,CUST01077,Loyal Customers,HIGH,"Provide loyalty points, member benefits and personalized offers.",Repeated booking behavior indicates strong customer engagement.
Loyalty Campaign,Customer,CUST01079,Loyal Customers,HIGH,"Provide loyalty points, member benefits and personalized offers.",Repeated booking behavior indicates strong customer engagement.
Reactivation Campaign,Customer,CUST01080,Lost Customers,MEDIUM,Send a reactivation offer and highlight relevant routes or services.,Customer activity has declined significantly.
Reactivation Campaign,Customer,CUST01081,Lost Customers,MEDIUM,Send a reactivation offer and highlight relevant routes or services.,Customer activity has declined significantly.
Reactivation Campaign,Customer,CUST01082,Lost Customers,MEDIUM,Send a reactivation offer and highlight relevant routes or services.,Customer activity has declined significantly.
General Engagement,Customer,CUST01083,Need Attention,LOW,Send personalized service updates and relevant offers.,Maintain customer engagement without excessive marketing cost.
General Engagement,Customer,CUST01084,Need Attention,LOW,Send personalized service updates and relevant offers.,Maintain customer engagement without excessive marketing cost.
Loyalty Rewards,Customer,CUST01085,Champions,HIGH,"Offer loyalty rewards, premium benefits and referral incentives.",High-value customers are likely to respond well to retention programs.
Loyalty Rewards,Customer,CUST01086,Champions,HIGH,"Offer loyalty rewards, premium benefits and referral incentives.",High-value customers are likely to respond well to retention programs.
General Engagement,Customer,CUST01087,Need Attention,LOW,Send personalized service updates and relevant offers.,Maintain customer engagement without excessive marketing cost.
Loyalty Campaign,Customer,CUST01088,Loyal Customers,HIGH,"Provide loyalty points, member benefits and personalized offers.",Repeated booking behavior indicates strong customer engagement.
Loyalty Campaign,Customer,CUST01089,Potential Loyalists,HIGH,"Provide loyalty points, member benefits and personalized offers.",Repeated booking behavior indicates strong customer engagement.
General Engagement,Customer,CUST01090,Need Attention,LOW,Send personalized service updates and relevant offers.,Maintain customer engagement without excessive marketing cost.
Reactivation Campaign,Customer,CUST01091,Lost Customers,MEDIUM,Send a reactivation offer and highlight relevant routes or services.,Customer activity has declined significantly.
Reactivation Campaign,Customer,CUST01093,Lost Customers,MEDIUM,Send a reactivation offer and highlight relevant routes or services.,Customer activity has declined significantly.
Loyalty Campaign,Customer,CUST01094,Potential Loyalists,HIGH,"Provide loyalty points, member benefits and personalized offers.",Repeated booking behavior indicates strong customer engagement.
Reactivation Campaign,Customer,CUST01095,Lost Customers,MEDIUM,Send a reactivation offer and highlight relevant routes or services.,Customer activity has declined significantly.
General Engagement,Customer,CUST01096,Need Attention,LOW,Send personalized service updates and relevant offers.,Maintain customer engagement without excessive marketing cost.
Loyalty Rewards,Customer,CUST01097,Champions,HIGH,"Offer loyalty rewards, premium benefits and referral incentives.",High-value customers are likely to respond well to retention programs.
Loyalty Campaign,Customer,CUST01098,Loyal Customers,HIGH,"Provide loyalty points, member benefits and personalized offers.",Repeated booking behavior indicates strong customer engagement.
Second Booking Campaign,Customer,CUST01099,New Customers,MEDIUM,Offer a first-repeat booking incentive.,The customer should be encouraged to make a second booking.
General Engagement,Customer,CUST01100,Big Spenders,LOW,Send personalized service updates and relevant offers.,Maintain customer engagement without excessive marketing cost.
Loyalty Rewards,Customer,CUST01101,Champions,HIGH,"Offer loyalty rewards, premium benefits and referral incentives.",High-value customers are likely to respond well to retention programs.
Win-back Campaign,Customer,CUST01102,At Risk,HIGH,Launch a personalized win-back campaign with a targeted discount.,Customer activity indicates potential churn risk.
Second Booking Campaign,Customer,CUST01103,New Customers,MEDIUM,Offer a first-repeat booking incentive.,The customer should be encouraged to make a second booking.
Loyalty Campaign,Customer,CUST01104,Loyal Customers,HIGH,"Provide loyalty points, member benefits and personalized offers.",Repeated booking behavior indicates strong customer engagement.
Win-back Campaign,Customer,CUST01105,At Risk,HIGH,Launch a personalized win-back campaign with a targeted discount.,Customer activity indicates potential churn risk.
Loyalty Rewards,Customer,CUST01106,Champions,HIGH,"Offer loyalty rewards, premium benefits and referral incentives.",High-value customers are likely to respond well to retention programs.
General Engagement,Customer,CUST01107,Need Attention,LOW,Send personalized service updates and relevant offers.,Maintain customer engagement without excessive marketing cost.
Second Booking Campaign,Customer,CUST01108,New Customers,MEDIUM,Offer a first-repeat booking incentive.,The customer should be encouraged to make a second booking.
General Engagement,Customer,CUST01109,Need Attention,LOW,Send personalized service updates and relevant offers.,Maintain customer engagement without excessive marketing cost.
Loyalty Rewards,Customer,CUST01110,Champions,HIGH,"Offer loyalty rewards, premium benefits and referral incentives.",High-value customers are likely to respond well to retention programs.
General Engagement,Customer,CUST01111,Need Attention,LOW,Send personalized service updates and relevant offers.,Maintain customer engagement without excessive marketing cost.
Loyalty Rewards,Customer,CUST01112,Champions,HIGH,"Offer loyalty rewards, premium benefits and referral incentives.",High-value customers are likely to respond well to retention programs.
Reactivation Campaign,Customer,CUST01113,Lost Customers,MEDIUM,Send a reactivation offer and highlight relevant routes or services.,Customer activity has declined significantly.
Loyalty Campaign,Customer,CUST01114,Potential Loyalists,HIGH,"Provide loyalty points, member benefits and personalized offers.",Repeated booking behavior indicates strong customer engagement.
Loyalty Campaign,Customer,CUST01115,Loyal Customers,HIGH,"Provide loyalty points, member benefits and personalized offers.",Repeated booking behavior indicates strong customer engagement.
Reactivation Campaign,Customer,CUST01116,Lost Customers,MEDIUM,Send a reactivation offer and highlight relevant routes or services.,Customer activity has declined significantly.
General Engagement,Customer,CUST01117,Need Attention,LOW,Send personalized service updates and relevant offers.,Maintain customer engagement without excessive marketing cost.
Loyalty Rewards,Customer,CUST01118,Champions,HIGH,"Offer loyalty rewards, premium benefits and referral incentives.",High-value customers are likely to respond well to retention programs.
Win-back Campaign,Customer,CUST01119,At Risk,HIGH,Launch a personalized win-back campaign with a targeted discount.,Customer activity indicates potential churn risk.
Reactivation Campaign,Customer,CUST01121,Lost Customers,MEDIUM,Send a reactivation offer and highlight relevant routes or services.,Customer activity has declined significantly.
Reactivation Campaign,Customer,CUST01122,Lost Customers,MEDIUM,Send a reactivation offer and highlight relevant routes or services.,Customer activity has declined significantly.
Loyalty Campaign,Customer,CUST01123,Loyal Customers,HIGH,"Provide loyalty points, member benefits and personalized offers.",Repeated booking behavior indicates strong customer engagement.
Loyalty Rewards,Customer,CUST01125,Champions,HIGH,"Offer loyalty rewards, premium benefits and referral incentives.",High-value customers are likely to respond well to retention programs.
Loyalty Rewards,Customer,CUST01126,Champions,HIGH,"Offer loyalty rewards, premium benefits and referral incentives.",High-value customers are likely to respond well to retention programs.
Win-back Campaign,Customer,CUST01127,At Risk,HIGH,Launch a personalized win-back campaign with a targeted discount.,Customer activity indicates potential churn risk.
General Engagement,Customer,CUST01128,Need Attention,LOW,Send personalized service updates and relevant offers.,Maintain customer engagement without excessive marketing cost.
Loyalty Rewards,Customer,CUST01129,Champions,HIGH,"Offer loyalty rewards, premium benefits and referral incentives.",High-value customers are likely to respond well to retention programs.
Reactivation Campaign,Customer,CUST01130,Lost Customers,MEDIUM,Send a reactivation offer and highlight relevant routes or services.,Customer activity has declined significantly.
Reactivation Campaign,Customer,CUST01131,Lost Customers,MEDIUM,Send a reactivation offer and highlight relevant routes or services.,Customer activity has declined significantly.
General Engagement,Customer,CUST01132,Big Spenders,LOW,Send personalized service updates and relevant offers.,Maintain customer engagement without excessive marketing cost.
General Engagement,Customer,CUST01133,Need Attention,LOW,Send personalized service updates and relevant offers.,Maintain customer engagement without excessive marketing cost.
Win-back Campaign,Customer,CUST01134,At Risk,HIGH,Launch a personalized win-back campaign with a targeted discount.,Customer activity indicates potential churn risk.
Reactivation Campaign,Customer,CUST01136,Lost Customers,MEDIUM,Send a reactivation offer and highlight relevant routes or services.,Customer activity has declined significantly.
General Engagement,Customer,CUST01137,Need Attention,LOW,Send personalized service updates and relevant offers.,Maintain customer engagement without excessive marketing cost.
Reactivation Campaign,Customer,CUST01138,Lost Customers,MEDIUM,Send a reactivation offer and highlight relevant routes or services.,Customer activity has declined significantly.
General Engagement,Customer,CUST01139,Need Attention,LOW,Send personalized service updates and relevant offers.,Maintain customer engagement without excessive marketing cost.
General Engagement,Customer,CUST01140,Need Attention,LOW,Send personalized service updates and relevant offers.,Maintain customer engagement without excessive marketing cost.
Reactivation Campaign,Customer,CUST01142,Lost Customers,MEDIUM,Send a reactivation offer and highlight relevant routes or services.,Customer activity has declined significantly.
General Engagement,Customer,CUST01143,Need Attention,LOW,Send personalized service updates and relevant offers.,Maintain customer engagement without excessive marketing cost.
Loyalty Campaign,Customer,CUST01144,Potential Loyalists,HIGH,"Provide loyalty points, member benefits and personalized offers.",Repeated booking behavior indicates strong customer engagement.
General Engagement,Customer,CUST01145,Need Attention,LOW,Send personalized service updates and relevant offers.,Maintain customer engagement without excessive marketing cost.
Second Booking Campaign,Customer,CUST01146,New Customers,MEDIUM,Offer a first-repeat booking incentive.,The customer should be encouraged to make a second booking.
Reactivation Campaign,Customer,CUST01147,Lost Customers,MEDIUM,Send a reactivation offer and highlight relevant routes or services.,Customer activity has declined significantly.
Reactivation Campaign,Customer,CUST01148,Lost Customers,MEDIUM,Send a reactivation offer and highlight relevant routes or services.,Customer activity has declined significantly.
General Engagement,Customer,CUST01149,Need Attention,LOW,Send personalized service updates and relevant offers.,Maintain customer engagement without excessive marketing cost.
Loyalty Campaign,Customer,CUST01150,Loyal Customers,HIGH,"Provide loyalty points, member benefits and personalized offers.",Repeated booking behavior indicates strong customer engagement.
Second Booking Campaign,Customer,CUST01151,New Customers,MEDIUM,Offer a first-repeat booking incentive.,The customer should be encouraged to make a second booking.
General Engagement,Customer,CUST01152,Need Attention,LOW,Send personalized service updates and relevant offers.,Maintain customer engagement without excessive marketing cost.
Second Booking Campaign,Customer,CUST01153,New Customers,MEDIUM,Offer a first-repeat booking incentive.,The customer should be encouraged to make a second booking.
Reactivation Campaign,Customer,CUST01154,Lost Customers,MEDIUM,Send a reactivation offer and highlight relevant routes or services.,Customer activity has declined significantly.
Loyalty Rewards,Customer,CUST01155,Champions,HIGH,"Offer loyalty rewards, premium benefits and referral incentives.",High-value customers are likely to respond well to retention programs.
General Engagement,Customer,CUST01156,Need Attention,LOW,Send personalized service updates and relevant offers.,Maintain customer engagement without excessive marketing cost.
General Engagement,Customer,CUST01157,Need Attention,LOW,Send personalized service updates and relevant offers.,Maintain customer engagement without excessive marketing cost.
Loyalty Campaign,Customer,CUST01158,Loyal Customers,HIGH,"Provide loyalty points, member benefits and personalized offers.",Repeated booking behavior indicates strong customer engagement.
Loyalty Rewards,Customer,CUST01159,Champions,HIGH,"Offer loyalty rewards, premium benefits and referral incentives.",High-value customers are likely to respond well to retention programs.
Loyalty Campaign,Customer,CUST01160,Potential Loyalists,HIGH,"Provide loyalty points, member benefits and personalized offers.",Repeated booking behavior indicates strong customer engagement.
Loyalty Rewards,Customer,CUST01161,Champions,HIGH,"Offer loyalty rewards, premium benefits and referral incentives.",High-value customers are likely to respond well to retention programs.
Loyalty Rewards,Customer,CUST01162,Champions,HIGH,"Offer loyalty rewards, premium benefits and referral incentives.",High-value customers are likely to respond well to retention programs.
General Engagement,Customer,CUST01163,Need Attention,LOW,Send personalized service updates and relevant offers.,Maintain customer engagement without excessive marketing cost.
Second Booking Campaign,Customer,CUST01164,New Customers,MEDIUM,Offer a first-repeat booking incentive.,The customer should be encouraged to make a second booking.
Loyalty Campaign,Customer,CUST01165,Potential Loyalists,HIGH,"Provide loyalty points, member benefits and personalized offers.",Repeated booking behavior indicates strong customer engagement.
Reactivation Campaign,Customer,CUST01166,Lost Customers,MEDIUM,Send a reactivation offer and highlight relevant routes or services.,Customer activity has declined significantly.
Win-back Campaign,Customer,CUST01167,At Risk,HIGH,Launch a personalized win-back campaign with a targeted discount.,Customer activity indicates potential churn risk.
Reactivation Campaign,Customer,CUST01168,Lost Customers,MEDIUM,Send a reactivation offer and highlight relevant routes or services.,Customer activity has declined significantly.
General Engagement,Customer,CUST01169,Need Attention,LOW,Send personalized service updates and relevant offers.,Maintain customer engagement without excessive marketing cost.
Loyalty Rewards,Customer,CUST01170,Champions,HIGH,"Offer loyalty rewards, premium benefits and referral incentives.",High-value customers are likely to respond well to retention programs.
General Engagement,Customer,CUST01171,Need Attention,LOW,Send personalized service updates and relevant offers.,Maintain customer engagement without excessive marketing cost.
Loyalty Campaign,Customer,CUST01172,Potential Loyalists,HIGH,"Provide loyalty points, member benefits and personalized offers.",Repeated booking behavior indicates strong customer engagement.
General Engagement,Customer,CUST01173,Need Attention,LOW,Send personalized service updates and relevant offers.,Maintain customer engagement without excessive marketing cost.
Win-back Campaign,Customer,CUST01174,At Risk,HIGH,Launch a personalized win-back campaign with a targeted discount.,Customer activity indicates potential churn risk.
Win-back Campaign,Customer,CUST01175,At Risk,HIGH,Launch a personalized win-back campaign with a targeted discount.,Customer activity indicates potential churn risk.
Loyalty Rewards,Customer,CUST01176,Champions,HIGH,"Offer loyalty rewards, premium benefits and referral incentives.",High-value customers are likely to respond well to retention programs.
Loyalty Rewards,Customer,CUST01177,Champions,HIGH,"Offer loyalty rewards, premium benefits and referral incentives.",High-value customers are likely to respond well to retention programs.
Loyalty Campaign,Customer,CUST01179,Loyal Customers,HIGH,"Provide loyalty points, member benefits and personalized offers.",Repeated booking behavior indicates strong customer engagement.
Loyalty Rewards,Customer,CUST01180,Champions,HIGH,"Offer loyalty rewards, premium benefits and referral incentives.",High-value customers are likely to respond well to retention programs.
Second Booking Campaign,Customer,CUST01181,New Customers,MEDIUM,Offer a first-repeat booking incentive.,The customer should be encouraged to make a second booking.
Loyalty Rewards,Customer,CUST01182,Champions,HIGH,"Offer loyalty rewards, premium benefits and referral incentives.",High-value customers are likely to respond well to retention programs.
Loyalty Campaign,Customer,CUST01183,Loyal Customers,HIGH,"Provide loyalty points, member benefits and personalized offers.",Repeated booking behavior indicates strong customer engagement.
General Engagement,Customer,CUST01185,Need Attention,LOW,Send personalized service updates and relevant offers.,Maintain customer engagement without excessive marketing cost.
Loyalty Rewards,Customer,CUST01186,Champions,HIGH,"Offer loyalty rewards, premium benefits and referral incentives.",High-value customers are likely to respond well to retention programs.
Loyalty Campaign,Customer,CUST01187,Potential Loyalists,HIGH,"Provide loyalty points, member benefits and personalized offers.",Repeated booking behavior indicates strong customer engagement.
Loyalty Campaign,Customer,CUST01188,Potential Loyalists,HIGH,"Provide loyalty points, member benefits and personalized offers.",Repeated booking behavior indicates strong customer engagement.
Second Booking Campaign,Customer,CUST01189,New Customers,MEDIUM,Offer a first-repeat booking incentive.,The customer should be encouraged to make a second booking.
General Engagement,Customer,CUST01190,Need Attention,LOW,Send personalized service updates and relevant offers.,Maintain customer engagement without excessive marketing cost.
General Engagement,Customer,CUST01191,Big Spenders,LOW,Send personalized service updates and relevant offers.,Maintain customer engagement without excessive marketing cost.
Reactivation Campaign,Customer,CUST01192,Lost Customers,MEDIUM,Send a reactivation offer and highlight relevant routes or services.,Customer activity has declined significantly.
Loyalty Rewards,Customer,CUST01193,Champions,HIGH,"Offer loyalty rewards, premium benefits and referral incentives.",High-value customers are likely to respond well to retention programs.
General Engagement,Customer,CUST01194,Big Spenders,LOW,Send personalized service updates and relevant offers.,Maintain customer engagement without excessive marketing cost.
Loyalty Rewards,Customer,CUST01195,Champions,HIGH,"Offer loyalty rewards, premium benefits and referral incentives.",High-value customers are likely to respond well to retention programs.
General Engagement,Customer,CUST01196,Need Attention,LOW,Send personalized service updates and relevant offers.,Maintain customer engagement without excessive marketing cost.
Loyalty Rewards,Customer,CUST01197,Champions,HIGH,"Offer loyalty rewards, premium benefits and referral incentives.",High-value customers are likely to respond well to retention programs.
General Engagement,Customer,CUST01198,Need Attention,LOW,Send personalized service updates and relevant offers.,Maintain customer engagement without excessive marketing cost.
Win-back Campaign,Customer,CUST01199,At Risk,HIGH,Launch a personalized win-back campaign with a targeted discount.,Customer activity indicates potential churn risk.
Loyalty Campaign,Customer,CUST01200,Potential Loyalists,HIGH,"Provide loyalty points, member benefits and personalized offers.",Repeated booking behavior indicates strong customer engagement.
Loyalty Rewards,Customer,CUST01201,Champions,HIGH,"Offer loyalty rewards, premium benefits and referral incentives.",High-value customers are likely to respond well to retention programs.
Reactivation Campaign,Customer,CUST01202,Lost Customers,MEDIUM,Send a reactivation offer and highlight relevant routes or services.,Customer activity has declined significantly.
Win-back Campaign,Customer,CUST01203,At Risk,HIGH,Launch a personalized win-back campaign with a targeted discount.,Customer activity indicates potential churn risk.
Loyalty Campaign,Customer,CUST01204,Potential Loyalists,HIGH,"Provide loyalty points, member benefits and personalized offers.",Repeated booking behavior indicates strong customer engagement.
Win-back Campaign,Customer,CUST01206,At Risk,HIGH,Launch a personalized win-back campaign with a targeted discount.,Customer activity indicates potential churn risk.
Loyalty Rewards,Customer,CUST01207,Champions,HIGH,"Offer loyalty rewards, premium benefits and referral incentives.",High-value customers are likely to respond well to retention programs.
Loyalty Rewards,Customer,CUST01208,Champions,HIGH,"Offer loyalty rewards, premium benefits and referral incentives.",High-value customers are likely to respond well to retention programs.
General Engagement,Customer,CUST01209,Need Attention,LOW,Send personalized service updates and relevant offers.,Maintain customer engagement without excessive marketing cost.
Win-back Campaign,Customer,CUST01210,At Risk,HIGH,Launch a personalized win-back campaign with a targeted discount.,Customer activity indicates potential churn risk.
Reactivation Campaign,Customer,CUST01211,Lost Customers,MEDIUM,Send a reactivation offer and highlight relevant routes or services.,Customer activity has declined significantly.
Loyalty Rewards,Customer,CUST01212,Champions,HIGH,"Offer loyalty rewards, premium benefits and referral incentives.",High-value customers are likely to respond well to retention programs.
Win-back Campaign,Customer,CUST01213,At Risk,HIGH,Launch a personalized win-back campaign with a targeted discount.,Customer activity indicates potential churn risk.
Loyalty Rewards,Customer,CUST01214,Champions,HIGH,"Offer loyalty rewards, premium benefits and referral incentives.",High-value customers are likely to respond well to retention programs.
General Engagement,Customer,CUST01216,Need Attention,LOW,Send personalized service updates and relevant offers.,Maintain customer engagement without excessive marketing cost.
Win-back Campaign,Customer,CUST01217,At Risk,HIGH,Launch a personalized win-back campaign with a targeted discount.,Customer activity indicates potential churn risk.
Loyalty Rewards,Customer,CUST01218,Champions,HIGH,"Offer loyalty rewards, premium benefits and referral incentives.",High-value customers are likely to respond well to retention programs.
General Engagement,Customer,CUST01219,Need Attention,LOW,Send personalized service updates and relevant offers.,Maintain customer engagement without excessive marketing cost.
Reactivation Campaign,Customer,CUST01220,Lost Customers,MEDIUM,Send a reactivation offer and highlight relevant routes or services.,Customer activity has declined significantly.
Win-back Campaign,Customer,CUST01221,At Risk,HIGH,Launch a personalized win-back campaign with a targeted discount.,Customer activity indicates potential churn risk.
Loyalty Campaign,Customer,CUST01222,Loyal Customers,HIGH,"Provide loyalty points, member benefits and personalized offers.",Repeated booking behavior indicates strong customer engagement.
Loyalty Campaign,Customer,CUST01223,Potential Loyalists,HIGH,"Provide loyalty points, member benefits and personalized offers.",Repeated booking behavior indicates strong customer engagement.
Second Booking Campaign,Customer,CUST01224,New Customers,MEDIUM,Offer a first-repeat booking incentive.,The customer should be encouraged to make a second booking.
Loyalty Rewards,Customer,CUST01225,Champions,HIGH,"Offer loyalty rewards, premium benefits and referral incentives.",High-value customers are likely to respond well to retention programs.
Loyalty Rewards,Customer,CUST01226,Champions,HIGH,"Offer loyalty rewards, premium benefits and referral incentives.",High-value customers are likely to respond well to retention programs.
Second Booking Campaign,Customer,CUST01227,New Customers,MEDIUM,Offer a first-repeat booking incentive.,The customer should be encouraged to make a second booking.
Loyalty Rewards,Customer,CUST01228,Champions,HIGH,"Offer loyalty rewards, premium benefits and referral incentives.",High-value customers are likely to respond well to retention programs.
Second Booking Campaign,Customer,CUST01229,New Customers,MEDIUM,Offer a first-repeat booking incentive.,The customer should be encouraged to make a second booking.
Loyalty Rewards,Customer,CUST01231,Champions,HIGH,"Offer loyalty rewards, premium benefits and referral incentives.",High-value customers are likely to respond well to retention programs.
General Engagement,Customer,CUST01233,Big Spenders,LOW,Send personalized service updates and relevant offers.,Maintain customer engagement without excessive marketing cost.
General Engagement,Customer,CUST01234,Big Spenders,LOW,Send personalized service updates and relevant offers.,Maintain customer engagement without excessive marketing cost.
Loyalty Rewards,Customer,CUST01235,Champions,HIGH,"Offer loyalty rewards, premium benefits and referral incentives.",High-value customers are likely to respond well to retention programs.
Second Booking Campaign,Customer,CUST01236,New Customers,MEDIUM,Offer a first-repeat booking incentive.,The customer should be encouraged to make a second booking.
Loyalty Rewards,Customer,CUST01237,Champions,HIGH,"Offer loyalty rewards, premium benefits and referral incentives.",High-value customers are likely to respond well to retention programs.
General Engagement,Customer,CUST01238,Need Attention,LOW,Send personalized service updates and relevant offers.,Maintain customer engagement without excessive marketing cost.
General Engagement,Customer,CUST01239,Need Attention,LOW,Send personalized service updates and relevant offers.,Maintain customer engagement without excessive marketing cost.
Loyalty Campaign,Customer,CUST01240,Loyal Customers,HIGH,"Provide loyalty points, member benefits and personalized offers.",Repeated booking behavior indicates strong customer engagement.
General Engagement,Customer,CUST01241,Need Attention,LOW,Send personalized service updates and relevant offers.,Maintain customer engagement without excessive marketing cost.
Loyalty Campaign,Customer,CUST01242,Loyal Customers,HIGH,"Provide loyalty points, member benefits and personalized offers.",Repeated booking behavior indicates strong customer engagement.
Loyalty Rewards,Customer,CUST01243,Champions,HIGH,"Offer loyalty rewards, premium benefits and referral incentives.",High-value customers are likely to respond well to retention programs.
Loyalty Campaign,Customer,CUST01244,Loyal Customers,HIGH,"Provide loyalty points, member benefits and personalized offers.",Repeated booking behavior indicates strong customer engagement.
Second Booking Campaign,Customer,CUST01245,New Customers,MEDIUM,Offer a first-repeat booking incentive.,The customer should be encouraged to make a second booking.
Loyalty Rewards,Customer,CUST01246,Champions,HIGH,"Offer loyalty rewards, premium benefits and referral incentives.",High-value customers are likely to respond well to retention programs.
Win-back Campaign,Customer,CUST01247,At Risk,HIGH,Launch a personalized win-back campaign with a targeted discount.,Customer activity indicates potential churn risk.
Loyalty Campaign,Customer,CUST01248,Loyal Customers,HIGH,"Provide loyalty points, member benefits and personalized offers.",Repeated booking behavior indicates strong customer engagement.
General Engagement,Customer,CUST01249,Need Attention,LOW,Send personalized service updates and relevant offers.,Maintain customer engagement without excessive marketing cost.
Loyalty Campaign,Customer,CUST01250,Loyal Customers,HIGH,"Provide loyalty points, member benefits and personalized offers.",Repeated booking behavior indicates strong customer engagement.
Win-back Campaign,Customer,CUST01251,At Risk,HIGH,Launch a personalized win-back campaign with a targeted discount.,Customer activity indicates potential churn risk.
Reactivation Campaign,Customer,CUST01252,Lost Customers,MEDIUM,Send a reactivation offer and highlight relevant routes or services.,Customer activity has declined significantly.
Loyalty Campaign,Customer,CUST01253,Loyal Customers,HIGH,"Provide loyalty points, member benefits and personalized offers.",Repeated booking behavior indicates strong customer engagement.
Win-back Campaign,Customer,CUST01254,At Risk,HIGH,Launch a personalized win-back campaign with a targeted discount.,Customer activity indicates potential churn risk.
Loyalty Campaign,Customer,CUST01255,Loyal Customers,HIGH,"Provide loyalty points, member benefits and personalized offers.",Repeated booking behavior indicates strong customer engagement.
General Engagement,Customer,CUST01256,Need Attention,LOW,Send personalized service updates and relevant offers.,Maintain customer engagement without excessive marketing cost.
General Engagement,Customer,CUST01258,Need Attention,LOW,Send personalized service updates and relevant offers.,Maintain customer engagement without excessive marketing cost.
Loyalty Rewards,Customer,CUST01259,Champions,HIGH,"Offer loyalty rewards, premium benefits and referral incentives.",High-value customers are likely to respond well to retention programs.
Win-back Campaign,Customer,CUST01260,At Risk,HIGH,Launch a personalized win-back campaign with a targeted discount.,Customer activity indicates potential churn risk.
Win-back Campaign,Customer,CUST01261,At Risk,HIGH,Launch a personalized win-back campaign with a targeted discount.,Customer activity indicates potential churn risk.
Loyalty Rewards,Customer,CUST01263,Champions,HIGH,"Offer loyalty rewards, premium benefits and referral incentives.",High-value customers are likely to respond well to retention programs.
Win-back Campaign,Customer,CUST01264,At Risk,HIGH,Launch a personalized win-back campaign with a targeted discount.,Customer activity indicates potential churn risk.
Loyalty Rewards,Customer,CUST01265,Champions,HIGH,"Offer loyalty rewards, premium benefits and referral incentives.",High-value customers are likely to respond well to retention programs.
Reactivation Campaign,Customer,CUST01266,Lost Customers,MEDIUM,Send a reactivation offer and highlight relevant routes or services.,Customer activity has declined significantly.
Win-back Campaign,Customer,CUST01267,At Risk,HIGH,Launch a personalized win-back campaign with a targeted discount.,Customer activity indicates potential churn risk.
Win-back Campaign,Customer,CUST01268,At Risk,HIGH,Launch a personalized win-back campaign with a targeted discount.,Customer activity indicates potential churn risk.
General Engagement,Customer,CUST01269,Need Attention,LOW,Send personalized service updates and relevant offers.,Maintain customer engagement without excessive marketing cost.
General Engagement,Customer,CUST01270,Need Attention,LOW,Send personalized service updates and relevant offers.,Maintain customer engagement without excessive marketing cost.
Win-back Campaign,Customer,CUST01271,At Risk,HIGH,Launch a personalized win-back campaign with a targeted discount.,Customer activity indicates potential churn risk.
Reactivation Campaign,Customer,CUST01272,Lost Customers,MEDIUM,Send a reactivation offer and highlight relevant routes or services.,Customer activity has declined significantly.
Second Booking Campaign,Customer,CUST01273,New Customers,MEDIUM,Offer a first-repeat booking incentive.,The customer should be encouraged to make a second booking.
Second Booking Campaign,Customer,CUST01274,New Customers,MEDIUM,Offer a first-repeat booking incentive.,The customer should be encouraged to make a second booking.
Loyalty Campaign,Customer,CUST01275,Loyal Customers,HIGH,"Provide loyalty points, member benefits and personalized offers.",Repeated booking behavior indicates strong customer engagement.
Loyalty Campaign,Customer,CUST01276,Loyal Customers,HIGH,"Provide loyalty points, member benefits and personalized offers.",Repeated booking behavior indicates strong customer engagement.
General Engagement,Customer,CUST01277,Need Attention,LOW,Send personalized service updates and relevant offers.,Maintain customer engagement without excessive marketing cost.
General Engagement,Customer,CUST01279,Need Attention,LOW,Send personalized service updates and relevant offers.,Maintain customer engagement without excessive marketing cost.
Loyalty Campaign,Customer,CUST01280,Loyal Customers,HIGH,"Provide loyalty points, member benefits and personalized offers.",Repeated booking behavior indicates strong customer engagement.
Win-back Campaign,Customer,CUST01281,At Risk,HIGH,Launch a personalized win-back campaign with a targeted discount.,Customer activity indicates potential churn risk.
General Engagement,Customer,CUST01282,Need Attention,LOW,Send personalized service updates and relevant offers.,Maintain customer engagement without excessive marketing cost.
Loyalty Rewards,Customer,CUST01283,Champions,HIGH,"Offer loyalty rewards, premium benefits and referral incentives.",High-value customers are likely to respond well to retention programs.
General Engagement,Customer,CUST01284,Need Attention,LOW,Send personalized service updates and relevant offers.,Maintain customer engagement without excessive marketing cost.
Win-back Campaign,Customer,CUST01285,At Risk,HIGH,Launch a personalized win-back campaign with a targeted discount.,Customer activity indicates potential churn risk.
Reactivation Campaign,Customer,CUST01286,Lost Customers,MEDIUM,Send a reactivation offer and highlight relevant routes or services.,Customer activity has declined significantly.
Loyalty Rewards,Customer,CUST01287,Champions,HIGH,"Offer loyalty rewards, premium benefits and referral incentives.",High-value customers are likely to respond well to retention programs.
Loyalty Campaign,Customer,CUST01288,Loyal Customers,HIGH,"Provide loyalty points, member benefits and personalized offers.",Repeated booking behavior indicates strong customer engagement.
Loyalty Campaign,Customer,CUST01289,Potential Loyalists,HIGH,"Provide loyalty points, member benefits and personalized offers.",Repeated booking behavior indicates strong customer engagement.
General Engagement,Customer,CUST01290,Need Attention,LOW,Send personalized service updates and relevant offers.,Maintain customer engagement without excessive marketing cost.
Win-back Campaign,Customer,CUST01291,At Risk,HIGH,Launch a personalized win-back campaign with a targeted discount.,Customer activity indicates potential churn risk.
General Engagement,Customer,CUST01292,Need Attention,LOW,Send personalized service updates and relevant offers.,Maintain customer engagement without excessive marketing cost.
General Engagement,Customer,CUST01293,Need Attention,LOW,Send personalized service updates and relevant offers.,Maintain customer engagement without excessive marketing cost.
Reactivation Campaign,Customer,CUST01294,Lost Customers,MEDIUM,Send a reactivation offer and highlight relevant routes or services.,Customer activity has declined significantly.
Loyalty Rewards,Customer,CUST01295,Champions,HIGH,"Offer loyalty rewards, premium benefits and referral incentives.",High-value customers are likely to respond well to retention programs.
Win-back Campaign,Customer,CUST01296,At Risk,HIGH,Launch a personalized win-back campaign with a targeted discount.,Customer activity indicates potential churn risk.
Loyalty Campaign,Customer,CUST01297,Loyal Customers,HIGH,"Provide loyalty points, member benefits and personalized offers.",Repeated booking behavior indicates strong customer engagement.
Loyalty Campaign,Customer,CUST01298,Loyal Customers,HIGH,"Provide loyalty points, member benefits and personalized offers.",Repeated booking behavior indicates strong customer engagement.
Reactivation Campaign,Customer,CUST01299,Lost Customers,MEDIUM,Send a reactivation offer and highlight relevant routes or services.,Customer activity has declined significantly.
General Engagement,Customer,CUST01300,Need Attention,LOW,Send personalized service updates and relevant offers.,Maintain customer engagement without excessive marketing cost.
Reactivation Campaign,Customer,CUST01301,Lost Customers,MEDIUM,Send a reactivation offer and highlight relevant routes or services.,Customer activity has declined significantly.
General Engagement,Customer,CUST01302,Big Spenders,LOW,Send personalized service updates and relevant offers.,Maintain customer engagement without excessive marketing cost.
Loyalty Rewards,Customer,CUST01303,Champions,HIGH,"Offer loyalty rewards, premium benefits and referral incentives.",High-value customers are likely to respond well to retention programs.
Second Booking Campaign,Customer,CUST01304,New Customers,MEDIUM,Offer a first-repeat booking incentive.,The customer should be encouraged to make a second booking.
Win-back Campaign,Customer,CUST01305,At Risk,HIGH,Launch a personalized win-back campaign with a targeted discount.,Customer activity indicates potential churn risk.
Second Booking Campaign,Customer,CUST01306,New Customers,MEDIUM,Offer a first-repeat booking incentive.,The customer should be encouraged to make a second booking.
Loyalty Rewards,Customer,CUST01307,Champions,HIGH,"Offer loyalty rewards, premium benefits and referral incentives.",High-value customers are likely to respond well to retention programs.
Second Booking Campaign,Customer,CUST01308,New Customers,MEDIUM,Offer a first-repeat booking incentive.,The customer should be encouraged to make a second booking.
Reactivation Campaign,Customer,CUST01309,Lost Customers,MEDIUM,Send a reactivation offer and highlight relevant routes or services.,Customer activity has declined significantly.
Reactivation Campaign,Customer,CUST01310,Lost Customers,MEDIUM,Send a reactivation offer and highlight relevant routes or services.,Customer activity has declined significantly.
Win-back Campaign,Customer,CUST01311,At Risk,HIGH,Launch a personalized win-back campaign with a targeted discount.,Customer activity indicates potential churn risk.
Reactivation Campaign,Customer,CUST01312,Lost Customers,MEDIUM,Send a reactivation offer and highlight relevant routes or services.,Customer activity has declined significantly.
General Engagement,Customer,CUST01313,Need Attention,LOW,Send personalized service updates and relevant offers.,Maintain customer engagement without excessive marketing cost.
General Engagement,Customer,CUST01314,Need Attention,LOW,Send personalized service updates and relevant offers.,Maintain customer engagement without excessive marketing cost.
Second Booking Campaign,Customer,CUST01315,New Customers,MEDIUM,Offer a first-repeat booking incentive.,The customer should be encouraged to make a second booking.
Reactivation Campaign,Customer,CUST01316,Lost Customers,MEDIUM,Send a reactivation offer and highlight relevant routes or services.,Customer activity has declined significantly.
Loyalty Rewards,Customer,CUST01317,Champions,HIGH,"Offer loyalty rewards, premium benefits and referral incentives.",High-value customers are likely to respond well to retention programs.
Loyalty Rewards,Customer,CUST01318,Champions,HIGH,"Offer loyalty rewards, premium benefits and referral incentives.",High-value customers are likely to respond well to retention programs.
Loyalty Campaign,Customer,CUST01319,Loyal Customers,HIGH,"Provide loyalty points, member benefits and personalized offers.",Repeated booking behavior indicates strong customer engagement.
Loyalty Campaign,Customer,CUST01320,Loyal Customers,HIGH,"Provide loyalty points, member benefits and personalized offers.",Repeated booking behavior indicates strong customer engagement.
Loyalty Campaign,Customer,CUST01321,Loyal Customers,HIGH,"Provide loyalty points, member benefits and personalized offers.",Repeated booking behavior indicates strong customer engagement.
Reactivation Campaign,Customer,CUST01322,Lost Customers,MEDIUM,Send a reactivation offer and highlight relevant routes or services.,Customer activity has declined significantly.
Loyalty Rewards,Customer,CUST01323,Champions,HIGH,"Offer loyalty rewards, premium benefits and referral incentives.",High-value customers are likely to respond well to retention programs.
Loyalty Campaign,Customer,CUST01324,Loyal Customers,HIGH,"Provide loyalty points, member benefits and personalized offers.",Repeated booking behavior indicates strong customer engagement.
General Engagement,Customer,CUST01325,Need Attention,LOW,Send personalized service updates and relevant offers.,Maintain customer engagement without excessive marketing cost.
General Engagement,Customer,CUST01326,Need Attention,LOW,Send personalized service updates and relevant offers.,Maintain customer engagement without excessive marketing cost.
Win-back Campaign,Customer,CUST01327,At Risk,HIGH,Launch a personalized win-back campaign with a targeted discount.,Customer activity indicates potential churn risk.
Loyalty Rewards,Customer,CUST01328,Champions,HIGH,"Offer loyalty rewards, premium benefits and referral incentives.",High-value customers are likely to respond well to retention programs.
Reactivation Campaign,Customer,CUST01329,Lost Customers,MEDIUM,Send a reactivation offer and highlight relevant routes or services.,Customer activity has declined significantly.
Second Booking Campaign,Customer,CUST01331,New Customers,MEDIUM,Offer a first-repeat booking incentive.,The customer should be encouraged to make a second booking.
Loyalty Campaign,Customer,CUST01332,Loyal Customers,HIGH,"Provide loyalty points, member benefits and personalized offers.",Repeated booking behavior indicates strong customer engagement.
Win-back Campaign,Customer,CUST01333,At Risk,HIGH,Launch a personalized win-back campaign with a targeted discount.,Customer activity indicates potential churn risk.
Loyalty Campaign,Customer,CUST01334,Loyal Customers,HIGH,"Provide loyalty points, member benefits and personalized offers.",Repeated booking behavior indicates strong customer engagement.
Loyalty Rewards,Customer,CUST01335,Champions,HIGH,"Offer loyalty rewards, premium benefits and referral incentives.",High-value customers are likely to respond well to retention programs.
Win-back Campaign,Customer,CUST01336,At Risk,HIGH,Launch a personalized win-back campaign with a targeted discount.,Customer activity indicates potential churn risk.
General Engagement,Customer,CUST01337,Need Attention,LOW,Send personalized service updates and relevant offers.,Maintain customer engagement without excessive marketing cost.
Win-back Campaign,Customer,CUST01338,At Risk,HIGH,Launch a personalized win-back campaign with a targeted discount.,Customer activity indicates potential churn risk.
Second Booking Campaign,Customer,CUST01339,New Customers,MEDIUM,Offer a first-repeat booking incentive.,The customer should be encouraged to make a second booking.
Loyalty Rewards,Customer,CUST01340,Champions,HIGH,"Offer loyalty rewards, premium benefits and referral incentives.",High-value customers are likely to respond well to retention programs.
Loyalty Campaign,Customer,CUST01341,Loyal Customers,HIGH,"Provide loyalty points, member benefits and personalized offers.",Repeated booking behavior indicates strong customer engagement.
Win-back Campaign,Customer,CUST01343,At Risk,HIGH,Launch a personalized win-back campaign with a targeted discount.,Customer activity indicates potential churn risk.
Win-back Campaign,Customer,CUST01344,At Risk,HIGH,Launch a personalized win-back campaign with a targeted discount.,Customer activity indicates potential churn risk.
Loyalty Rewards,Customer,CUST01346,Champions,HIGH,"Offer loyalty rewards, premium benefits and referral incentives.",High-value customers are likely to respond well to retention programs.
Loyalty Campaign,Customer,CUST01347,Loyal Customers,HIGH,"Provide loyalty points, member benefits and personalized offers.",Repeated booking behavior indicates strong customer engagement.
Second Booking Campaign,Customer,CUST01348,New Customers,MEDIUM,Offer a first-repeat booking incentive.,The customer should be encouraged to make a second booking.
Loyalty Campaign,Customer,CUST01349,Potential Loyalists,HIGH,"Provide loyalty points, member benefits and personalized offers.",Repeated booking behavior indicates strong customer engagement.
Loyalty Campaign,Customer,CUST01350,Loyal Customers,HIGH,"Provide loyalty points, member benefits and personalized offers.",Repeated booking behavior indicates strong customer engagement.
Second Booking Campaign,Customer,CUST01351,New Customers,MEDIUM,Offer a first-repeat booking incentive.,The customer should be encouraged to make a second booking.
General Engagement,Customer,CUST01352,Big Spenders,LOW,Send personalized service updates and relevant offers.,Maintain customer engagement without excessive marketing cost.
Loyalty Rewards,Customer,CUST01353,Champions,HIGH,"Offer loyalty rewards, premium benefits and referral incentives.",High-value customers are likely to respond well to retention programs.
Reactivation Campaign,Customer,CUST01354,Lost Customers,MEDIUM,Send a reactivation offer and highlight relevant routes or services.,Customer activity has declined significantly.
Loyalty Campaign,Customer,CUST01355,Potential Loyalists,HIGH,"Provide loyalty points, member benefits and personalized offers.",Repeated booking behavior indicates strong customer engagement.
Reactivation Campaign,Customer,CUST01356,Lost Customers,MEDIUM,Send a reactivation offer and highlight relevant routes or services.,Customer activity has declined significantly.
Second Booking Campaign,Customer,CUST01357,New Customers,MEDIUM,Offer a first-repeat booking incentive.,The customer should be encouraged to make a second booking.
Loyalty Campaign,Customer,CUST01358,Loyal Customers,HIGH,"Provide loyalty points, member benefits and personalized offers.",Repeated booking behavior indicates strong customer engagement.
Loyalty Rewards,Customer,CUST01359,Champions,HIGH,"Offer loyalty rewards, premium benefits and referral incentives.",High-value customers are likely to respond well to retention programs.
Loyalty Rewards,Customer,CUST01360,Champions,HIGH,"Offer loyalty rewards, premium benefits and referral incentives.",High-value customers are likely to respond well to retention programs.
General Engagement,Customer,CUST01361,Need Attention,LOW,Send personalized service updates and relevant offers.,Maintain customer engagement without excessive marketing cost.
Reactivation Campaign,Customer,CUST01362,Lost Customers,MEDIUM,Send a reactivation offer and highlight relevant routes or services.,Customer activity has declined significantly.
Loyalty Rewards,Customer,CUST01363,Champions,HIGH,"Offer loyalty rewards, premium benefits and referral incentives.",High-value customers are likely to respond well to retention programs.
Win-back Campaign,Customer,CUST01364,At Risk,HIGH,Launch a personalized win-back campaign with a targeted discount.,Customer activity indicates potential churn risk.
Second Booking Campaign,Customer,CUST01365,New Customers,MEDIUM,Offer a first-repeat booking incentive.,The customer should be encouraged to make a second booking.
Loyalty Campaign,Customer,CUST01366,Loyal Customers,HIGH,"Provide loyalty points, member benefits and personalized offers.",Repeated booking behavior indicates strong customer engagement.
Loyalty Campaign,Customer,CUST01367,Loyal Customers,HIGH,"Provide loyalty points, member benefits and personalized offers.",Repeated booking behavior indicates strong customer engagement.
General Engagement,Customer,CUST01368,Need Attention,LOW,Send personalized service updates and relevant offers.,Maintain customer engagement without excessive marketing cost.
Loyalty Campaign,Customer,CUST01369,Loyal Customers,HIGH,"Provide loyalty points, member benefits and personalized offers.",Repeated booking behavior indicates strong customer engagement.
Loyalty Campaign,Customer,CUST01370,Loyal Customers,HIGH,"Provide loyalty points, member benefits and personalized offers.",Repeated booking behavior indicates strong customer engagement.
Win-back Campaign,Customer,CUST01371,At Risk,HIGH,Launch a personalized win-back campaign with a targeted discount.,Customer activity indicates potential churn risk.
Win-back Campaign,Customer,CUST01372,At Risk,HIGH,Launch a personalized win-back campaign with a targeted discount.,Customer activity indicates potential churn risk.
Loyalty Rewards,Customer,CUST01373,Champions,HIGH,"Offer loyalty rewards, premium benefits and referral incentives.",High-value customers are likely to respond well to retention programs.
Reactivation Campaign,Customer,CUST01374,Lost Customers,MEDIUM,Send a reactivation offer and highlight relevant routes or services.,Customer activity has declined significantly.
Reactivation Campaign,Customer,CUST01375,Lost Customers,MEDIUM,Send a reactivation offer and highlight relevant routes or services.,Customer activity has declined significantly.
Loyalty Campaign,Customer,CUST01376,Loyal Customers,HIGH,"Provide loyalty points, member benefits and personalized offers.",Repeated booking behavior indicates strong customer engagement.
Loyalty Campaign,Customer,CUST01377,Loyal Customers,HIGH,"Provide loyalty points, member benefits and personalized offers.",Repeated booking behavior indicates strong customer engagement.
Second Booking Campaign,Customer,CUST01378,New Customers,MEDIUM,Offer a first-repeat booking incentive.,The customer should be encouraged to make a second booking.
General Engagement,Customer,CUST01379,Need Attention,LOW,Send personalized service updates and relevant offers.,Maintain customer engagement without excessive marketing cost.
General Engagement,Customer,CUST01380,Need Attention,LOW,Send personalized service updates and relevant offers.,Maintain customer engagement without excessive marketing cost.
General Engagement,Customer,CUST01381,Need Attention,LOW,Send personalized service updates and relevant offers.,Maintain customer engagement without excessive marketing cost.
General Engagement,Customer,CUST01382,Need Attention,LOW,Send personalized service updates and relevant offers.,Maintain customer engagement without excessive marketing cost.
Loyalty Campaign,Customer,CUST01383,Loyal Customers,HIGH,"Provide loyalty points, member benefits and personalized offers.",Repeated booking behavior indicates strong customer engagement.
Win-back Campaign,Customer,CUST01384,At Risk,HIGH,Launch a personalized win-back campaign with a targeted discount.,Customer activity indicates potential churn risk.
Second Booking Campaign,Customer,CUST01385,New Customers,MEDIUM,Offer a first-repeat booking incentive.,The customer should be encouraged to make a second booking.
Win-back Campaign,Customer,CUST01386,At Risk,HIGH,Launch a personalized win-back campaign with a targeted discount.,Customer activity indicates potential churn risk.
Win-back Campaign,Customer,CUST01387,At Risk,HIGH,Launch a personalized win-back campaign with a targeted discount.,Customer activity indicates potential churn risk.
Second Booking Campaign,Customer,CUST01388,New Customers,MEDIUM,Offer a first-repeat booking incentive.,The customer should be encouraged to make a second booking.
General Engagement,Customer,CUST01389,Need Attention,LOW,Send personalized service updates and relevant offers.,Maintain customer engagement without excessive marketing cost.
Loyalty Campaign,Customer,CUST01390,Loyal Customers,HIGH,"Provide loyalty points, member benefits and personalized offers.",Repeated booking behavior indicates strong customer engagement.
General Engagement,Customer,CUST01391,Need Attention,LOW,Send personalized service updates and relevant offers.,Maintain customer engagement without excessive marketing cost.
Loyalty Rewards,Customer,CUST01392,Champions,HIGH,"Offer loyalty rewards, premium benefits and referral incentives.",High-value customers are likely to respond well to retention programs.
General Engagement,Customer,CUST01393,Need Attention,LOW,Send personalized service updates and relevant offers.,Maintain customer engagement without excessive marketing cost.
Second Booking Campaign,Customer,CUST01394,New Customers,MEDIUM,Offer a first-repeat booking incentive.,The customer should be encouraged to make a second booking.
Loyalty Campaign,Customer,CUST01395,Loyal Customers,HIGH,"Provide loyalty points, member benefits and personalized offers.",Repeated booking behavior indicates strong customer engagement.
Loyalty Rewards,Customer,CUST01396,Champions,HIGH,"Offer loyalty rewards, premium benefits and referral incentives.",High-value customers are likely to respond well to retention programs.
Loyalty Campaign,Customer,CUST01397,Loyal Customers,HIGH,"Provide loyalty points, member benefits and personalized offers.",Repeated booking behavior indicates strong customer engagement.
Loyalty Rewards,Customer,CUST01398,Champions,HIGH,"Offer loyalty rewards, premium benefits and referral incentives.",High-value customers are likely to respond well to retention programs.
Reactivation Campaign,Customer,CUST01399,Lost Customers,MEDIUM,Send a reactivation offer and highlight relevant routes or services.,Customer activity has declined significantly.
Loyalty Rewards,Customer,CUST01400,Champions,HIGH,"Offer loyalty rewards, premium benefits and referral incentives.",High-value customers are likely to respond well to retention programs.
Loyalty Campaign,Customer,CUST01401,Loyal Customers,HIGH,"Provide loyalty points, member benefits and personalized offers.",Repeated booking behavior indicates strong customer engagement.
Loyalty Campaign,Customer,CUST01402,Loyal Customers,HIGH,"Provide loyalty points, member benefits and personalized offers.",Repeated booking behavior indicates strong customer engagement.
Loyalty Rewards,Customer,CUST01403,Champions,HIGH,"Offer loyalty rewards, premium benefits and referral incentives.",High-value customers are likely to respond well to retention programs.
Loyalty Rewards,Customer,CUST01404,Champions,HIGH,"Offer loyalty rewards, premium benefits and referral incentives.",High-value customers are likely to respond well to retention programs.
Reactivation Campaign,Customer,CUST01405,Lost Customers,MEDIUM,Send a reactivation offer and highlight relevant routes or services.,Customer activity has declined significantly.
General Engagement,Customer,CUST01406,Need Attention,LOW,Send personalized service updates and relevant offers.,Maintain customer engagement without excessive marketing cost.
Reactivation Campaign,Customer,CUST01407,Lost Customers,MEDIUM,Send a reactivation offer and highlight relevant routes or services.,Customer activity has declined significantly.
Reactivation Campaign,Customer,CUST01408,Lost Customers,MEDIUM,Send a reactivation offer and highlight relevant routes or services.,Customer activity has declined significantly.
General Engagement,Customer,CUST01409,Big Spenders,LOW,Send personalized service updates and relevant offers.,Maintain customer engagement without excessive marketing cost.
Win-back Campaign,Customer,CUST01410,At Risk,HIGH,Launch a personalized win-back campaign with a targeted discount.,Customer activity indicates potential churn risk.
Win-back Campaign,Customer,CUST01411,At Risk,HIGH,Launch a personalized win-back campaign with a targeted discount.,Customer activity indicates potential churn risk.
Loyalty Campaign,Customer,CUST01412,Loyal Customers,HIGH,"Provide loyalty points, member benefits and personalized offers.",Repeated booking behavior indicates strong customer engagement.
Reactivation Campaign,Customer,CUST01413,Lost Customers,MEDIUM,Send a reactivation offer and highlight relevant routes or services.,Customer activity has declined significantly.
Loyalty Campaign,Customer,CUST01414,Loyal Customers,HIGH,"Provide loyalty points, member benefits and personalized offers.",Repeated booking behavior indicates strong customer engagement.
Loyalty Campaign,Customer,CUST01415,Loyal Customers,HIGH,"Provide loyalty points, member benefits and personalized offers.",Repeated booking behavior indicates strong customer engagement.
General Engagement,Customer,CUST01416,Need Attention,LOW,Send personalized service updates and relevant offers.,Maintain customer engagement without excessive marketing cost.
Loyalty Campaign,Customer,CUST01417,Loyal Customers,HIGH,"Provide loyalty points, member benefits and personalized offers.",Repeated booking behavior indicates strong customer engagement.
Second Booking Campaign,Customer,CUST01418,New Customers,MEDIUM,Offer a first-repeat booking incentive.,The customer should be encouraged to make a second booking.
Loyalty Rewards,Customer,CUST01419,Champions,HIGH,"Offer loyalty rewards, premium benefits and referral incentives.",High-value customers are likely to respond well to retention programs.
Reactivation Campaign,Customer,CUST01420,Lost Customers,MEDIUM,Send a reactivation offer and highlight relevant routes or services.,Customer activity has declined significantly.
Loyalty Rewards,Customer,CUST01421,Champions,HIGH,"Offer loyalty rewards, premium benefits and referral incentives.",High-value customers are likely to respond well to retention programs.
Loyalty Campaign,Customer,CUST01422,Loyal Customers,HIGH,"Provide loyalty points, member benefits and personalized offers.",Repeated booking behavior indicates strong customer engagement.
General Engagement,Customer,CUST01423,Need Attention,LOW,Send personalized service updates and relevant offers.,Maintain customer engagement without excessive marketing cost.
Win-back Campaign,Customer,CUST01424,At Risk,HIGH,Launch a personalized win-back campaign with a targeted discount.,Customer activity indicates potential churn risk.
Loyalty Rewards,Customer,CUST01425,Champions,HIGH,"Offer loyalty rewards, premium benefits and referral incentives.",High-value customers are likely to respond well to retention programs.
Reactivation Campaign,Customer,CUST01426,Lost Customers,MEDIUM,Send a reactivation offer and highlight relevant routes or services.,Customer activity has declined significantly.
Win-back Campaign,Customer,CUST01427,At Risk,HIGH,Launch a personalized win-back campaign with a targeted discount.,Customer activity indicates potential churn risk.
Second Booking Campaign,Customer,CUST01428,New Customers,MEDIUM,Offer a first-repeat booking incentive.,The customer should be encouraged to make a second booking.
Reactivation Campaign,Customer,CUST01429,Lost Customers,MEDIUM,Send a reactivation offer and highlight relevant routes or services.,Customer activity has declined significantly.
Loyalty Rewards,Customer,CUST01430,Champions,HIGH,"Offer loyalty rewards, premium benefits and referral incentives.",High-value customers are likely to respond well to retention programs.
Win-back Campaign,Customer,CUST01431,At Risk,HIGH,Launch a personalized win-back campaign with a targeted discount.,Customer activity indicates potential churn risk.
Win-back Campaign,Customer,CUST01432,At Risk,HIGH,Launch a personalized win-back campaign with a targeted discount.,Customer activity indicates potential churn risk.
Win-back Campaign,Customer,CUST01433,At Risk,HIGH,Launch a personalized win-back campaign with a targeted discount.,Customer activity indicates potential churn risk.
Loyalty Campaign,Customer,CUST01434,Loyal Customers,HIGH,"Provide loyalty points, member benefits and personalized offers.",Repeated booking behavior indicates strong customer engagement.
General Engagement,Customer,CUST01435,Need Attention,LOW,Send personalized service updates and relevant offers.,Maintain customer engagement without excessive marketing cost.
Loyalty Campaign,Customer,CUST01436,Potential Loyalists,HIGH,"Provide loyalty points, member benefits and personalized offers.",Repeated booking behavior indicates strong customer engagement.
Reactivation Campaign,Customer,CUST01437,Lost Customers,MEDIUM,Send a reactivation offer and highlight relevant routes or services.,Customer activity has declined significantly.
Loyalty Campaign,Customer,CUST01438,Potential Loyalists,HIGH,"Provide loyalty points, member benefits and personalized offers.",Repeated booking behavior indicates strong customer engagement.
Win-back Campaign,Customer,CUST01439,At Risk,HIGH,Launch a personalized win-back campaign with a targeted discount.,Customer activity indicates potential churn risk.
Loyalty Campaign,Customer,CUST01440,Loyal Customers,HIGH,"Provide loyalty points, member benefits and personalized offers.",Repeated booking behavior indicates strong customer engagement.
General Engagement,Customer,CUST01441,Need Attention,LOW,Send personalized service updates and relevant offers.,Maintain customer engagement without excessive marketing cost.
Loyalty Rewards,Customer,CUST01442,Champions,HIGH,"Offer loyalty rewards, premium benefits and referral incentives.",High-value customers are likely to respond well to retention programs.
General Engagement,Customer,CUST01443,Big Spenders,LOW,Send personalized service updates and relevant offers.,Maintain customer engagement without excessive marketing cost.
General Engagement,Customer,CUST01445,Need Attention,LOW,Send personalized service updates and relevant offers.,Maintain customer engagement without excessive marketing cost.
Win-back Campaign,Customer,CUST01446,At Risk,HIGH,Launch a personalized win-back campaign with a targeted discount.,Customer activity indicates potential churn risk.
General Engagement,Customer,CUST01447,Big Spenders,LOW,Send personalized service updates and relevant offers.,Maintain customer engagement without excessive marketing cost.
Reactivation Campaign,Customer,CUST01449,Lost Customers,MEDIUM,Send a reactivation offer and highlight relevant routes or services.,Customer activity has declined significantly.
Second Booking Campaign,Customer,CUST01450,New Customers,MEDIUM,Offer a first-repeat booking incentive.,The customer should be encouraged to make a second booking.
Win-back Campaign,Customer,CUST01451,At Risk,HIGH,Launch a personalized win-back campaign with a targeted discount.,Customer activity indicates potential churn risk.
Loyalty Campaign,Customer,CUST01452,Potential Loyalists,HIGH,"Provide loyalty points, member benefits and personalized offers.",Repeated booking behavior indicates strong customer engagement.
General Engagement,Customer,CUST01453,Need Attention,LOW,Send personalized service updates and relevant offers.,Maintain customer engagement without excessive marketing cost.
Second Booking Campaign,Customer,CUST01454,New Customers,MEDIUM,Offer a first-repeat booking incentive.,The customer should be encouraged to make a second booking.
Loyalty Campaign,Customer,CUST01455,Loyal Customers,HIGH,"Provide loyalty points, member benefits and personalized offers.",Repeated booking behavior indicates strong customer engagement.
Loyalty Campaign,Customer,CUST01456,Potential Loyalists,HIGH,"Provide loyalty points, member benefits and personalized offers.",Repeated booking behavior indicates strong customer engagement.
Loyalty Campaign,Customer,CUST01457,Loyal Customers,HIGH,"Provide loyalty points, member benefits and personalized offers.",Repeated booking behavior indicates strong customer engagement.
Reactivation Campaign,Customer,CUST01458,Lost Customers,MEDIUM,Send a reactivation offer and highlight relevant routes or services.,Customer activity has declined significantly.
Loyalty Rewards,Customer,CUST01459,Champions,HIGH,"Offer loyalty rewards, premium benefits and referral incentives.",High-value customers are likely to respond well to retention programs.
Reactivation Campaign,Customer,CUST01460,Lost Customers,MEDIUM,Send a reactivation offer and highlight relevant routes or services.,Customer activity has declined significantly.
Reactivation Campaign,Customer,CUST01461,Lost Customers,MEDIUM,Send a reactivation offer and highlight relevant routes or services.,Customer activity has declined significantly.
Loyalty Campaign,Customer,CUST01462,Loyal Customers,HIGH,"Provide loyalty points, member benefits and personalized offers.",Repeated booking behavior indicates strong customer engagement.
Loyalty Rewards,Customer,CUST01463,Champions,HIGH,"Offer loyalty rewards, premium benefits and referral incentives.",High-value customers are likely to respond well to retention programs.
Win-back Campaign,Customer,CUST01464,At Risk,HIGH,Launch a personalized win-back campaign with a targeted discount.,Customer activity indicates potential churn risk.
Second Booking Campaign,Customer,CUST01465,New Customers,MEDIUM,Offer a first-repeat booking incentive.,The customer should be encouraged to make a second booking.
Reactivation Campaign,Customer,CUST01466,Lost Customers,MEDIUM,Send a reactivation offer and highlight relevant routes or services.,Customer activity has declined significantly.
Loyalty Campaign,Customer,CUST01467,Loyal Customers,HIGH,"Provide loyalty points, member benefits and personalized offers.",Repeated booking behavior indicates strong customer engagement.
Win-back Campaign,Customer,CUST01468,At Risk,HIGH,Launch a personalized win-back campaign with a targeted discount.,Customer activity indicates potential churn risk.
General Engagement,Customer,CUST01469,Need Attention,LOW,Send personalized service updates and relevant offers.,Maintain customer engagement without excessive marketing cost.
Reactivation Campaign,Customer,CUST01470,Lost Customers,MEDIUM,Send a reactivation offer and highlight relevant routes or services.,Customer activity has declined significantly.
Second Booking Campaign,Customer,CUST01471,New Customers,MEDIUM,Offer a first-repeat booking incentive.,The customer should be encouraged to make a second booking.
Win-back Campaign,Customer,CUST01472,At Risk,HIGH,Launch a personalized win-back campaign with a targeted discount.,Customer activity indicates potential churn risk.
Loyalty Rewards,Customer,CUST01473,Champions,HIGH,"Offer loyalty rewards, premium benefits and referral incentives.",High-value customers are likely to respond well to retention programs.
General Engagement,Customer,CUST01474,Need Attention,LOW,Send personalized service updates and relevant offers.,Maintain customer engagement without excessive marketing cost.
Loyalty Rewards,Customer,CUST01475,Champions,HIGH,"Offer loyalty rewards, premium benefits and referral incentives.",High-value customers are likely to respond well to retention programs.
General Engagement,Customer,CUST01476,Need Attention,LOW,Send personalized service updates and relevant offers.,Maintain customer engagement without excessive marketing cost.
Loyalty Rewards,Customer,CUST01477,Champions,HIGH,"Offer loyalty rewards, premium benefits and referral incentives.",High-value customers are likely to respond well to retention programs.
Win-back Campaign,Customer,CUST01478,At Risk,HIGH,Launch a personalized win-back campaign with a targeted discount.,Customer activity indicates potential churn risk.
Reactivation Campaign,Customer,CUST01479,Lost Customers,MEDIUM,Send a reactivation offer and highlight relevant routes or services.,Customer activity has declined significantly.
Loyalty Campaign,Customer,CUST01480,Loyal Customers,HIGH,"Provide loyalty points, member benefits and personalized offers.",Repeated booking behavior indicates strong customer engagement.
Win-back Campaign,Customer,CUST01481,At Risk,HIGH,Launch a personalized win-back campaign with a targeted discount.,Customer activity indicates potential churn risk.
Win-back Campaign,Customer,CUST01482,At Risk,HIGH,Launch a personalized win-back campaign with a targeted discount.,Customer activity indicates potential churn risk.
Reactivation Campaign,Customer,CUST01483,Lost Customers,MEDIUM,Send a reactivation offer and highlight relevant routes or services.,Customer activity has declined significantly.
General Engagement,Customer,CUST01484,Big Spenders,LOW,Send personalized service updates and relevant offers.,Maintain customer engagement without excessive marketing cost.
Reactivation Campaign,Customer,CUST01485,Lost Customers,MEDIUM,Send a reactivation offer and highlight relevant routes or services.,Customer activity has declined significantly.
Second Booking Campaign,Customer,CUST01486,New Customers,MEDIUM,Offer a first-repeat booking incentive.,The customer should be encouraged to make a second booking.
General Engagement,Customer,CUST01487,Need Attention,LOW,Send personalized service updates and relevant offers.,Maintain customer engagement without excessive marketing cost.
Win-back Campaign,Customer,CUST01488,At Risk,HIGH,Launch a personalized win-back campaign with a targeted discount.,Customer activity indicates potential churn risk.
Second Booking Campaign,Customer,CUST01489,New Customers,MEDIUM,Offer a first-repeat booking incentive.,The customer should be encouraged to make a second booking.
Win-back Campaign,Customer,CUST01490,At Risk,HIGH,Launch a personalized win-back campaign with a targeted discount.,Customer activity indicates potential churn risk.
General Engagement,Customer,CUST01491,Need Attention,LOW,Send personalized service updates and relevant offers.,Maintain customer engagement without excessive marketing cost.
Loyalty Campaign,Customer,CUST01492,Loyal Customers,HIGH,"Provide loyalty points, member benefits and personalized offers.",Repeated booking behavior indicates strong customer engagement.
Win-back Campaign,Customer,CUST01493,At Risk,HIGH,Launch a personalized win-back campaign with a targeted discount.,Customer activity indicates potential churn risk.
Loyalty Campaign,Customer,CUST01494,Loyal Customers,HIGH,"Provide loyalty points, member benefits and personalized offers.",Repeated booking behavior indicates strong customer engagement.
Loyalty Campaign,Customer,CUST01495,Loyal Customers,HIGH,"Provide loyalty points, member benefits and personalized offers.",Repeated booking behavior indicates strong customer engagement.
Loyalty Campaign,Customer,CUST01496,Loyal Customers,HIGH,"Provide loyalty points, member benefits and personalized offers.",Repeated booking behavior indicates strong customer engagement.
Loyalty Campaign,Customer,CUST01497,Loyal Customers,HIGH,"Provide loyalty points, member benefits and personalized offers.",Repeated booking behavior indicates strong customer engagement.
Win-back Campaign,Customer,CUST01498,At Risk,HIGH,Launch a personalized win-back campaign with a targeted discount.,Customer activity indicates potential churn risk.
General Engagement,Customer,CUST01499,Big Spenders,LOW,Send personalized service updates and relevant offers.,Maintain customer engagement without excessive marketing cost.
Loyalty Campaign,Customer,CUST01500,Loyal Customers,HIGH,"Provide loyalty points, member benefits and personalized offers.",Repeated booking behavior indicates strong customer engagement.
General Engagement,Customer,CUST01501,Need Attention,LOW,Send personalized service updates and relevant offers.,Maintain customer engagement without excessive marketing cost.
Loyalty Campaign,Customer,CUST01502,Potential Loyalists,HIGH,"Provide loyalty points, member benefits and personalized offers.",Repeated booking behavior indicates strong customer engagement.
Loyalty Campaign,Customer,CUST01503,Loyal Customers,HIGH,"Provide loyalty points, member benefits and personalized offers.",Repeated booking behavior indicates strong customer engagement.
Reactivation Campaign,Customer,CUST01504,Lost Customers,MEDIUM,Send a reactivation offer and highlight relevant routes or services.,Customer activity has declined significantly.
Win-back Campaign,Customer,CUST01505,At Risk,HIGH,Launch a personalized win-back campaign with a targeted discount.,Customer activity indicates potential churn risk.
Loyalty Campaign,Customer,CUST01506,Loyal Customers,HIGH,"Provide loyalty points, member benefits and personalized offers.",Repeated booking behavior indicates strong customer engagement.
Win-back Campaign,Customer,CUST01507,At Risk,HIGH,Launch a personalized win-back campaign with a targeted discount.,Customer activity indicates potential churn risk.
General Engagement,Customer,CUST01508,Need Attention,LOW,Send personalized service updates and relevant offers.,Maintain customer engagement without excessive marketing cost.
Loyalty Rewards,Customer,CUST01509,Champions,HIGH,"Offer loyalty rewards, premium benefits and referral incentives.",High-value customers are likely to respond well to retention programs.
General Engagement,Customer,CUST01510,Need Attention,LOW,Send personalized service updates and relevant offers.,Maintain customer engagement without excessive marketing cost.
Win-back Campaign,Customer,CUST01511,At Risk,HIGH,Launch a personalized win-back campaign with a targeted discount.,Customer activity indicates potential churn risk.
Loyalty Rewards,Customer,CUST01512,Champions,HIGH,"Offer loyalty rewards, premium benefits and referral incentives.",High-value customers are likely to respond well to retention programs.
Win-back Campaign,Customer,CUST01513,At Risk,HIGH,Launch a personalized win-back campaign with a targeted discount.,Customer activity indicates potential churn risk.
General Engagement,Customer,CUST01514,Need Attention,LOW,Send personalized service updates and relevant offers.,Maintain customer engagement without excessive marketing cost.
Reactivation Campaign,Customer,CUST01515,Lost Customers,MEDIUM,Send a reactivation offer and highlight relevant routes or services.,Customer activity has declined significantly.
Loyalty Rewards,Customer,CUST01518,Champions,HIGH,"Offer loyalty rewards, premium benefits and referral incentives.",High-value customers are likely to respond well to retention programs.
Loyalty Rewards,Customer,CUST01519,Champions,HIGH,"Offer loyalty rewards, premium benefits and referral incentives.",High-value customers are likely to respond well to retention programs.
General Engagement,Customer,CUST01520,Need Attention,LOW,Send personalized service updates and relevant offers.,Maintain customer engagement without excessive marketing cost.
Reactivation Campaign,Customer,CUST01521,Lost Customers,MEDIUM,Send a reactivation offer and highlight relevant routes or services.,Customer activity has declined significantly.
Loyalty Rewards,Customer,CUST01522,Champions,HIGH,"Offer loyalty rewards, premium benefits and referral incentives.",High-value customers are likely to respond well to retention programs.
General Engagement,Customer,CUST01523,Big Spenders,LOW,Send personalized service updates and relevant offers.,Maintain customer engagement without excessive marketing cost.
Second Booking Campaign,Customer,CUST01524,New Customers,MEDIUM,Offer a first-repeat booking incentive.,The customer should be encouraged to make a second booking.
General Engagement,Customer,CUST01525,Need Attention,LOW,Send personalized service updates and relevant offers.,Maintain customer engagement without excessive marketing cost.
General Engagement,Customer,CUST01526,Need Attention,LOW,Send personalized service updates and relevant offers.,Maintain customer engagement without excessive marketing cost.
Loyalty Campaign,Customer,CUST01527,Loyal Customers,HIGH,"Provide loyalty points, member benefits and personalized offers.",Repeated booking behavior indicates strong customer engagement.
General Engagement,Customer,CUST01528,Need Attention,LOW,Send personalized service updates and relevant offers.,Maintain customer engagement without excessive marketing cost.
General Engagement,Customer,CUST01529,Need Attention,LOW,Send personalized service updates and relevant offers.,Maintain customer engagement without excessive marketing cost.
Loyalty Campaign,Customer,CUST01530,Loyal Customers,HIGH,"Provide loyalty points, member benefits and personalized offers.",Repeated booking behavior indicates strong customer engagement.
Loyalty Rewards,Customer,CUST01531,Champions,HIGH,"Offer loyalty rewards, premium benefits and referral incentives.",High-value customers are likely to respond well to retention programs.
Loyalty Rewards,Customer,CUST01532,Champions,HIGH,"Offer loyalty rewards, premium benefits and referral incentives.",High-value customers are likely to respond well to retention programs.
Loyalty Rewards,Customer,CUST01533,Champions,HIGH,"Offer loyalty rewards, premium benefits and referral incentives.",High-value customers are likely to respond well to retention programs.
Loyalty Campaign,Customer,CUST01534,Loyal Customers,HIGH,"Provide loyalty points, member benefits and personalized offers.",Repeated booking behavior indicates strong customer engagement.
General Engagement,Customer,CUST01535,Need Attention,LOW,Send personalized service updates and relevant offers.,Maintain customer engagement without excessive marketing cost.
Second Booking Campaign,Customer,CUST01536,New Customers,MEDIUM,Offer a first-repeat booking incentive.,The customer should be encouraged to make a second booking.
Second Booking Campaign,Customer,CUST01537,New Customers,MEDIUM,Offer a first-repeat booking incentive.,The customer should be encouraged to make a second booking.
Reactivation Campaign,Customer,CUST01539,Lost Customers,MEDIUM,Send a reactivation offer and highlight relevant routes or services.,Customer activity has declined significantly.
Second Booking Campaign,Customer,CUST01540,New Customers,MEDIUM,Offer a first-repeat booking incentive.,The customer should be encouraged to make a second booking.
Reactivation Campaign,Customer,CUST01541,Lost Customers,MEDIUM,Send a reactivation offer and highlight relevant routes or services.,Customer activity has declined significantly.
General Engagement,Customer,CUST01542,Need Attention,LOW,Send personalized service updates and relevant offers.,Maintain customer engagement without excessive marketing cost.
General Engagement,Customer,CUST01543,Need Attention,LOW,Send personalized service updates and relevant offers.,Maintain customer engagement without excessive marketing cost.
Loyalty Rewards,Customer,CUST01544,Champions,HIGH,"Offer loyalty rewards, premium benefits and referral incentives.",High-value customers are likely to respond well to retention programs.
Reactivation Campaign,Customer,CUST01545,Lost Customers,MEDIUM,Send a reactivation offer and highlight relevant routes or services.,Customer activity has declined significantly.
Reactivation Campaign,Customer,CUST01546,Lost Customers,MEDIUM,Send a reactivation offer and highlight relevant routes or services.,Customer activity has declined significantly.
Loyalty Campaign,Customer,CUST01547,Loyal Customers,HIGH,"Provide loyalty points, member benefits and personalized offers.",Repeated booking behavior indicates strong customer engagement.
Loyalty Rewards,Customer,CUST01548,Champions,HIGH,"Offer loyalty rewards, premium benefits and referral incentives.",High-value customers are likely to respond well to retention programs.
Win-back Campaign,Customer,CUST01549,At Risk,HIGH,Launch a personalized win-back campaign with a targeted discount.,Customer activity indicates potential churn risk.
Reactivation Campaign,Customer,CUST01550,Lost Customers,MEDIUM,Send a reactivation offer and highlight relevant routes or services.,Customer activity has declined significantly.
General Engagement,Customer,CUST01551,Need Attention,LOW,Send personalized service updates and relevant offers.,Maintain customer engagement without excessive marketing cost.
Second Booking Campaign,Customer,CUST01552,New Customers,MEDIUM,Offer a first-repeat booking incentive.,The customer should be encouraged to make a second booking.
Second Booking Campaign,Customer,CUST01553,New Customers,MEDIUM,Offer a first-repeat booking incentive.,The customer should be encouraged to make a second booking.
Loyalty Rewards,Customer,CUST01554,Champions,HIGH,"Offer loyalty rewards, premium benefits and referral incentives.",High-value customers are likely to respond well to retention programs.
Loyalty Campaign,Customer,CUST01555,Loyal Customers,HIGH,"Provide loyalty points, member benefits and personalized offers.",Repeated booking behavior indicates strong customer engagement.
Loyalty Campaign,Customer,CUST01556,Loyal Customers,HIGH,"Provide loyalty points, member benefits and personalized offers.",Repeated booking behavior indicates strong customer engagement.
Win-back Campaign,Customer,CUST01557,At Risk,HIGH,Launch a personalized win-back campaign with a targeted discount.,Customer activity indicates potential churn risk.
Second Booking Campaign,Customer,CUST01558,New Customers,MEDIUM,Offer a first-repeat booking incentive.,The customer should be encouraged to make a second booking.
Loyalty Rewards,Customer,CUST01559,Champions,HIGH,"Offer loyalty rewards, premium benefits and referral incentives.",High-value customers are likely to respond well to retention programs.
Loyalty Campaign,Customer,CUST01560,Potential Loyalists,HIGH,"Provide loyalty points, member benefits and personalized offers.",Repeated booking behavior indicates strong customer engagement.
General Engagement,Customer,CUST01561,Need Attention,LOW,Send personalized service updates and relevant offers.,Maintain customer engagement without excessive marketing cost.
Loyalty Campaign,Customer,CUST01562,Potential Loyalists,HIGH,"Provide loyalty points, member benefits and personalized offers.",Repeated booking behavior indicates strong customer engagement.
General Engagement,Customer,CUST01563,Need Attention,LOW,Send personalized service updates and relevant offers.,Maintain customer engagement without excessive marketing cost.
Win-back Campaign,Customer,CUST01564,At Risk,HIGH,Launch a personalized win-back campaign with a targeted discount.,Customer activity indicates potential churn risk.
Reactivation Campaign,Customer,CUST01565,Lost Customers,MEDIUM,Send a reactivation offer and highlight relevant routes or services.,Customer activity has declined significantly.
Loyalty Campaign,Customer,CUST01566,Loyal Customers,HIGH,"Provide loyalty points, member benefits and personalized offers.",Repeated booking behavior indicates strong customer engagement.
Second Booking Campaign,Customer,CUST01567,New Customers,MEDIUM,Offer a first-repeat booking incentive.,The customer should be encouraged to make a second booking.
Second Booking Campaign,Customer,CUST01568,New Customers,MEDIUM,Offer a first-repeat booking incentive.,The customer should be encouraged to make a second booking.
Reactivation Campaign,Customer,CUST01569,Lost Customers,MEDIUM,Send a reactivation offer and highlight relevant routes or services.,Customer activity has declined significantly.
Loyalty Rewards,Customer,CUST01572,Champions,HIGH,"Offer loyalty rewards, premium benefits and referral incentives.",High-value customers are likely to respond well to retention programs.
Loyalty Campaign,Customer,CUST01573,Loyal Customers,HIGH,"Provide loyalty points, member benefits and personalized offers.",Repeated booking behavior indicates strong customer engagement.
Loyalty Rewards,Customer,CUST01574,Champions,HIGH,"Offer loyalty rewards, premium benefits and referral incentives.",High-value customers are likely to respond well to retention programs.
Second Booking Campaign,Customer,CUST01575,New Customers,MEDIUM,Offer a first-repeat booking incentive.,The customer should be encouraged to make a second booking.
Loyalty Campaign,Customer,CUST01576,Loyal Customers,HIGH,"Provide loyalty points, member benefits and personalized offers.",Repeated booking behavior indicates strong customer engagement.
General Engagement,Customer,CUST01577,Need Attention,LOW,Send personalized service updates and relevant offers.,Maintain customer engagement without excessive marketing cost.
Loyalty Rewards,Customer,CUST01578,Champions,HIGH,"Offer loyalty rewards, premium benefits and referral incentives.",High-value customers are likely to respond well to retention programs.
Win-back Campaign,Customer,CUST01579,At Risk,HIGH,Launch a personalized win-back campaign with a targeted discount.,Customer activity indicates potential churn risk.
General Engagement,Customer,CUST01580,Need Attention,LOW,Send personalized service updates and relevant offers.,Maintain customer engagement without excessive marketing cost.
General Engagement,Customer,CUST01581,Big Spenders,LOW,Send personalized service updates and relevant offers.,Maintain customer engagement without excessive marketing cost.
Loyalty Campaign,Customer,CUST01582,Loyal Customers,HIGH,"Provide loyalty points, member benefits and personalized offers.",Repeated booking behavior indicates strong customer engagement.
Reactivation Campaign,Customer,CUST01583,Lost Customers,MEDIUM,Send a reactivation offer and highlight relevant routes or services.,Customer activity has declined significantly.
General Engagement,Customer,CUST01584,Need Attention,LOW,Send personalized service updates and relevant offers.,Maintain customer engagement without excessive marketing cost.
Loyalty Rewards,Customer,CUST01585,Champions,HIGH,"Offer loyalty rewards, premium benefits and referral incentives.",High-value customers are likely to respond well to retention programs.
Second Booking Campaign,Customer,CUST01586,New Customers,MEDIUM,Offer a first-repeat booking incentive.,The customer should be encouraged to make a second booking.
Loyalty Rewards,Customer,CUST01587,Champions,HIGH,"Offer loyalty rewards, premium benefits and referral incentives.",High-value customers are likely to respond well to retention programs.
Loyalty Rewards,Customer,CUST01588,Champions,HIGH,"Offer loyalty rewards, premium benefits and referral incentives.",High-value customers are likely to respond well to retention programs.
Reactivation Campaign,Customer,CUST01589,Lost Customers,MEDIUM,Send a reactivation offer and highlight relevant routes or services.,Customer activity has declined significantly.
Loyalty Campaign,Customer,CUST01590,Loyal Customers,HIGH,"Provide loyalty points, member benefits and personalized offers.",Repeated booking behavior indicates strong customer engagement.
General Engagement,Customer,CUST01591,Need Attention,LOW,Send personalized service updates and relevant offers.,Maintain customer engagement without excessive marketing cost.
Loyalty Rewards,Customer,CUST01592,Champions,HIGH,"Offer loyalty rewards, premium benefits and referral incentives.",High-value customers are likely to respond well to retention programs.
Loyalty Campaign,Customer,CUST01593,Potential Loyalists,HIGH,"Provide loyalty points, member benefits and personalized offers.",Repeated booking behavior indicates strong customer engagement.
Loyalty Campaign,Customer,CUST01594,Potential Loyalists,HIGH,"Provide loyalty points, member benefits and personalized offers.",Repeated booking behavior indicates strong customer engagement.
Reactivation Campaign,Customer,CUST01595,Lost Customers,MEDIUM,Send a reactivation offer and highlight relevant routes or services.,Customer activity has declined significantly.
General Engagement,Customer,CUST01596,Need Attention,LOW,Send personalized service updates and relevant offers.,Maintain customer engagement without excessive marketing cost.
Reactivation Campaign,Customer,CUST01597,Lost Customers,MEDIUM,Send a reactivation offer and highlight relevant routes or services.,Customer activity has declined significantly.
General Engagement,Customer,CUST01598,Need Attention,LOW,Send personalized service updates and relevant offers.,Maintain customer engagement without excessive marketing cost.
Loyalty Rewards,Customer,CUST01599,Champions,HIGH,"Offer loyalty rewards, premium benefits and referral incentives.",High-value customers are likely to respond well to retention programs.
Second Booking Campaign,Customer,CUST01600,New Customers,MEDIUM,Offer a first-repeat booking incentive.,The customer should be encouraged to make a second booking.
Win-back Campaign,Customer,CUST01601,At Risk,HIGH,Launch a personalized win-back campaign with a targeted discount.,Customer activity indicates potential churn risk.
Win-back Campaign,Customer,CUST01602,At Risk,HIGH,Launch a personalized win-back campaign with a targeted discount.,Customer activity indicates potential churn risk.
Win-back Campaign,Customer,CUST01603,At Risk,HIGH,Launch a personalized win-back campaign with a targeted discount.,Customer activity indicates potential churn risk.
General Engagement,Customer,CUST01604,Need Attention,LOW,Send personalized service updates and relevant offers.,Maintain customer engagement without excessive marketing cost.
General Engagement,Customer,CUST01605,Need Attention,LOW,Send personalized service updates and relevant offers.,Maintain customer engagement without excessive marketing cost.
Win-back Campaign,Customer,CUST01606,At Risk,HIGH,Launch a personalized win-back campaign with a targeted discount.,Customer activity indicates potential churn risk.
Win-back Campaign,Customer,CUST01607,At Risk,HIGH,Launch a personalized win-back campaign with a targeted discount.,Customer activity indicates potential churn risk.
General Engagement,Customer,CUST01608,Need Attention,LOW,Send personalized service updates and relevant offers.,Maintain customer engagement without excessive marketing cost.
Loyalty Rewards,Customer,CUST01609,Champions,HIGH,"Offer loyalty rewards, premium benefits and referral incentives.",High-value customers are likely to respond well to retention programs.
Loyalty Campaign,Customer,CUST01610,Potential Loyalists,HIGH,"Provide loyalty points, member benefits and personalized offers.",Repeated booking behavior indicates strong customer engagement.
Reactivation Campaign,Customer,CUST01611,Lost Customers,MEDIUM,Send a reactivation offer and highlight relevant routes or services.,Customer activity has declined significantly.
Loyalty Rewards,Customer,CUST01612,Champions,HIGH,"Offer loyalty rewards, premium benefits and referral incentives.",High-value customers are likely to respond well to retention programs.
General Engagement,Customer,CUST01613,Need Attention,LOW,Send personalized service updates and relevant offers.,Maintain customer engagement without excessive marketing cost.
General Engagement,Customer,CUST01614,Big Spenders,LOW,Send personalized service updates and relevant offers.,Maintain customer engagement without excessive marketing cost.
Second Booking Campaign,Customer,CUST01615,New Customers,MEDIUM,Offer a first-repeat booking incentive.,The customer should be encouraged to make a second booking.
Loyalty Campaign,Customer,CUST01616,Loyal Customers,HIGH,"Provide loyalty points, member benefits and personalized offers.",Repeated booking behavior indicates strong customer engagement.
Reactivation Campaign,Customer,CUST01617,Lost Customers,MEDIUM,Send a reactivation offer and highlight relevant routes or services.,Customer activity has declined significantly.
Loyalty Rewards,Customer,CUST01618,Champions,HIGH,"Offer loyalty rewards, premium benefits and referral incentives.",High-value customers are likely to respond well to retention programs.
Loyalty Rewards,Customer,CUST01619,Champions,HIGH,"Offer loyalty rewards, premium benefits and referral incentives.",High-value customers are likely to respond well to retention programs.
General Engagement,Customer,CUST01620,Need Attention,LOW,Send personalized service updates and relevant offers.,Maintain customer engagement without excessive marketing cost.
General Engagement,Customer,CUST01621,Need Attention,LOW,Send personalized service updates and relevant offers.,Maintain customer engagement without excessive marketing cost.
Win-back Campaign,Customer,CUST01622,At Risk,HIGH,Launch a personalized win-back campaign with a targeted discount.,Customer activity indicates potential churn risk.
General Engagement,Customer,CUST01623,Need Attention,LOW,Send personalized service updates and relevant offers.,Maintain customer engagement without excessive marketing cost.
General Engagement,Customer,CUST01624,Need Attention,LOW,Send personalized service updates and relevant offers.,Maintain customer engagement without excessive marketing cost.
Loyalty Campaign,Customer,CUST01625,Loyal Customers,HIGH,"Provide loyalty points, member benefits and personalized offers.",Repeated booking behavior indicates strong customer engagement.
Win-back Campaign,Customer,CUST01627,At Risk,HIGH,Launch a personalized win-back campaign with a targeted discount.,Customer activity indicates potential churn risk.
Reactivation Campaign,Customer,CUST01628,Lost Customers,MEDIUM,Send a reactivation offer and highlight relevant routes or services.,Customer activity has declined significantly.
Win-back Campaign,Customer,CUST01629,At Risk,HIGH,Launch a personalized win-back campaign with a targeted discount.,Customer activity indicates potential churn risk.
Loyalty Rewards,Customer,CUST01630,Champions,HIGH,"Offer loyalty rewards, premium benefits and referral incentives.",High-value customers are likely to respond well to retention programs.
Reactivation Campaign,Customer,CUST01631,Lost Customers,MEDIUM,Send a reactivation offer and highlight relevant routes or services.,Customer activity has declined significantly.
General Engagement,Customer,CUST01632,Need Attention,LOW,Send personalized service updates and relevant offers.,Maintain customer engagement without excessive marketing cost.
Loyalty Rewards,Customer,CUST01633,Champions,HIGH,"Offer loyalty rewards, premium benefits and referral incentives.",High-value customers are likely to respond well to retention programs.
Loyalty Rewards,Customer,CUST01634,Champions,HIGH,"Offer loyalty rewards, premium benefits and referral incentives.",High-value customers are likely to respond well to retention programs.
General Engagement,Customer,CUST01635,Need Attention,LOW,Send personalized service updates and relevant offers.,Maintain customer engagement without excessive marketing cost.
General Engagement,Customer,CUST01636,Need Attention,LOW,Send personalized service updates and relevant offers.,Maintain customer engagement without excessive marketing cost.
Loyalty Campaign,Customer,CUST01637,Loyal Customers,HIGH,"Provide loyalty points, member benefits and personalized offers.",Repeated booking behavior indicates strong customer engagement.
Second Booking Campaign,Customer,CUST01638,New Customers,MEDIUM,Offer a first-repeat booking incentive.,The customer should be encouraged to make a second booking.
Win-back Campaign,Customer,CUST01639,At Risk,HIGH,Launch a personalized win-back campaign with a targeted discount.,Customer activity indicates potential churn risk.
Loyalty Campaign,Customer,CUST01640,Potential Loyalists,HIGH,"Provide loyalty points, member benefits and personalized offers.",Repeated booking behavior indicates strong customer engagement.
Loyalty Campaign,Customer,CUST01641,Loyal Customers,HIGH,"Provide loyalty points, member benefits and personalized offers.",Repeated booking behavior indicates strong customer engagement.
Win-back Campaign,Customer,CUST01642,At Risk,HIGH,Launch a personalized win-back campaign with a targeted discount.,Customer activity indicates potential churn risk.
Loyalty Rewards,Customer,CUST01643,Champions,HIGH,"Offer loyalty rewards, premium benefits and referral incentives.",High-value customers are likely to respond well to retention programs.
Loyalty Rewards,Customer,CUST01644,Champions,HIGH,"Offer loyalty rewards, premium benefits and referral incentives.",High-value customers are likely to respond well to retention programs.
Win-back Campaign,Customer,CUST01645,At Risk,HIGH,Launch a personalized win-back campaign with a targeted discount.,Customer activity indicates potential churn risk.
General Engagement,Customer,CUST01646,Big Spenders,LOW,Send personalized service updates and relevant offers.,Maintain customer engagement without excessive marketing cost.
Reactivation Campaign,Customer,CUST01647,Lost Customers,MEDIUM,Send a reactivation offer and highlight relevant routes or services.,Customer activity has declined significantly.
General Engagement,Customer,CUST01648,Big Spenders,LOW,Send personalized service updates and relevant offers.,Maintain customer engagement without excessive marketing cost.
Loyalty Rewards,Customer,CUST01649,Champions,HIGH,"Offer loyalty rewards, premium benefits and referral incentives.",High-value customers are likely to respond well to retention programs.
Loyalty Rewards,Customer,CUST01650,Champions,HIGH,"Offer loyalty rewards, premium benefits and referral incentives.",High-value customers are likely to respond well to retention programs.
Win-back Campaign,Customer,CUST01651,At Risk,HIGH,Launch a personalized win-back campaign with a targeted discount.,Customer activity indicates potential churn risk.
Second Booking Campaign,Customer,CUST01652,New Customers,MEDIUM,Offer a first-repeat booking incentive.,The customer should be encouraged to make a second booking.
Loyalty Rewards,Customer,CUST01653,Champions,HIGH,"Offer loyalty rewards, premium benefits and referral incentives.",High-value customers are likely to respond well to retention programs.
Win-back Campaign,Customer,CUST01654,At Risk,HIGH,Launch a personalized win-back campaign with a targeted discount.,Customer activity indicates potential churn risk.
Loyalty Rewards,Customer,CUST01655,Champions,HIGH,"Offer loyalty rewards, premium benefits and referral incentives.",High-value customers are likely to respond well to retention programs.
Reactivation Campaign,Customer,CUST01656,Lost Customers,MEDIUM,Send a reactivation offer and highlight relevant routes or services.,Customer activity has declined significantly.
Loyalty Campaign,Customer,CUST01657,Potential Loyalists,HIGH,"Provide loyalty points, member benefits and personalized offers.",Repeated booking behavior indicates strong customer engagement.
Loyalty Campaign,Customer,CUST01658,Loyal Customers,HIGH,"Provide loyalty points, member benefits and personalized offers.",Repeated booking behavior indicates strong customer engagement.
Loyalty Rewards,Customer,CUST01659,Champions,HIGH,"Offer loyalty rewards, premium benefits and referral incentives.",High-value customers are likely to respond well to retention programs.
Loyalty Campaign,Customer,CUST01660,Loyal Customers,HIGH,"Provide loyalty points, member benefits and personalized offers.",Repeated booking behavior indicates strong customer engagement.
Loyalty Rewards,Customer,CUST01661,Champions,HIGH,"Offer loyalty rewards, premium benefits and referral incentives.",High-value customers are likely to respond well to retention programs.
Loyalty Campaign,Customer,CUST01662,Potential Loyalists,HIGH,"Provide loyalty points, member benefits and personalized offers.",Repeated booking behavior indicates strong customer engagement.
Win-back Campaign,Customer,CUST01663,At Risk,HIGH,Launch a personalized win-back campaign with a targeted discount.,Customer activity indicates potential churn risk.
Loyalty Campaign,Customer,CUST01664,Loyal Customers,HIGH,"Provide loyalty points, member benefits and personalized offers.",Repeated booking behavior indicates strong customer engagement.
Reactivation Campaign,Customer,CUST01665,Lost Customers,MEDIUM,Send a reactivation offer and highlight relevant routes or services.,Customer activity has declined significantly.
Loyalty Campaign,Customer,CUST01666,Potential Loyalists,HIGH,"Provide loyalty points, member benefits and personalized offers.",Repeated booking behavior indicates strong customer engagement.
Loyalty Campaign,Customer,CUST01667,Loyal Customers,HIGH,"Provide loyalty points, member benefits and personalized offers.",Repeated booking behavior indicates strong customer engagement.
Loyalty Campaign,Customer,CUST01668,Potential Loyalists,HIGH,"Provide loyalty points, member benefits and personalized offers.",Repeated booking behavior indicates strong customer engagement.
Win-back Campaign,Customer,CUST01669,At Risk,HIGH,Launch a personalized win-back campaign with a targeted discount.,Customer activity indicates potential churn risk.
Win-back Campaign,Customer,CUST01670,At Risk,HIGH,Launch a personalized win-back campaign with a targeted discount.,Customer activity indicates potential churn risk.
General Engagement,Customer,CUST01671,Big Spenders,LOW,Send personalized service updates and relevant offers.,Maintain customer engagement without excessive marketing cost.
Loyalty Rewards,Customer,CUST01672,Champions,HIGH,"Offer loyalty rewards, premium benefits and referral incentives.",High-value customers are likely to respond well to retention programs.
Loyalty Campaign,Customer,CUST01673,Loyal Customers,HIGH,"Provide loyalty points, member benefits and personalized offers.",Repeated booking behavior indicates strong customer engagement.
Loyalty Campaign,Customer,CUST01674,Loyal Customers,HIGH,"Provide loyalty points, member benefits and personalized offers.",Repeated booking behavior indicates strong customer engagement.
Win-back Campaign,Customer,CUST01675,At Risk,HIGH,Launch a personalized win-back campaign with a targeted discount.,Customer activity indicates potential churn risk.
Loyalty Campaign,Customer,CUST01676,Loyal Customers,HIGH,"Provide loyalty points, member benefits and personalized offers.",Repeated booking behavior indicates strong customer engagement.
Loyalty Rewards,Customer,CUST01677,Champions,HIGH,"Offer loyalty rewards, premium benefits and referral incentives.",High-value customers are likely to respond well to retention programs.
Win-back Campaign,Customer,CUST01678,At Risk,HIGH,Launch a personalized win-back campaign with a targeted discount.,Customer activity indicates potential churn risk.
General Engagement,Customer,CUST01679,Need Attention,LOW,Send personalized service updates and relevant offers.,Maintain customer engagement without excessive marketing cost.
General Engagement,Customer,CUST01680,Need Attention,LOW,Send personalized service updates and relevant offers.,Maintain customer engagement without excessive marketing cost.
Loyalty Rewards,Customer,CUST01681,Champions,HIGH,"Offer loyalty rewards, premium benefits and referral incentives.",High-value customers are likely to respond well to retention programs.
Loyalty Campaign,Customer,CUST01682,Loyal Customers,HIGH,"Provide loyalty points, member benefits and personalized offers.",Repeated booking behavior indicates strong customer engagement.
General Engagement,Customer,CUST01683,Need Attention,LOW,Send personalized service updates and relevant offers.,Maintain customer engagement without excessive marketing cost.
Win-back Campaign,Customer,CUST01684,At Risk,HIGH,Launch a personalized win-back campaign with a targeted discount.,Customer activity indicates potential churn risk.
Loyalty Rewards,Customer,CUST01685,Champions,HIGH,"Offer loyalty rewards, premium benefits and referral incentives.",High-value customers are likely to respond well to retention programs.
Loyalty Campaign,Customer,CUST01686,Loyal Customers,HIGH,"Provide loyalty points, member benefits and personalized offers.",Repeated booking behavior indicates strong customer engagement.
Win-back Campaign,Customer,CUST01687,At Risk,HIGH,Launch a personalized win-back campaign with a targeted discount.,Customer activity indicates potential churn risk.
Win-back Campaign,Customer,CUST01688,At Risk,HIGH,Launch a personalized win-back campaign with a targeted discount.,Customer activity indicates potential churn risk.
Reactivation Campaign,Customer,CUST01689,Lost Customers,MEDIUM,Send a reactivation offer and highlight relevant routes or services.,Customer activity has declined significantly.
General Engagement,Customer,CUST01690,Need Attention,LOW,Send personalized service updates and relevant offers.,Maintain customer engagement without excessive marketing cost.
General Engagement,Customer,CUST01691,Need Attention,LOW,Send personalized service updates and relevant offers.,Maintain customer engagement without excessive marketing cost.
Reactivation Campaign,Customer,CUST01692,Lost Customers,MEDIUM,Send a reactivation offer and highlight relevant routes or services.,Customer activity has declined significantly.
Loyalty Campaign,Customer,CUST01693,Loyal Customers,HIGH,"Provide loyalty points, member benefits and personalized offers.",Repeated booking behavior indicates strong customer engagement.
Reactivation Campaign,Customer,CUST01694,Lost Customers,MEDIUM,Send a reactivation offer and highlight relevant routes or services.,Customer activity has declined significantly.
General Engagement,Customer,CUST01695,Need Attention,LOW,Send personalized service updates and relevant offers.,Maintain customer engagement without excessive marketing cost.
General Engagement,Customer,CUST01696,Need Attention,LOW,Send personalized service updates and relevant offers.,Maintain customer engagement without excessive marketing cost.
Reactivation Campaign,Customer,CUST01697,Lost Customers,MEDIUM,Send a reactivation offer and highlight relevant routes or services.,Customer activity has declined significantly.
Loyalty Campaign,Customer,CUST01698,Loyal Customers,HIGH,"Provide loyalty points, member benefits and personalized offers.",Repeated booking behavior indicates strong customer engagement.
General Engagement,Customer,CUST01699,Big Spenders,LOW,Send personalized service updates and relevant offers.,Maintain customer engagement without excessive marketing cost.
General Engagement,Customer,CUST01700,Need Attention,LOW,Send personalized service updates and relevant offers.,Maintain customer engagement without excessive marketing cost.
General Engagement,Customer,CUST01701,Need Attention,LOW,Send personalized service updates and relevant offers.,Maintain customer engagement without excessive marketing cost.
Reactivation Campaign,Customer,CUST01702,Lost Customers,MEDIUM,Send a reactivation offer and highlight relevant routes or services.,Customer activity has declined significantly.
Loyalty Campaign,Customer,CUST01703,Loyal Customers,HIGH,"Provide loyalty points, member benefits and personalized offers.",Repeated booking behavior indicates strong customer engagement.
Win-back Campaign,Customer,CUST01704,At Risk,HIGH,Launch a personalized win-back campaign with a targeted discount.,Customer activity indicates potential churn risk.
Win-back Campaign,Customer,CUST01705,At Risk,HIGH,Launch a personalized win-back campaign with a targeted discount.,Customer activity indicates potential churn risk.
Loyalty Campaign,Customer,CUST01706,Potential Loyalists,HIGH,"Provide loyalty points, member benefits and personalized offers.",Repeated booking behavior indicates strong customer engagement.
General Engagement,Customer,CUST01707,Need Attention,LOW,Send personalized service updates and relevant offers.,Maintain customer engagement without excessive marketing cost.
Loyalty Campaign,Customer,CUST01708,Potential Loyalists,HIGH,"Provide loyalty points, member benefits and personalized offers.",Repeated booking behavior indicates strong customer engagement.
Reactivation Campaign,Customer,CUST01709,Lost Customers,MEDIUM,Send a reactivation offer and highlight relevant routes or services.,Customer activity has declined significantly.
Loyalty Campaign,Customer,CUST01710,Loyal Customers,HIGH,"Provide loyalty points, member benefits and personalized offers.",Repeated booking behavior indicates strong customer engagement.
Loyalty Rewards,Customer,CUST01711,Champions,HIGH,"Offer loyalty rewards, premium benefits and referral incentives.",High-value customers are likely to respond well to retention programs.
Loyalty Rewards,Customer,CUST01712,Champions,HIGH,"Offer loyalty rewards, premium benefits and referral incentives.",High-value customers are likely to respond well to retention programs.
General Engagement,Customer,CUST01713,Big Spenders,LOW,Send personalized service updates and relevant offers.,Maintain customer engagement without excessive marketing cost.
Loyalty Rewards,Customer,CUST01714,Champions,HIGH,"Offer loyalty rewards, premium benefits and referral incentives.",High-value customers are likely to respond well to retention programs.
Loyalty Campaign,Customer,CUST01715,Loyal Customers,HIGH,"Provide loyalty points, member benefits and personalized offers.",Repeated booking behavior indicates strong customer engagement.
Second Booking Campaign,Customer,CUST01716,New Customers,MEDIUM,Offer a first-repeat booking incentive.,The customer should be encouraged to make a second booking.
Reactivation Campaign,Customer,CUST01717,Lost Customers,MEDIUM,Send a reactivation offer and highlight relevant routes or services.,Customer activity has declined significantly.
Win-back Campaign,Customer,CUST01718,At Risk,HIGH,Launch a personalized win-back campaign with a targeted discount.,Customer activity indicates potential churn risk.
Second Booking Campaign,Customer,CUST01719,New Customers,MEDIUM,Offer a first-repeat booking incentive.,The customer should be encouraged to make a second booking.
Loyalty Rewards,Customer,CUST01720,Champions,HIGH,"Offer loyalty rewards, premium benefits and referral incentives.",High-value customers are likely to respond well to retention programs.
Second Booking Campaign,Customer,CUST01721,New Customers,MEDIUM,Offer a first-repeat booking incentive.,The customer should be encouraged to make a second booking.
Loyalty Campaign,Customer,CUST01723,Loyal Customers,HIGH,"Provide loyalty points, member benefits and personalized offers.",Repeated booking behavior indicates strong customer engagement.
Loyalty Campaign,Customer,CUST01724,Loyal Customers,HIGH,"Provide loyalty points, member benefits and personalized offers.",Repeated booking behavior indicates strong customer engagement.
General Engagement,Customer,CUST01725,Need Attention,LOW,Send personalized service updates and relevant offers.,Maintain customer engagement without excessive marketing cost.
Win-back Campaign,Customer,CUST01726,At Risk,HIGH,Launch a personalized win-back campaign with a targeted discount.,Customer activity indicates potential churn risk.
Loyalty Campaign,Customer,CUST01727,Loyal Customers,HIGH,"Provide loyalty points, member benefits and personalized offers.",Repeated booking behavior indicates strong customer engagement.
Loyalty Campaign,Customer,CUST01728,Loyal Customers,HIGH,"Provide loyalty points, member benefits and personalized offers.",Repeated booking behavior indicates strong customer engagement.
Loyalty Campaign,Customer,CUST01729,Loyal Customers,HIGH,"Provide loyalty points, member benefits and personalized offers.",Repeated booking behavior indicates strong customer engagement.
General Engagement,Customer,CUST01730,Need Attention,LOW,Send personalized service updates and relevant offers.,Maintain customer engagement without excessive marketing cost.
Loyalty Rewards,Customer,CUST01731,Champions,HIGH,"Offer loyalty rewards, premium benefits and referral incentives.",High-value customers are likely to respond well to retention programs.
Win-back Campaign,Customer,CUST01732,At Risk,HIGH,Launch a personalized win-back campaign with a targeted discount.,Customer activity indicates potential churn risk.
General Engagement,Customer,CUST01733,Big Spenders,LOW,Send personalized service updates and relevant offers.,Maintain customer engagement without excessive marketing cost.
General Engagement,Customer,CUST01734,Need Attention,LOW,Send personalized service updates and relevant offers.,Maintain customer engagement without excessive marketing cost.
Win-back Campaign,Customer,CUST01735,At Risk,HIGH,Launch a personalized win-back campaign with a targeted discount.,Customer activity indicates potential churn risk.
General Engagement,Customer,CUST01736,Big Spenders,LOW,Send personalized service updates and relevant offers.,Maintain customer engagement without excessive marketing cost.
Loyalty Rewards,Customer,CUST01737,Champions,HIGH,"Offer loyalty rewards, premium benefits and referral incentives.",High-value customers are likely to respond well to retention programs.
General Engagement,Customer,CUST01738,Need Attention,LOW,Send personalized service updates and relevant offers.,Maintain customer engagement without excessive marketing cost.
Win-back Campaign,Customer,CUST01739,At Risk,HIGH,Launch a personalized win-back campaign with a targeted discount.,Customer activity indicates potential churn risk.
Win-back Campaign,Customer,CUST01740,At Risk,HIGH,Launch a personalized win-back campaign with a targeted discount.,Customer activity indicates potential churn risk.
Win-back Campaign,Customer,CUST01741,At Risk,HIGH,Launch a personalized win-back campaign with a targeted discount.,Customer activity indicates potential churn risk.
Loyalty Rewards,Customer,CUST01742,Champions,HIGH,"Offer loyalty rewards, premium benefits and referral incentives.",High-value customers are likely to respond well to retention programs.
Loyalty Rewards,Customer,CUST01743,Champions,HIGH,"Offer loyalty rewards, premium benefits and referral incentives.",High-value customers are likely to respond well to retention programs.
Loyalty Campaign,Customer,CUST01744,Loyal Customers,HIGH,"Provide loyalty points, member benefits and personalized offers.",Repeated booking behavior indicates strong customer engagement.
Loyalty Campaign,Customer,CUST01745,Loyal Customers,HIGH,"Provide loyalty points, member benefits and personalized offers.",Repeated booking behavior indicates strong customer engagement.
General Engagement,Customer,CUST01746,Need Attention,LOW,Send personalized service updates and relevant offers.,Maintain customer engagement without excessive marketing cost.
Win-back Campaign,Customer,CUST01747,At Risk,HIGH,Launch a personalized win-back campaign with a targeted discount.,Customer activity indicates potential churn risk.
Second Booking Campaign,Customer,CUST01749,New Customers,MEDIUM,Offer a first-repeat booking incentive.,The customer should be encouraged to make a second booking.
General Engagement,Customer,CUST01750,Need Attention,LOW,Send personalized service updates and relevant offers.,Maintain customer engagement without excessive marketing cost.
General Engagement,Customer,CUST01751,Need Attention,LOW,Send personalized service updates and relevant offers.,Maintain customer engagement without excessive marketing cost.
Loyalty Campaign,Customer,CUST01752,Potential Loyalists,HIGH,"Provide loyalty points, member benefits and personalized offers.",Repeated booking behavior indicates strong customer engagement.
General Engagement,Customer,CUST01753,Need Attention,LOW,Send personalized service updates and relevant offers.,Maintain customer engagement without excessive marketing cost.
Win-back Campaign,Customer,CUST01754,At Risk,HIGH,Launch a personalized win-back campaign with a targeted discount.,Customer activity indicates potential churn risk.
Loyalty Campaign,Customer,CUST01755,Loyal Customers,HIGH,"Provide loyalty points, member benefits and personalized offers.",Repeated booking behavior indicates strong customer engagement.
General Engagement,Customer,CUST01756,Need Attention,LOW,Send personalized service updates and relevant offers.,Maintain customer engagement without excessive marketing cost.
Reactivation Campaign,Customer,CUST01757,Lost Customers,MEDIUM,Send a reactivation offer and highlight relevant routes or services.,Customer activity has declined significantly.
Win-back Campaign,Customer,CUST01758,At Risk,HIGH,Launch a personalized win-back campaign with a targeted discount.,Customer activity indicates potential churn risk.
Loyalty Campaign,Customer,CUST01759,Loyal Customers,HIGH,"Provide loyalty points, member benefits and personalized offers.",Repeated booking behavior indicates strong customer engagement.
Second Booking Campaign,Customer,CUST01760,New Customers,MEDIUM,Offer a first-repeat booking incentive.,The customer should be encouraged to make a second booking.
Reactivation Campaign,Customer,CUST01761,Lost Customers,MEDIUM,Send a reactivation offer and highlight relevant routes or services.,Customer activity has declined significantly.
General Engagement,Customer,CUST01763,Need Attention,LOW,Send personalized service updates and relevant offers.,Maintain customer engagement without excessive marketing cost.
Win-back Campaign,Customer,CUST01764,At Risk,HIGH,Launch a personalized win-back campaign with a targeted discount.,Customer activity indicates potential churn risk.
Win-back Campaign,Customer,CUST01765,At Risk,HIGH,Launch a personalized win-back campaign with a targeted discount.,Customer activity indicates potential churn risk.
Reactivation Campaign,Customer,CUST01766,Lost Customers,MEDIUM,Send a reactivation offer and highlight relevant routes or services.,Customer activity has declined significantly.
Reactivation Campaign,Customer,CUST01767,Lost Customers,MEDIUM,Send a reactivation offer and highlight relevant routes or services.,Customer activity has declined significantly.
General Engagement,Customer,CUST01768,Need Attention,LOW,Send personalized service updates and relevant offers.,Maintain customer engagement without excessive marketing cost.
Loyalty Campaign,Customer,CUST01769,Loyal Customers,HIGH,"Provide loyalty points, member benefits and personalized offers.",Repeated booking behavior indicates strong customer engagement.
Loyalty Campaign,Customer,CUST01770,Potential Loyalists,HIGH,"Provide loyalty points, member benefits and personalized offers.",Repeated booking behavior indicates strong customer engagement.
Loyalty Rewards,Customer,CUST01771,Champions,HIGH,"Offer loyalty rewards, premium benefits and referral incentives.",High-value customers are likely to respond well to retention programs.
Win-back Campaign,Customer,CUST01772,At Risk,HIGH,Launch a personalized win-back campaign with a targeted discount.,Customer activity indicates potential churn risk.
Loyalty Rewards,Customer,CUST01773,Champions,HIGH,"Offer loyalty rewards, premium benefits and referral incentives.",High-value customers are likely to respond well to retention programs.
Loyalty Campaign,Customer,CUST01774,Loyal Customers,HIGH,"Provide loyalty points, member benefits and personalized offers.",Repeated booking behavior indicates strong customer engagement.
General Engagement,Customer,CUST01775,Need Attention,LOW,Send personalized service updates and relevant offers.,Maintain customer engagement without excessive marketing cost.
Second Booking Campaign,Customer,CUST01776,New Customers,MEDIUM,Offer a first-repeat booking incentive.,The customer should be encouraged to make a second booking.
Loyalty Rewards,Customer,CUST01777,Champions,HIGH,"Offer loyalty rewards, premium benefits and referral incentives.",High-value customers are likely to respond well to retention programs.
Loyalty Rewards,Customer,CUST01778,Champions,HIGH,"Offer loyalty rewards, premium benefits and referral incentives.",High-value customers are likely to respond well to retention programs.
Win-back Campaign,Customer,CUST01779,At Risk,HIGH,Launch a personalized win-back campaign with a targeted discount.,Customer activity indicates potential churn risk.
Loyalty Campaign,Customer,CUST01780,Potential Loyalists,HIGH,"Provide loyalty points, member benefits and personalized offers.",Repeated booking behavior indicates strong customer engagement.
Win-back Campaign,Customer,CUST01781,At Risk,HIGH,Launch a personalized win-back campaign with a targeted discount.,Customer activity indicates potential churn risk.
Loyalty Rewards,Customer,CUST01782,Champions,HIGH,"Offer loyalty rewards, premium benefits and referral incentives.",High-value customers are likely to respond well to retention programs.
Loyalty Campaign,Customer,CUST01783,Loyal Customers,HIGH,"Provide loyalty points, member benefits and personalized offers.",Repeated booking behavior indicates strong customer engagement.
Loyalty Rewards,Customer,CUST01784,Champions,HIGH,"Offer loyalty rewards, premium benefits and referral incentives.",High-value customers are likely to respond well to retention programs.
General Engagement,Customer,CUST01785,Need Attention,LOW,Send personalized service updates and relevant offers.,Maintain customer engagement without excessive marketing cost.
Reactivation Campaign,Customer,CUST01786,Lost Customers,MEDIUM,Send a reactivation offer and highlight relevant routes or services.,Customer activity has declined significantly.
General Engagement,Customer,CUST01787,Need Attention,LOW,Send personalized service updates and relevant offers.,Maintain customer engagement without excessive marketing cost.
Loyalty Campaign,Customer,CUST01788,Loyal Customers,HIGH,"Provide loyalty points, member benefits and personalized offers.",Repeated booking behavior indicates strong customer engagement.
Loyalty Rewards,Customer,CUST01789,Champions,HIGH,"Offer loyalty rewards, premium benefits and referral incentives.",High-value customers are likely to respond well to retention programs.
Loyalty Campaign,Customer,CUST01790,Loyal Customers,HIGH,"Provide loyalty points, member benefits and personalized offers.",Repeated booking behavior indicates strong customer engagement.
General Engagement,Customer,CUST01791,Need Attention,LOW,Send personalized service updates and relevant offers.,Maintain customer engagement without excessive marketing cost.
Loyalty Campaign,Customer,CUST01792,Potential Loyalists,HIGH,"Provide loyalty points, member benefits and personalized offers.",Repeated booking behavior indicates strong customer engagement.
General Engagement,Customer,CUST01793,Need Attention,LOW,Send personalized service updates and relevant offers.,Maintain customer engagement without excessive marketing cost.
Reactivation Campaign,Customer,CUST01794,Lost Customers,MEDIUM,Send a reactivation offer and highlight relevant routes or services.,Customer activity has declined significantly.
Second Booking Campaign,Customer,CUST01795,New Customers,MEDIUM,Offer a first-repeat booking incentive.,The customer should be encouraged to make a second booking.
Loyalty Campaign,Customer,CUST01796,Loyal Customers,HIGH,"Provide loyalty points, member benefits and personalized offers.",Repeated booking behavior indicates strong customer engagement.
Reactivation Campaign,Customer,CUST01797,Lost Customers,MEDIUM,Send a reactivation offer and highlight relevant routes or services.,Customer activity has declined significantly.
General Engagement,Customer,CUST01798,Need Attention,LOW,Send personalized service updates and relevant offers.,Maintain customer engagement without excessive marketing cost.
Loyalty Rewards,Customer,CUST01799,Champions,HIGH,"Offer loyalty rewards, premium benefits and referral incentives.",High-value customers are likely to respond well to retention programs.
Loyalty Rewards,Customer,CUST01800,Champions,HIGH,"Offer loyalty rewards, premium benefits and referral incentives.",High-value customers are likely to respond well to retention programs.
Loyalty Campaign,Customer,CUST01801,Loyal Customers,HIGH,"Provide loyalty points, member benefits and personalized offers.",Repeated booking behavior indicates strong customer engagement.
Reactivation Campaign,Customer,CUST01802,Lost Customers,MEDIUM,Send a reactivation offer and highlight relevant routes or services.,Customer activity has declined significantly.
Win-back Campaign,Customer,CUST01803,At Risk,HIGH,Launch a personalized win-back campaign with a targeted discount.,Customer activity indicates potential churn risk.
Loyalty Campaign,Customer,CUST01804,Potential Loyalists,HIGH,"Provide loyalty points, member benefits and personalized offers.",Repeated booking behavior indicates strong customer engagement.
Second Booking Campaign,Customer,CUST01805,New Customers,MEDIUM,Offer a first-repeat booking incentive.,The customer should be encouraged to make a second booking.
Loyalty Campaign,Customer,CUST01806,Potential Loyalists,HIGH,"Provide loyalty points, member benefits and personalized offers.",Repeated booking behavior indicates strong customer engagement.
Loyalty Rewards,Customer,CUST01807,Champions,HIGH,"Offer loyalty rewards, premium benefits and referral incentives.",High-value customers are likely to respond well to retention programs.
General Engagement,Customer,CUST01808,Need Attention,LOW,Send personalized service updates and relevant offers.,Maintain customer engagement without excessive marketing cost.
Win-back Campaign,Customer,CUST01809,At Risk,HIGH,Launch a personalized win-back campaign with a targeted discount.,Customer activity indicates potential churn risk.
Loyalty Campaign,Customer,CUST01810,Loyal Customers,HIGH,"Provide loyalty points, member benefits and personalized offers.",Repeated booking behavior indicates strong customer engagement.
Loyalty Campaign,Customer,CUST01811,Loyal Customers,HIGH,"Provide loyalty points, member benefits and personalized offers.",Repeated booking behavior indicates strong customer engagement.
Loyalty Campaign,Customer,CUST01812,Loyal Customers,HIGH,"Provide loyalty points, member benefits and personalized offers.",Repeated booking behavior indicates strong customer engagement.
Win-back Campaign,Customer,CUST01813,At Risk,HIGH,Launch a personalized win-back campaign with a targeted discount.,Customer activity indicates potential churn risk.
Win-back Campaign,Customer,CUST01814,At Risk,HIGH,Launch a personalized win-back campaign with a targeted discount.,Customer activity indicates potential churn risk.
Loyalty Campaign,Customer,CUST01815,Potential Loyalists,HIGH,"Provide loyalty points, member benefits and personalized offers.",Repeated booking behavior indicates strong customer engagement.
Second Booking Campaign,Customer,CUST01816,New Customers,MEDIUM,Offer a first-repeat booking incentive.,The customer should be encouraged to make a second booking.
Loyalty Rewards,Customer,CUST01818,Champions,HIGH,"Offer loyalty rewards, premium benefits and referral incentives.",High-value customers are likely to respond well to retention programs.
Win-back Campaign,Customer,CUST01819,At Risk,HIGH,Launch a personalized win-back campaign with a targeted discount.,Customer activity indicates potential churn risk.
General Engagement,Customer,CUST01820,Need Attention,LOW,Send personalized service updates and relevant offers.,Maintain customer engagement without excessive marketing cost.
Reactivation Campaign,Customer,CUST01821,Lost Customers,MEDIUM,Send a reactivation offer and highlight relevant routes or services.,Customer activity has declined significantly.
Win-back Campaign,Customer,CUST01822,At Risk,HIGH,Launch a personalized win-back campaign with a targeted discount.,Customer activity indicates potential churn risk.
General Engagement,Customer,CUST01823,Need Attention,LOW,Send personalized service updates and relevant offers.,Maintain customer engagement without excessive marketing cost.
Loyalty Campaign,Customer,CUST01824,Loyal Customers,HIGH,"Provide loyalty points, member benefits and personalized offers.",Repeated booking behavior indicates strong customer engagement.
Win-back Campaign,Customer,CUST01825,At Risk,HIGH,Launch a personalized win-back campaign with a targeted discount.,Customer activity indicates potential churn risk.
Second Booking Campaign,Customer,CUST01826,New Customers,MEDIUM,Offer a first-repeat booking incentive.,The customer should be encouraged to make a second booking.
Loyalty Campaign,Customer,CUST01828,Loyal Customers,HIGH,"Provide loyalty points, member benefits and personalized offers.",Repeated booking behavior indicates strong customer engagement.
Second Booking Campaign,Customer,CUST01829,New Customers,MEDIUM,Offer a first-repeat booking incentive.,The customer should be encouraged to make a second booking.
Win-back Campaign,Customer,CUST01830,At Risk,HIGH,Launch a personalized win-back campaign with a targeted discount.,Customer activity indicates potential churn risk.
Reactivation Campaign,Customer,CUST01831,Lost Customers,MEDIUM,Send a reactivation offer and highlight relevant routes or services.,Customer activity has declined significantly.
Loyalty Rewards,Customer,CUST01832,Champions,HIGH,"Offer loyalty rewards, premium benefits and referral incentives.",High-value customers are likely to respond well to retention programs.
Win-back Campaign,Customer,CUST01833,At Risk,HIGH,Launch a personalized win-back campaign with a targeted discount.,Customer activity indicates potential churn risk.
Loyalty Campaign,Customer,CUST01834,Potential Loyalists,HIGH,"Provide loyalty points, member benefits and personalized offers.",Repeated booking behavior indicates strong customer engagement.
Loyalty Rewards,Customer,CUST01835,Champions,HIGH,"Offer loyalty rewards, premium benefits and referral incentives.",High-value customers are likely to respond well to retention programs.
Loyalty Rewards,Customer,CUST01836,Champions,HIGH,"Offer loyalty rewards, premium benefits and referral incentives.",High-value customers are likely to respond well to retention programs.
General Engagement,Customer,CUST01837,Need Attention,LOW,Send personalized service updates and relevant offers.,Maintain customer engagement without excessive marketing cost.
Loyalty Campaign,Customer,CUST01838,Potential Loyalists,HIGH,"Provide loyalty points, member benefits and personalized offers.",Repeated booking behavior indicates strong customer engagement.
General Engagement,Customer,CUST01839,Need Attention,LOW,Send personalized service updates and relevant offers.,Maintain customer engagement without excessive marketing cost.
Second Booking Campaign,Customer,CUST01840,New Customers,MEDIUM,Offer a first-repeat booking incentive.,The customer should be encouraged to make a second booking.
Win-back Campaign,Customer,CUST01841,At Risk,HIGH,Launch a personalized win-back campaign with a targeted discount.,Customer activity indicates potential churn risk.
Win-back Campaign,Customer,CUST01842,At Risk,HIGH,Launch a personalized win-back campaign with a targeted discount.,Customer activity indicates potential churn risk.
Win-back Campaign,Customer,CUST01843,At Risk,HIGH,Launch a personalized win-back campaign with a targeted discount.,Customer activity indicates potential churn risk.
Win-back Campaign,Customer,CUST01844,At Risk,HIGH,Launch a personalized win-back campaign with a targeted discount.,Customer activity indicates potential churn risk.
Win-back Campaign,Customer,CUST01845,At Risk,HIGH,Launch a personalized win-back campaign with a targeted discount.,Customer activity indicates potential churn risk.
Win-back Campaign,Customer,CUST01846,At Risk,HIGH,Launch a personalized win-back campaign with a targeted discount.,Customer activity indicates potential churn risk.
General Engagement,Customer,CUST01847,Big Spenders,LOW,Send personalized service updates and relevant offers.,Maintain customer engagement without excessive marketing cost.
General Engagement,Customer,CUST01848,Big Spenders,LOW,Send personalized service updates and relevant offers.,Maintain customer engagement without excessive marketing cost.
Win-back Campaign,Customer,CUST01849,At Risk,HIGH,Launch a personalized win-back campaign with a targeted discount.,Customer activity indicates potential churn risk.
General Engagement,Customer,CUST01850,Need Attention,LOW,Send personalized service updates and relevant offers.,Maintain customer engagement without excessive marketing cost.
Loyalty Campaign,Customer,CUST01851,Loyal Customers,HIGH,"Provide loyalty points, member benefits and personalized offers.",Repeated booking behavior indicates strong customer engagement.
Win-back Campaign,Customer,CUST01852,At Risk,HIGH,Launch a personalized win-back campaign with a targeted discount.,Customer activity indicates potential churn risk.
General Engagement,Customer,CUST01853,Need Attention,LOW,Send personalized service updates and relevant offers.,Maintain customer engagement without excessive marketing cost.
Loyalty Rewards,Customer,CUST01854,Champions,HIGH,"Offer loyalty rewards, premium benefits and referral incentives.",High-value customers are likely to respond well to retention programs.
Loyalty Campaign,Customer,CUST01855,Loyal Customers,HIGH,"Provide loyalty points, member benefits and personalized offers.",Repeated booking behavior indicates strong customer engagement.
General Engagement,Customer,CUST01857,Big Spenders,LOW,Send personalized service updates and relevant offers.,Maintain customer engagement without excessive marketing cost.
General Engagement,Customer,CUST01858,Need Attention,LOW,Send personalized service updates and relevant offers.,Maintain customer engagement without excessive marketing cost.
Win-back Campaign,Customer,CUST01859,At Risk,HIGH,Launch a personalized win-back campaign with a targeted discount.,Customer activity indicates potential churn risk.
Loyalty Rewards,Customer,CUST01860,Champions,HIGH,"Offer loyalty rewards, premium benefits and referral incentives.",High-value customers are likely to respond well to retention programs.
Reactivation Campaign,Customer,CUST01861,Lost Customers,MEDIUM,Send a reactivation offer and highlight relevant routes or services.,Customer activity has declined significantly.
Win-back Campaign,Customer,CUST01862,At Risk,HIGH,Launch a personalized win-back campaign with a targeted discount.,Customer activity indicates potential churn risk.
Reactivation Campaign,Customer,CUST01863,Lost Customers,MEDIUM,Send a reactivation offer and highlight relevant routes or services.,Customer activity has declined significantly.
Loyalty Rewards,Customer,CUST01864,Champions,HIGH,"Offer loyalty rewards, premium benefits and referral incentives.",High-value customers are likely to respond well to retention programs.
Loyalty Campaign,Customer,CUST01865,Loyal Customers,HIGH,"Provide loyalty points, member benefits and personalized offers.",Repeated booking behavior indicates strong customer engagement.
Win-back Campaign,Customer,CUST01866,At Risk,HIGH,Launch a personalized win-back campaign with a targeted discount.,Customer activity indicates potential churn risk.
General Engagement,Customer,CUST01867,Big Spenders,LOW,Send personalized service updates and relevant offers.,Maintain customer engagement without excessive marketing cost.
General Engagement,Customer,CUST01868,Need Attention,LOW,Send personalized service updates and relevant offers.,Maintain customer engagement without excessive marketing cost.
Second Booking Campaign,Customer,CUST01869,New Customers,MEDIUM,Offer a first-repeat booking incentive.,The customer should be encouraged to make a second booking.
Win-back Campaign,Customer,CUST01870,At Risk,HIGH,Launch a personalized win-back campaign with a targeted discount.,Customer activity indicates potential churn risk.
Reactivation Campaign,Customer,CUST01872,Lost Customers,MEDIUM,Send a reactivation offer and highlight relevant routes or services.,Customer activity has declined significantly.
Reactivation Campaign,Customer,CUST01873,Lost Customers,MEDIUM,Send a reactivation offer and highlight relevant routes or services.,Customer activity has declined significantly.
Reactivation Campaign,Customer,CUST01874,Lost Customers,MEDIUM,Send a reactivation offer and highlight relevant routes or services.,Customer activity has declined significantly.
Loyalty Campaign,Customer,CUST01875,Potential Loyalists,HIGH,"Provide loyalty points, member benefits and personalized offers.",Repeated booking behavior indicates strong customer engagement.
Win-back Campaign,Customer,CUST01877,At Risk,HIGH,Launch a personalized win-back campaign with a targeted discount.,Customer activity indicates potential churn risk.
Loyalty Campaign,Customer,CUST01878,Loyal Customers,HIGH,"Provide loyalty points, member benefits and personalized offers.",Repeated booking behavior indicates strong customer engagement.
Reactivation Campaign,Customer,CUST01879,Lost Customers,MEDIUM,Send a reactivation offer and highlight relevant routes or services.,Customer activity has declined significantly.
General Engagement,Customer,CUST01880,Need Attention,LOW,Send personalized service updates and relevant offers.,Maintain customer engagement without excessive marketing cost.
Loyalty Rewards,Customer,CUST01881,Champions,HIGH,"Offer loyalty rewards, premium benefits and referral incentives.",High-value customers are likely to respond well to retention programs.
Reactivation Campaign,Customer,CUST01882,Lost Customers,MEDIUM,Send a reactivation offer and highlight relevant routes or services.,Customer activity has declined significantly.
Loyalty Rewards,Customer,CUST01883,Champions,HIGH,"Offer loyalty rewards, premium benefits and referral incentives.",High-value customers are likely to respond well to retention programs.
Loyalty Rewards,Customer,CUST01884,Champions,HIGH,"Offer loyalty rewards, premium benefits and referral incentives.",High-value customers are likely to respond well to retention programs.
General Engagement,Customer,CUST01885,Need Attention,LOW,Send personalized service updates and relevant offers.,Maintain customer engagement without excessive marketing cost.
Reactivation Campaign,Customer,CUST01886,Lost Customers,MEDIUM,Send a reactivation offer and highlight relevant routes or services.,Customer activity has declined significantly.
Loyalty Campaign,Customer,CUST01887,Potential Loyalists,HIGH,"Provide loyalty points, member benefits and personalized offers.",Repeated booking behavior indicates strong customer engagement.
Reactivation Campaign,Customer,CUST01888,Lost Customers,MEDIUM,Send a reactivation offer and highlight relevant routes or services.,Customer activity has declined significantly.
Second Booking Campaign,Customer,CUST01890,New Customers,MEDIUM,Offer a first-repeat booking incentive.,The customer should be encouraged to make a second booking.
Win-back Campaign,Customer,CUST01891,At Risk,HIGH,Launch a personalized win-back campaign with a targeted discount.,Customer activity indicates potential churn risk.
Win-back Campaign,Customer,CUST01892,At Risk,HIGH,Launch a personalized win-back campaign with a targeted discount.,Customer activity indicates potential churn risk.
Win-back Campaign,Customer,CUST01893,At Risk,HIGH,Launch a personalized win-back campaign with a targeted discount.,Customer activity indicates potential churn risk.
General Engagement,Customer,CUST01894,Big Spenders,LOW,Send personalized service updates and relevant offers.,Maintain customer engagement without excessive marketing cost.
General Engagement,Customer,CUST01895,Big Spenders,LOW,Send personalized service updates and relevant offers.,Maintain customer engagement without excessive marketing cost.
Win-back Campaign,Customer,CUST01896,At Risk,HIGH,Launch a personalized win-back campaign with a targeted discount.,Customer activity indicates potential churn risk.
Loyalty Campaign,Customer,CUST01897,Potential Loyalists,HIGH,"Provide loyalty points, member benefits and personalized offers.",Repeated booking behavior indicates strong customer engagement.
General Engagement,Customer,CUST01898,Need Attention,LOW,Send personalized service updates and relevant offers.,Maintain customer engagement without excessive marketing cost.
General Engagement,Customer,CUST01899,Need Attention,LOW,Send personalized service updates and relevant offers.,Maintain customer engagement without excessive marketing cost.
Win-back Campaign,Customer,CUST01900,At Risk,HIGH,Launch a personalized win-back campaign with a targeted discount.,Customer activity indicates potential churn risk.
Loyalty Campaign,Customer,CUST01901,Potential Loyalists,HIGH,"Provide loyalty points, member benefits and personalized offers.",Repeated booking behavior indicates strong customer engagement.
Loyalty Rewards,Customer,CUST01902,Champions,HIGH,"Offer loyalty rewards, premium benefits and referral incentives.",High-value customers are likely to respond well to retention programs.
Loyalty Campaign,Customer,CUST01903,Loyal Customers,HIGH,"Provide loyalty points, member benefits and personalized offers.",Repeated booking behavior indicates strong customer engagement.
General Engagement,Customer,CUST01904,Big Spenders,LOW,Send personalized service updates and relevant offers.,Maintain customer engagement without excessive marketing cost.
Win-back Campaign,Customer,CUST01905,At Risk,HIGH,Launch a personalized win-back campaign with a targeted discount.,Customer activity indicates potential churn risk.
Loyalty Rewards,Customer,CUST01906,Champions,HIGH,"Offer loyalty rewards, premium benefits and referral incentives.",High-value customers are likely to respond well to retention programs.
General Engagement,Customer,CUST01907,Need Attention,LOW,Send personalized service updates and relevant offers.,Maintain customer engagement without excessive marketing cost.
Loyalty Rewards,Customer,CUST01908,Champions,HIGH,"Offer loyalty rewards, premium benefits and referral incentives.",High-value customers are likely to respond well to retention programs.
General Engagement,Customer,CUST01909,Need Attention,LOW,Send personalized service updates and relevant offers.,Maintain customer engagement without excessive marketing cost.
Loyalty Campaign,Customer,CUST01910,Potential Loyalists,HIGH,"Provide loyalty points, member benefits and personalized offers.",Repeated booking behavior indicates strong customer engagement.
Reactivation Campaign,Customer,CUST01911,Lost Customers,MEDIUM,Send a reactivation offer and highlight relevant routes or services.,Customer activity has declined significantly.
Reactivation Campaign,Customer,CUST01912,Lost Customers,MEDIUM,Send a reactivation offer and highlight relevant routes or services.,Customer activity has declined significantly.
Reactivation Campaign,Customer,CUST01913,Lost Customers,MEDIUM,Send a reactivation offer and highlight relevant routes or services.,Customer activity has declined significantly.
Loyalty Rewards,Customer,CUST01914,Champions,HIGH,"Offer loyalty rewards, premium benefits and referral incentives.",High-value customers are likely to respond well to retention programs.
General Engagement,Customer,CUST01915,Need Attention,LOW,Send personalized service updates and relevant offers.,Maintain customer engagement without excessive marketing cost.
Loyalty Rewards,Customer,CUST01916,Champions,HIGH,"Offer loyalty rewards, premium benefits and referral incentives.",High-value customers are likely to respond well to retention programs.
Reactivation Campaign,Customer,CUST01917,Lost Customers,MEDIUM,Send a reactivation offer and highlight relevant routes or services.,Customer activity has declined significantly.
Loyalty Rewards,Customer,CUST01918,Champions,HIGH,"Offer loyalty rewards, premium benefits and referral incentives.",High-value customers are likely to respond well to retention programs.
Loyalty Campaign,Customer,CUST01920,Potential Loyalists,HIGH,"Provide loyalty points, member benefits and personalized offers.",Repeated booking behavior indicates strong customer engagement.
Loyalty Rewards,Customer,CUST01921,Champions,HIGH,"Offer loyalty rewards, premium benefits and referral incentives.",High-value customers are likely to respond well to retention programs.
General Engagement,Customer,CUST01922,Big Spenders,LOW,Send personalized service updates and relevant offers.,Maintain customer engagement without excessive marketing cost.
Loyalty Campaign,Customer,CUST01923,Loyal Customers,HIGH,"Provide loyalty points, member benefits and personalized offers.",Repeated booking behavior indicates strong customer engagement.
Loyalty Rewards,Customer,CUST01924,Champions,HIGH,"Offer loyalty rewards, premium benefits and referral incentives.",High-value customers are likely to respond well to retention programs.
Win-back Campaign,Customer,CUST01925,At Risk,HIGH,Launch a personalized win-back campaign with a targeted discount.,Customer activity indicates potential churn risk.
Loyalty Rewards,Customer,CUST01926,Champions,HIGH,"Offer loyalty rewards, premium benefits and referral incentives.",High-value customers are likely to respond well to retention programs.
Reactivation Campaign,Customer,CUST01927,Lost Customers,MEDIUM,Send a reactivation offer and highlight relevant routes or services.,Customer activity has declined significantly.
Loyalty Campaign,Customer,CUST01928,Loyal Customers,HIGH,"Provide loyalty points, member benefits and personalized offers.",Repeated booking behavior indicates strong customer engagement.
Reactivation Campaign,Customer,CUST01929,Lost Customers,MEDIUM,Send a reactivation offer and highlight relevant routes or services.,Customer activity has declined significantly.
Win-back Campaign,Customer,CUST01930,At Risk,HIGH,Launch a personalized win-back campaign with a targeted discount.,Customer activity indicates potential churn risk.
Loyalty Rewards,Customer,CUST01931,Champions,HIGH,"Offer loyalty rewards, premium benefits and referral incentives.",High-value customers are likely to respond well to retention programs.
Loyalty Campaign,Customer,CUST01932,Potential Loyalists,HIGH,"Provide loyalty points, member benefits and personalized offers.",Repeated booking behavior indicates strong customer engagement.
General Engagement,Customer,CUST01933,Need Attention,LOW,Send personalized service updates and relevant offers.,Maintain customer engagement without excessive marketing cost.
Loyalty Campaign,Customer,CUST01934,Loyal Customers,HIGH,"Provide loyalty points, member benefits and personalized offers.",Repeated booking behavior indicates strong customer engagement.
General Engagement,Customer,CUST01935,Need Attention,LOW,Send personalized service updates and relevant offers.,Maintain customer engagement without excessive marketing cost.
Loyalty Campaign,Customer,CUST01936,Loyal Customers,HIGH,"Provide loyalty points, member benefits and personalized offers.",Repeated booking behavior indicates strong customer engagement.
Reactivation Campaign,Customer,CUST01937,Lost Customers,MEDIUM,Send a reactivation offer and highlight relevant routes or services.,Customer activity has declined significantly.
General Engagement,Customer,CUST01938,Big Spenders,LOW,Send personalized service updates and relevant offers.,Maintain customer engagement without excessive marketing cost.
Second Booking Campaign,Customer,CUST01939,New Customers,MEDIUM,Offer a first-repeat booking incentive.,The customer should be encouraged to make a second booking.
General Engagement,Customer,CUST01940,Need Attention,LOW,Send personalized service updates and relevant offers.,Maintain customer engagement without excessive marketing cost.
General Engagement,Customer,CUST01941,Need Attention,LOW,Send personalized service updates and relevant offers.,Maintain customer engagement without excessive marketing cost.
Win-back Campaign,Customer,CUST01942,At Risk,HIGH,Launch a personalized win-back campaign with a targeted discount.,Customer activity indicates potential churn risk.
Win-back Campaign,Customer,CUST01944,At Risk,HIGH,Launch a personalized win-back campaign with a targeted discount.,Customer activity indicates potential churn risk.
Win-back Campaign,Customer,CUST01945,At Risk,HIGH,Launch a personalized win-back campaign with a targeted discount.,Customer activity indicates potential churn risk.
Second Booking Campaign,Customer,CUST01946,New Customers,MEDIUM,Offer a first-repeat booking incentive.,The customer should be encouraged to make a second booking.
General Engagement,Customer,CUST01947,Need Attention,LOW,Send personalized service updates and relevant offers.,Maintain customer engagement without excessive marketing cost.
Win-back Campaign,Customer,CUST01948,At Risk,HIGH,Launch a personalized win-back campaign with a targeted discount.,Customer activity indicates potential churn risk.
Win-back Campaign,Customer,CUST01949,At Risk,HIGH,Launch a personalized win-back campaign with a targeted discount.,Customer activity indicates potential churn risk.
Loyalty Rewards,Customer,CUST01950,Champions,HIGH,"Offer loyalty rewards, premium benefits and referral incentives.",High-value customers are likely to respond well to retention programs.
General Engagement,Customer,CUST01951,Need Attention,LOW,Send personalized service updates and relevant offers.,Maintain customer engagement without excessive marketing cost.
Loyalty Campaign,Customer,CUST01952,Potential Loyalists,HIGH,"Provide loyalty points, member benefits and personalized offers.",Repeated booking behavior indicates strong customer engagement.
Loyalty Rewards,Customer,CUST01953,Champions,HIGH,"Offer loyalty rewards, premium benefits and referral incentives.",High-value customers are likely to respond well to retention programs.
Loyalty Campaign,Customer,CUST01954,Loyal Customers,HIGH,"Provide loyalty points, member benefits and personalized offers.",Repeated booking behavior indicates strong customer engagement.
Win-back Campaign,Customer,CUST01955,At Risk,HIGH,Launch a personalized win-back campaign with a targeted discount.,Customer activity indicates potential churn risk.
Loyalty Rewards,Customer,CUST01956,Champions,HIGH,"Offer loyalty rewards, premium benefits and referral incentives.",High-value customers are likely to respond well to retention programs.
Loyalty Campaign,Customer,CUST01957,Potential Loyalists,HIGH,"Provide loyalty points, member benefits and personalized offers.",Repeated booking behavior indicates strong customer engagement.
Loyalty Campaign,Customer,CUST01958,Loyal Customers,HIGH,"Provide loyalty points, member benefits and personalized offers.",Repeated booking behavior indicates strong customer engagement.
General Engagement,Customer,CUST01959,Need Attention,LOW,Send personalized service updates and relevant offers.,Maintain customer engagement without excessive marketing cost.
Reactivation Campaign,Customer,CUST01960,Lost Customers,MEDIUM,Send a reactivation offer and highlight relevant routes or services.,Customer activity has declined significantly.
Loyalty Rewards,Customer,CUST01961,Champions,HIGH,"Offer loyalty rewards, premium benefits and referral incentives.",High-value customers are likely to respond well to retention programs.
General Engagement,Customer,CUST01962,Big Spenders,LOW,Send personalized service updates and relevant offers.,Maintain customer engagement without excessive marketing cost.
Loyalty Campaign,Customer,CUST01963,Loyal Customers,HIGH,"Provide loyalty points, member benefits and personalized offers.",Repeated booking behavior indicates strong customer engagement.
Loyalty Rewards,Customer,CUST01964,Champions,HIGH,"Offer loyalty rewards, premium benefits and referral incentives.",High-value customers are likely to respond well to retention programs.
Loyalty Campaign,Customer,CUST01965,Loyal Customers,HIGH,"Provide loyalty points, member benefits and personalized offers.",Repeated booking behavior indicates strong customer engagement.
General Engagement,Customer,CUST01967,Need Attention,LOW,Send personalized service updates and relevant offers.,Maintain customer engagement without excessive marketing cost.
Loyalty Rewards,Customer,CUST01968,Champions,HIGH,"Offer loyalty rewards, premium benefits and referral incentives.",High-value customers are likely to respond well to retention programs.
Loyalty Rewards,Customer,CUST01969,Champions,HIGH,"Offer loyalty rewards, premium benefits and referral incentives.",High-value customers are likely to respond well to retention programs.
Second Booking Campaign,Customer,CUST01970,New Customers,MEDIUM,Offer a first-repeat booking incentive.,The customer should be encouraged to make a second booking.
Loyalty Rewards,Customer,CUST01971,Champions,HIGH,"Offer loyalty rewards, premium benefits and referral incentives.",High-value customers are likely to respond well to retention programs.
Loyalty Campaign,Customer,CUST01972,Loyal Customers,HIGH,"Provide loyalty points, member benefits and personalized offers.",Repeated booking behavior indicates strong customer engagement.
Reactivation Campaign,Customer,CUST01973,Lost Customers,MEDIUM,Send a reactivation offer and highlight relevant routes or services.,Customer activity has declined significantly.
General Engagement,Customer,CUST01974,Need Attention,LOW,Send personalized service updates and relevant offers.,Maintain customer engagement without excessive marketing cost.
Loyalty Campaign,Customer,CUST01975,Loyal Customers,HIGH,"Provide loyalty points, member benefits and personalized offers.",Repeated booking behavior indicates strong customer engagement.
Second Booking Campaign,Customer,CUST01976,New Customers,MEDIUM,Offer a first-repeat booking incentive.,The customer should be encouraged to make a second booking.
Loyalty Rewards,Customer,CUST01977,Champions,HIGH,"Offer loyalty rewards, premium benefits and referral incentives.",High-value customers are likely to respond well to retention programs.
General Engagement,Customer,CUST01978,Need Attention,LOW,Send personalized service updates and relevant offers.,Maintain customer engagement without excessive marketing cost.
Loyalty Rewards,Customer,CUST01979,Champions,HIGH,"Offer loyalty rewards, premium benefits and referral incentives.",High-value customers are likely to respond well to retention programs.
Win-back Campaign,Customer,CUST01980,At Risk,HIGH,Launch a personalized win-back campaign with a targeted discount.,Customer activity indicates potential churn risk.
General Engagement,Customer,CUST01981,Need Attention,LOW,Send personalized service updates and relevant offers.,Maintain customer engagement without excessive marketing cost.
Loyalty Campaign,Customer,CUST01982,Potential Loyalists,HIGH,"Provide loyalty points, member benefits and personalized offers.",Repeated booking behavior indicates strong customer engagement.
Loyalty Campaign,Customer,CUST01983,Loyal Customers,HIGH,"Provide loyalty points, member benefits and personalized offers.",Repeated booking behavior indicates strong customer engagement.
Loyalty Rewards,Customer,CUST01984,Champions,HIGH,"Offer loyalty rewards, premium benefits and referral incentives.",High-value customers are likely to respond well to retention programs.
Reactivation Campaign,Customer,CUST01985,Lost Customers,MEDIUM,Send a reactivation offer and highlight relevant routes or services.,Customer activity has declined significantly.
Win-back Campaign,Customer,CUST01986,At Risk,HIGH,Launch a personalized win-back campaign with a targeted discount.,Customer activity indicates potential churn risk.
Loyalty Campaign,Customer,CUST01987,Potential Loyalists,HIGH,"Provide loyalty points, member benefits and personalized offers.",Repeated booking behavior indicates strong customer engagement.
Loyalty Rewards,Customer,CUST01988,Champions,HIGH,"Offer loyalty rewards, premium benefits and referral incentives.",High-value customers are likely to respond well to retention programs.
General Engagement,Customer,CUST01989,Big Spenders,LOW,Send personalized service updates and relevant offers.,Maintain customer engagement without excessive marketing cost.
General Engagement,Customer,CUST01990,Big Spenders,LOW,Send personalized service updates and relevant offers.,Maintain customer engagement without excessive marketing cost.
General Engagement,Customer,CUST01991,Need Attention,LOW,Send personalized service updates and relevant offers.,Maintain customer engagement without excessive marketing cost.
Loyalty Rewards,Customer,CUST01992,Champions,HIGH,"Offer loyalty rewards, premium benefits and referral incentives.",High-value customers are likely to respond well to retention programs.
Reactivation Campaign,Customer,CUST01993,Lost Customers,MEDIUM,Send a reactivation offer and highlight relevant routes or services.,Customer activity has declined significantly.
Second Booking Campaign,Customer,CUST01994,New Customers,MEDIUM,Offer a first-repeat booking incentive.,The customer should be encouraged to make a second booking.
General Engagement,Customer,CUST01995,Need Attention,LOW,Send personalized service updates and relevant offers.,Maintain customer engagement without excessive marketing cost.
Second Booking Campaign,Customer,CUST01996,New Customers,MEDIUM,Offer a first-repeat booking incentive.,The customer should be encouraged to make a second booking.
Loyalty Rewards,Customer,CUST01997,Champions,HIGH,"Offer loyalty rewards, premium benefits and referral incentives.",High-value customers are likely to respond well to retention programs.
Reactivation Campaign,Customer,CUST01998,Lost Customers,MEDIUM,Send a reactivation offer and highlight relevant routes or services.,Customer activity has declined significantly.
Loyalty Campaign,Customer,CUST01999,Loyal Customers,HIGH,"Provide loyalty points, member benefits and personalized offers.",Repeated booking behavior indicates strong customer engagement.
Reactivation Campaign,Customer,CUST02000,Lost Customers,MEDIUM,Send a reactivation offer and highlight relevant routes or services.,Customer activity has declined significantly.
Loyalty Rewards,Customer,CUST02001,Champions,HIGH,"Offer loyalty rewards, premium benefits and referral incentives.",High-value customers are likely to respond well to retention programs.
Loyalty Rewards,Customer,CUST02002,Champions,HIGH,"Offer loyalty rewards, premium benefits and referral incentives.",High-value customers are likely to respond well to retention programs.
General Engagement,Customer,CUST02003,Need Attention,LOW,Send personalized service updates and relevant offers.,Maintain customer engagement without excessive marketing cost.
Loyalty Campaign,Customer,CUST02004,Loyal Customers,HIGH,"Provide loyalty points, member benefits and personalized offers.",Repeated booking behavior indicates strong customer engagement.
Win-back Campaign,Customer,CUST02005,At Risk,HIGH,Launch a personalized win-back campaign with a targeted discount.,Customer activity indicates potential churn risk.
Reactivation Campaign,Customer,CUST02006,Lost Customers,MEDIUM,Send a reactivation offer and highlight relevant routes or services.,Customer activity has declined significantly.
Loyalty Rewards,Customer,CUST02007,Champions,HIGH,"Offer loyalty rewards, premium benefits and referral incentives.",High-value customers are likely to respond well to retention programs.
Loyalty Campaign,Customer,CUST02008,Potential Loyalists,HIGH,"Provide loyalty points, member benefits and personalized offers.",Repeated booking behavior indicates strong customer engagement.
Loyalty Rewards,Customer,CUST02010,Champions,HIGH,"Offer loyalty rewards, premium benefits and referral incentives.",High-value customers are likely to respond well to retention programs.
Reactivation Campaign,Customer,CUST02011,Lost Customers,MEDIUM,Send a reactivation offer and highlight relevant routes or services.,Customer activity has declined significantly.
Loyalty Rewards,Customer,CUST02012,Champions,HIGH,"Offer loyalty rewards, premium benefits and referral incentives.",High-value customers are likely to respond well to retention programs.
Loyalty Campaign,Customer,CUST02013,Loyal Customers,HIGH,"Provide loyalty points, member benefits and personalized offers.",Repeated booking behavior indicates strong customer engagement.
Win-back Campaign,Customer,CUST02014,At Risk,HIGH,Launch a personalized win-back campaign with a targeted discount.,Customer activity indicates potential churn risk.
General Engagement,Customer,CUST02015,Big Spenders,LOW,Send personalized service updates and relevant offers.,Maintain customer engagement without excessive marketing cost.
Loyalty Campaign,Customer,CUST02016,Loyal Customers,HIGH,"Provide loyalty points, member benefits and personalized offers.",Repeated booking behavior indicates strong customer engagement.
Loyalty Campaign,Customer,CUST02017,Loyal Customers,HIGH,"Provide loyalty points, member benefits and personalized offers.",Repeated booking behavior indicates strong customer engagement.
Loyalty Rewards,Customer,CUST02018,Champions,HIGH,"Offer loyalty rewards, premium benefits and referral incentives.",High-value customers are likely to respond well to retention programs.
Reactivation Campaign,Customer,CUST02019,Lost Customers,MEDIUM,Send a reactivation offer and highlight relevant routes or services.,Customer activity has declined significantly.
Loyalty Campaign,Customer,CUST02021,Loyal Customers,HIGH,"Provide loyalty points, member benefits and personalized offers.",Repeated booking behavior indicates strong customer engagement.
Loyalty Campaign,Customer,CUST02022,Potential Loyalists,HIGH,"Provide loyalty points, member benefits and personalized offers.",Repeated booking behavior indicates strong customer engagement.
Reactivation Campaign,Customer,CUST02023,Lost Customers,MEDIUM,Send a reactivation offer and highlight relevant routes or services.,Customer activity has declined significantly.
General Engagement,Customer,CUST02024,Need Attention,LOW,Send personalized service updates and relevant offers.,Maintain customer engagement without excessive marketing cost.
Reactivation Campaign,Customer,CUST02025,Lost Customers,MEDIUM,Send a reactivation offer and highlight relevant routes or services.,Customer activity has declined significantly.
Loyalty Rewards,Customer,CUST02026,Champions,HIGH,"Offer loyalty rewards, premium benefits and referral incentives.",High-value customers are likely to respond well to retention programs.
Loyalty Campaign,Customer,CUST02027,Loyal Customers,HIGH,"Provide loyalty points, member benefits and personalized offers.",Repeated booking behavior indicates strong customer engagement.
Second Booking Campaign,Customer,CUST02028,New Customers,MEDIUM,Offer a first-repeat booking incentive.,The customer should be encouraged to make a second booking.
Loyalty Rewards,Customer,CUST02029,Champions,HIGH,"Offer loyalty rewards, premium benefits and referral incentives.",High-value customers are likely to respond well to retention programs.
Loyalty Rewards,Customer,CUST02030,Champions,HIGH,"Offer loyalty rewards, premium benefits and referral incentives.",High-value customers are likely to respond well to retention programs.
Loyalty Campaign,Customer,CUST02031,Loyal Customers,HIGH,"Provide loyalty points, member benefits and personalized offers.",Repeated booking behavior indicates strong customer engagement.
Win-back Campaign,Customer,CUST02032,At Risk,HIGH,Launch a personalized win-back campaign with a targeted discount.,Customer activity indicates potential churn risk.
Win-back Campaign,Customer,CUST02033,At Risk,HIGH,Launch a personalized win-back campaign with a targeted discount.,Customer activity indicates potential churn risk.
Reactivation Campaign,Customer,CUST02034,Lost Customers,MEDIUM,Send a reactivation offer and highlight relevant routes or services.,Customer activity has declined significantly.
Loyalty Rewards,Customer,CUST02035,Champions,HIGH,"Offer loyalty rewards, premium benefits and referral incentives.",High-value customers are likely to respond well to retention programs.
General Engagement,Customer,CUST02036,Need Attention,LOW,Send personalized service updates and relevant offers.,Maintain customer engagement without excessive marketing cost.
Loyalty Campaign,Customer,CUST02037,Loyal Customers,HIGH,"Provide loyalty points, member benefits and personalized offers.",Repeated booking behavior indicates strong customer engagement.
General Engagement,Customer,CUST02038,Need Attention,LOW,Send personalized service updates and relevant offers.,Maintain customer engagement without excessive marketing cost.
Win-back Campaign,Customer,CUST02039,At Risk,HIGH,Launch a personalized win-back campaign with a targeted discount.,Customer activity indicates potential churn risk.
Win-back Campaign,Customer,CUST02040,At Risk,HIGH,Launch a personalized win-back campaign with a targeted discount.,Customer activity indicates potential churn risk.
Reactivation Campaign,Customer,CUST02041,Lost Customers,MEDIUM,Send a reactivation offer and highlight relevant routes or services.,Customer activity has declined significantly.
Reactivation Campaign,Customer,CUST02042,Lost Customers,MEDIUM,Send a reactivation offer and highlight relevant routes or services.,Customer activity has declined significantly.
Win-back Campaign,Customer,CUST02043,At Risk,HIGH,Launch a personalized win-back campaign with a targeted discount.,Customer activity indicates potential churn risk.
Loyalty Rewards,Customer,CUST02044,Champions,HIGH,"Offer loyalty rewards, premium benefits and referral incentives.",High-value customers are likely to respond well to retention programs.
General Engagement,Customer,CUST02045,Big Spenders,LOW,Send personalized service updates and relevant offers.,Maintain customer engagement without excessive marketing cost.
Win-back Campaign,Customer,CUST02046,At Risk,HIGH,Launch a personalized win-back campaign with a targeted discount.,Customer activity indicates potential churn risk.
Win-back Campaign,Customer,CUST02047,At Risk,HIGH,Launch a personalized win-back campaign with a targeted discount.,Customer activity indicates potential churn risk.
General Engagement,Customer,CUST02048,Need Attention,LOW,Send personalized service updates and relevant offers.,Maintain customer engagement without excessive marketing cost.
Win-back Campaign,Customer,CUST02049,At Risk,HIGH,Launch a personalized win-back campaign with a targeted discount.,Customer activity indicates potential churn risk.
General Engagement,Customer,CUST02050,Need Attention,LOW,Send personalized service updates and relevant offers.,Maintain customer engagement without excessive marketing cost.
Reactivation Campaign,Customer,CUST02051,Lost Customers,MEDIUM,Send a reactivation offer and highlight relevant routes or services.,Customer activity has declined significantly.
Loyalty Rewards,Customer,CUST02053,Champions,HIGH,"Offer loyalty rewards, premium benefits and referral incentives.",High-value customers are likely to respond well to retention programs.
Reactivation Campaign,Customer,CUST02054,Lost Customers,MEDIUM,Send a reactivation offer and highlight relevant routes or services.,Customer activity has declined significantly.
Loyalty Rewards,Customer,CUST02055,Champions,HIGH,"Offer loyalty rewards, premium benefits and referral incentives.",High-value customers are likely to respond well to retention programs.
Loyalty Campaign,Customer,CUST02056,Loyal Customers,HIGH,"Provide loyalty points, member benefits and personalized offers.",Repeated booking behavior indicates strong customer engagement.
Win-back Campaign,Customer,CUST02057,At Risk,HIGH,Launch a personalized win-back campaign with a targeted discount.,Customer activity indicates potential churn risk.
General Engagement,Customer,CUST02058,Need Attention,LOW,Send personalized service updates and relevant offers.,Maintain customer engagement without excessive marketing cost.
Win-back Campaign,Customer,CUST02059,At Risk,HIGH,Launch a personalized win-back campaign with a targeted discount.,Customer activity indicates potential churn risk.
Win-back Campaign,Customer,CUST02060,At Risk,HIGH,Launch a personalized win-back campaign with a targeted discount.,Customer activity indicates potential churn risk.
Win-back Campaign,Customer,CUST02061,At Risk,HIGH,Launch a personalized win-back campaign with a targeted discount.,Customer activity indicates potential churn risk.
Reactivation Campaign,Customer,CUST02062,Lost Customers,MEDIUM,Send a reactivation offer and highlight relevant routes or services.,Customer activity has declined significantly.
Loyalty Campaign,Customer,CUST02063,Loyal Customers,HIGH,"Provide loyalty points, member benefits and personalized offers.",Repeated booking behavior indicates strong customer engagement.
Win-back Campaign,Customer,CUST02064,At Risk,HIGH,Launch a personalized win-back campaign with a targeted discount.,Customer activity indicates potential churn risk.
Reactivation Campaign,Customer,CUST02065,Lost Customers,MEDIUM,Send a reactivation offer and highlight relevant routes or services.,Customer activity has declined significantly.
Second Booking Campaign,Customer,CUST02066,New Customers,MEDIUM,Offer a first-repeat booking incentive.,The customer should be encouraged to make a second booking.
Loyalty Campaign,Customer,CUST02067,Loyal Customers,HIGH,"Provide loyalty points, member benefits and personalized offers.",Repeated booking behavior indicates strong customer engagement.
Loyalty Rewards,Customer,CUST02068,Champions,HIGH,"Offer loyalty rewards, premium benefits and referral incentives.",High-value customers are likely to respond well to retention programs.
Loyalty Campaign,Customer,CUST02069,Potential Loyalists,HIGH,"Provide loyalty points, member benefits and personalized offers.",Repeated booking behavior indicates strong customer engagement.
Loyalty Rewards,Customer,CUST02070,Champions,HIGH,"Offer loyalty rewards, premium benefits and referral incentives.",High-value customers are likely to respond well to retention programs.
Loyalty Campaign,Customer,CUST02071,Loyal Customers,HIGH,"Provide loyalty points, member benefits and personalized offers.",Repeated booking behavior indicates strong customer engagement.
Reactivation Campaign,Customer,CUST02072,Lost Customers,MEDIUM,Send a reactivation offer and highlight relevant routes or services.,Customer activity has declined significantly.
Second Booking Campaign,Customer,CUST02074,New Customers,MEDIUM,Offer a first-repeat booking incentive.,The customer should be encouraged to make a second booking.
Loyalty Campaign,Customer,CUST02075,Loyal Customers,HIGH,"Provide loyalty points, member benefits and personalized offers.",Repeated booking behavior indicates strong customer engagement.
General Engagement,Customer,CUST02076,Big Spenders,LOW,Send personalized service updates and relevant offers.,Maintain customer engagement without excessive marketing cost.
Loyalty Rewards,Customer,CUST02077,Champions,HIGH,"Offer loyalty rewards, premium benefits and referral incentives.",High-value customers are likely to respond well to retention programs.
Second Booking Campaign,Customer,CUST02078,New Customers,MEDIUM,Offer a first-repeat booking incentive.,The customer should be encouraged to make a second booking.
Loyalty Rewards,Customer,CUST02079,Champions,HIGH,"Offer loyalty rewards, premium benefits and referral incentives.",High-value customers are likely to respond well to retention programs.
Win-back Campaign,Customer,CUST02081,At Risk,HIGH,Launch a personalized win-back campaign with a targeted discount.,Customer activity indicates potential churn risk.
Loyalty Campaign,Customer,CUST02082,Potential Loyalists,HIGH,"Provide loyalty points, member benefits and personalized offers.",Repeated booking behavior indicates strong customer engagement.
Second Booking Campaign,Customer,CUST02084,New Customers,MEDIUM,Offer a first-repeat booking incentive.,The customer should be encouraged to make a second booking.
Loyalty Campaign,Customer,CUST02085,Loyal Customers,HIGH,"Provide loyalty points, member benefits and personalized offers.",Repeated booking behavior indicates strong customer engagement.
Loyalty Rewards,Customer,CUST02086,Champions,HIGH,"Offer loyalty rewards, premium benefits and referral incentives.",High-value customers are likely to respond well to retention programs.
Loyalty Campaign,Customer,CUST02087,Loyal Customers,HIGH,"Provide loyalty points, member benefits and personalized offers.",Repeated booking behavior indicates strong customer engagement.
Loyalty Rewards,Customer,CUST02088,Champions,HIGH,"Offer loyalty rewards, premium benefits and referral incentives.",High-value customers are likely to respond well to retention programs.
Reactivation Campaign,Customer,CUST02089,Lost Customers,MEDIUM,Send a reactivation offer and highlight relevant routes or services.,Customer activity has declined significantly.
Win-back Campaign,Customer,CUST02090,At Risk,HIGH,Launch a personalized win-back campaign with a targeted discount.,Customer activity indicates potential churn risk.
Loyalty Rewards,Customer,CUST02091,Champions,HIGH,"Offer loyalty rewards, premium benefits and referral incentives.",High-value customers are likely to respond well to retention programs.
Loyalty Rewards,Customer,CUST02092,Champions,HIGH,"Offer loyalty rewards, premium benefits and referral incentives.",High-value customers are likely to respond well to retention programs.
Loyalty Campaign,Customer,CUST02093,Loyal Customers,HIGH,"Provide loyalty points, member benefits and personalized offers.",Repeated booking behavior indicates strong customer engagement.
Reactivation Campaign,Customer,CUST02094,Lost Customers,MEDIUM,Send a reactivation offer and highlight relevant routes or services.,Customer activity has declined significantly.
General Engagement,Customer,CUST02095,Need Attention,LOW,Send personalized service updates and relevant offers.,Maintain customer engagement without excessive marketing cost.
General Engagement,Customer,CUST02096,Need Attention,LOW,Send personalized service updates and relevant offers.,Maintain customer engagement without excessive marketing cost.
Loyalty Campaign,Customer,CUST02097,Loyal Customers,HIGH,"Provide loyalty points, member benefits and personalized offers.",Repeated booking behavior indicates strong customer engagement.
Loyalty Campaign,Customer,CUST02098,Potential Loyalists,HIGH,"Provide loyalty points, member benefits and personalized offers.",Repeated booking behavior indicates strong customer engagement.
Win-back Campaign,Customer,CUST02099,At Risk,HIGH,Launch a personalized win-back campaign with a targeted discount.,Customer activity indicates potential churn risk.
General Engagement,Customer,CUST02100,Need Attention,LOW,Send personalized service updates and relevant offers.,Maintain customer engagement without excessive marketing cost.
General Engagement,Customer,CUST02101,Need Attention,LOW,Send personalized service updates and relevant offers.,Maintain customer engagement without excessive marketing cost.
General Engagement,Customer,CUST02102,Need Attention,LOW,Send personalized service updates and relevant offers.,Maintain customer engagement without excessive marketing cost.
Loyalty Rewards,Customer,CUST02103,Champions,HIGH,"Offer loyalty rewards, premium benefits and referral incentives.",High-value customers are likely to respond well to retention programs.
Win-back Campaign,Customer,CUST02104,At Risk,HIGH,Launch a personalized win-back campaign with a targeted discount.,Customer activity indicates potential churn risk.
General Engagement,Customer,CUST02105,Need Attention,LOW,Send personalized service updates and relevant offers.,Maintain customer engagement without excessive marketing cost.
Loyalty Rewards,Customer,CUST02106,Champions,HIGH,"Offer loyalty rewards, premium benefits and referral incentives.",High-value customers are likely to respond well to retention programs.
Reactivation Campaign,Customer,CUST02107,Lost Customers,MEDIUM,Send a reactivation offer and highlight relevant routes or services.,Customer activity has declined significantly.
Loyalty Campaign,Customer,CUST02108,Potential Loyalists,HIGH,"Provide loyalty points, member benefits and personalized offers.",Repeated booking behavior indicates strong customer engagement.
Reactivation Campaign,Customer,CUST02109,Lost Customers,MEDIUM,Send a reactivation offer and highlight relevant routes or services.,Customer activity has declined significantly.
Loyalty Rewards,Customer,CUST02110,Champions,HIGH,"Offer loyalty rewards, premium benefits and referral incentives.",High-value customers are likely to respond well to retention programs.
Loyalty Campaign,Customer,CUST02111,Loyal Customers,HIGH,"Provide loyalty points, member benefits and personalized offers.",Repeated booking behavior indicates strong customer engagement.
Second Booking Campaign,Customer,CUST02112,New Customers,MEDIUM,Offer a first-repeat booking incentive.,The customer should be encouraged to make a second booking.
General Engagement,Customer,CUST02113,Need Attention,LOW,Send personalized service updates and relevant offers.,Maintain customer engagement without excessive marketing cost.
Loyalty Campaign,Customer,CUST02114,Loyal Customers,HIGH,"Provide loyalty points, member benefits and personalized offers.",Repeated booking behavior indicates strong customer engagement.
General Engagement,Customer,CUST02115,Big Spenders,LOW,Send personalized service updates and relevant offers.,Maintain customer engagement without excessive marketing cost.
Loyalty Rewards,Customer,CUST02116,Champions,HIGH,"Offer loyalty rewards, premium benefits and referral incentives.",High-value customers are likely to respond well to retention programs.
Loyalty Campaign,Customer,CUST02117,Loyal Customers,HIGH,"Provide loyalty points, member benefits and personalized offers.",Repeated booking behavior indicates strong customer engagement.
General Engagement,Customer,CUST02118,Big Spenders,LOW,Send personalized service updates and relevant offers.,Maintain customer engagement without excessive marketing cost.
Loyalty Rewards,Customer,CUST02119,Champions,HIGH,"Offer loyalty rewards, premium benefits and referral incentives.",High-value customers are likely to respond well to retention programs.
Win-back Campaign,Customer,CUST02120,At Risk,HIGH,Launch a personalized win-back campaign with a targeted discount.,Customer activity indicates potential churn risk.
Loyalty Campaign,Customer,CUST02121,Loyal Customers,HIGH,"Provide loyalty points, member benefits and personalized offers.",Repeated booking behavior indicates strong customer engagement.
Loyalty Campaign,Customer,CUST02122,Potential Loyalists,HIGH,"Provide loyalty points, member benefits and personalized offers.",Repeated booking behavior indicates strong customer engagement.
Win-back Campaign,Customer,CUST02123,At Risk,HIGH,Launch a personalized win-back campaign with a targeted discount.,Customer activity indicates potential churn risk.
Second Booking Campaign,Customer,CUST02124,New Customers,MEDIUM,Offer a first-repeat booking incentive.,The customer should be encouraged to make a second booking.
Reactivation Campaign,Customer,CUST02125,Lost Customers,MEDIUM,Send a reactivation offer and highlight relevant routes or services.,Customer activity has declined significantly.
Loyalty Rewards,Customer,CUST02126,Champions,HIGH,"Offer loyalty rewards, premium benefits and referral incentives.",High-value customers are likely to respond well to retention programs.
Win-back Campaign,Customer,CUST02127,At Risk,HIGH,Launch a personalized win-back campaign with a targeted discount.,Customer activity indicates potential churn risk.
General Engagement,Customer,CUST02128,Big Spenders,LOW,Send personalized service updates and relevant offers.,Maintain customer engagement without excessive marketing cost.
Reactivation Campaign,Customer,CUST02129,Lost Customers,MEDIUM,Send a reactivation offer and highlight relevant routes or services.,Customer activity has declined significantly.
General Engagement,Customer,CUST02130,Need Attention,LOW,Send personalized service updates and relevant offers.,Maintain customer engagement without excessive marketing cost.
Reactivation Campaign,Customer,CUST02131,Lost Customers,MEDIUM,Send a reactivation offer and highlight relevant routes or services.,Customer activity has declined significantly.
General Engagement,Customer,CUST02132,Big Spenders,LOW,Send personalized service updates and relevant offers.,Maintain customer engagement without excessive marketing cost.
Loyalty Campaign,Customer,CUST02133,Loyal Customers,HIGH,"Provide loyalty points, member benefits and personalized offers.",Repeated booking behavior indicates strong customer engagement.
General Engagement,Customer,CUST02134,Big Spenders,LOW,Send personalized service updates and relevant offers.,Maintain customer engagement without excessive marketing cost.
Reactivation Campaign,Customer,CUST02135,Lost Customers,MEDIUM,Send a reactivation offer and highlight relevant routes or services.,Customer activity has declined significantly.
Reactivation Campaign,Customer,CUST02136,Lost Customers,MEDIUM,Send a reactivation offer and highlight relevant routes or services.,Customer activity has declined significantly.
General Engagement,Customer,CUST02137,Need Attention,LOW,Send personalized service updates and relevant offers.,Maintain customer engagement without excessive marketing cost.
General Engagement,Customer,CUST02138,Need Attention,LOW,Send personalized service updates and relevant offers.,Maintain customer engagement without excessive marketing cost.
Reactivation Campaign,Customer,CUST02139,Lost Customers,MEDIUM,Send a reactivation offer and highlight relevant routes or services.,Customer activity has declined significantly.
General Engagement,Customer,CUST02140,Need Attention,LOW,Send personalized service updates and relevant offers.,Maintain customer engagement without excessive marketing cost.
Loyalty Campaign,Customer,CUST02141,Loyal Customers,HIGH,"Provide loyalty points, member benefits and personalized offers.",Repeated booking behavior indicates strong customer engagement.
General Engagement,Customer,CUST02142,Need Attention,LOW,Send personalized service updates and relevant offers.,Maintain customer engagement without excessive marketing cost.
Win-back Campaign,Customer,CUST02143,At Risk,HIGH,Launch a personalized win-back campaign with a targeted discount.,Customer activity indicates potential churn risk.
General Engagement,Customer,CUST02144,Need Attention,LOW,Send personalized service updates and relevant offers.,Maintain customer engagement without excessive marketing cost.
Second Booking Campaign,Customer,CUST02145,New Customers,MEDIUM,Offer a first-repeat booking incentive.,The customer should be encouraged to make a second booking.
Reactivation Campaign,Customer,CUST02146,Lost Customers,MEDIUM,Send a reactivation offer and highlight relevant routes or services.,Customer activity has declined significantly.
Loyalty Rewards,Customer,CUST02147,Champions,HIGH,"Offer loyalty rewards, premium benefits and referral incentives.",High-value customers are likely to respond well to retention programs.
General Engagement,Customer,CUST02148,Need Attention,LOW,Send personalized service updates and relevant offers.,Maintain customer engagement without excessive marketing cost.
Loyalty Rewards,Customer,CUST02150,Champions,HIGH,"Offer loyalty rewards, premium benefits and referral incentives.",High-value customers are likely to respond well to retention programs.
Second Booking Campaign,Customer,CUST02151,New Customers,MEDIUM,Offer a first-repeat booking incentive.,The customer should be encouraged to make a second booking.
General Engagement,Customer,CUST02152,Need Attention,LOW,Send personalized service updates and relevant offers.,Maintain customer engagement without excessive marketing cost.
Loyalty Rewards,Customer,CUST02153,Champions,HIGH,"Offer loyalty rewards, premium benefits and referral incentives.",High-value customers are likely to respond well to retention programs.
Win-back Campaign,Customer,CUST02154,At Risk,HIGH,Launch a personalized win-back campaign with a targeted discount.,Customer activity indicates potential churn risk.
Loyalty Campaign,Customer,CUST02155,Loyal Customers,HIGH,"Provide loyalty points, member benefits and personalized offers.",Repeated booking behavior indicates strong customer engagement.
Reactivation Campaign,Customer,CUST02156,Lost Customers,MEDIUM,Send a reactivation offer and highlight relevant routes or services.,Customer activity has declined significantly.
Loyalty Campaign,Customer,CUST02157,Potential Loyalists,HIGH,"Provide loyalty points, member benefits and personalized offers.",Repeated booking behavior indicates strong customer engagement.
Loyalty Campaign,Customer,CUST02158,Potential Loyalists,HIGH,"Provide loyalty points, member benefits and personalized offers.",Repeated booking behavior indicates strong customer engagement.
Win-back Campaign,Customer,CUST02159,At Risk,HIGH,Launch a personalized win-back campaign with a targeted discount.,Customer activity indicates potential churn risk.
General Engagement,Customer,CUST02161,Big Spenders,LOW,Send personalized service updates and relevant offers.,Maintain customer engagement without excessive marketing cost.
Win-back Campaign,Customer,CUST02162,At Risk,HIGH,Launch a personalized win-back campaign with a targeted discount.,Customer activity indicates potential churn risk.
Reactivation Campaign,Customer,CUST02163,Lost Customers,MEDIUM,Send a reactivation offer and highlight relevant routes or services.,Customer activity has declined significantly.
Loyalty Campaign,Customer,CUST02165,Potential Loyalists,HIGH,"Provide loyalty points, member benefits and personalized offers.",Repeated booking behavior indicates strong customer engagement.
Reactivation Campaign,Customer,CUST02166,Lost Customers,MEDIUM,Send a reactivation offer and highlight relevant routes or services.,Customer activity has declined significantly.
Win-back Campaign,Customer,CUST02167,At Risk,HIGH,Launch a personalized win-back campaign with a targeted discount.,Customer activity indicates potential churn risk.
General Engagement,Customer,CUST02168,Need Attention,LOW,Send personalized service updates and relevant offers.,Maintain customer engagement without excessive marketing cost.
General Engagement,Customer,CUST02169,Need Attention,LOW,Send personalized service updates and relevant offers.,Maintain customer engagement without excessive marketing cost.
Loyalty Campaign,Customer,CUST02170,Loyal Customers,HIGH,"Provide loyalty points, member benefits and personalized offers.",Repeated booking behavior indicates strong customer engagement.
Loyalty Rewards,Customer,CUST02171,Champions,HIGH,"Offer loyalty rewards, premium benefits and referral incentives.",High-value customers are likely to respond well to retention programs.
Win-back Campaign,Customer,CUST02172,At Risk,HIGH,Launch a personalized win-back campaign with a targeted discount.,Customer activity indicates potential churn risk.
Reactivation Campaign,Customer,CUST02173,Lost Customers,MEDIUM,Send a reactivation offer and highlight relevant routes or services.,Customer activity has declined significantly.
General Engagement,Customer,CUST02174,Need Attention,LOW,Send personalized service updates and relevant offers.,Maintain customer engagement without excessive marketing cost.
Reactivation Campaign,Customer,CUST02175,Lost Customers,MEDIUM,Send a reactivation offer and highlight relevant routes or services.,Customer activity has declined significantly.
Second Booking Campaign,Customer,CUST02176,New Customers,MEDIUM,Offer a first-repeat booking incentive.,The customer should be encouraged to make a second booking.
Loyalty Rewards,Customer,CUST02177,Champions,HIGH,"Offer loyalty rewards, premium benefits and referral incentives.",High-value customers are likely to respond well to retention programs.
Loyalty Campaign,Customer,CUST02178,Loyal Customers,HIGH,"Provide loyalty points, member benefits and personalized offers.",Repeated booking behavior indicates strong customer engagement.
Win-back Campaign,Customer,CUST02179,At Risk,HIGH,Launch a personalized win-back campaign with a targeted discount.,Customer activity indicates potential churn risk.
General Engagement,Customer,CUST02180,Big Spenders,LOW,Send personalized service updates and relevant offers.,Maintain customer engagement without excessive marketing cost.
Win-back Campaign,Customer,CUST02181,At Risk,HIGH,Launch a personalized win-back campaign with a targeted discount.,Customer activity indicates potential churn risk.
Loyalty Rewards,Customer,CUST02182,Champions,HIGH,"Offer loyalty rewards, premium benefits and referral incentives.",High-value customers are likely to respond well to retention programs.
Loyalty Campaign,Customer,CUST02183,Potential Loyalists,HIGH,"Provide loyalty points, member benefits and personalized offers.",Repeated booking behavior indicates strong customer engagement.
Win-back Campaign,Customer,CUST02184,At Risk,HIGH,Launch a personalized win-back campaign with a targeted discount.,Customer activity indicates potential churn risk.
Reactivation Campaign,Customer,CUST02185,Lost Customers,MEDIUM,Send a reactivation offer and highlight relevant routes or services.,Customer activity has declined significantly.
Loyalty Campaign,Customer,CUST02186,Loyal Customers,HIGH,"Provide loyalty points, member benefits and personalized offers.",Repeated booking behavior indicates strong customer engagement.
General Engagement,Customer,CUST02187,Need Attention,LOW,Send personalized service updates and relevant offers.,Maintain customer engagement without excessive marketing cost.
Loyalty Rewards,Customer,CUST02188,Champions,HIGH,"Offer loyalty rewards, premium benefits and referral incentives.",High-value customers are likely to respond well to retention programs.
Loyalty Campaign,Customer,CUST02189,Loyal Customers,HIGH,"Provide loyalty points, member benefits and personalized offers.",Repeated booking behavior indicates strong customer engagement.
General Engagement,Customer,CUST02190,Need Attention,LOW,Send personalized service updates and relevant offers.,Maintain customer engagement without excessive marketing cost.
Win-back Campaign,Customer,CUST02191,At Risk,HIGH,Launch a personalized win-back campaign with a targeted discount.,Customer activity indicates potential churn risk.
General Engagement,Customer,CUST02192,Need Attention,LOW,Send personalized service updates and relevant offers.,Maintain customer engagement without excessive marketing cost.
Loyalty Rewards,Customer,CUST02193,Champions,HIGH,"Offer loyalty rewards, premium benefits and referral incentives.",High-value customers are likely to respond well to retention programs.
Second Booking Campaign,Customer,CUST02194,New Customers,MEDIUM,Offer a first-repeat booking incentive.,The customer should be encouraged to make a second booking.
Win-back Campaign,Customer,CUST02195,At Risk,HIGH,Launch a personalized win-back campaign with a targeted discount.,Customer activity indicates potential churn risk.
Loyalty Rewards,Customer,CUST02196,Champions,HIGH,"Offer loyalty rewards, premium benefits and referral incentives.",High-value customers are likely to respond well to retention programs.
Loyalty Campaign,Customer,CUST02197,Loyal Customers,HIGH,"Provide loyalty points, member benefits and personalized offers.",Repeated booking behavior indicates strong customer engagement.
Loyalty Campaign,Customer,CUST02198,Loyal Customers,HIGH,"Provide loyalty points, member benefits and personalized offers.",Repeated booking behavior indicates strong customer engagement.
Second Booking Campaign,Customer,CUST02199,New Customers,MEDIUM,Offer a first-repeat booking incentive.,The customer should be encouraged to make a second booking.
General Engagement,Customer,CUST02200,Need Attention,LOW,Send personalized service updates and relevant offers.,Maintain customer engagement without excessive marketing cost.
Reactivation Campaign,Customer,CUST02201,Lost Customers,MEDIUM,Send a reactivation offer and highlight relevant routes or services.,Customer activity has declined significantly.
Win-back Campaign,Customer,CUST02202,At Risk,HIGH,Launch a personalized win-back campaign with a targeted discount.,Customer activity indicates potential churn risk.
Loyalty Campaign,Customer,CUST02203,Loyal Customers,HIGH,"Provide loyalty points, member benefits and personalized offers.",Repeated booking behavior indicates strong customer engagement.
Reactivation Campaign,Customer,CUST02204,Lost Customers,MEDIUM,Send a reactivation offer and highlight relevant routes or services.,Customer activity has declined significantly.
Loyalty Campaign,Customer,CUST02206,Loyal Customers,HIGH,"Provide loyalty points, member benefits and personalized offers.",Repeated booking behavior indicates strong customer engagement.
Second Booking Campaign,Customer,CUST02207,New Customers,MEDIUM,Offer a first-repeat booking incentive.,The customer should be encouraged to make a second booking.
General Engagement,Customer,CUST02208,Need Attention,LOW,Send personalized service updates and relevant offers.,Maintain customer engagement without excessive marketing cost.
Loyalty Rewards,Customer,CUST02209,Champions,HIGH,"Offer loyalty rewards, premium benefits and referral incentives.",High-value customers are likely to respond well to retention programs.
Reactivation Campaign,Customer,CUST02210,Lost Customers,MEDIUM,Send a reactivation offer and highlight relevant routes or services.,Customer activity has declined significantly.
Win-back Campaign,Customer,CUST02211,At Risk,HIGH,Launch a personalized win-back campaign with a targeted discount.,Customer activity indicates potential churn risk.
General Engagement,Customer,CUST02212,Need Attention,LOW,Send personalized service updates and relevant offers.,Maintain customer engagement without excessive marketing cost.
Loyalty Campaign,Customer,CUST02213,Potential Loyalists,HIGH,"Provide loyalty points, member benefits and personalized offers.",Repeated booking behavior indicates strong customer engagement.
Win-back Campaign,Customer,CUST02214,At Risk,HIGH,Launch a personalized win-back campaign with a targeted discount.,Customer activity indicates potential churn risk.
Reactivation Campaign,Customer,CUST02215,Lost Customers,MEDIUM,Send a reactivation offer and highlight relevant routes or services.,Customer activity has declined significantly.
General Engagement,Customer,CUST02216,Need Attention,LOW,Send personalized service updates and relevant offers.,Maintain customer engagement without excessive marketing cost.
Loyalty Rewards,Customer,CUST02217,Champions,HIGH,"Offer loyalty rewards, premium benefits and referral incentives.",High-value customers are likely to respond well to retention programs.
Win-back Campaign,Customer,CUST02218,At Risk,HIGH,Launch a personalized win-back campaign with a targeted discount.,Customer activity indicates potential churn risk.
Loyalty Campaign,Customer,CUST02219,Loyal Customers,HIGH,"Provide loyalty points, member benefits and personalized offers.",Repeated booking behavior indicates strong customer engagement.
Reactivation Campaign,Customer,CUST02220,Lost Customers,MEDIUM,Send a reactivation offer and highlight relevant routes or services.,Customer activity has declined significantly.
Win-back Campaign,Customer,CUST02221,At Risk,HIGH,Launch a personalized win-back campaign with a targeted discount.,Customer activity indicates potential churn risk.
Loyalty Rewards,Customer,CUST02222,Champions,HIGH,"Offer loyalty rewards, premium benefits and referral incentives.",High-value customers are likely to respond well to retention programs.
Loyalty Rewards,Customer,CUST02223,Champions,HIGH,"Offer loyalty rewards, premium benefits and referral incentives.",High-value customers are likely to respond well to retention programs.
Loyalty Campaign,Customer,CUST02224,Loyal Customers,HIGH,"Provide loyalty points, member benefits and personalized offers.",Repeated booking behavior indicates strong customer engagement.
Win-back Campaign,Customer,CUST02225,At Risk,HIGH,Launch a personalized win-back campaign with a targeted discount.,Customer activity indicates potential churn risk.
Loyalty Campaign,Customer,CUST02226,Loyal Customers,HIGH,"Provide loyalty points, member benefits and personalized offers.",Repeated booking behavior indicates strong customer engagement.
General Engagement,Customer,CUST02227,Need Attention,LOW,Send personalized service updates and relevant offers.,Maintain customer engagement without excessive marketing cost.
Loyalty Rewards,Customer,CUST02228,Champions,HIGH,"Offer loyalty rewards, premium benefits and referral incentives.",High-value customers are likely to respond well to retention programs.
Reactivation Campaign,Customer,CUST02229,Lost Customers,MEDIUM,Send a reactivation offer and highlight relevant routes or services.,Customer activity has declined significantly.
Loyalty Campaign,Customer,CUST02230,Loyal Customers,HIGH,"Provide loyalty points, member benefits and personalized offers.",Repeated booking behavior indicates strong customer engagement.
Loyalty Rewards,Customer,CUST02231,Champions,HIGH,"Offer loyalty rewards, premium benefits and referral incentives.",High-value customers are likely to respond well to retention programs.
Win-back Campaign,Customer,CUST02232,At Risk,HIGH,Launch a personalized win-back campaign with a targeted discount.,Customer activity indicates potential churn risk.
Loyalty Campaign,Customer,CUST02233,Potential Loyalists,HIGH,"Provide loyalty points, member benefits and personalized offers.",Repeated booking behavior indicates strong customer engagement.
Win-back Campaign,Customer,CUST02234,At Risk,HIGH,Launch a personalized win-back campaign with a targeted discount.,Customer activity indicates potential churn risk.
Loyalty Rewards,Customer,CUST02235,Champions,HIGH,"Offer loyalty rewards, premium benefits and referral incentives.",High-value customers are likely to respond well to retention programs.
Reactivation Campaign,Customer,CUST02236,Lost Customers,MEDIUM,Send a reactivation offer and highlight relevant routes or services.,Customer activity has declined significantly.
Reactivation Campaign,Customer,CUST02237,Lost Customers,MEDIUM,Send a reactivation offer and highlight relevant routes or services.,Customer activity has declined significantly.
General Engagement,Customer,CUST02238,Need Attention,LOW,Send personalized service updates and relevant offers.,Maintain customer engagement without excessive marketing cost.
Win-back Campaign,Customer,CUST02239,At Risk,HIGH,Launch a personalized win-back campaign with a targeted discount.,Customer activity indicates potential churn risk.
Reactivation Campaign,Customer,CUST02240,Lost Customers,MEDIUM,Send a reactivation offer and highlight relevant routes or services.,Customer activity has declined significantly.
Loyalty Rewards,Customer,CUST02241,Champions,HIGH,"Offer loyalty rewards, premium benefits and referral incentives.",High-value customers are likely to respond well to retention programs.
Loyalty Rewards,Customer,CUST02242,Champions,HIGH,"Offer loyalty rewards, premium benefits and referral incentives.",High-value customers are likely to respond well to retention programs.
Win-back Campaign,Customer,CUST02243,At Risk,HIGH,Launch a personalized win-back campaign with a targeted discount.,Customer activity indicates potential churn risk.
Win-back Campaign,Customer,CUST02244,At Risk,HIGH,Launch a personalized win-back campaign with a targeted discount.,Customer activity indicates potential churn risk.
Reactivation Campaign,Customer,CUST02245,Lost Customers,MEDIUM,Send a reactivation offer and highlight relevant routes or services.,Customer activity has declined significantly.
Loyalty Campaign,Customer,CUST02246,Potential Loyalists,HIGH,"Provide loyalty points, member benefits and personalized offers.",Repeated booking behavior indicates strong customer engagement.
Loyalty Rewards,Customer,CUST02247,Champions,HIGH,"Offer loyalty rewards, premium benefits and referral incentives.",High-value customers are likely to respond well to retention programs.
Loyalty Campaign,Customer,CUST02248,Potential Loyalists,HIGH,"Provide loyalty points, member benefits and personalized offers.",Repeated booking behavior indicates strong customer engagement.
Loyalty Rewards,Customer,CUST02249,Champions,HIGH,"Offer loyalty rewards, premium benefits and referral incentives.",High-value customers are likely to respond well to retention programs.
General Engagement,Customer,CUST02250,Big Spenders,LOW,Send personalized service updates and relevant offers.,Maintain customer engagement without excessive marketing cost.
Loyalty Rewards,Customer,CUST02251,Champions,HIGH,"Offer loyalty rewards, premium benefits and referral incentives.",High-value customers are likely to respond well to retention programs.
General Engagement,Customer,CUST02252,Need Attention,LOW,Send personalized service updates and relevant offers.,Maintain customer engagement without excessive marketing cost.
Loyalty Campaign,Customer,CUST02253,Loyal Customers,HIGH,"Provide loyalty points, member benefits and personalized offers.",Repeated booking behavior indicates strong customer engagement.
Loyalty Campaign,Customer,CUST02254,Loyal Customers,HIGH,"Provide loyalty points, member benefits and personalized offers.",Repeated booking behavior indicates strong customer engagement.
Loyalty Rewards,Customer,CUST02255,Champions,HIGH,"Offer loyalty rewards, premium benefits and referral incentives.",High-value customers are likely to respond well to retention programs.
Loyalty Rewards,Customer,CUST02256,Champions,HIGH,"Offer loyalty rewards, premium benefits and referral incentives.",High-value customers are likely to respond well to retention programs.
General Engagement,Customer,CUST02257,Big Spenders,LOW,Send personalized service updates and relevant offers.,Maintain customer engagement without excessive marketing cost.
Loyalty Rewards,Customer,CUST02258,Champions,HIGH,"Offer loyalty rewards, premium benefits and referral incentives.",High-value customers are likely to respond well to retention programs.
Loyalty Campaign,Customer,CUST02259,Loyal Customers,HIGH,"Provide loyalty points, member benefits and personalized offers.",Repeated booking behavior indicates strong customer engagement.
Loyalty Rewards,Customer,CUST02260,Champions,HIGH,"Offer loyalty rewards, premium benefits and referral incentives.",High-value customers are likely to respond well to retention programs.
Win-back Campaign,Customer,CUST02261,At Risk,HIGH,Launch a personalized win-back campaign with a targeted discount.,Customer activity indicates potential churn risk.
Loyalty Campaign,Customer,CUST02262,Loyal Customers,HIGH,"Provide loyalty points, member benefits and personalized offers.",Repeated booking behavior indicates strong customer engagement.
Loyalty Rewards,Customer,CUST02263,Champions,HIGH,"Offer loyalty rewards, premium benefits and referral incentives.",High-value customers are likely to respond well to retention programs.
Win-back Campaign,Customer,CUST02264,At Risk,HIGH,Launch a personalized win-back campaign with a targeted discount.,Customer activity indicates potential churn risk.
Loyalty Campaign,Customer,CUST02265,Potential Loyalists,HIGH,"Provide loyalty points, member benefits and personalized offers.",Repeated booking behavior indicates strong customer engagement.
Loyalty Campaign,Customer,CUST02266,Loyal Customers,HIGH,"Provide loyalty points, member benefits and personalized offers.",Repeated booking behavior indicates strong customer engagement.
Loyalty Campaign,Customer,CUST02267,Potential Loyalists,HIGH,"Provide loyalty points, member benefits and personalized offers.",Repeated booking behavior indicates strong customer engagement.
Loyalty Rewards,Customer,CUST02268,Champions,HIGH,"Offer loyalty rewards, premium benefits and referral incentives.",High-value customers are likely to respond well to retention programs.
Loyalty Rewards,Customer,CUST02269,Champions,HIGH,"Offer loyalty rewards, premium benefits and referral incentives.",High-value customers are likely to respond well to retention programs.
Loyalty Campaign,Customer,CUST02270,Potential Loyalists,HIGH,"Provide loyalty points, member benefits and personalized offers.",Repeated booking behavior indicates strong customer engagement.
General Engagement,Customer,CUST02271,Need Attention,LOW,Send personalized service updates and relevant offers.,Maintain customer engagement without excessive marketing cost.
Loyalty Rewards,Customer,CUST02272,Champions,HIGH,"Offer loyalty rewards, premium benefits and referral incentives.",High-value customers are likely to respond well to retention programs.
General Engagement,Customer,CUST02273,Need Attention,LOW,Send personalized service updates and relevant offers.,Maintain customer engagement without excessive marketing cost.
Loyalty Campaign,Customer,CUST02275,Potential Loyalists,HIGH,"Provide loyalty points, member benefits and personalized offers.",Repeated booking behavior indicates strong customer engagement.
Loyalty Rewards,Customer,CUST02276,Champions,HIGH,"Offer loyalty rewards, premium benefits and referral incentives.",High-value customers are likely to respond well to retention programs.
Loyalty Campaign,Customer,CUST02277,Loyal Customers,HIGH,"Provide loyalty points, member benefits and personalized offers.",Repeated booking behavior indicates strong customer engagement.
Second Booking Campaign,Customer,CUST02278,New Customers,MEDIUM,Offer a first-repeat booking incentive.,The customer should be encouraged to make a second booking.
General Engagement,Customer,CUST02279,Need Attention,LOW,Send personalized service updates and relevant offers.,Maintain customer engagement without excessive marketing cost.
Loyalty Rewards,Customer,CUST02280,Champions,HIGH,"Offer loyalty rewards, premium benefits and referral incentives.",High-value customers are likely to respond well to retention programs.
Win-back Campaign,Customer,CUST02281,At Risk,HIGH,Launch a personalized win-back campaign with a targeted discount.,Customer activity indicates potential churn risk.
Loyalty Rewards,Customer,CUST02282,Champions,HIGH,"Offer loyalty rewards, premium benefits and referral incentives.",High-value customers are likely to respond well to retention programs.
Loyalty Campaign,Customer,CUST02283,Potential Loyalists,HIGH,"Provide loyalty points, member benefits and personalized offers.",Repeated booking behavior indicates strong customer engagement.
Loyalty Campaign,Customer,CUST02284,Loyal Customers,HIGH,"Provide loyalty points, member benefits and personalized offers.",Repeated booking behavior indicates strong customer engagement.
General Engagement,Customer,CUST02285,Big Spenders,LOW,Send personalized service updates and relevant offers.,Maintain customer engagement without excessive marketing cost.
Reactivation Campaign,Customer,CUST02286,Lost Customers,MEDIUM,Send a reactivation offer and highlight relevant routes or services.,Customer activity has declined significantly.
Second Booking Campaign,Customer,CUST02287,New Customers,MEDIUM,Offer a first-repeat booking incentive.,The customer should be encouraged to make a second booking.
Loyalty Campaign,Customer,CUST02288,Potential Loyalists,HIGH,"Provide loyalty points, member benefits and personalized offers.",Repeated booking behavior indicates strong customer engagement.
Win-back Campaign,Customer,CUST02289,At Risk,HIGH,Launch a personalized win-back campaign with a targeted discount.,Customer activity indicates potential churn risk.
General Engagement,Customer,CUST02290,Need Attention,LOW,Send personalized service updates and relevant offers.,Maintain customer engagement without excessive marketing cost.
General Engagement,Customer,CUST02291,Need Attention,LOW,Send personalized service updates and relevant offers.,Maintain customer engagement without excessive marketing cost.
Loyalty Campaign,Customer,CUST02292,Loyal Customers,HIGH,"Provide loyalty points, member benefits and personalized offers.",Repeated booking behavior indicates strong customer engagement.
Loyalty Campaign,Customer,CUST02293,Potential Loyalists,HIGH,"Provide loyalty points, member benefits and personalized offers.",Repeated booking behavior indicates strong customer engagement.
Win-back Campaign,Customer,CUST02294,At Risk,HIGH,Launch a personalized win-back campaign with a targeted discount.,Customer activity indicates potential churn risk.
Loyalty Campaign,Customer,CUST02295,Loyal Customers,HIGH,"Provide loyalty points, member benefits and personalized offers.",Repeated booking behavior indicates strong customer engagement.
Loyalty Campaign,Customer,CUST02296,Loyal Customers,HIGH,"Provide loyalty points, member benefits and personalized offers.",Repeated booking behavior indicates strong customer engagement.
Win-back Campaign,Customer,CUST02297,At Risk,HIGH,Launch a personalized win-back campaign with a targeted discount.,Customer activity indicates potential churn risk.
Loyalty Rewards,Customer,CUST02298,Champions,HIGH,"Offer loyalty rewards, premium benefits and referral incentives.",High-value customers are likely to respond well to retention programs.
Loyalty Campaign,Customer,CUST02299,Loyal Customers,HIGH,"Provide loyalty points, member benefits and personalized offers.",Repeated booking behavior indicates strong customer engagement.
Loyalty Campaign,Customer,CUST02300,Loyal Customers,HIGH,"Provide loyalty points, member benefits and personalized offers.",Repeated booking behavior indicates strong customer engagement.
Win-back Campaign,Customer,CUST02301,At Risk,HIGH,Launch a personalized win-back campaign with a targeted discount.,Customer activity indicates potential churn risk.
Loyalty Rewards,Customer,CUST02302,Champions,HIGH,"Offer loyalty rewards, premium benefits and referral incentives.",High-value customers are likely to respond well to retention programs.
Loyalty Campaign,Customer,CUST02303,Loyal Customers,HIGH,"Provide loyalty points, member benefits and personalized offers.",Repeated booking behavior indicates strong customer engagement.
General Engagement,Customer,CUST02304,Need Attention,LOW,Send personalized service updates and relevant offers.,Maintain customer engagement without excessive marketing cost.
General Engagement,Customer,CUST02305,Need Attention,LOW,Send personalized service updates and relevant offers.,Maintain customer engagement without excessive marketing cost.
Win-back Campaign,Customer,CUST02306,At Risk,HIGH,Launch a personalized win-back campaign with a targeted discount.,Customer activity indicates potential churn risk.
Win-back Campaign,Customer,CUST02307,At Risk,HIGH,Launch a personalized win-back campaign with a targeted discount.,Customer activity indicates potential churn risk.
Reactivation Campaign,Customer,CUST02308,Lost Customers,MEDIUM,Send a reactivation offer and highlight relevant routes or services.,Customer activity has declined significantly.
General Engagement,Customer,CUST02309,Big Spenders,LOW,Send personalized service updates and relevant offers.,Maintain customer engagement without excessive marketing cost.
Loyalty Campaign,Customer,CUST02310,Loyal Customers,HIGH,"Provide loyalty points, member benefits and personalized offers.",Repeated booking behavior indicates strong customer engagement.
Loyalty Campaign,Customer,CUST02311,Loyal Customers,HIGH,"Provide loyalty points, member benefits and personalized offers.",Repeated booking behavior indicates strong customer engagement.
Reactivation Campaign,Customer,CUST02312,Lost Customers,MEDIUM,Send a reactivation offer and highlight relevant routes or services.,Customer activity has declined significantly.
Loyalty Rewards,Customer,CUST02313,Champions,HIGH,"Offer loyalty rewards, premium benefits and referral incentives.",High-value customers are likely to respond well to retention programs.
Win-back Campaign,Customer,CUST02314,At Risk,HIGH,Launch a personalized win-back campaign with a targeted discount.,Customer activity indicates potential churn risk.
Reactivation Campaign,Customer,CUST02315,Lost Customers,MEDIUM,Send a reactivation offer and highlight relevant routes or services.,Customer activity has declined significantly.
Win-back Campaign,Customer,CUST02316,At Risk,HIGH,Launch a personalized win-back campaign with a targeted discount.,Customer activity indicates potential churn risk.
Loyalty Campaign,Customer,CUST02317,Loyal Customers,HIGH,"Provide loyalty points, member benefits and personalized offers.",Repeated booking behavior indicates strong customer engagement.
Loyalty Campaign,Customer,CUST02318,Loyal Customers,HIGH,"Provide loyalty points, member benefits and personalized offers.",Repeated booking behavior indicates strong customer engagement.
Loyalty Campaign,Customer,CUST02319,Potential Loyalists,HIGH,"Provide loyalty points, member benefits and personalized offers.",Repeated booking behavior indicates strong customer engagement.
Reactivation Campaign,Customer,CUST02320,Lost Customers,MEDIUM,Send a reactivation offer and highlight relevant routes or services.,Customer activity has declined significantly.
Win-back Campaign,Customer,CUST02321,At Risk,HIGH,Launch a personalized win-back campaign with a targeted discount.,Customer activity indicates potential churn risk.
General Engagement,Customer,CUST02322,Need Attention,LOW,Send personalized service updates and relevant offers.,Maintain customer engagement without excessive marketing cost.
General Engagement,Customer,CUST02323,Need Attention,LOW,Send personalized service updates and relevant offers.,Maintain customer engagement without excessive marketing cost.
Win-back Campaign,Customer,CUST02324,At Risk,HIGH,Launch a personalized win-back campaign with a targeted discount.,Customer activity indicates potential churn risk.
Second Booking Campaign,Customer,CUST02325,New Customers,MEDIUM,Offer a first-repeat booking incentive.,The customer should be encouraged to make a second booking.
Loyalty Campaign,Customer,CUST02326,Potential Loyalists,HIGH,"Provide loyalty points, member benefits and personalized offers.",Repeated booking behavior indicates strong customer engagement.
General Engagement,Customer,CUST02327,Need Attention,LOW,Send personalized service updates and relevant offers.,Maintain customer engagement without excessive marketing cost.
Loyalty Rewards,Customer,CUST02328,Champions,HIGH,"Offer loyalty rewards, premium benefits and referral incentives.",High-value customers are likely to respond well to retention programs.
Win-back Campaign,Customer,CUST02329,At Risk,HIGH,Launch a personalized win-back campaign with a targeted discount.,Customer activity indicates potential churn risk.
Loyalty Rewards,Customer,CUST02330,Champions,HIGH,"Offer loyalty rewards, premium benefits and referral incentives.",High-value customers are likely to respond well to retention programs.
Loyalty Campaign,Customer,CUST02331,Loyal Customers,HIGH,"Provide loyalty points, member benefits and personalized offers.",Repeated booking behavior indicates strong customer engagement.
Loyalty Rewards,Customer,CUST02332,Champions,HIGH,"Offer loyalty rewards, premium benefits and referral incentives.",High-value customers are likely to respond well to retention programs.
Reactivation Campaign,Customer,CUST02333,Lost Customers,MEDIUM,Send a reactivation offer and highlight relevant routes or services.,Customer activity has declined significantly.
Loyalty Rewards,Customer,CUST02334,Champions,HIGH,"Offer loyalty rewards, premium benefits and referral incentives.",High-value customers are likely to respond well to retention programs.
Second Booking Campaign,Customer,CUST02335,New Customers,MEDIUM,Offer a first-repeat booking incentive.,The customer should be encouraged to make a second booking.
General Engagement,Customer,CUST02336,Need Attention,LOW,Send personalized service updates and relevant offers.,Maintain customer engagement without excessive marketing cost.
General Engagement,Customer,CUST02337,Need Attention,LOW,Send personalized service updates and relevant offers.,Maintain customer engagement without excessive marketing cost.
General Engagement,Customer,CUST02338,Need Attention,LOW,Send personalized service updates and relevant offers.,Maintain customer engagement without excessive marketing cost.
Loyalty Rewards,Customer,CUST02339,Champions,HIGH,"Offer loyalty rewards, premium benefits and referral incentives.",High-value customers are likely to respond well to retention programs.
Win-back Campaign,Customer,CUST02340,At Risk,HIGH,Launch a personalized win-back campaign with a targeted discount.,Customer activity indicates potential churn risk.
Loyalty Campaign,Customer,CUST02341,Loyal Customers,HIGH,"Provide loyalty points, member benefits and personalized offers.",Repeated booking behavior indicates strong customer engagement.
Win-back Campaign,Customer,CUST02342,At Risk,HIGH,Launch a personalized win-back campaign with a targeted discount.,Customer activity indicates potential churn risk.
Reactivation Campaign,Customer,CUST02343,Lost Customers,MEDIUM,Send a reactivation offer and highlight relevant routes or services.,Customer activity has declined significantly.
Win-back Campaign,Customer,CUST02344,At Risk,HIGH,Launch a personalized win-back campaign with a targeted discount.,Customer activity indicates potential churn risk.
Loyalty Rewards,Customer,CUST02345,Champions,HIGH,"Offer loyalty rewards, premium benefits and referral incentives.",High-value customers are likely to respond well to retention programs.
Loyalty Campaign,Customer,CUST02346,Potential Loyalists,HIGH,"Provide loyalty points, member benefits and personalized offers.",Repeated booking behavior indicates strong customer engagement.
Loyalty Campaign,Customer,CUST02347,Potential Loyalists,HIGH,"Provide loyalty points, member benefits and personalized offers.",Repeated booking behavior indicates strong customer engagement.
Reactivation Campaign,Customer,CUST02348,Lost Customers,MEDIUM,Send a reactivation offer and highlight relevant routes or services.,Customer activity has declined significantly.
Second Booking Campaign,Customer,CUST02349,New Customers,MEDIUM,Offer a first-repeat booking incentive.,The customer should be encouraged to make a second booking.
Win-back Campaign,Customer,CUST02350,At Risk,HIGH,Launch a personalized win-back campaign with a targeted discount.,Customer activity indicates potential churn risk.
Loyalty Campaign,Customer,CUST02351,Potential Loyalists,HIGH,"Provide loyalty points, member benefits and personalized offers.",Repeated booking behavior indicates strong customer engagement.
Win-back Campaign,Customer,CUST02352,At Risk,HIGH,Launch a personalized win-back campaign with a targeted discount.,Customer activity indicates potential churn risk.
Win-back Campaign,Customer,CUST02353,At Risk,HIGH,Launch a personalized win-back campaign with a targeted discount.,Customer activity indicates potential churn risk.
Loyalty Campaign,Customer,CUST02355,Loyal Customers,HIGH,"Provide loyalty points, member benefits and personalized offers.",Repeated booking behavior indicates strong customer engagement.
Loyalty Rewards,Customer,CUST02356,Champions,HIGH,"Offer loyalty rewards, premium benefits and referral incentives.",High-value customers are likely to respond well to retention programs.
General Engagement,Customer,CUST02357,Big Spenders,LOW,Send personalized service updates and relevant offers.,Maintain customer engagement without excessive marketing cost.
Loyalty Rewards,Customer,CUST02358,Champions,HIGH,"Offer loyalty rewards, premium benefits and referral incentives.",High-value customers are likely to respond well to retention programs.
General Engagement,Customer,CUST02359,Need Attention,LOW,Send personalized service updates and relevant offers.,Maintain customer engagement without excessive marketing cost.
Win-back Campaign,Customer,CUST02360,At Risk,HIGH,Launch a personalized win-back campaign with a targeted discount.,Customer activity indicates potential churn risk.
Reactivation Campaign,Customer,CUST02361,Lost Customers,MEDIUM,Send a reactivation offer and highlight relevant routes or services.,Customer activity has declined significantly.
Reactivation Campaign,Customer,CUST02362,Lost Customers,MEDIUM,Send a reactivation offer and highlight relevant routes or services.,Customer activity has declined significantly.
Second Booking Campaign,Customer,CUST02363,New Customers,MEDIUM,Offer a first-repeat booking incentive.,The customer should be encouraged to make a second booking.
Loyalty Rewards,Customer,CUST02364,Champions,HIGH,"Offer loyalty rewards, premium benefits and referral incentives.",High-value customers are likely to respond well to retention programs.
General Engagement,Customer,CUST02365,Need Attention,LOW,Send personalized service updates and relevant offers.,Maintain customer engagement without excessive marketing cost.
Loyalty Campaign,Customer,CUST02366,Potential Loyalists,HIGH,"Provide loyalty points, member benefits and personalized offers.",Repeated booking behavior indicates strong customer engagement.
Win-back Campaign,Customer,CUST02367,At Risk,HIGH,Launch a personalized win-back campaign with a targeted discount.,Customer activity indicates potential churn risk.
Win-back Campaign,Customer,CUST02368,At Risk,HIGH,Launch a personalized win-back campaign with a targeted discount.,Customer activity indicates potential churn risk.
Loyalty Rewards,Customer,CUST02369,Champions,HIGH,"Offer loyalty rewards, premium benefits and referral incentives.",High-value customers are likely to respond well to retention programs.
Win-back Campaign,Customer,CUST02370,At Risk,HIGH,Launch a personalized win-back campaign with a targeted discount.,Customer activity indicates potential churn risk.
Reactivation Campaign,Customer,CUST02371,Lost Customers,MEDIUM,Send a reactivation offer and highlight relevant routes or services.,Customer activity has declined significantly.
Reactivation Campaign,Customer,CUST02372,Lost Customers,MEDIUM,Send a reactivation offer and highlight relevant routes or services.,Customer activity has declined significantly.
General Engagement,Customer,CUST02373,Need Attention,LOW,Send personalized service updates and relevant offers.,Maintain customer engagement without excessive marketing cost.
Loyalty Campaign,Customer,CUST02374,Potential Loyalists,HIGH,"Provide loyalty points, member benefits and personalized offers.",Repeated booking behavior indicates strong customer engagement.
General Engagement,Customer,CUST02375,Need Attention,LOW,Send personalized service updates and relevant offers.,Maintain customer engagement without excessive marketing cost.
Loyalty Rewards,Customer,CUST02376,Champions,HIGH,"Offer loyalty rewards, premium benefits and referral incentives.",High-value customers are likely to respond well to retention programs.
Win-back Campaign,Customer,CUST02377,At Risk,HIGH,Launch a personalized win-back campaign with a targeted discount.,Customer activity indicates potential churn risk.
General Engagement,Customer,CUST02378,Big Spenders,LOW,Send personalized service updates and relevant offers.,Maintain customer engagement without excessive marketing cost.
Win-back Campaign,Customer,CUST02379,At Risk,HIGH,Launch a personalized win-back campaign with a targeted discount.,Customer activity indicates potential churn risk.
Loyalty Campaign,Customer,CUST02380,Potential Loyalists,HIGH,"Provide loyalty points, member benefits and personalized offers.",Repeated booking behavior indicates strong customer engagement.
Loyalty Campaign,Customer,CUST02381,Loyal Customers,HIGH,"Provide loyalty points, member benefits and personalized offers.",Repeated booking behavior indicates strong customer engagement.
Loyalty Campaign,Customer,CUST02382,Potential Loyalists,HIGH,"Provide loyalty points, member benefits and personalized offers.",Repeated booking behavior indicates strong customer engagement.
Reactivation Campaign,Customer,CUST02383,Lost Customers,MEDIUM,Send a reactivation offer and highlight relevant routes or services.,Customer activity has declined significantly.
Reactivation Campaign,Customer,CUST02384,Lost Customers,MEDIUM,Send a reactivation offer and highlight relevant routes or services.,Customer activity has declined significantly.
Loyalty Campaign,Customer,CUST02385,Loyal Customers,HIGH,"Provide loyalty points, member benefits and personalized offers.",Repeated booking behavior indicates strong customer engagement.
Loyalty Campaign,Customer,CUST02387,Loyal Customers,HIGH,"Provide loyalty points, member benefits and personalized offers.",Repeated booking behavior indicates strong customer engagement.
Loyalty Campaign,Customer,CUST02388,Potential Loyalists,HIGH,"Provide loyalty points, member benefits and personalized offers.",Repeated booking behavior indicates strong customer engagement.
Win-back Campaign,Customer,CUST02389,At Risk,HIGH,Launch a personalized win-back campaign with a targeted discount.,Customer activity indicates potential churn risk.
Loyalty Rewards,Customer,CUST02390,Champions,HIGH,"Offer loyalty rewards, premium benefits and referral incentives.",High-value customers are likely to respond well to retention programs.
Reactivation Campaign,Customer,CUST02391,Lost Customers,MEDIUM,Send a reactivation offer and highlight relevant routes or services.,Customer activity has declined significantly.
Loyalty Campaign,Customer,CUST02392,Potential Loyalists,HIGH,"Provide loyalty points, member benefits and personalized offers.",Repeated booking behavior indicates strong customer engagement.
General Engagement,Customer,CUST02393,Need Attention,LOW,Send personalized service updates and relevant offers.,Maintain customer engagement without excessive marketing cost.
Loyalty Rewards,Customer,CUST02394,Champions,HIGH,"Offer loyalty rewards, premium benefits and referral incentives.",High-value customers are likely to respond well to retention programs.
Loyalty Campaign,Customer,CUST02395,Potential Loyalists,HIGH,"Provide loyalty points, member benefits and personalized offers.",Repeated booking behavior indicates strong customer engagement.
Loyalty Campaign,Customer,CUST02396,Potential Loyalists,HIGH,"Provide loyalty points, member benefits and personalized offers.",Repeated booking behavior indicates strong customer engagement.
Loyalty Rewards,Customer,CUST02397,Champions,HIGH,"Offer loyalty rewards, premium benefits and referral incentives.",High-value customers are likely to respond well to retention programs.
Win-back Campaign,Customer,CUST02398,At Risk,HIGH,Launch a personalized win-back campaign with a targeted discount.,Customer activity indicates potential churn risk.
Loyalty Campaign,Customer,CUST02399,Potential Loyalists,HIGH,"Provide loyalty points, member benefits and personalized offers.",Repeated booking behavior indicates strong customer engagement.
Loyalty Rewards,Customer,CUST02400,Champions,HIGH,"Offer loyalty rewards, premium benefits and referral incentives.",High-value customers are likely to respond well to retention programs.
General Engagement,Customer,CUST02401,Need Attention,LOW,Send personalized service updates and relevant offers.,Maintain customer engagement without excessive marketing cost.
Loyalty Campaign,Customer,CUST02402,Loyal Customers,HIGH,"Provide loyalty points, member benefits and personalized offers.",Repeated booking behavior indicates strong customer engagement.
General Engagement,Customer,CUST02403,Big Spenders,LOW,Send personalized service updates and relevant offers.,Maintain customer engagement without excessive marketing cost.
Win-back Campaign,Customer,CUST02404,At Risk,HIGH,Launch a personalized win-back campaign with a targeted discount.,Customer activity indicates potential churn risk.
General Engagement,Customer,CUST02405,Need Attention,LOW,Send personalized service updates and relevant offers.,Maintain customer engagement without excessive marketing cost.
General Engagement,Customer,CUST02406,Big Spenders,LOW,Send personalized service updates and relevant offers.,Maintain customer engagement without excessive marketing cost.
Loyalty Campaign,Customer,CUST02407,Loyal Customers,HIGH,"Provide loyalty points, member benefits and personalized offers.",Repeated booking behavior indicates strong customer engagement.
General Engagement,Customer,CUST02408,Need Attention,LOW,Send personalized service updates and relevant offers.,Maintain customer engagement without excessive marketing cost.
General Engagement,Customer,CUST02409,Need Attention,LOW,Send personalized service updates and relevant offers.,Maintain customer engagement without excessive marketing cost.
Win-back Campaign,Customer,CUST02410,At Risk,HIGH,Launch a personalized win-back campaign with a targeted discount.,Customer activity indicates potential churn risk.
Loyalty Campaign,Customer,CUST02411,Potential Loyalists,HIGH,"Provide loyalty points, member benefits and personalized offers.",Repeated booking behavior indicates strong customer engagement.
Second Booking Campaign,Customer,CUST02412,New Customers,MEDIUM,Offer a first-repeat booking incentive.,The customer should be encouraged to make a second booking.
General Engagement,Customer,CUST02413,Need Attention,LOW,Send personalized service updates and relevant offers.,Maintain customer engagement without excessive marketing cost.
Loyalty Campaign,Customer,CUST02414,Loyal Customers,HIGH,"Provide loyalty points, member benefits and personalized offers.",Repeated booking behavior indicates strong customer engagement.
Reactivation Campaign,Customer,CUST02415,Lost Customers,MEDIUM,Send a reactivation offer and highlight relevant routes or services.,Customer activity has declined significantly.
Reactivation Campaign,Customer,CUST02416,Lost Customers,MEDIUM,Send a reactivation offer and highlight relevant routes or services.,Customer activity has declined significantly.
Loyalty Campaign,Customer,CUST02417,Potential Loyalists,HIGH,"Provide loyalty points, member benefits and personalized offers.",Repeated booking behavior indicates strong customer engagement.
Loyalty Campaign,Customer,CUST02418,Loyal Customers,HIGH,"Provide loyalty points, member benefits and personalized offers.",Repeated booking behavior indicates strong customer engagement.
Loyalty Rewards,Customer,CUST02419,Champions,HIGH,"Offer loyalty rewards, premium benefits and referral incentives.",High-value customers are likely to respond well to retention programs.
Win-back Campaign,Customer,CUST02420,At Risk,HIGH,Launch a personalized win-back campaign with a targeted discount.,Customer activity indicates potential churn risk.
Loyalty Campaign,Customer,CUST02421,Loyal Customers,HIGH,"Provide loyalty points, member benefits and personalized offers.",Repeated booking behavior indicates strong customer engagement.
Loyalty Rewards,Customer,CUST02422,Champions,HIGH,"Offer loyalty rewards, premium benefits and referral incentives.",High-value customers are likely to respond well to retention programs.
Win-back Campaign,Customer,CUST02423,At Risk,HIGH,Launch a personalized win-back campaign with a targeted discount.,Customer activity indicates potential churn risk.
General Engagement,Customer,CUST02425,Need Attention,LOW,Send personalized service updates and relevant offers.,Maintain customer engagement without excessive marketing cost.
Loyalty Campaign,Customer,CUST02426,Potential Loyalists,HIGH,"Provide loyalty points, member benefits and personalized offers.",Repeated booking behavior indicates strong customer engagement.
Loyalty Campaign,Customer,CUST02427,Potential Loyalists,HIGH,"Provide loyalty points, member benefits and personalized offers.",Repeated booking behavior indicates strong customer engagement.
Win-back Campaign,Customer,CUST02428,At Risk,HIGH,Launch a personalized win-back campaign with a targeted discount.,Customer activity indicates potential churn risk.
Loyalty Rewards,Customer,CUST02429,Champions,HIGH,"Offer loyalty rewards, premium benefits and referral incentives.",High-value customers are likely to respond well to retention programs.
Loyalty Campaign,Customer,CUST02430,Loyal Customers,HIGH,"Provide loyalty points, member benefits and personalized offers.",Repeated booking behavior indicates strong customer engagement.
Loyalty Campaign,Customer,CUST02431,Potential Loyalists,HIGH,"Provide loyalty points, member benefits and personalized offers.",Repeated booking behavior indicates strong customer engagement.
Loyalty Rewards,Customer,CUST02432,Champions,HIGH,"Offer loyalty rewards, premium benefits and referral incentives.",High-value customers are likely to respond well to retention programs.
Reactivation Campaign,Customer,CUST02433,Lost Customers,MEDIUM,Send a reactivation offer and highlight relevant routes or services.,Customer activity has declined significantly.
Win-back Campaign,Customer,CUST02435,At Risk,HIGH,Launch a personalized win-back campaign with a targeted discount.,Customer activity indicates potential churn risk.
General Engagement,Customer,CUST02436,Big Spenders,LOW,Send personalized service updates and relevant offers.,Maintain customer engagement without excessive marketing cost.
Reactivation Campaign,Customer,CUST02437,Lost Customers,MEDIUM,Send a reactivation offer and highlight relevant routes or services.,Customer activity has declined significantly.
Loyalty Rewards,Customer,CUST02438,Champions,HIGH,"Offer loyalty rewards, premium benefits and referral incentives.",High-value customers are likely to respond well to retention programs.
Loyalty Rewards,Customer,CUST02439,Champions,HIGH,"Offer loyalty rewards, premium benefits and referral incentives.",High-value customers are likely to respond well to retention programs.
Loyalty Campaign,Customer,CUST02440,Loyal Customers,HIGH,"Provide loyalty points, member benefits and personalized offers.",Repeated booking behavior indicates strong customer engagement.
Win-back Campaign,Customer,CUST02441,At Risk,HIGH,Launch a personalized win-back campaign with a targeted discount.,Customer activity indicates potential churn risk.
Reactivation Campaign,Customer,CUST02442,Lost Customers,MEDIUM,Send a reactivation offer and highlight relevant routes or services.,Customer activity has declined significantly.
Reactivation Campaign,Customer,CUST02443,Lost Customers,MEDIUM,Send a reactivation offer and highlight relevant routes or services.,Customer activity has declined significantly.
Loyalty Campaign,Customer,CUST02444,Loyal Customers,HIGH,"Provide loyalty points, member benefits and personalized offers.",Repeated booking behavior indicates strong customer engagement.
Loyalty Rewards,Customer,CUST02445,Champions,HIGH,"Offer loyalty rewards, premium benefits and referral incentives.",High-value customers are likely to respond well to retention programs.
Win-back Campaign,Customer,CUST02446,At Risk,HIGH,Launch a personalized win-back campaign with a targeted discount.,Customer activity indicates potential churn risk.
Win-back Campaign,Customer,CUST02447,At Risk,HIGH,Launch a personalized win-back campaign with a targeted discount.,Customer activity indicates potential churn risk.
Loyalty Campaign,Customer,CUST02448,Potential Loyalists,HIGH,"Provide loyalty points, member benefits and personalized offers.",Repeated booking behavior indicates strong customer engagement.
Loyalty Campaign,Customer,CUST02449,Loyal Customers,HIGH,"Provide loyalty points, member benefits and personalized offers.",Repeated booking behavior indicates strong customer engagement.
Loyalty Rewards,Customer,CUST02450,Champions,HIGH,"Offer loyalty rewards, premium benefits and referral incentives.",High-value customers are likely to respond well to retention programs.
Win-back Campaign,Customer,CUST02451,At Risk,HIGH,Launch a personalized win-back campaign with a targeted discount.,Customer activity indicates potential churn risk.
General Engagement,Customer,CUST02452,Need Attention,LOW,Send personalized service updates and relevant offers.,Maintain customer engagement without excessive marketing cost.
General Engagement,Customer,CUST02453,Need Attention,LOW,Send personalized service updates and relevant offers.,Maintain customer engagement without excessive marketing cost.
General Engagement,Customer,CUST02454,Big Spenders,LOW,Send personalized service updates and relevant offers.,Maintain customer engagement without excessive marketing cost.
Loyalty Rewards,Customer,CUST02455,Champions,HIGH,"Offer loyalty rewards, premium benefits and referral incentives.",High-value customers are likely to respond well to retention programs.
General Engagement,Customer,CUST02456,Need Attention,LOW,Send personalized service updates and relevant offers.,Maintain customer engagement without excessive marketing cost.
General Engagement,Customer,CUST02457,Big Spenders,LOW,Send personalized service updates and relevant offers.,Maintain customer engagement without excessive marketing cost.
Loyalty Campaign,Customer,CUST02458,Potential Loyalists,HIGH,"Provide loyalty points, member benefits and personalized offers.",Repeated booking behavior indicates strong customer engagement.
General Engagement,Customer,CUST02459,Need Attention,LOW,Send personalized service updates and relevant offers.,Maintain customer engagement without excessive marketing cost.
General Engagement,Customer,CUST02460,Need Attention,LOW,Send personalized service updates and relevant offers.,Maintain customer engagement without excessive marketing cost.
Loyalty Rewards,Customer,CUST02461,Champions,HIGH,"Offer loyalty rewards, premium benefits and referral incentives.",High-value customers are likely to respond well to retention programs.
Loyalty Rewards,Customer,CUST02462,Champions,HIGH,"Offer loyalty rewards, premium benefits and referral incentives.",High-value customers are likely to respond well to retention programs.
Loyalty Rewards,Customer,CUST02463,Champions,HIGH,"Offer loyalty rewards, premium benefits and referral incentives.",High-value customers are likely to respond well to retention programs.
Loyalty Rewards,Customer,CUST02464,Champions,HIGH,"Offer loyalty rewards, premium benefits and referral incentives.",High-value customers are likely to respond well to retention programs.
Win-back Campaign,Customer,CUST02465,At Risk,HIGH,Launch a personalized win-back campaign with a targeted discount.,Customer activity indicates potential churn risk.
Win-back Campaign,Customer,CUST02466,At Risk,HIGH,Launch a personalized win-back campaign with a targeted discount.,Customer activity indicates potential churn risk.
Loyalty Campaign,Customer,CUST02467,Loyal Customers,HIGH,"Provide loyalty points, member benefits and personalized offers.",Repeated booking behavior indicates strong customer engagement.
Second Booking Campaign,Customer,CUST02468,New Customers,MEDIUM,Offer a first-repeat booking incentive.,The customer should be encouraged to make a second booking.
Loyalty Campaign,Customer,CUST02469,Loyal Customers,HIGH,"Provide loyalty points, member benefits and personalized offers.",Repeated booking behavior indicates strong customer engagement.
Loyalty Rewards,Customer,CUST02470,Champions,HIGH,"Offer loyalty rewards, premium benefits and referral incentives.",High-value customers are likely to respond well to retention programs.
Win-back Campaign,Customer,CUST02471,At Risk,HIGH,Launch a personalized win-back campaign with a targeted discount.,Customer activity indicates potential churn risk.
General Engagement,Customer,CUST02472,Need Attention,LOW,Send personalized service updates and relevant offers.,Maintain customer engagement without excessive marketing cost.
Loyalty Rewards,Customer,CUST02473,Champions,HIGH,"Offer loyalty rewards, premium benefits and referral incentives.",High-value customers are likely to respond well to retention programs.
General Engagement,Customer,CUST02474,Need Attention,LOW,Send personalized service updates and relevant offers.,Maintain customer engagement without excessive marketing cost.
Win-back Campaign,Customer,CUST02475,At Risk,HIGH,Launch a personalized win-back campaign with a targeted discount.,Customer activity indicates potential churn risk.
Reactivation Campaign,Customer,CUST02476,Lost Customers,MEDIUM,Send a reactivation offer and highlight relevant routes or services.,Customer activity has declined significantly.
Loyalty Campaign,Customer,CUST02477,Potential Loyalists,HIGH,"Provide loyalty points, member benefits and personalized offers.",Repeated booking behavior indicates strong customer engagement.
General Engagement,Customer,CUST02478,Need Attention,LOW,Send personalized service updates and relevant offers.,Maintain customer engagement without excessive marketing cost.
Loyalty Rewards,Customer,CUST02479,Champions,HIGH,"Offer loyalty rewards, premium benefits and referral incentives.",High-value customers are likely to respond well to retention programs.
Reactivation Campaign,Customer,CUST02480,Lost Customers,MEDIUM,Send a reactivation offer and highlight relevant routes or services.,Customer activity has declined significantly.
Loyalty Rewards,Customer,CUST02482,Champions,HIGH,"Offer loyalty rewards, premium benefits and referral incentives.",High-value customers are likely to respond well to retention programs.
Win-back Campaign,Customer,CUST02483,At Risk,HIGH,Launch a personalized win-back campaign with a targeted discount.,Customer activity indicates potential churn risk.
Reactivation Campaign,Customer,CUST02484,Lost Customers,MEDIUM,Send a reactivation offer and highlight relevant routes or services.,Customer activity has declined significantly.
Loyalty Rewards,Customer,CUST02485,Champions,HIGH,"Offer loyalty rewards, premium benefits and referral incentives.",High-value customers are likely to respond well to retention programs.
Win-back Campaign,Customer,CUST02486,At Risk,HIGH,Launch a personalized win-back campaign with a targeted discount.,Customer activity indicates potential churn risk.
Reactivation Campaign,Customer,CUST02487,Lost Customers,MEDIUM,Send a reactivation offer and highlight relevant routes or services.,Customer activity has declined significantly.
General Engagement,Customer,CUST02488,Need Attention,LOW,Send personalized service updates and relevant offers.,Maintain customer engagement without excessive marketing cost.
Loyalty Campaign,Customer,CUST02489,Loyal Customers,HIGH,"Provide loyalty points, member benefits and personalized offers.",Repeated booking behavior indicates strong customer engagement.
General Engagement,Customer,CUST02490,Need Attention,LOW,Send personalized service updates and relevant offers.,Maintain customer engagement without excessive marketing cost.
Reactivation Campaign,Customer,CUST02491,Lost Customers,MEDIUM,Send a reactivation offer and highlight relevant routes or services.,Customer activity has declined significantly.
General Engagement,Customer,CUST02492,Need Attention,LOW,Send personalized service updates and relevant offers.,Maintain customer engagement without excessive marketing cost.
General Engagement,Customer,CUST02493,Need Attention,LOW,Send personalized service updates and relevant offers.,Maintain customer engagement without excessive marketing cost.
Win-back Campaign,Customer,CUST02494,At Risk,HIGH,Launch a personalized win-back campaign with a targeted discount.,Customer activity indicates potential churn risk.
Loyalty Campaign,Customer,CUST02495,Loyal Customers,HIGH,"Provide loyalty points, member benefits and personalized offers.",Repeated booking behavior indicates strong customer engagement.
Win-back Campaign,Customer,CUST02496,At Risk,HIGH,Launch a personalized win-back campaign with a targeted discount.,Customer activity indicates potential churn risk.
Win-back Campaign,Customer,CUST02497,At Risk,HIGH,Launch a personalized win-back campaign with a targeted discount.,Customer activity indicates potential churn risk.
Win-back Campaign,Customer,CUST02498,At Risk,HIGH,Launch a personalized win-back campaign with a targeted discount.,Customer activity indicates potential churn risk.
General Engagement,Customer,CUST02499,Need Attention,LOW,Send personalized service updates and relevant offers.,Maintain customer engagement without excessive marketing cost.
Reactivation Campaign,Customer,CUST02500,Lost Customers,MEDIUM,Send a reactivation offer and highlight relevant routes or services.,Customer activity has declined significantly.
Loyalty Campaign,Customer,CUST02501,Loyal Customers,HIGH,"Provide loyalty points, member benefits and personalized offers.",Repeated booking behavior indicates strong customer engagement.
Second Booking Campaign,Customer,CUST02502,New Customers,MEDIUM,Offer a first-repeat booking incentive.,The customer should be encouraged to make a second booking.
Loyalty Campaign,Customer,CUST02503,Potential Loyalists,HIGH,"Provide loyalty points, member benefits and personalized offers.",Repeated booking behavior indicates strong customer engagement.
Loyalty Rewards,Customer,CUST02504,Champions,HIGH,"Offer loyalty rewards, premium benefits and referral incentives.",High-value customers are likely to respond well to retention programs.
General Engagement,Customer,CUST02505,Need Attention,LOW,Send personalized service updates and relevant offers.,Maintain customer engagement without excessive marketing cost.
Win-back Campaign,Customer,CUST02506,At Risk,HIGH,Launch a personalized win-back campaign with a targeted discount.,Customer activity indicates potential churn risk.
Loyalty Rewards,Customer,CUST02507,Champions,HIGH,"Offer loyalty rewards, premium benefits and referral incentives.",High-value customers are likely to respond well to retention programs.
Loyalty Rewards,Customer,CUST02508,Champions,HIGH,"Offer loyalty rewards, premium benefits and referral incentives.",High-value customers are likely to respond well to retention programs.
Second Booking Campaign,Customer,CUST02509,New Customers,MEDIUM,Offer a first-repeat booking incentive.,The customer should be encouraged to make a second booking.
General Engagement,Customer,CUST02510,Need Attention,LOW,Send personalized service updates and relevant offers.,Maintain customer engagement without excessive marketing cost.
Loyalty Rewards,Customer,CUST02511,Champions,HIGH,"Offer loyalty rewards, premium benefits and referral incentives.",High-value customers are likely to respond well to retention programs.
Loyalty Campaign,Customer,CUST02512,Potential Loyalists,HIGH,"Provide loyalty points, member benefits and personalized offers.",Repeated booking behavior indicates strong customer engagement.
General Engagement,Customer,CUST02513,Need Attention,LOW,Send personalized service updates and relevant offers.,Maintain customer engagement without excessive marketing cost.
Loyalty Campaign,Customer,CUST02514,Loyal Customers,HIGH,"Provide loyalty points, member benefits and personalized offers.",Repeated booking behavior indicates strong customer engagement.
Second Booking Campaign,Customer,CUST02516,New Customers,MEDIUM,Offer a first-repeat booking incentive.,The customer should be encouraged to make a second booking.
Loyalty Campaign,Customer,CUST02517,Potential Loyalists,HIGH,"Provide loyalty points, member benefits and personalized offers.",Repeated booking behavior indicates strong customer engagement.
Loyalty Campaign,Customer,CUST02518,Potential Loyalists,HIGH,"Provide loyalty points, member benefits and personalized offers.",Repeated booking behavior indicates strong customer engagement.
Loyalty Campaign,Customer,CUST02519,Potential Loyalists,HIGH,"Provide loyalty points, member benefits and personalized offers.",Repeated booking behavior indicates strong customer engagement.
Reactivation Campaign,Customer,CUST02520,Lost Customers,MEDIUM,Send a reactivation offer and highlight relevant routes or services.,Customer activity has declined significantly.
Loyalty Rewards,Customer,CUST02521,Champions,HIGH,"Offer loyalty rewards, premium benefits and referral incentives.",High-value customers are likely to respond well to retention programs.
Reactivation Campaign,Customer,CUST02522,Lost Customers,MEDIUM,Send a reactivation offer and highlight relevant routes or services.,Customer activity has declined significantly.
Loyalty Campaign,Customer,CUST02523,Loyal Customers,HIGH,"Provide loyalty points, member benefits and personalized offers.",Repeated booking behavior indicates strong customer engagement.
General Engagement,Customer,CUST02524,Need Attention,LOW,Send personalized service updates and relevant offers.,Maintain customer engagement without excessive marketing cost.
Loyalty Rewards,Customer,CUST02525,Champions,HIGH,"Offer loyalty rewards, premium benefits and referral incentives.",High-value customers are likely to respond well to retention programs.
Win-back Campaign,Customer,CUST02526,At Risk,HIGH,Launch a personalized win-back campaign with a targeted discount.,Customer activity indicates potential churn risk.
Loyalty Campaign,Customer,CUST02527,Loyal Customers,HIGH,"Provide loyalty points, member benefits and personalized offers.",Repeated booking behavior indicates strong customer engagement.
General Engagement,Customer,CUST02528,Need Attention,LOW,Send personalized service updates and relevant offers.,Maintain customer engagement without excessive marketing cost.
General Engagement,Customer,CUST02529,Big Spenders,LOW,Send personalized service updates and relevant offers.,Maintain customer engagement without excessive marketing cost.
Second Booking Campaign,Customer,CUST02530,New Customers,MEDIUM,Offer a first-repeat booking incentive.,The customer should be encouraged to make a second booking.
Reactivation Campaign,Customer,CUST02531,Lost Customers,MEDIUM,Send a reactivation offer and highlight relevant routes or services.,Customer activity has declined significantly.
General Engagement,Customer,CUST02532,Need Attention,LOW,Send personalized service updates and relevant offers.,Maintain customer engagement without excessive marketing cost.
Loyalty Campaign,Customer,CUST02533,Loyal Customers,HIGH,"Provide loyalty points, member benefits and personalized offers.",Repeated booking behavior indicates strong customer engagement.
Loyalty Campaign,Customer,CUST02534,Loyal Customers,HIGH,"Provide loyalty points, member benefits and personalized offers.",Repeated booking behavior indicates strong customer engagement.
Loyalty Campaign,Customer,CUST02535,Potential Loyalists,HIGH,"Provide loyalty points, member benefits and personalized offers.",Repeated booking behavior indicates strong customer engagement.
General Engagement,Customer,CUST02536,Big Spenders,LOW,Send personalized service updates and relevant offers.,Maintain customer engagement without excessive marketing cost.
General Engagement,Customer,CUST02537,Need Attention,LOW,Send personalized service updates and relevant offers.,Maintain customer engagement without excessive marketing cost.
Loyalty Campaign,Customer,CUST02538,Loyal Customers,HIGH,"Provide loyalty points, member benefits and personalized offers.",Repeated booking behavior indicates strong customer engagement.
General Engagement,Customer,CUST02539,Need Attention,LOW,Send personalized service updates and relevant offers.,Maintain customer engagement without excessive marketing cost.
Loyalty Rewards,Customer,CUST02540,Champions,HIGH,"Offer loyalty rewards, premium benefits and referral incentives.",High-value customers are likely to respond well to retention programs.
Loyalty Campaign,Customer,CUST02541,Loyal Customers,HIGH,"Provide loyalty points, member benefits and personalized offers.",Repeated booking behavior indicates strong customer engagement.
Win-back Campaign,Customer,CUST02542,At Risk,HIGH,Launch a personalized win-back campaign with a targeted discount.,Customer activity indicates potential churn risk.
Win-back Campaign,Customer,CUST02544,At Risk,HIGH,Launch a personalized win-back campaign with a targeted discount.,Customer activity indicates potential churn risk.
Loyalty Campaign,Customer,CUST02545,Loyal Customers,HIGH,"Provide loyalty points, member benefits and personalized offers.",Repeated booking behavior indicates strong customer engagement.
Loyalty Rewards,Customer,CUST02546,Champions,HIGH,"Offer loyalty rewards, premium benefits and referral incentives.",High-value customers are likely to respond well to retention programs.
Loyalty Campaign,Customer,CUST02547,Loyal Customers,HIGH,"Provide loyalty points, member benefits and personalized offers.",Repeated booking behavior indicates strong customer engagement.
Loyalty Campaign,Customer,CUST02548,Loyal Customers,HIGH,"Provide loyalty points, member benefits and personalized offers.",Repeated booking behavior indicates strong customer engagement.
Win-back Campaign,Customer,CUST02549,At Risk,HIGH,Launch a personalized win-back campaign with a targeted discount.,Customer activity indicates potential churn risk.
Win-back Campaign,Customer,CUST02550,At Risk,HIGH,Launch a personalized win-back campaign with a targeted discount.,Customer activity indicates potential churn risk.
General Engagement,Customer,CUST02551,Need Attention,LOW,Send personalized service updates and relevant offers.,Maintain customer engagement without excessive marketing cost.
General Engagement,Customer,CUST02552,Need Attention,LOW,Send personalized service updates and relevant offers.,Maintain customer engagement without excessive marketing cost.
General Engagement,Customer,CUST02554,Big Spenders,LOW,Send personalized service updates and relevant offers.,Maintain customer engagement without excessive marketing cost.
Win-back Campaign,Customer,CUST02555,At Risk,HIGH,Launch a personalized win-back campaign with a targeted discount.,Customer activity indicates potential churn risk.
Loyalty Campaign,Customer,CUST02556,Loyal Customers,HIGH,"Provide loyalty points, member benefits and personalized offers.",Repeated booking behavior indicates strong customer engagement.
Win-back Campaign,Customer,CUST02557,At Risk,HIGH,Launch a personalized win-back campaign with a targeted discount.,Customer activity indicates potential churn risk.
General Engagement,Customer,CUST02558,Need Attention,LOW,Send personalized service updates and relevant offers.,Maintain customer engagement without excessive marketing cost.
General Engagement,Customer,CUST02559,Big Spenders,LOW,Send personalized service updates and relevant offers.,Maintain customer engagement without excessive marketing cost.
Loyalty Campaign,Customer,CUST02560,Loyal Customers,HIGH,"Provide loyalty points, member benefits and personalized offers.",Repeated booking behavior indicates strong customer engagement.
Loyalty Campaign,Customer,CUST02561,Potential Loyalists,HIGH,"Provide loyalty points, member benefits and personalized offers.",Repeated booking behavior indicates strong customer engagement.
General Engagement,Customer,CUST02562,Need Attention,LOW,Send personalized service updates and relevant offers.,Maintain customer engagement without excessive marketing cost.
General Engagement,Customer,CUST02563,Need Attention,LOW,Send personalized service updates and relevant offers.,Maintain customer engagement without excessive marketing cost.
Win-back Campaign,Customer,CUST02564,At Risk,HIGH,Launch a personalized win-back campaign with a targeted discount.,Customer activity indicates potential churn risk.
Loyalty Rewards,Customer,CUST02565,Champions,HIGH,"Offer loyalty rewards, premium benefits and referral incentives.",High-value customers are likely to respond well to retention programs.
Loyalty Rewards,Customer,CUST02567,Champions,HIGH,"Offer loyalty rewards, premium benefits and referral incentives.",High-value customers are likely to respond well to retention programs.
General Engagement,Customer,CUST02568,Need Attention,LOW,Send personalized service updates and relevant offers.,Maintain customer engagement without excessive marketing cost.
Second Booking Campaign,Customer,CUST02569,New Customers,MEDIUM,Offer a first-repeat booking incentive.,The customer should be encouraged to make a second booking.
General Engagement,Customer,CUST02570,Need Attention,LOW,Send personalized service updates and relevant offers.,Maintain customer engagement without excessive marketing cost.
Reactivation Campaign,Customer,CUST02571,Lost Customers,MEDIUM,Send a reactivation offer and highlight relevant routes or services.,Customer activity has declined significantly.
Loyalty Campaign,Customer,CUST02572,Loyal Customers,HIGH,"Provide loyalty points, member benefits and personalized offers.",Repeated booking behavior indicates strong customer engagement.
Loyalty Campaign,Customer,CUST02573,Potential Loyalists,HIGH,"Provide loyalty points, member benefits and personalized offers.",Repeated booking behavior indicates strong customer engagement.
Second Booking Campaign,Customer,CUST02574,New Customers,MEDIUM,Offer a first-repeat booking incentive.,The customer should be encouraged to make a second booking.
Loyalty Rewards,Customer,CUST02575,Champions,HIGH,"Offer loyalty rewards, premium benefits and referral incentives.",High-value customers are likely to respond well to retention programs.
General Engagement,Customer,CUST02576,Need Attention,LOW,Send personalized service updates and relevant offers.,Maintain customer engagement without excessive marketing cost.
General Engagement,Customer,CUST02577,Need Attention,LOW,Send personalized service updates and relevant offers.,Maintain customer engagement without excessive marketing cost.
Win-back Campaign,Customer,CUST02578,At Risk,HIGH,Launch a personalized win-back campaign with a targeted discount.,Customer activity indicates potential churn risk.
Win-back Campaign,Customer,CUST02579,At Risk,HIGH,Launch a personalized win-back campaign with a targeted discount.,Customer activity indicates potential churn risk.
Win-back Campaign,Customer,CUST02580,At Risk,HIGH,Launch a personalized win-back campaign with a targeted discount.,Customer activity indicates potential churn risk.
Loyalty Campaign,Customer,CUST02581,Loyal Customers,HIGH,"Provide loyalty points, member benefits and personalized offers.",Repeated booking behavior indicates strong customer engagement.
Loyalty Campaign,Customer,CUST02582,Potential Loyalists,HIGH,"Provide loyalty points, member benefits and personalized offers.",Repeated booking behavior indicates strong customer engagement.
Loyalty Campaign,Customer,CUST02583,Loyal Customers,HIGH,"Provide loyalty points, member benefits and personalized offers.",Repeated booking behavior indicates strong customer engagement.
Win-back Campaign,Customer,CUST02584,At Risk,HIGH,Launch a personalized win-back campaign with a targeted discount.,Customer activity indicates potential churn risk.
Second Booking Campaign,Customer,CUST02585,New Customers,MEDIUM,Offer a first-repeat booking incentive.,The customer should be encouraged to make a second booking.
Win-back Campaign,Customer,CUST02586,At Risk,HIGH,Launch a personalized win-back campaign with a targeted discount.,Customer activity indicates potential churn risk.
Second Booking Campaign,Customer,CUST02587,New Customers,MEDIUM,Offer a first-repeat booking incentive.,The customer should be encouraged to make a second booking.
Loyalty Rewards,Customer,CUST02588,Champions,HIGH,"Offer loyalty rewards, premium benefits and referral incentives.",High-value customers are likely to respond well to retention programs.
General Engagement,Customer,CUST02589,Need Attention,LOW,Send personalized service updates and relevant offers.,Maintain customer engagement without excessive marketing cost.
Second Booking Campaign,Customer,CUST02590,New Customers,MEDIUM,Offer a first-repeat booking incentive.,The customer should be encouraged to make a second booking.
Win-back Campaign,Customer,CUST02591,At Risk,HIGH,Launch a personalized win-back campaign with a targeted discount.,Customer activity indicates potential churn risk.
General Engagement,Customer,CUST02593,Need Attention,LOW,Send personalized service updates and relevant offers.,Maintain customer engagement without excessive marketing cost.
Win-back Campaign,Customer,CUST02594,At Risk,HIGH,Launch a personalized win-back campaign with a targeted discount.,Customer activity indicates potential churn risk.
Loyalty Campaign,Customer,CUST02595,Loyal Customers,HIGH,"Provide loyalty points, member benefits and personalized offers.",Repeated booking behavior indicates strong customer engagement.
Win-back Campaign,Customer,CUST02596,At Risk,HIGH,Launch a personalized win-back campaign with a targeted discount.,Customer activity indicates potential churn risk.
Loyalty Rewards,Customer,CUST02597,Champions,HIGH,"Offer loyalty rewards, premium benefits and referral incentives.",High-value customers are likely to respond well to retention programs.
Win-back Campaign,Customer,CUST02598,At Risk,HIGH,Launch a personalized win-back campaign with a targeted discount.,Customer activity indicates potential churn risk.
Loyalty Campaign,Customer,CUST02599,Potential Loyalists,HIGH,"Provide loyalty points, member benefits and personalized offers.",Repeated booking behavior indicates strong customer engagement.
Loyalty Rewards,Customer,CUST02600,Champions,HIGH,"Offer loyalty rewards, premium benefits and referral incentives.",High-value customers are likely to respond well to retention programs.
Win-back Campaign,Customer,CUST02601,At Risk,HIGH,Launch a personalized win-back campaign with a targeted discount.,Customer activity indicates potential churn risk.
Loyalty Campaign,Customer,CUST02602,Potential Loyalists,HIGH,"Provide loyalty points, member benefits and personalized offers.",Repeated booking behavior indicates strong customer engagement.
Loyalty Rewards,Customer,CUST02603,Champions,HIGH,"Offer loyalty rewards, premium benefits and referral incentives.",High-value customers are likely to respond well to retention programs.
General Engagement,Customer,CUST02604,Need Attention,LOW,Send personalized service updates and relevant offers.,Maintain customer engagement without excessive marketing cost.
General Engagement,Customer,CUST02605,Need Attention,LOW,Send personalized service updates and relevant offers.,Maintain customer engagement without excessive marketing cost.
Loyalty Campaign,Customer,CUST02606,Loyal Customers,HIGH,"Provide loyalty points, member benefits and personalized offers.",Repeated booking behavior indicates strong customer engagement.
Loyalty Campaign,Customer,CUST02607,Loyal Customers,HIGH,"Provide loyalty points, member benefits and personalized offers.",Repeated booking behavior indicates strong customer engagement.
Win-back Campaign,Customer,CUST02608,At Risk,HIGH,Launch a personalized win-back campaign with a targeted discount.,Customer activity indicates potential churn risk.
Win-back Campaign,Customer,CUST02609,At Risk,HIGH,Launch a personalized win-back campaign with a targeted discount.,Customer activity indicates potential churn risk.
Loyalty Campaign,Customer,CUST02610,Potential Loyalists,HIGH,"Provide loyalty points, member benefits and personalized offers.",Repeated booking behavior indicates strong customer engagement.
Reactivation Campaign,Customer,CUST02611,Lost Customers,MEDIUM,Send a reactivation offer and highlight relevant routes or services.,Customer activity has declined significantly.
Loyalty Campaign,Customer,CUST02613,Loyal Customers,HIGH,"Provide loyalty points, member benefits and personalized offers.",Repeated booking behavior indicates strong customer engagement.
Win-back Campaign,Customer,CUST02614,At Risk,HIGH,Launch a personalized win-back campaign with a targeted discount.,Customer activity indicates potential churn risk.
Reactivation Campaign,Customer,CUST02615,Lost Customers,MEDIUM,Send a reactivation offer and highlight relevant routes or services.,Customer activity has declined significantly.
Loyalty Campaign,Customer,CUST02616,Potential Loyalists,HIGH,"Provide loyalty points, member benefits and personalized offers.",Repeated booking behavior indicates strong customer engagement.
General Engagement,Customer,CUST02617,Need Attention,LOW,Send personalized service updates and relevant offers.,Maintain customer engagement without excessive marketing cost.
Reactivation Campaign,Customer,CUST02618,Lost Customers,MEDIUM,Send a reactivation offer and highlight relevant routes or services.,Customer activity has declined significantly.
Second Booking Campaign,Customer,CUST02619,New Customers,MEDIUM,Offer a first-repeat booking incentive.,The customer should be encouraged to make a second booking.
General Engagement,Customer,CUST02620,Need Attention,LOW,Send personalized service updates and relevant offers.,Maintain customer engagement without excessive marketing cost.
Loyalty Campaign,Customer,CUST02621,Loyal Customers,HIGH,"Provide loyalty points, member benefits and personalized offers.",Repeated booking behavior indicates strong customer engagement.
General Engagement,Customer,CUST02622,Need Attention,LOW,Send personalized service updates and relevant offers.,Maintain customer engagement without excessive marketing cost.
Win-back Campaign,Customer,CUST02623,At Risk,HIGH,Launch a personalized win-back campaign with a targeted discount.,Customer activity indicates potential churn risk.
Loyalty Campaign,Customer,CUST02624,Loyal Customers,HIGH,"Provide loyalty points, member benefits and personalized offers.",Repeated booking behavior indicates strong customer engagement.
Loyalty Rewards,Customer,CUST02625,Champions,HIGH,"Offer loyalty rewards, premium benefits and referral incentives.",High-value customers are likely to respond well to retention programs.
General Engagement,Customer,CUST02626,Need Attention,LOW,Send personalized service updates and relevant offers.,Maintain customer engagement without excessive marketing cost.
Loyalty Campaign,Customer,CUST02627,Loyal Customers,HIGH,"Provide loyalty points, member benefits and personalized offers.",Repeated booking behavior indicates strong customer engagement.
General Engagement,Customer,CUST02628,Need Attention,LOW,Send personalized service updates and relevant offers.,Maintain customer engagement without excessive marketing cost.
Loyalty Campaign,Customer,CUST02629,Loyal Customers,HIGH,"Provide loyalty points, member benefits and personalized offers.",Repeated booking behavior indicates strong customer engagement.
Win-back Campaign,Customer,CUST02630,At Risk,HIGH,Launch a personalized win-back campaign with a targeted discount.,Customer activity indicates potential churn risk.
Loyalty Campaign,Customer,CUST02631,Potential Loyalists,HIGH,"Provide loyalty points, member benefits and personalized offers.",Repeated booking behavior indicates strong customer engagement.
Second Booking Campaign,Customer,CUST02632,New Customers,MEDIUM,Offer a first-repeat booking incentive.,The customer should be encouraged to make a second booking.
Win-back Campaign,Customer,CUST02633,At Risk,HIGH,Launch a personalized win-back campaign with a targeted discount.,Customer activity indicates potential churn risk.
Loyalty Rewards,Customer,CUST02634,Champions,HIGH,"Offer loyalty rewards, premium benefits and referral incentives.",High-value customers are likely to respond well to retention programs.
Loyalty Campaign,Customer,CUST02635,Loyal Customers,HIGH,"Provide loyalty points, member benefits and personalized offers.",Repeated booking behavior indicates strong customer engagement.
Loyalty Rewards,Customer,CUST02636,Champions,HIGH,"Offer loyalty rewards, premium benefits and referral incentives.",High-value customers are likely to respond well to retention programs.
Win-back Campaign,Customer,CUST02637,At Risk,HIGH,Launch a personalized win-back campaign with a targeted discount.,Customer activity indicates potential churn risk.
Reactivation Campaign,Customer,CUST02638,Lost Customers,MEDIUM,Send a reactivation offer and highlight relevant routes or services.,Customer activity has declined significantly.
Second Booking Campaign,Customer,CUST02639,New Customers,MEDIUM,Offer a first-repeat booking incentive.,The customer should be encouraged to make a second booking.
Reactivation Campaign,Customer,CUST02640,Lost Customers,MEDIUM,Send a reactivation offer and highlight relevant routes or services.,Customer activity has declined significantly.
Win-back Campaign,Customer,CUST02641,At Risk,HIGH,Launch a personalized win-back campaign with a targeted discount.,Customer activity indicates potential churn risk.
General Engagement,Customer,CUST02642,Need Attention,LOW,Send personalized service updates and relevant offers.,Maintain customer engagement without excessive marketing cost.
Reactivation Campaign,Customer,CUST02643,Lost Customers,MEDIUM,Send a reactivation offer and highlight relevant routes or services.,Customer activity has declined significantly.
Loyalty Campaign,Customer,CUST02644,Potential Loyalists,HIGH,"Provide loyalty points, member benefits and personalized offers.",Repeated booking behavior indicates strong customer engagement.
General Engagement,Customer,CUST02645,Need Attention,LOW,Send personalized service updates and relevant offers.,Maintain customer engagement without excessive marketing cost.
General Engagement,Customer,CUST02646,Big Spenders,LOW,Send personalized service updates and relevant offers.,Maintain customer engagement without excessive marketing cost.
Loyalty Rewards,Customer,CUST02647,Champions,HIGH,"Offer loyalty rewards, premium benefits and referral incentives.",High-value customers are likely to respond well to retention programs.
General Engagement,Customer,CUST02648,Need Attention,LOW,Send personalized service updates and relevant offers.,Maintain customer engagement without excessive marketing cost.
General Engagement,Customer,CUST02649,Big Spenders,LOW,Send personalized service updates and relevant offers.,Maintain customer engagement without excessive marketing cost.
General Engagement,Customer,CUST02650,Need Attention,LOW,Send personalized service updates and relevant offers.,Maintain customer engagement without excessive marketing cost.
Loyalty Rewards,Customer,CUST02651,Champions,HIGH,"Offer loyalty rewards, premium benefits and referral incentives.",High-value customers are likely to respond well to retention programs.
Loyalty Rewards,Customer,CUST02652,Champions,HIGH,"Offer loyalty rewards, premium benefits and referral incentives.",High-value customers are likely to respond well to retention programs.
General Engagement,Customer,CUST02653,Need Attention,LOW,Send personalized service updates and relevant offers.,Maintain customer engagement without excessive marketing cost.
Win-back Campaign,Customer,CUST02654,At Risk,HIGH,Launch a personalized win-back campaign with a targeted discount.,Customer activity indicates potential churn risk.
Loyalty Rewards,Customer,CUST02655,Champions,HIGH,"Offer loyalty rewards, premium benefits and referral incentives.",High-value customers are likely to respond well to retention programs.
Loyalty Campaign,Customer,CUST02656,Potential Loyalists,HIGH,"Provide loyalty points, member benefits and personalized offers.",Repeated booking behavior indicates strong customer engagement.
Reactivation Campaign,Customer,CUST02657,Lost Customers,MEDIUM,Send a reactivation offer and highlight relevant routes or services.,Customer activity has declined significantly.
General Engagement,Customer,CUST02658,Need Attention,LOW,Send personalized service updates and relevant offers.,Maintain customer engagement without excessive marketing cost.
General Engagement,Customer,CUST02659,Need Attention,LOW,Send personalized service updates and relevant offers.,Maintain customer engagement without excessive marketing cost.
General Engagement,Customer,CUST02660,Need Attention,LOW,Send personalized service updates and relevant offers.,Maintain customer engagement without excessive marketing cost.
Reactivation Campaign,Customer,CUST02661,Lost Customers,MEDIUM,Send a reactivation offer and highlight relevant routes or services.,Customer activity has declined significantly.
Win-back Campaign,Customer,CUST02662,At Risk,HIGH,Launch a personalized win-back campaign with a targeted discount.,Customer activity indicates potential churn risk.
General Engagement,Customer,CUST02663,Need Attention,LOW,Send personalized service updates and relevant offers.,Maintain customer engagement without excessive marketing cost.
Loyalty Campaign,Customer,CUST02664,Loyal Customers,HIGH,"Provide loyalty points, member benefits and personalized offers.",Repeated booking behavior indicates strong customer engagement.
General Engagement,Customer,CUST02665,Need Attention,LOW,Send personalized service updates and relevant offers.,Maintain customer engagement without excessive marketing cost.
Win-back Campaign,Customer,CUST02666,At Risk,HIGH,Launch a personalized win-back campaign with a targeted discount.,Customer activity indicates potential churn risk.
Loyalty Campaign,Customer,CUST02667,Loyal Customers,HIGH,"Provide loyalty points, member benefits and personalized offers.",Repeated booking behavior indicates strong customer engagement.
Loyalty Campaign,Customer,CUST02668,Loyal Customers,HIGH,"Provide loyalty points, member benefits and personalized offers.",Repeated booking behavior indicates strong customer engagement.
General Engagement,Customer,CUST02669,Need Attention,LOW,Send personalized service updates and relevant offers.,Maintain customer engagement without excessive marketing cost.
Loyalty Rewards,Customer,CUST02670,Champions,HIGH,"Offer loyalty rewards, premium benefits and referral incentives.",High-value customers are likely to respond well to retention programs.
General Engagement,Customer,CUST02671,Big Spenders,LOW,Send personalized service updates and relevant offers.,Maintain customer engagement without excessive marketing cost.
Loyalty Campaign,Customer,CUST02672,Loyal Customers,HIGH,"Provide loyalty points, member benefits and personalized offers.",Repeated booking behavior indicates strong customer engagement.
Reactivation Campaign,Customer,CUST02673,Lost Customers,MEDIUM,Send a reactivation offer and highlight relevant routes or services.,Customer activity has declined significantly.
Win-back Campaign,Customer,CUST02674,At Risk,HIGH,Launch a personalized win-back campaign with a targeted discount.,Customer activity indicates potential churn risk.
General Engagement,Customer,CUST02675,Need Attention,LOW,Send personalized service updates and relevant offers.,Maintain customer engagement without excessive marketing cost.
Loyalty Rewards,Customer,CUST02676,Champions,HIGH,"Offer loyalty rewards, premium benefits and referral incentives.",High-value customers are likely to respond well to retention programs.
Win-back Campaign,Customer,CUST02677,At Risk,HIGH,Launch a personalized win-back campaign with a targeted discount.,Customer activity indicates potential churn risk.
Loyalty Rewards,Customer,CUST02678,Champions,HIGH,"Offer loyalty rewards, premium benefits and referral incentives.",High-value customers are likely to respond well to retention programs.
General Engagement,Customer,CUST02679,Need Attention,LOW,Send personalized service updates and relevant offers.,Maintain customer engagement without excessive marketing cost.
Loyalty Campaign,Customer,CUST02680,Loyal Customers,HIGH,"Provide loyalty points, member benefits and personalized offers.",Repeated booking behavior indicates strong customer engagement.
Win-back Campaign,Customer,CUST02681,At Risk,HIGH,Launch a personalized win-back campaign with a targeted discount.,Customer activity indicates potential churn risk.
Win-back Campaign,Customer,CUST02682,At Risk,HIGH,Launch a personalized win-back campaign with a targeted discount.,Customer activity indicates potential churn risk.
Loyalty Rewards,Customer,CUST02683,Champions,HIGH,"Offer loyalty rewards, premium benefits and referral incentives.",High-value customers are likely to respond well to retention programs.
Loyalty Rewards,Customer,CUST02685,Champions,HIGH,"Offer loyalty rewards, premium benefits and referral incentives.",High-value customers are likely to respond well to retention programs.
Win-back Campaign,Customer,CUST02686,At Risk,HIGH,Launch a personalized win-back campaign with a targeted discount.,Customer activity indicates potential churn risk.
Win-back Campaign,Customer,CUST02688,At Risk,HIGH,Launch a personalized win-back campaign with a targeted discount.,Customer activity indicates potential churn risk.
Win-back Campaign,Customer,CUST02689,At Risk,HIGH,Launch a personalized win-back campaign with a targeted discount.,Customer activity indicates potential churn risk.
Loyalty Campaign,Customer,CUST02690,Potential Loyalists,HIGH,"Provide loyalty points, member benefits and personalized offers.",Repeated booking behavior indicates strong customer engagement.
Loyalty Campaign,Customer,CUST02691,Loyal Customers,HIGH,"Provide loyalty points, member benefits and personalized offers.",Repeated booking behavior indicates strong customer engagement.
Win-back Campaign,Customer,CUST02692,At Risk,HIGH,Launch a personalized win-back campaign with a targeted discount.,Customer activity indicates potential churn risk.
General Engagement,Customer,CUST02693,Big Spenders,LOW,Send personalized service updates and relevant offers.,Maintain customer engagement without excessive marketing cost.
Loyalty Rewards,Customer,CUST02694,Champions,HIGH,"Offer loyalty rewards, premium benefits and referral incentives.",High-value customers are likely to respond well to retention programs.
General Engagement,Customer,CUST02696,Need Attention,LOW,Send personalized service updates and relevant offers.,Maintain customer engagement without excessive marketing cost.
Loyalty Campaign,Customer,CUST02697,Potential Loyalists,HIGH,"Provide loyalty points, member benefits and personalized offers.",Repeated booking behavior indicates strong customer engagement.
Loyalty Rewards,Customer,CUST02698,Champions,HIGH,"Offer loyalty rewards, premium benefits and referral incentives.",High-value customers are likely to respond well to retention programs.
Win-back Campaign,Customer,CUST02699,At Risk,HIGH,Launch a personalized win-back campaign with a targeted discount.,Customer activity indicates potential churn risk.
Loyalty Campaign,Customer,CUST02700,Loyal Customers,HIGH,"Provide loyalty points, member benefits and personalized offers.",Repeated booking behavior indicates strong customer engagement.
General Engagement,Customer,CUST02701,Need Attention,LOW,Send personalized service updates and relevant offers.,Maintain customer engagement without excessive marketing cost.
Loyalty Rewards,Customer,CUST02702,Champions,HIGH,"Offer loyalty rewards, premium benefits and referral incentives.",High-value customers are likely to respond well to retention programs.
General Engagement,Customer,CUST02703,Need Attention,LOW,Send personalized service updates and relevant offers.,Maintain customer engagement without excessive marketing cost.
General Engagement,Customer,CUST02704,Need Attention,LOW,Send personalized service updates and relevant offers.,Maintain customer engagement without excessive marketing cost.
Win-back Campaign,Customer,CUST02705,At Risk,HIGH,Launch a personalized win-back campaign with a targeted discount.,Customer activity indicates potential churn risk.
Win-back Campaign,Customer,CUST02706,At Risk,HIGH,Launch a personalized win-back campaign with a targeted discount.,Customer activity indicates potential churn risk.
Win-back Campaign,Customer,CUST02707,At Risk,HIGH,Launch a personalized win-back campaign with a targeted discount.,Customer activity indicates potential churn risk.
Loyalty Campaign,Customer,CUST02708,Loyal Customers,HIGH,"Provide loyalty points, member benefits and personalized offers.",Repeated booking behavior indicates strong customer engagement.
Loyalty Rewards,Customer,CUST02709,Champions,HIGH,"Offer loyalty rewards, premium benefits and referral incentives.",High-value customers are likely to respond well to retention programs.
Win-back Campaign,Customer,CUST02710,At Risk,HIGH,Launch a personalized win-back campaign with a targeted discount.,Customer activity indicates potential churn risk.
Win-back Campaign,Customer,CUST02711,At Risk,HIGH,Launch a personalized win-back campaign with a targeted discount.,Customer activity indicates potential churn risk.
Win-back Campaign,Customer,CUST02712,At Risk,HIGH,Launch a personalized win-back campaign with a targeted discount.,Customer activity indicates potential churn risk.
Loyalty Rewards,Customer,CUST02713,Champions,HIGH,"Offer loyalty rewards, premium benefits and referral incentives.",High-value customers are likely to respond well to retention programs.
Reactivation Campaign,Customer,CUST02714,Lost Customers,MEDIUM,Send a reactivation offer and highlight relevant routes or services.,Customer activity has declined significantly.
General Engagement,Customer,CUST02715,Need Attention,LOW,Send personalized service updates and relevant offers.,Maintain customer engagement without excessive marketing cost.
General Engagement,Customer,CUST02716,Need Attention,LOW,Send personalized service updates and relevant offers.,Maintain customer engagement without excessive marketing cost.
Win-back Campaign,Customer,CUST02717,At Risk,HIGH,Launch a personalized win-back campaign with a targeted discount.,Customer activity indicates potential churn risk.
Second Booking Campaign,Customer,CUST02718,New Customers,MEDIUM,Offer a first-repeat booking incentive.,The customer should be encouraged to make a second booking.
General Engagement,Customer,CUST02719,Need Attention,LOW,Send personalized service updates and relevant offers.,Maintain customer engagement without excessive marketing cost.
General Engagement,Customer,CUST02720,Need Attention,LOW,Send personalized service updates and relevant offers.,Maintain customer engagement without excessive marketing cost.
General Engagement,Customer,CUST02721,Big Spenders,LOW,Send personalized service updates and relevant offers.,Maintain customer engagement without excessive marketing cost.
General Engagement,Customer,CUST02722,Big Spenders,LOW,Send personalized service updates and relevant offers.,Maintain customer engagement without excessive marketing cost.
Win-back Campaign,Customer,CUST02723,At Risk,HIGH,Launch a personalized win-back campaign with a targeted discount.,Customer activity indicates potential churn risk.
Reactivation Campaign,Customer,CUST02724,Lost Customers,MEDIUM,Send a reactivation offer and highlight relevant routes or services.,Customer activity has declined significantly.
Win-back Campaign,Customer,CUST02725,At Risk,HIGH,Launch a personalized win-back campaign with a targeted discount.,Customer activity indicates potential churn risk.
Reactivation Campaign,Customer,CUST02726,Lost Customers,MEDIUM,Send a reactivation offer and highlight relevant routes or services.,Customer activity has declined significantly.
General Engagement,Customer,CUST02727,Need Attention,LOW,Send personalized service updates and relevant offers.,Maintain customer engagement without excessive marketing cost.
General Engagement,Customer,CUST02728,Need Attention,LOW,Send personalized service updates and relevant offers.,Maintain customer engagement without excessive marketing cost.
Win-back Campaign,Customer,CUST02729,At Risk,HIGH,Launch a personalized win-back campaign with a targeted discount.,Customer activity indicates potential churn risk.
Loyalty Rewards,Customer,CUST02730,Champions,HIGH,"Offer loyalty rewards, premium benefits and referral incentives.",High-value customers are likely to respond well to retention programs.
Reactivation Campaign,Customer,CUST02731,Lost Customers,MEDIUM,Send a reactivation offer and highlight relevant routes or services.,Customer activity has declined significantly.
Second Booking Campaign,Customer,CUST02732,New Customers,MEDIUM,Offer a first-repeat booking incentive.,The customer should be encouraged to make a second booking.
Loyalty Campaign,Customer,CUST02733,Potential Loyalists,HIGH,"Provide loyalty points, member benefits and personalized offers.",Repeated booking behavior indicates strong customer engagement.
Loyalty Campaign,Customer,CUST02734,Loyal Customers,HIGH,"Provide loyalty points, member benefits and personalized offers.",Repeated booking behavior indicates strong customer engagement.
General Engagement,Customer,CUST02735,Need Attention,LOW,Send personalized service updates and relevant offers.,Maintain customer engagement without excessive marketing cost.
Loyalty Campaign,Customer,CUST02736,Loyal Customers,HIGH,"Provide loyalty points, member benefits and personalized offers.",Repeated booking behavior indicates strong customer engagement.
Loyalty Rewards,Customer,CUST02737,Champions,HIGH,"Offer loyalty rewards, premium benefits and referral incentives.",High-value customers are likely to respond well to retention programs.
General Engagement,Customer,CUST02738,Need Attention,LOW,Send personalized service updates and relevant offers.,Maintain customer engagement without excessive marketing cost.
Win-back Campaign,Customer,CUST02739,At Risk,HIGH,Launch a personalized win-back campaign with a targeted discount.,Customer activity indicates potential churn risk.
Loyalty Campaign,Customer,CUST02740,Loyal Customers,HIGH,"Provide loyalty points, member benefits and personalized offers.",Repeated booking behavior indicates strong customer engagement.
Loyalty Campaign,Customer,CUST02741,Loyal Customers,HIGH,"Provide loyalty points, member benefits and personalized offers.",Repeated booking behavior indicates strong customer engagement.
Loyalty Campaign,Customer,CUST02742,Loyal Customers,HIGH,"Provide loyalty points, member benefits and personalized offers.",Repeated booking behavior indicates strong customer engagement.
Loyalty Campaign,Customer,CUST02743,Loyal Customers,HIGH,"Provide loyalty points, member benefits and personalized offers.",Repeated booking behavior indicates strong customer engagement.
Win-back Campaign,Customer,CUST02744,At Risk,HIGH,Launch a personalized win-back campaign with a targeted discount.,Customer activity indicates potential churn risk.
Win-back Campaign,Customer,CUST02745,At Risk,HIGH,Launch a personalized win-back campaign with a targeted discount.,Customer activity indicates potential churn risk.
Loyalty Campaign,Customer,CUST02746,Potential Loyalists,HIGH,"Provide loyalty points, member benefits and personalized offers.",Repeated booking behavior indicates strong customer engagement.
Loyalty Rewards,Customer,CUST02747,Champions,HIGH,"Offer loyalty rewards, premium benefits and referral incentives.",High-value customers are likely to respond well to retention programs.
General Engagement,Customer,CUST02748,Need Attention,LOW,Send personalized service updates and relevant offers.,Maintain customer engagement without excessive marketing cost.
Win-back Campaign,Customer,CUST02749,At Risk,HIGH,Launch a personalized win-back campaign with a targeted discount.,Customer activity indicates potential churn risk.
Reactivation Campaign,Customer,CUST02750,Lost Customers,MEDIUM,Send a reactivation offer and highlight relevant routes or services.,Customer activity has declined significantly.
Second Booking Campaign,Customer,CUST02751,New Customers,MEDIUM,Offer a first-repeat booking incentive.,The customer should be encouraged to make a second booking.
Loyalty Campaign,Customer,CUST02752,Loyal Customers,HIGH,"Provide loyalty points, member benefits and personalized offers.",Repeated booking behavior indicates strong customer engagement.
Loyalty Campaign,Customer,CUST02753,Potential Loyalists,HIGH,"Provide loyalty points, member benefits and personalized offers.",Repeated booking behavior indicates strong customer engagement.
Reactivation Campaign,Customer,CUST02754,Lost Customers,MEDIUM,Send a reactivation offer and highlight relevant routes or services.,Customer activity has declined significantly.
Win-back Campaign,Customer,CUST02755,At Risk,HIGH,Launch a personalized win-back campaign with a targeted discount.,Customer activity indicates potential churn risk.
Loyalty Rewards,Customer,CUST02756,Champions,HIGH,"Offer loyalty rewards, premium benefits and referral incentives.",High-value customers are likely to respond well to retention programs.
Loyalty Campaign,Customer,CUST02757,Potential Loyalists,HIGH,"Provide loyalty points, member benefits and personalized offers.",Repeated booking behavior indicates strong customer engagement.
Win-back Campaign,Customer,CUST02758,At Risk,HIGH,Launch a personalized win-back campaign with a targeted discount.,Customer activity indicates potential churn risk.
Win-back Campaign,Customer,CUST02759,At Risk,HIGH,Launch a personalized win-back campaign with a targeted discount.,Customer activity indicates potential churn risk.
Win-back Campaign,Customer,CUST02760,At Risk,HIGH,Launch a personalized win-back campaign with a targeted discount.,Customer activity indicates potential churn risk.
Win-back Campaign,Customer,CUST02761,At Risk,HIGH,Launch a personalized win-back campaign with a targeted discount.,Customer activity indicates potential churn risk.
General Engagement,Customer,CUST02762,Big Spenders,LOW,Send personalized service updates and relevant offers.,Maintain customer engagement without excessive marketing cost.
Loyalty Campaign,Customer,CUST02763,Loyal Customers,HIGH,"Provide loyalty points, member benefits and personalized offers.",Repeated booking behavior indicates strong customer engagement.
Loyalty Campaign,Customer,CUST02764,Potential Loyalists,HIGH,"Provide loyalty points, member benefits and personalized offers.",Repeated booking behavior indicates strong customer engagement.
Loyalty Rewards,Customer,CUST02765,Champions,HIGH,"Offer loyalty rewards, premium benefits and referral incentives.",High-value customers are likely to respond well to retention programs.
Loyalty Rewards,Customer,CUST02766,Champions,HIGH,"Offer loyalty rewards, premium benefits and referral incentives.",High-value customers are likely to respond well to retention programs.
Loyalty Rewards,Customer,CUST02767,Champions,HIGH,"Offer loyalty rewards, premium benefits and referral incentives.",High-value customers are likely to respond well to retention programs.
Loyalty Campaign,Customer,CUST02768,Loyal Customers,HIGH,"Provide loyalty points, member benefits and personalized offers.",Repeated booking behavior indicates strong customer engagement.
Win-back Campaign,Customer,CUST02769,At Risk,HIGH,Launch a personalized win-back campaign with a targeted discount.,Customer activity indicates potential churn risk.
General Engagement,Customer,CUST02770,Need Attention,LOW,Send personalized service updates and relevant offers.,Maintain customer engagement without excessive marketing cost.
Win-back Campaign,Customer,CUST02771,At Risk,HIGH,Launch a personalized win-back campaign with a targeted discount.,Customer activity indicates potential churn risk.
Loyalty Rewards,Customer,CUST02772,Champions,HIGH,"Offer loyalty rewards, premium benefits and referral incentives.",High-value customers are likely to respond well to retention programs.
General Engagement,Customer,CUST02773,Big Spenders,LOW,Send personalized service updates and relevant offers.,Maintain customer engagement without excessive marketing cost.
Loyalty Campaign,Customer,CUST02774,Potential Loyalists,HIGH,"Provide loyalty points, member benefits and personalized offers.",Repeated booking behavior indicates strong customer engagement.
General Engagement,Customer,CUST02775,Big Spenders,LOW,Send personalized service updates and relevant offers.,Maintain customer engagement without excessive marketing cost.
Loyalty Campaign,Customer,CUST02776,Loyal Customers,HIGH,"Provide loyalty points, member benefits and personalized offers.",Repeated booking behavior indicates strong customer engagement.
Loyalty Campaign,Customer,CUST02778,Loyal Customers,HIGH,"Provide loyalty points, member benefits and personalized offers.",Repeated booking behavior indicates strong customer engagement.
Win-back Campaign,Customer,CUST02779,At Risk,HIGH,Launch a personalized win-back campaign with a targeted discount.,Customer activity indicates potential churn risk.
Win-back Campaign,Customer,CUST02780,At Risk,HIGH,Launch a personalized win-back campaign with a targeted discount.,Customer activity indicates potential churn risk.
Loyalty Campaign,Customer,CUST02781,Loyal Customers,HIGH,"Provide loyalty points, member benefits and personalized offers.",Repeated booking behavior indicates strong customer engagement.
Second Booking Campaign,Customer,CUST02782,New Customers,MEDIUM,Offer a first-repeat booking incentive.,The customer should be encouraged to make a second booking.
Loyalty Rewards,Customer,CUST02783,Champions,HIGH,"Offer loyalty rewards, premium benefits and referral incentives.",High-value customers are likely to respond well to retention programs.
Win-back Campaign,Customer,CUST02784,At Risk,HIGH,Launch a personalized win-back campaign with a targeted discount.,Customer activity indicates potential churn risk.
Loyalty Campaign,Customer,CUST02785,Loyal Customers,HIGH,"Provide loyalty points, member benefits and personalized offers.",Repeated booking behavior indicates strong customer engagement.
Loyalty Campaign,Customer,CUST02786,Potential Loyalists,HIGH,"Provide loyalty points, member benefits and personalized offers.",Repeated booking behavior indicates strong customer engagement.
Reactivation Campaign,Customer,CUST02787,Lost Customers,MEDIUM,Send a reactivation offer and highlight relevant routes or services.,Customer activity has declined significantly.
Loyalty Rewards,Customer,CUST02788,Champions,HIGH,"Offer loyalty rewards, premium benefits and referral incentives.",High-value customers are likely to respond well to retention programs.
Win-back Campaign,Customer,CUST02789,At Risk,HIGH,Launch a personalized win-back campaign with a targeted discount.,Customer activity indicates potential churn risk.
Loyalty Rewards,Customer,CUST02790,Champions,HIGH,"Offer loyalty rewards, premium benefits and referral incentives.",High-value customers are likely to respond well to retention programs.
Loyalty Rewards,Customer,CUST02791,Champions,HIGH,"Offer loyalty rewards, premium benefits and referral incentives.",High-value customers are likely to respond well to retention programs.
Reactivation Campaign,Customer,CUST02792,Lost Customers,MEDIUM,Send a reactivation offer and highlight relevant routes or services.,Customer activity has declined significantly.
Loyalty Rewards,Customer,CUST02793,Champions,HIGH,"Offer loyalty rewards, premium benefits and referral incentives.",High-value customers are likely to respond well to retention programs.
General Engagement,Customer,CUST02794,Need Attention,LOW,Send personalized service updates and relevant offers.,Maintain customer engagement without excessive marketing cost.
General Engagement,Customer,CUST02795,Need Attention,LOW,Send personalized service updates and relevant offers.,Maintain customer engagement without excessive marketing cost.
Win-back Campaign,Customer,CUST02796,At Risk,HIGH,Launch a personalized win-back campaign with a targeted discount.,Customer activity indicates potential churn risk.
Win-back Campaign,Customer,CUST02797,At Risk,HIGH,Launch a personalized win-back campaign with a targeted discount.,Customer activity indicates potential churn risk.
General Engagement,Customer,CUST02798,Need Attention,LOW,Send personalized service updates and relevant offers.,Maintain customer engagement without excessive marketing cost.
General Engagement,Customer,CUST02799,Big Spenders,LOW,Send personalized service updates and relevant offers.,Maintain customer engagement without excessive marketing cost.
Loyalty Rewards,Customer,CUST02801,Champions,HIGH,"Offer loyalty rewards, premium benefits and referral incentives.",High-value customers are likely to respond well to retention programs.
Reactivation Campaign,Customer,CUST02802,Lost Customers,MEDIUM,Send a reactivation offer and highlight relevant routes or services.,Customer activity has declined significantly.
Win-back Campaign,Customer,CUST02803,At Risk,HIGH,Launch a personalized win-back campaign with a targeted discount.,Customer activity indicates potential churn risk.
Loyalty Campaign,Customer,CUST02804,Loyal Customers,HIGH,"Provide loyalty points, member benefits and personalized offers.",Repeated booking behavior indicates strong customer engagement.
Win-back Campaign,Customer,CUST02805,At Risk,HIGH,Launch a personalized win-back campaign with a targeted discount.,Customer activity indicates potential churn risk.
Loyalty Campaign,Customer,CUST02806,Loyal Customers,HIGH,"Provide loyalty points, member benefits and personalized offers.",Repeated booking behavior indicates strong customer engagement.
Second Booking Campaign,Customer,CUST02807,New Customers,MEDIUM,Offer a first-repeat booking incentive.,The customer should be encouraged to make a second booking.
Reactivation Campaign,Customer,CUST02808,Lost Customers,MEDIUM,Send a reactivation offer and highlight relevant routes or services.,Customer activity has declined significantly.
Loyalty Campaign,Customer,CUST02809,Potential Loyalists,HIGH,"Provide loyalty points, member benefits and personalized offers.",Repeated booking behavior indicates strong customer engagement.
Loyalty Rewards,Customer,CUST02810,Champions,HIGH,"Offer loyalty rewards, premium benefits and referral incentives.",High-value customers are likely to respond well to retention programs.
Win-back Campaign,Customer,CUST02811,At Risk,HIGH,Launch a personalized win-back campaign with a targeted discount.,Customer activity indicates potential churn risk.
General Engagement,Customer,CUST02812,Need Attention,LOW,Send personalized service updates and relevant offers.,Maintain customer engagement without excessive marketing cost.
Reactivation Campaign,Customer,CUST02813,Lost Customers,MEDIUM,Send a reactivation offer and highlight relevant routes or services.,Customer activity has declined significantly.
Win-back Campaign,Customer,CUST02814,At Risk,HIGH,Launch a personalized win-back campaign with a targeted discount.,Customer activity indicates potential churn risk.
General Engagement,Customer,CUST02815,Need Attention,LOW,Send personalized service updates and relevant offers.,Maintain customer engagement without excessive marketing cost.
Win-back Campaign,Customer,CUST02816,At Risk,HIGH,Launch a personalized win-back campaign with a targeted discount.,Customer activity indicates potential churn risk.
Loyalty Campaign,Customer,CUST02817,Loyal Customers,HIGH,"Provide loyalty points, member benefits and personalized offers.",Repeated booking behavior indicates strong customer engagement.
General Engagement,Customer,CUST02818,Need Attention,LOW,Send personalized service updates and relevant offers.,Maintain customer engagement without excessive marketing cost.
General Engagement,Customer,CUST02819,Need Attention,LOW,Send personalized service updates and relevant offers.,Maintain customer engagement without excessive marketing cost.
Loyalty Rewards,Customer,CUST02820,Champions,HIGH,"Offer loyalty rewards, premium benefits and referral incentives.",High-value customers are likely to respond well to retention programs.
Win-back Campaign,Customer,CUST02821,At Risk,HIGH,Launch a personalized win-back campaign with a targeted discount.,Customer activity indicates potential churn risk.
Win-back Campaign,Customer,CUST02822,At Risk,HIGH,Launch a personalized win-back campaign with a targeted discount.,Customer activity indicates potential churn risk.
Loyalty Rewards,Customer,CUST02823,Champions,HIGH,"Offer loyalty rewards, premium benefits and referral incentives.",High-value customers are likely to respond well to retention programs.
Second Booking Campaign,Customer,CUST02824,New Customers,MEDIUM,Offer a first-repeat booking incentive.,The customer should be encouraged to make a second booking.
Loyalty Rewards,Customer,CUST02825,Champions,HIGH,"Offer loyalty rewards, premium benefits and referral incentives.",High-value customers are likely to respond well to retention programs.
Win-back Campaign,Customer,CUST02826,At Risk,HIGH,Launch a personalized win-back campaign with a targeted discount.,Customer activity indicates potential churn risk.
Reactivation Campaign,Customer,CUST02827,Lost Customers,MEDIUM,Send a reactivation offer and highlight relevant routes or services.,Customer activity has declined significantly.
General Engagement,Customer,CUST02828,Big Spenders,LOW,Send personalized service updates and relevant offers.,Maintain customer engagement without excessive marketing cost.
Win-back Campaign,Customer,CUST02829,At Risk,HIGH,Launch a personalized win-back campaign with a targeted discount.,Customer activity indicates potential churn risk.
General Engagement,Customer,CUST02830,Big Spenders,LOW,Send personalized service updates and relevant offers.,Maintain customer engagement without excessive marketing cost.
Loyalty Rewards,Customer,CUST02831,Champions,HIGH,"Offer loyalty rewards, premium benefits and referral incentives.",High-value customers are likely to respond well to retention programs.
Win-back Campaign,Customer,CUST02832,At Risk,HIGH,Launch a personalized win-back campaign with a targeted discount.,Customer activity indicates potential churn risk.
General Engagement,Customer,CUST02833,Need Attention,LOW,Send personalized service updates and relevant offers.,Maintain customer engagement without excessive marketing cost.
Second Booking Campaign,Customer,CUST02834,New Customers,MEDIUM,Offer a first-repeat booking incentive.,The customer should be encouraged to make a second booking.
Loyalty Rewards,Customer,CUST02835,Champions,HIGH,"Offer loyalty rewards, premium benefits and referral incentives.",High-value customers are likely to respond well to retention programs.
General Engagement,Customer,CUST02836,Big Spenders,LOW,Send personalized service updates and relevant offers.,Maintain customer engagement without excessive marketing cost.
Loyalty Campaign,Customer,CUST02837,Potential Loyalists,HIGH,"Provide loyalty points, member benefits and personalized offers.",Repeated booking behavior indicates strong customer engagement.
Reactivation Campaign,Customer,CUST02838,Lost Customers,MEDIUM,Send a reactivation offer and highlight relevant routes or services.,Customer activity has declined significantly.
Loyalty Rewards,Customer,CUST02839,Champions,HIGH,"Offer loyalty rewards, premium benefits and referral incentives.",High-value customers are likely to respond well to retention programs.
Loyalty Campaign,Customer,CUST02841,Loyal Customers,HIGH,"Provide loyalty points, member benefits and personalized offers.",Repeated booking behavior indicates strong customer engagement.
Loyalty Rewards,Customer,CUST02842,Champions,HIGH,"Offer loyalty rewards, premium benefits and referral incentives.",High-value customers are likely to respond well to retention programs.
Loyalty Rewards,Customer,CUST02843,Champions,HIGH,"Offer loyalty rewards, premium benefits and referral incentives.",High-value customers are likely to respond well to retention programs.
Reactivation Campaign,Customer,CUST02844,Lost Customers,MEDIUM,Send a reactivation offer and highlight relevant routes or services.,Customer activity has declined significantly.
Loyalty Rewards,Customer,CUST02845,Champions,HIGH,"Offer loyalty rewards, premium benefits and referral incentives.",High-value customers are likely to respond well to retention programs.
Loyalty Campaign,Customer,CUST02846,Loyal Customers,HIGH,"Provide loyalty points, member benefits and personalized offers.",Repeated booking behavior indicates strong customer engagement.
Loyalty Campaign,Customer,CUST02847,Potential Loyalists,HIGH,"Provide loyalty points, member benefits and personalized offers.",Repeated booking behavior indicates strong customer engagement.
General Engagement,Customer,CUST02848,Need Attention,LOW,Send personalized service updates and relevant offers.,Maintain customer engagement without excessive marketing cost.
Loyalty Campaign,Customer,CUST02849,Loyal Customers,HIGH,"Provide loyalty points, member benefits and personalized offers.",Repeated booking behavior indicates strong customer engagement.
Reactivation Campaign,Customer,CUST02850,Lost Customers,MEDIUM,Send a reactivation offer and highlight relevant routes or services.,Customer activity has declined significantly.
Loyalty Campaign,Customer,CUST02851,Potential Loyalists,HIGH,"Provide loyalty points, member benefits and personalized offers.",Repeated booking behavior indicates strong customer engagement.
Win-back Campaign,Customer,CUST02852,At Risk,HIGH,Launch a personalized win-back campaign with a targeted discount.,Customer activity indicates potential churn risk.
General Engagement,Customer,CUST02853,Need Attention,LOW,Send personalized service updates and relevant offers.,Maintain customer engagement without excessive marketing cost.
General Engagement,Customer,CUST02854,Need Attention,LOW,Send personalized service updates and relevant offers.,Maintain customer engagement without excessive marketing cost.
Loyalty Rewards,Customer,CUST02856,Champions,HIGH,"Offer loyalty rewards, premium benefits and referral incentives.",High-value customers are likely to respond well to retention programs.
Loyalty Campaign,Customer,CUST02857,Potential Loyalists,HIGH,"Provide loyalty points, member benefits and personalized offers.",Repeated booking behavior indicates strong customer engagement.
Win-back Campaign,Customer,CUST02858,At Risk,HIGH,Launch a personalized win-back campaign with a targeted discount.,Customer activity indicates potential churn risk.
Win-back Campaign,Customer,CUST02859,At Risk,HIGH,Launch a personalized win-back campaign with a targeted discount.,Customer activity indicates potential churn risk.
Reactivation Campaign,Customer,CUST02860,Lost Customers,MEDIUM,Send a reactivation offer and highlight relevant routes or services.,Customer activity has declined significantly.
Loyalty Rewards,Customer,CUST02861,Champions,HIGH,"Offer loyalty rewards, premium benefits and referral incentives.",High-value customers are likely to respond well to retention programs.
Reactivation Campaign,Customer,CUST02862,Lost Customers,MEDIUM,Send a reactivation offer and highlight relevant routes or services.,Customer activity has declined significantly.
Loyalty Campaign,Customer,CUST02863,Loyal Customers,HIGH,"Provide loyalty points, member benefits and personalized offers.",Repeated booking behavior indicates strong customer engagement.
General Engagement,Customer,CUST02864,Need Attention,LOW,Send personalized service updates and relevant offers.,Maintain customer engagement without excessive marketing cost.
Win-back Campaign,Customer,CUST02866,At Risk,HIGH,Launch a personalized win-back campaign with a targeted discount.,Customer activity indicates potential churn risk.
Loyalty Rewards,Customer,CUST02867,Champions,HIGH,"Offer loyalty rewards, premium benefits and referral incentives.",High-value customers are likely to respond well to retention programs.
Reactivation Campaign,Customer,CUST02868,Lost Customers,MEDIUM,Send a reactivation offer and highlight relevant routes or services.,Customer activity has declined significantly.
Loyalty Campaign,Customer,CUST02869,Potential Loyalists,HIGH,"Provide loyalty points, member benefits and personalized offers.",Repeated booking behavior indicates strong customer engagement.
Reactivation Campaign,Customer,CUST02870,Lost Customers,MEDIUM,Send a reactivation offer and highlight relevant routes or services.,Customer activity has declined significantly.
General Engagement,Customer,CUST02871,Need Attention,LOW,Send personalized service updates and relevant offers.,Maintain customer engagement without excessive marketing cost.
Loyalty Rewards,Customer,CUST02872,Champions,HIGH,"Offer loyalty rewards, premium benefits and referral incentives.",High-value customers are likely to respond well to retention programs.
Loyalty Rewards,Customer,CUST02873,Champions,HIGH,"Offer loyalty rewards, premium benefits and referral incentives.",High-value customers are likely to respond well to retention programs.
Loyalty Campaign,Customer,CUST02874,Potential Loyalists,HIGH,"Provide loyalty points, member benefits and personalized offers.",Repeated booking behavior indicates strong customer engagement.
Loyalty Campaign,Customer,CUST02875,Loyal Customers,HIGH,"Provide loyalty points, member benefits and personalized offers.",Repeated booking behavior indicates strong customer engagement.
General Engagement,Customer,CUST02876,Big Spenders,LOW,Send personalized service updates and relevant offers.,Maintain customer engagement without excessive marketing cost.
Loyalty Rewards,Customer,CUST02877,Champions,HIGH,"Offer loyalty rewards, premium benefits and referral incentives.",High-value customers are likely to respond well to retention programs.
Win-back Campaign,Customer,CUST02879,At Risk,HIGH,Launch a personalized win-back campaign with a targeted discount.,Customer activity indicates potential churn risk.
General Engagement,Customer,CUST02880,Need Attention,LOW,Send personalized service updates and relevant offers.,Maintain customer engagement without excessive marketing cost.
General Engagement,Customer,CUST02881,Need Attention,LOW,Send personalized service updates and relevant offers.,Maintain customer engagement without excessive marketing cost.
General Engagement,Customer,CUST02882,Need Attention,LOW,Send personalized service updates and relevant offers.,Maintain customer engagement without excessive marketing cost.
Reactivation Campaign,Customer,CUST02883,Lost Customers,MEDIUM,Send a reactivation offer and highlight relevant routes or services.,Customer activity has declined significantly.
Reactivation Campaign,Customer,CUST02884,Lost Customers,MEDIUM,Send a reactivation offer and highlight relevant routes or services.,Customer activity has declined significantly.
Reactivation Campaign,Customer,CUST02885,Lost Customers,MEDIUM,Send a reactivation offer and highlight relevant routes or services.,Customer activity has declined significantly.
Loyalty Rewards,Customer,CUST02886,Champions,HIGH,"Offer loyalty rewards, premium benefits and referral incentives.",High-value customers are likely to respond well to retention programs.
Loyalty Campaign,Customer,CUST02887,Loyal Customers,HIGH,"Provide loyalty points, member benefits and personalized offers.",Repeated booking behavior indicates strong customer engagement.
Loyalty Campaign,Customer,CUST02888,Potential Loyalists,HIGH,"Provide loyalty points, member benefits and personalized offers.",Repeated booking behavior indicates strong customer engagement.
Loyalty Rewards,Customer,CUST02889,Champions,HIGH,"Offer loyalty rewards, premium benefits and referral incentives.",High-value customers are likely to respond well to retention programs.
Win-back Campaign,Customer,CUST02890,At Risk,HIGH,Launch a personalized win-back campaign with a targeted discount.,Customer activity indicates potential churn risk.
Reactivation Campaign,Customer,CUST02891,Lost Customers,MEDIUM,Send a reactivation offer and highlight relevant routes or services.,Customer activity has declined significantly.
General Engagement,Customer,CUST02892,Need Attention,LOW,Send personalized service updates and relevant offers.,Maintain customer engagement without excessive marketing cost.
General Engagement,Customer,CUST02893,Need Attention,LOW,Send personalized service updates and relevant offers.,Maintain customer engagement without excessive marketing cost.
Loyalty Campaign,Customer,CUST02894,Loyal Customers,HIGH,"Provide loyalty points, member benefits and personalized offers.",Repeated booking behavior indicates strong customer engagement.
General Engagement,Customer,CUST02895,Need Attention,LOW,Send personalized service updates and relevant offers.,Maintain customer engagement without excessive marketing cost.
Reactivation Campaign,Customer,CUST02896,Lost Customers,MEDIUM,Send a reactivation offer and highlight relevant routes or services.,Customer activity has declined significantly.
General Engagement,Customer,CUST02897,Need Attention,LOW,Send personalized service updates and relevant offers.,Maintain customer engagement without excessive marketing cost.
Win-back Campaign,Customer,CUST02898,At Risk,HIGH,Launch a personalized win-back campaign with a targeted discount.,Customer activity indicates potential churn risk.
Loyalty Campaign,Customer,CUST02899,Potential Loyalists,HIGH,"Provide loyalty points, member benefits and personalized offers.",Repeated booking behavior indicates strong customer engagement.
Loyalty Campaign,Customer,CUST02900,Loyal Customers,HIGH,"Provide loyalty points, member benefits and personalized offers.",Repeated booking behavior indicates strong customer engagement.
General Engagement,Customer,CUST02901,Big Spenders,LOW,Send personalized service updates and relevant offers.,Maintain customer engagement without excessive marketing cost.
Win-back Campaign,Customer,CUST02902,At Risk,HIGH,Launch a personalized win-back campaign with a targeted discount.,Customer activity indicates potential churn risk.
Loyalty Campaign,Customer,CUST02903,Potential Loyalists,HIGH,"Provide loyalty points, member benefits and personalized offers.",Repeated booking behavior indicates strong customer engagement.
Win-back Campaign,Customer,CUST02904,At Risk,HIGH,Launch a personalized win-back campaign with a targeted discount.,Customer activity indicates potential churn risk.
Loyalty Rewards,Customer,CUST02905,Champions,HIGH,"Offer loyalty rewards, premium benefits and referral incentives.",High-value customers are likely to respond well to retention programs.
Loyalty Campaign,Customer,CUST02906,Loyal Customers,HIGH,"Provide loyalty points, member benefits and personalized offers.",Repeated booking behavior indicates strong customer engagement.
General Engagement,Customer,CUST02907,Need Attention,LOW,Send personalized service updates and relevant offers.,Maintain customer engagement without excessive marketing cost.
Loyalty Campaign,Customer,CUST02908,Potential Loyalists,HIGH,"Provide loyalty points, member benefits and personalized offers.",Repeated booking behavior indicates strong customer engagement.
Loyalty Campaign,Customer,CUST02909,Loyal Customers,HIGH,"Provide loyalty points, member benefits and personalized offers.",Repeated booking behavior indicates strong customer engagement.
Reactivation Campaign,Customer,CUST02910,Lost Customers,MEDIUM,Send a reactivation offer and highlight relevant routes or services.,Customer activity has declined significantly.
Win-back Campaign,Customer,CUST02911,At Risk,HIGH,Launch a personalized win-back campaign with a targeted discount.,Customer activity indicates potential churn risk.
General Engagement,Customer,CUST02912,Need Attention,LOW,Send personalized service updates and relevant offers.,Maintain customer engagement without excessive marketing cost.
Loyalty Campaign,Customer,CUST02913,Loyal Customers,HIGH,"Provide loyalty points, member benefits and personalized offers.",Repeated booking behavior indicates strong customer engagement.
Win-back Campaign,Customer,CUST02914,At Risk,HIGH,Launch a personalized win-back campaign with a targeted discount.,Customer activity indicates potential churn risk.
Win-back Campaign,Customer,CUST02915,At Risk,HIGH,Launch a personalized win-back campaign with a targeted discount.,Customer activity indicates potential churn risk.
Loyalty Rewards,Customer,CUST02916,Champions,HIGH,"Offer loyalty rewards, premium benefits and referral incentives.",High-value customers are likely to respond well to retention programs.
General Engagement,Customer,CUST02917,Need Attention,LOW,Send personalized service updates and relevant offers.,Maintain customer engagement without excessive marketing cost.
Second Booking Campaign,Customer,CUST02918,New Customers,MEDIUM,Offer a first-repeat booking incentive.,The customer should be encouraged to make a second booking.
Win-back Campaign,Customer,CUST02919,At Risk,HIGH,Launch a personalized win-back campaign with a targeted discount.,Customer activity indicates potential churn risk.
Win-back Campaign,Customer,CUST02920,At Risk,HIGH,Launch a personalized win-back campaign with a targeted discount.,Customer activity indicates potential churn risk.
General Engagement,Customer,CUST02921,Need Attention,LOW,Send personalized service updates and relevant offers.,Maintain customer engagement without excessive marketing cost.
General Engagement,Customer,CUST02922,Need Attention,LOW,Send personalized service updates and relevant offers.,Maintain customer engagement without excessive marketing cost.
Reactivation Campaign,Customer,CUST02923,Lost Customers,MEDIUM,Send a reactivation offer and highlight relevant routes or services.,Customer activity has declined significantly.
General Engagement,Customer,CUST02924,Big Spenders,LOW,Send personalized service updates and relevant offers.,Maintain customer engagement without excessive marketing cost.
Reactivation Campaign,Customer,CUST02926,Lost Customers,MEDIUM,Send a reactivation offer and highlight relevant routes or services.,Customer activity has declined significantly.
Second Booking Campaign,Customer,CUST02927,New Customers,MEDIUM,Offer a first-repeat booking incentive.,The customer should be encouraged to make a second booking.
Loyalty Campaign,Customer,CUST02928,Potential Loyalists,HIGH,"Provide loyalty points, member benefits and personalized offers.",Repeated booking behavior indicates strong customer engagement.
Reactivation Campaign,Customer,CUST02929,Lost Customers,MEDIUM,Send a reactivation offer and highlight relevant routes or services.,Customer activity has declined significantly.
Reactivation Campaign,Customer,CUST02930,Lost Customers,MEDIUM,Send a reactivation offer and highlight relevant routes or services.,Customer activity has declined significantly.
Loyalty Rewards,Customer,CUST02931,Champions,HIGH,"Offer loyalty rewards, premium benefits and referral incentives.",High-value customers are likely to respond well to retention programs.
Win-back Campaign,Customer,CUST02932,At Risk,HIGH,Launch a personalized win-back campaign with a targeted discount.,Customer activity indicates potential churn risk.
Reactivation Campaign,Customer,CUST02933,Lost Customers,MEDIUM,Send a reactivation offer and highlight relevant routes or services.,Customer activity has declined significantly.
Loyalty Rewards,Customer,CUST02934,Champions,HIGH,"Offer loyalty rewards, premium benefits and referral incentives.",High-value customers are likely to respond well to retention programs.
Win-back Campaign,Customer,CUST02935,At Risk,HIGH,Launch a personalized win-back campaign with a targeted discount.,Customer activity indicates potential churn risk.
Win-back Campaign,Customer,CUST02936,At Risk,HIGH,Launch a personalized win-back campaign with a targeted discount.,Customer activity indicates potential churn risk.
Loyalty Campaign,Customer,CUST02937,Loyal Customers,HIGH,"Provide loyalty points, member benefits and personalized offers.",Repeated booking behavior indicates strong customer engagement.
Loyalty Rewards,Customer,CUST02938,Champions,HIGH,"Offer loyalty rewards, premium benefits and referral incentives.",High-value customers are likely to respond well to retention programs.
General Engagement,Customer,CUST02939,Need Attention,LOW,Send personalized service updates and relevant offers.,Maintain customer engagement without excessive marketing cost.
Loyalty Rewards,Customer,CUST02940,Champions,HIGH,"Offer loyalty rewards, premium benefits and referral incentives.",High-value customers are likely to respond well to retention programs.
Win-back Campaign,Customer,CUST02941,At Risk,HIGH,Launch a personalized win-back campaign with a targeted discount.,Customer activity indicates potential churn risk.
General Engagement,Customer,CUST02942,Big Spenders,LOW,Send personalized service updates and relevant offers.,Maintain customer engagement without excessive marketing cost.
Loyalty Rewards,Customer,CUST02943,Champions,HIGH,"Offer loyalty rewards, premium benefits and referral incentives.",High-value customers are likely to respond well to retention programs.
Win-back Campaign,Customer,CUST02944,At Risk,HIGH,Launch a personalized win-back campaign with a targeted discount.,Customer activity indicates potential churn risk.
Loyalty Rewards,Customer,CUST02945,Champions,HIGH,"Offer loyalty rewards, premium benefits and referral incentives.",High-value customers are likely to respond well to retention programs.
Reactivation Campaign,Customer,CUST02946,Lost Customers,MEDIUM,Send a reactivation offer and highlight relevant routes or services.,Customer activity has declined significantly.
Loyalty Campaign,Customer,CUST02947,Loyal Customers,HIGH,"Provide loyalty points, member benefits and personalized offers.",Repeated booking behavior indicates strong customer engagement.
Win-back Campaign,Customer,CUST02948,At Risk,HIGH,Launch a personalized win-back campaign with a targeted discount.,Customer activity indicates potential churn risk.
Win-back Campaign,Customer,CUST02949,At Risk,HIGH,Launch a personalized win-back campaign with a targeted discount.,Customer activity indicates potential churn risk.
Loyalty Rewards,Customer,CUST02950,Champions,HIGH,"Offer loyalty rewards, premium benefits and referral incentives.",High-value customers are likely to respond well to retention programs.
Reactivation Campaign,Customer,CUST02951,Lost Customers,MEDIUM,Send a reactivation offer and highlight relevant routes or services.,Customer activity has declined significantly.
Reactivation Campaign,Customer,CUST02952,Lost Customers,MEDIUM,Send a reactivation offer and highlight relevant routes or services.,Customer activity has declined significantly.
Loyalty Campaign,Customer,CUST02953,Loyal Customers,HIGH,"Provide loyalty points, member benefits and personalized offers.",Repeated booking behavior indicates strong customer engagement.
Loyalty Campaign,Customer,CUST02954,Potential Loyalists,HIGH,"Provide loyalty points, member benefits and personalized offers.",Repeated booking behavior indicates strong customer engagement.
Win-back Campaign,Customer,CUST02955,At Risk,HIGH,Launch a personalized win-back campaign with a targeted discount.,Customer activity indicates potential churn risk.
Reactivation Campaign,Customer,CUST02956,Lost Customers,MEDIUM,Send a reactivation offer and highlight relevant routes or services.,Customer activity has declined significantly.
Loyalty Campaign,Customer,CUST02957,Loyal Customers,HIGH,"Provide loyalty points, member benefits and personalized offers.",Repeated booking behavior indicates strong customer engagement.
Loyalty Campaign,Customer,CUST02958,Loyal Customers,HIGH,"Provide loyalty points, member benefits and personalized offers.",Repeated booking behavior indicates strong customer engagement.
Win-back Campaign,Customer,CUST02959,At Risk,HIGH,Launch a personalized win-back campaign with a targeted discount.,Customer activity indicates potential churn risk.
General Engagement,Customer,CUST02960,Need Attention,LOW,Send personalized service updates and relevant offers.,Maintain customer engagement without excessive marketing cost.
General Engagement,Customer,CUST02961,Need Attention,LOW,Send personalized service updates and relevant offers.,Maintain customer engagement without excessive marketing cost.
Loyalty Campaign,Customer,CUST02962,Potential Loyalists,HIGH,"Provide loyalty points, member benefits and personalized offers.",Repeated booking behavior indicates strong customer engagement.
Loyalty Rewards,Customer,CUST02963,Champions,HIGH,"Offer loyalty rewards, premium benefits and referral incentives.",High-value customers are likely to respond well to retention programs.
Reactivation Campaign,Customer,CUST02964,Lost Customers,MEDIUM,Send a reactivation offer and highlight relevant routes or services.,Customer activity has declined significantly.
Win-back Campaign,Customer,CUST02965,At Risk,HIGH,Launch a personalized win-back campaign with a targeted discount.,Customer activity indicates potential churn risk.
Loyalty Rewards,Customer,CUST02966,Champions,HIGH,"Offer loyalty rewards, premium benefits and referral incentives.",High-value customers are likely to respond well to retention programs.
Win-back Campaign,Customer,CUST02967,At Risk,HIGH,Launch a personalized win-back campaign with a targeted discount.,Customer activity indicates potential churn risk.
Reactivation Campaign,Customer,CUST02968,Lost Customers,MEDIUM,Send a reactivation offer and highlight relevant routes or services.,Customer activity has declined significantly.
Loyalty Campaign,Customer,CUST02969,Potential Loyalists,HIGH,"Provide loyalty points, member benefits and personalized offers.",Repeated booking behavior indicates strong customer engagement.
General Engagement,Customer,CUST02971,Need Attention,LOW,Send personalized service updates and relevant offers.,Maintain customer engagement without excessive marketing cost.
Loyalty Campaign,Customer,CUST02972,Potential Loyalists,HIGH,"Provide loyalty points, member benefits and personalized offers.",Repeated booking behavior indicates strong customer engagement.
General Engagement,Customer,CUST02973,Need Attention,LOW,Send personalized service updates and relevant offers.,Maintain customer engagement without excessive marketing cost.
Win-back Campaign,Customer,CUST02974,At Risk,HIGH,Launch a personalized win-back campaign with a targeted discount.,Customer activity indicates potential churn risk.
General Engagement,Customer,CUST02975,Big Spenders,LOW,Send personalized service updates and relevant offers.,Maintain customer engagement without excessive marketing cost.
Win-back Campaign,Customer,CUST02976,At Risk,HIGH,Launch a personalized win-back campaign with a targeted discount.,Customer activity indicates potential churn risk.
Reactivation Campaign,Customer,CUST02977,Lost Customers,MEDIUM,Send a reactivation offer and highlight relevant routes or services.,Customer activity has declined significantly.
Loyalty Rewards,Customer,CUST02978,Champions,HIGH,"Offer loyalty rewards, premium benefits and referral incentives.",High-value customers are likely to respond well to retention programs.
Loyalty Campaign,Customer,CUST02979,Potential Loyalists,HIGH,"Provide loyalty points, member benefits and personalized offers.",Repeated booking behavior indicates strong customer engagement.
Loyalty Campaign,Customer,CUST02980,Potential Loyalists,HIGH,"Provide loyalty points, member benefits and personalized offers.",Repeated booking behavior indicates strong customer engagement.
Loyalty Rewards,Customer,CUST02982,Champions,HIGH,"Offer loyalty rewards, premium benefits and referral incentives.",High-value customers are likely to respond well to retention programs.
Loyalty Rewards,Customer,CUST02983,Champions,HIGH,"Offer loyalty rewards, premium benefits and referral incentives.",High-value customers are likely to respond well to retention programs.
Loyalty Rewards,Customer,CUST02984,Champions,HIGH,"Offer loyalty rewards, premium benefits and referral incentives.",High-value customers are likely to respond well to retention programs.
Loyalty Campaign,Customer,CUST02985,Loyal Customers,HIGH,"Provide loyalty points, member benefits and personalized offers.",Repeated booking behavior indicates strong customer engagement.
Loyalty Campaign,Customer,CUST02986,Potential Loyalists,HIGH,"Provide loyalty points, member benefits and personalized offers.",Repeated booking behavior indicates strong customer engagement.
General Engagement,Customer,CUST02987,Need Attention,LOW,Send personalized service updates and relevant offers.,Maintain customer engagement without excessive marketing cost.
Loyalty Rewards,Customer,CUST02988,Champions,HIGH,"Offer loyalty rewards, premium benefits and referral incentives.",High-value customers are likely to respond well to retention programs.
Win-back Campaign,Customer,CUST02989,At Risk,HIGH,Launch a personalized win-back campaign with a targeted discount.,Customer activity indicates potential churn risk.
Win-back Campaign,Customer,CUST02990,At Risk,HIGH,Launch a personalized win-back campaign with a targeted discount.,Customer activity indicates potential churn risk.
Loyalty Rewards,Customer,CUST02991,Champions,HIGH,"Offer loyalty rewards, premium benefits and referral incentives.",High-value customers are likely to respond well to retention programs.
Win-back Campaign,Customer,CUST02992,At Risk,HIGH,Launch a personalized win-back campaign with a targeted discount.,Customer activity indicates potential churn risk.
Loyalty Campaign,Customer,CUST02993,Loyal Customers,HIGH,"Provide loyalty points, member benefits and personalized offers.",Repeated booking behavior indicates strong customer engagement.
Loyalty Rewards,Customer,CUST02994,Champions,HIGH,"Offer loyalty rewards, premium benefits and referral incentives.",High-value customers are likely to respond well to retention programs.
Win-back Campaign,Customer,CUST02995,At Risk,HIGH,Launch a personalized win-back campaign with a targeted discount.,Customer activity indicates potential churn risk.
Loyalty Campaign,Customer,CUST02996,Potential Loyalists,HIGH,"Provide loyalty points, member benefits and personalized offers.",Repeated booking behavior indicates strong customer engagement.
Loyalty Rewards,Customer,CUST02997,Champions,HIGH,"Offer loyalty rewards, premium benefits and referral incentives.",High-value customers are likely to respond well to retention programs.
Win-back Campaign,Customer,CUST02998,At Risk,HIGH,Launch a personalized win-back campaign with a targeted discount.,Customer activity indicates potential churn risk.
Loyalty Campaign,Customer,CUST02999,Potential Loyalists,HIGH,"Provide loyalty points, member benefits and personalized offers.",Repeated booking behavior indicates strong customer engagement.
Reactivation Campaign,Customer,CUST03000,Lost Customers,MEDIUM,Send a reactivation offer and highlight relevant routes or services.,Customer activity has declined significantly.
Loyalty Campaign,Customer,CUST03001,Loyal Customers,HIGH,"Provide loyalty points, member benefits and personalized offers.",Repeated booking behavior indicates strong customer engagement.
Loyalty Rewards,Customer,CUST03002,Champions,HIGH,"Offer loyalty rewards, premium benefits and referral incentives.",High-value customers are likely to respond well to retention programs.
Second Booking Campaign,Customer,CUST03003,New Customers,MEDIUM,Offer a first-repeat booking incentive.,The customer should be encouraged to make a second booking.
Loyalty Rewards,Customer,CUST03004,Champions,HIGH,"Offer loyalty rewards, premium benefits and referral incentives.",High-value customers are likely to respond well to retention programs.
Win-back Campaign,Customer,CUST03005,At Risk,HIGH,Launch a personalized win-back campaign with a targeted discount.,Customer activity indicates potential churn risk.
Win-back Campaign,Customer,CUST03006,At Risk,HIGH,Launch a personalized win-back campaign with a targeted discount.,Customer activity indicates potential churn risk.
Reactivation Campaign,Customer,CUST03007,Lost Customers,MEDIUM,Send a reactivation offer and highlight relevant routes or services.,Customer activity has declined significantly.
Loyalty Campaign,Customer,CUST03009,Potential Loyalists,HIGH,"Provide loyalty points, member benefits and personalized offers.",Repeated booking behavior indicates strong customer engagement.
Second Booking Campaign,Customer,CUST03010,New Customers,MEDIUM,Offer a first-repeat booking incentive.,The customer should be encouraged to make a second booking.
General Engagement,Customer,CUST03011,Need Attention,LOW,Send personalized service updates and relevant offers.,Maintain customer engagement without excessive marketing cost.
Loyalty Campaign,Customer,CUST03012,Loyal Customers,HIGH,"Provide loyalty points, member benefits and personalized offers.",Repeated booking behavior indicates strong customer engagement.
Loyalty Campaign,Customer,CUST03013,Potential Loyalists,HIGH,"Provide loyalty points, member benefits and personalized offers.",Repeated booking behavior indicates strong customer engagement.
Loyalty Campaign,Customer,CUST03014,Loyal Customers,HIGH,"Provide loyalty points, member benefits and personalized offers.",Repeated booking behavior indicates strong customer engagement.
Loyalty Campaign,Customer,CUST03015,Loyal Customers,HIGH,"Provide loyalty points, member benefits and personalized offers.",Repeated booking behavior indicates strong customer engagement.
Loyalty Campaign,Customer,CUST03016,Potential Loyalists,HIGH,"Provide loyalty points, member benefits and personalized offers.",Repeated booking behavior indicates strong customer engagement.
General Engagement,Customer,CUST03017,Need Attention,LOW,Send personalized service updates and relevant offers.,Maintain customer engagement without excessive marketing cost.
Second Booking Campaign,Customer,CUST03018,New Customers,MEDIUM,Offer a first-repeat booking incentive.,The customer should be encouraged to make a second booking.
General Engagement,Customer,CUST03019,Need Attention,LOW,Send personalized service updates and relevant offers.,Maintain customer engagement without excessive marketing cost.
Loyalty Campaign,Customer,CUST03020,Loyal Customers,HIGH,"Provide loyalty points, member benefits and personalized offers.",Repeated booking behavior indicates strong customer engagement.
Loyalty Campaign,Customer,CUST03021,Loyal Customers,HIGH,"Provide loyalty points, member benefits and personalized offers.",Repeated booking behavior indicates strong customer engagement.
Loyalty Campaign,Customer,CUST03022,Loyal Customers,HIGH,"Provide loyalty points, member benefits and personalized offers.",Repeated booking behavior indicates strong customer engagement.
Reactivation Campaign,Customer,CUST03023,Lost Customers,MEDIUM,Send a reactivation offer and highlight relevant routes or services.,Customer activity has declined significantly.
Loyalty Rewards,Customer,CUST03024,Champions,HIGH,"Offer loyalty rewards, premium benefits and referral incentives.",High-value customers are likely to respond well to retention programs.
Win-back Campaign,Customer,CUST03025,At Risk,HIGH,Launch a personalized win-back campaign with a targeted discount.,Customer activity indicates potential churn risk.
General Engagement,Customer,CUST03026,Big Spenders,LOW,Send personalized service updates and relevant offers.,Maintain customer engagement without excessive marketing cost.
General Engagement,Customer,CUST03027,Big Spenders,LOW,Send personalized service updates and relevant offers.,Maintain customer engagement without excessive marketing cost.
Win-back Campaign,Customer,CUST03028,At Risk,HIGH,Launch a personalized win-back campaign with a targeted discount.,Customer activity indicates potential churn risk.
Loyalty Campaign,Customer,CUST03029,Potential Loyalists,HIGH,"Provide loyalty points, member benefits and personalized offers.",Repeated booking behavior indicates strong customer engagement.
Loyalty Campaign,Customer,CUST03030,Loyal Customers,HIGH,"Provide loyalty points, member benefits and personalized offers.",Repeated booking behavior indicates strong customer engagement.
Win-back Campaign,Customer,CUST03031,At Risk,HIGH,Launch a personalized win-back campaign with a targeted discount.,Customer activity indicates potential churn risk.
Loyalty Campaign,Customer,CUST03032,Loyal Customers,HIGH,"Provide loyalty points, member benefits and personalized offers.",Repeated booking behavior indicates strong customer engagement.
Win-back Campaign,Customer,CUST03033,At Risk,HIGH,Launch a personalized win-back campaign with a targeted discount.,Customer activity indicates potential churn risk.
Loyalty Rewards,Customer,CUST03034,Champions,HIGH,"Offer loyalty rewards, premium benefits and referral incentives.",High-value customers are likely to respond well to retention programs.
General Engagement,Customer,CUST03035,Need Attention,LOW,Send personalized service updates and relevant offers.,Maintain customer engagement without excessive marketing cost.
Loyalty Campaign,Customer,CUST03036,Loyal Customers,HIGH,"Provide loyalty points, member benefits and personalized offers.",Repeated booking behavior indicates strong customer engagement.
General Engagement,Customer,CUST03037,Need Attention,LOW,Send personalized service updates and relevant offers.,Maintain customer engagement without excessive marketing cost.
General Engagement,Customer,CUST03038,Need Attention,LOW,Send personalized service updates and relevant offers.,Maintain customer engagement without excessive marketing cost.
Loyalty Rewards,Customer,CUST03039,Champions,HIGH,"Offer loyalty rewards, premium benefits and referral incentives.",High-value customers are likely to respond well to retention programs.
Win-back Campaign,Customer,CUST03040,At Risk,HIGH,Launch a personalized win-back campaign with a targeted discount.,Customer activity indicates potential churn risk.
Win-back Campaign,Customer,CUST03041,At Risk,HIGH,Launch a personalized win-back campaign with a targeted discount.,Customer activity indicates potential churn risk.
Loyalty Campaign,Customer,CUST03042,Loyal Customers,HIGH,"Provide loyalty points, member benefits and personalized offers.",Repeated booking behavior indicates strong customer engagement.
Loyalty Rewards,Customer,CUST03043,Champions,HIGH,"Offer loyalty rewards, premium benefits and referral incentives.",High-value customers are likely to respond well to retention programs.
Loyalty Campaign,Customer,CUST03044,Potential Loyalists,HIGH,"Provide loyalty points, member benefits and personalized offers.",Repeated booking behavior indicates strong customer engagement.
Win-back Campaign,Customer,CUST03045,At Risk,HIGH,Launch a personalized win-back campaign with a targeted discount.,Customer activity indicates potential churn risk.
Loyalty Campaign,Customer,CUST03046,Loyal Customers,HIGH,"Provide loyalty points, member benefits and personalized offers.",Repeated booking behavior indicates strong customer engagement.
Second Booking Campaign,Customer,CUST03047,New Customers,MEDIUM,Offer a first-repeat booking incentive.,The customer should be encouraged to make a second booking.
General Engagement,Customer,CUST03048,Need Attention,LOW,Send personalized service updates and relevant offers.,Maintain customer engagement without excessive marketing cost.
Loyalty Rewards,Customer,CUST03049,Champions,HIGH,"Offer loyalty rewards, premium benefits and referral incentives.",High-value customers are likely to respond well to retention programs.
Reactivation Campaign,Customer,CUST03050,Lost Customers,MEDIUM,Send a reactivation offer and highlight relevant routes or services.,Customer activity has declined significantly.
General Engagement,Customer,CUST03051,Need Attention,LOW,Send personalized service updates and relevant offers.,Maintain customer engagement without excessive marketing cost.
Loyalty Rewards,Customer,CUST03052,Champions,HIGH,"Offer loyalty rewards, premium benefits and referral incentives.",High-value customers are likely to respond well to retention programs.
General Engagement,Customer,CUST03053,Need Attention,LOW,Send personalized service updates and relevant offers.,Maintain customer engagement without excessive marketing cost.
Win-back Campaign,Customer,CUST03054,At Risk,HIGH,Launch a personalized win-back campaign with a targeted discount.,Customer activity indicates potential churn risk.
Loyalty Rewards,Customer,CUST03055,Champions,HIGH,"Offer loyalty rewards, premium benefits and referral incentives.",High-value customers are likely to respond well to retention programs.
Loyalty Campaign,Customer,CUST03056,Loyal Customers,HIGH,"Provide loyalty points, member benefits and personalized offers.",Repeated booking behavior indicates strong customer engagement.
Reactivation Campaign,Customer,CUST03057,Lost Customers,MEDIUM,Send a reactivation offer and highlight relevant routes or services.,Customer activity has declined significantly.
Win-back Campaign,Customer,CUST03058,At Risk,HIGH,Launch a personalized win-back campaign with a targeted discount.,Customer activity indicates potential churn risk.
General Engagement,Customer,CUST03059,Big Spenders,LOW,Send personalized service updates and relevant offers.,Maintain customer engagement without excessive marketing cost.
Loyalty Rewards,Customer,CUST03060,Champions,HIGH,"Offer loyalty rewards, premium benefits and referral incentives.",High-value customers are likely to respond well to retention programs.
Loyalty Rewards,Customer,CUST03061,Champions,HIGH,"Offer loyalty rewards, premium benefits and referral incentives.",High-value customers are likely to respond well to retention programs.
Loyalty Campaign,Customer,CUST03062,Potential Loyalists,HIGH,"Provide loyalty points, member benefits and personalized offers.",Repeated booking behavior indicates strong customer engagement.
Loyalty Rewards,Customer,CUST03063,Champions,HIGH,"Offer loyalty rewards, premium benefits and referral incentives.",High-value customers are likely to respond well to retention programs.
Win-back Campaign,Customer,CUST03064,At Risk,HIGH,Launch a personalized win-back campaign with a targeted discount.,Customer activity indicates potential churn risk.
Loyalty Rewards,Customer,CUST03065,Champions,HIGH,"Offer loyalty rewards, premium benefits and referral incentives.",High-value customers are likely to respond well to retention programs.
Loyalty Campaign,Customer,CUST03066,Loyal Customers,HIGH,"Provide loyalty points, member benefits and personalized offers.",Repeated booking behavior indicates strong customer engagement.
Win-back Campaign,Customer,CUST03067,At Risk,HIGH,Launch a personalized win-back campaign with a targeted discount.,Customer activity indicates potential churn risk.
Win-back Campaign,Customer,CUST03068,At Risk,HIGH,Launch a personalized win-back campaign with a targeted discount.,Customer activity indicates potential churn risk.
Reactivation Campaign,Customer,CUST03069,Lost Customers,MEDIUM,Send a reactivation offer and highlight relevant routes or services.,Customer activity has declined significantly.
Loyalty Campaign,Customer,CUST03070,Loyal Customers,HIGH,"Provide loyalty points, member benefits and personalized offers.",Repeated booking behavior indicates strong customer engagement.
Win-back Campaign,Customer,CUST03071,At Risk,HIGH,Launch a personalized win-back campaign with a targeted discount.,Customer activity indicates potential churn risk.
General Engagement,Customer,CUST03072,Need Attention,LOW,Send personalized service updates and relevant offers.,Maintain customer engagement without excessive marketing cost.
Reactivation Campaign,Customer,CUST03073,Lost Customers,MEDIUM,Send a reactivation offer and highlight relevant routes or services.,Customer activity has declined significantly.
General Engagement,Customer,CUST03074,Need Attention,LOW,Send personalized service updates and relevant offers.,Maintain customer engagement without excessive marketing cost.
Reactivation Campaign,Customer,CUST03075,Lost Customers,MEDIUM,Send a reactivation offer and highlight relevant routes or services.,Customer activity has declined significantly.
Loyalty Campaign,Customer,CUST03076,Loyal Customers,HIGH,"Provide loyalty points, member benefits and personalized offers.",Repeated booking behavior indicates strong customer engagement.
Loyalty Campaign,Customer,CUST03077,Potential Loyalists,HIGH,"Provide loyalty points, member benefits and personalized offers.",Repeated booking behavior indicates strong customer engagement.
Loyalty Rewards,Customer,CUST03078,Champions,HIGH,"Offer loyalty rewards, premium benefits and referral incentives.",High-value customers are likely to respond well to retention programs.
Loyalty Rewards,Customer,CUST03079,Champions,HIGH,"Offer loyalty rewards, premium benefits and referral incentives.",High-value customers are likely to respond well to retention programs.
Loyalty Campaign,Customer,CUST03080,Potential Loyalists,HIGH,"Provide loyalty points, member benefits and personalized offers.",Repeated booking behavior indicates strong customer engagement.
Win-back Campaign,Customer,CUST03081,At Risk,HIGH,Launch a personalized win-back campaign with a targeted discount.,Customer activity indicates potential churn risk.
Loyalty Campaign,Customer,CUST03082,Loyal Customers,HIGH,"Provide loyalty points, member benefits and personalized offers.",Repeated booking behavior indicates strong customer engagement.
Loyalty Campaign,Customer,CUST03083,Loyal Customers,HIGH,"Provide loyalty points, member benefits and personalized offers.",Repeated booking behavior indicates strong customer engagement.
Loyalty Rewards,Customer,CUST03085,Champions,HIGH,"Offer loyalty rewards, premium benefits and referral incentives.",High-value customers are likely to respond well to retention programs.
Loyalty Campaign,Customer,CUST03086,Loyal Customers,HIGH,"Provide loyalty points, member benefits and personalized offers.",Repeated booking behavior indicates strong customer engagement.
Loyalty Campaign,Customer,CUST03087,Loyal Customers,HIGH,"Provide loyalty points, member benefits and personalized offers.",Repeated booking behavior indicates strong customer engagement.
Reactivation Campaign,Customer,CUST03088,Lost Customers,MEDIUM,Send a reactivation offer and highlight relevant routes or services.,Customer activity has declined significantly.
Loyalty Rewards,Customer,CUST03089,Champions,HIGH,"Offer loyalty rewards, premium benefits and referral incentives.",High-value customers are likely to respond well to retention programs.
Second Booking Campaign,Customer,CUST03090,New Customers,MEDIUM,Offer a first-repeat booking incentive.,The customer should be encouraged to make a second booking.
General Engagement,Customer,CUST03091,Big Spenders,LOW,Send personalized service updates and relevant offers.,Maintain customer engagement without excessive marketing cost.
Loyalty Campaign,Customer,CUST03092,Potential Loyalists,HIGH,"Provide loyalty points, member benefits and personalized offers.",Repeated booking behavior indicates strong customer engagement.
Win-back Campaign,Customer,CUST03093,At Risk,HIGH,Launch a personalized win-back campaign with a targeted discount.,Customer activity indicates potential churn risk.
Loyalty Campaign,Customer,CUST03094,Loyal Customers,HIGH,"Provide loyalty points, member benefits and personalized offers.",Repeated booking behavior indicates strong customer engagement.
Win-back Campaign,Customer,CUST03095,At Risk,HIGH,Launch a personalized win-back campaign with a targeted discount.,Customer activity indicates potential churn risk.
Win-back Campaign,Customer,CUST03096,At Risk,HIGH,Launch a personalized win-back campaign with a targeted discount.,Customer activity indicates potential churn risk.
General Engagement,Customer,CUST03097,Need Attention,LOW,Send personalized service updates and relevant offers.,Maintain customer engagement without excessive marketing cost.
Reactivation Campaign,Customer,CUST03098,Lost Customers,MEDIUM,Send a reactivation offer and highlight relevant routes or services.,Customer activity has declined significantly.
Second Booking Campaign,Customer,CUST03099,New Customers,MEDIUM,Offer a first-repeat booking incentive.,The customer should be encouraged to make a second booking.
Loyalty Campaign,Customer,CUST03100,Loyal Customers,HIGH,"Provide loyalty points, member benefits and personalized offers.",Repeated booking behavior indicates strong customer engagement.
Loyalty Campaign,Customer,CUST03101,Potential Loyalists,HIGH,"Provide loyalty points, member benefits and personalized offers.",Repeated booking behavior indicates strong customer engagement.
Reactivation Campaign,Customer,CUST03102,Lost Customers,MEDIUM,Send a reactivation offer and highlight relevant routes or services.,Customer activity has declined significantly.
Win-back Campaign,Customer,CUST03103,At Risk,HIGH,Launch a personalized win-back campaign with a targeted discount.,Customer activity indicates potential churn risk.
Loyalty Campaign,Customer,CUST03104,Loyal Customers,HIGH,"Provide loyalty points, member benefits and personalized offers.",Repeated booking behavior indicates strong customer engagement.
General Engagement,Customer,CUST03105,Need Attention,LOW,Send personalized service updates and relevant offers.,Maintain customer engagement without excessive marketing cost.
General Engagement,Customer,CUST03106,Need Attention,LOW,Send personalized service updates and relevant offers.,Maintain customer engagement without excessive marketing cost.
Win-back Campaign,Customer,CUST03107,At Risk,HIGH,Launch a personalized win-back campaign with a targeted discount.,Customer activity indicates potential churn risk.
Loyalty Campaign,Customer,CUST03108,Loyal Customers,HIGH,"Provide loyalty points, member benefits and personalized offers.",Repeated booking behavior indicates strong customer engagement.
Second Booking Campaign,Customer,CUST03109,New Customers,MEDIUM,Offer a first-repeat booking incentive.,The customer should be encouraged to make a second booking.
Win-back Campaign,Customer,CUST03110,At Risk,HIGH,Launch a personalized win-back campaign with a targeted discount.,Customer activity indicates potential churn risk.
Win-back Campaign,Customer,CUST03111,At Risk,HIGH,Launch a personalized win-back campaign with a targeted discount.,Customer activity indicates potential churn risk.
Loyalty Campaign,Customer,CUST03112,Loyal Customers,HIGH,"Provide loyalty points, member benefits and personalized offers.",Repeated booking behavior indicates strong customer engagement.
Loyalty Campaign,Customer,CUST03113,Loyal Customers,HIGH,"Provide loyalty points, member benefits and personalized offers.",Repeated booking behavior indicates strong customer engagement.
Loyalty Rewards,Customer,CUST03114,Champions,HIGH,"Offer loyalty rewards, premium benefits and referral incentives.",High-value customers are likely to respond well to retention programs.
Win-back Campaign,Customer,CUST03115,At Risk,HIGH,Launch a personalized win-back campaign with a targeted discount.,Customer activity indicates potential churn risk.
General Engagement,Customer,CUST03116,Need Attention,LOW,Send personalized service updates and relevant offers.,Maintain customer engagement without excessive marketing cost.
Loyalty Campaign,Customer,CUST03117,Loyal Customers,HIGH,"Provide loyalty points, member benefits and personalized offers.",Repeated booking behavior indicates strong customer engagement.
Loyalty Campaign,Customer,CUST03118,Loyal Customers,HIGH,"Provide loyalty points, member benefits and personalized offers.",Repeated booking behavior indicates strong customer engagement.
Win-back Campaign,Customer,CUST03119,At Risk,HIGH,Launch a personalized win-back campaign with a targeted discount.,Customer activity indicates potential churn risk.
General Engagement,Customer,CUST03120,Need Attention,LOW,Send personalized service updates and relevant offers.,Maintain customer engagement without excessive marketing cost.
Loyalty Campaign,Customer,CUST03121,Loyal Customers,HIGH,"Provide loyalty points, member benefits and personalized offers.",Repeated booking behavior indicates strong customer engagement.
Win-back Campaign,Customer,CUST03122,At Risk,HIGH,Launch a personalized win-back campaign with a targeted discount.,Customer activity indicates potential churn risk.
Win-back Campaign,Customer,CUST03123,At Risk,HIGH,Launch a personalized win-back campaign with a targeted discount.,Customer activity indicates potential churn risk.
General Engagement,Customer,CUST03124,Need Attention,LOW,Send personalized service updates and relevant offers.,Maintain customer engagement without excessive marketing cost.
Loyalty Rewards,Customer,CUST03125,Champions,HIGH,"Offer loyalty rewards, premium benefits and referral incentives.",High-value customers are likely to respond well to retention programs.
General Engagement,Customer,CUST03126,Need Attention,LOW,Send personalized service updates and relevant offers.,Maintain customer engagement without excessive marketing cost.
Loyalty Rewards,Customer,CUST03127,Champions,HIGH,"Offer loyalty rewards, premium benefits and referral incentives.",High-value customers are likely to respond well to retention programs.
Win-back Campaign,Customer,CUST03128,At Risk,HIGH,Launch a personalized win-back campaign with a targeted discount.,Customer activity indicates potential churn risk.
Loyalty Rewards,Customer,CUST03129,Champions,HIGH,"Offer loyalty rewards, premium benefits and referral incentives.",High-value customers are likely to respond well to retention programs.
Loyalty Rewards,Customer,CUST03130,Champions,HIGH,"Offer loyalty rewards, premium benefits and referral incentives.",High-value customers are likely to respond well to retention programs.
Loyalty Campaign,Customer,CUST03131,Potential Loyalists,HIGH,"Provide loyalty points, member benefits and personalized offers.",Repeated booking behavior indicates strong customer engagement.
Loyalty Rewards,Customer,CUST03132,Champions,HIGH,"Offer loyalty rewards, premium benefits and referral incentives.",High-value customers are likely to respond well to retention programs.
Loyalty Campaign,Customer,CUST03133,Loyal Customers,HIGH,"Provide loyalty points, member benefits and personalized offers.",Repeated booking behavior indicates strong customer engagement.
Win-back Campaign,Customer,CUST03134,At Risk,HIGH,Launch a personalized win-back campaign with a targeted discount.,Customer activity indicates potential churn risk.
Reactivation Campaign,Customer,CUST03135,Lost Customers,MEDIUM,Send a reactivation offer and highlight relevant routes or services.,Customer activity has declined significantly.
Loyalty Campaign,Customer,CUST03136,Loyal Customers,HIGH,"Provide loyalty points, member benefits and personalized offers.",Repeated booking behavior indicates strong customer engagement.
Loyalty Rewards,Customer,CUST03137,Champions,HIGH,"Offer loyalty rewards, premium benefits and referral incentives.",High-value customers are likely to respond well to retention programs.
General Engagement,Customer,CUST03138,Need Attention,LOW,Send personalized service updates and relevant offers.,Maintain customer engagement without excessive marketing cost.
Loyalty Rewards,Customer,CUST03139,Champions,HIGH,"Offer loyalty rewards, premium benefits and referral incentives.",High-value customers are likely to respond well to retention programs.
Loyalty Rewards,Customer,CUST03140,Champions,HIGH,"Offer loyalty rewards, premium benefits and referral incentives.",High-value customers are likely to respond well to retention programs.
Loyalty Campaign,Customer,CUST03141,Loyal Customers,HIGH,"Provide loyalty points, member benefits and personalized offers.",Repeated booking behavior indicates strong customer engagement.
Loyalty Rewards,Customer,CUST03142,Champions,HIGH,"Offer loyalty rewards, premium benefits and referral incentives.",High-value customers are likely to respond well to retention programs.
Loyalty Campaign,Customer,CUST03143,Loyal Customers,HIGH,"Provide loyalty points, member benefits and personalized offers.",Repeated booking behavior indicates strong customer engagement.
General Engagement,Customer,CUST03144,Need Attention,LOW,Send personalized service updates and relevant offers.,Maintain customer engagement without excessive marketing cost.
General Engagement,Customer,CUST03145,Need Attention,LOW,Send personalized service updates and relevant offers.,Maintain customer engagement without excessive marketing cost.
Win-back Campaign,Customer,CUST03146,At Risk,HIGH,Launch a personalized win-back campaign with a targeted discount.,Customer activity indicates potential churn risk.
General Engagement,Customer,CUST03147,Need Attention,LOW,Send personalized service updates and relevant offers.,Maintain customer engagement without excessive marketing cost.
Reactivation Campaign,Customer,CUST03148,Lost Customers,MEDIUM,Send a reactivation offer and highlight relevant routes or services.,Customer activity has declined significantly.
Win-back Campaign,Customer,CUST03149,At Risk,HIGH,Launch a personalized win-back campaign with a targeted discount.,Customer activity indicates potential churn risk.
Loyalty Campaign,Customer,CUST03150,Potential Loyalists,HIGH,"Provide loyalty points, member benefits and personalized offers.",Repeated booking behavior indicates strong customer engagement.
Win-back Campaign,Customer,CUST03151,At Risk,HIGH,Launch a personalized win-back campaign with a targeted discount.,Customer activity indicates potential churn risk.
Win-back Campaign,Customer,CUST03152,At Risk,HIGH,Launch a personalized win-back campaign with a targeted discount.,Customer activity indicates potential churn risk.
Win-back Campaign,Customer,CUST03153,At Risk,HIGH,Launch a personalized win-back campaign with a targeted discount.,Customer activity indicates potential churn risk.
Loyalty Campaign,Customer,CUST03154,Loyal Customers,HIGH,"Provide loyalty points, member benefits and personalized offers.",Repeated booking behavior indicates strong customer engagement.
General Engagement,Customer,CUST03155,Need Attention,LOW,Send personalized service updates and relevant offers.,Maintain customer engagement without excessive marketing cost.
General Engagement,Customer,CUST03156,Need Attention,LOW,Send personalized service updates and relevant offers.,Maintain customer engagement without excessive marketing cost.
General Engagement,Customer,CUST03157,Need Attention,LOW,Send personalized service updates and relevant offers.,Maintain customer engagement without excessive marketing cost.
General Engagement,Customer,CUST03158,Need Attention,LOW,Send personalized service updates and relevant offers.,Maintain customer engagement without excessive marketing cost.
General Engagement,Customer,CUST03159,Need Attention,LOW,Send personalized service updates and relevant offers.,Maintain customer engagement without excessive marketing cost.
General Engagement,Customer,CUST03160,Need Attention,LOW,Send personalized service updates and relevant offers.,Maintain customer engagement without excessive marketing cost.
General Engagement,Customer,CUST03161,Need Attention,LOW,Send personalized service updates and relevant offers.,Maintain customer engagement without excessive marketing cost.
Win-back Campaign,Customer,CUST03162,At Risk,HIGH,Launch a personalized win-back campaign with a targeted discount.,Customer activity indicates potential churn risk.
Loyalty Campaign,Customer,CUST03163,Loyal Customers,HIGH,"Provide loyalty points, member benefits and personalized offers.",Repeated booking behavior indicates strong customer engagement.
General Engagement,Customer,CUST03164,Need Attention,LOW,Send personalized service updates and relevant offers.,Maintain customer engagement without excessive marketing cost.
Reactivation Campaign,Customer,CUST03165,Lost Customers,MEDIUM,Send a reactivation offer and highlight relevant routes or services.,Customer activity has declined significantly.
Loyalty Campaign,Customer,CUST03167,Potential Loyalists,HIGH,"Provide loyalty points, member benefits and personalized offers.",Repeated booking behavior indicates strong customer engagement.
Loyalty Campaign,Customer,CUST03168,Potential Loyalists,HIGH,"Provide loyalty points, member benefits and personalized offers.",Repeated booking behavior indicates strong customer engagement.
Loyalty Campaign,Customer,CUST03169,Loyal Customers,HIGH,"Provide loyalty points, member benefits and personalized offers.",Repeated booking behavior indicates strong customer engagement.
Loyalty Campaign,Customer,CUST03170,Loyal Customers,HIGH,"Provide loyalty points, member benefits and personalized offers.",Repeated booking behavior indicates strong customer engagement.
Loyalty Campaign,Customer,CUST03171,Loyal Customers,HIGH,"Provide loyalty points, member benefits and personalized offers.",Repeated booking behavior indicates strong customer engagement.
General Engagement,Customer,CUST03172,Big Spenders,LOW,Send personalized service updates and relevant offers.,Maintain customer engagement without excessive marketing cost.
General Engagement,Customer,CUST03173,Need Attention,LOW,Send personalized service updates and relevant offers.,Maintain customer engagement without excessive marketing cost.
Win-back Campaign,Customer,CUST03174,At Risk,HIGH,Launch a personalized win-back campaign with a targeted discount.,Customer activity indicates potential churn risk.
Win-back Campaign,Customer,CUST03175,At Risk,HIGH,Launch a personalized win-back campaign with a targeted discount.,Customer activity indicates potential churn risk.
Win-back Campaign,Customer,CUST03176,At Risk,HIGH,Launch a personalized win-back campaign with a targeted discount.,Customer activity indicates potential churn risk.
Loyalty Campaign,Customer,CUST03177,Potential Loyalists,HIGH,"Provide loyalty points, member benefits and personalized offers.",Repeated booking behavior indicates strong customer engagement.
General Engagement,Customer,CUST03179,Need Attention,LOW,Send personalized service updates and relevant offers.,Maintain customer engagement without excessive marketing cost.
Loyalty Rewards,Customer,CUST03180,Champions,HIGH,"Offer loyalty rewards, premium benefits and referral incentives.",High-value customers are likely to respond well to retention programs.
Second Booking Campaign,Customer,CUST03181,New Customers,MEDIUM,Offer a first-repeat booking incentive.,The customer should be encouraged to make a second booking.
Win-back Campaign,Customer,CUST03182,At Risk,HIGH,Launch a personalized win-back campaign with a targeted discount.,Customer activity indicates potential churn risk.
General Engagement,Customer,CUST03183,Need Attention,LOW,Send personalized service updates and relevant offers.,Maintain customer engagement without excessive marketing cost.
Win-back Campaign,Customer,CUST03184,At Risk,HIGH,Launch a personalized win-back campaign with a targeted discount.,Customer activity indicates potential churn risk.
Reactivation Campaign,Customer,CUST03185,Lost Customers,MEDIUM,Send a reactivation offer and highlight relevant routes or services.,Customer activity has declined significantly.
Second Booking Campaign,Customer,CUST03186,New Customers,MEDIUM,Offer a first-repeat booking incentive.,The customer should be encouraged to make a second booking.
Win-back Campaign,Customer,CUST03187,At Risk,HIGH,Launch a personalized win-back campaign with a targeted discount.,Customer activity indicates potential churn risk.
General Engagement,Customer,CUST03188,Need Attention,LOW,Send personalized service updates and relevant offers.,Maintain customer engagement without excessive marketing cost.
Win-back Campaign,Customer,CUST03189,At Risk,HIGH,Launch a personalized win-back campaign with a targeted discount.,Customer activity indicates potential churn risk.
General Engagement,Customer,CUST03190,Need Attention,LOW,Send personalized service updates and relevant offers.,Maintain customer engagement without excessive marketing cost.
Loyalty Campaign,Customer,CUST03191,Loyal Customers,HIGH,"Provide loyalty points, member benefits and personalized offers.",Repeated booking behavior indicates strong customer engagement.
General Engagement,Customer,CUST03192,Need Attention,LOW,Send personalized service updates and relevant offers.,Maintain customer engagement without excessive marketing cost.
Loyalty Campaign,Customer,CUST03193,Loyal Customers,HIGH,"Provide loyalty points, member benefits and personalized offers.",Repeated booking behavior indicates strong customer engagement.
Win-back Campaign,Customer,CUST03194,At Risk,HIGH,Launch a personalized win-back campaign with a targeted discount.,Customer activity indicates potential churn risk.
Win-back Campaign,Customer,CUST03195,At Risk,HIGH,Launch a personalized win-back campaign with a targeted discount.,Customer activity indicates potential churn risk.
Win-back Campaign,Customer,CUST03196,At Risk,HIGH,Launch a personalized win-back campaign with a targeted discount.,Customer activity indicates potential churn risk.
General Engagement,Customer,CUST03197,Need Attention,LOW,Send personalized service updates and relevant offers.,Maintain customer engagement without excessive marketing cost.
General Engagement,Customer,CUST03198,Need Attention,LOW,Send personalized service updates and relevant offers.,Maintain customer engagement without excessive marketing cost.
Reactivation Campaign,Customer,CUST03199,Lost Customers,MEDIUM,Send a reactivation offer and highlight relevant routes or services.,Customer activity has declined significantly.
Loyalty Rewards,Customer,CUST03200,Champions,HIGH,"Offer loyalty rewards, premium benefits and referral incentives.",High-value customers are likely to respond well to retention programs.
Win-back Campaign,Customer,CUST03201,At Risk,HIGH,Launch a personalized win-back campaign with a targeted discount.,Customer activity indicates potential churn risk.
General Engagement,Customer,CUST03202,Big Spenders,LOW,Send personalized service updates and relevant offers.,Maintain customer engagement without excessive marketing cost.
General Engagement,Customer,CUST03203,Need Attention,LOW,Send personalized service updates and relevant offers.,Maintain customer engagement without excessive marketing cost.
Loyalty Campaign,Customer,CUST03204,Loyal Customers,HIGH,"Provide loyalty points, member benefits and personalized offers.",Repeated booking behavior indicates strong customer engagement.
Win-back Campaign,Customer,CUST03205,At Risk,HIGH,Launch a personalized win-back campaign with a targeted discount.,Customer activity indicates potential churn risk.
General Engagement,Customer,CUST03206,Need Attention,LOW,Send personalized service updates and relevant offers.,Maintain customer engagement without excessive marketing cost.
General Engagement,Customer,CUST03207,Need Attention,LOW,Send personalized service updates and relevant offers.,Maintain customer engagement without excessive marketing cost.
General Engagement,Customer,CUST03208,Need Attention,LOW,Send personalized service updates and relevant offers.,Maintain customer engagement without excessive marketing cost.
Second Booking Campaign,Customer,CUST03209,New Customers,MEDIUM,Offer a first-repeat booking incentive.,The customer should be encouraged to make a second booking.
Reactivation Campaign,Customer,CUST03210,Lost Customers,MEDIUM,Send a reactivation offer and highlight relevant routes or services.,Customer activity has declined significantly.
Win-back Campaign,Customer,CUST03211,At Risk,HIGH,Launch a personalized win-back campaign with a targeted discount.,Customer activity indicates potential churn risk.
Loyalty Campaign,Customer,CUST03212,Potential Loyalists,HIGH,"Provide loyalty points, member benefits and personalized offers.",Repeated booking behavior indicates strong customer engagement.
Reactivation Campaign,Customer,CUST03213,Lost Customers,MEDIUM,Send a reactivation offer and highlight relevant routes or services.,Customer activity has declined significantly.
Win-back Campaign,Customer,CUST03214,At Risk,HIGH,Launch a personalized win-back campaign with a targeted discount.,Customer activity indicates potential churn risk.
Loyalty Campaign,Customer,CUST03215,Loyal Customers,HIGH,"Provide loyalty points, member benefits and personalized offers.",Repeated booking behavior indicates strong customer engagement.
Reactivation Campaign,Customer,CUST03216,Lost Customers,MEDIUM,Send a reactivation offer and highlight relevant routes or services.,Customer activity has declined significantly.
Win-back Campaign,Customer,CUST03217,At Risk,HIGH,Launch a personalized win-back campaign with a targeted discount.,Customer activity indicates potential churn risk.
Loyalty Rewards,Customer,CUST03218,Champions,HIGH,"Offer loyalty rewards, premium benefits and referral incentives.",High-value customers are likely to respond well to retention programs.
Loyalty Campaign,Customer,CUST03219,Loyal Customers,HIGH,"Provide loyalty points, member benefits and personalized offers.",Repeated booking behavior indicates strong customer engagement.
Win-back Campaign,Customer,CUST03221,At Risk,HIGH,Launch a personalized win-back campaign with a targeted discount.,Customer activity indicates potential churn risk.
Loyalty Campaign,Customer,CUST03222,Loyal Customers,HIGH,"Provide loyalty points, member benefits and personalized offers.",Repeated booking behavior indicates strong customer engagement.
Loyalty Campaign,Customer,CUST03223,Potential Loyalists,HIGH,"Provide loyalty points, member benefits and personalized offers.",Repeated booking behavior indicates strong customer engagement.
Loyalty Campaign,Customer,CUST03224,Potential Loyalists,HIGH,"Provide loyalty points, member benefits and personalized offers.",Repeated booking behavior indicates strong customer engagement.
Win-back Campaign,Customer,CUST03225,At Risk,HIGH,Launch a personalized win-back campaign with a targeted discount.,Customer activity indicates potential churn risk.
Reactivation Campaign,Customer,CUST03226,Lost Customers,MEDIUM,Send a reactivation offer and highlight relevant routes or services.,Customer activity has declined significantly.
Win-back Campaign,Customer,CUST03227,At Risk,HIGH,Launch a personalized win-back campaign with a targeted discount.,Customer activity indicates potential churn risk.
Loyalty Campaign,Customer,CUST03228,Loyal Customers,HIGH,"Provide loyalty points, member benefits and personalized offers.",Repeated booking behavior indicates strong customer engagement.
Loyalty Campaign,Customer,CUST03229,Potential Loyalists,HIGH,"Provide loyalty points, member benefits and personalized offers.",Repeated booking behavior indicates strong customer engagement.
Loyalty Campaign,Customer,CUST03230,Loyal Customers,HIGH,"Provide loyalty points, member benefits and personalized offers.",Repeated booking behavior indicates strong customer engagement.
General Engagement,Customer,CUST03232,Need Attention,LOW,Send personalized service updates and relevant offers.,Maintain customer engagement without excessive marketing cost.
Loyalty Campaign,Customer,CUST03233,Loyal Customers,HIGH,"Provide loyalty points, member benefits and personalized offers.",Repeated booking behavior indicates strong customer engagement.
Loyalty Campaign,Customer,CUST03234,Potential Loyalists,HIGH,"Provide loyalty points, member benefits and personalized offers.",Repeated booking behavior indicates strong customer engagement.
General Engagement,Customer,CUST03235,Need Attention,LOW,Send personalized service updates and relevant offers.,Maintain customer engagement without excessive marketing cost.
General Engagement,Customer,CUST03236,Big Spenders,LOW,Send personalized service updates and relevant offers.,Maintain customer engagement without excessive marketing cost.
Reactivation Campaign,Customer,CUST03237,Lost Customers,MEDIUM,Send a reactivation offer and highlight relevant routes or services.,Customer activity has declined significantly.
General Engagement,Customer,CUST03238,Need Attention,LOW,Send personalized service updates and relevant offers.,Maintain customer engagement without excessive marketing cost.
Win-back Campaign,Customer,CUST03239,At Risk,HIGH,Launch a personalized win-back campaign with a targeted discount.,Customer activity indicates potential churn risk.
General Engagement,Customer,CUST03240,Need Attention,LOW,Send personalized service updates and relevant offers.,Maintain customer engagement without excessive marketing cost.
Loyalty Campaign,Customer,CUST03241,Potential Loyalists,HIGH,"Provide loyalty points, member benefits and personalized offers.",Repeated booking behavior indicates strong customer engagement.
Win-back Campaign,Customer,CUST03242,At Risk,HIGH,Launch a personalized win-back campaign with a targeted discount.,Customer activity indicates potential churn risk.
Reactivation Campaign,Customer,CUST03243,Lost Customers,MEDIUM,Send a reactivation offer and highlight relevant routes or services.,Customer activity has declined significantly.
Loyalty Campaign,Customer,CUST03244,Loyal Customers,HIGH,"Provide loyalty points, member benefits and personalized offers.",Repeated booking behavior indicates strong customer engagement.
Reactivation Campaign,Customer,CUST03245,Lost Customers,MEDIUM,Send a reactivation offer and highlight relevant routes or services.,Customer activity has declined significantly.
Loyalty Campaign,Customer,CUST03246,Potential Loyalists,HIGH,"Provide loyalty points, member benefits and personalized offers.",Repeated booking behavior indicates strong customer engagement.
Reactivation Campaign,Customer,CUST03247,Lost Customers,MEDIUM,Send a reactivation offer and highlight relevant routes or services.,Customer activity has declined significantly.
General Engagement,Customer,CUST03248,Need Attention,LOW,Send personalized service updates and relevant offers.,Maintain customer engagement without excessive marketing cost.
Loyalty Campaign,Customer,CUST03249,Loyal Customers,HIGH,"Provide loyalty points, member benefits and personalized offers.",Repeated booking behavior indicates strong customer engagement.
Loyalty Rewards,Customer,CUST03250,Champions,HIGH,"Offer loyalty rewards, premium benefits and referral incentives.",High-value customers are likely to respond well to retention programs.
General Engagement,Customer,CUST03251,Need Attention,LOW,Send personalized service updates and relevant offers.,Maintain customer engagement without excessive marketing cost.
Win-back Campaign,Customer,CUST03252,At Risk,HIGH,Launch a personalized win-back campaign with a targeted discount.,Customer activity indicates potential churn risk.
Reactivation Campaign,Customer,CUST03253,Lost Customers,MEDIUM,Send a reactivation offer and highlight relevant routes or services.,Customer activity has declined significantly.
Second Booking Campaign,Customer,CUST03254,New Customers,MEDIUM,Offer a first-repeat booking incentive.,The customer should be encouraged to make a second booking.
General Engagement,Customer,CUST03255,Need Attention,LOW,Send personalized service updates and relevant offers.,Maintain customer engagement without excessive marketing cost.
General Engagement,Customer,CUST03256,Need Attention,LOW,Send personalized service updates and relevant offers.,Maintain customer engagement without excessive marketing cost.
General Engagement,Customer,CUST03257,Big Spenders,LOW,Send personalized service updates and relevant offers.,Maintain customer engagement without excessive marketing cost.
Loyalty Rewards,Customer,CUST03258,Champions,HIGH,"Offer loyalty rewards, premium benefits and referral incentives.",High-value customers are likely to respond well to retention programs.
Loyalty Campaign,Customer,CUST03259,Loyal Customers,HIGH,"Provide loyalty points, member benefits and personalized offers.",Repeated booking behavior indicates strong customer engagement.
Loyalty Campaign,Customer,CUST03260,Potential Loyalists,HIGH,"Provide loyalty points, member benefits and personalized offers.",Repeated booking behavior indicates strong customer engagement.
Reactivation Campaign,Customer,CUST03261,Lost Customers,MEDIUM,Send a reactivation offer and highlight relevant routes or services.,Customer activity has declined significantly.
Loyalty Campaign,Customer,CUST03262,Loyal Customers,HIGH,"Provide loyalty points, member benefits and personalized offers.",Repeated booking behavior indicates strong customer engagement.
Win-back Campaign,Customer,CUST03263,At Risk,HIGH,Launch a personalized win-back campaign with a targeted discount.,Customer activity indicates potential churn risk.
Loyalty Campaign,Customer,CUST03264,Loyal Customers,HIGH,"Provide loyalty points, member benefits and personalized offers.",Repeated booking behavior indicates strong customer engagement.
Loyalty Campaign,Customer,CUST03265,Loyal Customers,HIGH,"Provide loyalty points, member benefits and personalized offers.",Repeated booking behavior indicates strong customer engagement.
Loyalty Campaign,Customer,CUST03266,Loyal Customers,HIGH,"Provide loyalty points, member benefits and personalized offers.",Repeated booking behavior indicates strong customer engagement.
Win-back Campaign,Customer,CUST03267,At Risk,HIGH,Launch a personalized win-back campaign with a targeted discount.,Customer activity indicates potential churn risk.
General Engagement,Customer,CUST03268,Need Attention,LOW,Send personalized service updates and relevant offers.,Maintain customer engagement without excessive marketing cost.
Loyalty Rewards,Customer,CUST03269,Champions,HIGH,"Offer loyalty rewards, premium benefits and referral incentives.",High-value customers are likely to respond well to retention programs.
General Engagement,Customer,CUST03270,Need Attention,LOW,Send personalized service updates and relevant offers.,Maintain customer engagement without excessive marketing cost.
Win-back Campaign,Customer,CUST03272,At Risk,HIGH,Launch a personalized win-back campaign with a targeted discount.,Customer activity indicates potential churn risk.
Reactivation Campaign,Customer,CUST03273,Lost Customers,MEDIUM,Send a reactivation offer and highlight relevant routes or services.,Customer activity has declined significantly.
Reactivation Campaign,Customer,CUST03274,Lost Customers,MEDIUM,Send a reactivation offer and highlight relevant routes or services.,Customer activity has declined significantly.
Loyalty Campaign,Customer,CUST03275,Potential Loyalists,HIGH,"Provide loyalty points, member benefits and personalized offers.",Repeated booking behavior indicates strong customer engagement.
Win-back Campaign,Customer,CUST03276,At Risk,HIGH,Launch a personalized win-back campaign with a targeted discount.,Customer activity indicates potential churn risk.
General Engagement,Customer,CUST03277,Big Spenders,LOW,Send personalized service updates and relevant offers.,Maintain customer engagement without excessive marketing cost.
General Engagement,Customer,CUST03278,Need Attention,LOW,Send personalized service updates and relevant offers.,Maintain customer engagement without excessive marketing cost.
Reactivation Campaign,Customer,CUST03279,Lost Customers,MEDIUM,Send a reactivation offer and highlight relevant routes or services.,Customer activity has declined significantly.
Loyalty Rewards,Customer,CUST03280,Champions,HIGH,"Offer loyalty rewards, premium benefits and referral incentives.",High-value customers are likely to respond well to retention programs.
Loyalty Campaign,Customer,CUST03281,Loyal Customers,HIGH,"Provide loyalty points, member benefits and personalized offers.",Repeated booking behavior indicates strong customer engagement.
Loyalty Campaign,Customer,CUST03282,Loyal Customers,HIGH,"Provide loyalty points, member benefits and personalized offers.",Repeated booking behavior indicates strong customer engagement.
Second Booking Campaign,Customer,CUST03283,New Customers,MEDIUM,Offer a first-repeat booking incentive.,The customer should be encouraged to make a second booking.
Win-back Campaign,Customer,CUST03284,At Risk,HIGH,Launch a personalized win-back campaign with a targeted discount.,Customer activity indicates potential churn risk.
Win-back Campaign,Customer,CUST03285,At Risk,HIGH,Launch a personalized win-back campaign with a targeted discount.,Customer activity indicates potential churn risk.
Reactivation Campaign,Customer,CUST03286,Lost Customers,MEDIUM,Send a reactivation offer and highlight relevant routes or services.,Customer activity has declined significantly.
General Engagement,Customer,CUST03287,Big Spenders,LOW,Send personalized service updates and relevant offers.,Maintain customer engagement without excessive marketing cost.
Loyalty Campaign,Customer,CUST03288,Loyal Customers,HIGH,"Provide loyalty points, member benefits and personalized offers.",Repeated booking behavior indicates strong customer engagement.
Loyalty Campaign,Customer,CUST03289,Loyal Customers,HIGH,"Provide loyalty points, member benefits and personalized offers.",Repeated booking behavior indicates strong customer engagement.
Reactivation Campaign,Customer,CUST03290,Lost Customers,MEDIUM,Send a reactivation offer and highlight relevant routes or services.,Customer activity has declined significantly.
Win-back Campaign,Customer,CUST03291,At Risk,HIGH,Launch a personalized win-back campaign with a targeted discount.,Customer activity indicates potential churn risk.
Loyalty Campaign,Customer,CUST03292,Potential Loyalists,HIGH,"Provide loyalty points, member benefits and personalized offers.",Repeated booking behavior indicates strong customer engagement.
General Engagement,Customer,CUST03293,Need Attention,LOW,Send personalized service updates and relevant offers.,Maintain customer engagement without excessive marketing cost.
Loyalty Rewards,Customer,CUST03294,Champions,HIGH,"Offer loyalty rewards, premium benefits and referral incentives.",High-value customers are likely to respond well to retention programs.
General Engagement,Customer,CUST03295,Need Attention,LOW,Send personalized service updates and relevant offers.,Maintain customer engagement without excessive marketing cost.
Reactivation Campaign,Customer,CUST03296,Lost Customers,MEDIUM,Send a reactivation offer and highlight relevant routes or services.,Customer activity has declined significantly.
General Engagement,Customer,CUST03297,Need Attention,LOW,Send personalized service updates and relevant offers.,Maintain customer engagement without excessive marketing cost.
Loyalty Campaign,Customer,CUST03298,Loyal Customers,HIGH,"Provide loyalty points, member benefits and personalized offers.",Repeated booking behavior indicates strong customer engagement.
Loyalty Rewards,Customer,CUST03299,Champions,HIGH,"Offer loyalty rewards, premium benefits and referral incentives.",High-value customers are likely to respond well to retention programs.
Loyalty Campaign,Customer,CUST03300,Potential Loyalists,HIGH,"Provide loyalty points, member benefits and personalized offers.",Repeated booking behavior indicates strong customer engagement.
General Engagement,Customer,CUST03301,Big Spenders,LOW,Send personalized service updates and relevant offers.,Maintain customer engagement without excessive marketing cost.
Loyalty Campaign,Customer,CUST03302,Loyal Customers,HIGH,"Provide loyalty points, member benefits and personalized offers.",Repeated booking behavior indicates strong customer engagement.
Win-back Campaign,Customer,CUST03303,At Risk,HIGH,Launch a personalized win-back campaign with a targeted discount.,Customer activity indicates potential churn risk.
Reactivation Campaign,Customer,CUST03305,Lost Customers,MEDIUM,Send a reactivation offer and highlight relevant routes or services.,Customer activity has declined significantly.
Loyalty Campaign,Customer,CUST03306,Loyal Customers,HIGH,"Provide loyalty points, member benefits and personalized offers.",Repeated booking behavior indicates strong customer engagement.
Loyalty Campaign,Customer,CUST03307,Loyal Customers,HIGH,"Provide loyalty points, member benefits and personalized offers.",Repeated booking behavior indicates strong customer engagement.
General Engagement,Customer,CUST03308,Need Attention,LOW,Send personalized service updates and relevant offers.,Maintain customer engagement without excessive marketing cost.
Loyalty Campaign,Customer,CUST03309,Potential Loyalists,HIGH,"Provide loyalty points, member benefits and personalized offers.",Repeated booking behavior indicates strong customer engagement.
Reactivation Campaign,Customer,CUST03310,Lost Customers,MEDIUM,Send a reactivation offer and highlight relevant routes or services.,Customer activity has declined significantly.
General Engagement,Customer,CUST03311,Need Attention,LOW,Send personalized service updates and relevant offers.,Maintain customer engagement without excessive marketing cost.
Win-back Campaign,Customer,CUST03312,At Risk,HIGH,Launch a personalized win-back campaign with a targeted discount.,Customer activity indicates potential churn risk.
Loyalty Campaign,Customer,CUST03313,Loyal Customers,HIGH,"Provide loyalty points, member benefits and personalized offers.",Repeated booking behavior indicates strong customer engagement.
Win-back Campaign,Customer,CUST03314,At Risk,HIGH,Launch a personalized win-back campaign with a targeted discount.,Customer activity indicates potential churn risk.
Reactivation Campaign,Customer,CUST03315,Lost Customers,MEDIUM,Send a reactivation offer and highlight relevant routes or services.,Customer activity has declined significantly.
Reactivation Campaign,Customer,CUST03316,Lost Customers,MEDIUM,Send a reactivation offer and highlight relevant routes or services.,Customer activity has declined significantly.
Reactivation Campaign,Customer,CUST03317,Lost Customers,MEDIUM,Send a reactivation offer and highlight relevant routes or services.,Customer activity has declined significantly.
General Engagement,Customer,CUST03318,Need Attention,LOW,Send personalized service updates and relevant offers.,Maintain customer engagement without excessive marketing cost.
Loyalty Campaign,Customer,CUST03319,Loyal Customers,HIGH,"Provide loyalty points, member benefits and personalized offers.",Repeated booking behavior indicates strong customer engagement.
Reactivation Campaign,Customer,CUST03320,Lost Customers,MEDIUM,Send a reactivation offer and highlight relevant routes or services.,Customer activity has declined significantly.
Loyalty Rewards,Customer,CUST03321,Champions,HIGH,"Offer loyalty rewards, premium benefits and referral incentives.",High-value customers are likely to respond well to retention programs.
Loyalty Rewards,Customer,CUST03322,Champions,HIGH,"Offer loyalty rewards, premium benefits and referral incentives.",High-value customers are likely to respond well to retention programs.
General Engagement,Customer,CUST03323,Big Spenders,LOW,Send personalized service updates and relevant offers.,Maintain customer engagement without excessive marketing cost.
Loyalty Campaign,Customer,CUST03324,Potential Loyalists,HIGH,"Provide loyalty points, member benefits and personalized offers.",Repeated booking behavior indicates strong customer engagement.
General Engagement,Customer,CUST03325,Need Attention,LOW,Send personalized service updates and relevant offers.,Maintain customer engagement without excessive marketing cost.
Reactivation Campaign,Customer,CUST03326,Lost Customers,MEDIUM,Send a reactivation offer and highlight relevant routes or services.,Customer activity has declined significantly.
General Engagement,Customer,CUST03327,Need Attention,LOW,Send personalized service updates and relevant offers.,Maintain customer engagement without excessive marketing cost.
Loyalty Campaign,Customer,CUST03328,Potential Loyalists,HIGH,"Provide loyalty points, member benefits and personalized offers.",Repeated booking behavior indicates strong customer engagement.
General Engagement,Customer,CUST03329,Need Attention,LOW,Send personalized service updates and relevant offers.,Maintain customer engagement without excessive marketing cost.
Loyalty Campaign,Customer,CUST03330,Potential Loyalists,HIGH,"Provide loyalty points, member benefits and personalized offers.",Repeated booking behavior indicates strong customer engagement.
Win-back Campaign,Customer,CUST03331,At Risk,HIGH,Launch a personalized win-back campaign with a targeted discount.,Customer activity indicates potential churn risk.
Loyalty Campaign,Customer,CUST03332,Loyal Customers,HIGH,"Provide loyalty points, member benefits and personalized offers.",Repeated booking behavior indicates strong customer engagement.
General Engagement,Customer,CUST03333,Need Attention,LOW,Send personalized service updates and relevant offers.,Maintain customer engagement without excessive marketing cost.
Loyalty Campaign,Customer,CUST03334,Loyal Customers,HIGH,"Provide loyalty points, member benefits and personalized offers.",Repeated booking behavior indicates strong customer engagement.
Reactivation Campaign,Customer,CUST03335,Lost Customers,MEDIUM,Send a reactivation offer and highlight relevant routes or services.,Customer activity has declined significantly.
Win-back Campaign,Customer,CUST03336,At Risk,HIGH,Launch a personalized win-back campaign with a targeted discount.,Customer activity indicates potential churn risk.
Loyalty Campaign,Customer,CUST03337,Potential Loyalists,HIGH,"Provide loyalty points, member benefits and personalized offers.",Repeated booking behavior indicates strong customer engagement.
General Engagement,Customer,CUST03338,Big Spenders,LOW,Send personalized service updates and relevant offers.,Maintain customer engagement without excessive marketing cost.
General Engagement,Customer,CUST03339,Need Attention,LOW,Send personalized service updates and relevant offers.,Maintain customer engagement without excessive marketing cost.
Win-back Campaign,Customer,CUST03340,At Risk,HIGH,Launch a personalized win-back campaign with a targeted discount.,Customer activity indicates potential churn risk.
Loyalty Rewards,Customer,CUST03341,Champions,HIGH,"Offer loyalty rewards, premium benefits and referral incentives.",High-value customers are likely to respond well to retention programs.
Reactivation Campaign,Customer,CUST03342,Lost Customers,MEDIUM,Send a reactivation offer and highlight relevant routes or services.,Customer activity has declined significantly.
Loyalty Campaign,Customer,CUST03343,Loyal Customers,HIGH,"Provide loyalty points, member benefits and personalized offers.",Repeated booking behavior indicates strong customer engagement.
Win-back Campaign,Customer,CUST03344,At Risk,HIGH,Launch a personalized win-back campaign with a targeted discount.,Customer activity indicates potential churn risk.
General Engagement,Customer,CUST03345,Big Spenders,LOW,Send personalized service updates and relevant offers.,Maintain customer engagement without excessive marketing cost.
General Engagement,Customer,CUST03346,Need Attention,LOW,Send personalized service updates and relevant offers.,Maintain customer engagement without excessive marketing cost.
Win-back Campaign,Customer,CUST03347,At Risk,HIGH,Launch a personalized win-back campaign with a targeted discount.,Customer activity indicates potential churn risk.
Loyalty Campaign,Customer,CUST03348,Loyal Customers,HIGH,"Provide loyalty points, member benefits and personalized offers.",Repeated booking behavior indicates strong customer engagement.
Loyalty Rewards,Customer,CUST03349,Champions,HIGH,"Offer loyalty rewards, premium benefits and referral incentives.",High-value customers are likely to respond well to retention programs.
General Engagement,Customer,CUST03350,Need Attention,LOW,Send personalized service updates and relevant offers.,Maintain customer engagement without excessive marketing cost.
Reactivation Campaign,Customer,CUST03351,Lost Customers,MEDIUM,Send a reactivation offer and highlight relevant routes or services.,Customer activity has declined significantly.
Reactivation Campaign,Customer,CUST03353,Lost Customers,MEDIUM,Send a reactivation offer and highlight relevant routes or services.,Customer activity has declined significantly.
Win-back Campaign,Customer,CUST03354,At Risk,HIGH,Launch a personalized win-back campaign with a targeted discount.,Customer activity indicates potential churn risk.
Loyalty Rewards,Customer,CUST03356,Champions,HIGH,"Offer loyalty rewards, premium benefits and referral incentives.",High-value customers are likely to respond well to retention programs.
General Engagement,Customer,CUST03357,Need Attention,LOW,Send personalized service updates and relevant offers.,Maintain customer engagement without excessive marketing cost.
General Engagement,Customer,CUST03358,Need Attention,LOW,Send personalized service updates and relevant offers.,Maintain customer engagement without excessive marketing cost.
Loyalty Campaign,Customer,CUST03359,Potential Loyalists,HIGH,"Provide loyalty points, member benefits and personalized offers.",Repeated booking behavior indicates strong customer engagement.
Loyalty Campaign,Customer,CUST03360,Potential Loyalists,HIGH,"Provide loyalty points, member benefits and personalized offers.",Repeated booking behavior indicates strong customer engagement.
Win-back Campaign,Customer,CUST03361,At Risk,HIGH,Launch a personalized win-back campaign with a targeted discount.,Customer activity indicates potential churn risk.
Win-back Campaign,Customer,CUST03362,At Risk,HIGH,Launch a personalized win-back campaign with a targeted discount.,Customer activity indicates potential churn risk.
Loyalty Campaign,Customer,CUST03363,Potential Loyalists,HIGH,"Provide loyalty points, member benefits and personalized offers.",Repeated booking behavior indicates strong customer engagement.
Loyalty Rewards,Customer,CUST03364,Champions,HIGH,"Offer loyalty rewards, premium benefits and referral incentives.",High-value customers are likely to respond well to retention programs.
General Engagement,Customer,CUST03365,Need Attention,LOW,Send personalized service updates and relevant offers.,Maintain customer engagement without excessive marketing cost.
General Engagement,Customer,CUST03366,Need Attention,LOW,Send personalized service updates and relevant offers.,Maintain customer engagement without excessive marketing cost.
Reactivation Campaign,Customer,CUST03367,Lost Customers,MEDIUM,Send a reactivation offer and highlight relevant routes or services.,Customer activity has declined significantly.
Reactivation Campaign,Customer,CUST03368,Lost Customers,MEDIUM,Send a reactivation offer and highlight relevant routes or services.,Customer activity has declined significantly.
General Engagement,Customer,CUST03369,Need Attention,LOW,Send personalized service updates and relevant offers.,Maintain customer engagement without excessive marketing cost.
Reactivation Campaign,Customer,CUST03370,Lost Customers,MEDIUM,Send a reactivation offer and highlight relevant routes or services.,Customer activity has declined significantly.
Loyalty Campaign,Customer,CUST03371,Potential Loyalists,HIGH,"Provide loyalty points, member benefits and personalized offers.",Repeated booking behavior indicates strong customer engagement.
Loyalty Campaign,Customer,CUST03372,Potential Loyalists,HIGH,"Provide loyalty points, member benefits and personalized offers.",Repeated booking behavior indicates strong customer engagement.
Loyalty Campaign,Customer,CUST03373,Loyal Customers,HIGH,"Provide loyalty points, member benefits and personalized offers.",Repeated booking behavior indicates strong customer engagement.
Reactivation Campaign,Customer,CUST03374,Lost Customers,MEDIUM,Send a reactivation offer and highlight relevant routes or services.,Customer activity has declined significantly.
Win-back Campaign,Customer,CUST03375,At Risk,HIGH,Launch a personalized win-back campaign with a targeted discount.,Customer activity indicates potential churn risk.
Win-back Campaign,Customer,CUST03376,At Risk,HIGH,Launch a personalized win-back campaign with a targeted discount.,Customer activity indicates potential churn risk.
Loyalty Campaign,Customer,CUST03377,Loyal Customers,HIGH,"Provide loyalty points, member benefits and personalized offers.",Repeated booking behavior indicates strong customer engagement.
General Engagement,Customer,CUST03378,Need Attention,LOW,Send personalized service updates and relevant offers.,Maintain customer engagement without excessive marketing cost.
General Engagement,Customer,CUST03379,Need Attention,LOW,Send personalized service updates and relevant offers.,Maintain customer engagement without excessive marketing cost.
Loyalty Campaign,Customer,CUST03380,Potential Loyalists,HIGH,"Provide loyalty points, member benefits and personalized offers.",Repeated booking behavior indicates strong customer engagement.
Loyalty Rewards,Customer,CUST03381,Champions,HIGH,"Offer loyalty rewards, premium benefits and referral incentives.",High-value customers are likely to respond well to retention programs.
Win-back Campaign,Customer,CUST03382,At Risk,HIGH,Launch a personalized win-back campaign with a targeted discount.,Customer activity indicates potential churn risk.
Loyalty Rewards,Customer,CUST03383,Champions,HIGH,"Offer loyalty rewards, premium benefits and referral incentives.",High-value customers are likely to respond well to retention programs.
General Engagement,Customer,CUST03384,Need Attention,LOW,Send personalized service updates and relevant offers.,Maintain customer engagement without excessive marketing cost.
Loyalty Rewards,Customer,CUST03385,Champions,HIGH,"Offer loyalty rewards, premium benefits and referral incentives.",High-value customers are likely to respond well to retention programs.
Loyalty Campaign,Customer,CUST03386,Potential Loyalists,HIGH,"Provide loyalty points, member benefits and personalized offers.",Repeated booking behavior indicates strong customer engagement.
Loyalty Rewards,Customer,CUST03387,Champions,HIGH,"Offer loyalty rewards, premium benefits and referral incentives.",High-value customers are likely to respond well to retention programs.
Reactivation Campaign,Customer,CUST03388,Lost Customers,MEDIUM,Send a reactivation offer and highlight relevant routes or services.,Customer activity has declined significantly.
Reactivation Campaign,Customer,CUST03389,Lost Customers,MEDIUM,Send a reactivation offer and highlight relevant routes or services.,Customer activity has declined significantly.
General Engagement,Customer,CUST03390,Need Attention,LOW,Send personalized service updates and relevant offers.,Maintain customer engagement without excessive marketing cost.
Win-back Campaign,Customer,CUST03391,At Risk,HIGH,Launch a personalized win-back campaign with a targeted discount.,Customer activity indicates potential churn risk.
Reactivation Campaign,Customer,CUST03392,Lost Customers,MEDIUM,Send a reactivation offer and highlight relevant routes or services.,Customer activity has declined significantly.
Win-back Campaign,Customer,CUST03393,At Risk,HIGH,Launch a personalized win-back campaign with a targeted discount.,Customer activity indicates potential churn risk.
Win-back Campaign,Customer,CUST03394,At Risk,HIGH,Launch a personalized win-back campaign with a targeted discount.,Customer activity indicates potential churn risk.
Loyalty Rewards,Customer,CUST03395,Champions,HIGH,"Offer loyalty rewards, premium benefits and referral incentives.",High-value customers are likely to respond well to retention programs.
Loyalty Rewards,Customer,CUST03396,Champions,HIGH,"Offer loyalty rewards, premium benefits and referral incentives.",High-value customers are likely to respond well to retention programs.
Loyalty Campaign,Customer,CUST03397,Loyal Customers,HIGH,"Provide loyalty points, member benefits and personalized offers.",Repeated booking behavior indicates strong customer engagement.
General Engagement,Customer,CUST03398,Big Spenders,LOW,Send personalized service updates and relevant offers.,Maintain customer engagement without excessive marketing cost.
General Engagement,Customer,CUST03399,Big Spenders,LOW,Send personalized service updates and relevant offers.,Maintain customer engagement without excessive marketing cost.
General Engagement,Customer,CUST03400,Need Attention,LOW,Send personalized service updates and relevant offers.,Maintain customer engagement without excessive marketing cost.
Loyalty Campaign,Customer,CUST03401,Loyal Customers,HIGH,"Provide loyalty points, member benefits and personalized offers.",Repeated booking behavior indicates strong customer engagement.
Loyalty Campaign,Customer,CUST03402,Loyal Customers,HIGH,"Provide loyalty points, member benefits and personalized offers.",Repeated booking behavior indicates strong customer engagement.
Loyalty Campaign,Customer,CUST03403,Loyal Customers,HIGH,"Provide loyalty points, member benefits and personalized offers.",Repeated booking behavior indicates strong customer engagement.
General Engagement,Customer,CUST03404,Need Attention,LOW,Send personalized service updates and relevant offers.,Maintain customer engagement without excessive marketing cost.
Win-back Campaign,Customer,CUST03405,At Risk,HIGH,Launch a personalized win-back campaign with a targeted discount.,Customer activity indicates potential churn risk.
Reactivation Campaign,Customer,CUST03406,Lost Customers,MEDIUM,Send a reactivation offer and highlight relevant routes or services.,Customer activity has declined significantly.
Win-back Campaign,Customer,CUST03407,At Risk,HIGH,Launch a personalized win-back campaign with a targeted discount.,Customer activity indicates potential churn risk.
Reactivation Campaign,Customer,CUST03408,Lost Customers,MEDIUM,Send a reactivation offer and highlight relevant routes or services.,Customer activity has declined significantly.
Loyalty Campaign,Customer,CUST03409,Potential Loyalists,HIGH,"Provide loyalty points, member benefits and personalized offers.",Repeated booking behavior indicates strong customer engagement.
Loyalty Rewards,Customer,CUST03410,Champions,HIGH,"Offer loyalty rewards, premium benefits and referral incentives.",High-value customers are likely to respond well to retention programs.
General Engagement,Customer,CUST03411,Need Attention,LOW,Send personalized service updates and relevant offers.,Maintain customer engagement without excessive marketing cost.
Loyalty Rewards,Customer,CUST03412,Champions,HIGH,"Offer loyalty rewards, premium benefits and referral incentives.",High-value customers are likely to respond well to retention programs.
General Engagement,Customer,CUST03413,Need Attention,LOW,Send personalized service updates and relevant offers.,Maintain customer engagement without excessive marketing cost.
Loyalty Rewards,Customer,CUST03414,Champions,HIGH,"Offer loyalty rewards, premium benefits and referral incentives.",High-value customers are likely to respond well to retention programs.
Win-back Campaign,Customer,CUST03415,At Risk,HIGH,Launch a personalized win-back campaign with a targeted discount.,Customer activity indicates potential churn risk.
Loyalty Rewards,Customer,CUST03416,Champions,HIGH,"Offer loyalty rewards, premium benefits and referral incentives.",High-value customers are likely to respond well to retention programs.
General Engagement,Customer,CUST03418,Need Attention,LOW,Send personalized service updates and relevant offers.,Maintain customer engagement without excessive marketing cost.
Reactivation Campaign,Customer,CUST03419,Lost Customers,MEDIUM,Send a reactivation offer and highlight relevant routes or services.,Customer activity has declined significantly.
Loyalty Campaign,Customer,CUST03420,Loyal Customers,HIGH,"Provide loyalty points, member benefits and personalized offers.",Repeated booking behavior indicates strong customer engagement.
Reactivation Campaign,Customer,CUST03421,Lost Customers,MEDIUM,Send a reactivation offer and highlight relevant routes or services.,Customer activity has declined significantly.
Loyalty Rewards,Customer,CUST03422,Champions,HIGH,"Offer loyalty rewards, premium benefits and referral incentives.",High-value customers are likely to respond well to retention programs.
General Engagement,Customer,CUST03423,Big Spenders,LOW,Send personalized service updates and relevant offers.,Maintain customer engagement without excessive marketing cost.
Loyalty Rewards,Customer,CUST03424,Champions,HIGH,"Offer loyalty rewards, premium benefits and referral incentives.",High-value customers are likely to respond well to retention programs.
Loyalty Campaign,Customer,CUST03425,Loyal Customers,HIGH,"Provide loyalty points, member benefits and personalized offers.",Repeated booking behavior indicates strong customer engagement.
General Engagement,Customer,CUST03426,Need Attention,LOW,Send personalized service updates and relevant offers.,Maintain customer engagement without excessive marketing cost.
General Engagement,Customer,CUST03427,Need Attention,LOW,Send personalized service updates and relevant offers.,Maintain customer engagement without excessive marketing cost.
Loyalty Rewards,Customer,CUST03428,Champions,HIGH,"Offer loyalty rewards, premium benefits and referral incentives.",High-value customers are likely to respond well to retention programs.
Win-back Campaign,Customer,CUST03429,At Risk,HIGH,Launch a personalized win-back campaign with a targeted discount.,Customer activity indicates potential churn risk.
Loyalty Rewards,Customer,CUST03430,Champions,HIGH,"Offer loyalty rewards, premium benefits and referral incentives.",High-value customers are likely to respond well to retention programs.
Loyalty Rewards,Customer,CUST03431,Champions,HIGH,"Offer loyalty rewards, premium benefits and referral incentives.",High-value customers are likely to respond well to retention programs.
General Engagement,Customer,CUST03432,Need Attention,LOW,Send personalized service updates and relevant offers.,Maintain customer engagement without excessive marketing cost.
Win-back Campaign,Customer,CUST03433,At Risk,HIGH,Launch a personalized win-back campaign with a targeted discount.,Customer activity indicates potential churn risk.
Loyalty Rewards,Customer,CUST03434,Champions,HIGH,"Offer loyalty rewards, premium benefits and referral incentives.",High-value customers are likely to respond well to retention programs.
Loyalty Rewards,Customer,CUST03435,Champions,HIGH,"Offer loyalty rewards, premium benefits and referral incentives.",High-value customers are likely to respond well to retention programs.
Loyalty Rewards,Customer,CUST03436,Champions,HIGH,"Offer loyalty rewards, premium benefits and referral incentives.",High-value customers are likely to respond well to retention programs.
Loyalty Campaign,Customer,CUST03437,Loyal Customers,HIGH,"Provide loyalty points, member benefits and personalized offers.",Repeated booking behavior indicates strong customer engagement.
Loyalty Campaign,Customer,CUST03438,Potential Loyalists,HIGH,"Provide loyalty points, member benefits and personalized offers.",Repeated booking behavior indicates strong customer engagement.
Win-back Campaign,Customer,CUST03439,At Risk,HIGH,Launch a personalized win-back campaign with a targeted discount.,Customer activity indicates potential churn risk.
Win-back Campaign,Customer,CUST03440,At Risk,HIGH,Launch a personalized win-back campaign with a targeted discount.,Customer activity indicates potential churn risk.
General Engagement,Customer,CUST03441,Need Attention,LOW,Send personalized service updates and relevant offers.,Maintain customer engagement without excessive marketing cost.
Loyalty Rewards,Customer,CUST03442,Champions,HIGH,"Offer loyalty rewards, premium benefits and referral incentives.",High-value customers are likely to respond well to retention programs.
Win-back Campaign,Customer,CUST03443,At Risk,HIGH,Launch a personalized win-back campaign with a targeted discount.,Customer activity indicates potential churn risk.
General Engagement,Customer,CUST03444,Need Attention,LOW,Send personalized service updates and relevant offers.,Maintain customer engagement without excessive marketing cost.
Loyalty Campaign,Customer,CUST03445,Loyal Customers,HIGH,"Provide loyalty points, member benefits and personalized offers.",Repeated booking behavior indicates strong customer engagement.
Reactivation Campaign,Customer,CUST03446,Lost Customers,MEDIUM,Send a reactivation offer and highlight relevant routes or services.,Customer activity has declined significantly.
Loyalty Campaign,Customer,CUST03447,Potential Loyalists,HIGH,"Provide loyalty points, member benefits and personalized offers.",Repeated booking behavior indicates strong customer engagement.
Loyalty Campaign,Customer,CUST03448,Potential Loyalists,HIGH,"Provide loyalty points, member benefits and personalized offers.",Repeated booking behavior indicates strong customer engagement.
Loyalty Rewards,Customer,CUST03449,Champions,HIGH,"Offer loyalty rewards, premium benefits and referral incentives.",High-value customers are likely to respond well to retention programs.
Loyalty Campaign,Customer,CUST03450,Loyal Customers,HIGH,"Provide loyalty points, member benefits and personalized offers.",Repeated booking behavior indicates strong customer engagement.
Loyalty Campaign,Customer,CUST03451,Potential Loyalists,HIGH,"Provide loyalty points, member benefits and personalized offers.",Repeated booking behavior indicates strong customer engagement.
Reactivation Campaign,Customer,CUST03452,Lost Customers,MEDIUM,Send a reactivation offer and highlight relevant routes or services.,Customer activity has declined significantly.
Loyalty Rewards,Customer,CUST03453,Champions,HIGH,"Offer loyalty rewards, premium benefits and referral incentives.",High-value customers are likely to respond well to retention programs.
Loyalty Rewards,Customer,CUST03454,Champions,HIGH,"Offer loyalty rewards, premium benefits and referral incentives.",High-value customers are likely to respond well to retention programs.
General Engagement,Customer,CUST03455,Big Spenders,LOW,Send personalized service updates and relevant offers.,Maintain customer engagement without excessive marketing cost.
Second Booking Campaign,Customer,CUST03456,New Customers,MEDIUM,Offer a first-repeat booking incentive.,The customer should be encouraged to make a second booking.
Loyalty Rewards,Customer,CUST03457,Champions,HIGH,"Offer loyalty rewards, premium benefits and referral incentives.",High-value customers are likely to respond well to retention programs.
Loyalty Campaign,Customer,CUST03458,Loyal Customers,HIGH,"Provide loyalty points, member benefits and personalized offers.",Repeated booking behavior indicates strong customer engagement.
Loyalty Rewards,Customer,CUST03459,Champions,HIGH,"Offer loyalty rewards, premium benefits and referral incentives.",High-value customers are likely to respond well to retention programs.
Win-back Campaign,Customer,CUST03460,At Risk,HIGH,Launch a personalized win-back campaign with a targeted discount.,Customer activity indicates potential churn risk.
Reactivation Campaign,Customer,CUST03461,Lost Customers,MEDIUM,Send a reactivation offer and highlight relevant routes or services.,Customer activity has declined significantly.
Win-back Campaign,Customer,CUST03462,At Risk,HIGH,Launch a personalized win-back campaign with a targeted discount.,Customer activity indicates potential churn risk.
Reactivation Campaign,Customer,CUST03463,Lost Customers,MEDIUM,Send a reactivation offer and highlight relevant routes or services.,Customer activity has declined significantly.
Reactivation Campaign,Customer,CUST03464,Lost Customers,MEDIUM,Send a reactivation offer and highlight relevant routes or services.,Customer activity has declined significantly.
Reactivation Campaign,Customer,CUST03466,Lost Customers,MEDIUM,Send a reactivation offer and highlight relevant routes or services.,Customer activity has declined significantly.
Reactivation Campaign,Customer,CUST03467,Lost Customers,MEDIUM,Send a reactivation offer and highlight relevant routes or services.,Customer activity has declined significantly.
General Engagement,Customer,CUST03469,Need Attention,LOW,Send personalized service updates and relevant offers.,Maintain customer engagement without excessive marketing cost.
Win-back Campaign,Customer,CUST03470,At Risk,HIGH,Launch a personalized win-back campaign with a targeted discount.,Customer activity indicates potential churn risk.
Win-back Campaign,Customer,CUST03471,At Risk,HIGH,Launch a personalized win-back campaign with a targeted discount.,Customer activity indicates potential churn risk.
Loyalty Campaign,Customer,CUST03472,Loyal Customers,HIGH,"Provide loyalty points, member benefits and personalized offers.",Repeated booking behavior indicates strong customer engagement.
Loyalty Rewards,Customer,CUST03473,Champions,HIGH,"Offer loyalty rewards, premium benefits and referral incentives.",High-value customers are likely to respond well to retention programs.
Loyalty Rewards,Customer,CUST03474,Champions,HIGH,"Offer loyalty rewards, premium benefits and referral incentives.",High-value customers are likely to respond well to retention programs.
Loyalty Rewards,Customer,CUST03475,Champions,HIGH,"Offer loyalty rewards, premium benefits and referral incentives.",High-value customers are likely to respond well to retention programs.
General Engagement,Customer,CUST03476,Big Spenders,LOW,Send personalized service updates and relevant offers.,Maintain customer engagement without excessive marketing cost.
Win-back Campaign,Customer,CUST03477,At Risk,HIGH,Launch a personalized win-back campaign with a targeted discount.,Customer activity indicates potential churn risk.
Win-back Campaign,Customer,CUST03478,At Risk,HIGH,Launch a personalized win-back campaign with a targeted discount.,Customer activity indicates potential churn risk.
Loyalty Campaign,Customer,CUST03479,Loyal Customers,HIGH,"Provide loyalty points, member benefits and personalized offers.",Repeated booking behavior indicates strong customer engagement.
Reactivation Campaign,Customer,CUST03480,Lost Customers,MEDIUM,Send a reactivation offer and highlight relevant routes or services.,Customer activity has declined significantly.
Win-back Campaign,Customer,CUST03481,At Risk,HIGH,Launch a personalized win-back campaign with a targeted discount.,Customer activity indicates potential churn risk.
General Engagement,Customer,CUST03482,Need Attention,LOW,Send personalized service updates and relevant offers.,Maintain customer engagement without excessive marketing cost.
Reactivation Campaign,Customer,CUST03483,Lost Customers,MEDIUM,Send a reactivation offer and highlight relevant routes or services.,Customer activity has declined significantly.
Win-back Campaign,Customer,CUST03484,At Risk,HIGH,Launch a personalized win-back campaign with a targeted discount.,Customer activity indicates potential churn risk.
Loyalty Campaign,Customer,CUST03485,Loyal Customers,HIGH,"Provide loyalty points, member benefits and personalized offers.",Repeated booking behavior indicates strong customer engagement.
Win-back Campaign,Customer,CUST03486,At Risk,HIGH,Launch a personalized win-back campaign with a targeted discount.,Customer activity indicates potential churn risk.
Loyalty Campaign,Customer,CUST03487,Loyal Customers,HIGH,"Provide loyalty points, member benefits and personalized offers.",Repeated booking behavior indicates strong customer engagement.
Loyalty Rewards,Customer,CUST03488,Champions,HIGH,"Offer loyalty rewards, premium benefits and referral incentives.",High-value customers are likely to respond well to retention programs.
Loyalty Rewards,Customer,CUST03489,Champions,HIGH,"Offer loyalty rewards, premium benefits and referral incentives.",High-value customers are likely to respond well to retention programs.
Loyalty Rewards,Customer,CUST03490,Champions,HIGH,"Offer loyalty rewards, premium benefits and referral incentives.",High-value customers are likely to respond well to retention programs.
General Engagement,Customer,CUST03491,Need Attention,LOW,Send personalized service updates and relevant offers.,Maintain customer engagement without excessive marketing cost.
Loyalty Rewards,Customer,CUST03492,Champions,HIGH,"Offer loyalty rewards, premium benefits and referral incentives.",High-value customers are likely to respond well to retention programs.
Win-back Campaign,Customer,CUST03493,At Risk,HIGH,Launch a personalized win-back campaign with a targeted discount.,Customer activity indicates potential churn risk.
Reactivation Campaign,Customer,CUST03494,Lost Customers,MEDIUM,Send a reactivation offer and highlight relevant routes or services.,Customer activity has declined significantly.
Loyalty Campaign,Customer,CUST03495,Loyal Customers,HIGH,"Provide loyalty points, member benefits and personalized offers.",Repeated booking behavior indicates strong customer engagement.
General Engagement,Customer,CUST03496,Need Attention,LOW,Send personalized service updates and relevant offers.,Maintain customer engagement without excessive marketing cost.
General Engagement,Customer,CUST03497,Need Attention,LOW,Send personalized service updates and relevant offers.,Maintain customer engagement without excessive marketing cost.
General Engagement,Customer,CUST03498,Need Attention,LOW,Send personalized service updates and relevant offers.,Maintain customer engagement without excessive marketing cost.
Loyalty Rewards,Customer,CUST03500,Champions,HIGH,"Offer loyalty rewards, premium benefits and referral incentives.",High-value customers are likely to respond well to retention programs.
Loyalty Campaign,Customer,CUST03501,Loyal Customers,HIGH,"Provide loyalty points, member benefits and personalized offers.",Repeated booking behavior indicates strong customer engagement.
Loyalty Campaign,Customer,CUST03502,Loyal Customers,HIGH,"Provide loyalty points, member benefits and personalized offers.",Repeated booking behavior indicates strong customer engagement.
Loyalty Campaign,Customer,CUST03503,Loyal Customers,HIGH,"Provide loyalty points, member benefits and personalized offers.",Repeated booking behavior indicates strong customer engagement.
Loyalty Campaign,Customer,CUST03504,Loyal Customers,HIGH,"Provide loyalty points, member benefits and personalized offers.",Repeated booking behavior indicates strong customer engagement.
Loyalty Campaign,Customer,CUST03505,Potential Loyalists,HIGH,"Provide loyalty points, member benefits and personalized offers.",Repeated booking behavior indicates strong customer engagement.
Loyalty Rewards,Customer,CUST03506,Champions,HIGH,"Offer loyalty rewards, premium benefits and referral incentives.",High-value customers are likely to respond well to retention programs.
Loyalty Rewards,Customer,CUST03507,Champions,HIGH,"Offer loyalty rewards, premium benefits and referral incentives.",High-value customers are likely to respond well to retention programs.
Loyalty Rewards,Customer,CUST03508,Champions,HIGH,"Offer loyalty rewards, premium benefits and referral incentives.",High-value customers are likely to respond well to retention programs.
Loyalty Rewards,Customer,CUST03509,Champions,HIGH,"Offer loyalty rewards, premium benefits and referral incentives.",High-value customers are likely to respond well to retention programs.
General Engagement,Customer,CUST03510,Need Attention,LOW,Send personalized service updates and relevant offers.,Maintain customer engagement without excessive marketing cost.
General Engagement,Customer,CUST03511,Need Attention,LOW,Send personalized service updates and relevant offers.,Maintain customer engagement without excessive marketing cost.
Loyalty Campaign,Customer,CUST03512,Potential Loyalists,HIGH,"Provide loyalty points, member benefits and personalized offers.",Repeated booking behavior indicates strong customer engagement.
General Engagement,Customer,CUST03513,Big Spenders,LOW,Send personalized service updates and relevant offers.,Maintain customer engagement without excessive marketing cost.
Loyalty Campaign,Customer,CUST03514,Loyal Customers,HIGH,"Provide loyalty points, member benefits and personalized offers.",Repeated booking behavior indicates strong customer engagement.
Loyalty Rewards,Customer,CUST03515,Champions,HIGH,"Offer loyalty rewards, premium benefits and referral incentives.",High-value customers are likely to respond well to retention programs.
Loyalty Campaign,Customer,CUST03517,Loyal Customers,HIGH,"Provide loyalty points, member benefits and personalized offers.",Repeated booking behavior indicates strong customer engagement.
Loyalty Campaign,Customer,CUST03518,Potential Loyalists,HIGH,"Provide loyalty points, member benefits and personalized offers.",Repeated booking behavior indicates strong customer engagement.
Loyalty Rewards,Customer,CUST03519,Champions,HIGH,"Offer loyalty rewards, premium benefits and referral incentives.",High-value customers are likely to respond well to retention programs.
Loyalty Campaign,Customer,CUST03520,Potential Loyalists,HIGH,"Provide loyalty points, member benefits and personalized offers.",Repeated booking behavior indicates strong customer engagement.
General Engagement,Customer,CUST03521,Need Attention,LOW,Send personalized service updates and relevant offers.,Maintain customer engagement without excessive marketing cost.
Loyalty Rewards,Customer,CUST03522,Champions,HIGH,"Offer loyalty rewards, premium benefits and referral incentives.",High-value customers are likely to respond well to retention programs.
Loyalty Campaign,Customer,CUST03523,Potential Loyalists,HIGH,"Provide loyalty points, member benefits and personalized offers.",Repeated booking behavior indicates strong customer engagement.
Reactivation Campaign,Customer,CUST03524,Lost Customers,MEDIUM,Send a reactivation offer and highlight relevant routes or services.,Customer activity has declined significantly.
Loyalty Campaign,Customer,CUST03525,Loyal Customers,HIGH,"Provide loyalty points, member benefits and personalized offers.",Repeated booking behavior indicates strong customer engagement.
Win-back Campaign,Customer,CUST03526,At Risk,HIGH,Launch a personalized win-back campaign with a targeted discount.,Customer activity indicates potential churn risk.
General Engagement,Customer,CUST03527,Need Attention,LOW,Send personalized service updates and relevant offers.,Maintain customer engagement without excessive marketing cost.
Loyalty Rewards,Customer,CUST03528,Champions,HIGH,"Offer loyalty rewards, premium benefits and referral incentives.",High-value customers are likely to respond well to retention programs.
Loyalty Rewards,Customer,CUST03529,Champions,HIGH,"Offer loyalty rewards, premium benefits and referral incentives.",High-value customers are likely to respond well to retention programs.
Reactivation Campaign,Customer,CUST03530,Lost Customers,MEDIUM,Send a reactivation offer and highlight relevant routes or services.,Customer activity has declined significantly.
Loyalty Campaign,Customer,CUST03531,Loyal Customers,HIGH,"Provide loyalty points, member benefits and personalized offers.",Repeated booking behavior indicates strong customer engagement.
Loyalty Campaign,Customer,CUST03532,Potential Loyalists,HIGH,"Provide loyalty points, member benefits and personalized offers.",Repeated booking behavior indicates strong customer engagement.
Loyalty Rewards,Customer,CUST03533,Champions,HIGH,"Offer loyalty rewards, premium benefits and referral incentives.",High-value customers are likely to respond well to retention programs.
General Engagement,Customer,CUST03534,Need Attention,LOW,Send personalized service updates and relevant offers.,Maintain customer engagement without excessive marketing cost.
General Engagement,Customer,CUST03535,Big Spenders,LOW,Send personalized service updates and relevant offers.,Maintain customer engagement without excessive marketing cost.
Reactivation Campaign,Customer,CUST03536,Lost Customers,MEDIUM,Send a reactivation offer and highlight relevant routes or services.,Customer activity has declined significantly.
Loyalty Rewards,Customer,CUST03537,Champions,HIGH,"Offer loyalty rewards, premium benefits and referral incentives.",High-value customers are likely to respond well to retention programs.
Reactivation Campaign,Customer,CUST03538,Lost Customers,MEDIUM,Send a reactivation offer and highlight relevant routes or services.,Customer activity has declined significantly.
Win-back Campaign,Customer,CUST03539,At Risk,HIGH,Launch a personalized win-back campaign with a targeted discount.,Customer activity indicates potential churn risk.
Win-back Campaign,Customer,CUST03540,At Risk,HIGH,Launch a personalized win-back campaign with a targeted discount.,Customer activity indicates potential churn risk.
Loyalty Campaign,Customer,CUST03541,Loyal Customers,HIGH,"Provide loyalty points, member benefits and personalized offers.",Repeated booking behavior indicates strong customer engagement.
Loyalty Campaign,Customer,CUST03542,Loyal Customers,HIGH,"Provide loyalty points, member benefits and personalized offers.",Repeated booking behavior indicates strong customer engagement.
Reactivation Campaign,Customer,CUST03543,Lost Customers,MEDIUM,Send a reactivation offer and highlight relevant routes or services.,Customer activity has declined significantly.
Second Booking Campaign,Customer,CUST03544,New Customers,MEDIUM,Offer a first-repeat booking incentive.,The customer should be encouraged to make a second booking.
Reactivation Campaign,Customer,CUST03545,Lost Customers,MEDIUM,Send a reactivation offer and highlight relevant routes or services.,Customer activity has declined significantly.
Reactivation Campaign,Customer,CUST03547,Lost Customers,MEDIUM,Send a reactivation offer and highlight relevant routes or services.,Customer activity has declined significantly.
General Engagement,Customer,CUST03548,Need Attention,LOW,Send personalized service updates and relevant offers.,Maintain customer engagement without excessive marketing cost.
Loyalty Campaign,Customer,CUST03549,Loyal Customers,HIGH,"Provide loyalty points, member benefits and personalized offers.",Repeated booking behavior indicates strong customer engagement.
Loyalty Campaign,Customer,CUST03550,Loyal Customers,HIGH,"Provide loyalty points, member benefits and personalized offers.",Repeated booking behavior indicates strong customer engagement.
Reactivation Campaign,Customer,CUST03551,Lost Customers,MEDIUM,Send a reactivation offer and highlight relevant routes or services.,Customer activity has declined significantly.
Reactivation Campaign,Customer,CUST03552,Lost Customers,MEDIUM,Send a reactivation offer and highlight relevant routes or services.,Customer activity has declined significantly.
Reactivation Campaign,Customer,CUST03553,Lost Customers,MEDIUM,Send a reactivation offer and highlight relevant routes or services.,Customer activity has declined significantly.
Win-back Campaign,Customer,CUST03554,At Risk,HIGH,Launch a personalized win-back campaign with a targeted discount.,Customer activity indicates potential churn risk.
Win-back Campaign,Customer,CUST03555,At Risk,HIGH,Launch a personalized win-back campaign with a targeted discount.,Customer activity indicates potential churn risk.
Loyalty Campaign,Customer,CUST03556,Loyal Customers,HIGH,"Provide loyalty points, member benefits and personalized offers.",Repeated booking behavior indicates strong customer engagement.
Second Booking Campaign,Customer,CUST03557,New Customers,MEDIUM,Offer a first-repeat booking incentive.,The customer should be encouraged to make a second booking.
Win-back Campaign,Customer,CUST03559,At Risk,HIGH,Launch a personalized win-back campaign with a targeted discount.,Customer activity indicates potential churn risk.
General Engagement,Customer,CUST03560,Big Spenders,LOW,Send personalized service updates and relevant offers.,Maintain customer engagement without excessive marketing cost.
Win-back Campaign,Customer,CUST03561,At Risk,HIGH,Launch a personalized win-back campaign with a targeted discount.,Customer activity indicates potential churn risk.
Reactivation Campaign,Customer,CUST03562,Lost Customers,MEDIUM,Send a reactivation offer and highlight relevant routes or services.,Customer activity has declined significantly.
General Engagement,Customer,CUST03563,Need Attention,LOW,Send personalized service updates and relevant offers.,Maintain customer engagement without excessive marketing cost.
Reactivation Campaign,Customer,CUST03564,Lost Customers,MEDIUM,Send a reactivation offer and highlight relevant routes or services.,Customer activity has declined significantly.
Second Booking Campaign,Customer,CUST03565,New Customers,MEDIUM,Offer a first-repeat booking incentive.,The customer should be encouraged to make a second booking.
Win-back Campaign,Customer,CUST03566,At Risk,HIGH,Launch a personalized win-back campaign with a targeted discount.,Customer activity indicates potential churn risk.
Loyalty Campaign,Customer,CUST03567,Potential Loyalists,HIGH,"Provide loyalty points, member benefits and personalized offers.",Repeated booking behavior indicates strong customer engagement.
Loyalty Campaign,Customer,CUST03568,Loyal Customers,HIGH,"Provide loyalty points, member benefits and personalized offers.",Repeated booking behavior indicates strong customer engagement.
Reactivation Campaign,Customer,CUST03569,Lost Customers,MEDIUM,Send a reactivation offer and highlight relevant routes or services.,Customer activity has declined significantly.
Loyalty Rewards,Customer,CUST03571,Champions,HIGH,"Offer loyalty rewards, premium benefits and referral incentives.",High-value customers are likely to respond well to retention programs.
Win-back Campaign,Customer,CUST03572,At Risk,HIGH,Launch a personalized win-back campaign with a targeted discount.,Customer activity indicates potential churn risk.
Loyalty Campaign,Customer,CUST03573,Loyal Customers,HIGH,"Provide loyalty points, member benefits and personalized offers.",Repeated booking behavior indicates strong customer engagement.
General Engagement,Customer,CUST03574,Need Attention,LOW,Send personalized service updates and relevant offers.,Maintain customer engagement without excessive marketing cost.
General Engagement,Customer,CUST03575,Need Attention,LOW,Send personalized service updates and relevant offers.,Maintain customer engagement without excessive marketing cost.
Loyalty Campaign,Customer,CUST03576,Loyal Customers,HIGH,"Provide loyalty points, member benefits and personalized offers.",Repeated booking behavior indicates strong customer engagement.
Loyalty Campaign,Customer,CUST03577,Loyal Customers,HIGH,"Provide loyalty points, member benefits and personalized offers.",Repeated booking behavior indicates strong customer engagement.
Loyalty Rewards,Customer,CUST03578,Champions,HIGH,"Offer loyalty rewards, premium benefits and referral incentives.",High-value customers are likely to respond well to retention programs.
Loyalty Campaign,Customer,CUST03579,Loyal Customers,HIGH,"Provide loyalty points, member benefits and personalized offers.",Repeated booking behavior indicates strong customer engagement.
Loyalty Rewards,Customer,CUST03580,Champions,HIGH,"Offer loyalty rewards, premium benefits and referral incentives.",High-value customers are likely to respond well to retention programs.
General Engagement,Customer,CUST03581,Need Attention,LOW,Send personalized service updates and relevant offers.,Maintain customer engagement without excessive marketing cost.
Loyalty Campaign,Customer,CUST03582,Loyal Customers,HIGH,"Provide loyalty points, member benefits and personalized offers.",Repeated booking behavior indicates strong customer engagement.
Loyalty Rewards,Customer,CUST03583,Champions,HIGH,"Offer loyalty rewards, premium benefits and referral incentives.",High-value customers are likely to respond well to retention programs.
Loyalty Rewards,Customer,CUST03584,Champions,HIGH,"Offer loyalty rewards, premium benefits and referral incentives.",High-value customers are likely to respond well to retention programs.
Reactivation Campaign,Customer,CUST03585,Lost Customers,MEDIUM,Send a reactivation offer and highlight relevant routes or services.,Customer activity has declined significantly.
Loyalty Campaign,Customer,CUST03586,Loyal Customers,HIGH,"Provide loyalty points, member benefits and personalized offers.",Repeated booking behavior indicates strong customer engagement.
Loyalty Campaign,Customer,CUST03587,Potential Loyalists,HIGH,"Provide loyalty points, member benefits and personalized offers.",Repeated booking behavior indicates strong customer engagement.
Second Booking Campaign,Customer,CUST03588,New Customers,MEDIUM,Offer a first-repeat booking incentive.,The customer should be encouraged to make a second booking.
Loyalty Campaign,Customer,CUST03589,Loyal Customers,HIGH,"Provide loyalty points, member benefits and personalized offers.",Repeated booking behavior indicates strong customer engagement.
General Engagement,Customer,CUST03590,Need Attention,LOW,Send personalized service updates and relevant offers.,Maintain customer engagement without excessive marketing cost.
Loyalty Campaign,Customer,CUST03591,Potential Loyalists,HIGH,"Provide loyalty points, member benefits and personalized offers.",Repeated booking behavior indicates strong customer engagement.
Loyalty Rewards,Customer,CUST03592,Champions,HIGH,"Offer loyalty rewards, premium benefits and referral incentives.",High-value customers are likely to respond well to retention programs.
General Engagement,Customer,CUST03593,Need Attention,LOW,Send personalized service updates and relevant offers.,Maintain customer engagement without excessive marketing cost.
General Engagement,Customer,CUST03594,Need Attention,LOW,Send personalized service updates and relevant offers.,Maintain customer engagement without excessive marketing cost.
Reactivation Campaign,Customer,CUST03595,Lost Customers,MEDIUM,Send a reactivation offer and highlight relevant routes or services.,Customer activity has declined significantly.
General Engagement,Customer,CUST03596,Need Attention,LOW,Send personalized service updates and relevant offers.,Maintain customer engagement without excessive marketing cost.
General Engagement,Customer,CUST03597,Need Attention,LOW,Send personalized service updates and relevant offers.,Maintain customer engagement without excessive marketing cost.
Reactivation Campaign,Customer,CUST03598,Lost Customers,MEDIUM,Send a reactivation offer and highlight relevant routes or services.,Customer activity has declined significantly.
Loyalty Rewards,Customer,CUST03600,Champions,HIGH,"Offer loyalty rewards, premium benefits and referral incentives.",High-value customers are likely to respond well to retention programs.
Win-back Campaign,Customer,CUST03601,At Risk,HIGH,Launch a personalized win-back campaign with a targeted discount.,Customer activity indicates potential churn risk.
Loyalty Campaign,Customer,CUST03603,Loyal Customers,HIGH,"Provide loyalty points, member benefits and personalized offers.",Repeated booking behavior indicates strong customer engagement.
General Engagement,Customer,CUST03604,Need Attention,LOW,Send personalized service updates and relevant offers.,Maintain customer engagement without excessive marketing cost.
General Engagement,Customer,CUST03605,Need Attention,LOW,Send personalized service updates and relevant offers.,Maintain customer engagement without excessive marketing cost.
General Engagement,Customer,CUST03606,Big Spenders,LOW,Send personalized service updates and relevant offers.,Maintain customer engagement without excessive marketing cost.
Reactivation Campaign,Customer,CUST03607,Lost Customers,MEDIUM,Send a reactivation offer and highlight relevant routes or services.,Customer activity has declined significantly.
Loyalty Rewards,Customer,CUST03608,Champions,HIGH,"Offer loyalty rewards, premium benefits and referral incentives.",High-value customers are likely to respond well to retention programs.
Loyalty Campaign,Customer,CUST03609,Loyal Customers,HIGH,"Provide loyalty points, member benefits and personalized offers.",Repeated booking behavior indicates strong customer engagement.
Loyalty Rewards,Customer,CUST03610,Champions,HIGH,"Offer loyalty rewards, premium benefits and referral incentives.",High-value customers are likely to respond well to retention programs.
Loyalty Campaign,Customer,CUST03611,Loyal Customers,HIGH,"Provide loyalty points, member benefits and personalized offers.",Repeated booking behavior indicates strong customer engagement.
Loyalty Campaign,Customer,CUST03612,Loyal Customers,HIGH,"Provide loyalty points, member benefits and personalized offers.",Repeated booking behavior indicates strong customer engagement.
Loyalty Rewards,Customer,CUST03613,Champions,HIGH,"Offer loyalty rewards, premium benefits and referral incentives.",High-value customers are likely to respond well to retention programs.
Loyalty Rewards,Customer,CUST03614,Champions,HIGH,"Offer loyalty rewards, premium benefits and referral incentives.",High-value customers are likely to respond well to retention programs.
Loyalty Rewards,Customer,CUST03615,Champions,HIGH,"Offer loyalty rewards, premium benefits and referral incentives.",High-value customers are likely to respond well to retention programs.
Loyalty Rewards,Customer,CUST03616,Champions,HIGH,"Offer loyalty rewards, premium benefits and referral incentives.",High-value customers are likely to respond well to retention programs.
Reactivation Campaign,Customer,CUST03617,Lost Customers,MEDIUM,Send a reactivation offer and highlight relevant routes or services.,Customer activity has declined significantly.
Loyalty Campaign,Customer,CUST03618,Loyal Customers,HIGH,"Provide loyalty points, member benefits and personalized offers.",Repeated booking behavior indicates strong customer engagement.
General Engagement,Customer,CUST03619,Big Spenders,LOW,Send personalized service updates and relevant offers.,Maintain customer engagement without excessive marketing cost.
Reactivation Campaign,Customer,CUST03620,Lost Customers,MEDIUM,Send a reactivation offer and highlight relevant routes or services.,Customer activity has declined significantly.
Win-back Campaign,Customer,CUST03621,At Risk,HIGH,Launch a personalized win-back campaign with a targeted discount.,Customer activity indicates potential churn risk.
Loyalty Campaign,Customer,CUST03622,Loyal Customers,HIGH,"Provide loyalty points, member benefits and personalized offers.",Repeated booking behavior indicates strong customer engagement.
Loyalty Campaign,Customer,CUST03623,Potential Loyalists,HIGH,"Provide loyalty points, member benefits and personalized offers.",Repeated booking behavior indicates strong customer engagement.
General Engagement,Customer,CUST03624,Need Attention,LOW,Send personalized service updates and relevant offers.,Maintain customer engagement without excessive marketing cost.
Win-back Campaign,Customer,CUST03625,At Risk,HIGH,Launch a personalized win-back campaign with a targeted discount.,Customer activity indicates potential churn risk.
Loyalty Campaign,Customer,CUST03626,Loyal Customers,HIGH,"Provide loyalty points, member benefits and personalized offers.",Repeated booking behavior indicates strong customer engagement.
Loyalty Campaign,Customer,CUST03627,Potential Loyalists,HIGH,"Provide loyalty points, member benefits and personalized offers.",Repeated booking behavior indicates strong customer engagement.
Second Booking Campaign,Customer,CUST03628,New Customers,MEDIUM,Offer a first-repeat booking incentive.,The customer should be encouraged to make a second booking.
General Engagement,Customer,CUST03629,Need Attention,LOW,Send personalized service updates and relevant offers.,Maintain customer engagement without excessive marketing cost.
Loyalty Rewards,Customer,CUST03630,Champions,HIGH,"Offer loyalty rewards, premium benefits and referral incentives.",High-value customers are likely to respond well to retention programs.
Win-back Campaign,Customer,CUST03631,At Risk,HIGH,Launch a personalized win-back campaign with a targeted discount.,Customer activity indicates potential churn risk.
Loyalty Rewards,Customer,CUST03632,Champions,HIGH,"Offer loyalty rewards, premium benefits and referral incentives.",High-value customers are likely to respond well to retention programs.
Loyalty Rewards,Customer,CUST03633,Champions,HIGH,"Offer loyalty rewards, premium benefits and referral incentives.",High-value customers are likely to respond well to retention programs.
General Engagement,Customer,CUST03634,Need Attention,LOW,Send personalized service updates and relevant offers.,Maintain customer engagement without excessive marketing cost.
Loyalty Rewards,Customer,CUST03635,Champions,HIGH,"Offer loyalty rewards, premium benefits and referral incentives.",High-value customers are likely to respond well to retention programs.
Loyalty Rewards,Customer,CUST03636,Champions,HIGH,"Offer loyalty rewards, premium benefits and referral incentives.",High-value customers are likely to respond well to retention programs.
Win-back Campaign,Customer,CUST03637,At Risk,HIGH,Launch a personalized win-back campaign with a targeted discount.,Customer activity indicates potential churn risk.
Loyalty Rewards,Customer,CUST03638,Champions,HIGH,"Offer loyalty rewards, premium benefits and referral incentives.",High-value customers are likely to respond well to retention programs.
Reactivation Campaign,Customer,CUST03639,Lost Customers,MEDIUM,Send a reactivation offer and highlight relevant routes or services.,Customer activity has declined significantly.
Reactivation Campaign,Customer,CUST03640,Lost Customers,MEDIUM,Send a reactivation offer and highlight relevant routes or services.,Customer activity has declined significantly.
General Engagement,Customer,CUST03641,Need Attention,LOW,Send personalized service updates and relevant offers.,Maintain customer engagement without excessive marketing cost.
Reactivation Campaign,Customer,CUST03642,Lost Customers,MEDIUM,Send a reactivation offer and highlight relevant routes or services.,Customer activity has declined significantly.
Loyalty Rewards,Customer,CUST03643,Champions,HIGH,"Offer loyalty rewards, premium benefits and referral incentives.",High-value customers are likely to respond well to retention programs.
Reactivation Campaign,Customer,CUST03644,Lost Customers,MEDIUM,Send a reactivation offer and highlight relevant routes or services.,Customer activity has declined significantly.
Loyalty Campaign,Customer,CUST03645,Loyal Customers,HIGH,"Provide loyalty points, member benefits and personalized offers.",Repeated booking behavior indicates strong customer engagement.
Win-back Campaign,Customer,CUST03646,At Risk,HIGH,Launch a personalized win-back campaign with a targeted discount.,Customer activity indicates potential churn risk.
General Engagement,Customer,CUST03647,Need Attention,LOW,Send personalized service updates and relevant offers.,Maintain customer engagement without excessive marketing cost.
Loyalty Rewards,Customer,CUST03648,Champions,HIGH,"Offer loyalty rewards, premium benefits and referral incentives.",High-value customers are likely to respond well to retention programs.
Win-back Campaign,Customer,CUST03649,At Risk,HIGH,Launch a personalized win-back campaign with a targeted discount.,Customer activity indicates potential churn risk.
General Engagement,Customer,CUST03650,Need Attention,LOW,Send personalized service updates and relevant offers.,Maintain customer engagement without excessive marketing cost.
Loyalty Campaign,Customer,CUST03651,Potential Loyalists,HIGH,"Provide loyalty points, member benefits and personalized offers.",Repeated booking behavior indicates strong customer engagement.
Loyalty Campaign,Customer,CUST03652,Potential Loyalists,HIGH,"Provide loyalty points, member benefits and personalized offers.",Repeated booking behavior indicates strong customer engagement.
Reactivation Campaign,Customer,CUST03653,Lost Customers,MEDIUM,Send a reactivation offer and highlight relevant routes or services.,Customer activity has declined significantly.
General Engagement,Customer,CUST03654,Need Attention,LOW,Send personalized service updates and relevant offers.,Maintain customer engagement without excessive marketing cost.
Loyalty Campaign,Customer,CUST03655,Potential Loyalists,HIGH,"Provide loyalty points, member benefits and personalized offers.",Repeated booking behavior indicates strong customer engagement.
Loyalty Campaign,Customer,CUST03656,Loyal Customers,HIGH,"Provide loyalty points, member benefits and personalized offers.",Repeated booking behavior indicates strong customer engagement.
General Engagement,Customer,CUST03658,Need Attention,LOW,Send personalized service updates and relevant offers.,Maintain customer engagement without excessive marketing cost.
Reactivation Campaign,Customer,CUST03659,Lost Customers,MEDIUM,Send a reactivation offer and highlight relevant routes or services.,Customer activity has declined significantly.
Win-back Campaign,Customer,CUST03660,At Risk,HIGH,Launch a personalized win-back campaign with a targeted discount.,Customer activity indicates potential churn risk.
Win-back Campaign,Customer,CUST03661,At Risk,HIGH,Launch a personalized win-back campaign with a targeted discount.,Customer activity indicates potential churn risk.
Reactivation Campaign,Customer,CUST03662,Lost Customers,MEDIUM,Send a reactivation offer and highlight relevant routes or services.,Customer activity has declined significantly.
Win-back Campaign,Customer,CUST03663,At Risk,HIGH,Launch a personalized win-back campaign with a targeted discount.,Customer activity indicates potential churn risk.
Loyalty Rewards,Customer,CUST03664,Champions,HIGH,"Offer loyalty rewards, premium benefits and referral incentives.",High-value customers are likely to respond well to retention programs.
Loyalty Rewards,Customer,CUST03665,Champions,HIGH,"Offer loyalty rewards, premium benefits and referral incentives.",High-value customers are likely to respond well to retention programs.
Loyalty Campaign,Customer,CUST03666,Loyal Customers,HIGH,"Provide loyalty points, member benefits and personalized offers.",Repeated booking behavior indicates strong customer engagement.
Win-back Campaign,Customer,CUST03667,At Risk,HIGH,Launch a personalized win-back campaign with a targeted discount.,Customer activity indicates potential churn risk.
Win-back Campaign,Customer,CUST03668,At Risk,HIGH,Launch a personalized win-back campaign with a targeted discount.,Customer activity indicates potential churn risk.
Reactivation Campaign,Customer,CUST03669,Lost Customers,MEDIUM,Send a reactivation offer and highlight relevant routes or services.,Customer activity has declined significantly.
Reactivation Campaign,Customer,CUST03670,Lost Customers,MEDIUM,Send a reactivation offer and highlight relevant routes or services.,Customer activity has declined significantly.
Loyalty Campaign,Customer,CUST03671,Loyal Customers,HIGH,"Provide loyalty points, member benefits and personalized offers.",Repeated booking behavior indicates strong customer engagement.
Loyalty Campaign,Customer,CUST03672,Loyal Customers,HIGH,"Provide loyalty points, member benefits and personalized offers.",Repeated booking behavior indicates strong customer engagement.
Reactivation Campaign,Customer,CUST03673,Lost Customers,MEDIUM,Send a reactivation offer and highlight relevant routes or services.,Customer activity has declined significantly.
Loyalty Campaign,Customer,CUST03674,Loyal Customers,HIGH,"Provide loyalty points, member benefits and personalized offers.",Repeated booking behavior indicates strong customer engagement.
Loyalty Campaign,Customer,CUST03675,Loyal Customers,HIGH,"Provide loyalty points, member benefits and personalized offers.",Repeated booking behavior indicates strong customer engagement.
Win-back Campaign,Customer,CUST03676,At Risk,HIGH,Launch a personalized win-back campaign with a targeted discount.,Customer activity indicates potential churn risk.
Loyalty Rewards,Customer,CUST03677,Champions,HIGH,"Offer loyalty rewards, premium benefits and referral incentives.",High-value customers are likely to respond well to retention programs.
Loyalty Campaign,Customer,CUST03678,Loyal Customers,HIGH,"Provide loyalty points, member benefits and personalized offers.",Repeated booking behavior indicates strong customer engagement.
Loyalty Rewards,Customer,CUST03679,Champions,HIGH,"Offer loyalty rewards, premium benefits and referral incentives.",High-value customers are likely to respond well to retention programs.
Win-back Campaign,Customer,CUST03680,At Risk,HIGH,Launch a personalized win-back campaign with a targeted discount.,Customer activity indicates potential churn risk.
Reactivation Campaign,Customer,CUST03681,Lost Customers,MEDIUM,Send a reactivation offer and highlight relevant routes or services.,Customer activity has declined significantly.
Loyalty Rewards,Customer,CUST03682,Champions,HIGH,"Offer loyalty rewards, premium benefits and referral incentives.",High-value customers are likely to respond well to retention programs.
Win-back Campaign,Customer,CUST03683,At Risk,HIGH,Launch a personalized win-back campaign with a targeted discount.,Customer activity indicates potential churn risk.
Reactivation Campaign,Customer,CUST03684,Lost Customers,MEDIUM,Send a reactivation offer and highlight relevant routes or services.,Customer activity has declined significantly.
Win-back Campaign,Customer,CUST03685,At Risk,HIGH,Launch a personalized win-back campaign with a targeted discount.,Customer activity indicates potential churn risk.
Loyalty Rewards,Customer,CUST03686,Champions,HIGH,"Offer loyalty rewards, premium benefits and referral incentives.",High-value customers are likely to respond well to retention programs.
General Engagement,Customer,CUST03687,Need Attention,LOW,Send personalized service updates and relevant offers.,Maintain customer engagement without excessive marketing cost.
Loyalty Rewards,Customer,CUST03688,Champions,HIGH,"Offer loyalty rewards, premium benefits and referral incentives.",High-value customers are likely to respond well to retention programs.
Loyalty Rewards,Customer,CUST03689,Champions,HIGH,"Offer loyalty rewards, premium benefits and referral incentives.",High-value customers are likely to respond well to retention programs.
Win-back Campaign,Customer,CUST03690,At Risk,HIGH,Launch a personalized win-back campaign with a targeted discount.,Customer activity indicates potential churn risk.
Second Booking Campaign,Customer,CUST03691,New Customers,MEDIUM,Offer a first-repeat booking incentive.,The customer should be encouraged to make a second booking.
General Engagement,Customer,CUST03693,Need Attention,LOW,Send personalized service updates and relevant offers.,Maintain customer engagement without excessive marketing cost.
General Engagement,Customer,CUST03694,Need Attention,LOW,Send personalized service updates and relevant offers.,Maintain customer engagement without excessive marketing cost.
General Engagement,Customer,CUST03695,Need Attention,LOW,Send personalized service updates and relevant offers.,Maintain customer engagement without excessive marketing cost.
Win-back Campaign,Customer,CUST03696,At Risk,HIGH,Launch a personalized win-back campaign with a targeted discount.,Customer activity indicates potential churn risk.
Loyalty Campaign,Customer,CUST03697,Loyal Customers,HIGH,"Provide loyalty points, member benefits and personalized offers.",Repeated booking behavior indicates strong customer engagement.
Win-back Campaign,Customer,CUST03698,At Risk,HIGH,Launch a personalized win-back campaign with a targeted discount.,Customer activity indicates potential churn risk.
Loyalty Rewards,Customer,CUST03699,Champions,HIGH,"Offer loyalty rewards, premium benefits and referral incentives.",High-value customers are likely to respond well to retention programs.
Second Booking Campaign,Customer,CUST03700,New Customers,MEDIUM,Offer a first-repeat booking incentive.,The customer should be encouraged to make a second booking.
Loyalty Rewards,Customer,CUST03701,Champions,HIGH,"Offer loyalty rewards, premium benefits and referral incentives.",High-value customers are likely to respond well to retention programs.
Loyalty Campaign,Customer,CUST03702,Loyal Customers,HIGH,"Provide loyalty points, member benefits and personalized offers.",Repeated booking behavior indicates strong customer engagement.
Win-back Campaign,Customer,CUST03704,At Risk,HIGH,Launch a personalized win-back campaign with a targeted discount.,Customer activity indicates potential churn risk.
Second Booking Campaign,Customer,CUST03705,New Customers,MEDIUM,Offer a first-repeat booking incentive.,The customer should be encouraged to make a second booking.
Win-back Campaign,Customer,CUST03706,At Risk,HIGH,Launch a personalized win-back campaign with a targeted discount.,Customer activity indicates potential churn risk.
Win-back Campaign,Customer,CUST03707,At Risk,HIGH,Launch a personalized win-back campaign with a targeted discount.,Customer activity indicates potential churn risk.
Win-back Campaign,Customer,CUST03708,At Risk,HIGH,Launch a personalized win-back campaign with a targeted discount.,Customer activity indicates potential churn risk.
Win-back Campaign,Customer,CUST03709,At Risk,HIGH,Launch a personalized win-back campaign with a targeted discount.,Customer activity indicates potential churn risk.
Loyalty Rewards,Customer,CUST03710,Champions,HIGH,"Offer loyalty rewards, premium benefits and referral incentives.",High-value customers are likely to respond well to retention programs.
General Engagement,Customer,CUST03711,Need Attention,LOW,Send personalized service updates and relevant offers.,Maintain customer engagement without excessive marketing cost.
Loyalty Campaign,Customer,CUST03712,Loyal Customers,HIGH,"Provide loyalty points, member benefits and personalized offers.",Repeated booking behavior indicates strong customer engagement.
General Engagement,Customer,CUST03713,Need Attention,LOW,Send personalized service updates and relevant offers.,Maintain customer engagement without excessive marketing cost.
Loyalty Rewards,Customer,CUST03714,Champions,HIGH,"Offer loyalty rewards, premium benefits and referral incentives.",High-value customers are likely to respond well to retention programs.
Loyalty Rewards,Customer,CUST03715,Champions,HIGH,"Offer loyalty rewards, premium benefits and referral incentives.",High-value customers are likely to respond well to retention programs.
General Engagement,Customer,CUST03716,Big Spenders,LOW,Send personalized service updates and relevant offers.,Maintain customer engagement without excessive marketing cost.
Loyalty Rewards,Customer,CUST03717,Champions,HIGH,"Offer loyalty rewards, premium benefits and referral incentives.",High-value customers are likely to respond well to retention programs.
General Engagement,Customer,CUST03718,Need Attention,LOW,Send personalized service updates and relevant offers.,Maintain customer engagement without excessive marketing cost.
General Engagement,Customer,CUST03719,Big Spenders,LOW,Send personalized service updates and relevant offers.,Maintain customer engagement without excessive marketing cost.
Win-back Campaign,Customer,CUST03720,At Risk,HIGH,Launch a personalized win-back campaign with a targeted discount.,Customer activity indicates potential churn risk.
General Engagement,Customer,CUST03721,Need Attention,LOW,Send personalized service updates and relevant offers.,Maintain customer engagement without excessive marketing cost.
General Engagement,Customer,CUST03722,Need Attention,LOW,Send personalized service updates and relevant offers.,Maintain customer engagement without excessive marketing cost.
Win-back Campaign,Customer,CUST03723,At Risk,HIGH,Launch a personalized win-back campaign with a targeted discount.,Customer activity indicates potential churn risk.
Loyalty Rewards,Customer,CUST03724,Champions,HIGH,"Offer loyalty rewards, premium benefits and referral incentives.",High-value customers are likely to respond well to retention programs.
Win-back Campaign,Customer,CUST03725,At Risk,HIGH,Launch a personalized win-back campaign with a targeted discount.,Customer activity indicates potential churn risk.
General Engagement,Customer,CUST03726,Big Spenders,LOW,Send personalized service updates and relevant offers.,Maintain customer engagement without excessive marketing cost.
Loyalty Rewards,Customer,CUST03727,Champions,HIGH,"Offer loyalty rewards, premium benefits and referral incentives.",High-value customers are likely to respond well to retention programs.
Loyalty Campaign,Customer,CUST03728,Loyal Customers,HIGH,"Provide loyalty points, member benefits and personalized offers.",Repeated booking behavior indicates strong customer engagement.
Win-back Campaign,Customer,CUST03729,At Risk,HIGH,Launch a personalized win-back campaign with a targeted discount.,Customer activity indicates potential churn risk.
Reactivation Campaign,Customer,CUST03730,Lost Customers,MEDIUM,Send a reactivation offer and highlight relevant routes or services.,Customer activity has declined significantly.
Reactivation Campaign,Customer,CUST03731,Lost Customers,MEDIUM,Send a reactivation offer and highlight relevant routes or services.,Customer activity has declined significantly.
Loyalty Rewards,Customer,CUST03732,Champions,HIGH,"Offer loyalty rewards, premium benefits and referral incentives.",High-value customers are likely to respond well to retention programs.
Second Booking Campaign,Customer,CUST03733,New Customers,MEDIUM,Offer a first-repeat booking incentive.,The customer should be encouraged to make a second booking.
General Engagement,Customer,CUST03734,Need Attention,LOW,Send personalized service updates and relevant offers.,Maintain customer engagement without excessive marketing cost.
General Engagement,Customer,CUST03735,Need Attention,LOW,Send personalized service updates and relevant offers.,Maintain customer engagement without excessive marketing cost.
Second Booking Campaign,Customer,CUST03736,New Customers,MEDIUM,Offer a first-repeat booking incentive.,The customer should be encouraged to make a second booking.
Loyalty Rewards,Customer,CUST03737,Champions,HIGH,"Offer loyalty rewards, premium benefits and referral incentives.",High-value customers are likely to respond well to retention programs.
Loyalty Campaign,Customer,CUST03738,Loyal Customers,HIGH,"Provide loyalty points, member benefits and personalized offers.",Repeated booking behavior indicates strong customer engagement.
General Engagement,Customer,CUST03739,Need Attention,LOW,Send personalized service updates and relevant offers.,Maintain customer engagement without excessive marketing cost.
General Engagement,Customer,CUST03740,Need Attention,LOW,Send personalized service updates and relevant offers.,Maintain customer engagement without excessive marketing cost.
General Engagement,Customer,CUST03741,Need Attention,LOW,Send personalized service updates and relevant offers.,Maintain customer engagement without excessive marketing cost.
Loyalty Campaign,Customer,CUST03742,Loyal Customers,HIGH,"Provide loyalty points, member benefits and personalized offers.",Repeated booking behavior indicates strong customer engagement.
Win-back Campaign,Customer,CUST03743,At Risk,HIGH,Launch a personalized win-back campaign with a targeted discount.,Customer activity indicates potential churn risk.
Win-back Campaign,Customer,CUST03744,At Risk,HIGH,Launch a personalized win-back campaign with a targeted discount.,Customer activity indicates potential churn risk.
Reactivation Campaign,Customer,CUST03745,Lost Customers,MEDIUM,Send a reactivation offer and highlight relevant routes or services.,Customer activity has declined significantly.
Loyalty Campaign,Customer,CUST03746,Potential Loyalists,HIGH,"Provide loyalty points, member benefits and personalized offers.",Repeated booking behavior indicates strong customer engagement.
Loyalty Rewards,Customer,CUST03747,Champions,HIGH,"Offer loyalty rewards, premium benefits and referral incentives.",High-value customers are likely to respond well to retention programs.
General Engagement,Customer,CUST03748,Big Spenders,LOW,Send personalized service updates and relevant offers.,Maintain customer engagement without excessive marketing cost.
Second Booking Campaign,Customer,CUST03749,New Customers,MEDIUM,Offer a first-repeat booking incentive.,The customer should be encouraged to make a second booking.
Win-back Campaign,Customer,CUST03750,At Risk,HIGH,Launch a personalized win-back campaign with a targeted discount.,Customer activity indicates potential churn risk.
General Engagement,Customer,CUST03751,Need Attention,LOW,Send personalized service updates and relevant offers.,Maintain customer engagement without excessive marketing cost.
General Engagement,Customer,CUST03752,Big Spenders,LOW,Send personalized service updates and relevant offers.,Maintain customer engagement without excessive marketing cost.
General Engagement,Customer,CUST03753,Need Attention,LOW,Send personalized service updates and relevant offers.,Maintain customer engagement without excessive marketing cost.
Win-back Campaign,Customer,CUST03754,At Risk,HIGH,Launch a personalized win-back campaign with a targeted discount.,Customer activity indicates potential churn risk.
Loyalty Rewards,Customer,CUST03755,Champions,HIGH,"Offer loyalty rewards, premium benefits and referral incentives.",High-value customers are likely to respond well to retention programs.
Loyalty Rewards,Customer,CUST03756,Champions,HIGH,"Offer loyalty rewards, premium benefits and referral incentives.",High-value customers are likely to respond well to retention programs.
Reactivation Campaign,Customer,CUST03757,Lost Customers,MEDIUM,Send a reactivation offer and highlight relevant routes or services.,Customer activity has declined significantly.
Loyalty Rewards,Customer,CUST03758,Champions,HIGH,"Offer loyalty rewards, premium benefits and referral incentives.",High-value customers are likely to respond well to retention programs.
Loyalty Campaign,Customer,CUST03759,Loyal Customers,HIGH,"Provide loyalty points, member benefits and personalized offers.",Repeated booking behavior indicates strong customer engagement.
Loyalty Rewards,Customer,CUST03760,Champions,HIGH,"Offer loyalty rewards, premium benefits and referral incentives.",High-value customers are likely to respond well to retention programs.
General Engagement,Customer,CUST03761,Need Attention,LOW,Send personalized service updates and relevant offers.,Maintain customer engagement without excessive marketing cost.
Loyalty Campaign,Customer,CUST03762,Potential Loyalists,HIGH,"Provide loyalty points, member benefits and personalized offers.",Repeated booking behavior indicates strong customer engagement.
General Engagement,Customer,CUST03764,Need Attention,LOW,Send personalized service updates and relevant offers.,Maintain customer engagement without excessive marketing cost.
Win-back Campaign,Customer,CUST03765,At Risk,HIGH,Launch a personalized win-back campaign with a targeted discount.,Customer activity indicates potential churn risk.
Reactivation Campaign,Customer,CUST03766,Lost Customers,MEDIUM,Send a reactivation offer and highlight relevant routes or services.,Customer activity has declined significantly.
Win-back Campaign,Customer,CUST03767,At Risk,HIGH,Launch a personalized win-back campaign with a targeted discount.,Customer activity indicates potential churn risk.
Reactivation Campaign,Customer,CUST03768,Lost Customers,MEDIUM,Send a reactivation offer and highlight relevant routes or services.,Customer activity has declined significantly.
Win-back Campaign,Customer,CUST03773,At Risk,HIGH,Launch a personalized win-back campaign with a targeted discount.,Customer activity indicates potential churn risk.
General Engagement,Customer,CUST03774,Need Attention,LOW,Send personalized service updates and relevant offers.,Maintain customer engagement without excessive marketing cost.
Loyalty Rewards,Customer,CUST03775,Champions,HIGH,"Offer loyalty rewards, premium benefits and referral incentives.",High-value customers are likely to respond well to retention programs.
Win-back Campaign,Customer,CUST03776,At Risk,HIGH,Launch a personalized win-back campaign with a targeted discount.,Customer activity indicates potential churn risk.
Reactivation Campaign,Customer,CUST03777,Lost Customers,MEDIUM,Send a reactivation offer and highlight relevant routes or services.,Customer activity has declined significantly.
Win-back Campaign,Customer,CUST03778,At Risk,HIGH,Launch a personalized win-back campaign with a targeted discount.,Customer activity indicates potential churn risk.
Loyalty Rewards,Customer,CUST03779,Champions,HIGH,"Offer loyalty rewards, premium benefits and referral incentives.",High-value customers are likely to respond well to retention programs.
Reactivation Campaign,Customer,CUST03780,Lost Customers,MEDIUM,Send a reactivation offer and highlight relevant routes or services.,Customer activity has declined significantly.
General Engagement,Customer,CUST03781,Big Spenders,LOW,Send personalized service updates and relevant offers.,Maintain customer engagement without excessive marketing cost.
Loyalty Campaign,Customer,CUST03782,Loyal Customers,HIGH,"Provide loyalty points, member benefits and personalized offers.",Repeated booking behavior indicates strong customer engagement.
Loyalty Rewards,Customer,CUST03783,Champions,HIGH,"Offer loyalty rewards, premium benefits and referral incentives.",High-value customers are likely to respond well to retention programs.
Win-back Campaign,Customer,CUST03784,At Risk,HIGH,Launch a personalized win-back campaign with a targeted discount.,Customer activity indicates potential churn risk.
General Engagement,Customer,CUST03785,Need Attention,LOW,Send personalized service updates and relevant offers.,Maintain customer engagement without excessive marketing cost.
Second Booking Campaign,Customer,CUST03786,New Customers,MEDIUM,Offer a first-repeat booking incentive.,The customer should be encouraged to make a second booking.
Loyalty Rewards,Customer,CUST03787,Champions,HIGH,"Offer loyalty rewards, premium benefits and referral incentives.",High-value customers are likely to respond well to retention programs.
Win-back Campaign,Customer,CUST03788,At Risk,HIGH,Launch a personalized win-back campaign with a targeted discount.,Customer activity indicates potential churn risk.
Win-back Campaign,Customer,CUST03789,At Risk,HIGH,Launch a personalized win-back campaign with a targeted discount.,Customer activity indicates potential churn risk.
Loyalty Rewards,Customer,CUST03790,Champions,HIGH,"Offer loyalty rewards, premium benefits and referral incentives.",High-value customers are likely to respond well to retention programs.
Win-back Campaign,Customer,CUST03791,At Risk,HIGH,Launch a personalized win-back campaign with a targeted discount.,Customer activity indicates potential churn risk.
Loyalty Rewards,Customer,CUST03792,Champions,HIGH,"Offer loyalty rewards, premium benefits and referral incentives.",High-value customers are likely to respond well to retention programs.
Loyalty Campaign,Customer,CUST03793,Loyal Customers,HIGH,"Provide loyalty points, member benefits and personalized offers.",Repeated booking behavior indicates strong customer engagement.
Loyalty Campaign,Customer,CUST03794,Potential Loyalists,HIGH,"Provide loyalty points, member benefits and personalized offers.",Repeated booking behavior indicates strong customer engagement.
Win-back Campaign,Customer,CUST03795,At Risk,HIGH,Launch a personalized win-back campaign with a targeted discount.,Customer activity indicates potential churn risk.
General Engagement,Customer,CUST03796,Need Attention,LOW,Send personalized service updates and relevant offers.,Maintain customer engagement without excessive marketing cost.
Win-back Campaign,Customer,CUST03797,At Risk,HIGH,Launch a personalized win-back campaign with a targeted discount.,Customer activity indicates potential churn risk.
Loyalty Rewards,Customer,CUST03798,Champions,HIGH,"Offer loyalty rewards, premium benefits and referral incentives.",High-value customers are likely to respond well to retention programs.
Reactivation Campaign,Customer,CUST03799,Lost Customers,MEDIUM,Send a reactivation offer and highlight relevant routes or services.,Customer activity has declined significantly.
Win-back Campaign,Customer,CUST03800,At Risk,HIGH,Launch a personalized win-back campaign with a targeted discount.,Customer activity indicates potential churn risk.
General Engagement,Customer,CUST03801,Need Attention,LOW,Send personalized service updates and relevant offers.,Maintain customer engagement without excessive marketing cost.
Loyalty Campaign,Customer,CUST03802,Loyal Customers,HIGH,"Provide loyalty points, member benefits and personalized offers.",Repeated booking behavior indicates strong customer engagement.
General Engagement,Customer,CUST03803,Need Attention,LOW,Send personalized service updates and relevant offers.,Maintain customer engagement without excessive marketing cost.
Win-back Campaign,Customer,CUST03804,At Risk,HIGH,Launch a personalized win-back campaign with a targeted discount.,Customer activity indicates potential churn risk.
Win-back Campaign,Customer,CUST03805,At Risk,HIGH,Launch a personalized win-back campaign with a targeted discount.,Customer activity indicates potential churn risk.
Loyalty Rewards,Customer,CUST03806,Champions,HIGH,"Offer loyalty rewards, premium benefits and referral incentives.",High-value customers are likely to respond well to retention programs.
General Engagement,Customer,CUST03807,Need Attention,LOW,Send personalized service updates and relevant offers.,Maintain customer engagement without excessive marketing cost.
General Engagement,Customer,CUST03808,Big Spenders,LOW,Send personalized service updates and relevant offers.,Maintain customer engagement without excessive marketing cost.
General Engagement,Customer,CUST03809,Need Attention,LOW,Send personalized service updates and relevant offers.,Maintain customer engagement without excessive marketing cost.
Loyalty Campaign,Customer,CUST03810,Loyal Customers,HIGH,"Provide loyalty points, member benefits and personalized offers.",Repeated booking behavior indicates strong customer engagement.
Loyalty Campaign,Customer,CUST03811,Loyal Customers,HIGH,"Provide loyalty points, member benefits and personalized offers.",Repeated booking behavior indicates strong customer engagement.
General Engagement,Customer,CUST03812,Need Attention,LOW,Send personalized service updates and relevant offers.,Maintain customer engagement without excessive marketing cost.
Loyalty Campaign,Customer,CUST03813,Loyal Customers,HIGH,"Provide loyalty points, member benefits and personalized offers.",Repeated booking behavior indicates strong customer engagement.
Loyalty Campaign,Customer,CUST03814,Potential Loyalists,HIGH,"Provide loyalty points, member benefits and personalized offers.",Repeated booking behavior indicates strong customer engagement.
General Engagement,Customer,CUST03815,Need Attention,LOW,Send personalized service updates and relevant offers.,Maintain customer engagement without excessive marketing cost.
Win-back Campaign,Customer,CUST03816,At Risk,HIGH,Launch a personalized win-back campaign with a targeted discount.,Customer activity indicates potential churn risk.
Loyalty Campaign,Customer,CUST03817,Loyal Customers,HIGH,"Provide loyalty points, member benefits and personalized offers.",Repeated booking behavior indicates strong customer engagement.
General Engagement,Customer,CUST03818,Big Spenders,LOW,Send personalized service updates and relevant offers.,Maintain customer engagement without excessive marketing cost.
Loyalty Campaign,Customer,CUST03819,Potential Loyalists,HIGH,"Provide loyalty points, member benefits and personalized offers.",Repeated booking behavior indicates strong customer engagement.
General Engagement,Customer,CUST03820,Need Attention,LOW,Send personalized service updates and relevant offers.,Maintain customer engagement without excessive marketing cost.
Loyalty Rewards,Customer,CUST03821,Champions,HIGH,"Offer loyalty rewards, premium benefits and referral incentives.",High-value customers are likely to respond well to retention programs.
Loyalty Rewards,Customer,CUST03822,Champions,HIGH,"Offer loyalty rewards, premium benefits and referral incentives.",High-value customers are likely to respond well to retention programs.
General Engagement,Customer,CUST03823,Need Attention,LOW,Send personalized service updates and relevant offers.,Maintain customer engagement without excessive marketing cost.
Loyalty Campaign,Customer,CUST03824,Potential Loyalists,HIGH,"Provide loyalty points, member benefits and personalized offers.",Repeated booking behavior indicates strong customer engagement.
Loyalty Rewards,Customer,CUST03826,Champions,HIGH,"Offer loyalty rewards, premium benefits and referral incentives.",High-value customers are likely to respond well to retention programs.
General Engagement,Customer,CUST03827,Big Spenders,LOW,Send personalized service updates and relevant offers.,Maintain customer engagement without excessive marketing cost.
Reactivation Campaign,Customer,CUST03828,Lost Customers,MEDIUM,Send a reactivation offer and highlight relevant routes or services.,Customer activity has declined significantly.
Reactivation Campaign,Customer,CUST03829,Lost Customers,MEDIUM,Send a reactivation offer and highlight relevant routes or services.,Customer activity has declined significantly.
Win-back Campaign,Customer,CUST03830,At Risk,HIGH,Launch a personalized win-back campaign with a targeted discount.,Customer activity indicates potential churn risk.
General Engagement,Customer,CUST03831,Need Attention,LOW,Send personalized service updates and relevant offers.,Maintain customer engagement without excessive marketing cost.
Loyalty Campaign,Customer,CUST03832,Potential Loyalists,HIGH,"Provide loyalty points, member benefits and personalized offers.",Repeated booking behavior indicates strong customer engagement.
Loyalty Rewards,Customer,CUST03834,Champions,HIGH,"Offer loyalty rewards, premium benefits and referral incentives.",High-value customers are likely to respond well to retention programs.
Loyalty Campaign,Customer,CUST03835,Loyal Customers,HIGH,"Provide loyalty points, member benefits and personalized offers.",Repeated booking behavior indicates strong customer engagement.
Loyalty Campaign,Customer,CUST03837,Potential Loyalists,HIGH,"Provide loyalty points, member benefits and personalized offers.",Repeated booking behavior indicates strong customer engagement.
Win-back Campaign,Customer,CUST03838,At Risk,HIGH,Launch a personalized win-back campaign with a targeted discount.,Customer activity indicates potential churn risk.
General Engagement,Customer,CUST03839,Need Attention,LOW,Send personalized service updates and relevant offers.,Maintain customer engagement without excessive marketing cost.
General Engagement,Customer,CUST03840,Big Spenders,LOW,Send personalized service updates and relevant offers.,Maintain customer engagement without excessive marketing cost.
Win-back Campaign,Customer,CUST03841,At Risk,HIGH,Launch a personalized win-back campaign with a targeted discount.,Customer activity indicates potential churn risk.
General Engagement,Customer,CUST03842,Need Attention,LOW,Send personalized service updates and relevant offers.,Maintain customer engagement without excessive marketing cost.
Loyalty Rewards,Customer,CUST03843,Champions,HIGH,"Offer loyalty rewards, premium benefits and referral incentives.",High-value customers are likely to respond well to retention programs.
Loyalty Rewards,Customer,CUST03844,Champions,HIGH,"Offer loyalty rewards, premium benefits and referral incentives.",High-value customers are likely to respond well to retention programs.
Loyalty Campaign,Customer,CUST03845,Potential Loyalists,HIGH,"Provide loyalty points, member benefits and personalized offers.",Repeated booking behavior indicates strong customer engagement.
Loyalty Campaign,Customer,CUST03847,Loyal Customers,HIGH,"Provide loyalty points, member benefits and personalized offers.",Repeated booking behavior indicates strong customer engagement.
Loyalty Campaign,Customer,CUST03848,Loyal Customers,HIGH,"Provide loyalty points, member benefits and personalized offers.",Repeated booking behavior indicates strong customer engagement.
Loyalty Campaign,Customer,CUST03849,Loyal Customers,HIGH,"Provide loyalty points, member benefits and personalized offers.",Repeated booking behavior indicates strong customer engagement.
Loyalty Campaign,Customer,CUST03850,Loyal Customers,HIGH,"Provide loyalty points, member benefits and personalized offers.",Repeated booking behavior indicates strong customer engagement.
Loyalty Campaign,Customer,CUST03851,Loyal Customers,HIGH,"Provide loyalty points, member benefits and personalized offers.",Repeated booking behavior indicates strong customer engagement.
Loyalty Campaign,Customer,CUST03852,Loyal Customers,HIGH,"Provide loyalty points, member benefits and personalized offers.",Repeated booking behavior indicates strong customer engagement.
General Engagement,Customer,CUST03853,Need Attention,LOW,Send personalized service updates and relevant offers.,Maintain customer engagement without excessive marketing cost.
Loyalty Campaign,Customer,CUST03854,Loyal Customers,HIGH,"Provide loyalty points, member benefits and personalized offers.",Repeated booking behavior indicates strong customer engagement.
Loyalty Campaign,Customer,CUST03855,Loyal Customers,HIGH,"Provide loyalty points, member benefits and personalized offers.",Repeated booking behavior indicates strong customer engagement.
Win-back Campaign,Customer,CUST03856,At Risk,HIGH,Launch a personalized win-back campaign with a targeted discount.,Customer activity indicates potential churn risk.
Reactivation Campaign,Customer,CUST03857,Lost Customers,MEDIUM,Send a reactivation offer and highlight relevant routes or services.,Customer activity has declined significantly.
Loyalty Rewards,Customer,CUST03858,Champions,HIGH,"Offer loyalty rewards, premium benefits and referral incentives.",High-value customers are likely to respond well to retention programs.
Loyalty Campaign,Customer,CUST03859,Loyal Customers,HIGH,"Provide loyalty points, member benefits and personalized offers.",Repeated booking behavior indicates strong customer engagement.
Win-back Campaign,Customer,CUST03860,At Risk,HIGH,Launch a personalized win-back campaign with a targeted discount.,Customer activity indicates potential churn risk.
General Engagement,Customer,CUST03861,Big Spenders,LOW,Send personalized service updates and relevant offers.,Maintain customer engagement without excessive marketing cost.
Loyalty Rewards,Customer,CUST03862,Champions,HIGH,"Offer loyalty rewards, premium benefits and referral incentives.",High-value customers are likely to respond well to retention programs.
General Engagement,Customer,CUST03863,Need Attention,LOW,Send personalized service updates and relevant offers.,Maintain customer engagement without excessive marketing cost.
Loyalty Campaign,Customer,CUST03864,Loyal Customers,HIGH,"Provide loyalty points, member benefits and personalized offers.",Repeated booking behavior indicates strong customer engagement.
General Engagement,Customer,CUST03865,Big Spenders,LOW,Send personalized service updates and relevant offers.,Maintain customer engagement without excessive marketing cost.
Win-back Campaign,Customer,CUST03866,At Risk,HIGH,Launch a personalized win-back campaign with a targeted discount.,Customer activity indicates potential churn risk.
General Engagement,Customer,CUST03867,Need Attention,LOW,Send personalized service updates and relevant offers.,Maintain customer engagement without excessive marketing cost.
Loyalty Campaign,Customer,CUST03868,Loyal Customers,HIGH,"Provide loyalty points, member benefits and personalized offers.",Repeated booking behavior indicates strong customer engagement.
General Engagement,Customer,CUST03869,Need Attention,LOW,Send personalized service updates and relevant offers.,Maintain customer engagement without excessive marketing cost.
General Engagement,Customer,CUST03870,Need Attention,LOW,Send personalized service updates and relevant offers.,Maintain customer engagement without excessive marketing cost.
General Engagement,Customer,CUST03871,Need Attention,LOW,Send personalized service updates and relevant offers.,Maintain customer engagement without excessive marketing cost.
Second Booking Campaign,Customer,CUST03872,New Customers,MEDIUM,Offer a first-repeat booking incentive.,The customer should be encouraged to make a second booking.
Loyalty Rewards,Customer,CUST03873,Champions,HIGH,"Offer loyalty rewards, premium benefits and referral incentives.",High-value customers are likely to respond well to retention programs.
Reactivation Campaign,Customer,CUST03874,Lost Customers,MEDIUM,Send a reactivation offer and highlight relevant routes or services.,Customer activity has declined significantly.
Win-back Campaign,Customer,CUST03875,At Risk,HIGH,Launch a personalized win-back campaign with a targeted discount.,Customer activity indicates potential churn risk.
General Engagement,Customer,CUST03876,Need Attention,LOW,Send personalized service updates and relevant offers.,Maintain customer engagement without excessive marketing cost.
General Engagement,Customer,CUST03877,Need Attention,LOW,Send personalized service updates and relevant offers.,Maintain customer engagement without excessive marketing cost.
Loyalty Campaign,Customer,CUST03878,Loyal Customers,HIGH,"Provide loyalty points, member benefits and personalized offers.",Repeated booking behavior indicates strong customer engagement.
General Engagement,Customer,CUST03879,Need Attention,LOW,Send personalized service updates and relevant offers.,Maintain customer engagement without excessive marketing cost.
Reactivation Campaign,Customer,CUST03880,Lost Customers,MEDIUM,Send a reactivation offer and highlight relevant routes or services.,Customer activity has declined significantly.
Loyalty Rewards,Customer,CUST03881,Champions,HIGH,"Offer loyalty rewards, premium benefits and referral incentives.",High-value customers are likely to respond well to retention programs.
Reactivation Campaign,Customer,CUST03882,Lost Customers,MEDIUM,Send a reactivation offer and highlight relevant routes or services.,Customer activity has declined significantly.
Win-back Campaign,Customer,CUST03883,At Risk,HIGH,Launch a personalized win-back campaign with a targeted discount.,Customer activity indicates potential churn risk.
Loyalty Rewards,Customer,CUST03884,Champions,HIGH,"Offer loyalty rewards, premium benefits and referral incentives.",High-value customers are likely to respond well to retention programs.
Loyalty Rewards,Customer,CUST03885,Champions,HIGH,"Offer loyalty rewards, premium benefits and referral incentives.",High-value customers are likely to respond well to retention programs.
Loyalty Campaign,Customer,CUST03886,Loyal Customers,HIGH,"Provide loyalty points, member benefits and personalized offers.",Repeated booking behavior indicates strong customer engagement.
Loyalty Campaign,Customer,CUST03887,Loyal Customers,HIGH,"Provide loyalty points, member benefits and personalized offers.",Repeated booking behavior indicates strong customer engagement.
Loyalty Campaign,Customer,CUST03888,Loyal Customers,HIGH,"Provide loyalty points, member benefits and personalized offers.",Repeated booking behavior indicates strong customer engagement.
General Engagement,Customer,CUST03889,Need Attention,LOW,Send personalized service updates and relevant offers.,Maintain customer engagement without excessive marketing cost.
Second Booking Campaign,Customer,CUST03890,New Customers,MEDIUM,Offer a first-repeat booking incentive.,The customer should be encouraged to make a second booking.
General Engagement,Customer,CUST03891,Need Attention,LOW,Send personalized service updates and relevant offers.,Maintain customer engagement without excessive marketing cost.
Loyalty Campaign,Customer,CUST03892,Loyal Customers,HIGH,"Provide loyalty points, member benefits and personalized offers.",Repeated booking behavior indicates strong customer engagement.
Loyalty Rewards,Customer,CUST03893,Champions,HIGH,"Offer loyalty rewards, premium benefits and referral incentives.",High-value customers are likely to respond well to retention programs.
General Engagement,Customer,CUST03894,Need Attention,LOW,Send personalized service updates and relevant offers.,Maintain customer engagement without excessive marketing cost.
Loyalty Campaign,Customer,CUST03895,Loyal Customers,HIGH,"Provide loyalty points, member benefits and personalized offers.",Repeated booking behavior indicates strong customer engagement.
Win-back Campaign,Customer,CUST03896,At Risk,HIGH,Launch a personalized win-back campaign with a targeted discount.,Customer activity indicates potential churn risk.
General Engagement,Customer,CUST03897,Need Attention,LOW,Send personalized service updates and relevant offers.,Maintain customer engagement without excessive marketing cost.
Reactivation Campaign,Customer,CUST03898,Lost Customers,MEDIUM,Send a reactivation offer and highlight relevant routes or services.,Customer activity has declined significantly.
Second Booking Campaign,Customer,CUST03899,New Customers,MEDIUM,Offer a first-repeat booking incentive.,The customer should be encouraged to make a second booking.
Second Booking Campaign,Customer,CUST03900,New Customers,MEDIUM,Offer a first-repeat booking incentive.,The customer should be encouraged to make a second booking.
Reactivation Campaign,Customer,CUST03901,Lost Customers,MEDIUM,Send a reactivation offer and highlight relevant routes or services.,Customer activity has declined significantly.
Reactivation Campaign,Customer,CUST03902,Lost Customers,MEDIUM,Send a reactivation offer and highlight relevant routes or services.,Customer activity has declined significantly.
General Engagement,Customer,CUST03904,Need Attention,LOW,Send personalized service updates and relevant offers.,Maintain customer engagement without excessive marketing cost.
Reactivation Campaign,Customer,CUST03905,Lost Customers,MEDIUM,Send a reactivation offer and highlight relevant routes or services.,Customer activity has declined significantly.
Reactivation Campaign,Customer,CUST03906,Lost Customers,MEDIUM,Send a reactivation offer and highlight relevant routes or services.,Customer activity has declined significantly.
General Engagement,Customer,CUST03907,Need Attention,LOW,Send personalized service updates and relevant offers.,Maintain customer engagement without excessive marketing cost.
General Engagement,Customer,CUST03908,Need Attention,LOW,Send personalized service updates and relevant offers.,Maintain customer engagement without excessive marketing cost.
General Engagement,Customer,CUST03909,Need Attention,LOW,Send personalized service updates and relevant offers.,Maintain customer engagement without excessive marketing cost.
Win-back Campaign,Customer,CUST03910,At Risk,HIGH,Launch a personalized win-back campaign with a targeted discount.,Customer activity indicates potential churn risk.
Win-back Campaign,Customer,CUST03911,At Risk,HIGH,Launch a personalized win-back campaign with a targeted discount.,Customer activity indicates potential churn risk.
General Engagement,Customer,CUST03912,Need Attention,LOW,Send personalized service updates and relevant offers.,Maintain customer engagement without excessive marketing cost.
Loyalty Rewards,Customer,CUST03913,Champions,HIGH,"Offer loyalty rewards, premium benefits and referral incentives.",High-value customers are likely to respond well to retention programs.
Loyalty Rewards,Customer,CUST03914,Champions,HIGH,"Offer loyalty rewards, premium benefits and referral incentives.",High-value customers are likely to respond well to retention programs.
Loyalty Campaign,Customer,CUST03915,Loyal Customers,HIGH,"Provide loyalty points, member benefits and personalized offers.",Repeated booking behavior indicates strong customer engagement.
Loyalty Rewards,Customer,CUST03916,Champions,HIGH,"Offer loyalty rewards, premium benefits and referral incentives.",High-value customers are likely to respond well to retention programs.
Reactivation Campaign,Customer,CUST03917,Lost Customers,MEDIUM,Send a reactivation offer and highlight relevant routes or services.,Customer activity has declined significantly.
General Engagement,Customer,CUST03918,Need Attention,LOW,Send personalized service updates and relevant offers.,Maintain customer engagement without excessive marketing cost.
General Engagement,Customer,CUST03919,Need Attention,LOW,Send personalized service updates and relevant offers.,Maintain customer engagement without excessive marketing cost.
General Engagement,Customer,CUST03920,Need Attention,LOW,Send personalized service updates and relevant offers.,Maintain customer engagement without excessive marketing cost.
General Engagement,Customer,CUST03921,Need Attention,LOW,Send personalized service updates and relevant offers.,Maintain customer engagement without excessive marketing cost.
General Engagement,Customer,CUST03922,Need Attention,LOW,Send personalized service updates and relevant offers.,Maintain customer engagement without excessive marketing cost.
Loyalty Rewards,Customer,CUST03923,Champions,HIGH,"Offer loyalty rewards, premium benefits and referral incentives.",High-value customers are likely to respond well to retention programs.
General Engagement,Customer,CUST03924,Need Attention,LOW,Send personalized service updates and relevant offers.,Maintain customer engagement without excessive marketing cost.
Win-back Campaign,Customer,CUST03925,At Risk,HIGH,Launch a personalized win-back campaign with a targeted discount.,Customer activity indicates potential churn risk.
Loyalty Rewards,Customer,CUST03926,Champions,HIGH,"Offer loyalty rewards, premium benefits and referral incentives.",High-value customers are likely to respond well to retention programs.
Loyalty Rewards,Customer,CUST03927,Champions,HIGH,"Offer loyalty rewards, premium benefits and referral incentives.",High-value customers are likely to respond well to retention programs.
Loyalty Rewards,Customer,CUST03928,Champions,HIGH,"Offer loyalty rewards, premium benefits and referral incentives.",High-value customers are likely to respond well to retention programs.
Loyalty Rewards,Customer,CUST03929,Champions,HIGH,"Offer loyalty rewards, premium benefits and referral incentives.",High-value customers are likely to respond well to retention programs.
Loyalty Rewards,Customer,CUST03930,Champions,HIGH,"Offer loyalty rewards, premium benefits and referral incentives.",High-value customers are likely to respond well to retention programs.
Win-back Campaign,Customer,CUST03931,At Risk,HIGH,Launch a personalized win-back campaign with a targeted discount.,Customer activity indicates potential churn risk.
General Engagement,Customer,CUST03932,Need Attention,LOW,Send personalized service updates and relevant offers.,Maintain customer engagement without excessive marketing cost.
Loyalty Campaign,Customer,CUST03933,Potential Loyalists,HIGH,"Provide loyalty points, member benefits and personalized offers.",Repeated booking behavior indicates strong customer engagement.
General Engagement,Customer,CUST03934,Need Attention,LOW,Send personalized service updates and relevant offers.,Maintain customer engagement without excessive marketing cost.
Reactivation Campaign,Customer,CUST03935,Lost Customers,MEDIUM,Send a reactivation offer and highlight relevant routes or services.,Customer activity has declined significantly.
Loyalty Campaign,Customer,CUST03936,Loyal Customers,HIGH,"Provide loyalty points, member benefits and personalized offers.",Repeated booking behavior indicates strong customer engagement.
Win-back Campaign,Customer,CUST03937,At Risk,HIGH,Launch a personalized win-back campaign with a targeted discount.,Customer activity indicates potential churn risk.
Win-back Campaign,Customer,CUST03938,At Risk,HIGH,Launch a personalized win-back campaign with a targeted discount.,Customer activity indicates potential churn risk.
General Engagement,Customer,CUST03939,Need Attention,LOW,Send personalized service updates and relevant offers.,Maintain customer engagement without excessive marketing cost.
Loyalty Rewards,Customer,CUST03940,Champions,HIGH,"Offer loyalty rewards, premium benefits and referral incentives.",High-value customers are likely to respond well to retention programs.
Loyalty Rewards,Customer,CUST03941,Champions,HIGH,"Offer loyalty rewards, premium benefits and referral incentives.",High-value customers are likely to respond well to retention programs.
General Engagement,Customer,CUST03942,Need Attention,LOW,Send personalized service updates and relevant offers.,Maintain customer engagement without excessive marketing cost.
Win-back Campaign,Customer,CUST03943,At Risk,HIGH,Launch a personalized win-back campaign with a targeted discount.,Customer activity indicates potential churn risk.
Reactivation Campaign,Customer,CUST03944,Lost Customers,MEDIUM,Send a reactivation offer and highlight relevant routes or services.,Customer activity has declined significantly.
Loyalty Rewards,Customer,CUST03946,Champions,HIGH,"Offer loyalty rewards, premium benefits and referral incentives.",High-value customers are likely to respond well to retention programs.
General Engagement,Customer,CUST03947,Need Attention,LOW,Send personalized service updates and relevant offers.,Maintain customer engagement without excessive marketing cost.
General Engagement,Customer,CUST03948,Big Spenders,LOW,Send personalized service updates and relevant offers.,Maintain customer engagement without excessive marketing cost.
General Engagement,Customer,CUST03949,Big Spenders,LOW,Send personalized service updates and relevant offers.,Maintain customer engagement without excessive marketing cost.
Loyalty Campaign,Customer,CUST03950,Loyal Customers,HIGH,"Provide loyalty points, member benefits and personalized offers.",Repeated booking behavior indicates strong customer engagement.
Loyalty Campaign,Customer,CUST03951,Loyal Customers,HIGH,"Provide loyalty points, member benefits and personalized offers.",Repeated booking behavior indicates strong customer engagement.
Win-back Campaign,Customer,CUST03952,At Risk,HIGH,Launch a personalized win-back campaign with a targeted discount.,Customer activity indicates potential churn risk.
Win-back Campaign,Customer,CUST03953,At Risk,HIGH,Launch a personalized win-back campaign with a targeted discount.,Customer activity indicates potential churn risk.
Reactivation Campaign,Customer,CUST03954,Lost Customers,MEDIUM,Send a reactivation offer and highlight relevant routes or services.,Customer activity has declined significantly.
Reactivation Campaign,Customer,CUST03955,Lost Customers,MEDIUM,Send a reactivation offer and highlight relevant routes or services.,Customer activity has declined significantly.
Reactivation Campaign,Customer,CUST03956,Lost Customers,MEDIUM,Send a reactivation offer and highlight relevant routes or services.,Customer activity has declined significantly.
Win-back Campaign,Customer,CUST03957,At Risk,HIGH,Launch a personalized win-back campaign with a targeted discount.,Customer activity indicates potential churn risk.
General Engagement,Customer,CUST03958,Need Attention,LOW,Send personalized service updates and relevant offers.,Maintain customer engagement without excessive marketing cost.
Loyalty Campaign,Customer,CUST03959,Loyal Customers,HIGH,"Provide loyalty points, member benefits and personalized offers.",Repeated booking behavior indicates strong customer engagement.
Win-back Campaign,Customer,CUST03960,At Risk,HIGH,Launch a personalized win-back campaign with a targeted discount.,Customer activity indicates potential churn risk.
General Engagement,Customer,CUST03961,Need Attention,LOW,Send personalized service updates and relevant offers.,Maintain customer engagement without excessive marketing cost.
Loyalty Rewards,Customer,CUST03962,Champions,HIGH,"Offer loyalty rewards, premium benefits and referral incentives.",High-value customers are likely to respond well to retention programs.
Loyalty Campaign,Customer,CUST03963,Loyal Customers,HIGH,"Provide loyalty points, member benefits and personalized offers.",Repeated booking behavior indicates strong customer engagement.
Win-back Campaign,Customer,CUST03964,At Risk,HIGH,Launch a personalized win-back campaign with a targeted discount.,Customer activity indicates potential churn risk.
General Engagement,Customer,CUST03965,Need Attention,LOW,Send personalized service updates and relevant offers.,Maintain customer engagement without excessive marketing cost.
Loyalty Campaign,Customer,CUST03966,Potential Loyalists,HIGH,"Provide loyalty points, member benefits and personalized offers.",Repeated booking behavior indicates strong customer engagement.
Loyalty Rewards,Customer,CUST03967,Champions,HIGH,"Offer loyalty rewards, premium benefits and referral incentives.",High-value customers are likely to respond well to retention programs.
Reactivation Campaign,Customer,CUST03968,Lost Customers,MEDIUM,Send a reactivation offer and highlight relevant routes or services.,Customer activity has declined significantly.
Loyalty Campaign,Customer,CUST03969,Loyal Customers,HIGH,"Provide loyalty points, member benefits and personalized offers.",Repeated booking behavior indicates strong customer engagement.
General Engagement,Customer,CUST03970,Big Spenders,LOW,Send personalized service updates and relevant offers.,Maintain customer engagement without excessive marketing cost.
General Engagement,Customer,CUST03971,Need Attention,LOW,Send personalized service updates and relevant offers.,Maintain customer engagement without excessive marketing cost.
Second Booking Campaign,Customer,CUST03972,New Customers,MEDIUM,Offer a first-repeat booking incentive.,The customer should be encouraged to make a second booking.
Loyalty Rewards,Customer,CUST03973,Champions,HIGH,"Offer loyalty rewards, premium benefits and referral incentives.",High-value customers are likely to respond well to retention programs.
Win-back Campaign,Customer,CUST03974,At Risk,HIGH,Launch a personalized win-back campaign with a targeted discount.,Customer activity indicates potential churn risk.
Win-back Campaign,Customer,CUST03975,At Risk,HIGH,Launch a personalized win-back campaign with a targeted discount.,Customer activity indicates potential churn risk.
Loyalty Rewards,Customer,CUST03976,Champions,HIGH,"Offer loyalty rewards, premium benefits and referral incentives.",High-value customers are likely to respond well to retention programs.
Win-back Campaign,Customer,CUST03977,At Risk,HIGH,Launch a personalized win-back campaign with a targeted discount.,Customer activity indicates potential churn risk.
Win-back Campaign,Customer,CUST03978,At Risk,HIGH,Launch a personalized win-back campaign with a targeted discount.,Customer activity indicates potential churn risk.
Loyalty Rewards,Customer,CUST03979,Champions,HIGH,"Offer loyalty rewards, premium benefits and referral incentives.",High-value customers are likely to respond well to retention programs.
Win-back Campaign,Customer,CUST03980,At Risk,HIGH,Launch a personalized win-back campaign with a targeted discount.,Customer activity indicates potential churn risk.
Loyalty Campaign,Customer,CUST03981,Loyal Customers,HIGH,"Provide loyalty points, member benefits and personalized offers.",Repeated booking behavior indicates strong customer engagement.
Loyalty Rewards,Customer,CUST03982,Champions,HIGH,"Offer loyalty rewards, premium benefits and referral incentives.",High-value customers are likely to respond well to retention programs.
Win-back Campaign,Customer,CUST03983,At Risk,HIGH,Launch a personalized win-back campaign with a targeted discount.,Customer activity indicates potential churn risk.
General Engagement,Customer,CUST03984,Need Attention,LOW,Send personalized service updates and relevant offers.,Maintain customer engagement without excessive marketing cost.
Win-back Campaign,Customer,CUST03985,At Risk,HIGH,Launch a personalized win-back campaign with a targeted discount.,Customer activity indicates potential churn risk.
Loyalty Rewards,Customer,CUST03986,Champions,HIGH,"Offer loyalty rewards, premium benefits and referral incentives.",High-value customers are likely to respond well to retention programs.
Loyalty Rewards,Customer,CUST03987,Champions,HIGH,"Offer loyalty rewards, premium benefits and referral incentives.",High-value customers are likely to respond well to retention programs.
Loyalty Campaign,Customer,CUST03988,Loyal Customers,HIGH,"Provide loyalty points, member benefits and personalized offers.",Repeated booking behavior indicates strong customer engagement.
General Engagement,Customer,CUST03989,Need Attention,LOW,Send personalized service updates and relevant offers.,Maintain customer engagement without excessive marketing cost.
Win-back Campaign,Customer,CUST03990,At Risk,HIGH,Launch a personalized win-back campaign with a targeted discount.,Customer activity indicates potential churn risk.
Reactivation Campaign,Customer,CUST03992,Lost Customers,MEDIUM,Send a reactivation offer and highlight relevant routes or services.,Customer activity has declined significantly.
Second Booking Campaign,Customer,CUST03993,New Customers,MEDIUM,Offer a first-repeat booking incentive.,The customer should be encouraged to make a second booking.
Reactivation Campaign,Customer,CUST03994,Lost Customers,MEDIUM,Send a reactivation offer and highlight relevant routes or services.,Customer activity has declined significantly.
Loyalty Campaign,Customer,CUST03995,Loyal Customers,HIGH,"Provide loyalty points, member benefits and personalized offers.",Repeated booking behavior indicates strong customer engagement.
Loyalty Campaign,Customer,CUST03996,Potential Loyalists,HIGH,"Provide loyalty points, member benefits and personalized offers.",Repeated booking behavior indicates strong customer engagement.
Loyalty Rewards,Customer,CUST03997,Champions,HIGH,"Offer loyalty rewards, premium benefits and referral incentives.",High-value customers are likely to respond well to retention programs.
Win-back Campaign,Customer,CUST03998,At Risk,HIGH,Launch a personalized win-back campaign with a targeted discount.,Customer activity indicates potential churn risk.
General Engagement,Customer,CUST03999,Need Attention,LOW,Send personalized service updates and relevant offers.,Maintain customer engagement without excessive marketing cost.
Reactivation Campaign,Customer,CUST04000,Lost Customers,MEDIUM,Send a reactivation offer and highlight relevant routes or services.,Customer activity has declined significantly.
General Engagement,Customer,CUST04001,Need Attention,LOW,Send personalized service updates and relevant offers.,Maintain customer engagement without excessive marketing cost.
Win-back Campaign,Customer,CUST04002,At Risk,HIGH,Launch a personalized win-back campaign with a targeted discount.,Customer activity indicates potential churn risk.
Reactivation Campaign,Customer,CUST04003,Lost Customers,MEDIUM,Send a reactivation offer and highlight relevant routes or services.,Customer activity has declined significantly.
Loyalty Campaign,Customer,CUST04004,Potential Loyalists,HIGH,"Provide loyalty points, member benefits and personalized offers.",Repeated booking behavior indicates strong customer engagement.
Win-back Campaign,Customer,CUST04005,At Risk,HIGH,Launch a personalized win-back campaign with a targeted discount.,Customer activity indicates potential churn risk.
Second Booking Campaign,Customer,CUST04006,New Customers,MEDIUM,Offer a first-repeat booking incentive.,The customer should be encouraged to make a second booking.
Loyalty Rewards,Customer,CUST04007,Champions,HIGH,"Offer loyalty rewards, premium benefits and referral incentives.",High-value customers are likely to respond well to retention programs.
General Engagement,Customer,CUST04008,Need Attention,LOW,Send personalized service updates and relevant offers.,Maintain customer engagement without excessive marketing cost.
Reactivation Campaign,Customer,CUST04009,Lost Customers,MEDIUM,Send a reactivation offer and highlight relevant routes or services.,Customer activity has declined significantly.
Loyalty Campaign,Customer,CUST04010,Loyal Customers,HIGH,"Provide loyalty points, member benefits and personalized offers.",Repeated booking behavior indicates strong customer engagement.
Loyalty Rewards,Customer,CUST04011,Champions,HIGH,"Offer loyalty rewards, premium benefits and referral incentives.",High-value customers are likely to respond well to retention programs.
Win-back Campaign,Customer,CUST04012,At Risk,HIGH,Launch a personalized win-back campaign with a targeted discount.,Customer activity indicates potential churn risk.
Loyalty Campaign,Customer,CUST04013,Potential Loyalists,HIGH,"Provide loyalty points, member benefits and personalized offers.",Repeated booking behavior indicates strong customer engagement.
General Engagement,Customer,CUST04014,Need Attention,LOW,Send personalized service updates and relevant offers.,Maintain customer engagement without excessive marketing cost.
Win-back Campaign,Customer,CUST04015,At Risk,HIGH,Launch a personalized win-back campaign with a targeted discount.,Customer activity indicates potential churn risk.
Win-back Campaign,Customer,CUST04016,At Risk,HIGH,Launch a personalized win-back campaign with a targeted discount.,Customer activity indicates potential churn risk.
Win-back Campaign,Customer,CUST04017,At Risk,HIGH,Launch a personalized win-back campaign with a targeted discount.,Customer activity indicates potential churn risk.
Win-back Campaign,Customer,CUST04018,At Risk,HIGH,Launch a personalized win-back campaign with a targeted discount.,Customer activity indicates potential churn risk.
General Engagement,Customer,CUST04019,Need Attention,LOW,Send personalized service updates and relevant offers.,Maintain customer engagement without excessive marketing cost.
Loyalty Campaign,Customer,CUST04020,Potential Loyalists,HIGH,"Provide loyalty points, member benefits and personalized offers.",Repeated booking behavior indicates strong customer engagement.
Win-back Campaign,Customer,CUST04021,At Risk,HIGH,Launch a personalized win-back campaign with a targeted discount.,Customer activity indicates potential churn risk.
Reactivation Campaign,Customer,CUST04022,Lost Customers,MEDIUM,Send a reactivation offer and highlight relevant routes or services.,Customer activity has declined significantly.
Win-back Campaign,Customer,CUST04023,At Risk,HIGH,Launch a personalized win-back campaign with a targeted discount.,Customer activity indicates potential churn risk.
Second Booking Campaign,Customer,CUST04024,New Customers,MEDIUM,Offer a first-repeat booking incentive.,The customer should be encouraged to make a second booking.
Loyalty Campaign,Customer,CUST04025,Loyal Customers,HIGH,"Provide loyalty points, member benefits and personalized offers.",Repeated booking behavior indicates strong customer engagement.
General Engagement,Customer,CUST04026,Need Attention,LOW,Send personalized service updates and relevant offers.,Maintain customer engagement without excessive marketing cost.
Reactivation Campaign,Customer,CUST04027,Lost Customers,MEDIUM,Send a reactivation offer and highlight relevant routes or services.,Customer activity has declined significantly.
Loyalty Campaign,Customer,CUST04028,Loyal Customers,HIGH,"Provide loyalty points, member benefits and personalized offers.",Repeated booking behavior indicates strong customer engagement.
Loyalty Rewards,Customer,CUST04029,Champions,HIGH,"Offer loyalty rewards, premium benefits and referral incentives.",High-value customers are likely to respond well to retention programs.
Win-back Campaign,Customer,CUST04030,At Risk,HIGH,Launch a personalized win-back campaign with a targeted discount.,Customer activity indicates potential churn risk.
Loyalty Rewards,Customer,CUST04031,Champions,HIGH,"Offer loyalty rewards, premium benefits and referral incentives.",High-value customers are likely to respond well to retention programs.
Loyalty Campaign,Customer,CUST04032,Potential Loyalists,HIGH,"Provide loyalty points, member benefits and personalized offers.",Repeated booking behavior indicates strong customer engagement.
Loyalty Campaign,Customer,CUST04033,Loyal Customers,HIGH,"Provide loyalty points, member benefits and personalized offers.",Repeated booking behavior indicates strong customer engagement.
Loyalty Rewards,Customer,CUST04034,Champions,HIGH,"Offer loyalty rewards, premium benefits and referral incentives.",High-value customers are likely to respond well to retention programs.
Loyalty Campaign,Customer,CUST04035,Loyal Customers,HIGH,"Provide loyalty points, member benefits and personalized offers.",Repeated booking behavior indicates strong customer engagement.
Loyalty Rewards,Customer,CUST04036,Champions,HIGH,"Offer loyalty rewards, premium benefits and referral incentives.",High-value customers are likely to respond well to retention programs.
General Engagement,Customer,CUST04037,Need Attention,LOW,Send personalized service updates and relevant offers.,Maintain customer engagement without excessive marketing cost.
General Engagement,Customer,CUST04038,Big Spenders,LOW,Send personalized service updates and relevant offers.,Maintain customer engagement without excessive marketing cost.
Win-back Campaign,Customer,CUST04039,At Risk,HIGH,Launch a personalized win-back campaign with a targeted discount.,Customer activity indicates potential churn risk.
Win-back Campaign,Customer,CUST04040,At Risk,HIGH,Launch a personalized win-back campaign with a targeted discount.,Customer activity indicates potential churn risk.
General Engagement,Customer,CUST04041,Need Attention,LOW,Send personalized service updates and relevant offers.,Maintain customer engagement without excessive marketing cost.
Reactivation Campaign,Customer,CUST04042,Lost Customers,MEDIUM,Send a reactivation offer and highlight relevant routes or services.,Customer activity has declined significantly.
General Engagement,Customer,CUST04043,Need Attention,LOW,Send personalized service updates and relevant offers.,Maintain customer engagement without excessive marketing cost.
Reactivation Campaign,Customer,CUST04044,Lost Customers,MEDIUM,Send a reactivation offer and highlight relevant routes or services.,Customer activity has declined significantly.
General Engagement,Customer,CUST04045,Need Attention,LOW,Send personalized service updates and relevant offers.,Maintain customer engagement without excessive marketing cost.
Win-back Campaign,Customer,CUST04046,At Risk,HIGH,Launch a personalized win-back campaign with a targeted discount.,Customer activity indicates potential churn risk.
Loyalty Rewards,Customer,CUST04047,Champions,HIGH,"Offer loyalty rewards, premium benefits and referral incentives.",High-value customers are likely to respond well to retention programs.
Win-back Campaign,Customer,CUST04048,At Risk,HIGH,Launch a personalized win-back campaign with a targeted discount.,Customer activity indicates potential churn risk.
Loyalty Rewards,Customer,CUST04049,Champions,HIGH,"Offer loyalty rewards, premium benefits and referral incentives.",High-value customers are likely to respond well to retention programs.
Loyalty Rewards,Customer,CUST04050,Champions,HIGH,"Offer loyalty rewards, premium benefits and referral incentives.",High-value customers are likely to respond well to retention programs.
Win-back Campaign,Customer,CUST04051,At Risk,HIGH,Launch a personalized win-back campaign with a targeted discount.,Customer activity indicates potential churn risk.
Loyalty Campaign,Customer,CUST04052,Loyal Customers,HIGH,"Provide loyalty points, member benefits and personalized offers.",Repeated booking behavior indicates strong customer engagement.
Loyalty Campaign,Customer,CUST04053,Loyal Customers,HIGH,"Provide loyalty points, member benefits and personalized offers.",Repeated booking behavior indicates strong customer engagement.
Loyalty Rewards,Customer,CUST04054,Champions,HIGH,"Offer loyalty rewards, premium benefits and referral incentives.",High-value customers are likely to respond well to retention programs.
General Engagement,Customer,CUST04055,Need Attention,LOW,Send personalized service updates and relevant offers.,Maintain customer engagement without excessive marketing cost.
Reactivation Campaign,Customer,CUST04057,Lost Customers,MEDIUM,Send a reactivation offer and highlight relevant routes or services.,Customer activity has declined significantly.
General Engagement,Customer,CUST04058,Big Spenders,LOW,Send personalized service updates and relevant offers.,Maintain customer engagement without excessive marketing cost.
General Engagement,Customer,CUST04059,Need Attention,LOW,Send personalized service updates and relevant offers.,Maintain customer engagement without excessive marketing cost.
General Engagement,Customer,CUST04060,Need Attention,LOW,Send personalized service updates and relevant offers.,Maintain customer engagement without excessive marketing cost.
Loyalty Rewards,Customer,CUST04061,Champions,HIGH,"Offer loyalty rewards, premium benefits and referral incentives.",High-value customers are likely to respond well to retention programs.
Loyalty Campaign,Customer,CUST04062,Potential Loyalists,HIGH,"Provide loyalty points, member benefits and personalized offers.",Repeated booking behavior indicates strong customer engagement.
Loyalty Campaign,Customer,CUST04064,Loyal Customers,HIGH,"Provide loyalty points, member benefits and personalized offers.",Repeated booking behavior indicates strong customer engagement.
Loyalty Rewards,Customer,CUST04065,Champions,HIGH,"Offer loyalty rewards, premium benefits and referral incentives.",High-value customers are likely to respond well to retention programs.
Loyalty Campaign,Customer,CUST04066,Potential Loyalists,HIGH,"Provide loyalty points, member benefits and personalized offers.",Repeated booking behavior indicates strong customer engagement.
Reactivation Campaign,Customer,CUST04067,Lost Customers,MEDIUM,Send a reactivation offer and highlight relevant routes or services.,Customer activity has declined significantly.
Reactivation Campaign,Customer,CUST04068,Lost Customers,MEDIUM,Send a reactivation offer and highlight relevant routes or services.,Customer activity has declined significantly.
Reactivation Campaign,Customer,CUST04069,Lost Customers,MEDIUM,Send a reactivation offer and highlight relevant routes or services.,Customer activity has declined significantly.
Loyalty Campaign,Customer,CUST04070,Loyal Customers,HIGH,"Provide loyalty points, member benefits and personalized offers.",Repeated booking behavior indicates strong customer engagement.
Loyalty Campaign,Customer,CUST04071,Loyal Customers,HIGH,"Provide loyalty points, member benefits and personalized offers.",Repeated booking behavior indicates strong customer engagement.
Loyalty Campaign,Customer,CUST04072,Loyal Customers,HIGH,"Provide loyalty points, member benefits and personalized offers.",Repeated booking behavior indicates strong customer engagement.
Loyalty Campaign,Customer,CUST04073,Loyal Customers,HIGH,"Provide loyalty points, member benefits and personalized offers.",Repeated booking behavior indicates strong customer engagement.
Win-back Campaign,Customer,CUST04074,At Risk,HIGH,Launch a personalized win-back campaign with a targeted discount.,Customer activity indicates potential churn risk.
General Engagement,Customer,CUST04075,Need Attention,LOW,Send personalized service updates and relevant offers.,Maintain customer engagement without excessive marketing cost.
Loyalty Campaign,Customer,CUST04076,Potential Loyalists,HIGH,"Provide loyalty points, member benefits and personalized offers.",Repeated booking behavior indicates strong customer engagement.
Win-back Campaign,Customer,CUST04077,At Risk,HIGH,Launch a personalized win-back campaign with a targeted discount.,Customer activity indicates potential churn risk.
Win-back Campaign,Customer,CUST04078,At Risk,HIGH,Launch a personalized win-back campaign with a targeted discount.,Customer activity indicates potential churn risk.
General Engagement,Customer,CUST04079,Need Attention,LOW,Send personalized service updates and relevant offers.,Maintain customer engagement without excessive marketing cost.
Reactivation Campaign,Customer,CUST04080,Lost Customers,MEDIUM,Send a reactivation offer and highlight relevant routes or services.,Customer activity has declined significantly.
Loyalty Campaign,Customer,CUST04081,Potential Loyalists,HIGH,"Provide loyalty points, member benefits and personalized offers.",Repeated booking behavior indicates strong customer engagement.
Loyalty Rewards,Customer,CUST04083,Champions,HIGH,"Offer loyalty rewards, premium benefits and referral incentives.",High-value customers are likely to respond well to retention programs.
Loyalty Campaign,Customer,CUST04084,Loyal Customers,HIGH,"Provide loyalty points, member benefits and personalized offers.",Repeated booking behavior indicates strong customer engagement.
Loyalty Campaign,Customer,CUST04085,Potential Loyalists,HIGH,"Provide loyalty points, member benefits and personalized offers.",Repeated booking behavior indicates strong customer engagement.
Loyalty Campaign,Customer,CUST04086,Loyal Customers,HIGH,"Provide loyalty points, member benefits and personalized offers.",Repeated booking behavior indicates strong customer engagement.
Second Booking Campaign,Customer,CUST04087,New Customers,MEDIUM,Offer a first-repeat booking incentive.,The customer should be encouraged to make a second booking.
Loyalty Rewards,Customer,CUST04088,Champions,HIGH,"Offer loyalty rewards, premium benefits and referral incentives.",High-value customers are likely to respond well to retention programs.
General Engagement,Customer,CUST04089,Need Attention,LOW,Send personalized service updates and relevant offers.,Maintain customer engagement without excessive marketing cost.
Reactivation Campaign,Customer,CUST04090,Lost Customers,MEDIUM,Send a reactivation offer and highlight relevant routes or services.,Customer activity has declined significantly.
Second Booking Campaign,Customer,CUST04091,New Customers,MEDIUM,Offer a first-repeat booking incentive.,The customer should be encouraged to make a second booking.
Loyalty Rewards,Customer,CUST04092,Champions,HIGH,"Offer loyalty rewards, premium benefits and referral incentives.",High-value customers are likely to respond well to retention programs.
Win-back Campaign,Customer,CUST04093,At Risk,HIGH,Launch a personalized win-back campaign with a targeted discount.,Customer activity indicates potential churn risk.
General Engagement,Customer,CUST04094,Need Attention,LOW,Send personalized service updates and relevant offers.,Maintain customer engagement without excessive marketing cost.
Win-back Campaign,Customer,CUST04095,At Risk,HIGH,Launch a personalized win-back campaign with a targeted discount.,Customer activity indicates potential churn risk.
Win-back Campaign,Customer,CUST04096,At Risk,HIGH,Launch a personalized win-back campaign with a targeted discount.,Customer activity indicates potential churn risk.
Second Booking Campaign,Customer,CUST04097,New Customers,MEDIUM,Offer a first-repeat booking incentive.,The customer should be encouraged to make a second booking.
Win-back Campaign,Customer,CUST04098,At Risk,HIGH,Launch a personalized win-back campaign with a targeted discount.,Customer activity indicates potential churn risk.
Loyalty Campaign,Customer,CUST04099,Potential Loyalists,HIGH,"Provide loyalty points, member benefits and personalized offers.",Repeated booking behavior indicates strong customer engagement.
General Engagement,Customer,CUST04100,Big Spenders,LOW,Send personalized service updates and relevant offers.,Maintain customer engagement without excessive marketing cost.
Win-back Campaign,Customer,CUST04101,At Risk,HIGH,Launch a personalized win-back campaign with a targeted discount.,Customer activity indicates potential churn risk.
Loyalty Campaign,Customer,CUST04102,Loyal Customers,HIGH,"Provide loyalty points, member benefits and personalized offers.",Repeated booking behavior indicates strong customer engagement.
Loyalty Rewards,Customer,CUST04103,Champions,HIGH,"Offer loyalty rewards, premium benefits and referral incentives.",High-value customers are likely to respond well to retention programs.
Loyalty Rewards,Customer,CUST04104,Champions,HIGH,"Offer loyalty rewards, premium benefits and referral incentives.",High-value customers are likely to respond well to retention programs.
Loyalty Rewards,Customer,CUST04105,Champions,HIGH,"Offer loyalty rewards, premium benefits and referral incentives.",High-value customers are likely to respond well to retention programs.
Win-back Campaign,Customer,CUST04106,At Risk,HIGH,Launch a personalized win-back campaign with a targeted discount.,Customer activity indicates potential churn risk.
Reactivation Campaign,Customer,CUST04107,Lost Customers,MEDIUM,Send a reactivation offer and highlight relevant routes or services.,Customer activity has declined significantly.
Loyalty Rewards,Customer,CUST04108,Champions,HIGH,"Offer loyalty rewards, premium benefits and referral incentives.",High-value customers are likely to respond well to retention programs.
Loyalty Rewards,Customer,CUST04109,Champions,HIGH,"Offer loyalty rewards, premium benefits and referral incentives.",High-value customers are likely to respond well to retention programs.
General Engagement,Customer,CUST04110,Need Attention,LOW,Send personalized service updates and relevant offers.,Maintain customer engagement without excessive marketing cost.
Win-back Campaign,Customer,CUST04111,At Risk,HIGH,Launch a personalized win-back campaign with a targeted discount.,Customer activity indicates potential churn risk.
Reactivation Campaign,Customer,CUST04112,Lost Customers,MEDIUM,Send a reactivation offer and highlight relevant routes or services.,Customer activity has declined significantly.
General Engagement,Customer,CUST04113,Need Attention,LOW,Send personalized service updates and relevant offers.,Maintain customer engagement without excessive marketing cost.
Win-back Campaign,Customer,CUST04114,At Risk,HIGH,Launch a personalized win-back campaign with a targeted discount.,Customer activity indicates potential churn risk.
Loyalty Rewards,Customer,CUST04115,Champions,HIGH,"Offer loyalty rewards, premium benefits and referral incentives.",High-value customers are likely to respond well to retention programs.
Win-back Campaign,Customer,CUST04116,At Risk,HIGH,Launch a personalized win-back campaign with a targeted discount.,Customer activity indicates potential churn risk.
Win-back Campaign,Customer,CUST04117,At Risk,HIGH,Launch a personalized win-back campaign with a targeted discount.,Customer activity indicates potential churn risk.
Loyalty Campaign,Customer,CUST04118,Loyal Customers,HIGH,"Provide loyalty points, member benefits and personalized offers.",Repeated booking behavior indicates strong customer engagement.
Loyalty Rewards,Customer,CUST04119,Champions,HIGH,"Offer loyalty rewards, premium benefits and referral incentives.",High-value customers are likely to respond well to retention programs.
Loyalty Rewards,Customer,CUST04120,Champions,HIGH,"Offer loyalty rewards, premium benefits and referral incentives.",High-value customers are likely to respond well to retention programs.
General Engagement,Customer,CUST04121,Need Attention,LOW,Send personalized service updates and relevant offers.,Maintain customer engagement without excessive marketing cost.
Loyalty Campaign,Customer,CUST04122,Loyal Customers,HIGH,"Provide loyalty points, member benefits and personalized offers.",Repeated booking behavior indicates strong customer engagement.
Loyalty Campaign,Customer,CUST04124,Loyal Customers,HIGH,"Provide loyalty points, member benefits and personalized offers.",Repeated booking behavior indicates strong customer engagement.
Win-back Campaign,Customer,CUST04125,At Risk,HIGH,Launch a personalized win-back campaign with a targeted discount.,Customer activity indicates potential churn risk.
Loyalty Rewards,Customer,CUST04126,Champions,HIGH,"Offer loyalty rewards, premium benefits and referral incentives.",High-value customers are likely to respond well to retention programs.
General Engagement,Customer,CUST04127,Big Spenders,LOW,Send personalized service updates and relevant offers.,Maintain customer engagement without excessive marketing cost.
General Engagement,Customer,CUST04128,Need Attention,LOW,Send personalized service updates and relevant offers.,Maintain customer engagement without excessive marketing cost.
Loyalty Campaign,Customer,CUST04129,Potential Loyalists,HIGH,"Provide loyalty points, member benefits and personalized offers.",Repeated booking behavior indicates strong customer engagement.
Loyalty Rewards,Customer,CUST04130,Champions,HIGH,"Offer loyalty rewards, premium benefits and referral incentives.",High-value customers are likely to respond well to retention programs.
Win-back Campaign,Customer,CUST04131,At Risk,HIGH,Launch a personalized win-back campaign with a targeted discount.,Customer activity indicates potential churn risk.
Reactivation Campaign,Customer,CUST04132,Lost Customers,MEDIUM,Send a reactivation offer and highlight relevant routes or services.,Customer activity has declined significantly.
Reactivation Campaign,Customer,CUST04133,Lost Customers,MEDIUM,Send a reactivation offer and highlight relevant routes or services.,Customer activity has declined significantly.
General Engagement,Customer,CUST04134,Need Attention,LOW,Send personalized service updates and relevant offers.,Maintain customer engagement without excessive marketing cost.
Reactivation Campaign,Customer,CUST04135,Lost Customers,MEDIUM,Send a reactivation offer and highlight relevant routes or services.,Customer activity has declined significantly.
Reactivation Campaign,Customer,CUST04136,Lost Customers,MEDIUM,Send a reactivation offer and highlight relevant routes or services.,Customer activity has declined significantly.
Second Booking Campaign,Customer,CUST04137,New Customers,MEDIUM,Offer a first-repeat booking incentive.,The customer should be encouraged to make a second booking.
General Engagement,Customer,CUST04138,Need Attention,LOW,Send personalized service updates and relevant offers.,Maintain customer engagement without excessive marketing cost.
Loyalty Campaign,Customer,CUST04139,Loyal Customers,HIGH,"Provide loyalty points, member benefits and personalized offers.",Repeated booking behavior indicates strong customer engagement.
Loyalty Campaign,Customer,CUST04140,Loyal Customers,HIGH,"Provide loyalty points, member benefits and personalized offers.",Repeated booking behavior indicates strong customer engagement.
Loyalty Campaign,Customer,CUST04141,Loyal Customers,HIGH,"Provide loyalty points, member benefits and personalized offers.",Repeated booking behavior indicates strong customer engagement.
Loyalty Campaign,Customer,CUST04142,Loyal Customers,HIGH,"Provide loyalty points, member benefits and personalized offers.",Repeated booking behavior indicates strong customer engagement.
Loyalty Campaign,Customer,CUST04143,Loyal Customers,HIGH,"Provide loyalty points, member benefits and personalized offers.",Repeated booking behavior indicates strong customer engagement.
Reactivation Campaign,Customer,CUST04144,Lost Customers,MEDIUM,Send a reactivation offer and highlight relevant routes or services.,Customer activity has declined significantly.
General Engagement,Customer,CUST04145,Need Attention,LOW,Send personalized service updates and relevant offers.,Maintain customer engagement without excessive marketing cost.
Reactivation Campaign,Customer,CUST04146,Lost Customers,MEDIUM,Send a reactivation offer and highlight relevant routes or services.,Customer activity has declined significantly.
Win-back Campaign,Customer,CUST04147,At Risk,HIGH,Launch a personalized win-back campaign with a targeted discount.,Customer activity indicates potential churn risk.
General Engagement,Customer,CUST04148,Need Attention,LOW,Send personalized service updates and relevant offers.,Maintain customer engagement without excessive marketing cost.
General Engagement,Customer,CUST04149,Big Spenders,LOW,Send personalized service updates and relevant offers.,Maintain customer engagement without excessive marketing cost.
Loyalty Campaign,Customer,CUST04150,Potential Loyalists,HIGH,"Provide loyalty points, member benefits and personalized offers.",Repeated booking behavior indicates strong customer engagement.
Win-back Campaign,Customer,CUST04151,At Risk,HIGH,Launch a personalized win-back campaign with a targeted discount.,Customer activity indicates potential churn risk.
Win-back Campaign,Customer,CUST04152,At Risk,HIGH,Launch a personalized win-back campaign with a targeted discount.,Customer activity indicates potential churn risk.
Reactivation Campaign,Customer,CUST04153,Lost Customers,MEDIUM,Send a reactivation offer and highlight relevant routes or services.,Customer activity has declined significantly.
General Engagement,Customer,CUST04154,Need Attention,LOW,Send personalized service updates and relevant offers.,Maintain customer engagement without excessive marketing cost.
Win-back Campaign,Customer,CUST04155,At Risk,HIGH,Launch a personalized win-back campaign with a targeted discount.,Customer activity indicates potential churn risk.
Win-back Campaign,Customer,CUST04156,At Risk,HIGH,Launch a personalized win-back campaign with a targeted discount.,Customer activity indicates potential churn risk.
Loyalty Rewards,Customer,CUST04157,Champions,HIGH,"Offer loyalty rewards, premium benefits and referral incentives.",High-value customers are likely to respond well to retention programs.
Loyalty Rewards,Customer,CUST04158,Champions,HIGH,"Offer loyalty rewards, premium benefits and referral incentives.",High-value customers are likely to respond well to retention programs.
General Engagement,Customer,CUST04159,Need Attention,LOW,Send personalized service updates and relevant offers.,Maintain customer engagement without excessive marketing cost.
Loyalty Rewards,Customer,CUST04160,Champions,HIGH,"Offer loyalty rewards, premium benefits and referral incentives.",High-value customers are likely to respond well to retention programs.
Loyalty Campaign,Customer,CUST04161,Potential Loyalists,HIGH,"Provide loyalty points, member benefits and personalized offers.",Repeated booking behavior indicates strong customer engagement.
Win-back Campaign,Customer,CUST04162,At Risk,HIGH,Launch a personalized win-back campaign with a targeted discount.,Customer activity indicates potential churn risk.
Reactivation Campaign,Customer,CUST04163,Lost Customers,MEDIUM,Send a reactivation offer and highlight relevant routes or services.,Customer activity has declined significantly.
General Engagement,Customer,CUST04164,Big Spenders,LOW,Send personalized service updates and relevant offers.,Maintain customer engagement without excessive marketing cost.
General Engagement,Customer,CUST04166,Need Attention,LOW,Send personalized service updates and relevant offers.,Maintain customer engagement without excessive marketing cost.
Reactivation Campaign,Customer,CUST04167,Lost Customers,MEDIUM,Send a reactivation offer and highlight relevant routes or services.,Customer activity has declined significantly.
Reactivation Campaign,Customer,CUST04168,Lost Customers,MEDIUM,Send a reactivation offer and highlight relevant routes or services.,Customer activity has declined significantly.
General Engagement,Customer,CUST04169,Big Spenders,LOW,Send personalized service updates and relevant offers.,Maintain customer engagement without excessive marketing cost.
General Engagement,Customer,CUST04170,Need Attention,LOW,Send personalized service updates and relevant offers.,Maintain customer engagement without excessive marketing cost.
Loyalty Rewards,Customer,CUST04171,Champions,HIGH,"Offer loyalty rewards, premium benefits and referral incentives.",High-value customers are likely to respond well to retention programs.
Loyalty Campaign,Customer,CUST04172,Potential Loyalists,HIGH,"Provide loyalty points, member benefits and personalized offers.",Repeated booking behavior indicates strong customer engagement.
General Engagement,Customer,CUST04173,Need Attention,LOW,Send personalized service updates and relevant offers.,Maintain customer engagement without excessive marketing cost.
Loyalty Rewards,Customer,CUST04174,Champions,HIGH,"Offer loyalty rewards, premium benefits and referral incentives.",High-value customers are likely to respond well to retention programs.
Loyalty Campaign,Customer,CUST04175,Loyal Customers,HIGH,"Provide loyalty points, member benefits and personalized offers.",Repeated booking behavior indicates strong customer engagement.
Loyalty Rewards,Customer,CUST04176,Champions,HIGH,"Offer loyalty rewards, premium benefits and referral incentives.",High-value customers are likely to respond well to retention programs.
Win-back Campaign,Customer,CUST04177,At Risk,HIGH,Launch a personalized win-back campaign with a targeted discount.,Customer activity indicates potential churn risk.
Loyalty Campaign,Customer,CUST04178,Loyal Customers,HIGH,"Provide loyalty points, member benefits and personalized offers.",Repeated booking behavior indicates strong customer engagement.
General Engagement,Customer,CUST04179,Need Attention,LOW,Send personalized service updates and relevant offers.,Maintain customer engagement without excessive marketing cost.
Loyalty Campaign,Customer,CUST04180,Potential Loyalists,HIGH,"Provide loyalty points, member benefits and personalized offers.",Repeated booking behavior indicates strong customer engagement.
General Engagement,Customer,CUST04181,Need Attention,LOW,Send personalized service updates and relevant offers.,Maintain customer engagement without excessive marketing cost.
Reactivation Campaign,Customer,CUST04182,Lost Customers,MEDIUM,Send a reactivation offer and highlight relevant routes or services.,Customer activity has declined significantly.
Loyalty Rewards,Customer,CUST04183,Champions,HIGH,"Offer loyalty rewards, premium benefits and referral incentives.",High-value customers are likely to respond well to retention programs.
Loyalty Rewards,Customer,CUST04184,Champions,HIGH,"Offer loyalty rewards, premium benefits and referral incentives.",High-value customers are likely to respond well to retention programs.
Loyalty Rewards,Customer,CUST04185,Champions,HIGH,"Offer loyalty rewards, premium benefits and referral incentives.",High-value customers are likely to respond well to retention programs.
Loyalty Rewards,Customer,CUST04186,Champions,HIGH,"Offer loyalty rewards, premium benefits and referral incentives.",High-value customers are likely to respond well to retention programs.
Loyalty Campaign,Customer,CUST04187,Loyal Customers,HIGH,"Provide loyalty points, member benefits and personalized offers.",Repeated booking behavior indicates strong customer engagement.
Loyalty Campaign,Customer,CUST04188,Loyal Customers,HIGH,"Provide loyalty points, member benefits and personalized offers.",Repeated booking behavior indicates strong customer engagement.
Win-back Campaign,Customer,CUST04189,At Risk,HIGH,Launch a personalized win-back campaign with a targeted discount.,Customer activity indicates potential churn risk.
Second Booking Campaign,Customer,CUST04190,New Customers,MEDIUM,Offer a first-repeat booking incentive.,The customer should be encouraged to make a second booking.
Win-back Campaign,Customer,CUST04191,At Risk,HIGH,Launch a personalized win-back campaign with a targeted discount.,Customer activity indicates potential churn risk.
Win-back Campaign,Customer,CUST04192,At Risk,HIGH,Launch a personalized win-back campaign with a targeted discount.,Customer activity indicates potential churn risk.
Loyalty Campaign,Customer,CUST04193,Loyal Customers,HIGH,"Provide loyalty points, member benefits and personalized offers.",Repeated booking behavior indicates strong customer engagement.
Win-back Campaign,Customer,CUST04194,At Risk,HIGH,Launch a personalized win-back campaign with a targeted discount.,Customer activity indicates potential churn risk.
Reactivation Campaign,Customer,CUST04195,Lost Customers,MEDIUM,Send a reactivation offer and highlight relevant routes or services.,Customer activity has declined significantly.
Loyalty Campaign,Customer,CUST04196,Loyal Customers,HIGH,"Provide loyalty points, member benefits and personalized offers.",Repeated booking behavior indicates strong customer engagement.
Reactivation Campaign,Customer,CUST04197,Lost Customers,MEDIUM,Send a reactivation offer and highlight relevant routes or services.,Customer activity has declined significantly.
General Engagement,Customer,CUST04198,Need Attention,LOW,Send personalized service updates and relevant offers.,Maintain customer engagement without excessive marketing cost.
Win-back Campaign,Customer,CUST04199,At Risk,HIGH,Launch a personalized win-back campaign with a targeted discount.,Customer activity indicates potential churn risk.
General Engagement,Customer,CUST04200,Need Attention,LOW,Send personalized service updates and relevant offers.,Maintain customer engagement without excessive marketing cost.
Second Booking Campaign,Customer,CUST04202,New Customers,MEDIUM,Offer a first-repeat booking incentive.,The customer should be encouraged to make a second booking.
Reactivation Campaign,Customer,CUST04203,Lost Customers,MEDIUM,Send a reactivation offer and highlight relevant routes or services.,Customer activity has declined significantly.
Win-back Campaign,Customer,CUST04204,At Risk,HIGH,Launch a personalized win-back campaign with a targeted discount.,Customer activity indicates potential churn risk.
General Engagement,Customer,CUST04205,Need Attention,LOW,Send personalized service updates and relevant offers.,Maintain customer engagement without excessive marketing cost.
Loyalty Campaign,Customer,CUST04206,Loyal Customers,HIGH,"Provide loyalty points, member benefits and personalized offers.",Repeated booking behavior indicates strong customer engagement.
Reactivation Campaign,Customer,CUST04207,Lost Customers,MEDIUM,Send a reactivation offer and highlight relevant routes or services.,Customer activity has declined significantly.
Win-back Campaign,Customer,CUST04208,At Risk,HIGH,Launch a personalized win-back campaign with a targeted discount.,Customer activity indicates potential churn risk.
General Engagement,Customer,CUST04209,Need Attention,LOW,Send personalized service updates and relevant offers.,Maintain customer engagement without excessive marketing cost.
General Engagement,Customer,CUST04210,Big Spenders,LOW,Send personalized service updates and relevant offers.,Maintain customer engagement without excessive marketing cost.
Loyalty Rewards,Customer,CUST04211,Champions,HIGH,"Offer loyalty rewards, premium benefits and referral incentives.",High-value customers are likely to respond well to retention programs.
General Engagement,Customer,CUST04212,Need Attention,LOW,Send personalized service updates and relevant offers.,Maintain customer engagement without excessive marketing cost.
Reactivation Campaign,Customer,CUST04213,Lost Customers,MEDIUM,Send a reactivation offer and highlight relevant routes or services.,Customer activity has declined significantly.
General Engagement,Customer,CUST04215,Big Spenders,LOW,Send personalized service updates and relevant offers.,Maintain customer engagement without excessive marketing cost.
Win-back Campaign,Customer,CUST04216,At Risk,HIGH,Launch a personalized win-back campaign with a targeted discount.,Customer activity indicates potential churn risk.
General Engagement,Customer,CUST04217,Need Attention,LOW,Send personalized service updates and relevant offers.,Maintain customer engagement without excessive marketing cost.
Reactivation Campaign,Customer,CUST04218,Lost Customers,MEDIUM,Send a reactivation offer and highlight relevant routes or services.,Customer activity has declined significantly.
Loyalty Campaign,Customer,CUST04219,Loyal Customers,HIGH,"Provide loyalty points, member benefits and personalized offers.",Repeated booking behavior indicates strong customer engagement.
Loyalty Campaign,Customer,CUST04220,Loyal Customers,HIGH,"Provide loyalty points, member benefits and personalized offers.",Repeated booking behavior indicates strong customer engagement.
Win-back Campaign,Customer,CUST04221,At Risk,HIGH,Launch a personalized win-back campaign with a targeted discount.,Customer activity indicates potential churn risk.
General Engagement,Customer,CUST04222,Need Attention,LOW,Send personalized service updates and relevant offers.,Maintain customer engagement without excessive marketing cost.
Loyalty Rewards,Customer,CUST04223,Champions,HIGH,"Offer loyalty rewards, premium benefits and referral incentives.",High-value customers are likely to respond well to retention programs.
Loyalty Campaign,Customer,CUST04224,Loyal Customers,HIGH,"Provide loyalty points, member benefits and personalized offers.",Repeated booking behavior indicates strong customer engagement.
General Engagement,Customer,CUST04225,Need Attention,LOW,Send personalized service updates and relevant offers.,Maintain customer engagement without excessive marketing cost.
General Engagement,Customer,CUST04226,Need Attention,LOW,Send personalized service updates and relevant offers.,Maintain customer engagement without excessive marketing cost.
Reactivation Campaign,Customer,CUST04227,Lost Customers,MEDIUM,Send a reactivation offer and highlight relevant routes or services.,Customer activity has declined significantly.
General Engagement,Customer,CUST04228,Big Spenders,LOW,Send personalized service updates and relevant offers.,Maintain customer engagement without excessive marketing cost.
Win-back Campaign,Customer,CUST04229,At Risk,HIGH,Launch a personalized win-back campaign with a targeted discount.,Customer activity indicates potential churn risk.
Reactivation Campaign,Customer,CUST04230,Lost Customers,MEDIUM,Send a reactivation offer and highlight relevant routes or services.,Customer activity has declined significantly.
General Engagement,Customer,CUST04231,Need Attention,LOW,Send personalized service updates and relevant offers.,Maintain customer engagement without excessive marketing cost.
Loyalty Rewards,Customer,CUST04232,Champions,HIGH,"Offer loyalty rewards, premium benefits and referral incentives.",High-value customers are likely to respond well to retention programs.
General Engagement,Customer,CUST04233,Need Attention,LOW,Send personalized service updates and relevant offers.,Maintain customer engagement without excessive marketing cost.
Loyalty Campaign,Customer,CUST04234,Potential Loyalists,HIGH,"Provide loyalty points, member benefits and personalized offers.",Repeated booking behavior indicates strong customer engagement.
General Engagement,Customer,CUST04235,Need Attention,LOW,Send personalized service updates and relevant offers.,Maintain customer engagement without excessive marketing cost.
Reactivation Campaign,Customer,CUST04236,Lost Customers,MEDIUM,Send a reactivation offer and highlight relevant routes or services.,Customer activity has declined significantly.
Win-back Campaign,Customer,CUST04237,At Risk,HIGH,Launch a personalized win-back campaign with a targeted discount.,Customer activity indicates potential churn risk.
Loyalty Campaign,Customer,CUST04238,Loyal Customers,HIGH,"Provide loyalty points, member benefits and personalized offers.",Repeated booking behavior indicates strong customer engagement.
Reactivation Campaign,Customer,CUST04239,Lost Customers,MEDIUM,Send a reactivation offer and highlight relevant routes or services.,Customer activity has declined significantly.
Reactivation Campaign,Customer,CUST04240,Lost Customers,MEDIUM,Send a reactivation offer and highlight relevant routes or services.,Customer activity has declined significantly.
General Engagement,Customer,CUST04241,Need Attention,LOW,Send personalized service updates and relevant offers.,Maintain customer engagement without excessive marketing cost.
Win-back Campaign,Customer,CUST04242,At Risk,HIGH,Launch a personalized win-back campaign with a targeted discount.,Customer activity indicates potential churn risk.
Reactivation Campaign,Customer,CUST04243,Lost Customers,MEDIUM,Send a reactivation offer and highlight relevant routes or services.,Customer activity has declined significantly.
Win-back Campaign,Customer,CUST04244,At Risk,HIGH,Launch a personalized win-back campaign with a targeted discount.,Customer activity indicates potential churn risk.
Loyalty Campaign,Customer,CUST04246,Loyal Customers,HIGH,"Provide loyalty points, member benefits and personalized offers.",Repeated booking behavior indicates strong customer engagement.
Reactivation Campaign,Customer,CUST04247,Lost Customers,MEDIUM,Send a reactivation offer and highlight relevant routes or services.,Customer activity has declined significantly.
Loyalty Campaign,Customer,CUST04248,Potential Loyalists,HIGH,"Provide loyalty points, member benefits and personalized offers.",Repeated booking behavior indicates strong customer engagement.
Reactivation Campaign,Customer,CUST04249,Lost Customers,MEDIUM,Send a reactivation offer and highlight relevant routes or services.,Customer activity has declined significantly.
General Engagement,Customer,CUST04250,Need Attention,LOW,Send personalized service updates and relevant offers.,Maintain customer engagement without excessive marketing cost.
Loyalty Campaign,Customer,CUST04251,Loyal Customers,HIGH,"Provide loyalty points, member benefits and personalized offers.",Repeated booking behavior indicates strong customer engagement.
Reactivation Campaign,Customer,CUST04252,Lost Customers,MEDIUM,Send a reactivation offer and highlight relevant routes or services.,Customer activity has declined significantly.
General Engagement,Customer,CUST04253,Need Attention,LOW,Send personalized service updates and relevant offers.,Maintain customer engagement without excessive marketing cost.
Loyalty Campaign,Customer,CUST04254,Loyal Customers,HIGH,"Provide loyalty points, member benefits and personalized offers.",Repeated booking behavior indicates strong customer engagement.
General Engagement,Customer,CUST04255,Need Attention,LOW,Send personalized service updates and relevant offers.,Maintain customer engagement without excessive marketing cost.
Loyalty Campaign,Customer,CUST04256,Potential Loyalists,HIGH,"Provide loyalty points, member benefits and personalized offers.",Repeated booking behavior indicates strong customer engagement.
Second Booking Campaign,Customer,CUST04257,New Customers,MEDIUM,Offer a first-repeat booking incentive.,The customer should be encouraged to make a second booking.
Loyalty Rewards,Customer,CUST04258,Champions,HIGH,"Offer loyalty rewards, premium benefits and referral incentives.",High-value customers are likely to respond well to retention programs.
General Engagement,Customer,CUST04259,Need Attention,LOW,Send personalized service updates and relevant offers.,Maintain customer engagement without excessive marketing cost.
Reactivation Campaign,Customer,CUST04260,Lost Customers,MEDIUM,Send a reactivation offer and highlight relevant routes or services.,Customer activity has declined significantly.
General Engagement,Customer,CUST04261,Need Attention,LOW,Send personalized service updates and relevant offers.,Maintain customer engagement without excessive marketing cost.
Loyalty Campaign,Customer,CUST04262,Loyal Customers,HIGH,"Provide loyalty points, member benefits and personalized offers.",Repeated booking behavior indicates strong customer engagement.
Loyalty Campaign,Customer,CUST04263,Potential Loyalists,HIGH,"Provide loyalty points, member benefits and personalized offers.",Repeated booking behavior indicates strong customer engagement.
Loyalty Campaign,Customer,CUST04264,Loyal Customers,HIGH,"Provide loyalty points, member benefits and personalized offers.",Repeated booking behavior indicates strong customer engagement.
Win-back Campaign,Customer,CUST04265,At Risk,HIGH,Launch a personalized win-back campaign with a targeted discount.,Customer activity indicates potential churn risk.
Loyalty Rewards,Customer,CUST04266,Champions,HIGH,"Offer loyalty rewards, premium benefits and referral incentives.",High-value customers are likely to respond well to retention programs.
Loyalty Campaign,Customer,CUST04267,Loyal Customers,HIGH,"Provide loyalty points, member benefits and personalized offers.",Repeated booking behavior indicates strong customer engagement.
General Engagement,Customer,CUST04268,Need Attention,LOW,Send personalized service updates and relevant offers.,Maintain customer engagement without excessive marketing cost.
Win-back Campaign,Customer,CUST04269,At Risk,HIGH,Launch a personalized win-back campaign with a targeted discount.,Customer activity indicates potential churn risk.
Loyalty Rewards,Customer,CUST04270,Champions,HIGH,"Offer loyalty rewards, premium benefits and referral incentives.",High-value customers are likely to respond well to retention programs.
Loyalty Campaign,Customer,CUST04271,Loyal Customers,HIGH,"Provide loyalty points, member benefits and personalized offers.",Repeated booking behavior indicates strong customer engagement.
Win-back Campaign,Customer,CUST04272,At Risk,HIGH,Launch a personalized win-back campaign with a targeted discount.,Customer activity indicates potential churn risk.
Loyalty Campaign,Customer,CUST04273,Loyal Customers,HIGH,"Provide loyalty points, member benefits and personalized offers.",Repeated booking behavior indicates strong customer engagement.
Win-back Campaign,Customer,CUST04274,At Risk,HIGH,Launch a personalized win-back campaign with a targeted discount.,Customer activity indicates potential churn risk.
Loyalty Rewards,Customer,CUST04275,Champions,HIGH,"Offer loyalty rewards, premium benefits and referral incentives.",High-value customers are likely to respond well to retention programs.
Reactivation Campaign,Customer,CUST04276,Lost Customers,MEDIUM,Send a reactivation offer and highlight relevant routes or services.,Customer activity has declined significantly.
Loyalty Rewards,Customer,CUST04277,Champions,HIGH,"Offer loyalty rewards, premium benefits and referral incentives.",High-value customers are likely to respond well to retention programs.
Loyalty Campaign,Customer,CUST04278,Potential Loyalists,HIGH,"Provide loyalty points, member benefits and personalized offers.",Repeated booking behavior indicates strong customer engagement.
Reactivation Campaign,Customer,CUST04279,Lost Customers,MEDIUM,Send a reactivation offer and highlight relevant routes or services.,Customer activity has declined significantly.
Win-back Campaign,Customer,CUST04280,At Risk,HIGH,Launch a personalized win-back campaign with a targeted discount.,Customer activity indicates potential churn risk.
Reactivation Campaign,Customer,CUST04281,Lost Customers,MEDIUM,Send a reactivation offer and highlight relevant routes or services.,Customer activity has declined significantly.
Win-back Campaign,Customer,CUST04282,At Risk,HIGH,Launch a personalized win-back campaign with a targeted discount.,Customer activity indicates potential churn risk.
Reactivation Campaign,Customer,CUST04283,Lost Customers,MEDIUM,Send a reactivation offer and highlight relevant routes or services.,Customer activity has declined significantly.
Reactivation Campaign,Customer,CUST04284,Lost Customers,MEDIUM,Send a reactivation offer and highlight relevant routes or services.,Customer activity has declined significantly.
Win-back Campaign,Customer,CUST04286,At Risk,HIGH,Launch a personalized win-back campaign with a targeted discount.,Customer activity indicates potential churn risk.
Loyalty Rewards,Customer,CUST04287,Champions,HIGH,"Offer loyalty rewards, premium benefits and referral incentives.",High-value customers are likely to respond well to retention programs.
General Engagement,Customer,CUST04288,Need Attention,LOW,Send personalized service updates and relevant offers.,Maintain customer engagement without excessive marketing cost.
Loyalty Campaign,Customer,CUST04289,Potential Loyalists,HIGH,"Provide loyalty points, member benefits and personalized offers.",Repeated booking behavior indicates strong customer engagement.
Loyalty Rewards,Customer,CUST04290,Champions,HIGH,"Offer loyalty rewards, premium benefits and referral incentives.",High-value customers are likely to respond well to retention programs.
Loyalty Rewards,Customer,CUST04291,Champions,HIGH,"Offer loyalty rewards, premium benefits and referral incentives.",High-value customers are likely to respond well to retention programs.
Reactivation Campaign,Customer,CUST04292,Lost Customers,MEDIUM,Send a reactivation offer and highlight relevant routes or services.,Customer activity has declined significantly.
Loyalty Campaign,Customer,CUST04293,Potential Loyalists,HIGH,"Provide loyalty points, member benefits and personalized offers.",Repeated booking behavior indicates strong customer engagement.
Reactivation Campaign,Customer,CUST04294,Lost Customers,MEDIUM,Send a reactivation offer and highlight relevant routes or services.,Customer activity has declined significantly.
Loyalty Campaign,Customer,CUST04295,Loyal Customers,HIGH,"Provide loyalty points, member benefits and personalized offers.",Repeated booking behavior indicates strong customer engagement.
Reactivation Campaign,Customer,CUST04296,Lost Customers,MEDIUM,Send a reactivation offer and highlight relevant routes or services.,Customer activity has declined significantly.
Reactivation Campaign,Customer,CUST04298,Lost Customers,MEDIUM,Send a reactivation offer and highlight relevant routes or services.,Customer activity has declined significantly.
General Engagement,Customer,CUST04299,Need Attention,LOW,Send personalized service updates and relevant offers.,Maintain customer engagement without excessive marketing cost.
Loyalty Campaign,Customer,CUST04300,Potential Loyalists,HIGH,"Provide loyalty points, member benefits and personalized offers.",Repeated booking behavior indicates strong customer engagement.
Loyalty Campaign,Customer,CUST04301,Potential Loyalists,HIGH,"Provide loyalty points, member benefits and personalized offers.",Repeated booking behavior indicates strong customer engagement.
Loyalty Rewards,Customer,CUST04302,Champions,HIGH,"Offer loyalty rewards, premium benefits and referral incentives.",High-value customers are likely to respond well to retention programs.
Win-back Campaign,Customer,CUST04303,At Risk,HIGH,Launch a personalized win-back campaign with a targeted discount.,Customer activity indicates potential churn risk.
Loyalty Rewards,Customer,CUST04304,Champions,HIGH,"Offer loyalty rewards, premium benefits and referral incentives.",High-value customers are likely to respond well to retention programs.
Loyalty Campaign,Customer,CUST04305,Loyal Customers,HIGH,"Provide loyalty points, member benefits and personalized offers.",Repeated booking behavior indicates strong customer engagement.
Loyalty Campaign,Customer,CUST04306,Potential Loyalists,HIGH,"Provide loyalty points, member benefits and personalized offers.",Repeated booking behavior indicates strong customer engagement.
Win-back Campaign,Customer,CUST04307,At Risk,HIGH,Launch a personalized win-back campaign with a targeted discount.,Customer activity indicates potential churn risk.
Reactivation Campaign,Customer,CUST04308,Lost Customers,MEDIUM,Send a reactivation offer and highlight relevant routes or services.,Customer activity has declined significantly.
Loyalty Rewards,Customer,CUST04309,Champions,HIGH,"Offer loyalty rewards, premium benefits and referral incentives.",High-value customers are likely to respond well to retention programs.
Reactivation Campaign,Customer,CUST04310,Lost Customers,MEDIUM,Send a reactivation offer and highlight relevant routes or services.,Customer activity has declined significantly.
Reactivation Campaign,Customer,CUST04311,Lost Customers,MEDIUM,Send a reactivation offer and highlight relevant routes or services.,Customer activity has declined significantly.
Loyalty Campaign,Customer,CUST04312,Potential Loyalists,HIGH,"Provide loyalty points, member benefits and personalized offers.",Repeated booking behavior indicates strong customer engagement.
Reactivation Campaign,Customer,CUST04313,Lost Customers,MEDIUM,Send a reactivation offer and highlight relevant routes or services.,Customer activity has declined significantly.
Reactivation Campaign,Customer,CUST04314,Lost Customers,MEDIUM,Send a reactivation offer and highlight relevant routes or services.,Customer activity has declined significantly.
Loyalty Rewards,Customer,CUST04315,Champions,HIGH,"Offer loyalty rewards, premium benefits and referral incentives.",High-value customers are likely to respond well to retention programs.
Reactivation Campaign,Customer,CUST04316,Lost Customers,MEDIUM,Send a reactivation offer and highlight relevant routes or services.,Customer activity has declined significantly.
General Engagement,Customer,CUST04317,Big Spenders,LOW,Send personalized service updates and relevant offers.,Maintain customer engagement without excessive marketing cost.
Win-back Campaign,Customer,CUST04318,At Risk,HIGH,Launch a personalized win-back campaign with a targeted discount.,Customer activity indicates potential churn risk.
General Engagement,Customer,CUST04319,Need Attention,LOW,Send personalized service updates and relevant offers.,Maintain customer engagement without excessive marketing cost.
Win-back Campaign,Customer,CUST04320,At Risk,HIGH,Launch a personalized win-back campaign with a targeted discount.,Customer activity indicates potential churn risk.
General Engagement,Customer,CUST04321,Need Attention,LOW,Send personalized service updates and relevant offers.,Maintain customer engagement without excessive marketing cost.
Reactivation Campaign,Customer,CUST04322,Lost Customers,MEDIUM,Send a reactivation offer and highlight relevant routes or services.,Customer activity has declined significantly.
Win-back Campaign,Customer,CUST04323,At Risk,HIGH,Launch a personalized win-back campaign with a targeted discount.,Customer activity indicates potential churn risk.
Loyalty Campaign,Customer,CUST04324,Loyal Customers,HIGH,"Provide loyalty points, member benefits and personalized offers.",Repeated booking behavior indicates strong customer engagement.
Win-back Campaign,Customer,CUST04325,At Risk,HIGH,Launch a personalized win-back campaign with a targeted discount.,Customer activity indicates potential churn risk.
Loyalty Campaign,Customer,CUST04326,Loyal Customers,HIGH,"Provide loyalty points, member benefits and personalized offers.",Repeated booking behavior indicates strong customer engagement.
General Engagement,Customer,CUST04327,Need Attention,LOW,Send personalized service updates and relevant offers.,Maintain customer engagement without excessive marketing cost.
General Engagement,Customer,CUST04328,Need Attention,LOW,Send personalized service updates and relevant offers.,Maintain customer engagement without excessive marketing cost.
General Engagement,Customer,CUST04329,Need Attention,LOW,Send personalized service updates and relevant offers.,Maintain customer engagement without excessive marketing cost.
General Engagement,Customer,CUST04330,Need Attention,LOW,Send personalized service updates and relevant offers.,Maintain customer engagement without excessive marketing cost.
General Engagement,Customer,CUST04331,Big Spenders,LOW,Send personalized service updates and relevant offers.,Maintain customer engagement without excessive marketing cost.
Loyalty Campaign,Customer,CUST04332,Potential Loyalists,HIGH,"Provide loyalty points, member benefits and personalized offers.",Repeated booking behavior indicates strong customer engagement.
Loyalty Campaign,Customer,CUST04333,Potential Loyalists,HIGH,"Provide loyalty points, member benefits and personalized offers.",Repeated booking behavior indicates strong customer engagement.
Loyalty Rewards,Customer,CUST04334,Champions,HIGH,"Offer loyalty rewards, premium benefits and referral incentives.",High-value customers are likely to respond well to retention programs.
Win-back Campaign,Customer,CUST04335,At Risk,HIGH,Launch a personalized win-back campaign with a targeted discount.,Customer activity indicates potential churn risk.
General Engagement,Customer,CUST04336,Big Spenders,LOW,Send personalized service updates and relevant offers.,Maintain customer engagement without excessive marketing cost.
Loyalty Campaign,Customer,CUST04337,Loyal Customers,HIGH,"Provide loyalty points, member benefits and personalized offers.",Repeated booking behavior indicates strong customer engagement.
General Engagement,Customer,CUST04338,Need Attention,LOW,Send personalized service updates and relevant offers.,Maintain customer engagement without excessive marketing cost.
General Engagement,Customer,CUST04339,Big Spenders,LOW,Send personalized service updates and relevant offers.,Maintain customer engagement without excessive marketing cost.
Loyalty Campaign,Customer,CUST04340,Loyal Customers,HIGH,"Provide loyalty points, member benefits and personalized offers.",Repeated booking behavior indicates strong customer engagement.
Second Booking Campaign,Customer,CUST04341,New Customers,MEDIUM,Offer a first-repeat booking incentive.,The customer should be encouraged to make a second booking.
General Engagement,Customer,CUST04342,Need Attention,LOW,Send personalized service updates and relevant offers.,Maintain customer engagement without excessive marketing cost.
Loyalty Rewards,Customer,CUST04343,Champions,HIGH,"Offer loyalty rewards, premium benefits and referral incentives.",High-value customers are likely to respond well to retention programs.
Loyalty Rewards,Customer,CUST04344,Champions,HIGH,"Offer loyalty rewards, premium benefits and referral incentives.",High-value customers are likely to respond well to retention programs.
Loyalty Campaign,Customer,CUST04345,Potential Loyalists,HIGH,"Provide loyalty points, member benefits and personalized offers.",Repeated booking behavior indicates strong customer engagement.
Loyalty Campaign,Customer,CUST04346,Potential Loyalists,HIGH,"Provide loyalty points, member benefits and personalized offers.",Repeated booking behavior indicates strong customer engagement.
Loyalty Campaign,Customer,CUST04347,Loyal Customers,HIGH,"Provide loyalty points, member benefits and personalized offers.",Repeated booking behavior indicates strong customer engagement.
Win-back Campaign,Customer,CUST04348,At Risk,HIGH,Launch a personalized win-back campaign with a targeted discount.,Customer activity indicates potential churn risk.
Win-back Campaign,Customer,CUST04349,At Risk,HIGH,Launch a personalized win-back campaign with a targeted discount.,Customer activity indicates potential churn risk.
General Engagement,Customer,CUST04350,Need Attention,LOW,Send personalized service updates and relevant offers.,Maintain customer engagement without excessive marketing cost.
General Engagement,Customer,CUST04351,Need Attention,LOW,Send personalized service updates and relevant offers.,Maintain customer engagement without excessive marketing cost.
Loyalty Campaign,Customer,CUST04352,Potential Loyalists,HIGH,"Provide loyalty points, member benefits and personalized offers.",Repeated booking behavior indicates strong customer engagement.
General Engagement,Customer,CUST04353,Need Attention,LOW,Send personalized service updates and relevant offers.,Maintain customer engagement without excessive marketing cost.
Loyalty Rewards,Customer,CUST04354,Champions,HIGH,"Offer loyalty rewards, premium benefits and referral incentives.",High-value customers are likely to respond well to retention programs.
Loyalty Rewards,Customer,CUST04355,Champions,HIGH,"Offer loyalty rewards, premium benefits and referral incentives.",High-value customers are likely to respond well to retention programs.
Reactivation Campaign,Customer,CUST04356,Lost Customers,MEDIUM,Send a reactivation offer and highlight relevant routes or services.,Customer activity has declined significantly.
General Engagement,Customer,CUST04357,Need Attention,LOW,Send personalized service updates and relevant offers.,Maintain customer engagement without excessive marketing cost.
Loyalty Campaign,Customer,CUST04358,Potential Loyalists,HIGH,"Provide loyalty points, member benefits and personalized offers.",Repeated booking behavior indicates strong customer engagement.
General Engagement,Customer,CUST04359,Need Attention,LOW,Send personalized service updates and relevant offers.,Maintain customer engagement without excessive marketing cost.
General Engagement,Customer,CUST04360,Need Attention,LOW,Send personalized service updates and relevant offers.,Maintain customer engagement without excessive marketing cost.
Win-back Campaign,Customer,CUST04361,At Risk,HIGH,Launch a personalized win-back campaign with a targeted discount.,Customer activity indicates potential churn risk.
Loyalty Rewards,Customer,CUST04362,Champions,HIGH,"Offer loyalty rewards, premium benefits and referral incentives.",High-value customers are likely to respond well to retention programs.
Loyalty Campaign,Customer,CUST04363,Potential Loyalists,HIGH,"Provide loyalty points, member benefits and personalized offers.",Repeated booking behavior indicates strong customer engagement.
Win-back Campaign,Customer,CUST04364,At Risk,HIGH,Launch a personalized win-back campaign with a targeted discount.,Customer activity indicates potential churn risk.
Reactivation Campaign,Customer,CUST04365,Lost Customers,MEDIUM,Send a reactivation offer and highlight relevant routes or services.,Customer activity has declined significantly.
Loyalty Campaign,Customer,CUST04366,Loyal Customers,HIGH,"Provide loyalty points, member benefits and personalized offers.",Repeated booking behavior indicates strong customer engagement.
Reactivation Campaign,Customer,CUST04367,Lost Customers,MEDIUM,Send a reactivation offer and highlight relevant routes or services.,Customer activity has declined significantly.
General Engagement,Customer,CUST04368,Need Attention,LOW,Send personalized service updates and relevant offers.,Maintain customer engagement without excessive marketing cost.
Loyalty Rewards,Customer,CUST04369,Champions,HIGH,"Offer loyalty rewards, premium benefits and referral incentives.",High-value customers are likely to respond well to retention programs.
Loyalty Campaign,Customer,CUST04370,Loyal Customers,HIGH,"Provide loyalty points, member benefits and personalized offers.",Repeated booking behavior indicates strong customer engagement.
Loyalty Campaign,Customer,CUST04371,Loyal Customers,HIGH,"Provide loyalty points, member benefits and personalized offers.",Repeated booking behavior indicates strong customer engagement.
Reactivation Campaign,Customer,CUST04372,Lost Customers,MEDIUM,Send a reactivation offer and highlight relevant routes or services.,Customer activity has declined significantly.
Loyalty Campaign,Customer,CUST04373,Loyal Customers,HIGH,"Provide loyalty points, member benefits and personalized offers.",Repeated booking behavior indicates strong customer engagement.
Loyalty Campaign,Customer,CUST04374,Loyal Customers,HIGH,"Provide loyalty points, member benefits and personalized offers.",Repeated booking behavior indicates strong customer engagement.
Loyalty Campaign,Customer,CUST04375,Loyal Customers,HIGH,"Provide loyalty points, member benefits and personalized offers.",Repeated booking behavior indicates strong customer engagement.
Loyalty Campaign,Customer,CUST04376,Loyal Customers,HIGH,"Provide loyalty points, member benefits and personalized offers.",Repeated booking behavior indicates strong customer engagement.
Loyalty Rewards,Customer,CUST04377,Champions,HIGH,"Offer loyalty rewards, premium benefits and referral incentives.",High-value customers are likely to respond well to retention programs.
Win-back Campaign,Customer,CUST04378,At Risk,HIGH,Launch a personalized win-back campaign with a targeted discount.,Customer activity indicates potential churn risk.
General Engagement,Customer,CUST04379,Need Attention,LOW,Send personalized service updates and relevant offers.,Maintain customer engagement without excessive marketing cost.
Win-back Campaign,Customer,CUST04380,At Risk,HIGH,Launch a personalized win-back campaign with a targeted discount.,Customer activity indicates potential churn risk.
Loyalty Rewards,Customer,CUST04381,Champions,HIGH,"Offer loyalty rewards, premium benefits and referral incentives.",High-value customers are likely to respond well to retention programs.
Reactivation Campaign,Customer,CUST04382,Lost Customers,MEDIUM,Send a reactivation offer and highlight relevant routes or services.,Customer activity has declined significantly.
Win-back Campaign,Customer,CUST04383,At Risk,HIGH,Launch a personalized win-back campaign with a targeted discount.,Customer activity indicates potential churn risk.
Loyalty Campaign,Customer,CUST04384,Potential Loyalists,HIGH,"Provide loyalty points, member benefits and personalized offers.",Repeated booking behavior indicates strong customer engagement.
Reactivation Campaign,Customer,CUST04385,Lost Customers,MEDIUM,Send a reactivation offer and highlight relevant routes or services.,Customer activity has declined significantly.
Loyalty Rewards,Customer,CUST04386,Champions,HIGH,"Offer loyalty rewards, premium benefits and referral incentives.",High-value customers are likely to respond well to retention programs.
Reactivation Campaign,Customer,CUST04387,Lost Customers,MEDIUM,Send a reactivation offer and highlight relevant routes or services.,Customer activity has declined significantly.
General Engagement,Customer,CUST04388,Need Attention,LOW,Send personalized service updates and relevant offers.,Maintain customer engagement without excessive marketing cost.
Second Booking Campaign,Customer,CUST04389,New Customers,MEDIUM,Offer a first-repeat booking incentive.,The customer should be encouraged to make a second booking.
Win-back Campaign,Customer,CUST04390,At Risk,HIGH,Launch a personalized win-back campaign with a targeted discount.,Customer activity indicates potential churn risk.
Loyalty Campaign,Customer,CUST04391,Loyal Customers,HIGH,"Provide loyalty points, member benefits and personalized offers.",Repeated booking behavior indicates strong customer engagement.
Win-back Campaign,Customer,CUST04392,At Risk,HIGH,Launch a personalized win-back campaign with a targeted discount.,Customer activity indicates potential churn risk.
General Engagement,Customer,CUST04393,Need Attention,LOW,Send personalized service updates and relevant offers.,Maintain customer engagement without excessive marketing cost.
Reactivation Campaign,Customer,CUST04394,Lost Customers,MEDIUM,Send a reactivation offer and highlight relevant routes or services.,Customer activity has declined significantly.
Win-back Campaign,Customer,CUST04395,At Risk,HIGH,Launch a personalized win-back campaign with a targeted discount.,Customer activity indicates potential churn risk.
General Engagement,Customer,CUST04396,Need Attention,LOW,Send personalized service updates and relevant offers.,Maintain customer engagement without excessive marketing cost.
General Engagement,Customer,CUST04397,Big Spenders,LOW,Send personalized service updates and relevant offers.,Maintain customer engagement without excessive marketing cost.
Loyalty Campaign,Customer,CUST04398,Loyal Customers,HIGH,"Provide loyalty points, member benefits and personalized offers.",Repeated booking behavior indicates strong customer engagement.
Win-back Campaign,Customer,CUST04399,At Risk,HIGH,Launch a personalized win-back campaign with a targeted discount.,Customer activity indicates potential churn risk.
Reactivation Campaign,Customer,CUST04400,Lost Customers,MEDIUM,Send a reactivation offer and highlight relevant routes or services.,Customer activity has declined significantly.
Loyalty Campaign,Customer,CUST04401,Potential Loyalists,HIGH,"Provide loyalty points, member benefits and personalized offers.",Repeated booking behavior indicates strong customer engagement.
Reactivation Campaign,Customer,CUST04402,Lost Customers,MEDIUM,Send a reactivation offer and highlight relevant routes or services.,Customer activity has declined significantly.
Loyalty Campaign,Customer,CUST04403,Loyal Customers,HIGH,"Provide loyalty points, member benefits and personalized offers.",Repeated booking behavior indicates strong customer engagement.
Second Booking Campaign,Customer,CUST04404,New Customers,MEDIUM,Offer a first-repeat booking incentive.,The customer should be encouraged to make a second booking.
Loyalty Campaign,Customer,CUST04405,Loyal Customers,HIGH,"Provide loyalty points, member benefits and personalized offers.",Repeated booking behavior indicates strong customer engagement.
Reactivation Campaign,Customer,CUST04406,Lost Customers,MEDIUM,Send a reactivation offer and highlight relevant routes or services.,Customer activity has declined significantly.
Loyalty Campaign,Customer,CUST04407,Loyal Customers,HIGH,"Provide loyalty points, member benefits and personalized offers.",Repeated booking behavior indicates strong customer engagement.
Loyalty Campaign,Customer,CUST04408,Loyal Customers,HIGH,"Provide loyalty points, member benefits and personalized offers.",Repeated booking behavior indicates strong customer engagement.
Win-back Campaign,Customer,CUST04409,At Risk,HIGH,Launch a personalized win-back campaign with a targeted discount.,Customer activity indicates potential churn risk.
General Engagement,Customer,CUST04410,Need Attention,LOW,Send personalized service updates and relevant offers.,Maintain customer engagement without excessive marketing cost.
Loyalty Campaign,Customer,CUST04411,Potential Loyalists,HIGH,"Provide loyalty points, member benefits and personalized offers.",Repeated booking behavior indicates strong customer engagement.
Reactivation Campaign,Customer,CUST04412,Lost Customers,MEDIUM,Send a reactivation offer and highlight relevant routes or services.,Customer activity has declined significantly.
General Engagement,Customer,CUST04414,Need Attention,LOW,Send personalized service updates and relevant offers.,Maintain customer engagement without excessive marketing cost.
Loyalty Rewards,Customer,CUST04415,Champions,HIGH,"Offer loyalty rewards, premium benefits and referral incentives.",High-value customers are likely to respond well to retention programs.
Loyalty Rewards,Customer,CUST04416,Champions,HIGH,"Offer loyalty rewards, premium benefits and referral incentives.",High-value customers are likely to respond well to retention programs.
General Engagement,Customer,CUST04417,Need Attention,LOW,Send personalized service updates and relevant offers.,Maintain customer engagement without excessive marketing cost.
Loyalty Rewards,Customer,CUST04418,Champions,HIGH,"Offer loyalty rewards, premium benefits and referral incentives.",High-value customers are likely to respond well to retention programs.
Reactivation Campaign,Customer,CUST04419,Lost Customers,MEDIUM,Send a reactivation offer and highlight relevant routes or services.,Customer activity has declined significantly.
Reactivation Campaign,Customer,CUST04420,Lost Customers,MEDIUM,Send a reactivation offer and highlight relevant routes or services.,Customer activity has declined significantly.
Loyalty Campaign,Customer,CUST04421,Loyal Customers,HIGH,"Provide loyalty points, member benefits and personalized offers.",Repeated booking behavior indicates strong customer engagement.
General Engagement,Customer,CUST04422,Need Attention,LOW,Send personalized service updates and relevant offers.,Maintain customer engagement without excessive marketing cost.
Second Booking Campaign,Customer,CUST04423,New Customers,MEDIUM,Offer a first-repeat booking incentive.,The customer should be encouraged to make a second booking.
General Engagement,Customer,CUST04424,Need Attention,LOW,Send personalized service updates and relevant offers.,Maintain customer engagement without excessive marketing cost.
Win-back Campaign,Customer,CUST04425,At Risk,HIGH,Launch a personalized win-back campaign with a targeted discount.,Customer activity indicates potential churn risk.
Reactivation Campaign,Customer,CUST04426,Lost Customers,MEDIUM,Send a reactivation offer and highlight relevant routes or services.,Customer activity has declined significantly.
General Engagement,Customer,CUST04427,Need Attention,LOW,Send personalized service updates and relevant offers.,Maintain customer engagement without excessive marketing cost.
Second Booking Campaign,Customer,CUST04428,New Customers,MEDIUM,Offer a first-repeat booking incentive.,The customer should be encouraged to make a second booking.
General Engagement,Customer,CUST04429,Need Attention,LOW,Send personalized service updates and relevant offers.,Maintain customer engagement without excessive marketing cost.
General Engagement,Customer,CUST04430,Need Attention,LOW,Send personalized service updates and relevant offers.,Maintain customer engagement without excessive marketing cost.
Loyalty Campaign,Customer,CUST04431,Potential Loyalists,HIGH,"Provide loyalty points, member benefits and personalized offers.",Repeated booking behavior indicates strong customer engagement.
Win-back Campaign,Customer,CUST04432,At Risk,HIGH,Launch a personalized win-back campaign with a targeted discount.,Customer activity indicates potential churn risk.
Loyalty Rewards,Customer,CUST04433,Champions,HIGH,"Offer loyalty rewards, premium benefits and referral incentives.",High-value customers are likely to respond well to retention programs.
Loyalty Campaign,Customer,CUST04434,Potential Loyalists,HIGH,"Provide loyalty points, member benefits and personalized offers.",Repeated booking behavior indicates strong customer engagement.
Loyalty Rewards,Customer,CUST04436,Champions,HIGH,"Offer loyalty rewards, premium benefits and referral incentives.",High-value customers are likely to respond well to retention programs.
General Engagement,Customer,CUST04437,Big Spenders,LOW,Send personalized service updates and relevant offers.,Maintain customer engagement without excessive marketing cost.
Loyalty Campaign,Customer,CUST04438,Loyal Customers,HIGH,"Provide loyalty points, member benefits and personalized offers.",Repeated booking behavior indicates strong customer engagement.
Loyalty Rewards,Customer,CUST04439,Champions,HIGH,"Offer loyalty rewards, premium benefits and referral incentives.",High-value customers are likely to respond well to retention programs.
General Engagement,Customer,CUST04440,Need Attention,LOW,Send personalized service updates and relevant offers.,Maintain customer engagement without excessive marketing cost.
Win-back Campaign,Customer,CUST04441,At Risk,HIGH,Launch a personalized win-back campaign with a targeted discount.,Customer activity indicates potential churn risk.
Win-back Campaign,Customer,CUST04442,At Risk,HIGH,Launch a personalized win-back campaign with a targeted discount.,Customer activity indicates potential churn risk.
Loyalty Rewards,Customer,CUST04445,Champions,HIGH,"Offer loyalty rewards, premium benefits and referral incentives.",High-value customers are likely to respond well to retention programs.
Second Booking Campaign,Customer,CUST04446,New Customers,MEDIUM,Offer a first-repeat booking incentive.,The customer should be encouraged to make a second booking.
Reactivation Campaign,Customer,CUST04447,Lost Customers,MEDIUM,Send a reactivation offer and highlight relevant routes or services.,Customer activity has declined significantly.
Win-back Campaign,Customer,CUST04448,At Risk,HIGH,Launch a personalized win-back campaign with a targeted discount.,Customer activity indicates potential churn risk.
Loyalty Rewards,Customer,CUST04449,Champions,HIGH,"Offer loyalty rewards, premium benefits and referral incentives.",High-value customers are likely to respond well to retention programs.
Loyalty Rewards,Customer,CUST04450,Champions,HIGH,"Offer loyalty rewards, premium benefits and referral incentives.",High-value customers are likely to respond well to retention programs.
General Engagement,Customer,CUST04451,Need Attention,LOW,Send personalized service updates and relevant offers.,Maintain customer engagement without excessive marketing cost.
Win-back Campaign,Customer,CUST04452,At Risk,HIGH,Launch a personalized win-back campaign with a targeted discount.,Customer activity indicates potential churn risk.
Loyalty Rewards,Customer,CUST04453,Champions,HIGH,"Offer loyalty rewards, premium benefits and referral incentives.",High-value customers are likely to respond well to retention programs.
Win-back Campaign,Customer,CUST04454,At Risk,HIGH,Launch a personalized win-back campaign with a targeted discount.,Customer activity indicates potential churn risk.
Loyalty Campaign,Customer,CUST04455,Loyal Customers,HIGH,"Provide loyalty points, member benefits and personalized offers.",Repeated booking behavior indicates strong customer engagement.
Reactivation Campaign,Customer,CUST04456,Lost Customers,MEDIUM,Send a reactivation offer and highlight relevant routes or services.,Customer activity has declined significantly.
Win-back Campaign,Customer,CUST04457,At Risk,HIGH,Launch a personalized win-back campaign with a targeted discount.,Customer activity indicates potential churn risk.
Win-back Campaign,Customer,CUST04458,At Risk,HIGH,Launch a personalized win-back campaign with a targeted discount.,Customer activity indicates potential churn risk.
Reactivation Campaign,Customer,CUST04459,Lost Customers,MEDIUM,Send a reactivation offer and highlight relevant routes or services.,Customer activity has declined significantly.
General Engagement,Customer,CUST04460,Need Attention,LOW,Send personalized service updates and relevant offers.,Maintain customer engagement without excessive marketing cost.
Win-back Campaign,Customer,CUST04461,At Risk,HIGH,Launch a personalized win-back campaign with a targeted discount.,Customer activity indicates potential churn risk.
Loyalty Rewards,Customer,CUST04462,Champions,HIGH,"Offer loyalty rewards, premium benefits and referral incentives.",High-value customers are likely to respond well to retention programs.
General Engagement,Customer,CUST04463,Need Attention,LOW,Send personalized service updates and relevant offers.,Maintain customer engagement without excessive marketing cost.
Loyalty Campaign,Customer,CUST04464,Potential Loyalists,HIGH,"Provide loyalty points, member benefits and personalized offers.",Repeated booking behavior indicates strong customer engagement.
Reactivation Campaign,Customer,CUST04465,Lost Customers,MEDIUM,Send a reactivation offer and highlight relevant routes or services.,Customer activity has declined significantly.
General Engagement,Customer,CUST04467,Need Attention,LOW,Send personalized service updates and relevant offers.,Maintain customer engagement without excessive marketing cost.
Win-back Campaign,Customer,CUST04468,At Risk,HIGH,Launch a personalized win-back campaign with a targeted discount.,Customer activity indicates potential churn risk.
Loyalty Campaign,Customer,CUST04469,Loyal Customers,HIGH,"Provide loyalty points, member benefits and personalized offers.",Repeated booking behavior indicates strong customer engagement.
Win-back Campaign,Customer,CUST04470,At Risk,HIGH,Launch a personalized win-back campaign with a targeted discount.,Customer activity indicates potential churn risk.
Loyalty Rewards,Customer,CUST04471,Champions,HIGH,"Offer loyalty rewards, premium benefits and referral incentives.",High-value customers are likely to respond well to retention programs.
Win-back Campaign,Customer,CUST04472,At Risk,HIGH,Launch a personalized win-back campaign with a targeted discount.,Customer activity indicates potential churn risk.
General Engagement,Customer,CUST04473,Big Spenders,LOW,Send personalized service updates and relevant offers.,Maintain customer engagement without excessive marketing cost.
General Engagement,Customer,CUST04474,Need Attention,LOW,Send personalized service updates and relevant offers.,Maintain customer engagement without excessive marketing cost.
General Engagement,Customer,CUST04475,Big Spenders,LOW,Send personalized service updates and relevant offers.,Maintain customer engagement without excessive marketing cost.
Win-back Campaign,Customer,CUST04476,At Risk,HIGH,Launch a personalized win-back campaign with a targeted discount.,Customer activity indicates potential churn risk.
Reactivation Campaign,Customer,CUST04477,Lost Customers,MEDIUM,Send a reactivation offer and highlight relevant routes or services.,Customer activity has declined significantly.
General Engagement,Customer,CUST04478,Need Attention,LOW,Send personalized service updates and relevant offers.,Maintain customer engagement without excessive marketing cost.
Win-back Campaign,Customer,CUST04479,At Risk,HIGH,Launch a personalized win-back campaign with a targeted discount.,Customer activity indicates potential churn risk.
Loyalty Campaign,Customer,CUST04480,Loyal Customers,HIGH,"Provide loyalty points, member benefits and personalized offers.",Repeated booking behavior indicates strong customer engagement.
Loyalty Campaign,Customer,CUST04481,Loyal Customers,HIGH,"Provide loyalty points, member benefits and personalized offers.",Repeated booking behavior indicates strong customer engagement.
Loyalty Campaign,Customer,CUST04482,Potential Loyalists,HIGH,"Provide loyalty points, member benefits and personalized offers.",Repeated booking behavior indicates strong customer engagement.
Reactivation Campaign,Customer,CUST04483,Lost Customers,MEDIUM,Send a reactivation offer and highlight relevant routes or services.,Customer activity has declined significantly.
General Engagement,Customer,CUST04484,Need Attention,LOW,Send personalized service updates and relevant offers.,Maintain customer engagement without excessive marketing cost.
Reactivation Campaign,Customer,CUST04486,Lost Customers,MEDIUM,Send a reactivation offer and highlight relevant routes or services.,Customer activity has declined significantly.
Second Booking Campaign,Customer,CUST04487,New Customers,MEDIUM,Offer a first-repeat booking incentive.,The customer should be encouraged to make a second booking.
General Engagement,Customer,CUST04488,Need Attention,LOW,Send personalized service updates and relevant offers.,Maintain customer engagement without excessive marketing cost.
Loyalty Campaign,Customer,CUST04490,Loyal Customers,HIGH,"Provide loyalty points, member benefits and personalized offers.",Repeated booking behavior indicates strong customer engagement.
Loyalty Rewards,Customer,CUST04491,Champions,HIGH,"Offer loyalty rewards, premium benefits and referral incentives.",High-value customers are likely to respond well to retention programs.
Win-back Campaign,Customer,CUST04492,At Risk,HIGH,Launch a personalized win-back campaign with a targeted discount.,Customer activity indicates potential churn risk.
Second Booking Campaign,Customer,CUST04493,New Customers,MEDIUM,Offer a first-repeat booking incentive.,The customer should be encouraged to make a second booking.
General Engagement,Customer,CUST04494,Need Attention,LOW,Send personalized service updates and relevant offers.,Maintain customer engagement without excessive marketing cost.
Loyalty Campaign,Customer,CUST04495,Loyal Customers,HIGH,"Provide loyalty points, member benefits and personalized offers.",Repeated booking behavior indicates strong customer engagement.
Win-back Campaign,Customer,CUST04496,At Risk,HIGH,Launch a personalized win-back campaign with a targeted discount.,Customer activity indicates potential churn risk.
Win-back Campaign,Customer,CUST04497,At Risk,HIGH,Launch a personalized win-back campaign with a targeted discount.,Customer activity indicates potential churn risk.
Win-back Campaign,Customer,CUST04498,At Risk,HIGH,Launch a personalized win-back campaign with a targeted discount.,Customer activity indicates potential churn risk.
Loyalty Rewards,Customer,CUST04499,Champions,HIGH,"Offer loyalty rewards, premium benefits and referral incentives.",High-value customers are likely to respond well to retention programs.
Loyalty Rewards,Customer,CUST04500,Champions,HIGH,"Offer loyalty rewards, premium benefits and referral incentives.",High-value customers are likely to respond well to retention programs.
Loyalty Campaign,Customer,CUST04501,Loyal Customers,HIGH,"Provide loyalty points, member benefits and personalized offers.",Repeated booking behavior indicates strong customer engagement.
General Engagement,Customer,CUST04502,Need Attention,LOW,Send personalized service updates and relevant offers.,Maintain customer engagement without excessive marketing cost.
Win-back Campaign,Customer,CUST04503,At Risk,HIGH,Launch a personalized win-back campaign with a targeted discount.,Customer activity indicates potential churn risk.
Reactivation Campaign,Customer,CUST04504,Lost Customers,MEDIUM,Send a reactivation offer and highlight relevant routes or services.,Customer activity has declined significantly.
Win-back Campaign,Customer,CUST04505,At Risk,HIGH,Launch a personalized win-back campaign with a targeted discount.,Customer activity indicates potential churn risk.
Win-back Campaign,Customer,CUST04506,At Risk,HIGH,Launch a personalized win-back campaign with a targeted discount.,Customer activity indicates potential churn risk.
Loyalty Rewards,Customer,CUST04507,Champions,HIGH,"Offer loyalty rewards, premium benefits and referral incentives.",High-value customers are likely to respond well to retention programs.
Win-back Campaign,Customer,CUST04508,At Risk,HIGH,Launch a personalized win-back campaign with a targeted discount.,Customer activity indicates potential churn risk.
Reactivation Campaign,Customer,CUST04509,Lost Customers,MEDIUM,Send a reactivation offer and highlight relevant routes or services.,Customer activity has declined significantly.
General Engagement,Customer,CUST04510,Big Spenders,LOW,Send personalized service updates and relevant offers.,Maintain customer engagement without excessive marketing cost.
Win-back Campaign,Customer,CUST04511,At Risk,HIGH,Launch a personalized win-back campaign with a targeted discount.,Customer activity indicates potential churn risk.
Loyalty Campaign,Customer,CUST04512,Loyal Customers,HIGH,"Provide loyalty points, member benefits and personalized offers.",Repeated booking behavior indicates strong customer engagement.
Win-back Campaign,Customer,CUST04513,At Risk,HIGH,Launch a personalized win-back campaign with a targeted discount.,Customer activity indicates potential churn risk.
Loyalty Rewards,Customer,CUST04514,Champions,HIGH,"Offer loyalty rewards, premium benefits and referral incentives.",High-value customers are likely to respond well to retention programs.
Loyalty Campaign,Customer,CUST04515,Potential Loyalists,HIGH,"Provide loyalty points, member benefits and personalized offers.",Repeated booking behavior indicates strong customer engagement.
Reactivation Campaign,Customer,CUST04516,Lost Customers,MEDIUM,Send a reactivation offer and highlight relevant routes or services.,Customer activity has declined significantly.
Loyalty Rewards,Customer,CUST04517,Champions,HIGH,"Offer loyalty rewards, premium benefits and referral incentives.",High-value customers are likely to respond well to retention programs.
General Engagement,Customer,CUST04518,Big Spenders,LOW,Send personalized service updates and relevant offers.,Maintain customer engagement without excessive marketing cost.
General Engagement,Customer,CUST04519,Need Attention,LOW,Send personalized service updates and relevant offers.,Maintain customer engagement without excessive marketing cost.
Loyalty Rewards,Customer,CUST04520,Champions,HIGH,"Offer loyalty rewards, premium benefits and referral incentives.",High-value customers are likely to respond well to retention programs.
General Engagement,Customer,CUST04521,Need Attention,LOW,Send personalized service updates and relevant offers.,Maintain customer engagement without excessive marketing cost.
Loyalty Rewards,Customer,CUST04522,Champions,HIGH,"Offer loyalty rewards, premium benefits and referral incentives.",High-value customers are likely to respond well to retention programs.
Loyalty Campaign,Customer,CUST04523,Loyal Customers,HIGH,"Provide loyalty points, member benefits and personalized offers.",Repeated booking behavior indicates strong customer engagement.
General Engagement,Customer,CUST04524,Need Attention,LOW,Send personalized service updates and relevant offers.,Maintain customer engagement without excessive marketing cost.
Loyalty Campaign,Customer,CUST04525,Loyal Customers,HIGH,"Provide loyalty points, member benefits and personalized offers.",Repeated booking behavior indicates strong customer engagement.
Loyalty Campaign,Customer,CUST04526,Potential Loyalists,HIGH,"Provide loyalty points, member benefits and personalized offers.",Repeated booking behavior indicates strong customer engagement.
Loyalty Campaign,Customer,CUST04527,Potential Loyalists,HIGH,"Provide loyalty points, member benefits and personalized offers.",Repeated booking behavior indicates strong customer engagement.
General Engagement,Customer,CUST04528,Big Spenders,LOW,Send personalized service updates and relevant offers.,Maintain customer engagement without excessive marketing cost.
Second Booking Campaign,Customer,CUST04529,New Customers,MEDIUM,Offer a first-repeat booking incentive.,The customer should be encouraged to make a second booking.
Loyalty Campaign,Customer,CUST04530,Loyal Customers,HIGH,"Provide loyalty points, member benefits and personalized offers.",Repeated booking behavior indicates strong customer engagement.
Loyalty Campaign,Customer,CUST04531,Loyal Customers,HIGH,"Provide loyalty points, member benefits and personalized offers.",Repeated booking behavior indicates strong customer engagement.
Loyalty Rewards,Customer,CUST04532,Champions,HIGH,"Offer loyalty rewards, premium benefits and referral incentives.",High-value customers are likely to respond well to retention programs.
Reactivation Campaign,Customer,CUST04533,Lost Customers,MEDIUM,Send a reactivation offer and highlight relevant routes or services.,Customer activity has declined significantly.
Loyalty Campaign,Customer,CUST04534,Loyal Customers,HIGH,"Provide loyalty points, member benefits and personalized offers.",Repeated booking behavior indicates strong customer engagement.
Win-back Campaign,Customer,CUST04535,At Risk,HIGH,Launch a personalized win-back campaign with a targeted discount.,Customer activity indicates potential churn risk.
General Engagement,Customer,CUST04536,Big Spenders,LOW,Send personalized service updates and relevant offers.,Maintain customer engagement without excessive marketing cost.
Loyalty Campaign,Customer,CUST04537,Loyal Customers,HIGH,"Provide loyalty points, member benefits and personalized offers.",Repeated booking behavior indicates strong customer engagement.
Reactivation Campaign,Customer,CUST04538,Lost Customers,MEDIUM,Send a reactivation offer and highlight relevant routes or services.,Customer activity has declined significantly.
Win-back Campaign,Customer,CUST04539,At Risk,HIGH,Launch a personalized win-back campaign with a targeted discount.,Customer activity indicates potential churn risk.
General Engagement,Customer,CUST04540,Need Attention,LOW,Send personalized service updates and relevant offers.,Maintain customer engagement without excessive marketing cost.
General Engagement,Customer,CUST04542,Need Attention,LOW,Send personalized service updates and relevant offers.,Maintain customer engagement without excessive marketing cost.
Loyalty Campaign,Customer,CUST04543,Loyal Customers,HIGH,"Provide loyalty points, member benefits and personalized offers.",Repeated booking behavior indicates strong customer engagement.
Reactivation Campaign,Customer,CUST04544,Lost Customers,MEDIUM,Send a reactivation offer and highlight relevant routes or services.,Customer activity has declined significantly.
Loyalty Rewards,Customer,CUST04545,Champions,HIGH,"Offer loyalty rewards, premium benefits and referral incentives.",High-value customers are likely to respond well to retention programs.
General Engagement,Customer,CUST04546,Need Attention,LOW,Send personalized service updates and relevant offers.,Maintain customer engagement without excessive marketing cost.
Reactivation Campaign,Customer,CUST04547,Lost Customers,MEDIUM,Send a reactivation offer and highlight relevant routes or services.,Customer activity has declined significantly.
Loyalty Rewards,Customer,CUST04548,Champions,HIGH,"Offer loyalty rewards, premium benefits and referral incentives.",High-value customers are likely to respond well to retention programs.
General Engagement,Customer,CUST04549,Need Attention,LOW,Send personalized service updates and relevant offers.,Maintain customer engagement without excessive marketing cost.
Second Booking Campaign,Customer,CUST04550,New Customers,MEDIUM,Offer a first-repeat booking incentive.,The customer should be encouraged to make a second booking.
Loyalty Rewards,Customer,CUST04551,Champions,HIGH,"Offer loyalty rewards, premium benefits and referral incentives.",High-value customers are likely to respond well to retention programs.
Win-back Campaign,Customer,CUST04552,At Risk,HIGH,Launch a personalized win-back campaign with a targeted discount.,Customer activity indicates potential churn risk.
Loyalty Rewards,Customer,CUST04553,Champions,HIGH,"Offer loyalty rewards, premium benefits and referral incentives.",High-value customers are likely to respond well to retention programs.
Loyalty Rewards,Customer,CUST04554,Champions,HIGH,"Offer loyalty rewards, premium benefits and referral incentives.",High-value customers are likely to respond well to retention programs.
Second Booking Campaign,Customer,CUST04555,New Customers,MEDIUM,Offer a first-repeat booking incentive.,The customer should be encouraged to make a second booking.
Loyalty Campaign,Customer,CUST04556,Loyal Customers,HIGH,"Provide loyalty points, member benefits and personalized offers.",Repeated booking behavior indicates strong customer engagement.
Loyalty Campaign,Customer,CUST04557,Loyal Customers,HIGH,"Provide loyalty points, member benefits and personalized offers.",Repeated booking behavior indicates strong customer engagement.
Win-back Campaign,Customer,CUST04558,At Risk,HIGH,Launch a personalized win-back campaign with a targeted discount.,Customer activity indicates potential churn risk.
General Engagement,Customer,CUST04559,Need Attention,LOW,Send personalized service updates and relevant offers.,Maintain customer engagement without excessive marketing cost.
Loyalty Campaign,Customer,CUST04560,Loyal Customers,HIGH,"Provide loyalty points, member benefits and personalized offers.",Repeated booking behavior indicates strong customer engagement.
General Engagement,Customer,CUST04561,Need Attention,LOW,Send personalized service updates and relevant offers.,Maintain customer engagement without excessive marketing cost.
Loyalty Rewards,Customer,CUST04562,Champions,HIGH,"Offer loyalty rewards, premium benefits and referral incentives.",High-value customers are likely to respond well to retention programs.
Loyalty Campaign,Customer,CUST04563,Loyal Customers,HIGH,"Provide loyalty points, member benefits and personalized offers.",Repeated booking behavior indicates strong customer engagement.
General Engagement,Customer,CUST04564,Need Attention,LOW,Send personalized service updates and relevant offers.,Maintain customer engagement without excessive marketing cost.
Reactivation Campaign,Customer,CUST04565,Lost Customers,MEDIUM,Send a reactivation offer and highlight relevant routes or services.,Customer activity has declined significantly.
Win-back Campaign,Customer,CUST04566,At Risk,HIGH,Launch a personalized win-back campaign with a targeted discount.,Customer activity indicates potential churn risk.
General Engagement,Customer,CUST04567,Need Attention,LOW,Send personalized service updates and relevant offers.,Maintain customer engagement without excessive marketing cost.
Reactivation Campaign,Customer,CUST04568,Lost Customers,MEDIUM,Send a reactivation offer and highlight relevant routes or services.,Customer activity has declined significantly.
Loyalty Campaign,Customer,CUST04569,Potential Loyalists,HIGH,"Provide loyalty points, member benefits and personalized offers.",Repeated booking behavior indicates strong customer engagement.
Reactivation Campaign,Customer,CUST04570,Lost Customers,MEDIUM,Send a reactivation offer and highlight relevant routes or services.,Customer activity has declined significantly.
Loyalty Rewards,Customer,CUST04571,Champions,HIGH,"Offer loyalty rewards, premium benefits and referral incentives.",High-value customers are likely to respond well to retention programs.
Loyalty Rewards,Customer,CUST04572,Champions,HIGH,"Offer loyalty rewards, premium benefits and referral incentives.",High-value customers are likely to respond well to retention programs.
Loyalty Campaign,Customer,CUST04573,Loyal Customers,HIGH,"Provide loyalty points, member benefits and personalized offers.",Repeated booking behavior indicates strong customer engagement.
Second Booking Campaign,Customer,CUST04574,New Customers,MEDIUM,Offer a first-repeat booking incentive.,The customer should be encouraged to make a second booking.
Loyalty Rewards,Customer,CUST04575,Champions,HIGH,"Offer loyalty rewards, premium benefits and referral incentives.",High-value customers are likely to respond well to retention programs.
General Engagement,Customer,CUST04576,Need Attention,LOW,Send personalized service updates and relevant offers.,Maintain customer engagement without excessive marketing cost.
Win-back Campaign,Customer,CUST04577,At Risk,HIGH,Launch a personalized win-back campaign with a targeted discount.,Customer activity indicates potential churn risk.
Loyalty Campaign,Customer,CUST04578,Potential Loyalists,HIGH,"Provide loyalty points, member benefits and personalized offers.",Repeated booking behavior indicates strong customer engagement.
Loyalty Campaign,Customer,CUST04579,Potential Loyalists,HIGH,"Provide loyalty points, member benefits and personalized offers.",Repeated booking behavior indicates strong customer engagement.
General Engagement,Customer,CUST04580,Need Attention,LOW,Send personalized service updates and relevant offers.,Maintain customer engagement without excessive marketing cost.
Loyalty Campaign,Customer,CUST04581,Loyal Customers,HIGH,"Provide loyalty points, member benefits and personalized offers.",Repeated booking behavior indicates strong customer engagement.
Loyalty Campaign,Customer,CUST04582,Loyal Customers,HIGH,"Provide loyalty points, member benefits and personalized offers.",Repeated booking behavior indicates strong customer engagement.
General Engagement,Customer,CUST04583,Big Spenders,LOW,Send personalized service updates and relevant offers.,Maintain customer engagement without excessive marketing cost.
Win-back Campaign,Customer,CUST04584,At Risk,HIGH,Launch a personalized win-back campaign with a targeted discount.,Customer activity indicates potential churn risk.
Reactivation Campaign,Customer,CUST04585,Lost Customers,MEDIUM,Send a reactivation offer and highlight relevant routes or services.,Customer activity has declined significantly.
Reactivation Campaign,Customer,CUST04586,Lost Customers,MEDIUM,Send a reactivation offer and highlight relevant routes or services.,Customer activity has declined significantly.
Win-back Campaign,Customer,CUST04587,At Risk,HIGH,Launch a personalized win-back campaign with a targeted discount.,Customer activity indicates potential churn risk.
General Engagement,Customer,CUST04588,Need Attention,LOW,Send personalized service updates and relevant offers.,Maintain customer engagement without excessive marketing cost.
Reactivation Campaign,Customer,CUST04589,Lost Customers,MEDIUM,Send a reactivation offer and highlight relevant routes or services.,Customer activity has declined significantly.
Loyalty Rewards,Customer,CUST04590,Champions,HIGH,"Offer loyalty rewards, premium benefits and referral incentives.",High-value customers are likely to respond well to retention programs.
Win-back Campaign,Customer,CUST04591,At Risk,HIGH,Launch a personalized win-back campaign with a targeted discount.,Customer activity indicates potential churn risk.
Reactivation Campaign,Customer,CUST04592,Lost Customers,MEDIUM,Send a reactivation offer and highlight relevant routes or services.,Customer activity has declined significantly.
General Engagement,Customer,CUST04593,Need Attention,LOW,Send personalized service updates and relevant offers.,Maintain customer engagement without excessive marketing cost.
Win-back Campaign,Customer,CUST04594,At Risk,HIGH,Launch a personalized win-back campaign with a targeted discount.,Customer activity indicates potential churn risk.
Loyalty Rewards,Customer,CUST04595,Champions,HIGH,"Offer loyalty rewards, premium benefits and referral incentives.",High-value customers are likely to respond well to retention programs.
Loyalty Campaign,Customer,CUST04596,Loyal Customers,HIGH,"Provide loyalty points, member benefits and personalized offers.",Repeated booking behavior indicates strong customer engagement.
Second Booking Campaign,Customer,CUST04597,New Customers,MEDIUM,Offer a first-repeat booking incentive.,The customer should be encouraged to make a second booking.
Loyalty Campaign,Customer,CUST04598,Loyal Customers,HIGH,"Provide loyalty points, member benefits and personalized offers.",Repeated booking behavior indicates strong customer engagement.
Loyalty Campaign,Customer,CUST04599,Loyal Customers,HIGH,"Provide loyalty points, member benefits and personalized offers.",Repeated booking behavior indicates strong customer engagement.
Loyalty Rewards,Customer,CUST04600,Champions,HIGH,"Offer loyalty rewards, premium benefits and referral incentives.",High-value customers are likely to respond well to retention programs.
Second Booking Campaign,Customer,CUST04601,New Customers,MEDIUM,Offer a first-repeat booking incentive.,The customer should be encouraged to make a second booking.
Loyalty Campaign,Customer,CUST04602,Loyal Customers,HIGH,"Provide loyalty points, member benefits and personalized offers.",Repeated booking behavior indicates strong customer engagement.
Second Booking Campaign,Customer,CUST04603,New Customers,MEDIUM,Offer a first-repeat booking incentive.,The customer should be encouraged to make a second booking.
General Engagement,Customer,CUST04604,Need Attention,LOW,Send personalized service updates and relevant offers.,Maintain customer engagement without excessive marketing cost.
Loyalty Campaign,Customer,CUST04605,Loyal Customers,HIGH,"Provide loyalty points, member benefits and personalized offers.",Repeated booking behavior indicates strong customer engagement.
General Engagement,Customer,CUST04606,Need Attention,LOW,Send personalized service updates and relevant offers.,Maintain customer engagement without excessive marketing cost.
General Engagement,Customer,CUST04607,Need Attention,LOW,Send personalized service updates and relevant offers.,Maintain customer engagement without excessive marketing cost.
Reactivation Campaign,Customer,CUST04608,Lost Customers,MEDIUM,Send a reactivation offer and highlight relevant routes or services.,Customer activity has declined significantly.
General Engagement,Customer,CUST04609,Need Attention,LOW,Send personalized service updates and relevant offers.,Maintain customer engagement without excessive marketing cost.
General Engagement,Customer,CUST04610,Need Attention,LOW,Send personalized service updates and relevant offers.,Maintain customer engagement without excessive marketing cost.
Loyalty Campaign,Customer,CUST04611,Loyal Customers,HIGH,"Provide loyalty points, member benefits and personalized offers.",Repeated booking behavior indicates strong customer engagement.
Reactivation Campaign,Customer,CUST04612,Lost Customers,MEDIUM,Send a reactivation offer and highlight relevant routes or services.,Customer activity has declined significantly.
Loyalty Campaign,Customer,CUST04613,Loyal Customers,HIGH,"Provide loyalty points, member benefits and personalized offers.",Repeated booking behavior indicates strong customer engagement.
Loyalty Rewards,Customer,CUST04615,Champions,HIGH,"Offer loyalty rewards, premium benefits and referral incentives.",High-value customers are likely to respond well to retention programs.
Loyalty Rewards,Customer,CUST04616,Champions,HIGH,"Offer loyalty rewards, premium benefits and referral incentives.",High-value customers are likely to respond well to retention programs.
General Engagement,Customer,CUST04617,Need Attention,LOW,Send personalized service updates and relevant offers.,Maintain customer engagement without excessive marketing cost.
Reactivation Campaign,Customer,CUST04618,Lost Customers,MEDIUM,Send a reactivation offer and highlight relevant routes or services.,Customer activity has declined significantly.
General Engagement,Customer,CUST04619,Need Attention,LOW,Send personalized service updates and relevant offers.,Maintain customer engagement without excessive marketing cost.
Loyalty Rewards,Customer,CUST04620,Champions,HIGH,"Offer loyalty rewards, premium benefits and referral incentives.",High-value customers are likely to respond well to retention programs.
Win-back Campaign,Customer,CUST04621,At Risk,HIGH,Launch a personalized win-back campaign with a targeted discount.,Customer activity indicates potential churn risk.
Loyalty Rewards,Customer,CUST04622,Champions,HIGH,"Offer loyalty rewards, premium benefits and referral incentives.",High-value customers are likely to respond well to retention programs.
Win-back Campaign,Customer,CUST04623,At Risk,HIGH,Launch a personalized win-back campaign with a targeted discount.,Customer activity indicates potential churn risk.
General Engagement,Customer,CUST04624,Need Attention,LOW,Send personalized service updates and relevant offers.,Maintain customer engagement without excessive marketing cost.
Loyalty Rewards,Customer,CUST04625,Champions,HIGH,"Offer loyalty rewards, premium benefits and referral incentives.",High-value customers are likely to respond well to retention programs.
Reactivation Campaign,Customer,CUST04626,Lost Customers,MEDIUM,Send a reactivation offer and highlight relevant routes or services.,Customer activity has declined significantly.
Win-back Campaign,Customer,CUST04627,At Risk,HIGH,Launch a personalized win-back campaign with a targeted discount.,Customer activity indicates potential churn risk.
Reactivation Campaign,Customer,CUST04628,Lost Customers,MEDIUM,Send a reactivation offer and highlight relevant routes or services.,Customer activity has declined significantly.
Loyalty Campaign,Customer,CUST04629,Loyal Customers,HIGH,"Provide loyalty points, member benefits and personalized offers.",Repeated booking behavior indicates strong customer engagement.
Win-back Campaign,Customer,CUST04630,At Risk,HIGH,Launch a personalized win-back campaign with a targeted discount.,Customer activity indicates potential churn risk.
Loyalty Campaign,Customer,CUST04631,Loyal Customers,HIGH,"Provide loyalty points, member benefits and personalized offers.",Repeated booking behavior indicates strong customer engagement.
Loyalty Rewards,Customer,CUST04632,Champions,HIGH,"Offer loyalty rewards, premium benefits and referral incentives.",High-value customers are likely to respond well to retention programs.
Win-back Campaign,Customer,CUST04633,At Risk,HIGH,Launch a personalized win-back campaign with a targeted discount.,Customer activity indicates potential churn risk.
Reactivation Campaign,Customer,CUST04634,Lost Customers,MEDIUM,Send a reactivation offer and highlight relevant routes or services.,Customer activity has declined significantly.
Loyalty Rewards,Customer,CUST04635,Champions,HIGH,"Offer loyalty rewards, premium benefits and referral incentives.",High-value customers are likely to respond well to retention programs.
Reactivation Campaign,Customer,CUST04636,Lost Customers,MEDIUM,Send a reactivation offer and highlight relevant routes or services.,Customer activity has declined significantly.
Loyalty Campaign,Customer,CUST04638,Loyal Customers,HIGH,"Provide loyalty points, member benefits and personalized offers.",Repeated booking behavior indicates strong customer engagement.
Loyalty Campaign,Customer,CUST04639,Potential Loyalists,HIGH,"Provide loyalty points, member benefits and personalized offers.",Repeated booking behavior indicates strong customer engagement.
Loyalty Campaign,Customer,CUST04640,Potential Loyalists,HIGH,"Provide loyalty points, member benefits and personalized offers.",Repeated booking behavior indicates strong customer engagement.
Loyalty Rewards,Customer,CUST04641,Champions,HIGH,"Offer loyalty rewards, premium benefits and referral incentives.",High-value customers are likely to respond well to retention programs.
Reactivation Campaign,Customer,CUST04643,Lost Customers,MEDIUM,Send a reactivation offer and highlight relevant routes or services.,Customer activity has declined significantly.
Win-back Campaign,Customer,CUST04644,At Risk,HIGH,Launch a personalized win-back campaign with a targeted discount.,Customer activity indicates potential churn risk.
Second Booking Campaign,Customer,CUST04645,New Customers,MEDIUM,Offer a first-repeat booking incentive.,The customer should be encouraged to make a second booking.
Reactivation Campaign,Customer,CUST04646,Lost Customers,MEDIUM,Send a reactivation offer and highlight relevant routes or services.,Customer activity has declined significantly.
Loyalty Campaign,Customer,CUST04647,Loyal Customers,HIGH,"Provide loyalty points, member benefits and personalized offers.",Repeated booking behavior indicates strong customer engagement.
Win-back Campaign,Customer,CUST04648,At Risk,HIGH,Launch a personalized win-back campaign with a targeted discount.,Customer activity indicates potential churn risk.
Reactivation Campaign,Customer,CUST04649,Lost Customers,MEDIUM,Send a reactivation offer and highlight relevant routes or services.,Customer activity has declined significantly.
Loyalty Rewards,Customer,CUST04650,Champions,HIGH,"Offer loyalty rewards, premium benefits and referral incentives.",High-value customers are likely to respond well to retention programs.
General Engagement,Customer,CUST04651,Need Attention,LOW,Send personalized service updates and relevant offers.,Maintain customer engagement without excessive marketing cost.
General Engagement,Customer,CUST04652,Need Attention,LOW,Send personalized service updates and relevant offers.,Maintain customer engagement without excessive marketing cost.
Loyalty Campaign,Customer,CUST04653,Potential Loyalists,HIGH,"Provide loyalty points, member benefits and personalized offers.",Repeated booking behavior indicates strong customer engagement.
Reactivation Campaign,Customer,CUST04654,Lost Customers,MEDIUM,Send a reactivation offer and highlight relevant routes or services.,Customer activity has declined significantly.
Loyalty Campaign,Customer,CUST04655,Potential Loyalists,HIGH,"Provide loyalty points, member benefits and personalized offers.",Repeated booking behavior indicates strong customer engagement.
General Engagement,Customer,CUST04656,Big Spenders,LOW,Send personalized service updates and relevant offers.,Maintain customer engagement without excessive marketing cost.
Loyalty Rewards,Customer,CUST04657,Champions,HIGH,"Offer loyalty rewards, premium benefits and referral incentives.",High-value customers are likely to respond well to retention programs.
Win-back Campaign,Customer,CUST04658,At Risk,HIGH,Launch a personalized win-back campaign with a targeted discount.,Customer activity indicates potential churn risk.
Loyalty Rewards,Customer,CUST04659,Champions,HIGH,"Offer loyalty rewards, premium benefits and referral incentives.",High-value customers are likely to respond well to retention programs.
Second Booking Campaign,Customer,CUST04660,New Customers,MEDIUM,Offer a first-repeat booking incentive.,The customer should be encouraged to make a second booking.
Loyalty Campaign,Customer,CUST04661,Loyal Customers,HIGH,"Provide loyalty points, member benefits and personalized offers.",Repeated booking behavior indicates strong customer engagement.
Win-back Campaign,Customer,CUST04662,At Risk,HIGH,Launch a personalized win-back campaign with a targeted discount.,Customer activity indicates potential churn risk.
General Engagement,Customer,CUST04663,Need Attention,LOW,Send personalized service updates and relevant offers.,Maintain customer engagement without excessive marketing cost.
Win-back Campaign,Customer,CUST04664,At Risk,HIGH,Launch a personalized win-back campaign with a targeted discount.,Customer activity indicates potential churn risk.
Loyalty Rewards,Customer,CUST04666,Champions,HIGH,"Offer loyalty rewards, premium benefits and referral incentives.",High-value customers are likely to respond well to retention programs.
General Engagement,Customer,CUST04667,Need Attention,LOW,Send personalized service updates and relevant offers.,Maintain customer engagement without excessive marketing cost.
Reactivation Campaign,Customer,CUST04668,Lost Customers,MEDIUM,Send a reactivation offer and highlight relevant routes or services.,Customer activity has declined significantly.
General Engagement,Customer,CUST04670,Big Spenders,LOW,Send personalized service updates and relevant offers.,Maintain customer engagement without excessive marketing cost.
Loyalty Campaign,Customer,CUST04671,Potential Loyalists,HIGH,"Provide loyalty points, member benefits and personalized offers.",Repeated booking behavior indicates strong customer engagement.
Loyalty Rewards,Customer,CUST04672,Champions,HIGH,"Offer loyalty rewards, premium benefits and referral incentives.",High-value customers are likely to respond well to retention programs.
Loyalty Campaign,Customer,CUST04673,Potential Loyalists,HIGH,"Provide loyalty points, member benefits and personalized offers.",Repeated booking behavior indicates strong customer engagement.
Loyalty Campaign,Customer,CUST04674,Potential Loyalists,HIGH,"Provide loyalty points, member benefits and personalized offers.",Repeated booking behavior indicates strong customer engagement.
General Engagement,Customer,CUST04675,Big Spenders,LOW,Send personalized service updates and relevant offers.,Maintain customer engagement without excessive marketing cost.
General Engagement,Customer,CUST04676,Need Attention,LOW,Send personalized service updates and relevant offers.,Maintain customer engagement without excessive marketing cost.
Reactivation Campaign,Customer,CUST04677,Lost Customers,MEDIUM,Send a reactivation offer and highlight relevant routes or services.,Customer activity has declined significantly.
Win-back Campaign,Customer,CUST04678,At Risk,HIGH,Launch a personalized win-back campaign with a targeted discount.,Customer activity indicates potential churn risk.
General Engagement,Customer,CUST04679,Big Spenders,LOW,Send personalized service updates and relevant offers.,Maintain customer engagement without excessive marketing cost.
General Engagement,Customer,CUST04680,Need Attention,LOW,Send personalized service updates and relevant offers.,Maintain customer engagement without excessive marketing cost.
Win-back Campaign,Customer,CUST04681,At Risk,HIGH,Launch a personalized win-back campaign with a targeted discount.,Customer activity indicates potential churn risk.
Loyalty Rewards,Customer,CUST04682,Champions,HIGH,"Offer loyalty rewards, premium benefits and referral incentives.",High-value customers are likely to respond well to retention programs.
Reactivation Campaign,Customer,CUST04683,Lost Customers,MEDIUM,Send a reactivation offer and highlight relevant routes or services.,Customer activity has declined significantly.
Second Booking Campaign,Customer,CUST04684,New Customers,MEDIUM,Offer a first-repeat booking incentive.,The customer should be encouraged to make a second booking.
Loyalty Rewards,Customer,CUST04685,Champions,HIGH,"Offer loyalty rewards, premium benefits and referral incentives.",High-value customers are likely to respond well to retention programs.
Win-back Campaign,Customer,CUST04686,At Risk,HIGH,Launch a personalized win-back campaign with a targeted discount.,Customer activity indicates potential churn risk.
Loyalty Campaign,Customer,CUST04687,Loyal Customers,HIGH,"Provide loyalty points, member benefits and personalized offers.",Repeated booking behavior indicates strong customer engagement.
Loyalty Rewards,Customer,CUST04688,Champions,HIGH,"Offer loyalty rewards, premium benefits and referral incentives.",High-value customers are likely to respond well to retention programs.
General Engagement,Customer,CUST04689,Big Spenders,LOW,Send personalized service updates and relevant offers.,Maintain customer engagement without excessive marketing cost.
Reactivation Campaign,Customer,CUST04690,Lost Customers,MEDIUM,Send a reactivation offer and highlight relevant routes or services.,Customer activity has declined significantly.
Win-back Campaign,Customer,CUST04691,At Risk,HIGH,Launch a personalized win-back campaign with a targeted discount.,Customer activity indicates potential churn risk.
Win-back Campaign,Customer,CUST04692,At Risk,HIGH,Launch a personalized win-back campaign with a targeted discount.,Customer activity indicates potential churn risk.
General Engagement,Customer,CUST04693,Need Attention,LOW,Send personalized service updates and relevant offers.,Maintain customer engagement without excessive marketing cost.
Loyalty Campaign,Customer,CUST04694,Loyal Customers,HIGH,"Provide loyalty points, member benefits and personalized offers.",Repeated booking behavior indicates strong customer engagement.
Win-back Campaign,Customer,CUST04695,At Risk,HIGH,Launch a personalized win-back campaign with a targeted discount.,Customer activity indicates potential churn risk.
Loyalty Campaign,Customer,CUST04696,Loyal Customers,HIGH,"Provide loyalty points, member benefits and personalized offers.",Repeated booking behavior indicates strong customer engagement.
General Engagement,Customer,CUST04697,Need Attention,LOW,Send personalized service updates and relevant offers.,Maintain customer engagement without excessive marketing cost.
Second Booking Campaign,Customer,CUST04698,New Customers,MEDIUM,Offer a first-repeat booking incentive.,The customer should be encouraged to make a second booking.
General Engagement,Customer,CUST04699,Need Attention,LOW,Send personalized service updates and relevant offers.,Maintain customer engagement without excessive marketing cost.
Second Booking Campaign,Customer,CUST04700,New Customers,MEDIUM,Offer a first-repeat booking incentive.,The customer should be encouraged to make a second booking.
General Engagement,Customer,CUST04701,Big Spenders,LOW,Send personalized service updates and relevant offers.,Maintain customer engagement without excessive marketing cost.
Win-back Campaign,Customer,CUST04702,At Risk,HIGH,Launch a personalized win-back campaign with a targeted discount.,Customer activity indicates potential churn risk.
Loyalty Campaign,Customer,CUST04703,Potential Loyalists,HIGH,"Provide loyalty points, member benefits and personalized offers.",Repeated booking behavior indicates strong customer engagement.
General Engagement,Customer,CUST04704,Big Spenders,LOW,Send personalized service updates and relevant offers.,Maintain customer engagement without excessive marketing cost.
Loyalty Campaign,Customer,CUST04705,Potential Loyalists,HIGH,"Provide loyalty points, member benefits and personalized offers.",Repeated booking behavior indicates strong customer engagement.
Win-back Campaign,Customer,CUST04706,At Risk,HIGH,Launch a personalized win-back campaign with a targeted discount.,Customer activity indicates potential churn risk.
Reactivation Campaign,Customer,CUST04707,Lost Customers,MEDIUM,Send a reactivation offer and highlight relevant routes or services.,Customer activity has declined significantly.
Loyalty Campaign,Customer,CUST04708,Loyal Customers,HIGH,"Provide loyalty points, member benefits and personalized offers.",Repeated booking behavior indicates strong customer engagement.
General Engagement,Customer,CUST04709,Need Attention,LOW,Send personalized service updates and relevant offers.,Maintain customer engagement without excessive marketing cost.
Win-back Campaign,Customer,CUST04710,At Risk,HIGH,Launch a personalized win-back campaign with a targeted discount.,Customer activity indicates potential churn risk.
Loyalty Campaign,Customer,CUST04711,Loyal Customers,HIGH,"Provide loyalty points, member benefits and personalized offers.",Repeated booking behavior indicates strong customer engagement.
General Engagement,Customer,CUST04712,Big Spenders,LOW,Send personalized service updates and relevant offers.,Maintain customer engagement without excessive marketing cost.
General Engagement,Customer,CUST04714,Need Attention,LOW,Send personalized service updates and relevant offers.,Maintain customer engagement without excessive marketing cost.
General Engagement,Customer,CUST04715,Need Attention,LOW,Send personalized service updates and relevant offers.,Maintain customer engagement without excessive marketing cost.
General Engagement,Customer,CUST04716,Need Attention,LOW,Send personalized service updates and relevant offers.,Maintain customer engagement without excessive marketing cost.
General Engagement,Customer,CUST04717,Need Attention,LOW,Send personalized service updates and relevant offers.,Maintain customer engagement without excessive marketing cost.
Reactivation Campaign,Customer,CUST04718,Lost Customers,MEDIUM,Send a reactivation offer and highlight relevant routes or services.,Customer activity has declined significantly.
Loyalty Campaign,Customer,CUST04719,Potential Loyalists,HIGH,"Provide loyalty points, member benefits and personalized offers.",Repeated booking behavior indicates strong customer engagement.
Loyalty Campaign,Customer,CUST04721,Loyal Customers,HIGH,"Provide loyalty points, member benefits and personalized offers.",Repeated booking behavior indicates strong customer engagement.
Loyalty Campaign,Customer,CUST04722,Potential Loyalists,HIGH,"Provide loyalty points, member benefits and personalized offers.",Repeated booking behavior indicates strong customer engagement.
Win-back Campaign,Customer,CUST04723,At Risk,HIGH,Launch a personalized win-back campaign with a targeted discount.,Customer activity indicates potential churn risk.
General Engagement,Customer,CUST04724,Need Attention,LOW,Send personalized service updates and relevant offers.,Maintain customer engagement without excessive marketing cost.
Second Booking Campaign,Customer,CUST04725,New Customers,MEDIUM,Offer a first-repeat booking incentive.,The customer should be encouraged to make a second booking.
Loyalty Campaign,Customer,CUST04726,Loyal Customers,HIGH,"Provide loyalty points, member benefits and personalized offers.",Repeated booking behavior indicates strong customer engagement.
Loyalty Campaign,Customer,CUST04727,Loyal Customers,HIGH,"Provide loyalty points, member benefits and personalized offers.",Repeated booking behavior indicates strong customer engagement.
Loyalty Campaign,Customer,CUST04728,Potential Loyalists,HIGH,"Provide loyalty points, member benefits and personalized offers.",Repeated booking behavior indicates strong customer engagement.
Win-back Campaign,Customer,CUST04729,At Risk,HIGH,Launch a personalized win-back campaign with a targeted discount.,Customer activity indicates potential churn risk.
Loyalty Campaign,Customer,CUST04730,Loyal Customers,HIGH,"Provide loyalty points, member benefits and personalized offers.",Repeated booking behavior indicates strong customer engagement.
Loyalty Rewards,Customer,CUST04731,Champions,HIGH,"Offer loyalty rewards, premium benefits and referral incentives.",High-value customers are likely to respond well to retention programs.
Loyalty Rewards,Customer,CUST04732,Champions,HIGH,"Offer loyalty rewards, premium benefits and referral incentives.",High-value customers are likely to respond well to retention programs.
Second Booking Campaign,Customer,CUST04733,New Customers,MEDIUM,Offer a first-repeat booking incentive.,The customer should be encouraged to make a second booking.
Loyalty Campaign,Customer,CUST04734,Loyal Customers,HIGH,"Provide loyalty points, member benefits and personalized offers.",Repeated booking behavior indicates strong customer engagement.
Loyalty Campaign,Customer,CUST04735,Loyal Customers,HIGH,"Provide loyalty points, member benefits and personalized offers.",Repeated booking behavior indicates strong customer engagement.
Loyalty Rewards,Customer,CUST04736,Champions,HIGH,"Offer loyalty rewards, premium benefits and referral incentives.",High-value customers are likely to respond well to retention programs.
Reactivation Campaign,Customer,CUST04737,Lost Customers,MEDIUM,Send a reactivation offer and highlight relevant routes or services.,Customer activity has declined significantly.
Second Booking Campaign,Customer,CUST04738,New Customers,MEDIUM,Offer a first-repeat booking incentive.,The customer should be encouraged to make a second booking.
Win-back Campaign,Customer,CUST04739,At Risk,HIGH,Launch a personalized win-back campaign with a targeted discount.,Customer activity indicates potential churn risk.
Loyalty Campaign,Customer,CUST04740,Loyal Customers,HIGH,"Provide loyalty points, member benefits and personalized offers.",Repeated booking behavior indicates strong customer engagement.
General Engagement,Customer,CUST04741,Need Attention,LOW,Send personalized service updates and relevant offers.,Maintain customer engagement without excessive marketing cost.
General Engagement,Customer,CUST04742,Need Attention,LOW,Send personalized service updates and relevant offers.,Maintain customer engagement without excessive marketing cost.
General Engagement,Customer,CUST04743,Need Attention,LOW,Send personalized service updates and relevant offers.,Maintain customer engagement without excessive marketing cost.
Win-back Campaign,Customer,CUST04744,At Risk,HIGH,Launch a personalized win-back campaign with a targeted discount.,Customer activity indicates potential churn risk.
Win-back Campaign,Customer,CUST04745,At Risk,HIGH,Launch a personalized win-back campaign with a targeted discount.,Customer activity indicates potential churn risk.
General Engagement,Customer,CUST04746,Need Attention,LOW,Send personalized service updates and relevant offers.,Maintain customer engagement without excessive marketing cost.
Win-back Campaign,Customer,CUST04747,At Risk,HIGH,Launch a personalized win-back campaign with a targeted discount.,Customer activity indicates potential churn risk.
Win-back Campaign,Customer,CUST04748,At Risk,HIGH,Launch a personalized win-back campaign with a targeted discount.,Customer activity indicates potential churn risk.
Loyalty Rewards,Customer,CUST04749,Champions,HIGH,"Offer loyalty rewards, premium benefits and referral incentives.",High-value customers are likely to respond well to retention programs.
Loyalty Campaign,Customer,CUST04750,Potential Loyalists,HIGH,"Provide loyalty points, member benefits and personalized offers.",Repeated booking behavior indicates strong customer engagement.
General Engagement,Customer,CUST04751,Need Attention,LOW,Send personalized service updates and relevant offers.,Maintain customer engagement without excessive marketing cost.
Loyalty Campaign,Customer,CUST04752,Loyal Customers,HIGH,"Provide loyalty points, member benefits and personalized offers.",Repeated booking behavior indicates strong customer engagement.
Loyalty Campaign,Customer,CUST04753,Loyal Customers,HIGH,"Provide loyalty points, member benefits and personalized offers.",Repeated booking behavior indicates strong customer engagement.
Loyalty Campaign,Customer,CUST04754,Loyal Customers,HIGH,"Provide loyalty points, member benefits and personalized offers.",Repeated booking behavior indicates strong customer engagement.
General Engagement,Customer,CUST04756,Need Attention,LOW,Send personalized service updates and relevant offers.,Maintain customer engagement without excessive marketing cost.
Win-back Campaign,Customer,CUST04757,At Risk,HIGH,Launch a personalized win-back campaign with a targeted discount.,Customer activity indicates potential churn risk.
Loyalty Rewards,Customer,CUST04758,Champions,HIGH,"Offer loyalty rewards, premium benefits and referral incentives.",High-value customers are likely to respond well to retention programs.
Win-back Campaign,Customer,CUST04759,At Risk,HIGH,Launch a personalized win-back campaign with a targeted discount.,Customer activity indicates potential churn risk.
Loyalty Campaign,Customer,CUST04760,Loyal Customers,HIGH,"Provide loyalty points, member benefits and personalized offers.",Repeated booking behavior indicates strong customer engagement.
Loyalty Campaign,Customer,CUST04761,Potential Loyalists,HIGH,"Provide loyalty points, member benefits and personalized offers.",Repeated booking behavior indicates strong customer engagement.
Loyalty Campaign,Customer,CUST04762,Potential Loyalists,HIGH,"Provide loyalty points, member benefits and personalized offers.",Repeated booking behavior indicates strong customer engagement.
Win-back Campaign,Customer,CUST04763,At Risk,HIGH,Launch a personalized win-back campaign with a targeted discount.,Customer activity indicates potential churn risk.
Loyalty Campaign,Customer,CUST04765,Loyal Customers,HIGH,"Provide loyalty points, member benefits and personalized offers.",Repeated booking behavior indicates strong customer engagement.
General Engagement,Customer,CUST04766,Need Attention,LOW,Send personalized service updates and relevant offers.,Maintain customer engagement without excessive marketing cost.
Loyalty Rewards,Customer,CUST04767,Champions,HIGH,"Offer loyalty rewards, premium benefits and referral incentives.",High-value customers are likely to respond well to retention programs.
Win-back Campaign,Customer,CUST04768,At Risk,HIGH,Launch a personalized win-back campaign with a targeted discount.,Customer activity indicates potential churn risk.
Loyalty Rewards,Customer,CUST04769,Champions,HIGH,"Offer loyalty rewards, premium benefits and referral incentives.",High-value customers are likely to respond well to retention programs.
General Engagement,Customer,CUST04770,Big Spenders,LOW,Send personalized service updates and relevant offers.,Maintain customer engagement without excessive marketing cost.
Reactivation Campaign,Customer,CUST04771,Lost Customers,MEDIUM,Send a reactivation offer and highlight relevant routes or services.,Customer activity has declined significantly.
Win-back Campaign,Customer,CUST04772,At Risk,HIGH,Launch a personalized win-back campaign with a targeted discount.,Customer activity indicates potential churn risk.
Loyalty Rewards,Customer,CUST04773,Champions,HIGH,"Offer loyalty rewards, premium benefits and referral incentives.",High-value customers are likely to respond well to retention programs.
Win-back Campaign,Customer,CUST04774,At Risk,HIGH,Launch a personalized win-back campaign with a targeted discount.,Customer activity indicates potential churn risk.
Second Booking Campaign,Customer,CUST04775,New Customers,MEDIUM,Offer a first-repeat booking incentive.,The customer should be encouraged to make a second booking.
General Engagement,Customer,CUST04776,Big Spenders,LOW,Send personalized service updates and relevant offers.,Maintain customer engagement without excessive marketing cost.
General Engagement,Customer,CUST04777,Big Spenders,LOW,Send personalized service updates and relevant offers.,Maintain customer engagement without excessive marketing cost.
General Engagement,Customer,CUST04778,Big Spenders,LOW,Send personalized service updates and relevant offers.,Maintain customer engagement without excessive marketing cost.
Reactivation Campaign,Customer,CUST04779,Lost Customers,MEDIUM,Send a reactivation offer and highlight relevant routes or services.,Customer activity has declined significantly.
General Engagement,Customer,CUST04780,Need Attention,LOW,Send personalized service updates and relevant offers.,Maintain customer engagement without excessive marketing cost.
Loyalty Rewards,Customer,CUST04781,Champions,HIGH,"Offer loyalty rewards, premium benefits and referral incentives.",High-value customers are likely to respond well to retention programs.
Win-back Campaign,Customer,CUST04782,At Risk,HIGH,Launch a personalized win-back campaign with a targeted discount.,Customer activity indicates potential churn risk.
Reactivation Campaign,Customer,CUST04783,Lost Customers,MEDIUM,Send a reactivation offer and highlight relevant routes or services.,Customer activity has declined significantly.
Second Booking Campaign,Customer,CUST04784,New Customers,MEDIUM,Offer a first-repeat booking incentive.,The customer should be encouraged to make a second booking.
Loyalty Rewards,Customer,CUST04785,Champions,HIGH,"Offer loyalty rewards, premium benefits and referral incentives.",High-value customers are likely to respond well to retention programs.
General Engagement,Customer,CUST04786,Need Attention,LOW,Send personalized service updates and relevant offers.,Maintain customer engagement without excessive marketing cost.
Loyalty Campaign,Customer,CUST04787,Loyal Customers,HIGH,"Provide loyalty points, member benefits and personalized offers.",Repeated booking behavior indicates strong customer engagement.
Loyalty Campaign,Customer,CUST04788,Loyal Customers,HIGH,"Provide loyalty points, member benefits and personalized offers.",Repeated booking behavior indicates strong customer engagement.
Loyalty Campaign,Customer,CUST04789,Potential Loyalists,HIGH,"Provide loyalty points, member benefits and personalized offers.",Repeated booking behavior indicates strong customer engagement.
Reactivation Campaign,Customer,CUST04790,Lost Customers,MEDIUM,Send a reactivation offer and highlight relevant routes or services.,Customer activity has declined significantly.
Loyalty Rewards,Customer,CUST04791,Champions,HIGH,"Offer loyalty rewards, premium benefits and referral incentives.",High-value customers are likely to respond well to retention programs.
Loyalty Campaign,Customer,CUST04792,Loyal Customers,HIGH,"Provide loyalty points, member benefits and personalized offers.",Repeated booking behavior indicates strong customer engagement.
Reactivation Campaign,Customer,CUST04793,Lost Customers,MEDIUM,Send a reactivation offer and highlight relevant routes or services.,Customer activity has declined significantly.
General Engagement,Customer,CUST04794,Need Attention,LOW,Send personalized service updates and relevant offers.,Maintain customer engagement without excessive marketing cost.
Win-back Campaign,Customer,CUST04795,At Risk,HIGH,Launch a personalized win-back campaign with a targeted discount.,Customer activity indicates potential churn risk.
Loyalty Rewards,Customer,CUST04797,Champions,HIGH,"Offer loyalty rewards, premium benefits and referral incentives.",High-value customers are likely to respond well to retention programs.
Loyalty Rewards,Customer,CUST04798,Champions,HIGH,"Offer loyalty rewards, premium benefits and referral incentives.",High-value customers are likely to respond well to retention programs.
Loyalty Rewards,Customer,CUST04799,Champions,HIGH,"Offer loyalty rewards, premium benefits and referral incentives.",High-value customers are likely to respond well to retention programs.
Win-back Campaign,Customer,CUST04800,At Risk,HIGH,Launch a personalized win-back campaign with a targeted discount.,Customer activity indicates potential churn risk.
Loyalty Campaign,Customer,CUST04801,Loyal Customers,HIGH,"Provide loyalty points, member benefits and personalized offers.",Repeated booking behavior indicates strong customer engagement.
Win-back Campaign,Customer,CUST04802,At Risk,HIGH,Launch a personalized win-back campaign with a targeted discount.,Customer activity indicates potential churn risk.
Loyalty Campaign,Customer,CUST04803,Potential Loyalists,HIGH,"Provide loyalty points, member benefits and personalized offers.",Repeated booking behavior indicates strong customer engagement.
Loyalty Rewards,Customer,CUST04804,Champions,HIGH,"Offer loyalty rewards, premium benefits and referral incentives.",High-value customers are likely to respond well to retention programs.
Loyalty Campaign,Customer,CUST04805,Loyal Customers,HIGH,"Provide loyalty points, member benefits and personalized offers.",Repeated booking behavior indicates strong customer engagement.
General Engagement,Customer,CUST04806,Need Attention,LOW,Send personalized service updates and relevant offers.,Maintain customer engagement without excessive marketing cost.
Loyalty Rewards,Customer,CUST04807,Champions,HIGH,"Offer loyalty rewards, premium benefits and referral incentives.",High-value customers are likely to respond well to retention programs.
Loyalty Campaign,Customer,CUST04808,Loyal Customers,HIGH,"Provide loyalty points, member benefits and personalized offers.",Repeated booking behavior indicates strong customer engagement.
Loyalty Rewards,Customer,CUST04809,Champions,HIGH,"Offer loyalty rewards, premium benefits and referral incentives.",High-value customers are likely to respond well to retention programs.
General Engagement,Customer,CUST04810,Need Attention,LOW,Send personalized service updates and relevant offers.,Maintain customer engagement without excessive marketing cost.
Loyalty Campaign,Customer,CUST04811,Loyal Customers,HIGH,"Provide loyalty points, member benefits and personalized offers.",Repeated booking behavior indicates strong customer engagement.
Loyalty Campaign,Customer,CUST04812,Loyal Customers,HIGH,"Provide loyalty points, member benefits and personalized offers.",Repeated booking behavior indicates strong customer engagement.
Reactivation Campaign,Customer,CUST04813,Lost Customers,MEDIUM,Send a reactivation offer and highlight relevant routes or services.,Customer activity has declined significantly.
Loyalty Campaign,Customer,CUST04814,Loyal Customers,HIGH,"Provide loyalty points, member benefits and personalized offers.",Repeated booking behavior indicates strong customer engagement.
Win-back Campaign,Customer,CUST04815,At Risk,HIGH,Launch a personalized win-back campaign with a targeted discount.,Customer activity indicates potential churn risk.
Loyalty Rewards,Customer,CUST04816,Champions,HIGH,"Offer loyalty rewards, premium benefits and referral incentives.",High-value customers are likely to respond well to retention programs.
Win-back Campaign,Customer,CUST04817,At Risk,HIGH,Launch a personalized win-back campaign with a targeted discount.,Customer activity indicates potential churn risk.
Reactivation Campaign,Customer,CUST04818,Lost Customers,MEDIUM,Send a reactivation offer and highlight relevant routes or services.,Customer activity has declined significantly.
Win-back Campaign,Customer,CUST04819,At Risk,HIGH,Launch a personalized win-back campaign with a targeted discount.,Customer activity indicates potential churn risk.
Second Booking Campaign,Customer,CUST04820,New Customers,MEDIUM,Offer a first-repeat booking incentive.,The customer should be encouraged to make a second booking.
Second Booking Campaign,Customer,CUST04821,New Customers,MEDIUM,Offer a first-repeat booking incentive.,The customer should be encouraged to make a second booking.
Reactivation Campaign,Customer,CUST04822,Lost Customers,MEDIUM,Send a reactivation offer and highlight relevant routes or services.,Customer activity has declined significantly.
Win-back Campaign,Customer,CUST04823,At Risk,HIGH,Launch a personalized win-back campaign with a targeted discount.,Customer activity indicates potential churn risk.
Win-back Campaign,Customer,CUST04824,At Risk,HIGH,Launch a personalized win-back campaign with a targeted discount.,Customer activity indicates potential churn risk.
Loyalty Campaign,Customer,CUST04825,Potential Loyalists,HIGH,"Provide loyalty points, member benefits and personalized offers.",Repeated booking behavior indicates strong customer engagement.
Second Booking Campaign,Customer,CUST04826,New Customers,MEDIUM,Offer a first-repeat booking incentive.,The customer should be encouraged to make a second booking.
General Engagement,Customer,CUST04828,Need Attention,LOW,Send personalized service updates and relevant offers.,Maintain customer engagement without excessive marketing cost.
Reactivation Campaign,Customer,CUST04829,Lost Customers,MEDIUM,Send a reactivation offer and highlight relevant routes or services.,Customer activity has declined significantly.
General Engagement,Customer,CUST04830,Big Spenders,LOW,Send personalized service updates and relevant offers.,Maintain customer engagement without excessive marketing cost.
Reactivation Campaign,Customer,CUST04831,Lost Customers,MEDIUM,Send a reactivation offer and highlight relevant routes or services.,Customer activity has declined significantly.
Loyalty Campaign,Customer,CUST04833,Loyal Customers,HIGH,"Provide loyalty points, member benefits and personalized offers.",Repeated booking behavior indicates strong customer engagement.
General Engagement,Customer,CUST04834,Need Attention,LOW,Send personalized service updates and relevant offers.,Maintain customer engagement without excessive marketing cost.
Reactivation Campaign,Customer,CUST04835,Lost Customers,MEDIUM,Send a reactivation offer and highlight relevant routes or services.,Customer activity has declined significantly.
General Engagement,Customer,CUST04836,Need Attention,LOW,Send personalized service updates and relevant offers.,Maintain customer engagement without excessive marketing cost.
Reactivation Campaign,Customer,CUST04837,Lost Customers,MEDIUM,Send a reactivation offer and highlight relevant routes or services.,Customer activity has declined significantly.
Loyalty Rewards,Customer,CUST04838,Champions,HIGH,"Offer loyalty rewards, premium benefits and referral incentives.",High-value customers are likely to respond well to retention programs.
Win-back Campaign,Customer,CUST04839,At Risk,HIGH,Launch a personalized win-back campaign with a targeted discount.,Customer activity indicates potential churn risk.
Reactivation Campaign,Customer,CUST04840,Lost Customers,MEDIUM,Send a reactivation offer and highlight relevant routes or services.,Customer activity has declined significantly.
Loyalty Campaign,Customer,CUST04841,Potential Loyalists,HIGH,"Provide loyalty points, member benefits and personalized offers.",Repeated booking behavior indicates strong customer engagement.
Loyalty Campaign,Customer,CUST04842,Potential Loyalists,HIGH,"Provide loyalty points, member benefits and personalized offers.",Repeated booking behavior indicates strong customer engagement.
Loyalty Campaign,Customer,CUST04843,Loyal Customers,HIGH,"Provide loyalty points, member benefits and personalized offers.",Repeated booking behavior indicates strong customer engagement.
Reactivation Campaign,Customer,CUST04844,Lost Customers,MEDIUM,Send a reactivation offer and highlight relevant routes or services.,Customer activity has declined significantly.
Reactivation Campaign,Customer,CUST04845,Lost Customers,MEDIUM,Send a reactivation offer and highlight relevant routes or services.,Customer activity has declined significantly.
Win-back Campaign,Customer,CUST04846,At Risk,HIGH,Launch a personalized win-back campaign with a targeted discount.,Customer activity indicates potential churn risk.
Reactivation Campaign,Customer,CUST04847,Lost Customers,MEDIUM,Send a reactivation offer and highlight relevant routes or services.,Customer activity has declined significantly.
Second Booking Campaign,Customer,CUST04848,New Customers,MEDIUM,Offer a first-repeat booking incentive.,The customer should be encouraged to make a second booking.
Loyalty Rewards,Customer,CUST04849,Champions,HIGH,"Offer loyalty rewards, premium benefits and referral incentives.",High-value customers are likely to respond well to retention programs.
General Engagement,Customer,CUST04850,Need Attention,LOW,Send personalized service updates and relevant offers.,Maintain customer engagement without excessive marketing cost.
General Engagement,Customer,CUST04851,Need Attention,LOW,Send personalized service updates and relevant offers.,Maintain customer engagement without excessive marketing cost.
Loyalty Campaign,Customer,CUST04852,Potential Loyalists,HIGH,"Provide loyalty points, member benefits and personalized offers.",Repeated booking behavior indicates strong customer engagement.
Win-back Campaign,Customer,CUST04853,At Risk,HIGH,Launch a personalized win-back campaign with a targeted discount.,Customer activity indicates potential churn risk.
Loyalty Rewards,Customer,CUST04854,Champions,HIGH,"Offer loyalty rewards, premium benefits and referral incentives.",High-value customers are likely to respond well to retention programs.
Loyalty Rewards,Customer,CUST04855,Champions,HIGH,"Offer loyalty rewards, premium benefits and referral incentives.",High-value customers are likely to respond well to retention programs.
Loyalty Campaign,Customer,CUST04856,Potential Loyalists,HIGH,"Provide loyalty points, member benefits and personalized offers.",Repeated booking behavior indicates strong customer engagement.
Win-back Campaign,Customer,CUST04857,At Risk,HIGH,Launch a personalized win-back campaign with a targeted discount.,Customer activity indicates potential churn risk.
Loyalty Campaign,Customer,CUST04858,Potential Loyalists,HIGH,"Provide loyalty points, member benefits and personalized offers.",Repeated booking behavior indicates strong customer engagement.
Loyalty Campaign,Customer,CUST04859,Potential Loyalists,HIGH,"Provide loyalty points, member benefits and personalized offers.",Repeated booking behavior indicates strong customer engagement.
General Engagement,Customer,CUST04860,Need Attention,LOW,Send personalized service updates and relevant offers.,Maintain customer engagement without excessive marketing cost.
Loyalty Rewards,Customer,CUST04861,Champions,HIGH,"Offer loyalty rewards, premium benefits and referral incentives.",High-value customers are likely to respond well to retention programs.
Win-back Campaign,Customer,CUST04862,At Risk,HIGH,Launch a personalized win-back campaign with a targeted discount.,Customer activity indicates potential churn risk.
Win-back Campaign,Customer,CUST04863,At Risk,HIGH,Launch a personalized win-back campaign with a targeted discount.,Customer activity indicates potential churn risk.
Second Booking Campaign,Customer,CUST04864,New Customers,MEDIUM,Offer a first-repeat booking incentive.,The customer should be encouraged to make a second booking.
Loyalty Campaign,Customer,CUST04865,Potential Loyalists,HIGH,"Provide loyalty points, member benefits and personalized offers.",Repeated booking behavior indicates strong customer engagement.
Loyalty Rewards,Customer,CUST04866,Champions,HIGH,"Offer loyalty rewards, premium benefits and referral incentives.",High-value customers are likely to respond well to retention programs.
Win-back Campaign,Customer,CUST04867,At Risk,HIGH,Launch a personalized win-back campaign with a targeted discount.,Customer activity indicates potential churn risk.
Win-back Campaign,Customer,CUST04868,At Risk,HIGH,Launch a personalized win-back campaign with a targeted discount.,Customer activity indicates potential churn risk.
Reactivation Campaign,Customer,CUST04869,Lost Customers,MEDIUM,Send a reactivation offer and highlight relevant routes or services.,Customer activity has declined significantly.
Reactivation Campaign,Customer,CUST04870,Lost Customers,MEDIUM,Send a reactivation offer and highlight relevant routes or services.,Customer activity has declined significantly.
Reactivation Campaign,Customer,CUST04871,Lost Customers,MEDIUM,Send a reactivation offer and highlight relevant routes or services.,Customer activity has declined significantly.
Loyalty Campaign,Customer,CUST04872,Loyal Customers,HIGH,"Provide loyalty points, member benefits and personalized offers.",Repeated booking behavior indicates strong customer engagement.
Loyalty Campaign,Customer,CUST04874,Potential Loyalists,HIGH,"Provide loyalty points, member benefits and personalized offers.",Repeated booking behavior indicates strong customer engagement.
Loyalty Campaign,Customer,CUST04875,Potential Loyalists,HIGH,"Provide loyalty points, member benefits and personalized offers.",Repeated booking behavior indicates strong customer engagement.
General Engagement,Customer,CUST04876,Need Attention,LOW,Send personalized service updates and relevant offers.,Maintain customer engagement without excessive marketing cost.
Reactivation Campaign,Customer,CUST04877,Lost Customers,MEDIUM,Send a reactivation offer and highlight relevant routes or services.,Customer activity has declined significantly.
Reactivation Campaign,Customer,CUST04878,Lost Customers,MEDIUM,Send a reactivation offer and highlight relevant routes or services.,Customer activity has declined significantly.
Loyalty Rewards,Customer,CUST04879,Champions,HIGH,"Offer loyalty rewards, premium benefits and referral incentives.",High-value customers are likely to respond well to retention programs.
Loyalty Rewards,Customer,CUST04880,Champions,HIGH,"Offer loyalty rewards, premium benefits and referral incentives.",High-value customers are likely to respond well to retention programs.
General Engagement,Customer,CUST04881,Big Spenders,LOW,Send personalized service updates and relevant offers.,Maintain customer engagement without excessive marketing cost.
General Engagement,Customer,CUST04883,Need Attention,LOW,Send personalized service updates and relevant offers.,Maintain customer engagement without excessive marketing cost.
Win-back Campaign,Customer,CUST04884,At Risk,HIGH,Launch a personalized win-back campaign with a targeted discount.,Customer activity indicates potential churn risk.
General Engagement,Customer,CUST04886,Need Attention,LOW,Send personalized service updates and relevant offers.,Maintain customer engagement without excessive marketing cost.
Win-back Campaign,Customer,CUST04887,At Risk,HIGH,Launch a personalized win-back campaign with a targeted discount.,Customer activity indicates potential churn risk.
Reactivation Campaign,Customer,CUST04888,Lost Customers,MEDIUM,Send a reactivation offer and highlight relevant routes or services.,Customer activity has declined significantly.
Loyalty Rewards,Customer,CUST04889,Champions,HIGH,"Offer loyalty rewards, premium benefits and referral incentives.",High-value customers are likely to respond well to retention programs.
Loyalty Rewards,Customer,CUST04890,Champions,HIGH,"Offer loyalty rewards, premium benefits and referral incentives.",High-value customers are likely to respond well to retention programs.
General Engagement,Customer,CUST04891,Need Attention,LOW,Send personalized service updates and relevant offers.,Maintain customer engagement without excessive marketing cost.
Loyalty Rewards,Customer,CUST04892,Champions,HIGH,"Offer loyalty rewards, premium benefits and referral incentives.",High-value customers are likely to respond well to retention programs.
Win-back Campaign,Customer,CUST04893,At Risk,HIGH,Launch a personalized win-back campaign with a targeted discount.,Customer activity indicates potential churn risk.
Loyalty Rewards,Customer,CUST04894,Champions,HIGH,"Offer loyalty rewards, premium benefits and referral incentives.",High-value customers are likely to respond well to retention programs.
Win-back Campaign,Customer,CUST04895,At Risk,HIGH,Launch a personalized win-back campaign with a targeted discount.,Customer activity indicates potential churn risk.
Win-back Campaign,Customer,CUST04896,At Risk,HIGH,Launch a personalized win-back campaign with a targeted discount.,Customer activity indicates potential churn risk.
Loyalty Campaign,Customer,CUST04897,Potential Loyalists,HIGH,"Provide loyalty points, member benefits and personalized offers.",Repeated booking behavior indicates strong customer engagement.
Loyalty Campaign,Customer,CUST04898,Potential Loyalists,HIGH,"Provide loyalty points, member benefits and personalized offers.",Repeated booking behavior indicates strong customer engagement.
General Engagement,Customer,CUST04899,Need Attention,LOW,Send personalized service updates and relevant offers.,Maintain customer engagement without excessive marketing cost.
Loyalty Rewards,Customer,CUST04900,Champions,HIGH,"Offer loyalty rewards, premium benefits and referral incentives.",High-value customers are likely to respond well to retention programs.
Reactivation Campaign,Customer,CUST04901,Lost Customers,MEDIUM,Send a reactivation offer and highlight relevant routes or services.,Customer activity has declined significantly.
General Engagement,Customer,CUST04902,Need Attention,LOW,Send personalized service updates and relevant offers.,Maintain customer engagement without excessive marketing cost.
Reactivation Campaign,Customer,CUST04903,Lost Customers,MEDIUM,Send a reactivation offer and highlight relevant routes or services.,Customer activity has declined significantly.
General Engagement,Customer,CUST04904,Need Attention,LOW,Send personalized service updates and relevant offers.,Maintain customer engagement without excessive marketing cost.
Win-back Campaign,Customer,CUST04905,At Risk,HIGH,Launch a personalized win-back campaign with a targeted discount.,Customer activity indicates potential churn risk.
Loyalty Campaign,Customer,CUST04906,Loyal Customers,HIGH,"Provide loyalty points, member benefits and personalized offers.",Repeated booking behavior indicates strong customer engagement.
General Engagement,Customer,CUST04907,Big Spenders,LOW,Send personalized service updates and relevant offers.,Maintain customer engagement without excessive marketing cost.
Loyalty Campaign,Customer,CUST04908,Loyal Customers,HIGH,"Provide loyalty points, member benefits and personalized offers.",Repeated booking behavior indicates strong customer engagement.
Loyalty Campaign,Customer,CUST04909,Loyal Customers,HIGH,"Provide loyalty points, member benefits and personalized offers.",Repeated booking behavior indicates strong customer engagement.
Win-back Campaign,Customer,CUST04910,At Risk,HIGH,Launch a personalized win-back campaign with a targeted discount.,Customer activity indicates potential churn risk.
Win-back Campaign,Customer,CUST04911,At Risk,HIGH,Launch a personalized win-back campaign with a targeted discount.,Customer activity indicates potential churn risk.
Loyalty Campaign,Customer,CUST04912,Loyal Customers,HIGH,"Provide loyalty points, member benefits and personalized offers.",Repeated booking behavior indicates strong customer engagement.
Loyalty Rewards,Customer,CUST04913,Champions,HIGH,"Offer loyalty rewards, premium benefits and referral incentives.",High-value customers are likely to respond well to retention programs.
General Engagement,Customer,CUST04914,Need Attention,LOW,Send personalized service updates and relevant offers.,Maintain customer engagement without excessive marketing cost.
Win-back Campaign,Customer,CUST04915,At Risk,HIGH,Launch a personalized win-back campaign with a targeted discount.,Customer activity indicates potential churn risk.
Loyalty Rewards,Customer,CUST04916,Champions,HIGH,"Offer loyalty rewards, premium benefits and referral incentives.",High-value customers are likely to respond well to retention programs.
Second Booking Campaign,Customer,CUST04917,New Customers,MEDIUM,Offer a first-repeat booking incentive.,The customer should be encouraged to make a second booking.
Second Booking Campaign,Customer,CUST04918,New Customers,MEDIUM,Offer a first-repeat booking incentive.,The customer should be encouraged to make a second booking.
Loyalty Rewards,Customer,CUST04919,Champions,HIGH,"Offer loyalty rewards, premium benefits and referral incentives.",High-value customers are likely to respond well to retention programs.
Win-back Campaign,Customer,CUST04920,At Risk,HIGH,Launch a personalized win-back campaign with a targeted discount.,Customer activity indicates potential churn risk.
General Engagement,Customer,CUST04921,Need Attention,LOW,Send personalized service updates and relevant offers.,Maintain customer engagement without excessive marketing cost.
General Engagement,Customer,CUST04922,Need Attention,LOW,Send personalized service updates and relevant offers.,Maintain customer engagement without excessive marketing cost.
Win-back Campaign,Customer,CUST04923,At Risk,HIGH,Launch a personalized win-back campaign with a targeted discount.,Customer activity indicates potential churn risk.
Win-back Campaign,Customer,CUST04924,At Risk,HIGH,Launch a personalized win-back campaign with a targeted discount.,Customer activity indicates potential churn risk.
Loyalty Rewards,Customer,CUST04925,Champions,HIGH,"Offer loyalty rewards, premium benefits and referral incentives.",High-value customers are likely to respond well to retention programs.
General Engagement,Customer,CUST04926,Need Attention,LOW,Send personalized service updates and relevant offers.,Maintain customer engagement without excessive marketing cost.
Loyalty Campaign,Customer,CUST04927,Loyal Customers,HIGH,"Provide loyalty points, member benefits and personalized offers.",Repeated booking behavior indicates strong customer engagement.
General Engagement,Customer,CUST04928,Need Attention,LOW,Send personalized service updates and relevant offers.,Maintain customer engagement without excessive marketing cost.
Win-back Campaign,Customer,CUST04929,At Risk,HIGH,Launch a personalized win-back campaign with a targeted discount.,Customer activity indicates potential churn risk.
Reactivation Campaign,Customer,CUST04930,Lost Customers,MEDIUM,Send a reactivation offer and highlight relevant routes or services.,Customer activity has declined significantly.
Loyalty Campaign,Customer,CUST04931,Potential Loyalists,HIGH,"Provide loyalty points, member benefits and personalized offers.",Repeated booking behavior indicates strong customer engagement.
Loyalty Campaign,Customer,CUST04932,Loyal Customers,HIGH,"Provide loyalty points, member benefits and personalized offers.",Repeated booking behavior indicates strong customer engagement.
Second Booking Campaign,Customer,CUST04933,New Customers,MEDIUM,Offer a first-repeat booking incentive.,The customer should be encouraged to make a second booking.
General Engagement,Customer,CUST04934,Need Attention,LOW,Send personalized service updates and relevant offers.,Maintain customer engagement without excessive marketing cost.
Second Booking Campaign,Customer,CUST04936,New Customers,MEDIUM,Offer a first-repeat booking incentive.,The customer should be encouraged to make a second booking.
Loyalty Campaign,Customer,CUST04937,Loyal Customers,HIGH,"Provide loyalty points, member benefits and personalized offers.",Repeated booking behavior indicates strong customer engagement.
General Engagement,Customer,CUST04938,Need Attention,LOW,Send personalized service updates and relevant offers.,Maintain customer engagement without excessive marketing cost.
Loyalty Campaign,Customer,CUST04939,Loyal Customers,HIGH,"Provide loyalty points, member benefits and personalized offers.",Repeated booking behavior indicates strong customer engagement.
Loyalty Rewards,Customer,CUST04940,Champions,HIGH,"Offer loyalty rewards, premium benefits and referral incentives.",High-value customers are likely to respond well to retention programs.
Second Booking Campaign,Customer,CUST04941,New Customers,MEDIUM,Offer a first-repeat booking incentive.,The customer should be encouraged to make a second booking.
Loyalty Campaign,Customer,CUST04942,Loyal Customers,HIGH,"Provide loyalty points, member benefits and personalized offers.",Repeated booking behavior indicates strong customer engagement.
Win-back Campaign,Customer,CUST04943,At Risk,HIGH,Launch a personalized win-back campaign with a targeted discount.,Customer activity indicates potential churn risk.
General Engagement,Customer,CUST04944,Need Attention,LOW,Send personalized service updates and relevant offers.,Maintain customer engagement without excessive marketing cost.
Reactivation Campaign,Customer,CUST04945,Lost Customers,MEDIUM,Send a reactivation offer and highlight relevant routes or services.,Customer activity has declined significantly.
Win-back Campaign,Customer,CUST04946,At Risk,HIGH,Launch a personalized win-back campaign with a targeted discount.,Customer activity indicates potential churn risk.
General Engagement,Customer,CUST04947,Need Attention,LOW,Send personalized service updates and relevant offers.,Maintain customer engagement without excessive marketing cost.
Loyalty Campaign,Customer,CUST04948,Loyal Customers,HIGH,"Provide loyalty points, member benefits and personalized offers.",Repeated booking behavior indicates strong customer engagement.
Reactivation Campaign,Customer,CUST04949,Lost Customers,MEDIUM,Send a reactivation offer and highlight relevant routes or services.,Customer activity has declined significantly.
Second Booking Campaign,Customer,CUST04950,New Customers,MEDIUM,Offer a first-repeat booking incentive.,The customer should be encouraged to make a second booking.
General Engagement,Customer,CUST04951,Need Attention,LOW,Send personalized service updates and relevant offers.,Maintain customer engagement without excessive marketing cost.
Loyalty Rewards,Customer,CUST04952,Champions,HIGH,"Offer loyalty rewards, premium benefits and referral incentives.",High-value customers are likely to respond well to retention programs.
Reactivation Campaign,Customer,CUST04953,Lost Customers,MEDIUM,Send a reactivation offer and highlight relevant routes or services.,Customer activity has declined significantly.
Loyalty Campaign,Customer,CUST04954,Loyal Customers,HIGH,"Provide loyalty points, member benefits and personalized offers.",Repeated booking behavior indicates strong customer engagement.
Win-back Campaign,Customer,CUST04955,At Risk,HIGH,Launch a personalized win-back campaign with a targeted discount.,Customer activity indicates potential churn risk.
Win-back Campaign,Customer,CUST04956,At Risk,HIGH,Launch a personalized win-back campaign with a targeted discount.,Customer activity indicates potential churn risk.
General Engagement,Customer,CUST04957,Big Spenders,LOW,Send personalized service updates and relevant offers.,Maintain customer engagement without excessive marketing cost.
General Engagement,Customer,CUST04958,Big Spenders,LOW,Send personalized service updates and relevant offers.,Maintain customer engagement without excessive marketing cost.
Loyalty Rewards,Customer,CUST04959,Champions,HIGH,"Offer loyalty rewards, premium benefits and referral incentives.",High-value customers are likely to respond well to retention programs.
General Engagement,Customer,CUST04960,Need Attention,LOW,Send personalized service updates and relevant offers.,Maintain customer engagement without excessive marketing cost.
Loyalty Campaign,Customer,CUST04961,Loyal Customers,HIGH,"Provide loyalty points, member benefits and personalized offers.",Repeated booking behavior indicates strong customer engagement.
Win-back Campaign,Customer,CUST04962,At Risk,HIGH,Launch a personalized win-back campaign with a targeted discount.,Customer activity indicates potential churn risk.
Win-back Campaign,Customer,CUST04963,At Risk,HIGH,Launch a personalized win-back campaign with a targeted discount.,Customer activity indicates potential churn risk.
Win-back Campaign,Customer,CUST04964,At Risk,HIGH,Launch a personalized win-back campaign with a targeted discount.,Customer activity indicates potential churn risk.
Loyalty Rewards,Customer,CUST04965,Champions,HIGH,"Offer loyalty rewards, premium benefits and referral incentives.",High-value customers are likely to respond well to retention programs.
General Engagement,Customer,CUST04966,Need Attention,LOW,Send personalized service updates and relevant offers.,Maintain customer engagement without excessive marketing cost.
Loyalty Rewards,Customer,CUST04967,Champions,HIGH,"Offer loyalty rewards, premium benefits and referral incentives.",High-value customers are likely to respond well to retention programs.
Win-back Campaign,Customer,CUST04968,At Risk,HIGH,Launch a personalized win-back campaign with a targeted discount.,Customer activity indicates potential churn risk.
Loyalty Campaign,Customer,CUST04969,Loyal Customers,HIGH,"Provide loyalty points, member benefits and personalized offers.",Repeated booking behavior indicates strong customer engagement.
General Engagement,Customer,CUST04970,Need Attention,LOW,Send personalized service updates and relevant offers.,Maintain customer engagement without excessive marketing cost.
Loyalty Rewards,Customer,CUST04971,Champions,HIGH,"Offer loyalty rewards, premium benefits and referral incentives.",High-value customers are likely to respond well to retention programs.
Reactivation Campaign,Customer,CUST04972,Lost Customers,MEDIUM,Send a reactivation offer and highlight relevant routes or services.,Customer activity has declined significantly.
Loyalty Rewards,Customer,CUST04974,Champions,HIGH,"Offer loyalty rewards, premium benefits and referral incentives.",High-value customers are likely to respond well to retention programs.
Loyalty Campaign,Customer,CUST04975,Loyal Customers,HIGH,"Provide loyalty points, member benefits and personalized offers.",Repeated booking behavior indicates strong customer engagement.
Win-back Campaign,Customer,CUST04976,At Risk,HIGH,Launch a personalized win-back campaign with a targeted discount.,Customer activity indicates potential churn risk.
Loyalty Rewards,Customer,CUST04977,Champions,HIGH,"Offer loyalty rewards, premium benefits and referral incentives.",High-value customers are likely to respond well to retention programs.
Win-back Campaign,Customer,CUST04978,At Risk,HIGH,Launch a personalized win-back campaign with a targeted discount.,Customer activity indicates potential churn risk.
Reactivation Campaign,Customer,CUST04979,Lost Customers,MEDIUM,Send a reactivation offer and highlight relevant routes or services.,Customer activity has declined significantly.
Second Booking Campaign,Customer,CUST04980,New Customers,MEDIUM,Offer a first-repeat booking incentive.,The customer should be encouraged to make a second booking.
Reactivation Campaign,Customer,CUST04981,Lost Customers,MEDIUM,Send a reactivation offer and highlight relevant routes or services.,Customer activity has declined significantly.
Loyalty Campaign,Customer,CUST04982,Potential Loyalists,HIGH,"Provide loyalty points, member benefits and personalized offers.",Repeated booking behavior indicates strong customer engagement.
General Engagement,Customer,CUST04983,Big Spenders,LOW,Send personalized service updates and relevant offers.,Maintain customer engagement without excessive marketing cost.
Win-back Campaign,Customer,CUST04984,At Risk,HIGH,Launch a personalized win-back campaign with a targeted discount.,Customer activity indicates potential churn risk.
General Engagement,Customer,CUST04985,Need Attention,LOW,Send personalized service updates and relevant offers.,Maintain customer engagement without excessive marketing cost.
Loyalty Campaign,Customer,CUST04986,Loyal Customers,HIGH,"Provide loyalty points, member benefits and personalized offers.",Repeated booking behavior indicates strong customer engagement.
Loyalty Campaign,Customer,CUST04987,Loyal Customers,HIGH,"Provide loyalty points, member benefits and personalized offers.",Repeated booking behavior indicates strong customer engagement.
Loyalty Campaign,Customer,CUST04988,Loyal Customers,HIGH,"Provide loyalty points, member benefits and personalized offers.",Repeated booking behavior indicates strong customer engagement.
General Engagement,Customer,CUST04989,Big Spenders,LOW,Send personalized service updates and relevant offers.,Maintain customer engagement without excessive marketing cost.
Win-back Campaign,Customer,CUST04990,At Risk,HIGH,Launch a personalized win-back campaign with a targeted discount.,Customer activity indicates potential churn risk.
General Engagement,Customer,CUST04991,Need Attention,LOW,Send personalized service updates and relevant offers.,Maintain customer engagement without excessive marketing cost.
Loyalty Campaign,Customer,CUST04992,Loyal Customers,HIGH,"Provide loyalty points, member benefits and personalized offers.",Repeated booking behavior indicates strong customer engagement.
General Engagement,Customer,CUST04993,Need Attention,LOW,Send personalized service updates and relevant offers.,Maintain customer engagement without excessive marketing cost.
Reactivation Campaign,Customer,CUST04994,Lost Customers,MEDIUM,Send a reactivation offer and highlight relevant routes or services.,Customer activity has declined significantly.
General Engagement,Customer,CUST04995,Need Attention,LOW,Send personalized service updates and relevant offers.,Maintain customer engagement without excessive marketing cost.
Win-back Campaign,Customer,CUST04996,At Risk,HIGH,Launch a personalized win-back campaign with a targeted discount.,Customer activity indicates potential churn risk.
Second Booking Campaign,Customer,CUST04998,New Customers,MEDIUM,Offer a first-repeat booking incentive.,The customer should be encouraged to make a second booking.
Loyalty Campaign,Customer,CUST04999,Loyal Customers,HIGH,"Provide loyalty points, member benefits and personalized offers.",Repeated booking behavior indicates strong customer engagement.
Loyalty Campaign,Customer,CUST05000,Potential Loyalists,HIGH,"Provide loyalty points, member benefits and personalized offers.",Repeated booking behavior indicates strong customer engagement.
