customer_id,total_bookings,cancelled_bookings,confirmed_bookings,total_booking_value,cancelled_value,cancellation_rate,frequent_canceller
CUST01020,3,3,0,6457.719999999999,6457.719999999999,100.0,True
CUST04690,5,4,1,16752.5,13049.7,80.0,True
CUST00096,4,3,1,10028.4,8689.7,75.0,True
CUST00595,4,3,1,2871.8500000000004,1948.3300000000002,75.0,True
CUST01181,4,3,1,7830.860000000001,6327.07,75.0,True
CUST02977,4,3,1,5917.21,5018.63,75.0,True
CUST03595,4,3,1,3524.25,2805.71,75.0,True
CUST03605,4,3,1,5951.68,3970.3,75.0,True
CUST03766,4,3,1,6549.83,4908.429999999999,75.0,True
CUST04668,4,3,1,8439.78,6800.610000000001,75.0,True
CUST04979,4,3,1,14337.66,10537.529999999999,75.0,True
CUST02003,6,4,2,18384.05,13898.75,66.66666666666666,True
CUST03159,6,4,2,12375.79,10473.29,66.66666666666666,True
CUST04592,6,4,1,19227.49,10123.66,66.66666666666666,True
CUST00080,3,2,1,9787.62,8038.18,66.66666666666666,True
CUST00250,3,2,1,7757.93,3392.96,66.66666666666666,True
CUST00486,3,2,1,4065.54,3634.4700000000003,66.66666666666666,True
CUST00963,3,2,1,3763.49,2503.59,66.66666666666666,True
CUST00980,3,2,1,5117.099999999999,1784.4,66.66666666666666,True
CUST00984,3,2,1,5483.33,3845.05,66.66666666666666,True
CUST01054,3,2,1,5366.42,1797.1000000000001,66.66666666666666,True
CUST01057,3,2,1,3434.85,1723.33,66.66666666666666,True
CUST01078,3,2,0,7639.5,6814.65,66.66666666666666,True
CUST01099,3,2,1,4417.39,1728.43,66.66666666666666,True
CUST01314,3,2,1,5553.8,4917.24,66.66666666666666,True
CUST01626,3,2,0,7961.8099999999995,6256.09,66.66666666666666,True
CUST01791,3,2,1,2227.67,963.24,66.66666666666666,True
CUST01880,3,2,1,5693.76,1865.1599999999999,66.66666666666666,True
CUST01889,3,2,0,5560.45,4686.37,66.66666666666666,True
CUST01917,3,2,1,5241.39,2946.9700000000003,66.66666666666666,True
CUST02072,3,2,1,6957.61,5047.09,66.66666666666666,True
CUST02149,3,2,0,3421.6299999999997,1751.27,66.66666666666666,True
CUST02236,3,2,1,4925.57,3605.06,66.66666666666666,True
CUST02653,3,2,1,5540.639999999999,5184.91,66.66666666666666,True
CUST02659,3,2,1,6618.05,3384.21,66.66666666666666,True
CUST02930,3,2,1,6662.82,2960.2,66.66666666666666,True
CUST03035,3,2,1,3997.33,2692.01,66.66666666666666,True
CUST03102,3,2,1,3085.47,2249.74,66.66666666666666,True
CUST03543,3,2,1,10870.81,4898.74,66.66666666666666,True
CUST03544,3,2,1,9242.509999999998,5565.5599999999995,66.66666666666666,True
CUST03551,3,2,1,5858.889999999999,4333.55,66.66666666666666,True
CUST03658,3,2,1,4432.13,3529.5699999999997,66.66666666666666,True
CUST03768,3,2,1,6180.8,4923.78,66.66666666666666,True
CUST03801,3,2,1,7695.46,7083.41,66.66666666666666,True
CUST04123,3,2,0,5415.68,4384.55,66.66666666666666,True
CUST04218,3,2,1,8143.84,2678.68,66.66666666666666,True
CUST04292,3,2,1,4040.1600000000003,1987.88,66.66666666666666,True
CUST04385,3,2,1,6669.5199999999995,2237.04,66.66666666666666,True
CUST04427,3,2,1,4651.3099999999995,2670.29,66.66666666666666,True
CUST04542,3,2,1,7723.08,5397.65,66.66666666666666,True
CUST04755,3,2,0,8413.73,4111.17,66.66666666666666,True
CUST04820,3,2,1,9435.89,3368.2699999999995,66.66666666666666,True
CUST00125,5,3,2,10478.76,9458.49,60.0,True
CUST00482,5,3,1,8977.92,5747.86,60.0,True
CUST00589,5,3,2,17618.93,11487.869999999999,60.0,True
CUST00744,5,3,2,8827.66,5341.76,60.0,True
CUST00925,5,3,2,12821.630000000001,10926.37,60.0,True
CUST01628,5,3,2,8570.14,6141.58,60.0,True
CUST01692,5,3,2,6769.92,3111.34,60.0,True
CUST02163,5,3,2,12256.949999999999,2503.87,60.0,True
CUST03368,5,3,2,5976.22,2916.15,60.0,True
CUST04209,5,3,2,6875.99,4171.0199999999995,60.0,True
CUST04417,5,3,2,3832.34,2525.2,60.0,True
CUST04419,5,3,2,14589.62,11463.16,60.0,True
CUST04477,5,3,2,6699.860000000001,4431.34,60.0,True
CUST04717,5,3,2,11571.32,6685.14,60.0,True
CUST01624,7,4,3,13162.25,8170.98,57.14285714285714,True
CUST02715,7,4,3,11451.88,5496.799999999999,57.14285714285714,True
CUST00227,8,4,3,17307.33,10246.25,50.0,True
CUST00425,8,4,4,18092.879999999997,11104.31,50.0,True
CUST00911,8,4,3,18629.13,6302.0599999999995,50.0,True
CUST02301,8,4,4,16650.57,4636.0,50.0,True
CUST03582,8,4,4,13722.630000000001,8134.31,50.0,True
CUST00088,6,3,3,20207.2,2947.59,50.0,True
CUST00811,6,3,3,13892.439999999999,10765.18,50.0,True
CUST01859,6,3,3,6099.32,3810.62,50.0,True
CUST02165,6,3,3,12086.01,7752.97,50.0,True
CUST02796,6,3,3,15583.74,7758.18,50.0,True
CUST03338,6,3,3,17429.07,8327.42,50.0,True
CUST03532,6,3,3,6907.34,2295.84,50.0,True
CUST04013,6,3,3,11858.55,4253.85,50.0,True
CUST04323,6,3,3,13992.86,4176.5,50.0,True
CUST04432,6,3,3,11747.86,4996.54,50.0,True
CUST04474,6,3,3,13158.49,6267.73,50.0,True
CUST00016,4,2,2,8929.32,5761.07,50.0,True
CUST00033,4,2,2,6716.89,2289.8599999999997,50.0,True
CUST00082,4,2,2,14259.65,1956.85,50.0,True
CUST00089,4,2,2,10423.18,3640.5699999999997,50.0,True
CUST00116,4,2,2,7268.03,2422.0299999999997,50.0,True
CUST00248,4,2,2,10843.19,2429.8700000000003,50.0,True
CUST00291,4,2,1,4330.87,2578.34,50.0,True
CUST00301,4,2,2,7288.3,2051.16,50.0,True
CUST00324,4,2,2,5998.0599999999995,3400.74,50.0,True
CUST00346,4,2,2,3075.63,1217.61,50.0,True
CUST00565,4,2,2,5310.780000000001,2919.4,50.0,True
CUST00602,4,2,1,5945.21,4549.3,50.0,True
CUST00665,4,2,2,9070.43,4667.49,50.0,True
CUST00692,4,2,2,8860.35,2840.1000000000004,50.0,True
CUST00802,4,2,2,12469.199999999999,3464.44,50.0,True
CUST00826,4,2,1,7940.31,3600.98,50.0,True
CUST00870,4,2,2,7456.53,1482.51,50.0,True
CUST00901,4,2,2,5618.95,3165.7,50.0,True
CUST00905,4,2,2,13897.630000000001,6080.41,50.0,True
CUST00936,4,2,2,18552.45,11226.3,50.0,True
CUST00948,4,2,2,8913.85,3376.11,50.0,True
CUST00954,4,2,2,6409.8,2929.46,50.0,True
CUST00993,4,2,2,8933.06,1725.73,50.0,True
CUST01005,4,2,2,9369.97,4552.719999999999,50.0,True
CUST01147,4,2,2,15041.140000000001,6838.83,50.0,True
CUST01149,4,2,2,11265.279999999999,8237.98,50.0,True
CUST01171,4,2,2,13186.16,7255.21,50.0,True
CUST01189,4,2,2,8388.0,5062.24,50.0,True
CUST01224,4,2,2,13786.68,8317.279999999999,50.0,True
CUST01241,4,2,1,12569.57,5554.66,50.0,True
CUST01385,4,2,2,7588.48,5001.85,50.0,True
CUST01454,4,2,2,4452.95,3268.3599999999997,50.0,True
CUST01487,4,2,2,13755.0,5344.74,50.0,True
CUST01504,4,2,1,18792.489999999998,9385.03,50.0,True
CUST01536,4,2,2,14706.5,7088.68,50.0,True
CUST01760,4,2,2,6342.01,2141.65,50.0,True
CUST01795,4,2,2,8910.72,2495.75,50.0,True
CUST01802,4,2,2,16347.91,8180.46,50.0,True
CUST01888,4,2,2,15327.12,6490.84,50.0,True
CUST02054,4,2,2,7601.88,2724.21,50.0,True
CUST02098,4,2,2,7945.86,3326.62,50.0,True
CUST02113,4,2,2,7693.7,3404.6000000000004,50.0,True
CUST02237,4,2,2,4985.8099999999995,2145.66,50.0,True
CUST02250,4,2,2,11336.95,3160.4700000000003,50.0,True
CUST02287,4,2,2,4281.700000000001,3124.78,50.0,True
CUST02392,4,2,2,6095.3099999999995,2665.55,50.0,True
CUST02458,4,2,2,9017.71,5502.799999999999,50.0,True
CUST02468,4,2,2,4432.67,2528.98,50.0,True
CUST02516,4,2,2,6081.19,3603.5699999999997,50.0,True
CUST02558,4,2,2,13202.740000000002,9440.400000000001,50.0,True
CUST02602,4,2,2,8339.9,3838.84,50.0,True
CUST02690,4,2,2,7152.460000000001,1705.02,50.0,True
CUST02850,4,2,2,3566.06,1649.15,50.0,True
CUST02895,4,2,2,7056.2,4406.36,50.0,True
CUST02971,4,2,2,5632.63,4255.43,50.0,True
CUST03097,4,2,2,9441.56,4590.23,50.0,True
CUST03165,4,2,2,5175.72,2417.86,50.0,True
CUST03177,4,2,2,13025.98,7179.5599999999995,50.0,True
CUST03278,4,2,2,9230.939999999999,5597.26,50.0,True
CUST03404,4,2,1,8273.86,2676.26,50.0,True
CUST03491,4,2,1,9433.4,6476.780000000001,50.0,True
CUST03557,4,2,2,8237.07,5187.110000000001,50.0,True
CUST03564,4,2,2,6676.150000000001,2384.06,50.0,True
CUST03591,4,2,2,11698.83,4975.94,50.0,True
CUST03596,4,2,2,6831.4800000000005,4473.39,50.0,True
CUST03921,4,2,2,5302.450000000001,2107.84,50.0,True
CUST04060,4,2,2,11055.32,4030.2200000000003,50.0,True
CUST04090,4,2,2,8328.27,2653.47,50.0,True
CUST04138,4,2,2,8145.08,2548.6,50.0,True
CUST04207,4,2,2,15619.150000000001,4840.47,50.0,True
CUST04263,4,2,2,6335.780000000001,2594.78,50.0,True
CUST04288,4,2,2,5898.950000000001,1784.27,50.0,True
CUST04289,4,2,2,12282.330000000002,5868.400000000001,50.0,True
CUST04298,4,2,2,13338.55,5735.709999999999,50.0,True
CUST04319,4,2,2,6960.110000000001,4441.23,50.0,True
CUST04332,4,2,2,8102.0,3948.73,50.0,True
CUST04422,4,2,2,4620.59,3227.98,50.0,True
CUST04488,4,2,2,5132.92,3078.29,50.0,True
CUST04585,4,2,2,4952.900000000001,3782.42,50.0,True
CUST04586,4,2,2,11872.65,3891.0699999999997,50.0,True
CUST04597,4,2,2,5252.780000000001,3038.08,50.0,True
CUST04651,4,2,2,6213.03,1487.2199999999998,50.0,True
CUST04676,4,2,2,4138.6900000000005,2541.92,50.0,True
CUST04806,4,2,2,5548.92,2729.58,50.0,True
CUST04844,4,2,2,4577.5,3565.0099999999998,50.0,True
CUST04914,4,2,2,11748.0,4928.97,50.0,True
CUST04944,4,2,2,11403.87,4768.29,50.0,True
CUST04973,4,2,0,2996.72,1064.56,50.0,True
CUST00019,2,2,0,3733.2799999999997,3733.2799999999997,100.0,False
CUST00044,2,2,0,2336.8,2336.8,100.0,False
CUST00131,2,2,0,5132.17,5132.17,100.0,False
CUST00195,2,2,0,8867.33,8867.33,100.0,False
CUST00244,2,2,0,7674.6,7674.6,100.0,False
CUST00270,2,2,0,4486.5,4486.5,100.0,False
CUST00338,2,2,0,5159.59,5159.59,100.0,False
CUST00681,2,2,0,6782.200000000001,6782.200000000001,100.0,False
CUST00753,2,2,0,7290.06,7290.06,100.0,False
CUST00864,2,2,0,2602.84,2602.84,100.0,False
CUST00976,2,2,0,1517.3300000000002,1517.3300000000002,100.0,False
CUST01029,2,2,0,3297.4500000000003,3297.4500000000003,100.0,False
CUST01262,2,2,0,3449.07,3449.07,100.0,False
CUST01278,2,2,0,2222.46,2222.46,100.0,False
CUST01966,2,2,0,2038.6,2038.6,100.0,False
CUST02160,2,2,0,4033.2200000000003,4033.2200000000003,100.0,False
CUST02543,2,2,0,6069.8099999999995,6069.8099999999995,100.0,False
CUST02855,2,2,0,4260.57,4260.57,100.0,False
CUST03355,2,2,0,1232.85,1232.85,100.0,False
CUST03516,2,2,0,7419.13,7419.13,100.0,False
CUST03846,2,2,0,2586.7,2586.7,100.0,False
CUST04165,2,2,0,3839.81,3839.81,100.0,False
CUST04541,2,2,0,1637.76,1637.76,100.0,False
CUST04665,2,2,0,5033.5599999999995,5033.5599999999995,100.0,False
CUST00060,1,1,0,2084.7,2084.7,100.0,False
CUST00064,1,1,0,1497.89,1497.89,100.0,False
CUST00164,1,1,0,5888.2,5888.2,100.0,False
CUST00216,1,1,0,4383.04,4383.04,100.0,False
CUST00261,1,1,0,1086.56,1086.56,100.0,False
CUST00332,1,1,0,621.84,621.84,100.0,False
CUST00609,1,1,0,5465.04,5465.04,100.0,False
CUST00745,1,1,0,2008.46,2008.46,100.0,False
CUST00990,1,1,0,620.02,620.02,100.0,False
CUST01092,1,1,0,1476.7,1476.7,100.0,False
CUST01135,1,1,0,1449.27,1449.27,100.0,False
CUST01178,1,1,0,3886.92,3886.92,100.0,False
CUST01257,1,1,0,1780.15,1780.15,100.0,False
CUST01330,1,1,0,3789.16,3789.16,100.0,False
CUST01448,1,1,0,1232.06,1232.06,100.0,False
CUST01517,1,1,0,1508.82,1508.82,100.0,False
CUST01538,1,1,0,767.39,767.39,100.0,False
CUST02009,1,1,0,6310.48,6310.48,100.0,False
CUST02164,1,1,0,1525.6,1525.6,100.0,False
CUST02205,1,1,0,5642.48,5642.48,100.0,False
CUST02354,1,1,0,802.58,802.58,100.0,False
CUST02386,1,1,0,1583.6,1583.6,100.0,False
CUST02553,1,1,0,2546.52,2546.52,100.0,False
CUST02592,1,1,0,1696.32,1696.32,100.0,False
CUST02612,1,1,0,3552.81,3552.81,100.0,False
CUST02687,1,1,0,1010.27,1010.27,100.0,False
CUST02695,1,1,0,2463.28,2463.28,100.0,False
CUST02777,1,1,0,5909.0,5909.0,100.0,False
CUST02800,1,1,0,1476.35,1476.35,100.0,False
CUST02840,1,1,0,1241.83,1241.83,100.0,False
CUST02981,1,1,0,1004.57,1004.57,100.0,False
CUST03008,1,1,0,1585.48,1585.48,100.0,False
CUST03084,1,1,0,2244.09,2244.09,100.0,False
CUST03304,1,1,0,906.38,906.38,100.0,False
CUST03599,1,1,0,452.98,452.98,100.0,False
CUST03602,1,1,0,3368.12,3368.12,100.0,False
CUST03657,1,1,0,1257.88,1257.88,100.0,False
CUST03770,1,1,0,7979.28,7979.28,100.0,False
CUST03771,1,1,0,445.22,445.22,100.0,False
CUST03825,1,1,0,1980.32,1980.32,100.0,False
CUST03836,1,1,0,1871.84,1871.84,100.0,False
CUST03903,1,1,0,2560.59,2560.59,100.0,False
CUST04056,1,1,0,1047.22,1047.22,100.0,False
CUST04245,1,1,0,4212.39,4212.39,100.0,False
CUST04297,1,1,0,2194.61,2194.61,100.0,False
CUST04435,1,1,0,715.36,715.36,100.0,False
CUST04614,1,1,0,843.93,843.93,100.0,False
CUST04713,1,1,0,1254.18,1254.18,100.0,False
CUST04764,1,1,0,4438.74,4438.74,100.0,False
CUST04832,1,1,0,3784.56,3784.56,100.0,False
CUST00121,2,1,1,7197.719999999999,4666.0,50.0,False
CUST00158,2,1,1,6287.620000000001,4263.72,50.0,False
CUST00203,2,1,1,1925.96,1024.26,50.0,False
CUST00219,2,1,1,6896.34,2654.16,50.0,False
CUST00299,2,1,1,5147.16,3220.08,50.0,False
CUST00322,2,1,1,2530.46,1249.58,50.0,False
CUST00360,2,1,1,7384.889999999999,5852.16,50.0,False
CUST00433,2,1,1,6744.16,2677.56,50.0,False
CUST00521,2,1,1,4153.27,780.94,50.0,False
CUST00535,2,1,1,2308.9700000000003,1358.49,50.0,False
CUST00713,2,1,1,3579.43,1689.87,50.0,False
CUST00792,2,1,1,5417.71,3222.1,50.0,False
CUST00815,2,1,1,5439.290000000001,873.77,50.0,False
CUST00875,2,1,1,3545.54,2320.26,50.0,False
CUST00878,2,1,1,1794.4299999999998,1096.11,50.0,False
CUST00910,2,1,1,2976.7,2545.62,50.0,False
CUST00917,2,1,0,5768.34,2921.46,50.0,False
CUST00923,2,1,1,4362.41,658.16,50.0,False
CUST00965,2,1,1,5823.38,4367.16,50.0,False
CUST00973,2,1,1,4073.7,2204.44,50.0,False
CUST01040,2,1,1,2631.14,432.16,50.0,False
CUST01052,2,1,1,2957.33,1588.54,50.0,False
CUST01080,2,1,1,6276.799999999999,3680.58,50.0,False
CUST01142,2,1,1,3739.46,1859.7,50.0,False
CUST01164,2,1,1,11269.380000000001,6177.3,50.0,False
CUST01258,2,1,1,7678.9,4933.08,50.0,False
CUST01294,2,1,1,1294.8400000000001,399.98,50.0,False
CUST01299,2,1,1,5333.41,2459.5,50.0,False
CUST01300,2,1,1,4364.21,3081.99,50.0,False
CUST01354,2,1,1,1988.37,876.67,50.0,False
CUST01405,2,1,1,1901.17,1019.24,50.0,False
CUST01420,2,1,1,4854.07,2426.01,50.0,False
CUST01429,2,1,1,4472.72,1375.64,50.0,False
CUST01515,2,1,1,6685.39,1768.84,50.0,False
CUST01546,2,1,1,3022.7999999999997,2639.6,50.0,False
CUST01565,2,1,1,1797.5,838.02,50.0,False
CUST01749,2,1,1,1995.67,898.17,50.0,False
CUST01766,2,1,1,3892.92,3278.48,50.0,False
CUST01776,2,1,1,5141.01,853.96,50.0,False
CUST01863,2,1,1,1254.96,812.38,50.0,False
CUST01876,2,1,0,3263.02,1111.21,50.0,False
CUST01882,2,1,1,9492.720000000001,4246.92,50.0,False
CUST02062,2,1,1,5766.58,4206.42,50.0,False
CUST02084,2,1,1,5190.92,1398.32,50.0,False
CUST02124,2,1,1,6950.82,1295.42,50.0,False
CUST02130,2,1,1,7931.889999999999,5499.04,50.0,False
CUST02152,2,1,1,4317.62,1304.18,50.0,False
CUST02173,2,1,1,4347.5599999999995,1358.1,50.0,False
CUST02174,2,1,1,1910.79,1261.8,50.0,False
CUST02204,2,1,1,4077.8,917.32,50.0,False
CUST02279,2,1,1,2278.6,1310.94,50.0,False
CUST02335,2,1,1,1679.6200000000001,464.66,50.0,False
CUST02338,2,1,1,7029.4400000000005,2969.88,50.0,False
CUST02363,2,1,1,3525.31,1172.77,50.0,False
CUST02413,2,1,1,3056.1800000000003,723.38,50.0,False
CUST02452,2,1,1,5109.21,3935.4,50.0,False
CUST02476,2,1,1,3522.5299999999997,2408.16,50.0,False
CUST02487,2,1,1,3179.5699999999997,1081.28,50.0,False
CUST02515,2,1,0,6300.0599999999995,1159.86,50.0,False
CUST02531,2,1,1,12991.02,7129.12,50.0,False
CUST02587,2,1,1,2029.33,1373.16,50.0,False
CUST02589,2,1,1,7154.38,6200.64,50.0,False
CUST02593,2,1,1,2694.38,761.27,50.0,False
CUST02618,2,1,1,4711.360000000001,4290.76,50.0,False
CUST02632,2,1,1,2539.1,1009.43,50.0,False
CUST02638,2,1,1,4308.26,2480.84,50.0,False
CUST02703,2,1,1,2472.3900000000003,1732.92,50.0,False
CUST02754,2,1,1,1356.48,399.44,50.0,False
CUST02838,2,1,1,2190.5299999999997,1515.98,50.0,False
CUST02865,2,1,0,6540.11,4534.48,50.0,False
CUST02885,2,1,1,6310.679999999999,1454.32,50.0,False
CUST03050,2,1,1,6770.56,1757.92,50.0,False
CUST03053,2,1,1,2637.8599999999997,976.77,50.0,False
CUST03099,2,1,1,2237.64,392.91,50.0,False
CUST03166,2,1,0,3570.0699999999997,1386.95,50.0,False
CUST03203,2,1,1,7832.89,416.09,50.0,False
CUST03270,2,1,1,3725.94,3257.92,50.0,False
CUST03308,2,1,1,4329.64,2465.4,50.0,False
CUST03317,2,1,1,6670.58,5659.84,50.0,False
CUST03342,2,1,1,9745.85,5350.77,50.0,False
CUST03419,2,1,1,2027.81,816.38,50.0,False
CUST03421,2,1,1,5818.0599999999995,2552.68,50.0,False
CUST03456,2,1,1,1339.25,368.99,50.0,False
CUST03524,2,1,1,4294.46,883.7,50.0,False
CUST03546,2,1,0,1097.47,404.43,50.0,False
CUST03565,2,1,1,2969.05,786.79,50.0,False
CUST03570,2,1,0,3370.43,2401.66,50.0,False
CUST03700,2,1,1,6560.96,1420.88,50.0,False
CUST03745,2,1,1,3982.55,1461.71,50.0,False
CUST03777,2,1,1,6827.929999999999,605.53,50.0,False
CUST03786,2,1,1,4350.21,3938.6,50.0,False
CUST03807,2,1,1,6861.5199999999995,4869.48,50.0,False
CUST03833,2,1,0,1188.76,364.61,50.0,False
CUST03863,2,1,1,3067.1899999999996,2196.18,50.0,False
CUST03899,2,1,1,2247.96,1281.16,50.0,False
CUST03901,2,1,1,2449.3100000000004,1239.88,50.0,False
CUST03909,2,1,1,3739.0499999999997,671.89,50.0,False
CUST03947,2,1,1,9109.87,7533.84,50.0,False
CUST03993,2,1,1,4863.860000000001,1205.9,50.0,False
CUST04057,2,1,1,6774.860000000001,5915.72,50.0,False
CUST04091,2,1,1,6899.34,5447.84,50.0,False
CUST04113,2,1,1,4758.23,3166.71,50.0,False
CUST04195,2,1,1,4956.9,3416.88,50.0,False
CUST04230,2,1,1,2456.44,518.51,50.0,False
CUST04231,2,1,1,2125.1800000000003,803.96,50.0,False
CUST04351,2,1,1,2586.37,1983.06,50.0,False
CUST04426,2,1,1,2243.76,1838.98,50.0,False
CUST04456,2,1,1,2133.62,955.28,50.0,False
CUST04460,2,1,1,5938.52,4773.8,50.0,False
CUST04493,2,1,1,5976.030000000001,3859.77,50.0,False
CUST04555,2,1,1,9885.95,2976.75,50.0,False
CUST04567,2,1,1,2758.96,1128.48,50.0,False
CUST04570,2,1,1,3239.66,2428.24,50.0,False
CUST04607,2,1,1,3664.02,1120.06,50.0,False
CUST04612,2,1,1,1293.24,396.08,50.0,False
CUST04617,2,1,1,2784.68,882.38,50.0,False
CUST04618,2,1,1,8288.68,5822.36,50.0,False
CUST04636,2,1,1,1750.9099999999999,1315.86,50.0,False
CUST04649,2,1,1,4326.32,771.32,50.0,False
CUST04693,2,1,1,1309.91,953.0,50.0,False
CUST04698,2,1,1,4402.19,1342.55,50.0,False
CUST04714,2,1,1,4453.1,1685.82,50.0,False
CUST04742,2,1,1,1211.88,368.92,50.0,False
CUST04756,2,1,1,4723.99,3928.86,50.0,False
CUST04766,2,1,1,3428.55,1550.82,50.0,False
CUST04771,2,1,1,8994.52,2633.88,50.0,False
CUST04775,2,1,1,8045.32,4906.98,50.0,False
CUST04783,2,1,1,2188.9,962.2,50.0,False
CUST04827,2,1,0,8736.78,4359.6,50.0,False
CUST04888,2,1,1,4197.79,3214.41,50.0,False
CUST04949,2,1,1,2961.62,1709.6,50.0,False
CUST04994,2,1,1,3478.09,2206.8,50.0,False
CUST04998,2,1,1,6235.75,429.04,50.0,False
CUST02197,9,4,5,15913.39,9143.25,44.44444444444444,False
CUST02303,9,4,5,13343.64,6288.35,44.44444444444444,False
CUST02588,9,4,5,15673.7,5642.62,44.44444444444444,False
CUST03710,9,4,5,23715.5,11686.3,44.44444444444444,False
CUST04433,9,4,5,20997.31,3904.08,44.44444444444444,False
CUST00058,7,3,4,13631.300000000001,2939.51,42.857142857142854,False
CUST00780,7,3,4,16205.619999999999,8047.77,42.857142857142854,False
CUST02047,7,3,4,20972.26,9266.89,42.857142857142854,False
CUST03533,7,3,4,20229.93,11043.55,42.857142857142854,False
CUST03822,7,3,4,13103.13,4454.59,42.857142857142854,False
CUST03893,7,3,4,16055.980000000001,3998.9300000000003,42.857142857142854,False
CUST04030,7,3,3,19434.53,5843.71,42.857142857142854,False
CUST04160,7,3,4,18384.66,10240.03,42.857142857142854,False
CUST04307,7,3,4,24018.53,15111.78,42.857142857142854,False
CUST04401,7,3,3,7816.46,3615.2699999999995,42.857142857142854,False
CUST04510,7,3,3,18616.260000000002,4807.969999999999,42.857142857142854,False
CUST04537,7,3,4,22243.879999999997,11251.08,42.857142857142854,False
CUST04727,7,3,4,16519.88,9108.77,42.857142857142854,False
CUST04948,7,3,4,17323.38,9014.97,42.857142857142854,False
CUST00005,5,2,3,10050.51,5480.719999999999,40.0,False
CUST00286,5,2,3,12295.94,7593.24,40.0,False
CUST00402,5,2,3,5326.57,1860.65,40.0,False
CUST00454,5,2,3,16020.699999999999,2605.6,40.0,False
CUST00458,5,2,2,7914.49,2754.92,40.0,False
CUST00467,5,2,3,15245.84,8250.84,40.0,False
CUST00514,5,2,2,15732.59,5489.01,40.0,False
CUST00564,5,2,3,9495.42,4854.61,40.0,False
CUST00673,5,2,3,14807.26,9088.05,40.0,False
CUST00688,5,2,2,13109.67,2281.6099999999997,40.0,False
CUST00747,5,2,3,7914.88,1213.19,40.0,False
CUST00770,5,2,3,20023.63,5453.07,40.0,False
CUST00855,5,2,3,7266.34,2559.5,40.0,False
CUST01026,5,2,3,11801.69,4612.3,40.0,False
CUST01060,5,2,3,5184.58,2145.54,40.0,False
CUST01070,5,2,1,14143.34,9992.49,40.0,False
CUST01073,5,2,3,14235.88,8153.719999999999,40.0,False
CUST01090,5,2,3,5736.47,2056.22,40.0,False
CUST01128,5,2,3,10801.5,3667.77,40.0,False
CUST01304,5,2,2,10931.939999999999,4741.29,40.0,False
CUST01355,5,2,3,13901.86,8251.59,40.0,False
CUST01452,5,2,3,11837.03,6114.13,40.0,False
CUST01478,5,2,3,8321.87,3120.62,40.0,False
CUST01705,5,2,3,8404.3,4228.84,40.0,False
CUST01718,5,2,3,8437.45,2544.94,40.0,False
CUST01843,5,2,3,19910.690000000002,5816.43,40.0,False
CUST01844,5,2,3,8828.0,4111.29,40.0,False
CUST01887,5,2,3,10273.880000000001,3994.14,40.0,False
CUST01894,5,2,3,13363.44,1920.58,40.0,False
CUST01920,5,2,3,7803.79,1526.96,40.0,False
CUST01941,5,2,2,9529.87,2468.69,40.0,False
CUST01952,5,2,3,8270.06,3976.7000000000003,40.0,False
CUST01955,5,2,3,8152.17,2314.52,40.0,False
CUST02015,5,2,3,14293.21,2917.25,40.0,False
CUST02115,5,2,3,18207.010000000002,3644.18,40.0,False
CUST02127,5,2,3,10495.8,4521.22,40.0,False
CUST02137,5,2,3,5527.57,1690.55,40.0,False
CUST02172,5,2,3,5556.5,1478.37,40.0,False
CUST02183,5,2,3,8874.65,2757.86,40.0,False
CUST02309,5,2,3,15660.88,6122.07,40.0,False
CUST02399,5,2,3,6575.38,2445.5699999999997,40.0,False
CUST02435,5,2,3,10665.63,2225.83,40.0,False
CUST02459,5,2,3,5984.66,2223.42,40.0,False
CUST02465,5,2,3,14928.62,6730.950000000001,40.0,False
CUST02554,5,2,3,14812.95,2372.01,40.0,False
CUST02631,5,2,2,8248.68,2025.3000000000002,40.0,False
CUST02786,5,2,3,11647.85,6353.05,40.0,False
CUST02807,5,2,2,10321.279999999999,5482.67,40.0,False
CUST03013,5,2,3,15035.93,7398.34,40.0,False
CUST03092,5,2,3,11892.68,4706.11,40.0,False
CUST03160,5,2,3,12169.58,5311.5,40.0,False
CUST03234,5,2,3,13257.76,9794.63,40.0,False
CUST03301,5,2,3,17080.739999999998,2145.21,40.0,False
CUST03339,5,2,3,8032.78,2844.11,40.0,False
CUST03363,5,2,3,14628.34,8965.79,40.0,False
CUST03569,5,2,2,11062.57,6978.32,40.0,False
CUST03646,5,2,3,11993.199999999999,9030.279999999999,40.0,False
CUST03655,5,2,3,11767.15,8223.25,40.0,False
CUST03663,5,2,3,11798.0,8487.93,40.0,False
CUST03676,5,2,3,15045.62,4980.4,40.0,False
CUST03752,5,2,3,15847.32,2877.12,40.0,False
CUST03784,5,2,3,7077.400000000001,4425.76,40.0,False
CUST03800,5,2,3,7893.59,1274.5,40.0,False
CUST03828,5,2,2,10898.13,2834.83,40.0,False
CUST03894,5,2,3,14669.81,9103.8,40.0,False
CUST03924,5,2,3,10214.439999999999,4299.67,40.0,False
CUST03971,5,2,2,9830.619999999999,1236.8400000000001,40.0,False
CUST04022,5,2,2,15871.03,3086.79,40.0,False
CUST04162,5,2,3,6517.96,3335.7,40.0,False
CUST04429,5,2,2,6989.72,1118.58,40.0,False
CUST04518,5,2,3,9676.63,1536.3500000000001,40.0,False
CUST04535,5,2,3,13609.81,6069.91,40.0,False
CUST04593,5,2,3,8446.97,5394.58,40.0,False
CUST04594,5,2,3,7749.599999999999,4499.37,40.0,False
CUST04741,5,2,1,9765.54,871.96,40.0,False
CUST04891,5,2,3,7272.07,2813.12,40.0,False
CUST04920,5,2,3,5528.84,2652.13,40.0,False
CUST04956,5,2,3,10018.98,4854.120000000001,40.0,False
CUST00808,8,3,5,22782.82,3178.3,37.5,False
CUST01659,8,3,4,15943.16,6285.92,37.5,False
CUST02581,8,3,5,15002.689999999999,6128.0,37.5,False
CUST02823,8,3,5,11280.82,2391.4,37.5,False
CUST03060,8,3,5,14502.92,3670.92,37.5,False
CUST03365,8,3,3,14253.34,9736.42,37.5,False
CUST03402,8,3,5,15675.869999999999,8166.74,37.5,False
CUST04525,8,3,5,15518.08,5182.52,37.5,False
CUST00356,9,3,5,17793.87,7175.69,33.33333333333333,False
CUST02217,9,3,6,15722.33,2767.87,33.33333333333333,False
CUST02226,9,3,6,26230.72,4696.52,33.33333333333333,False
CUST04572,9,3,5,31296.29,12258.05,33.33333333333333,False
CUST04987,9,3,6,18263.079999999998,7065.929999999999,33.33333333333333,False
CUST00068,6,2,4,11346.61,1613.3600000000001,33.33333333333333,False
CUST00169,6,2,4,8434.89,2859.6800000000003,33.33333333333333,False
CUST00185,6,2,3,12406.470000000001,3547.87,33.33333333333333,False
CUST00204,6,2,4,10777.75,2256.8,33.33333333333333,False
CUST00225,6,2,4,13260.69,6418.32,33.33333333333333,False
CUST00319,6,2,4,7684.17,3785.0600000000004,33.33333333333333,False
CUST00355,6,2,4,15743.51,4603.16,33.33333333333333,False
CUST00440,6,2,4,17344.93,3138.38,33.33333333333333,False
CUST00625,6,2,4,13858.310000000001,5723.14,33.33333333333333,False
CUST00660,6,2,4,10051.72,3041.05,33.33333333333333,False
CUST00736,6,2,4,12926.220000000001,2558.03,33.33333333333333,False
CUST00756,6,2,4,17221.29,6968.150000000001,33.33333333333333,False
CUST00869,6,2,4,12157.54,6596.98,33.33333333333333,False
CUST00874,6,2,4,14359.72,6258.719999999999,33.33333333333333,False
CUST00949,6,2,4,12991.11,6380.44,33.33333333333333,False
CUST00989,6,2,3,19106.92,7089.87,33.33333333333333,False
CUST01016,6,2,3,13654.560000000001,4828.76,33.33333333333333,False
CUST01247,6,2,4,9813.72,1876.21,33.33333333333333,False
CUST01430,6,2,4,15805.54,6653.9400000000005,33.33333333333333,False
CUST01576,6,2,4,6800.01,1805.54,33.33333333333333,False
CUST01676,6,2,4,12136.29,6053.68,33.33333333333333,False
CUST01681,6,2,4,16718.44,4521.610000000001,33.33333333333333,False
CUST01737,6,2,4,17060.05,5793.33,33.33333333333333,False
CUST01764,6,2,4,10326.59,3120.27,33.33333333333333,False
CUST01846,6,2,4,20706.36,5282.61,33.33333333333333,False
CUST01978,6,2,3,8617.75,4117.25,33.33333333333333,False
CUST01984,6,2,4,9826.12,1814.7600000000002,33.33333333333333,False
CUST02061,6,2,4,21915.53,5700.719999999999,33.33333333333333,False
CUST02090,6,2,4,12971.97,4278.95,33.33333333333333,False
CUST02282,6,2,4,17985.57,9667.44,33.33333333333333,False
CUST02296,6,2,4,8868.25,4215.69,33.33333333333333,False
CUST02340,6,2,4,12227.25,2013.3899999999999,33.33333333333333,False
CUST02444,6,2,4,6363.26,1686.05,33.33333333333333,False
CUST02454,6,2,3,12747.220000000001,2965.0200000000004,33.33333333333333,False
CUST02682,6,2,4,14745.48,6210.51,33.33333333333333,False
CUST02745,6,2,3,6217.78,3214.45,33.33333333333333,False
CUST02832,6,2,4,13730.59,4291.33,33.33333333333333,False
CUST02908,6,2,3,10655.49,862.99,33.33333333333333,False
CUST03014,6,2,4,15505.94,2453.5,33.33333333333333,False
CUST03029,6,2,3,9357.27,2747.67,33.33333333333333,False
CUST03174,6,2,4,8475.51,1713.25,33.33333333333333,False
CUST03182,6,2,4,10369.6,5003.74,33.33333333333333,False
CUST03289,6,2,4,11232.710000000001,5159.05,33.33333333333333,False
CUST03382,6,2,3,15408.84,3874.42,33.33333333333333,False
CUST03391,6,2,4,10169.77,2221.81,33.33333333333333,False
CUST03437,6,2,4,11883.720000000001,7152.950000000001,33.33333333333333,False
CUST03526,6,2,4,10315.31,2002.2599999999998,33.33333333333333,False
CUST03633,6,2,4,10912.78,2525.2799999999997,33.33333333333333,False
CUST03672,6,2,4,8400.77,1525.51,33.33333333333333,False
CUST03728,6,2,4,8742.73,1644.88,33.33333333333333,False
CUST03849,6,2,4,5688.34,1448.4,33.33333333333333,False
CUST03964,6,2,4,15010.75,3094.5600000000004,33.33333333333333,False
CUST03974,6,2,4,15589.3,6880.38,33.33333333333333,False
CUST04053,6,2,4,15654.43,3375.14,33.33333333333333,False
CUST04077,6,2,4,10670.07,2296.6400000000003,33.33333333333333,False
CUST04140,6,2,4,10469.53,2639.4700000000003,33.33333333333333,False
CUST04192,6,2,4,13996.1,3436.1099999999997,33.33333333333333,False
CUST04303,6,2,4,12148.08,6241.76,33.33333333333333,False
CUST04364,6,2,3,10115.21,1890.32,33.33333333333333,False
CUST04373,6,2,4,9343.43,2830.33,33.33333333333333,False
CUST04611,6,2,4,15109.769999999999,11745.09,33.33333333333333,False
CUST04625,6,2,4,12299.48,4478.25,33.33333333333333,False
CUST04769,6,2,4,16692.739999999998,6653.58,33.33333333333333,False
CUST04774,6,2,4,18451.48,5798.01,33.33333333333333,False
CUST04787,6,2,4,10847.45,3366.53,33.33333333333333,False
CUST04797,6,2,4,14409.009999999998,2317.73,33.33333333333333,False
CUST04830,6,2,3,21494.38,9170.1,33.33333333333333,False
CUST04967,6,2,4,13269.15,2107.64,33.33333333333333,False
CUST00004,3,1,2,12376.79,9711.25,33.33333333333333,False
CUST00081,3,1,2,5676.74,4453.32,33.33333333333333,False
CUST00084,3,1,2,7149.87,1354.41,33.33333333333333,False
CUST00086,3,1,2,4367.77,906.7,33.33333333333333,False
CUST00101,3,1,2,6390.03,2901.15,33.33333333333333,False
CUST00104,3,1,2,8546.09,2161.92,33.33333333333333,False
CUST00128,3,1,2,4758.62,2048.8,33.33333333333333,False
CUST00137,3,1,2,2083.23,832.5,33.33333333333333,False
CUST00141,3,1,2,4288.12,604.54,33.33333333333333,False
CUST00157,3,1,2,7431.57,3214.94,33.33333333333333,False
CUST00172,3,1,2,10831.39,1372.45,33.33333333333333,False
CUST00179,3,1,2,5839.93,4228.4,33.33333333333333,False
CUST00199,3,1,2,7068.74,3169.68,33.33333333333333,False
CUST00220,3,1,2,7625.91,626.13,33.33333333333333,False
CUST00230,3,1,2,4367.77,948.1,33.33333333333333,False
CUST00277,3,1,2,4294.77,1429.32,33.33333333333333,False
CUST00296,3,1,2,4432.96,1918.97,33.33333333333333,False
CUST00297,3,1,2,15395.880000000001,1690.08,33.33333333333333,False
CUST00304,3,1,2,8075.219999999999,4718.0,33.33333333333333,False
CUST00326,3,1,2,5643.79,906.27,33.33333333333333,False
CUST00342,3,1,2,11041.02,6281.25,33.33333333333333,False
CUST00379,3,1,2,6171.22,1469.02,33.33333333333333,False
CUST00401,3,1,2,3283.82,931.1,33.33333333333333,False
CUST00442,3,1,2,5707.76,1554.32,33.33333333333333,False
CUST00464,3,1,2,8104.06,6819.52,33.33333333333333,False
CUST00477,3,1,2,7220.59,3236.37,33.33333333333333,False
CUST00510,3,1,1,6460.49,1347.93,33.33333333333333,False
CUST00518,3,1,2,4063.49,1457.71,33.33333333333333,False
CUST00527,3,1,1,2860.16,1309.49,33.33333333333333,False
CUST00548,3,1,2,3620.1800000000003,812.84,33.33333333333333,False
CUST00551,3,1,2,8078.370000000001,1070.56,33.33333333333333,False
CUST00559,3,1,1,9845.21,3687.84,33.33333333333333,False
CUST00588,3,1,2,4873.66,1310.74,33.33333333333333,False
CUST00598,3,1,2,15963.460000000001,7260.55,33.33333333333333,False
CUST00601,3,1,2,4344.65,481.64,33.33333333333333,False
CUST00633,3,1,2,6666.0599999999995,3047.94,33.33333333333333,False
CUST00635,3,1,2,11420.380000000001,2279.54,33.33333333333333,False
CUST00641,3,1,2,4391.44,2606.48,33.33333333333333,False
CUST00707,3,1,2,12890.779999999999,6991.25,33.33333333333333,False
CUST00714,3,1,2,7537.5,1216.89,33.33333333333333,False
CUST00731,3,1,2,5036.9,672.98,33.33333333333333,False
CUST00735,3,1,2,4838.07,2870.72,33.33333333333333,False
CUST00750,3,1,1,10541.560000000001,3028.82,33.33333333333333,False
CUST00772,3,1,2,7255.8099999999995,1477.53,33.33333333333333,False
CUST00774,3,1,2,10107.47,7013.79,33.33333333333333,False
CUST00827,3,1,2,4221.44,1830.08,33.33333333333333,False
CUST00849,3,1,2,10107.17,7323.64,33.33333333333333,False
CUST00852,3,1,2,11132.82,2600.49,33.33333333333333,False
CUST00930,3,1,0,7278.139999999999,1997.58,33.33333333333333,False
CUST00937,3,1,2,8979.189999999999,3466.41,33.33333333333333,False
CUST00946,3,1,2,8437.71,3028.96,33.33333333333333,False
CUST00966,3,1,2,2428.5299999999997,936.82,33.33333333333333,False
CUST00975,3,1,1,2971.05,1008.28,33.33333333333333,False
CUST00995,3,1,2,5986.38,2196.19,33.33333333333333,False
CUST01047,3,1,1,5180.63,570.89,33.33333333333333,False
CUST01048,3,1,2,10035.57,930.66,33.33333333333333,False
CUST01056,3,1,2,6081.1,1909.61,33.33333333333333,False
CUST01072,3,1,2,7413.6,616.62,33.33333333333333,False
CUST01075,3,1,2,4840.08,1114.59,33.33333333333333,False
CUST01107,3,1,2,2127.83,438.72,33.33333333333333,False
CUST01108,3,1,2,7185.4,1482.88,33.33333333333333,False
CUST01109,3,1,2,6911.44,3664.2,33.33333333333333,False
CUST01117,3,1,1,8096.93,1337.17,33.33333333333333,False
CUST01166,3,1,2,6573.47,449.18,33.33333333333333,False
CUST01198,3,1,2,4945.82,959.94,33.33333333333333,False
CUST01220,3,1,2,7151.8,1784.52,33.33333333333333,False
CUST01229,3,1,2,3535.83,1309.88,33.33333333333333,False
CUST01239,3,1,2,3433.38,2101.71,33.33333333333333,False
CUST01256,3,1,2,3944.5,406.58,33.33333333333333,False
CUST01286,3,1,2,4645.86,1170.81,33.33333333333333,False
CUST01306,3,1,2,5943.42,1519.33,33.33333333333333,False
CUST01308,3,1,2,7005.9400000000005,762.94,33.33333333333333,False
CUST01322,3,1,2,9772.76,7365.88,33.33333333333333,False
CUST01351,3,1,2,4821.74,1279.18,33.33333333333333,False
CUST01368,3,1,2,4706.26,1249.33,33.33333333333333,False
CUST01374,3,1,2,5590.8,2807.61,33.33333333333333,False
CUST01379,3,1,2,2801.27,867.7,33.33333333333333,False
CUST01389,3,1,2,4371.99,1708.65,33.33333333333333,False
CUST01391,3,1,2,9055.7,3416.76,33.33333333333333,False
CUST01394,3,1,2,3827.41,813.66,33.33333333333333,False
CUST01416,3,1,2,6545.54,5355.3,33.33333333333333,False
CUST01426,3,1,2,4879.33,1901.1,33.33333333333333,False
CUST01447,3,1,2,12075.39,1410.86,33.33333333333333,False
CUST01450,3,1,2,5051.71,749.83,33.33333333333333,False
CUST01453,3,1,2,8128.94,6154.28,33.33333333333333,False
CUST01474,3,1,2,11398.89,4448.52,33.33333333333333,False
CUST01476,3,1,2,3501.0299999999997,388.65,33.33333333333333,False
CUST01483,3,1,2,7662.62,5379.45,33.33333333333333,False
CUST01501,3,1,2,8542.380000000001,3766.14,33.33333333333333,False
CUST01537,3,1,2,6951.79,3564.75,33.33333333333333,False
CUST01539,3,1,2,5156.22,1458.88,33.33333333333333,False
CUST01552,3,1,2,6014.49,1180.67,33.33333333333333,False
CUST01561,3,1,2,4489.3099999999995,2334.06,33.33333333333333,False
CUST01595,3,1,2,6532.7,1611.32,33.33333333333333,False
CUST01596,3,1,2,6627.28,1852.4,33.33333333333333,False
CUST01605,3,1,2,2172.37,566.62,33.33333333333333,False
CUST01615,3,1,2,6281.49,2638.26,33.33333333333333,False
CUST01617,3,1,2,5510.62,1859.76,33.33333333333333,False
CUST01620,3,1,2,9395.9,2266.45,33.33333333333333,False
CUST01638,3,1,2,8451.869999999999,5697.72,33.33333333333333,False
CUST01647,3,1,2,2615.73,612.43,33.33333333333333,False
CUST01697,3,1,2,5736.01,456.3,33.33333333333333,False
CUST01701,3,1,2,6525.919999999999,1061.73,33.33333333333333,False
CUST01730,3,1,2,5061.08,2160.62,33.33333333333333,False
CUST01736,3,1,2,9570.81,874.11,33.33333333333333,False
CUST01746,3,1,2,5763.3,733.51,33.33333333333333,False
CUST01767,3,1,1,4282.78,1250.16,33.33333333333333,False
CUST01786,3,1,2,3326.15,1877.4,33.33333333333333,False
CUST01816,3,1,2,7880.44,1293.91,33.33333333333333,False
CUST01850,3,1,2,8111.650000000001,4507.68,33.33333333333333,False
CUST01853,3,1,2,3066.0,817.6,33.33333333333333,False
CUST01858,3,1,2,4574.68,1684.71,33.33333333333333,False
CUST01868,3,1,2,9852.85,2787.27,33.33333333333333,False
CUST01879,3,1,2,6870.95,2312.49,33.33333333333333,False
CUST01886,3,1,2,3816.7,1654.48,33.33333333333333,False
CUST01904,3,1,2,14157.18,5383.77,33.33333333333333,False
CUST01910,3,1,2,10505.34,6335.12,33.33333333333333,False
CUST01913,3,1,2,12849.210000000001,5760.84,33.33333333333333,False
CUST01929,3,1,2,6633.68,1850.52,33.33333333333333,False
CUST01933,3,1,2,4297.69,802.8,33.33333333333333,False
CUST01935,3,1,2,10232.08,2963.94,33.33333333333333,False
CUST01937,3,1,2,6627.71,2183.52,33.33333333333333,False
CUST01947,3,1,2,5220.04,843.47,33.33333333333333,False
CUST01957,3,1,2,8116.39,3359.04,33.33333333333333,False
CUST01974,3,1,2,4561.57,1332.24,33.33333333333333,False
CUST01991,3,1,2,5541.09,917.63,33.33333333333333,False
CUST01996,3,1,2,3742.45,2116.38,33.33333333333333,False
CUST02006,3,1,2,3603.29,2239.17,33.33333333333333,False
CUST02019,3,1,2,6660.68,1629.46,33.33333333333333,False
CUST02025,3,1,1,4156.4400000000005,2428.1,33.33333333333333,False
CUST02041,3,1,2,8166.0599999999995,1836.34,33.33333333333333,False
CUST02045,3,1,2,13021.0,4204.84,33.33333333333333,False
CUST02065,3,1,2,2170.5,710.26,33.33333333333333,False
CUST02074,3,1,2,3927.16,2681.1,33.33333333333333,False
CUST02107,3,1,2,3297.15,1326.94,33.33333333333333,False
CUST02122,3,1,2,7518.06,3024.82,33.33333333333333,False
CUST02129,3,1,1,4972.12,2054.42,33.33333333333333,False
CUST02136,3,1,2,7372.23,1455.33,33.33333333333333,False
CUST02145,3,1,2,4028.06,1941.48,33.33333333333333,False
CUST02176,3,1,2,7810.1,4876.88,33.33333333333333,False
CUST02194,3,1,2,4473.21,1821.19,33.33333333333333,False
CUST02199,3,1,2,2732.68,853.08,33.33333333333333,False
CUST02216,3,1,2,2050.71,410.44,33.33333333333333,False
CUST02229,3,1,2,7231.46,3220.08,33.33333333333333,False
CUST02273,3,1,2,7158.1,1474.44,33.33333333333333,False
CUST02305,3,1,2,6886.54,3427.96,33.33333333333333,False
CUST02319,3,1,2,8094.15,3600.55,33.33333333333333,False
CUST02333,3,1,2,8672.04,1355.25,33.33333333333333,False
CUST02336,3,1,2,7904.07,906.45,33.33333333333333,False
CUST02348,3,1,2,5569.3,1761.46,33.33333333333333,False
CUST02349,3,1,1,3718.95,644.73,33.33333333333333,False
CUST02361,3,1,2,8389.939999999999,6638.48,33.33333333333333,False
CUST02374,3,1,2,6546.08,3328.77,33.33333333333333,False
CUST02401,3,1,2,3625.0200000000004,1343.44,33.33333333333333,False
CUST02484,3,1,2,6053.43,2650.35,33.33333333333333,False
CUST02492,3,1,2,5822.62,1293.75,33.33333333333333,False
CUST02518,3,1,2,8157.71,595.81,33.33333333333333,False
CUST02520,3,1,2,5666.87,1301.04,33.33333333333333,False
CUST02551,3,1,2,6526.139999999999,2379.66,33.33333333333333,False
CUST02559,3,1,2,10924.29,2595.51,33.33333333333333,False
CUST02615,3,1,2,5371.54,1065.67,33.33333333333333,False
CUST02643,3,1,2,2893.6,1109.75,33.33333333333333,False
CUST02673,3,1,2,8241.210000000001,1275.27,33.33333333333333,False
CUST02704,3,1,2,6377.049999999999,2558.62,33.33333333333333,False
CUST02714,3,1,2,3834.0699999999997,425.49,33.33333333333333,False
CUST02720,3,1,2,5398.38,1388.58,33.33333333333333,False
CUST02750,3,1,2,10185.06,954.21,33.33333333333333,False
CUST02770,3,1,2,2746.95,1173.25,33.33333333333333,False
CUST02774,3,1,2,4965.7,671.74,33.33333333333333,False
CUST02802,3,1,2,10999.119999999999,2543.74,33.33333333333333,False
CUST02815,3,1,2,8895.63,2920.7,33.33333333333333,False
CUST02819,3,1,2,4113.22,1632.6,33.33333333333333,False
CUST02854,3,1,2,5195.71,842.68,33.33333333333333,False
CUST02857,3,1,2,7482.400000000001,1658.2,33.33333333333333,False
CUST02862,3,1,2,6154.62,842.53,33.33333333333333,False
CUST02870,3,1,2,3282.67,775.02,33.33333333333333,False
CUST02883,3,1,2,3017.12,1455.88,33.33333333333333,False
CUST02899,3,1,2,7064.79,1904.1,33.33333333333333,False
CUST02903,3,1,2,4304.59,402.06,33.33333333333333,False
CUST02910,3,1,2,7467.49,584.01,33.33333333333333,False
CUST02918,3,1,2,5127.94,3334.56,33.33333333333333,False
CUST02939,3,1,2,5304.16,1348.72,33.33333333333333,False
CUST02952,3,1,2,3681.46,1274.01,33.33333333333333,False
CUST03000,3,1,1,6508.26,3453.93,33.33333333333333,False
CUST03007,3,1,2,5566.52,777.76,33.33333333333333,False
CUST03037,3,1,2,2479.25,1718.12,33.33333333333333,False
CUST03051,3,1,2,6939.46,1574.56,33.33333333333333,False
CUST03073,3,1,2,4312.400000000001,2333.9,33.33333333333333,False
CUST03106,3,1,2,2810.84,797.62,33.33333333333333,False
CUST03131,3,1,2,7666.299999999999,1309.76,33.33333333333333,False
CUST03135,3,1,1,10495.970000000001,5298.84,33.33333333333333,False
CUST03232,3,1,2,9384.41,4539.16,33.33333333333333,False
CUST03235,3,1,2,11546.76,5158.47,33.33333333333333,False
CUST03243,3,1,2,6269.49,4565.8,33.33333333333333,False
CUST03255,3,1,2,6444.73,2285.72,33.33333333333333,False
CUST03279,3,1,2,8302.82,1183.56,33.33333333333333,False
CUST03311,3,1,2,5534.679999999999,798.47,33.33333333333333,False
CUST03333,3,1,2,9163.25,2302.16,33.33333333333333,False
CUST03351,3,1,2,3176.0099999999998,1006.68,33.33333333333333,False
CUST03352,3,1,0,7578.08,2400.88,33.33333333333333,False
CUST03353,3,1,2,9469.029999999999,6219.4,33.33333333333333,False
CUST03388,3,1,2,4442.62,1667.22,33.33333333333333,False
CUST03411,3,1,2,3959.6299999999997,905.16,33.33333333333333,False
CUST03413,3,1,2,6546.860000000001,456.62,33.33333333333333,False
CUST03441,3,1,2,10520.11,3523.05,33.33333333333333,False
CUST03452,3,1,2,4325.83,387.87,33.33333333333333,False
CUST03461,3,1,2,4575.68,636.12,33.33333333333333,False
CUST03510,3,1,2,2010.25,468.1,33.33333333333333,False
CUST03511,3,1,2,7920.02,5010.72,33.33333333333333,False
CUST03523,3,1,2,8165.4,2012.94,33.33333333333333,False
CUST03538,3,1,1,3381.0699999999997,581.7,33.33333333333333,False
CUST03547,3,1,1,5116.72,2539.84,33.33333333333333,False
CUST03552,3,1,2,5123.79,387.53,33.33333333333333,False
CUST03575,3,1,2,11016.59,3750.12,33.33333333333333,False
CUST03585,3,1,2,9827.220000000001,5021.44,33.33333333333333,False
CUST03617,3,1,2,3914.97,1300.24,33.33333333333333,False
CUST03627,3,1,2,6268.77,633.31,33.33333333333333,False
CUST03628,3,1,2,3342.79,832.44,33.33333333333333,False
CUST03647,3,1,2,3703.04,410.09,33.33333333333333,False
CUST03650,3,1,2,6228.379999999999,1649.36,33.33333333333333,False
CUST03651,3,1,2,9395.11,4343.64,33.33333333333333,False
CUST03654,3,1,2,5822.73,1277.83,33.33333333333333,False
CUST03662,3,1,2,9672.9,1329.12,33.33333333333333,False
CUST03669,3,1,2,3248.6499999999996,2113.45,33.33333333333333,False
CUST03687,3,1,2,3703.2200000000003,1921.64,33.33333333333333,False
CUST03749,3,1,2,5856.16,2976.99,33.33333333333333,False
CUST03753,3,1,2,5875.57,2352.44,33.33333333333333,False
CUST03764,3,1,2,5497.8,672.48,33.33333333333333,False
CUST03780,3,1,2,5769.51,724.97,33.33333333333333,False
CUST03872,3,1,2,7541.95,5406.15,33.33333333333333,False
CUST03874,3,1,2,7000.01,758.14,33.33333333333333,False
CUST03877,3,1,1,10152.68,5259.93,33.33333333333333,False
CUST03889,3,1,1,7371.429999999999,4429.15,33.33333333333333,False
CUST03934,3,1,2,3655.99,1491.67,33.33333333333333,False
CUST03955,3,1,2,4292.79,447.25,33.33333333333333,False
CUST03968,3,1,2,4013.32,1578.16,33.33333333333333,False
CUST04000,3,1,2,9861.33,1918.38,33.33333333333333,False
CUST04008,3,1,2,7248.639999999999,1327.06,33.33333333333333,False
CUST04009,3,1,2,4068.76,502.19,33.33333333333333,False
CUST04014,3,1,2,2772.26,1108.63,33.33333333333333,False
CUST04037,3,1,2,3838.59,1789.91,33.33333333333333,False
CUST04069,3,1,2,2047.8999999999999,1006.55,33.33333333333333,False
CUST04076,3,1,2,7838.55,1916.16,33.33333333333333,False
CUST04089,3,1,2,8038.96,5043.8,33.33333333333333,False
CUST04099,3,1,2,6568.86,764.67,33.33333333333333,False
CUST04110,3,1,2,4044.2400000000002,1959.2,33.33333333333333,False
CUST04127,3,1,2,9704.61,1210.23,33.33333333333333,False
CUST04128,3,1,2,2074.38,465.42,33.33333333333333,False
CUST04132,3,1,1,7643.57,5868.8,33.33333333333333,False
CUST04135,3,1,2,4196.29,902.55,33.33333333333333,False
CUST04136,3,1,2,9773.26,7402.96,33.33333333333333,False
CUST04148,3,1,2,5510.07,434.37,33.33333333333333,False
CUST04170,3,1,2,7385.59,2404.92,33.33333333333333,False
CUST04197,3,1,1,2236.13,890.16,33.33333333333333,False
CUST04217,3,1,2,7956.639999999999,408.17,33.33333333333333,False
CUST04234,3,1,2,4406.58,1190.24,33.33333333333333,False
CUST04239,3,1,2,6040.110000000001,3718.32,33.33333333333333,False
CUST04241,3,1,1,6190.66,3701.6,33.33333333333333,False
CUST04243,3,1,2,4449.5,3133.74,33.33333333333333,False
CUST04249,3,1,1,8528.85,1489.61,33.33333333333333,False
CUST04268,3,1,2,8249.27,5753.34,33.33333333333333,False
CUST04311,3,1,2,9108.539999999999,1987.65,33.33333333333333,False
CUST04313,3,1,2,8480.24,1716.6,33.33333333333333,False
CUST04329,3,1,2,5743.72,3396.36,33.33333333333333,False
CUST04339,3,1,2,11669.67,2801.79,33.33333333333333,False
CUST04345,3,1,2,10640.84,4792.0,33.33333333333333,False
CUST04346,3,1,2,8369.0,3159.6,33.33333333333333,False
CUST04356,3,1,2,5876.02,3073.14,33.33333333333333,False
CUST04388,3,1,2,11597.11,3973.74,33.33333333333333,False
CUST04412,3,1,1,7772.37,6244.88,33.33333333333333,False
CUST04414,3,1,2,8101.62,4190.05,33.33333333333333,False
CUST04420,3,1,2,5924.17,3403.2,33.33333333333333,False
CUST04424,3,1,2,7254.76,2904.66,33.33333333333333,False
CUST04431,3,1,2,5657.24,422.48,33.33333333333333,False
CUST04443,3,1,0,4823.41,2508.64,33.33333333333333,False
CUST04463,3,1,2,5529.8099999999995,1271.84,33.33333333333333,False
CUST04464,3,1,2,7337.99,2352.51,33.33333333333333,False
CUST04482,3,1,2,6458.72,2903.01,33.33333333333333,False
CUST04486,3,1,2,5048.72,1940.67,33.33333333333333,False
CUST04494,3,1,2,4582.27,1280.52,33.33333333333333,False
CUST04504,3,1,2,6138.65,441.04,33.33333333333333,False
CUST04578,3,1,2,7916.74,2573.92,33.33333333333333,False
CUST04603,3,1,2,2582.3199999999997,453.04,33.33333333333333,False
CUST04608,3,1,1,6312.65,1187.16,33.33333333333333,False
CUST04624,3,1,2,5345.4,1197.19,33.33333333333333,False
CUST04626,3,1,2,11001.470000000001,1092.66,33.33333333333333,False
CUST04634,3,1,2,11955.130000000001,4910.2,33.33333333333333,False
CUST04652,3,1,2,4378.3099999999995,1072.29,33.33333333333333,False
CUST04654,3,1,2,1523.1799999999998,594.9,33.33333333333333,False
CUST04677,3,1,2,9032.560000000001,1406.11,33.33333333333333,False
CUST04684,3,1,2,3328.52,771.66,33.33333333333333,False
CUST04700,3,1,2,3244.7000000000003,790.96,33.33333333333333,False
CUST04709,3,1,2,5732.93,1440.41,33.33333333333333,False
CUST04733,3,1,2,6521.280000000001,4639.05,33.33333333333333,False
CUST04738,3,1,1,3293.52,1069.61,33.33333333333333,False
CUST04743,3,1,2,6863.83,1240.82,33.33333333333333,False
CUST04750,3,1,2,14165.66,10022.35,33.33333333333333,False
CUST04779,3,1,2,10190.7,5269.6,33.33333333333333,False
CUST04784,3,1,2,6242.43,4372.35,33.33333333333333,False
CUST04818,3,1,2,7257.47,3902.34,33.33333333333333,False
CUST04825,3,1,2,6954.84,3742.86,33.33333333333333,False
CUST04856,3,1,2,7339.41,1115.7,33.33333333333333,False
CUST04878,3,1,2,8622.33,1391.19,33.33333333333333,False
CUST04883,3,1,2,5503.4,1087.52,33.33333333333333,False
CUST04897,3,1,2,8506.04,3412.58,33.33333333333333,False
CUST04934,3,1,2,5673.64,2960.94,33.33333333333333,False
CUST04980,3,1,2,3560.56,1193.02,33.33333333333333,False
CUST04985,3,1,2,5738.97,2123.32,33.33333333333333,False
CUST04991,3,1,1,11352.33,3303.04,33.33333333333333,False
CUST02086,10,3,6,21610.29,4454.09,30.0,False
CUST04010,10,3,6,14655.96,2842.1400000000003,30.0,False
CUST00347,14,4,10,24701.78,3772.42,28.57142857142857,False
CUST00140,7,2,5,17044.04,3508.7599999999998,28.57142857142857,False
CUST00192,7,2,5,16819.329999999998,3536.1000000000004,28.57142857142857,False
CUST00262,7,2,5,13032.51,4246.2,28.57142857142857,False
CUST00372,7,2,5,13956.369999999999,4533.4400000000005,28.57142857142857,False
CUST00499,7,2,5,13002.72,3134.04,28.57142857142857,False
CUST00610,7,2,5,10385.37,2845.95,28.57142857142857,False
CUST00615,7,2,5,8725.32,3724.3100000000004,28.57142857142857,False
CUST00862,7,2,5,12322.03,5577.91,28.57142857142857,False
CUST00909,7,2,5,14307.550000000001,2742.5299999999997,28.57142857142857,False
CUST01251,7,2,5,19548.06,5421.5,28.57142857142857,False
CUST01303,7,2,4,25042.190000000002,1519.98,28.57142857142857,False
CUST01527,7,2,5,10689.3,2086.5699999999997,28.57142857142857,False
CUST01554,7,2,4,15364.69,3713.6099999999997,28.57142857142857,False
CUST01587,7,2,5,18915.13,1690.63,28.57142857142857,False
CUST01651,7,2,5,14730.03,3937.01,28.57142857142857,False
CUST01698,7,2,4,12847.730000000001,3094.26,28.57142857142857,False
CUST01818,7,2,5,12482.59,2735.9700000000003,28.57142857142857,False
CUST02012,7,2,5,23547.52,5298.360000000001,28.57142857142857,False
CUST02031,7,2,5,13819.92,3295.5,28.57142857142857,False
CUST02044,7,2,5,17422.33,7227.54,28.57142857142857,False
CUST02141,7,2,5,10865.8,6839.33,28.57142857142857,False
CUST02193,7,2,5,11682.85,1864.37,28.57142857142857,False
CUST02222,7,2,5,11499.9,2999.76,28.57142857142857,False
CUST02243,7,2,4,23443.940000000002,4489.43,28.57142857142857,False
CUST02253,7,2,5,14063.61,6807.6,28.57142857142857,False
CUST02376,7,2,4,21555.38,2755.61,28.57142857142857,False
CUST02685,7,2,5,14570.47,3887.26,28.57142857142857,False
CUST02806,7,2,5,12220.57,5102.45,28.57142857142857,False
CUST02846,7,2,5,20544.170000000002,5655.46,28.57142857142857,False
CUST02991,7,2,5,17007.57,3253.8999999999996,28.57142857142857,False
CUST03093,7,2,5,12196.65,2948.2999999999997,28.57142857142857,False
CUST03299,7,2,5,10736.689999999999,2417.08,28.57142857142857,False
CUST03477,7,2,3,13372.53,4808.88,28.57142857142857,False
CUST03566,7,2,4,20889.43,1364.0,28.57142857142857,False
CUST03675,7,2,5,11928.03,3256.18,28.57142857142857,False
CUST03738,7,2,4,15805.15,4172.65,28.57142857142857,False
CUST03747,7,2,5,17865.21,8418.91,28.57142857142857,False
CUST03831,7,2,3,8376.49,2188.9300000000003,28.57142857142857,False
CUST03916,7,2,5,16064.669999999998,6818.7,28.57142857142857,False
CUST03983,7,2,5,21157.05,7436.89,28.57142857142857,False
CUST04015,7,2,5,7159.21,1656.84,28.57142857142857,False
CUST04016,7,2,5,17950.1,2889.6499999999996,28.57142857142857,False
CUST04224,7,2,5,9289.23,2041.87,28.57142857142857,False
CUST04534,7,2,5,12208.92,2467.5699999999997,28.57142857142857,False
CUST04622,7,2,5,15541.73,6606.79,28.57142857142857,False
CUST04711,7,2,5,12016.57,4208.05,28.57142857142857,False
CUST04735,7,2,4,15493.55,5470.280000000001,28.57142857142857,False
CUST04911,7,2,5,15843.53,8861.8,28.57142857142857,False
CUST00485,11,3,7,22607.95,10863.599999999999,27.27272727272727,False
CUST00212,8,2,6,20247.98,2670.37,25.0,False
CUST00273,8,2,6,12912.4,1332.8,25.0,False
CUST00380,8,2,6,19562.07,2101.37,25.0,False
CUST00501,8,2,6,16403.02,3435.83,25.0,False
CUST00804,8,2,5,15040.87,3800.67,25.0,False
CUST00824,8,2,6,11174.94,2496.9399999999996,25.0,False
CUST00964,8,2,6,18359.0,3848.7400000000002,25.0,False
CUST01197,8,2,6,11597.27,1566.3600000000001,25.0,False
CUST01260,8,2,6,11995.75,2798.9700000000003,25.0,False
CUST01712,8,2,6,22810.5,8392.789999999999,25.0,False
CUST01729,8,2,6,13435.97,2215.17,25.0,False
CUST01807,8,2,5,15249.84,1620.48,25.0,False
CUST01825,8,2,6,25720.31,5041.2,25.0,False
CUST01958,8,2,6,17227.629999999997,1701.4099999999999,25.0,False
CUST01999,8,2,6,15054.56,4952.61,25.0,False
CUST02030,8,2,5,12924.56,3299.09,25.0,False
CUST02153,8,2,6,15876.43,4170.96,25.0,False
CUST02299,8,2,5,9762.24,1909.2200000000003,25.0,False
CUST02430,8,2,5,9643.75,1568.65,25.0,False
CUST02470,8,2,5,15792.29,2472.1099999999997,25.0,False
CUST02943,8,2,6,16704.81,5848.42,25.0,False
CUST03078,8,2,5,12478.68,3728.86,25.0,False
CUST03096,8,2,6,15043.09,2366.6499999999996,25.0,False
CUST03108,8,2,5,19741.55,5844.16,25.0,False
CUST03233,8,2,5,22681.72,3208.8,25.0,False
CUST03507,8,2,6,18743.43,2521.21,25.0,False
CUST03529,8,2,6,18877.739999999998,8108.04,25.0,False
CUST03580,8,2,6,12932.9,2484.6800000000003,25.0,False
CUST03609,8,2,6,17684.5,3228.71,25.0,False
CUST03668,8,2,6,20744.25,2869.16,25.0,False
CUST03723,8,2,6,28077.87,9997.47,25.0,False
CUST03732,8,2,6,14615.13,1043.73,25.0,False
CUST03887,8,2,6,23642.11,7971.37,25.0,False
CUST04119,8,2,6,17117.69,1660.3,25.0,False
CUST04262,8,2,6,8549.85,1074.28,25.0,False
CUST04343,8,2,6,22707.7,8623.27,25.0,False
CUST04374,8,2,6,14466.68,3282.2200000000003,25.0,False
CUST04386,8,2,6,14315.56,3321.7599999999998,25.0,False
CUST04532,8,2,6,15869.529999999999,3538.73,25.0,False
CUST04557,8,2,6,23048.19,9403.75,25.0,False
CUST04602,8,2,5,9479.02,2123.15,25.0,False
CUST04682,8,2,6,15269.56,3912.45,25.0,False
CUST04748,8,2,4,14807.810000000001,5455.87,25.0,False
CUST04862,8,2,5,16184.74,3128.7799999999997,25.0,False
CUST00010,4,1,3,8266.800000000001,823.62,25.0,False
CUST00012,4,1,2,5513.860000000001,380.23,25.0,False
CUST00027,4,1,3,4665.2699999999995,1698.78,25.0,False
CUST00046,4,1,3,8662.630000000001,5391.64,25.0,False
CUST00075,4,1,3,12219.66,1480.69,25.0,False
CUST00093,4,1,3,5833.45,466.03,25.0,False
CUST00107,4,1,3,11849.16,4735.22,25.0,False
CUST00120,4,1,3,12302.470000000001,2247.39,25.0,False
CUST00149,4,1,3,7077.4,4764.15,25.0,False
CUST00170,4,1,3,6599.67,2457.68,25.0,False
CUST00207,4,1,3,7594.02,3043.65,25.0,False
CUST00224,4,1,3,13145.25,3621.9,25.0,False
CUST00229,4,1,3,6783.66,688.61,25.0,False
CUST00247,4,1,3,5840.65,1102.72,25.0,False
CUST00257,4,1,2,9859.89,1540.14,25.0,False
CUST00259,4,1,3,7300.86,1628.37,25.0,False
CUST00264,4,1,3,7184.08,924.32,25.0,False
CUST00268,4,1,3,8945.95,2563.5,25.0,False
CUST00269,4,1,3,6906.719999999999,830.58,25.0,False
CUST00287,4,1,3,2386.9700000000003,472.84,25.0,False
CUST00310,4,1,3,10236.69,3764.44,25.0,False
CUST00349,4,1,3,8858.23,2580.15,25.0,False
CUST00354,4,1,3,9690.85,688.37,25.0,False
CUST00373,4,1,2,4445.82,1217.09,25.0,False
CUST00384,4,1,3,6547.99,3385.02,25.0,False
CUST00411,4,1,3,10483.0,891.88,25.0,False
CUST00417,4,1,3,4949.6,3314.25,25.0,False
CUST00432,4,1,3,8612.1,2057.42,25.0,False
CUST00452,4,1,3,14118.24,2662.12,25.0,False
CUST00466,4,1,2,8501.02,1149.9,25.0,False
CUST00493,4,1,3,5659.15,1042.11,25.0,False
CUST00504,4,1,3,5099.3099999999995,1238.63,25.0,False
CUST00507,4,1,3,7830.82,3579.0,25.0,False
CUST00515,4,1,3,20729.41,9417.8,25.0,False
CUST00523,4,1,2,11411.96,1297.5,25.0,False
CUST00524,4,1,3,4246.19,1451.04,25.0,False
CUST00574,4,1,3,9535.490000000002,1323.02,25.0,False
CUST00581,4,1,3,7266.8099999999995,1504.82,25.0,False
CUST00594,4,1,3,6618.87,379.58,25.0,False
CUST00618,4,1,3,4298.07,1189.98,25.0,False
CUST00619,4,1,3,11356.35,3304.8,25.0,False
CUST00638,4,1,3,10156.01,406.66,25.0,False
CUST00643,4,1,3,6314.13,1395.45,25.0,False
CUST00655,4,1,3,12267.18,3411.84,25.0,False
CUST00662,4,1,3,6778.63,768.17,25.0,False
CUST00668,4,1,3,3863.84,693.72,25.0,False
CUST00671,4,1,3,18452.75,9000.52,25.0,False
CUST00687,4,1,3,6580.639999999999,444.02,25.0,False
CUST00693,4,1,3,7268.02,2477.6,25.0,False
CUST00700,4,1,3,9571.89,5003.16,25.0,False
CUST00726,4,1,3,4341.2300000000005,405.32,25.0,False
CUST00749,4,1,3,8852.92,1495.96,25.0,False
CUST00766,4,1,3,5944.219999999999,1450.51,25.0,False
CUST00776,4,1,1,5063.719999999999,1944.55,25.0,False
CUST00784,4,1,3,6157.18,1611.11,25.0,False
CUST00796,4,1,3,11337.25,649.81,25.0,False
CUST00797,4,1,3,10162.86,2519.85,25.0,False
CUST00828,4,1,3,4691.34,1577.06,25.0,False
CUST00830,4,1,3,4253.92,956.68,25.0,False
CUST00831,4,1,3,5934.18,596.5,25.0,False
CUST00861,4,1,3,6353.25,1977.03,25.0,False
CUST00893,4,1,3,11243.23,4147.98,25.0,False
CUST00904,4,1,3,5946.58,3500.16,25.0,False
CUST00906,4,1,3,11921.93,6001.25,25.0,False
CUST00915,4,1,2,7192.65,731.93,25.0,False
CUST00918,4,1,2,10833.4,794.26,25.0,False
CUST00928,4,1,2,8255.289999999999,5286.48,25.0,False
CUST00929,4,1,2,9387.76,1208.27,25.0,False
CUST00939,4,1,3,6631.57,902.51,25.0,False
CUST00997,4,1,3,6495.91,1496.1,25.0,False
CUST01023,4,1,3,5752.35,920.56,25.0,False
CUST01031,4,1,3,4701.570000000001,2057.38,25.0,False
CUST01041,4,1,3,12220.45,5453.25,25.0,False
CUST01049,4,1,3,9026.9,3654.82,25.0,False
CUST01051,4,1,3,7261.9,2893.65,25.0,False
CUST01067,4,1,3,12252.55,4452.3,25.0,False
CUST01093,4,1,3,5261.67,805.31,25.0,False
CUST01096,4,1,3,13658.11,6038.4,25.0,False
CUST01114,4,1,3,7641.56,1151.0,25.0,False
CUST01131,4,1,3,9064.46,1801.32,25.0,False
CUST01145,4,1,3,3247.02,925.37,25.0,False
CUST01153,4,1,2,10813.93,6618.21,25.0,False
CUST01168,4,1,3,12718.189999999999,5235.21,25.0,False
CUST01173,4,1,3,6606.7,463.24,25.0,False
CUST01204,4,1,3,8706.94,1359.74,25.0,False
CUST01209,4,1,3,7424.84,690.86,25.0,False
CUST01233,4,1,3,9847.76,1147.56,25.0,False
CUST01269,4,1,3,5248.67,1273.51,25.0,False
CUST01325,4,1,3,3497.72,692.18,25.0,False
CUST01338,4,1,3,12690.439999999999,5936.58,25.0,False
CUST01372,4,1,3,7716.35,2300.46,25.0,False
CUST01380,4,1,3,6922.3099999999995,1062.28,25.0,False
CUST01409,4,1,3,15520.12,3574.95,25.0,False
CUST01427,4,1,3,10766.79,2844.03,25.0,False
CUST01428,4,1,2,10059.619999999999,1021.09,25.0,False
CUST01438,4,1,3,6359.05,1238.27,25.0,False
CUST01446,4,1,3,11643.25,2325.05,25.0,False
CUST01479,4,1,1,14644.11,3246.36,25.0,False
CUST01482,4,1,3,9733.03,880.9,25.0,False
CUST01485,4,1,2,7343.18,864.69,25.0,False
CUST01489,4,1,2,9960.11,2512.5,25.0,False
CUST01502,4,1,3,5708.31,1638.14,25.0,False
CUST01507,4,1,3,9148.77,1766.64,25.0,False
CUST01520,4,1,2,8164.94,2604.87,25.0,False
CUST01535,4,1,3,5159.61,1133.01,25.0,False
CUST01549,4,1,3,18966.0,2007.95,25.0,False
CUST01598,4,1,2,13470.23,3093.15,25.0,False
CUST01602,4,1,3,7542.6,1244.86,25.0,False
CUST01607,4,1,3,14858.890000000001,5450.85,25.0,False
CUST01621,4,1,3,4507.450000000001,743.78,25.0,False
CUST01640,4,1,3,7626.12,623.18,25.0,False
CUST01646,4,1,3,9708.08,1370.34,25.0,False
CUST01648,4,1,3,9921.74,1670.7,25.0,False
CUST01662,4,1,3,7351.73,3504.24,25.0,False
CUST01680,4,1,2,11774.16,6375.4,25.0,False
CUST01683,4,1,2,4293.8,1024.36,25.0,False
CUST01696,4,1,1,4619.150000000001,1307.44,25.0,False
CUST01699,4,1,3,12953.16,1370.02,25.0,False
CUST01707,4,1,2,7180.51,3598.06,25.0,False
CUST01708,4,1,3,7942.41,958.56,25.0,False
CUST01726,4,1,3,10021.72,748.37,25.0,False
CUST01751,4,1,3,7904.65,2821.72,25.0,False
CUST01752,4,1,3,4569.57,1284.08,25.0,False
CUST01763,4,1,3,6712.39,741.56,25.0,False
CUST01770,4,1,3,6241.0,1295.64,25.0,False
CUST01793,4,1,3,6466.2,3284.7,25.0,False
CUST01815,4,1,3,8321.81,3292.3,25.0,False
CUST01819,4,1,3,9765.5,1257.26,25.0,False
CUST01841,4,1,3,4715.29,824.71,25.0,False
CUST01849,4,1,3,6200.65,405.14,25.0,False
CUST01885,4,1,3,7475.93,454.64,25.0,False
CUST01898,4,1,3,5604.47,1124.4,25.0,False
CUST01911,4,1,2,8700.46,5724.16,25.0,False
CUST01922,4,1,3,15688.279999999999,5057.96,25.0,False
CUST01932,4,1,3,10608.03,7336.84,25.0,False
CUST01940,4,1,3,3873.37,1095.02,25.0,False
CUST02046,4,1,3,10381.17,2492.58,25.0,False
CUST02059,4,1,3,8922.98,1094.55,25.0,False
CUST02101,4,1,3,4065.36,1019.04,25.0,False
CUST02104,4,1,3,22422.52,11237.95,25.0,False
CUST02108,4,1,3,4166.6,718.78,25.0,False
CUST02118,4,1,3,16041.86,3790.8,25.0,False
CUST02120,4,1,3,10449.71,2202.0,25.0,False
CUST02148,4,1,2,10500.84,3033.45,25.0,False
CUST02161,4,1,3,13436.04,1055.54,25.0,False
CUST02169,4,1,3,6475.99,2467.08,25.0,False
CUST02184,4,1,3,12676.460000000001,2191.08,25.0,False
CUST02213,4,1,3,7342.08,2582.7,25.0,False
CUST02214,4,1,3,8367.130000000001,2647.84,25.0,False
CUST02267,4,1,3,11040.550000000001,6210.85,25.0,False
CUST02359,4,1,2,3696.64,883.6,25.0,False
CUST02368,4,1,3,9089.66,707.37,25.0,False
CUST02396,4,1,3,8498.43,4341.39,25.0,False
CUST02406,4,1,3,13438.53,1361.31,25.0,False
CUST02448,4,1,3,7459.75,1158.32,25.0,False
CUST02457,4,1,3,9513.380000000001,1376.12,25.0,False
CUST02488,4,1,2,7730.280000000001,4500.36,25.0,False
CUST02493,4,1,2,10749.11,5196.3,25.0,False
CUST02496,4,1,3,9288.8,2476.18,25.0,False
CUST02503,4,1,3,4752.46,1217.53,25.0,False
CUST02512,4,1,2,10300.22,3115.52,25.0,False
CUST02517,4,1,3,7307.09,3678.48,25.0,False
CUST02529,4,1,3,12115.5,4172.92,25.0,False
CUST02535,4,1,3,5570.93,383.18,25.0,False
CUST02536,4,1,3,9834.279999999999,608.65,25.0,False
CUST02544,4,1,3,7325.280000000001,964.6,25.0,False
CUST02552,4,1,3,10121.77,2512.52,25.0,False
CUST02584,4,1,3,7906.900000000001,3806.13,25.0,False
CUST02599,4,1,2,5930.62,1511.46,25.0,False
CUST02617,4,1,3,6481.3099999999995,2036.32,25.0,False
CUST02656,4,1,3,5746.9400000000005,801.83,25.0,False
CUST02658,4,1,3,9355.38,3014.76,25.0,False
CUST02671,4,1,3,16987.64,5739.68,25.0,False
CUST02686,4,1,3,7829.93,5493.52,25.0,False
CUST02705,4,1,3,12573.68,5524.1,25.0,False
CUST02712,4,1,3,9042.8,377.16,25.0,False
CUST02784,4,1,3,7225.8,966.9,25.0,False
CUST02787,4,1,1,9502.05,1461.94,25.0,False
CUST02811,4,1,3,6966.22,3079.38,25.0,False
CUST02830,4,1,3,11659.710000000001,701.82,25.0,False
CUST02836,4,1,3,10188.35,1409.4,25.0,False
CUST02837,4,1,3,8679.03,1301.68,25.0,False
CUST02847,4,1,3,5201.35,1816.45,25.0,False
CUST02848,4,1,1,7279.77,1534.9,25.0,False
CUST02868,4,1,2,7725.37,1366.13,25.0,False
CUST02869,4,1,3,11651.31,4953.95,25.0,False
CUST02876,4,1,3,9858.720000000001,948.68,25.0,False
CUST02882,4,1,3,5410.32,2514.86,25.0,False
CUST02888,4,1,3,7476.48,626.2,25.0,False
CUST02901,4,1,3,12834.869999999999,1327.47,25.0,False
CUST02902,4,1,3,5433.66,1725.04,25.0,False
CUST02914,4,1,3,11349.97,3701.91,25.0,False
CUST02932,4,1,3,2888.71,1171.24,25.0,False
CUST02941,4,1,3,18275.2,4118.96,25.0,False
CUST02946,4,1,2,10049.44,4058.64,25.0,False
CUST02979,4,1,3,8038.43,572.92,25.0,False
CUST02980,4,1,2,10992.54,4088.36,25.0,False
CUST02986,4,1,3,9854.380000000001,2065.92,25.0,False
CUST02989,4,1,3,13765.069999999998,686.89,25.0,False
CUST03026,4,1,3,14740.43,2614.12,25.0,False
CUST03033,4,1,3,7010.75,1271.97,25.0,False
CUST03041,4,1,3,16222.2,2785.86,25.0,False
CUST03044,4,1,3,9385.38,3582.0,25.0,False
CUST03045,4,1,3,8921.11,313.77,25.0,False
CUST03062,4,1,3,6365.3,567.83,25.0,False
CUST03074,4,1,2,6628.25,2055.16,25.0,False
CUST03077,4,1,3,6683.33,2373.9,25.0,False
CUST03103,4,1,3,4987.08,729.18,25.0,False
CUST03146,4,1,3,12031.69,2956.98,25.0,False
CUST03162,4,1,3,10271.4,1767.64,25.0,False
CUST03168,4,1,3,4542.32,1174.35,25.0,False
CUST03173,4,1,2,11321.220000000001,6325.12,25.0,False
CUST03175,4,1,3,10111.06,882.64,25.0,False
CUST03190,4,1,2,10363.47,390.87,25.0,False
CUST03202,4,1,3,12437.28,1028.29,25.0,False
CUST03257,4,1,3,16617.600000000002,2281.11,25.0,False
CUST03287,4,1,3,18271.34,5972.4,25.0,False
CUST03292,4,1,3,4226.6,737.62,25.0,False
CUST03295,4,1,3,8893.28,3205.53,25.0,False
CUST03300,4,1,3,9388.02,3772.83,25.0,False
CUST03312,4,1,3,11298.43,2106.75,25.0,False
CUST03318,4,1,2,13206.2,3267.0,25.0,False
CUST03324,4,1,3,5667.74,2209.92,25.0,False
CUST03327,4,1,2,9074.39,2188.24,25.0,False
CUST03362,4,1,3,3974.8099999999995,656.5,25.0,False
CUST03366,4,1,2,9853.07,2752.38,25.0,False
CUST03370,4,1,2,11247.61,2878.7,25.0,False
CUST03371,4,1,3,7500.09,3709.92,25.0,False
CUST03380,4,1,2,7051.75,1141.32,25.0,False
CUST03399,4,1,3,12405.56,1306.28,25.0,False
CUST03409,4,1,3,6779.82,549.41,25.0,False
CUST03418,4,1,3,3117.45,455.71,25.0,False
CUST03432,4,1,2,7408.360000000001,1639.94,25.0,False
CUST03439,4,1,3,16142.91,6037.08,25.0,False
CUST03447,4,1,3,4378.18,1153.29,25.0,False
CUST03462,4,1,3,8635.01,5189.76,25.0,False
CUST03464,4,1,2,10344.32,2929.5,25.0,False
CUST03527,4,1,3,10148.33,7138.56,25.0,False
CUST03545,4,1,2,9933.470000000001,3282.93,25.0,False
CUST03560,4,1,3,17034.59,1343.91,25.0,False
CUST03561,4,1,3,7909.3099999999995,1373.56,25.0,False
CUST03574,4,1,3,7731.1900000000005,2507.1,25.0,False
CUST03587,4,1,2,13646.51,4609.15,25.0,False
CUST03597,4,1,3,4990.43,2071.66,25.0,False
CUST03637,4,1,3,6717.25,2034.45,25.0,False
CUST03653,4,1,2,11050.380000000001,3463.48,25.0,False
CUST03660,4,1,3,7194.41,2711.88,25.0,False
CUST03706,4,1,3,14756.210000000001,963.04,25.0,False
CUST03709,4,1,3,7270.11,932.46,25.0,False
CUST03716,4,1,3,9623.15,1199.6,25.0,False
CUST03719,4,1,3,8722.39,404.12,25.0,False
CUST03729,4,1,3,10664.06,730.94,25.0,False
CUST03735,4,1,3,3136.21,1059.95,25.0,False
CUST03739,4,1,3,7398.25,1726.02,25.0,False
CUST03762,4,1,3,7455.17,903.63,25.0,False
CUST03767,4,1,3,10733.220000000001,3735.6,25.0,False
CUST03789,4,1,3,12646.99,5997.85,25.0,False
CUST03808,4,1,3,13022.9,4562.25,25.0,False
CUST03815,4,1,2,10407.33,1864.98,25.0,False
CUST03816,4,1,3,6936.45,2180.25,25.0,False
CUST03827,4,1,3,9924.34,1914.26,25.0,False
CUST03865,4,1,3,10638.18,1427.37,25.0,False
CUST03867,4,1,3,6041.79,774.87,25.0,False
CUST03897,4,1,3,4026.41,427.5,25.0,False
CUST03907,4,1,3,2171.67,745.12,25.0,False
CUST03970,4,1,3,14604.13,2008.4,25.0,False
CUST04044,4,1,2,6669.719999999999,1630.29,25.0,False
CUST04045,4,1,3,6183.31,398.07,25.0,False
CUST04066,4,1,3,9543.900000000001,2371.23,25.0,False
CUST04079,4,1,2,6360.63,1614.52,25.0,False
CUST04085,4,1,3,7073.01,1354.23,25.0,False
CUST04101,4,1,3,4218.14,947.19,25.0,False
CUST04149,4,1,3,14906.23,4665.4,25.0,False
CUST04164,4,1,3,9056.68,835.61,25.0,False
CUST04169,4,1,3,11110.939999999999,1002.42,25.0,False
CUST04172,4,1,3,7329.24,3060.75,25.0,False
CUST04177,4,1,3,10905.380000000001,2035.9,25.0,False
CUST04194,4,1,3,10748.550000000001,653.85,25.0,False
CUST04244,4,1,3,9780.960000000001,618.87,25.0,False
CUST04253,4,1,3,7230.71,2557.0,25.0,False
CUST04256,4,1,3,4763.74,1293.39,25.0,False
CUST04257,4,1,2,4043.35,994.68,25.0,False
CUST04260,4,1,2,6238.58,398.62,25.0,False
CUST04265,4,1,3,10892.91,1716.12,25.0,False
CUST04278,4,1,3,7546.2699999999995,2259.16,25.0,False
CUST04286,4,1,3,6749.84,1325.23,25.0,False
CUST04301,4,1,3,9204.95,1457.49,25.0,False
CUST04310,4,1,2,7497.24,2753.43,25.0,False
CUST04325,4,1,3,11440.869999999999,444.97,25.0,False
CUST04331,4,1,3,10270.19,808.5,25.0,False
CUST04384,4,1,3,6042.17,916.52,25.0,False
CUST04393,4,1,3,3717.46,607.46,25.0,False
CUST04402,4,1,2,10951.220000000001,558.03,25.0,False
CUST04410,4,1,3,6658.85,3575.67,25.0,False
CUST04411,4,1,3,8180.51,3204.72,25.0,False
CUST04451,4,1,2,13589.19,7745.8,25.0,False
CUST04470,4,1,3,11610.18,4373.96,25.0,False
CUST04473,4,1,3,11580.56,2803.84,25.0,False
CUST04475,4,1,3,12521.16,1207.66,25.0,False
CUST04484,4,1,2,8398.93,1828.14,25.0,False
CUST04502,4,1,3,6979.55,1310.2,25.0,False
CUST04524,4,1,3,9115.380000000001,4104.81,25.0,False
CUST04536,4,1,3,13107.99,3005.5,25.0,False
CUST04540,4,1,3,5226.89,434.06,25.0,False
CUST04561,4,1,2,7029.84,1201.46,25.0,False
CUST04579,4,1,3,5589.62,349.22,25.0,False
CUST04583,4,1,3,15937.02,4787.0,25.0,False
CUST04588,4,1,2,5607.89,1385.9,25.0,False
CUST04604,4,1,2,9009.369999999999,3717.9,25.0,False
CUST04633,4,1,3,9658.06,4009.2,25.0,False
CUST04644,4,1,3,8712.289999999999,1176.09,25.0,False
CUST04655,4,1,3,10464.01,6740.84,25.0,False
CUST04663,4,1,3,6349.58,3414.36,25.0,False
CUST04670,4,1,3,11957.380000000001,4024.72,25.0,False
CUST04689,4,1,3,15222.05,3747.27,25.0,False
CUST04697,4,1,2,17870.21,2229.58,25.0,False
CUST04705,4,1,3,6666.47,821.41,25.0,False
CUST04719,4,1,3,9179.19,2823.46,25.0,False
CUST04723,4,1,3,7937.25,985.08,25.0,False
CUST04776,4,1,3,9476.19,1274.89,25.0,False
CUST04789,4,1,3,9209.19,1530.5,25.0,False
CUST04828,4,1,3,11938.9,5040.45,25.0,False
CUST04836,4,1,2,10987.640000000001,3989.48,25.0,False
CUST04839,4,1,3,10115.32,4611.21,25.0,False
CUST04853,4,1,3,4895.19,1238.78,25.0,False
CUST04874,4,1,3,8675.560000000001,1509.54,25.0,False
CUST04904,4,1,3,6713.06,3785.01,25.0,False
CUST04918,4,1,2,4149.63,438.81,25.0,False
CUST04924,4,1,3,7087.38,3706.86,25.0,False
CUST04930,4,1,2,7746.6,6014.72,25.0,False
CUST04943,4,1,3,9595.6,2066.86,25.0,False
CUST04946,4,1,3,10615.65,4160.96,25.0,False
CUST04950,4,1,2,5868.55,3081.9,25.0,False
CUST04962,4,1,3,8703.32,1905.93,25.0,False
CUST04976,4,1,3,4347.45,819.6,25.0,False
CUST04983,4,1,3,11550.3,1235.32,25.0,False
CUST00899,9,2,6,25869.74,9886.68,22.22222222222222,False
CUST00941,9,2,7,22884.69,7864.29,22.22222222222222,False
CUST01159,9,2,7,18683.2,5489.879999999999,22.22222222222222,False
CUST01213,9,2,7,18765.01,1058.06,22.22222222222222,False
CUST01494,9,2,7,21559.84,4905.18,22.22222222222222,False
CUST01612,9,2,7,32101.239999999998,9066.99,22.22222222222222,False
CUST01720,9,2,7,17182.45,2303.84,22.22222222222222,False
CUST01731,9,2,6,16253.62,1873.2,22.22222222222222,False
CUST01884,9,2,7,20264.04,2324.87,22.22222222222222,False
CUST01988,9,2,7,23781.1,4201.84,22.22222222222222,False
CUST02070,9,2,7,17618.5,3245.24,22.22222222222222,False
CUST02565,9,2,7,12726.380000000001,3040.3,22.22222222222222,False
CUST02788,9,2,7,15609.18,1310.0,22.22222222222222,False
CUST03348,9,2,7,19216.3,1158.66,22.22222222222222,False
CUST03584,9,2,7,13364.47,1229.17,22.22222222222222,False
CUST03798,9,2,7,13160.23,1671.75,22.22222222222222,False
CUST03962,9,2,7,20577.8,4515.45,22.22222222222222,False
CUST03982,9,2,7,19308.43,6522.4800000000005,22.22222222222222,False
CUST04511,9,2,5,21038.86,2118.28,22.22222222222222,False
CUST04767,9,2,7,18891.86,2221.13,22.22222222222222,False
CUST04971,9,2,7,27896.1,7351.76,22.22222222222222,False
CUST04988,9,2,6,17714.52,4004.88,22.22222222222222,False
CUST00650,10,2,8,14394.779999999999,2226.1,20.0,False
CUST01653,10,2,8,18972.68,2516.0,20.0,False
CUST01918,10,2,8,22062.309999999998,2498.16,20.0,False
CUST02560,10,2,8,21797.02,1191.69,20.0,False
CUST03364,10,2,7,22883.75,3535.07,20.0,False
CUST03385,10,2,8,30855.56,4685.09,20.0,False
CUST03630,10,2,6,20836.04,3998.47,20.0,False
CUST04438,10,2,6,27230.03,4921.01,20.0,False
CUST04545,10,2,8,15458.58,4590.6,20.0,False
CUST00073,5,1,4,10280.960000000001,2275.4,20.0,False
CUST00078,5,1,4,7359.15,1067.55,20.0,False
CUST00085,5,1,4,13307.17,1882.88,20.0,False
CUST00111,5,1,4,7258.280000000001,2944.86,20.0,False
CUST00147,5,1,4,11650.11,564.04,20.0,False
CUST00174,5,1,4,8699.51,840.05,20.0,False
CUST00183,5,1,4,11508.34,3812.43,20.0,False
CUST00184,5,1,4,5820.79,2105.32,20.0,False
CUST00189,5,1,2,13345.15,1830.48,20.0,False
CUST00222,5,1,4,16437.85,4366.82,20.0,False
CUST00245,5,1,4,15268.06,1302.2,20.0,False
CUST00292,5,1,4,10655.09,1129.23,20.0,False
CUST00294,5,1,3,14125.82,2094.92,20.0,False
CUST00305,5,1,4,11223.82,5272.29,20.0,False
CUST00320,5,1,4,7721.41,1253.97,20.0,False
CUST00364,5,1,4,10819.86,5852.28,20.0,False
CUST00387,5,1,4,7659.32,743.45,20.0,False
CUST00422,5,1,4,7791.25,1520.91,20.0,False
CUST00470,5,1,4,13107.73,1351.22,20.0,False
CUST00479,5,1,4,8055.7,3641.16,20.0,False
CUST00491,5,1,4,10916.26,1524.43,20.0,False
CUST00495,5,1,3,11845.93,2310.41,20.0,False
CUST00525,5,1,4,13412.09,2978.34,20.0,False
CUST00569,5,1,4,14755.18,1936.65,20.0,False
CUST00599,5,1,4,13353.69,910.6,20.0,False
CUST00620,5,1,4,16101.35,5644.53,20.0,False
CUST00621,5,1,4,12067.43,2283.62,20.0,False
CUST00634,5,1,4,10142.34,3219.57,20.0,False
CUST00640,5,1,4,15385.14,788.74,20.0,False
CUST00659,5,1,4,11586.720000000001,957.71,20.0,False
CUST00679,5,1,4,7035.22,1037.95,20.0,False
CUST00698,5,1,4,15276.77,902.87,20.0,False
CUST00709,5,1,4,7586.78,911.84,20.0,False
CUST00734,5,1,4,11336.75,419.51,20.0,False
CUST00767,5,1,4,8220.07,3254.62,20.0,False
CUST00795,5,1,4,13009.8,2433.06,20.0,False
CUST00816,5,1,4,12707.46,1745.82,20.0,False
CUST00823,5,1,4,20142.64,1146.84,20.0,False
CUST00844,5,1,4,7496.43,859.82,20.0,False
CUST00856,5,1,4,8341.869999999999,808.76,20.0,False
CUST00872,5,1,4,9628.11,1856.34,20.0,False
CUST00896,5,1,4,10236.98,735.68,20.0,False
CUST00900,5,1,4,6771.39,2498.42,20.0,False
CUST00955,5,1,4,8639.91,2889.15,20.0,False
CUST00959,5,1,3,8756.82,4334.94,20.0,False
CUST00967,5,1,3,22459.43,7830.0,20.0,False
CUST00992,5,1,4,12352.8,741.64,20.0,False
CUST00999,5,1,4,8390.41,1535.1,20.0,False
CUST01000,5,1,3,7812.38,1132.83,20.0,False
CUST01004,5,1,4,11568.869999999999,936.92,20.0,False
CUST01022,5,1,3,9525.02,825.23,20.0,False
CUST01024,5,1,4,9581.12,3181.54,20.0,False
CUST01035,5,1,4,6030.42,1532.01,20.0,False
CUST01050,5,1,4,9344.16,443.68,20.0,False
CUST01064,5,1,4,11709.17,3710.34,20.0,False
CUST01065,5,1,3,10321.619999999999,1069.65,20.0,False
CUST01071,5,1,3,9960.599999999999,4128.9,20.0,False
CUST01085,5,1,4,12995.890000000001,1599.08,20.0,False
CUST01100,5,1,3,14117.380000000001,1104.38,20.0,False
CUST01105,5,1,4,10204.59,1185.75,20.0,False
CUST01113,5,1,3,12343.61,3271.29,20.0,False
CUST01123,5,1,4,5299.15,1654.58,20.0,False
CUST01150,5,1,4,6930.28,1563.09,20.0,False
CUST01157,5,1,3,10183.39,1127.5,20.0,False
CUST01160,5,1,3,10357.85,863.26,20.0,False
CUST01191,5,1,3,10113.35,652.5,20.0,False
CUST01195,5,1,4,18301.7,2210.88,20.0,False
CUST01228,5,1,4,11361.02,1316.86,20.0,False
CUST01255,5,1,4,12751.57,1139.3,20.0,False
CUST01265,5,1,4,16692.72,2018.82,20.0,False
CUST01285,5,1,3,9103.52,1690.02,20.0,False
CUST01297,5,1,4,9314.279999999999,1198.5,20.0,False
CUST01319,5,1,4,5801.0,1723.04,20.0,False
CUST01352,5,1,3,17019.37,1161.47,20.0,False
CUST01363,5,1,4,16887.54,2552.78,20.0,False
CUST01364,5,1,4,11200.63,2179.66,20.0,False
CUST01386,5,1,4,8668.65,1516.57,20.0,False
CUST01387,5,1,3,9621.61,1105.18,20.0,False
CUST01390,5,1,4,8077.55,1031.78,20.0,False
CUST01395,5,1,4,6766.32,371.85,20.0,False
CUST01396,5,1,4,12409.300000000001,2301.96,20.0,False
CUST01400,5,1,4,10462.34,1198.46,20.0,False
CUST01410,5,1,4,18787.03,4530.36,20.0,False
CUST01411,5,1,4,15915.82,796.36,20.0,False
CUST01412,5,1,4,5753.68,1297.55,20.0,False
CUST01417,5,1,4,9622.54,1084.58,20.0,False
CUST01434,5,1,4,10707.369999999999,3935.95,20.0,False
CUST01451,5,1,4,12877.130000000001,3217.5,20.0,False
CUST01457,5,1,4,9085.39,2787.57,20.0,False
CUST01477,5,1,4,13139.83,4053.95,20.0,False
CUST01481,5,1,3,12386.029999999999,764.56,20.0,False
CUST01495,5,1,4,8367.84,4436.64,20.0,False
CUST01533,5,1,4,13850.060000000001,1010.37,20.0,False
CUST01544,5,1,4,9543.84,722.9,20.0,False
CUST01601,5,1,4,7914.92,1070.08,20.0,False
CUST01654,5,1,4,11362.21,6559.08,20.0,False
CUST01686,5,1,4,8509.89,1868.64,20.0,False
CUST01688,5,1,3,6393.55,958.76,20.0,False
CUST01689,5,1,2,14486.279999999999,2438.56,20.0,False
CUST01728,5,1,4,8764.01,819.1,20.0,False
CUST01735,5,1,4,13884.48,1453.93,20.0,False
CUST01741,5,1,3,16375.1,3294.32,20.0,False
CUST01771,5,1,4,17019.4,1866.02,20.0,False
CUST01789,5,1,4,9753.39,1239.04,20.0,False
CUST01804,5,1,3,12977.82,5074.65,20.0,False
CUST01828,5,1,4,12172.23,1158.97,20.0,False
CUST01842,5,1,4,10684.76,1490.27,20.0,False
CUST01862,5,1,3,11341.95,2349.8,20.0,False
CUST01877,5,1,3,6397.83,445.35,20.0,False
CUST01895,5,1,3,9861.13,449.81,20.0,False
CUST01903,5,1,4,15462.09,4232.15,20.0,False
CUST01928,5,1,4,9450.880000000001,3169.26,20.0,False
CUST01971,5,1,4,16086.36,1553.17,20.0,False
CUST01983,5,1,4,6071.469999999999,1381.62,20.0,False
CUST02007,5,1,4,16681.17,6305.12,20.0,False
CUST02043,5,1,4,8905.810000000001,1420.22,20.0,False
CUST02055,5,1,4,8470.88,439.47,20.0,False
CUST02067,5,1,4,8278.5,3492.88,20.0,False
CUST02068,5,1,4,12079.220000000001,746.18,20.0,False
CUST02092,5,1,4,12518.27,4305.0,20.0,False
CUST02096,5,1,3,5396.51,646.58,20.0,False
CUST02121,5,1,4,10029.03,1009.0,20.0,False
CUST02178,5,1,4,6972.47,2426.48,20.0,False
CUST02198,5,1,4,15755.08,3774.48,20.0,False
CUST02202,5,1,3,9703.099999999999,3052.41,20.0,False
CUST02203,5,1,4,7187.58,1112.46,20.0,False
CUST02219,5,1,4,6277.400000000001,997.3,20.0,False
CUST02232,5,1,3,11176.36,3550.94,20.0,False
CUST02254,5,1,4,10176.789999999999,4892.88,20.0,False
CUST02259,5,1,4,7991.63,1670.94,20.0,False
CUST02318,5,1,4,9100.77,2585.85,20.0,False
CUST02329,5,1,3,15150.06,4731.96,20.0,False
CUST02330,5,1,4,23204.89,5176.44,20.0,False
CUST02341,5,1,4,7860.91,1213.97,20.0,False
CUST02344,5,1,4,15887.47,2975.08,20.0,False
CUST02364,5,1,4,14696.99,2425.84,20.0,False
CUST02394,5,1,4,11897.150000000001,2390.56,20.0,False
CUST02397,5,1,4,11318.789999999999,707.0,20.0,False
CUST02398,5,1,4,10751.869999999999,2364.08,20.0,False
CUST02400,5,1,4,11577.51,1245.7,20.0,False
CUST02475,5,1,4,15975.09,4406.48,20.0,False
CUST02510,5,1,3,6317.36,2012.21,20.0,False
CUST02526,5,1,4,10540.3,3553.35,20.0,False
CUST02538,5,1,4,8289.18,2264.48,20.0,False
CUST02547,5,1,4,8919.68,380.4,20.0,False
CUST02570,5,1,3,6927.33,1916.74,20.0,False
CUST02624,5,1,4,7788.0,3454.14,20.0,False
CUST02627,5,1,4,7984.83,628.58,20.0,False
CUST02637,5,1,3,6941.92,2975.46,20.0,False
CUST02644,5,1,3,8610.65,436.8,20.0,False
CUST02666,5,1,4,14459.74,6341.48,20.0,False
CUST02668,5,1,4,5022.51,984.5,20.0,False
CUST02680,5,1,4,11443.5,3182.46,20.0,False
CUST02692,5,1,4,11813.4,1207.08,20.0,False
CUST02785,5,1,4,11175.14,915.08,20.0,False
CUST02797,5,1,4,17477.2,1080.66,20.0,False
CUST02818,5,1,2,11168.45,6438.88,20.0,False
CUST02821,5,1,4,8013.5599999999995,1175.28,20.0,False
CUST02856,5,1,4,13870.78,1100.25,20.0,False
CUST02858,5,1,4,17431.17,680.01,20.0,False
CUST02859,5,1,4,10390.48,502.2,20.0,False
CUST02863,5,1,4,8190.82,1780.74,20.0,False
CUST02864,5,1,3,9848.869999999999,3632.72,20.0,False
CUST02915,5,1,4,6425.54,2783.88,20.0,False
CUST02938,5,1,4,13047.25,2325.06,20.0,False
CUST02947,5,1,4,9143.74,5600.56,20.0,False
CUST02948,5,1,4,15599.34,2698.08,20.0,False
CUST02958,5,1,4,11137.18,5420.7,20.0,False
CUST02974,5,1,4,12488.2,423.59,20.0,False
CUST02988,5,1,4,17222.44,4904.46,20.0,False
CUST03012,5,1,4,12224.91,1182.7,20.0,False
CUST03016,5,1,3,6034.719999999999,2029.6,20.0,False
CUST03020,5,1,4,8660.23,1259.15,20.0,False
CUST03025,5,1,4,21901.58,1649.11,20.0,False
CUST03058,5,1,4,11654.39,1763.31,20.0,False
CUST03065,5,1,4,10832.82,2474.94,20.0,False
CUST03076,5,1,4,5037.9800000000005,1457.23,20.0,False
CUST03111,5,1,4,6365.62,835.98,20.0,False
CUST03113,5,1,4,18376.5,818.44,20.0,False
CUST03140,5,1,4,9420.91,672.76,20.0,False
CUST03154,5,1,4,5587.88,1926.78,20.0,False
CUST03157,5,1,3,6337.32,813.47,20.0,False
CUST03176,5,1,4,13955.810000000001,3028.04,20.0,False
CUST03179,5,1,3,7564.37,1483.46,20.0,False
CUST03184,5,1,3,12605.45,1405.2,20.0,False
CUST03223,5,1,3,10008.95,595.85,20.0,False
CUST03262,5,1,4,7846.8,799.24,20.0,False
CUST03288,5,1,4,12399.96,4968.48,20.0,False
CUST03331,5,1,3,8462.23,2134.98,20.0,False
CUST03343,5,1,4,7944.900000000001,1134.12,20.0,False
CUST03354,5,1,4,6663.02,1596.18,20.0,False
CUST03407,5,1,4,6895.49,877.56,20.0,False
CUST03420,5,1,4,10322.96,1431.48,20.0,False
CUST03442,5,1,4,9091.82,849.02,20.0,False
CUST03450,5,1,4,12087.84,5210.25,20.0,False
CUST03490,5,1,4,11522.789999999999,1059.53,20.0,False
CUST03502,5,1,4,8223.91,2299.09,20.0,False
CUST03515,5,1,4,11091.14,1188.75,20.0,False
CUST03517,5,1,4,5048.83,572.85,20.0,False
CUST03540,5,1,4,10259.11,4265.37,20.0,False
CUST03542,5,1,4,10722.72,4854.66,20.0,False
CUST03576,5,1,4,6027.629999999999,624.15,20.0,False
CUST03612,5,1,4,8482.15,1921.29,20.0,False
CUST03622,5,1,4,6697.87,1649.0,20.0,False
CUST03688,5,1,4,13444.35,430.61,20.0,False
CUST03708,5,1,3,7595.44,384.65,20.0,False
CUST03721,5,1,2,17771.46,5546.22,20.0,False
CUST03778,5,1,4,15408.25,918.43,20.0,False
CUST03788,5,1,4,17586.440000000002,6699.85,20.0,False
CUST03821,5,1,4,14053.72,3395.13,20.0,False
CUST03839,5,1,3,9184.78,1311.91,20.0,False
CUST03860,5,1,4,8152.45,387.44,20.0,False
CUST03862,5,1,4,10227.7,1615.66,20.0,False
CUST03878,5,1,4,10854.63,482.56,20.0,False
CUST03881,5,1,4,11488.51,1431.56,20.0,False
CUST03895,5,1,4,7598.179999999999,996.06,20.0,False
CUST03940,5,1,4,12685.95,1802.08,20.0,False
CUST03953,5,1,3,7302.62,1996.64,20.0,False
CUST04012,5,1,4,11553.29,909.92,20.0,False
CUST04017,5,1,3,15239.73,2516.88,20.0,False
CUST04031,5,1,4,25585.6,8261.56,20.0,False
CUST04039,5,1,3,21127.440000000002,4576.23,20.0,False
CUST04046,5,1,4,7491.58,1440.66,20.0,False
CUST04064,5,1,4,12877.93,1209.38,20.0,False
CUST04139,5,1,4,7019.39,979.38,20.0,False
CUST04141,5,1,4,9155.74,3118.06,20.0,False
CUST04158,5,1,4,16109.689999999999,3252.81,20.0,False
CUST04171,5,1,4,12819.759999999998,998.53,20.0,False
CUST04216,5,1,4,15782.76,3812.92,20.0,False
CUST04264,5,1,4,7626.34,2155.42,20.0,False
CUST04270,5,1,4,17212.39,864.42,20.0,False
CUST04291,5,1,4,14915.649999999998,3692.92,20.0,False
CUST04337,5,1,4,10528.19,1266.93,20.0,False
CUST04360,5,1,3,8581.0,1020.66,20.0,False
CUST04376,5,1,4,8549.66,1707.94,20.0,False
CUST04377,5,1,4,12220.89,3971.72,20.0,False
CUST04380,5,1,4,9215.41,2548.16,20.0,False
CUST04390,5,1,4,11107.5,504.83,20.0,False
CUST04398,5,1,4,7489.86,926.75,20.0,False
CUST04415,5,1,4,15698.449999999999,2039.56,20.0,False
CUST04439,5,1,4,11389.21,1382.91,20.0,False
CUST04448,5,1,4,7025.85,1582.88,20.0,False
CUST04468,5,1,4,14285.64,3924.12,20.0,False
CUST04479,5,1,3,6671.7,2221.08,20.0,False
CUST04526,5,1,3,9132.33,1175.25,20.0,False
CUST04528,5,1,3,15150.800000000001,2862.21,20.0,False
CUST04600,5,1,4,10771.66,1242.18,20.0,False
CUST04605,5,1,4,6641.679999999999,3481.24,20.0,False
CUST04621,5,1,4,8607.9,5142.4,20.0,False
CUST04635,5,1,4,12972.38,1026.33,20.0,False
CUST04666,5,1,4,17422.15,6397.9,20.0,False
CUST04687,5,1,4,6481.04,1669.04,20.0,False
CUST04692,5,1,4,9744.43,880.14,20.0,False
CUST04740,5,1,4,9070.02,840.21,20.0,False
CUST04749,5,1,4,12348.89,2744.97,20.0,False
CUST04753,5,1,4,7173.54,1389.45,20.0,False
CUST04758,5,1,4,12763.5,3531.88,20.0,False
CUST04772,5,1,4,7160.65,1082.88,20.0,False
CUST04801,5,1,4,16649.84,4350.81,20.0,False
CUST04805,5,1,4,8986.21,4433.7,20.0,False
CUST04814,5,1,4,7670.14,2297.01,20.0,False
CUST04817,5,1,4,10697.72,439.35,20.0,False
CUST04819,5,1,4,9851.75,1293.92,20.0,False
CUST04824,5,1,4,10275.99,1752.62,20.0,False
CUST04833,5,1,4,7551.71,2725.84,20.0,False
CUST04843,5,1,4,5714.53,1522.23,20.0,False
CUST04846,5,1,4,3745.75,377.21,20.0,False
CUST04872,5,1,4,9613.46,1875.84,20.0,False
CUST04880,5,1,4,10461.26,1442.88,20.0,False
CUST04881,5,1,3,20559.29,917.76,20.0,False
CUST04884,5,1,4,16125.689999999999,1302.32,20.0,False
CUST04895,5,1,3,9530.09,3080.12,20.0,False
CUST04906,5,1,4,12771.92,613.64,20.0,False
CUST04909,5,1,4,5136.43,1225.32,20.0,False
CUST04915,5,1,3,10263.89,471.33,20.0,False
CUST04942,5,1,4,5377.97,552.32,20.0,False
CUST04958,5,1,3,11651.49,1838.02,20.0,False
CUST00821,11,2,9,30506.26,3001.2000000000003,18.181818181818183,False
CUST01609,11,2,9,22764.4,3418.47,18.181818181818183,False
CUST01672,11,2,8,21893.9,3723.2200000000003,18.181818181818183,False
CUST00001,6,1,5,15583.970000000001,2742.36,16.666666666666664,False
CUST00007,6,1,4,10456.35,4980.1,16.666666666666664,False
CUST00023,6,1,5,12923.63,2550.6,16.666666666666664,False
CUST00024,6,1,5,17058.760000000002,1555.13,16.666666666666664,False
CUST00029,6,1,4,11171.640000000001,460.58,16.666666666666664,False
CUST00067,6,1,5,14695.69,2515.96,16.666666666666664,False
CUST00076,6,1,5,11850.42,708.32,16.666666666666664,False
CUST00083,6,1,5,22818.32,311.37,16.666666666666664,False
CUST00091,6,1,5,8273.6,1049.53,16.666666666666664,False
CUST00106,6,1,5,14138.28,1254.35,16.666666666666664,False
CUST00123,6,1,4,17947.83,410.32,16.666666666666664,False
CUST00193,6,1,5,11315.22,787.56,16.666666666666664,False
CUST00202,6,1,5,9542.31,820.26,16.666666666666664,False
CUST00234,6,1,5,11348.49,819.82,16.666666666666664,False
CUST00242,6,1,4,15832.95,386.1,16.666666666666664,False
CUST00265,6,1,5,22428.03,1204.92,16.666666666666664,False
CUST00267,6,1,5,8718.76,1264.58,16.666666666666664,False
CUST00284,6,1,3,16305.78,1508.48,16.666666666666664,False
CUST00317,6,1,5,10246.619999999999,2978.2,16.666666666666664,False
CUST00323,6,1,5,8941.22,1411.99,16.666666666666664,False
CUST00341,6,1,5,18453.06,1247.03,16.666666666666664,False
CUST00348,6,1,5,9583.4,835.16,16.666666666666664,False
CUST00415,6,1,5,16622.989999999998,1823.37,16.666666666666664,False
CUST00428,6,1,5,11163.75,900.17,16.666666666666664,False
CUST00449,6,1,5,11449.18,930.91,16.666666666666664,False
CUST00481,6,1,5,13729.0,1249.23,16.666666666666664,False
CUST00490,6,1,5,10019.84,2531.36,16.666666666666664,False
CUST00517,6,1,5,10022.35,2308.64,16.666666666666664,False
CUST00536,6,1,5,10347.32,1368.6,16.666666666666664,False
CUST00545,6,1,4,21750.73,5011.5,16.666666666666664,False
CUST00555,6,1,4,16187.94,3873.87,16.666666666666664,False
CUST00562,6,1,5,12488.08,2585.06,16.666666666666664,False
CUST00587,6,1,4,6999.28,600.19,16.666666666666664,False
CUST00651,6,1,3,18516.77,746.08,16.666666666666664,False
CUST00680,6,1,5,10908.91,365.31,16.666666666666664,False
CUST00757,6,1,5,19070.84,3332.64,16.666666666666664,False
CUST00758,6,1,4,9732.82,2068.4,16.666666666666664,False
CUST00761,6,1,4,22588.21,422.97,16.666666666666664,False
CUST00790,6,1,2,13612.72,658.99,16.666666666666664,False
CUST00791,6,1,5,12496.65,1705.64,16.666666666666664,False
CUST00809,6,1,5,12040.41,858.74,16.666666666666664,False
CUST00836,6,1,5,8579.31,1870.08,16.666666666666664,False
CUST00850,6,1,5,16101.66,434.04,16.666666666666664,False
CUST00886,6,1,5,16067.02,1392.21,16.666666666666664,False
CUST00927,6,1,5,13565.01,439.86,16.666666666666664,False
CUST00958,6,1,4,17229.7,2657.72,16.666666666666664,False
CUST01013,6,1,5,16416.79,3551.4,16.666666666666664,False
CUST01027,6,1,5,13996.619999999999,813.99,16.666666666666664,False
CUST01046,6,1,5,14360.21,1144.48,16.666666666666664,False
CUST01074,6,1,5,7119.32,1296.79,16.666666666666664,False
CUST01079,6,1,5,11394.710000000001,1346.34,16.666666666666664,False
CUST01110,6,1,5,14145.6,1494.38,16.666666666666664,False
CUST01118,6,1,5,20848.78,2266.92,16.666666666666664,False
CUST01165,6,1,3,10770.029999999999,4870.36,16.666666666666664,False
CUST01174,6,1,5,12818.85,3826.06,16.666666666666664,False
CUST01186,6,1,5,16922.84,1052.7,16.666666666666664,False
CUST01207,6,1,5,13845.060000000001,2418.42,16.666666666666664,False
CUST01237,6,1,5,14580.86,2879.64,16.666666666666664,False
CUST01242,6,1,5,9915.1,2225.04,16.666666666666664,False
CUST01259,6,1,4,11905.84,665.16,16.666666666666664,False
CUST01276,6,1,4,11646.63,1770.3,16.666666666666664,False
CUST01283,6,1,5,20149.02,5050.95,16.666666666666664,False
CUST01321,6,1,5,10923.880000000001,3483.9,16.666666666666664,False
CUST01324,6,1,5,19214.6,1419.76,16.666666666666664,False
CUST01340,6,1,5,11557.55,2543.25,16.666666666666664,False
CUST01350,6,1,5,14742.21,5168.96,16.666666666666664,False
CUST01358,6,1,5,9209.91,3900.15,16.666666666666664,False
CUST01360,6,1,4,13655.24,1436.13,16.666666666666664,False
CUST01464,6,1,4,17100.21,1285.98,16.666666666666664,False
CUST01493,6,1,5,12540.51,1374.66,16.666666666666664,False
CUST01512,6,1,5,11458.11,833.9,16.666666666666664,False
CUST01513,6,1,3,31406.07,6001.64,16.666666666666664,False
CUST01532,6,1,5,11573.710000000001,585.58,16.666666666666664,False
CUST01564,6,1,5,15539.52,4504.83,16.666666666666664,False
CUST01590,6,1,4,14202.73,448.84,16.666666666666664,False
CUST01616,6,1,4,11993.6,1174.32,16.666666666666664,False
CUST01618,6,1,5,9400.32,1325.72,16.666666666666664,False
CUST01649,6,1,5,23357.06,1496.23,16.666666666666664,False
CUST01650,6,1,5,14214.43,3170.7,16.666666666666664,False
CUST01663,6,1,5,15929.02,2267.46,16.666666666666664,False
CUST01664,6,1,4,22767.42,1559.56,16.666666666666664,False
CUST01677,6,1,5,11460.369999999999,3451.35,16.666666666666664,False
CUST01711,6,1,5,11978.2,1818.47,16.666666666666664,False
CUST01727,6,1,5,10102.75,1907.22,16.666666666666664,False
CUST01772,6,1,5,25057.370000000003,5229.3,16.666666666666664,False
CUST01812,6,1,4,14788.939999999999,7104.04,16.666666666666664,False
CUST01851,6,1,5,8916.86,4171.64,16.666666666666664,False
CUST01864,6,1,5,18454.91,2219.14,16.666666666666664,False
CUST01866,6,1,4,10378.89,1824.12,16.666666666666664,False
CUST01893,6,1,4,8567.98,940.79,16.666666666666664,False
CUST01896,6,1,5,10909.48,1714.59,16.666666666666664,False
CUST01964,6,1,5,15147.67,742.8,16.666666666666664,False
CUST01977,6,1,5,13667.42,4736.25,16.666666666666664,False
CUST02037,6,1,5,7901.639999999999,840.92,16.666666666666664,False
CUST02081,6,1,4,8761.96,3736.08,16.666666666666664,False
CUST02087,6,1,5,9980.42,742.02,16.666666666666664,False
CUST02091,6,1,5,13959.11,895.1,16.666666666666664,False
CUST02117,6,1,5,17003.38,1284.51,16.666666666666664,False
CUST02123,6,1,5,9431.41,3027.63,16.666666666666664,False
CUST02186,6,1,5,13364.71,1496.21,16.666666666666664,False
CUST02228,6,1,5,18809.45,3555.12,16.666666666666664,False
CUST02251,6,1,4,19176.79,3414.57,16.666666666666664,False
CUST02260,6,1,4,10503.27,956.03,16.666666666666664,False
CUST02276,6,1,5,9624.39,1009.61,16.666666666666664,False
CUST02289,6,1,5,9883.46,2583.15,16.666666666666664,False
CUST02307,6,1,5,10375.27,694.42,16.666666666666664,False
CUST02316,6,1,5,17783.26,3097.62,16.666666666666664,False
CUST02346,6,1,3,15762.55,1027.65,16.666666666666664,False
CUST02355,6,1,4,12379.560000000001,5299.2,16.666666666666664,False
CUST02370,6,1,5,16283.42,3566.08,16.666666666666664,False
CUST02407,6,1,5,15048.14,1931.64,16.666666666666664,False
CUST02410,6,1,5,9267.48,1258.88,16.666666666666664,False
CUST02441,6,1,5,14705.28,3829.7,16.666666666666664,False
CUST02446,6,1,3,8971.41,404.39,16.666666666666664,False
CUST02485,6,1,5,9981.41,2000.68,16.666666666666664,False
CUST02495,6,1,5,6434.78,407.09,16.666666666666664,False
CUST02541,6,1,5,9995.74,647.03,16.666666666666664,False
CUST02549,6,1,3,14137.11,2224.62,16.666666666666664,False
CUST02564,6,1,5,15496.99,1626.69,16.666666666666664,False
CUST02579,6,1,4,20180.350000000002,7557.8,16.666666666666664,False
CUST02598,6,1,5,12366.97,1004.72,16.666666666666664,False
CUST02608,6,1,5,10335.380000000001,977.23,16.666666666666664,False
CUST02621,6,1,5,12740.96,1176.96,16.666666666666664,False
CUST02623,6,1,5,14512.539999999999,1175.83,16.666666666666664,False
CUST02634,6,1,5,12101.84,1747.84,16.666666666666664,False
CUST02734,6,1,5,9820.28,2090.0,16.666666666666664,False
CUST02740,6,1,4,11130.800000000001,1552.84,16.666666666666664,False
CUST02758,6,1,4,9056.07,370.66,16.666666666666664,False
CUST02763,6,1,5,11694.21,5942.25,16.666666666666664,False
CUST02765,6,1,5,13185.21,1446.42,16.666666666666664,False
CUST02817,6,1,5,9662.59,2489.2,16.666666666666664,False
CUST02822,6,1,5,7168.389999999999,1790.24,16.666666666666664,False
CUST02826,6,1,4,16371.49,1203.1,16.666666666666664,False
CUST02849,6,1,5,6649.2,364.3,16.666666666666664,False
CUST02852,6,1,4,10604.16,2055.36,16.666666666666664,False
CUST02911,6,1,4,12879.94,1245.02,16.666666666666664,False
CUST02931,6,1,5,16785.62,5296.84,16.666666666666664,False
CUST03036,6,1,5,7962.95,762.05,16.666666666666664,False
CUST03052,6,1,5,10348.51,547.37,16.666666666666664,False
CUST03068,6,1,5,12117.44,1433.82,16.666666666666664,False
CUST03085,6,1,5,14888.279999999999,4490.12,16.666666666666664,False
CUST03087,6,1,4,14567.78,4604.75,16.666666666666664,False
CUST03089,6,1,5,13062.23,3797.43,16.666666666666664,False
CUST03100,6,1,5,13527.46,1434.34,16.666666666666664,False
CUST03143,6,1,5,7853.370000000001,985.27,16.666666666666664,False
CUST03169,6,1,5,10095.050000000001,475.08,16.666666666666664,False
CUST03191,6,1,4,14550.97,583.99,16.666666666666664,False
CUST03205,6,1,4,19067.54,1775.31,16.666666666666664,False
CUST03219,6,1,4,22818.16,3331.32,16.666666666666664,False
CUST03225,6,1,5,12872.17,1487.34,16.666666666666664,False
CUST03263,6,1,4,13995.710000000001,5989.04,16.666666666666664,False
CUST03280,6,1,5,22461.69,5233.08,16.666666666666664,False
CUST03285,6,1,5,8102.64,1341.59,16.666666666666664,False
CUST03294,6,1,5,14508.67,3105.63,16.666666666666664,False
CUST03298,6,1,5,9605.65,2177.86,16.666666666666664,False
CUST03334,6,1,5,10304.369999999999,370.25,16.666666666666664,False
CUST03340,6,1,3,16147.45,8923.75,16.666666666666664,False
CUST03341,6,1,5,8137.66,317.33,16.666666666666664,False
CUST03376,6,1,5,7782.43,1135.78,16.666666666666664,False
CUST03387,6,1,5,11024.79,380.36,16.666666666666664,False
CUST03395,6,1,5,11202.23,1625.51,16.666666666666664,False
CUST03414,6,1,5,12289.369999999999,1049.67,16.666666666666664,False
CUST03422,6,1,5,13038.3,1728.36,16.666666666666664,False
CUST03454,6,1,5,11583.99,722.38,16.666666666666664,False
CUST03473,6,1,4,16742.43,2246.19,16.666666666666664,False
CUST03484,6,1,5,17331.08,9217.5,16.666666666666664,False
CUST03489,6,1,5,13976.81,1917.78,16.666666666666664,False
CUST03495,6,1,4,17439.5,2384.97,16.666666666666664,False
CUST03528,6,1,5,19466.809999999998,5372.49,16.666666666666664,False
CUST03578,6,1,5,15160.1,463.15,16.666666666666664,False
CUST03583,6,1,5,10654.31,2237.24,16.666666666666664,False
CUST03635,6,1,5,14770.66,3857.76,16.666666666666664,False
CUST03636,6,1,5,18409.3,4698.36,16.666666666666664,False
CUST03645,6,1,4,9000.55,401.74,16.666666666666664,False
CUST03649,6,1,5,16777.88,555.82,16.666666666666664,False
CUST03671,6,1,5,14448.57,997.38,16.666666666666664,False
CUST03682,6,1,5,15087.11,1253.26,16.666666666666664,False
CUST03724,6,1,5,22468.86,3342.63,16.666666666666664,False
CUST03782,6,1,5,10802.98,3016.84,16.666666666666664,False
CUST03835,6,1,5,17865.23,861.93,16.666666666666664,False
CUST03841,6,1,4,9975.93,840.71,16.666666666666664,False
CUST03844,6,1,5,17454.62,1769.42,16.666666666666664,False
CUST03885,6,1,5,10735.66,758.94,16.666666666666664,False
CUST03892,6,1,4,13372.95,3103.84,16.666666666666664,False
CUST03952,6,1,5,6377.74,406.23,16.666666666666664,False
CUST03965,6,1,3,15150.3,3509.5,16.666666666666664,False
CUST03981,6,1,5,7078.179999999999,1262.58,16.666666666666664,False
CUST03987,6,1,5,15545.29,1914.06,16.666666666666664,False
CUST04007,6,1,5,12910.29,2069.36,16.666666666666664,False
CUST04018,6,1,5,14283.26,1183.21,16.666666666666664,False
CUST04047,6,1,5,11738.93,3327.27,16.666666666666664,False
CUST04084,6,1,5,10260.95,2479.3,16.666666666666664,False
CUST04086,6,1,5,8188.03,3706.92,16.666666666666664,False
CUST04108,6,1,5,11940.65,1546.66,16.666666666666664,False
CUST04117,6,1,5,13033.43,3578.79,16.666666666666664,False
CUST04122,6,1,4,8694.92,1248.18,16.666666666666664,False
CUST04130,6,1,5,12470.86,880.5,16.666666666666664,False
CUST04232,6,1,5,9099.68,400.65,16.666666666666664,False
CUST04254,6,1,5,12541.09,424.23,16.666666666666664,False
CUST04290,6,1,5,21890.86,6618.24,16.666666666666664,False
CUST04318,6,1,5,25823.02,2403.38,16.666666666666664,False
CUST04370,6,1,5,9500.43,2748.54,16.666666666666664,False
CUST04378,6,1,5,10548.45,4353.18,16.666666666666664,False
CUST04391,6,1,4,9909.58,1439.36,16.666666666666664,False
CUST04450,6,1,5,13654.61,3322.68,16.666666666666664,False
CUST04492,6,1,4,12740.54,870.69,16.666666666666664,False
CUST04554,6,1,5,16918.95,1754.71,16.666666666666664,False
CUST04632,6,1,5,15634.68,2740.34,16.666666666666664,False
CUST04650,6,1,5,14698.07,1070.79,16.666666666666664,False
CUST04685,6,1,5,16257.380000000001,2246.08,16.666666666666664,False
CUST04691,6,1,4,17930.95,1939.56,16.666666666666664,False
CUST04710,6,1,4,11517.25,1532.64,16.666666666666664,False
CUST04730,6,1,4,7157.58,2288.22,16.666666666666664,False
CUST04736,6,1,5,19239.23,1532.32,16.666666666666664,False
CUST04788,6,1,5,9035.86,1245.99,16.666666666666664,False
CUST04791,6,1,5,12179.98,832.39,16.666666666666664,False
CUST04809,6,1,5,19864.739999999998,931.63,16.666666666666664,False
CUST04816,6,1,5,12590.24,2319.61,16.666666666666664,False
CUST04875,6,1,3,9130.8,3179.8,16.666666666666664,False
CUST04913,6,1,5,11804.44,1807.66,16.666666666666664,False
CUST04937,6,1,5,9317.82,1103.84,16.666666666666664,False
CUST04961,6,1,5,15071.85,969.27,16.666666666666664,False
CUST04984,6,1,3,6831.33,1093.83,16.666666666666664,False
CUST04992,6,1,5,6365.52,804.97,16.666666666666664,False
CUST00144,7,1,6,13044.54,2747.82,14.285714285714285,False
CUST00154,7,1,6,19318.85,654.57,14.285714285714285,False
CUST00190,7,1,6,18212.71,5634.96,14.285714285714285,False
CUST00191,7,1,5,16622.87,729.53,14.285714285714285,False
CUST00223,7,1,6,25111.699999999997,880.9,14.285714285714285,False
CUST00231,7,1,6,17976.97,4392.03,14.285714285714285,False
CUST00232,7,1,6,9010.74,1858.22,14.285714285714285,False
CUST00239,7,1,6,13605.02,2911.44,14.285714285714285,False
CUST00340,7,1,6,17962.15,2350.68,14.285714285714285,False
CUST00343,7,1,5,11481.31,439.04,14.285714285714285,False
CUST00350,7,1,3,15618.73,1491.24,14.285714285714285,False
CUST00543,7,1,5,11266.57,1005.48,14.285714285714285,False
CUST00553,7,1,6,13476.62,1500.6,14.285714285714285,False
CUST00611,7,1,6,12564.15,979.13,14.285714285714285,False
CUST00636,7,1,6,17283.239999999998,1781.44,14.285714285714285,False
CUST00677,7,1,6,14551.92,6775.32,14.285714285714285,False
CUST00706,7,1,6,20460.27,1330.95,14.285714285714285,False
CUST00752,7,1,6,12770.22,951.74,14.285714285714285,False
CUST00818,7,1,5,16233.02,3247.54,14.285714285714285,False
CUST00888,7,1,6,12806.07,1123.38,14.285714285714285,False
CUST00962,7,1,6,14513.06,372.76,14.285714285714285,False
CUST00994,7,1,4,17269.58,949.94,14.285714285714285,False
CUST01014,7,1,6,14320.89,2919.16,14.285714285714285,False
CUST01086,7,1,6,12223.970000000001,1625.2,14.285714285714285,False
CUST01182,7,1,6,10862.33,708.27,14.285714285714285,False
CUST01218,7,1,6,17712.22,2090.64,14.285714285714285,False
CUST01226,7,1,6,11604.130000000001,364.88,14.285714285714285,False
CUST01243,7,1,5,16002.619999999999,2506.5,14.285714285714285,False
CUST01246,7,1,6,20393.61,2829.08,14.285714285714285,False
CUST01248,7,1,6,12472.44,1131.25,14.285714285714285,False
CUST01275,7,1,5,10296.03,2189.1,14.285714285714285,False
CUST01353,7,1,6,10715.529999999999,794.5,14.285714285714285,False
CUST01421,7,1,6,16923.96,401.94,14.285714285714285,False
CUST01442,7,1,6,10505.47,1286.19,14.285714285714285,False
CUST01473,7,1,6,14575.04,1110.78,14.285714285714285,False
CUST01480,7,1,6,8398.44,868.22,14.285714285714285,False
CUST01488,7,1,6,14961.17,2480.2,14.285714285714285,False
CUST01531,7,1,6,16062.91,6874.65,14.285714285714285,False
CUST01534,7,1,6,14026.26,1616.66,14.285714285714285,False
CUST01548,7,1,6,14158.48,1135.86,14.285714285714285,False
CUST01619,7,1,5,12577.08,1863.96,14.285714285714285,False
CUST01673,7,1,4,26411.16,3126.99,14.285714285714285,False
CUST01674,7,1,6,14880.86,3544.62,14.285714285714285,False
CUST01685,7,1,6,16925.55,2089.68,14.285714285714285,False
CUST01755,7,1,6,8885.44,834.04,14.285714285714285,False
CUST01799,7,1,6,14801.56,971.46,14.285714285714285,False
CUST01833,7,1,6,17921.239999999998,5612.4,14.285714285714285,False
CUST01963,7,1,4,8088.849999999999,1131.81,14.285714285714285,False
CUST01980,7,1,6,11577.0,849.32,14.285714285714285,False
CUST02077,7,1,6,10185.95,1262.29,14.285714285714285,False
CUST02079,7,1,5,10377.99,1214.97,14.285714285714285,False
CUST02223,7,1,6,11194.66,771.48,14.285714285714285,False
CUST02255,7,1,5,13055.44,1182.93,14.285714285714285,False
CUST02256,7,1,5,13430.9,2160.06,14.285714285714285,False
CUST02292,7,1,5,15270.92,2990.76,14.285714285714285,False
CUST02294,7,1,6,11013.94,430.3,14.285714285714285,False
CUST02331,7,1,6,10653.29,1174.53,14.285714285714285,False
CUST02350,7,1,4,21042.57,1735.96,14.285714285714285,False
CUST02418,7,1,5,13579.380000000001,4625.58,14.285714285714285,False
CUST02421,7,1,4,17327.28,4142.61,14.285714285714285,False
CUST02438,7,1,5,12996.35,1311.6,14.285714285714285,False
CUST02461,7,1,5,24485.989999999998,2127.2,14.285714285714285,False
CUST02479,7,1,6,19529.82,439.11,14.285714285714285,False
CUST02494,7,1,5,19915.3,3711.88,14.285714285714285,False
CUST02578,7,1,6,9653.52,1521.2,14.285714285714285,False
CUST02607,7,1,6,21850.79,3876.44,14.285714285714285,False
CUST02630,7,1,5,12834.19,3873.76,14.285714285714285,False
CUST02678,7,1,6,11056.81,599.67,14.285714285714285,False
CUST02700,7,1,5,11144.44,2595.04,14.285714285714285,False
CUST02737,7,1,6,13526.23,1270.78,14.285714285714285,False
CUST02783,7,1,6,14488.769999999999,4628.16,14.285714285714285,False
CUST02825,7,1,6,17781.66,409.35,14.285714285714285,False
CUST02940,7,1,6,14701.58,2310.31,14.285714285714285,False
CUST02944,7,1,5,12942.93,630.45,14.285714285714285,False
CUST02953,7,1,6,19865.11,456.75,14.285714285714285,False
CUST02994,7,1,6,13618.26,1972.06,14.285714285714285,False
CUST03081,7,1,6,20003.94,367.28,14.285714285714285,False
CUST03136,7,1,5,9580.07,2708.04,14.285714285714285,False
CUST03142,7,1,5,19208.72,1167.33,14.285714285714285,False
CUST03170,7,1,5,13860.31,6716.52,14.285714285714285,False
CUST03218,7,1,6,10000.880000000001,1403.79,14.285714285714285,False
CUST03249,7,1,6,8990.28,907.19,14.285714285714285,False
CUST03322,7,1,6,11762.36,979.37,14.285714285714285,False
CUST03401,7,1,6,15333.44,1639.23,14.285714285714285,False
CUST03412,7,1,6,15708.06,379.32,14.285714285714285,False
CUST03485,7,1,6,8300.56,2184.58,14.285714285714285,False
CUST03504,7,1,5,16845.14,1057.26,14.285714285714285,False
CUST03514,7,1,5,15954.03,5589.5,14.285714285714285,False
CUST03541,7,1,6,15840.27,2915.37,14.285714285714285,False
CUST03549,7,1,6,16805.62,2980.53,14.285714285714285,False
CUST03568,7,1,6,20205.579999999998,5912.2,14.285714285714285,False
CUST03613,7,1,5,16271.86,3503.5,14.285714285714285,False
CUST03686,7,1,6,23518.22,6960.08,14.285714285714285,False
CUST03699,7,1,6,15332.51,1191.42,14.285714285714285,False
CUST03930,7,1,5,15669.43,2214.08,14.285714285714285,False
CUST03941,7,1,6,12701.63,3334.3,14.285714285714285,False
CUST04033,7,1,5,9433.3,469.04,14.285714285714285,False
CUST04093,7,1,6,13393.98,3730.64,14.285714285714285,False
CUST04183,7,1,5,22021.74,966.75,14.285714285714285,False
CUST04186,7,1,6,10582.62,2287.08,14.285714285714285,False
CUST04188,7,1,6,15971.67,1187.52,14.285714285714285,False
CUST04221,7,1,5,13579.64,4233.0,14.285714285714285,False
CUST04275,7,1,6,17701.22,1137.41,14.285714285714285,False
CUST04344,7,1,5,9404.51,446.78,14.285714285714285,False
CUST04408,7,1,6,8276.16,832.89,14.285714285714285,False
CUST04498,7,1,6,12087.79,787.36,14.285714285714285,False
CUST04501,7,1,6,11060.93,1109.7,14.285714285714285,False
CUST04512,7,1,5,11410.880000000001,1795.86,14.285714285714285,False
CUST04513,7,1,6,18795.04,3734.85,14.285714285714285,False
CUST04520,7,1,6,16619.61,1973.6,14.285714285714285,False
CUST04548,7,1,6,17112.73,617.03,14.285714285714285,False
CUST04553,7,1,5,15377.77,727.2,14.285714285714285,False
CUST04558,7,1,5,19106.26,1191.52,14.285714285714285,False
CUST04672,7,1,6,17153.58,3956.32,14.285714285714285,False
CUST04688,7,1,5,14049.74,376.59,14.285714285714285,False
CUST04734,7,1,5,9218.869999999999,1479.72,14.285714285714285,False
CUST04773,7,1,6,11301.9,2787.64,14.285714285714285,False
CUST04799,7,1,6,14827.150000000001,890.22,14.285714285714285,False
CUST04861,7,1,5,15743.65,3320.34,14.285714285714285,False
CUST04866,7,1,6,12378.33,987.85,14.285714285714285,False
CUST04890,7,1,6,15687.2,1380.95,14.285714285714285,False
CUST04912,7,1,5,16848.32,2834.31,14.285714285714285,False
CUST04974,7,1,6,11500.4,930.08,14.285714285714285,False
CUST00008,8,1,7,12045.1,2523.9,12.5,False
CUST00153,8,1,5,20255.0,1237.27,12.5,False
CUST00258,8,1,6,18413.28,1881.7,12.5,False
CUST00308,8,1,7,8944.4,1167.63,12.5,False
CUST00325,8,1,7,19634.66,377.23,12.5,False
CUST00436,8,1,7,22932.89,3038.97,12.5,False
CUST00497,8,1,6,17741.75,2128.64,12.5,False
CUST00765,8,1,7,18730.87,1863.12,12.5,False
CUST00782,8,1,5,10691.69,769.59,12.5,False
CUST00788,8,1,6,14131.16,925.9,12.5,False
CUST01097,8,1,6,10141.220000000001,758.04,12.5,False
CUST01170,8,1,6,14676.95,5395.84,12.5,False
CUST01176,8,1,5,21430.56,718.6,12.5,False
CUST01295,8,1,6,12383.29,1813.14,12.5,False
CUST01341,8,1,7,26804.22,1378.18,12.5,False
CUST01359,8,1,7,17842.73,1649.18,12.5,False
CUST01377,8,1,6,16331.75,1456.29,12.5,False
CUST01414,8,1,7,23636.65,1620.28,12.5,False
CUST01492,8,1,5,17976.13,966.12,12.5,False
CUST01559,8,1,6,17702.4,438.64,12.5,False
CUST01924,8,1,7,20734.46,2757.45,12.5,False
CUST02001,8,1,6,15133.33,1502.24,12.5,False
CUST02239,8,1,7,15469.89,1007.08,12.5,False
CUST02345,8,1,7,27692.23,454.74,12.5,False
CUST02356,8,1,6,13622.84,1221.19,12.5,False
CUST02507,8,1,7,20908.27,2458.55,12.5,False
CUST02595,8,1,7,17312.09,827.8,12.5,False
CUST02670,8,1,7,15992.7,891.54,12.5,False
CUST02909,8,1,5,20568.42,881.65,12.5,False
CUST03127,8,1,7,15169.619999999999,2311.84,12.5,False
CUST03244,8,1,7,25164.04,1402.78,12.5,False
CUST03424,8,1,7,23330.54,5394.52,12.5,False
CUST03470,8,1,6,18454.48,683.12,12.5,False
CUST03475,8,1,7,14465.210000000001,1145.44,12.5,False
CUST03509,8,1,6,22162.66,2389.0,12.5,False
CUST03679,8,1,7,9323.73,1107.39,12.5,False
CUST03714,8,1,7,25812.7,5414.97,12.5,False
CUST03888,8,1,6,21026.27,554.91,12.5,False
CUST03926,8,1,7,24533.379999999997,6331.96,12.5,False
CUST03988,8,1,7,12033.439999999999,1352.34,12.5,False
CUST04126,8,1,6,12732.61,631.98,12.5,False
CUST04131,8,1,6,16535.59,393.83,12.5,False
CUST04258,8,1,7,20323.57,1521.13,12.5,False
CUST04334,8,1,7,22312.37,806.33,12.5,False
CUST04354,8,1,7,25174.63,993.01,12.5,False
CUST04531,8,1,6,23765.05,8062.6,12.5,False
CUST04563,8,1,6,10131.5,1131.01,12.5,False
CUST04629,8,1,7,10066.65,2563.48,12.5,False
CUST04763,8,1,7,15036.82,3252.2,12.5,False
CUST04879,8,1,7,16365.650000000001,1826.38,12.5,False
CUST04896,8,1,4,20675.6,3727.92,12.5,False
CUST04900,8,1,7,16732.82,1387.89,12.5,False
CUST00408,9,1,8,12771.66,799.08,11.11111111111111,False
CUST00461,9,1,8,15467.35,612.47,11.11111111111111,False
CUST00664,9,1,7,16301.19,1455.24,11.11111111111111,False
CUST00701,9,1,8,20791.88,1973.4,11.11111111111111,False
CUST00873,9,1,8,16961.86,834.6,11.11111111111111,False
CUST00970,9,1,8,12455.24,1152.97,11.11111111111111,False
CUST00988,9,1,8,16656.16,3588.12,11.11111111111111,False
CUST00996,9,1,8,29217.32,912.93,11.11111111111111,False
CUST01025,9,1,7,11784.7,485.25,11.11111111111111,False
CUST01039,9,1,7,19444.27,1774.76,11.11111111111111,False
CUST01335,9,1,8,20626.019999999997,1394.16,11.11111111111111,False
CUST01459,9,1,7,19259.11,1017.96,11.11111111111111,False
CUST01803,9,1,7,32945.909999999996,1010.73,11.11111111111111,False
CUST01923,9,1,6,20347.23,949.88,11.11111111111111,False
CUST01926,9,1,8,15378.92,858.28,11.11111111111111,False
CUST02106,9,1,8,18211.34,1195.41,11.11111111111111,False
CUST02328,9,1,8,28763.84,2072.7,11.11111111111111,False
CUST02709,9,1,8,11976.79,2364.98,11.11111111111111,False
CUST02791,9,1,7,16987.17,1061.26,11.11111111111111,False
CUST03055,9,1,7,14682.03,1114.6,11.11111111111111,False
CUST03435,9,1,7,17382.8,1529.21,11.11111111111111,False
CUST03614,9,1,8,17272.68,1771.41,11.11111111111111,False
CUST03852,9,1,6,8062.6,871.3,11.11111111111111,False
CUST03859,9,1,8,21211.53,3033.2,11.11111111111111,False
CUST03915,9,1,8,16151.14,604.46,11.11111111111111,False
CUST03927,9,1,8,16765.41,6809.44,11.11111111111111,False
CUST03979,9,1,5,17316.63,1877.66,11.11111111111111,False
CUST04641,9,1,8,18056.05,5360.32,11.11111111111111,False
CUST04752,9,1,8,23424.95,821.38,11.11111111111111,False
CUST00727,10,1,8,26812.010000000002,7008.84,10.0,False
CUST00729,10,1,8,30919.940000000002,998.12,10.0,False
CUST02258,10,1,9,21485.88,2180.37,10.0,False
CUST02506,10,1,8,14397.140000000001,2177.5,10.0,False
CUST02801,10,1,9,20771.38,1450.25,10.0,False
CUST03664,10,1,9,17900.72,1047.48,10.0,False
CUST03873,10,1,8,25623.09,710.07,10.0,False
CUST03923,10,1,9,26666.530000000002,2878.11,10.0,False
CUST03967,10,1,9,26148.59,8900.45,10.0,False
CUST03114,11,1,8,28919.66,787.04,9.090909090909092,False
CUST03648,11,1,10,26737.12,1531.4,9.090909090909092,False
CUST02247,12,1,10,28294.88,1285.07,8.333333333333332,False
CUST03737,12,1,11,19945.14,2983.72,8.333333333333332,False
CUST00002,5,0,5,10140.220000000001,0.0,0.0,False
CUST00003,2,0,1,5254.98,0.0,0.0,False
CUST00006,7,0,7,10184.5,0.0,0.0,False
CUST00009,4,0,4,5428.86,0.0,0.0,False
CUST00011,6,0,6,10239.11,0.0,0.0,False
CUST00013,3,0,3,1529.38,0.0,0.0,False
CUST00014,5,0,5,8017.47,0.0,0.0,False
CUST00015,1,0,1,823.55,0.0,0.0,False
CUST00017,3,0,3,7377.75,0.0,0.0,False
CUST00018,2,0,2,6536.77,0.0,0.0,False
CUST00020,6,0,5,10341.6,0.0,0.0,False
CUST00021,1,0,1,1467.07,0.0,0.0,False
CUST00025,2,0,2,8528.16,0.0,0.0,False
CUST00026,3,0,3,6645.96,0.0,0.0,False
CUST00028,4,0,3,8186.32,0.0,0.0,False
CUST00030,6,0,5,14910.109999999999,0.0,0.0,False
CUST00031,4,0,4,10530.93,0.0,0.0,False
CUST00032,4,0,4,7610.32,0.0,0.0,False
CUST00034,1,0,1,5739.6,0.0,0.0,False
CUST00035,7,0,6,8420.65,0.0,0.0,False
CUST00036,7,0,6,22068.13,0.0,0.0,False
CUST00037,4,0,4,6235.21,0.0,0.0,False
CUST00038,3,0,3,6965.67,0.0,0.0,False
CUST00039,4,0,4,11409.130000000001,0.0,0.0,False
CUST00040,2,0,2,2573.46,0.0,0.0,False
CUST00041,3,0,2,4517.04,0.0,0.0,False
CUST00045,5,0,5,10101.18,0.0,0.0,False
CUST00047,4,0,3,16478.78,0.0,0.0,False
CUST00048,3,0,2,3007.63,0.0,0.0,False
CUST00049,3,0,3,2693.41,0.0,0.0,False
CUST00050,5,0,4,10430.34,0.0,0.0,False
CUST00051,1,0,1,4161.24,0.0,0.0,False
CUST00052,1,0,1,1583.35,0.0,0.0,False
CUST00053,8,0,8,21162.95,0.0,0.0,False
CUST00054,4,0,4,10551.08,0.0,0.0,False
CUST00055,4,0,4,14653.279999999999,0.0,0.0,False
CUST00056,4,0,4,6678.88,0.0,0.0,False
CUST00057,4,0,4,8593.7,0.0,0.0,False
CUST00059,5,0,5,5873.429999999999,0.0,0.0,False
CUST00061,8,0,7,18344.38,0.0,0.0,False
CUST00062,3,0,3,5139.360000000001,0.0,0.0,False
CUST00063,3,0,2,5782.13,0.0,0.0,False
CUST00065,4,0,4,8234.52,0.0,0.0,False
CUST00066,5,0,5,9635.8,0.0,0.0,False
CUST00069,2,0,2,5766.77,0.0,0.0,False
CUST00070,2,0,2,4566.969999999999,0.0,0.0,False
CUST00071,4,0,4,6903.3099999999995,0.0,0.0,False
CUST00072,4,0,4,13720.36,0.0,0.0,False
CUST00074,2,0,2,3189.2599999999998,0.0,0.0,False
CUST00077,3,0,3,8156.19,0.0,0.0,False
CUST00079,4,0,3,6836.45,0.0,0.0,False
CUST00087,4,0,4,10446.81,0.0,0.0,False
CUST00090,3,0,2,7157.75,0.0,0.0,False
CUST00092,2,0,2,1197.98,0.0,0.0,False
CUST00095,3,0,2,12752.490000000002,0.0,0.0,False
CUST00097,4,0,4,7841.53,0.0,0.0,False
CUST00098,3,0,3,6478.58,0.0,0.0,False
CUST00099,1,0,1,1264.54,0.0,0.0,False
CUST00100,3,0,3,8287.82,0.0,0.0,False
CUST00102,4,0,4,9288.47,0.0,0.0,False
CUST00103,4,0,3,6596.35,0.0,0.0,False
CUST00105,5,0,5,6125.639999999999,0.0,0.0,False
CUST00108,4,0,4,6969.58,0.0,0.0,False
CUST00110,3,0,2,8219.07,0.0,0.0,False
CUST00112,4,0,4,11693.48,0.0,0.0,False
CUST00113,4,0,4,7247.74,0.0,0.0,False
CUST00114,4,0,3,8589.92,0.0,0.0,False
CUST00115,1,0,1,866.53,0.0,0.0,False
CUST00117,5,0,5,7312.27,0.0,0.0,False
CUST00118,5,0,5,11568.91,0.0,0.0,False
CUST00119,7,0,6,23899.11,0.0,0.0,False
CUST00122,3,0,3,7851.59,0.0,0.0,False
CUST00124,4,0,3,8467.88,0.0,0.0,False
CUST00126,5,0,4,11933.560000000001,0.0,0.0,False
CUST00127,6,0,6,11993.48,0.0,0.0,False
CUST00129,6,0,6,17455.9,0.0,0.0,False
CUST00130,4,0,3,9633.77,0.0,0.0,False
CUST00132,2,0,1,1864.29,0.0,0.0,False
CUST00133,1,0,1,786.83,0.0,0.0,False
CUST00134,5,0,5,14819.45,0.0,0.0,False
CUST00135,5,0,5,7957.48,0.0,0.0,False
CUST00136,3,0,2,3656.08,0.0,0.0,False
CUST00138,1,0,1,447.25,0.0,0.0,False
CUST00139,7,0,6,11283.41,0.0,0.0,False
CUST00142,4,0,4,8973.15,0.0,0.0,False
CUST00143,2,0,2,3491.1099999999997,0.0,0.0,False
CUST00145,2,0,2,2131.32,0.0,0.0,False
CUST00146,5,0,5,10562.58,0.0,0.0,False
CUST00148,3,0,3,3849.2100000000005,0.0,0.0,False
CUST00150,7,0,6,6965.63,0.0,0.0,False
CUST00151,1,0,0,1033.95,0.0,0.0,False
CUST00152,4,0,4,7005.41,0.0,0.0,False
CUST00155,1,0,1,2564.64,0.0,0.0,False
CUST00156,2,0,1,4504.92,0.0,0.0,False
CUST00159,1,0,1,2277.42,0.0,0.0,False
CUST00160,3,0,3,7912.39,0.0,0.0,False
CUST00161,1,0,1,728.4,0.0,0.0,False
CUST00162,5,0,5,9963.029999999999,0.0,0.0,False
CUST00163,5,0,4,9961.86,0.0,0.0,False
CUST00165,4,0,3,6856.2,0.0,0.0,False
CUST00166,3,0,3,3414.75,0.0,0.0,False
CUST00167,3,0,3,10961.85,0.0,0.0,False
CUST00168,5,0,4,13939.29,0.0,0.0,False
CUST00171,6,0,5,12721.65,0.0,0.0,False
CUST00173,4,0,4,9173.18,0.0,0.0,False
CUST00175,5,0,4,11017.96,0.0,0.0,False
CUST00176,1,0,1,2583.51,0.0,0.0,False
CUST00177,1,0,1,1284.61,0.0,0.0,False
CUST00178,2,0,2,2469.45,0.0,0.0,False
CUST00180,6,0,6,18924.510000000002,0.0,0.0,False
CUST00181,6,0,6,16510.26,0.0,0.0,False
CUST00182,1,0,1,442.01,0.0,0.0,False
CUST00186,2,0,2,3939.76,0.0,0.0,False
CUST00187,3,0,3,8162.34,0.0,0.0,False
CUST00188,4,0,4,6144.91,0.0,0.0,False
CUST00194,2,0,2,2910.25,0.0,0.0,False
CUST00196,2,0,2,4263.73,0.0,0.0,False
CUST00197,1,0,1,1968.65,0.0,0.0,False
CUST00198,4,0,4,15284.68,0.0,0.0,False
CUST00200,5,0,5,10316.93,0.0,0.0,False
CUST00201,4,0,4,5326.26,0.0,0.0,False
CUST00205,4,0,4,13477.099999999999,0.0,0.0,False
CUST00206,9,0,9,11649.69,0.0,0.0,False
CUST00208,3,0,3,8943.17,0.0,0.0,False
CUST00209,6,0,6,8585.57,0.0,0.0,False
CUST00210,1,0,1,4983.75,0.0,0.0,False
CUST00211,1,0,1,5823.84,0.0,0.0,False
CUST00213,1,0,1,5793.09,0.0,0.0,False
CUST00214,5,0,3,6170.8099999999995,0.0,0.0,False
CUST00215,3,0,3,5213.26,0.0,0.0,False
CUST00217,6,0,6,10030.77,0.0,0.0,False
CUST00218,6,0,5,16691.86,0.0,0.0,False
CUST00221,1,0,1,2675.16,0.0,0.0,False
CUST00226,3,0,3,5943.45,0.0,0.0,False
CUST00228,5,0,5,10068.11,0.0,0.0,False
CUST00233,3,0,3,4103.530000000001,0.0,0.0,False
CUST00235,4,0,4,7298.43,0.0,0.0,False
CUST00236,6,0,5,11917.27,0.0,0.0,False
CUST00237,4,0,4,5235.799999999999,0.0,0.0,False
CUST00238,2,0,2,4570.25,0.0,0.0,False
CUST00240,5,0,5,5020.27,0.0,0.0,False
CUST00241,4,0,3,10309.73,0.0,0.0,False
CUST00243,5,0,5,11524.45,0.0,0.0,False
CUST00246,2,0,2,2860.8999999999996,0.0,0.0,False
CUST00249,2,0,2,4025.4300000000003,0.0,0.0,False
CUST00251,3,0,3,3705.6099999999997,0.0,0.0,False
CUST00252,5,0,5,17309.76,0.0,0.0,False
CUST00253,4,0,4,6062.17,0.0,0.0,False
CUST00254,3,0,3,5384.799999999999,0.0,0.0,False
CUST00255,2,0,2,3995.7200000000003,0.0,0.0,False
CUST00256,3,0,3,3496.12,0.0,0.0,False
CUST00260,4,0,3,5670.05,0.0,0.0,False
CUST00263,6,0,6,15677.36,0.0,0.0,False
CUST00266,6,0,4,12284.42,0.0,0.0,False
CUST00271,2,0,2,4164.78,0.0,0.0,False
CUST00272,1,0,1,1608.53,0.0,0.0,False
CUST00274,1,0,1,1136.81,0.0,0.0,False
CUST00275,4,0,4,4088.7,0.0,0.0,False
CUST00276,2,0,2,3426.3799999999997,0.0,0.0,False
CUST00278,1,0,1,1382.76,0.0,0.0,False
CUST00279,3,0,3,6404.57,0.0,0.0,False
CUST00280,5,0,5,9270.59,0.0,0.0,False
CUST00281,3,0,2,8455.11,0.0,0.0,False
CUST00282,3,0,3,6885.83,0.0,0.0,False
CUST00283,5,0,5,9498.99,0.0,0.0,False
CUST00285,2,0,2,3776.3,0.0,0.0,False
CUST00288,2,0,2,5514.88,0.0,0.0,False
CUST00289,6,0,5,13734.74,0.0,0.0,False
CUST00290,5,0,5,3521.54,0.0,0.0,False
CUST00293,2,0,2,5530.379999999999,0.0,0.0,False
CUST00295,4,0,4,15127.85,0.0,0.0,False
CUST00298,4,0,3,6310.77,0.0,0.0,False
CUST00300,2,0,2,1961.33,0.0,0.0,False
CUST00302,3,0,3,7965.27,0.0,0.0,False
CUST00303,2,0,2,5331.17,0.0,0.0,False
CUST00306,3,0,3,3860.07,0.0,0.0,False
CUST00307,5,0,5,8914.01,0.0,0.0,False
CUST00309,9,0,9,21261.010000000002,0.0,0.0,False
CUST00311,4,0,4,17221.59,0.0,0.0,False
CUST00312,1,0,1,5564.36,0.0,0.0,False
CUST00313,2,0,1,5372.0599999999995,0.0,0.0,False
CUST00314,4,0,4,7879.89,0.0,0.0,False
CUST00315,2,0,1,4000.9900000000002,0.0,0.0,False
CUST00316,5,0,5,7329.950000000001,0.0,0.0,False
CUST00318,4,0,3,6076.48,0.0,0.0,False
CUST00321,4,0,4,5082.13,0.0,0.0,False
CUST00327,4,0,4,11601.76,0.0,0.0,False
CUST00329,4,0,3,7848.639999999999,0.0,0.0,False
CUST00330,5,0,5,14621.0,0.0,0.0,False
CUST00331,4,0,4,10414.619999999999,0.0,0.0,False
CUST00333,3,0,2,4253.48,0.0,0.0,False
CUST00334,1,0,1,3790.74,0.0,0.0,False
CUST00335,2,0,2,4791.5599999999995,0.0,0.0,False
CUST00336,4,0,4,6915.3099999999995,0.0,0.0,False
CUST00337,9,0,8,21067.87,0.0,0.0,False
CUST00344,3,0,3,2526.02,0.0,0.0,False
CUST00345,5,0,5,8801.75,0.0,0.0,False
CUST00351,3,0,2,11496.29,0.0,0.0,False
CUST00352,3,0,2,4165.17,0.0,0.0,False
CUST00353,4,0,4,4618.150000000001,0.0,0.0,False
CUST00357,4,0,4,9406.710000000001,0.0,0.0,False
CUST00358,5,0,5,10866.17,0.0,0.0,False
CUST00359,3,0,2,6178.4,0.0,0.0,False
CUST00361,3,0,3,3975.84,0.0,0.0,False
CUST00362,1,0,0,864.48,0.0,0.0,False
CUST00363,4,0,4,9101.58,0.0,0.0,False
CUST00365,2,0,2,2691.73,0.0,0.0,False
CUST00366,3,0,3,4419.62,0.0,0.0,False
CUST00367,5,0,5,7220.0599999999995,0.0,0.0,False
CUST00368,5,0,5,16327.66,0.0,0.0,False
CUST00369,1,0,1,5060.2,0.0,0.0,False
CUST00374,6,0,6,14310.33,0.0,0.0,False
CUST00375,2,0,1,10958.73,0.0,0.0,False
CUST00376,3,0,3,2818.0299999999997,0.0,0.0,False
CUST00377,2,0,1,4153.94,0.0,0.0,False
CUST00378,1,0,1,3674.2,0.0,0.0,False
CUST00381,6,0,5,16019.95,0.0,0.0,False
CUST00382,5,0,5,8140.92,0.0,0.0,False
CUST00383,2,0,2,1940.99,0.0,0.0,False
CUST00385,2,0,2,4900.16,0.0,0.0,False
CUST00386,1,0,1,1751.2,0.0,0.0,False
CUST00388,3,0,3,8522.01,0.0,0.0,False
CUST00389,4,0,4,9487.78,0.0,0.0,False
CUST00390,3,0,3,3582.7200000000003,0.0,0.0,False
CUST00391,2,0,2,4635.87,0.0,0.0,False
CUST00392,3,0,3,8813.36,0.0,0.0,False
CUST00393,4,0,3,7718.87,0.0,0.0,False
CUST00394,7,0,7,15168.71,0.0,0.0,False
CUST00395,4,0,3,18636.41,0.0,0.0,False
CUST00396,2,0,2,2048.9,0.0,0.0,False
CUST00397,3,0,3,4930.42,0.0,0.0,False
CUST00398,4,0,4,10028.77,0.0,0.0,False
CUST00399,7,0,7,11498.08,0.0,0.0,False
CUST00400,4,0,3,5231.2,0.0,0.0,False
CUST00403,2,0,2,3887.7700000000004,0.0,0.0,False
CUST00404,3,0,3,4090.22,0.0,0.0,False
CUST00405,2,0,2,1832.69,0.0,0.0,False
CUST00406,6,0,6,8176.65,0.0,0.0,False
CUST00407,4,0,3,5609.14,0.0,0.0,False
CUST00409,3,0,3,12220.57,0.0,0.0,False
CUST00410,3,0,3,11147.34,0.0,0.0,False
CUST00412,1,0,1,1239.62,0.0,0.0,False
CUST00413,3,0,3,5617.75,0.0,0.0,False
CUST00414,4,0,4,6529.59,0.0,0.0,False
CUST00416,4,0,2,7487.1900000000005,0.0,0.0,False
CUST00418,1,0,1,923.1,0.0,0.0,False
CUST00419,2,0,2,3106.37,0.0,0.0,False
CUST00420,3,0,3,4647.37,0.0,0.0,False
CUST00421,4,0,3,10632.69,0.0,0.0,False
CUST00423,2,0,2,9980.130000000001,0.0,0.0,False
CUST00426,5,0,5,5208.01,0.0,0.0,False
CUST00427,2,0,2,4654.97,0.0,0.0,False
CUST00429,5,0,5,11414.83,0.0,0.0,False
CUST00431,5,0,5,8286.42,0.0,0.0,False
CUST00434,3,0,3,12914.26,0.0,0.0,False
CUST00435,4,0,4,8108.759999999999,0.0,0.0,False
CUST00437,3,0,3,6312.18,0.0,0.0,False
CUST00438,2,0,2,3459.9700000000003,0.0,0.0,False
CUST00439,4,0,4,4505.71,0.0,0.0,False
CUST00441,2,0,2,4426.780000000001,0.0,0.0,False
CUST00443,7,0,6,8639.33,0.0,0.0,False
CUST00444,4,0,4,5830.82,0.0,0.0,False
CUST00445,5,0,5,7207.14,0.0,0.0,False
CUST00446,6,0,6,11941.939999999999,0.0,0.0,False
CUST00447,2,0,2,2689.71,0.0,0.0,False
CUST00448,5,0,5,10589.029999999999,0.0,0.0,False
CUST00450,5,0,4,11734.210000000001,0.0,0.0,False
CUST00451,5,0,5,5887.72,0.0,0.0,False
CUST00453,6,0,6,15580.35,0.0,0.0,False
CUST00455,6,0,5,14979.1,0.0,0.0,False
CUST00456,4,0,4,14053.66,0.0,0.0,False
CUST00457,4,0,4,6104.780000000001,0.0,0.0,False
CUST00459,3,0,3,5730.0599999999995,0.0,0.0,False
CUST00462,3,0,3,9446.02,0.0,0.0,False
CUST00463,7,0,7,14652.2,0.0,0.0,False
CUST00465,4,0,4,9007.24,0.0,0.0,False
CUST00468,5,0,5,14977.16,0.0,0.0,False
CUST00469,5,0,5,14202.66,0.0,0.0,False
CUST00471,2,0,2,3563.64,0.0,0.0,False
CUST00472,5,0,5,10209.01,0.0,0.0,False
CUST00473,1,0,1,2345.22,0.0,0.0,False
CUST00474,2,0,2,1715.4699999999998,0.0,0.0,False
CUST00475,2,0,2,2341.02,0.0,0.0,False
CUST00476,2,0,2,8310.28,0.0,0.0,False
CUST00478,4,0,4,11327.64,0.0,0.0,False
CUST00480,4,0,4,7313.01,0.0,0.0,False
CUST00483,4,0,4,8300.269999999999,0.0,0.0,False
CUST00484,3,0,3,6342.66,0.0,0.0,False
CUST00487,4,0,4,6568.5599999999995,0.0,0.0,False
CUST00488,2,0,2,9506.67,0.0,0.0,False
CUST00489,4,0,4,5538.18,0.0,0.0,False
CUST00494,3,0,3,3105.91,0.0,0.0,False
CUST00496,3,0,3,11370.029999999999,0.0,0.0,False
CUST00498,6,0,6,8926.29,0.0,0.0,False
CUST00500,5,0,5,11717.38,0.0,0.0,False
CUST00502,4,0,3,11497.51,0.0,0.0,False
CUST00505,1,0,1,3690.75,0.0,0.0,False
CUST00506,5,0,5,8070.05,0.0,0.0,False
CUST00508,2,0,2,3625.78,0.0,0.0,False
CUST00509,4,0,4,6549.78,0.0,0.0,False
CUST00511,4,0,4,5597.39,0.0,0.0,False
CUST00512,3,0,3,11729.830000000002,0.0,0.0,False
CUST00513,4,0,4,8138.49,0.0,0.0,False
CUST00516,3,0,3,6817.14,0.0,0.0,False
CUST00519,7,0,5,15410.95,0.0,0.0,False
CUST00520,4,0,4,4110.42,0.0,0.0,False
CUST00522,1,0,1,1898.12,0.0,0.0,False
CUST00526,5,0,5,6241.4400000000005,0.0,0.0,False
CUST00528,6,0,6,18003.45,0.0,0.0,False
CUST00529,7,0,6,8360.02,0.0,0.0,False
CUST00530,6,0,6,11677.19,0.0,0.0,False
CUST00531,5,0,5,9901.67,0.0,0.0,False
CUST00532,6,0,4,7473.4,0.0,0.0,False
CUST00533,3,0,3,7868.120000000001,0.0,0.0,False
CUST00534,1,0,1,1122.17,0.0,0.0,False
CUST00537,2,0,2,3447.61,0.0,0.0,False
CUST00538,3,0,3,7984.4800000000005,0.0,0.0,False
CUST00539,4,0,4,8939.59,0.0,0.0,False
CUST00540,3,0,3,7801.82,0.0,0.0,False
CUST00542,3,0,2,8397.46,0.0,0.0,False
CUST00544,7,0,6,17721.05,0.0,0.0,False
CUST00546,3,0,3,5767.0,0.0,0.0,False
CUST00547,5,0,4,13967.9,0.0,0.0,False
CUST00549,2,0,2,5148.610000000001,0.0,0.0,False
CUST00550,4,0,4,5143.77,0.0,0.0,False
CUST00552,2,0,2,4409.1,0.0,0.0,False
CUST00554,4,0,4,16498.2,0.0,0.0,False
CUST00556,2,0,2,9991.73,0.0,0.0,False
CUST00557,2,0,1,3597.16,0.0,0.0,False
CUST00558,3,0,3,6799.4,0.0,0.0,False
CUST00560,7,0,7,11595.76,0.0,0.0,False
CUST00561,5,0,5,10438.32,0.0,0.0,False
CUST00563,2,0,2,2699.8999999999996,0.0,0.0,False
CUST00566,1,0,1,1375.6,0.0,0.0,False
CUST00567,6,0,6,16302.04,0.0,0.0,False
CUST00568,4,0,4,4920.219999999999,0.0,0.0,False
CUST00570,2,0,2,6455.79,0.0,0.0,False
CUST00571,9,0,8,20988.510000000002,0.0,0.0,False
CUST00572,4,0,4,5334.62,0.0,0.0,False
CUST00573,8,0,7,14130.86,0.0,0.0,False
CUST00575,7,0,7,9776.03,0.0,0.0,False
CUST00576,2,0,2,3499.04,0.0,0.0,False
CUST00577,2,0,2,4789.610000000001,0.0,0.0,False
CUST00578,4,0,2,6739.34,0.0,0.0,False
CUST00579,3,0,3,2814.54,0.0,0.0,False
CUST00580,1,0,1,3579.36,0.0,0.0,False
CUST00582,5,0,4,12707.119999999999,0.0,0.0,False
CUST00583,1,0,1,5588.9,0.0,0.0,False
CUST00584,5,0,4,13202.2,0.0,0.0,False
CUST00585,2,0,2,1648.2800000000002,0.0,0.0,False
CUST00586,3,0,3,6653.339999999999,0.0,0.0,False
CUST00590,4,0,3,8901.14,0.0,0.0,False
CUST00591,3,0,3,3033.08,0.0,0.0,False
CUST00592,4,0,3,3462.09,0.0,0.0,False
CUST00593,5,0,5,9556.32,0.0,0.0,False
CUST00596,3,0,2,13237.74,0.0,0.0,False
CUST00597,5,0,5,6329.879999999999,0.0,0.0,False
CUST00600,2,0,2,6767.35,0.0,0.0,False
CUST00604,5,0,5,10774.23,0.0,0.0,False
CUST00605,2,0,2,2228.64,0.0,0.0,False
CUST00606,4,0,4,5912.73,0.0,0.0,False
CUST00607,3,0,3,5925.74,0.0,0.0,False
CUST00608,3,0,3,4291.1,0.0,0.0,False
CUST00612,2,0,2,6361.33,0.0,0.0,False
CUST00613,4,0,4,18195.71,0.0,0.0,False
CUST00614,3,0,2,8946.29,0.0,0.0,False
CUST00616,2,0,2,12057.119999999999,0.0,0.0,False
CUST00617,1,0,1,1529.67,0.0,0.0,False
CUST00622,2,0,2,6625.51,0.0,0.0,False
CUST00623,3,0,3,5308.01,0.0,0.0,False
CUST00624,3,0,3,1829.07,0.0,0.0,False
CUST00626,3,0,3,3978.14,0.0,0.0,False
CUST00627,3,0,3,8851.029999999999,0.0,0.0,False
CUST00628,5,0,5,12095.75,0.0,0.0,False
CUST00629,1,0,1,730.5,0.0,0.0,False
CUST00630,6,0,6,7589.1,0.0,0.0,False
CUST00631,3,0,3,10496.22,0.0,0.0,False
CUST00637,2,0,2,5997.54,0.0,0.0,False
CUST00639,4,0,3,3087.05,0.0,0.0,False
CUST00642,4,0,4,8570.48,0.0,0.0,False
CUST00644,4,0,4,6013.3,0.0,0.0,False
CUST00645,5,0,4,13394.6,0.0,0.0,False
CUST00646,4,0,4,10587.51,0.0,0.0,False
CUST00647,4,0,4,9482.699999999999,0.0,0.0,False
CUST00648,5,0,5,8968.07,0.0,0.0,False
CUST00649,3,0,3,8653.52,0.0,0.0,False
CUST00652,4,0,4,10715.830000000002,0.0,0.0,False
CUST00653,2,0,1,2907.34,0.0,0.0,False
CUST00654,3,0,3,6337.27,0.0,0.0,False
CUST00656,5,0,5,10677.01,0.0,0.0,False
CUST00657,3,0,3,6231.41,0.0,0.0,False
CUST00658,3,0,3,8947.210000000001,0.0,0.0,False
CUST00661,2,0,2,5230.139999999999,0.0,0.0,False
CUST00663,3,0,3,2448.3,0.0,0.0,False
CUST00666,1,0,1,860.96,0.0,0.0,False
CUST00669,5,0,5,8854.98,0.0,0.0,False
CUST00670,5,0,5,9226.19,0.0,0.0,False
CUST00672,2,0,2,6839.65,0.0,0.0,False
CUST00674,3,0,3,3524.16,0.0,0.0,False
CUST00675,4,0,4,12387.61,0.0,0.0,False
CUST00676,4,0,4,18107.2,0.0,0.0,False
CUST00678,3,0,3,7786.889999999999,0.0,0.0,False
CUST00682,7,0,7,20220.76,0.0,0.0,False
CUST00683,3,0,3,3087.3700000000003,0.0,0.0,False
CUST00684,5,0,4,8702.7,0.0,0.0,False
CUST00685,3,0,3,3741.3999999999996,0.0,0.0,False
CUST00686,6,0,6,11368.17,0.0,0.0,False
CUST00689,1,0,1,5082.84,0.0,0.0,False
CUST00690,2,0,2,4687.12,0.0,0.0,False
CUST00691,2,0,2,2221.17,0.0,0.0,False
CUST00694,2,0,1,2695.35,0.0,0.0,False
CUST00695,3,0,3,7847.6,0.0,0.0,False
CUST00696,3,0,2,7451.63,0.0,0.0,False
CUST00697,1,0,1,887.1,0.0,0.0,False
CUST00699,6,0,6,17927.44,0.0,0.0,False
CUST00702,2,0,1,3151.42,0.0,0.0,False
CUST00703,1,0,1,408.05,0.0,0.0,False
CUST00704,3,0,3,7668.32,0.0,0.0,False
CUST00705,5,0,5,4747.860000000001,0.0,0.0,False
CUST00708,3,0,3,5691.96,0.0,0.0,False
CUST00710,2,0,2,3535.4500000000003,0.0,0.0,False
CUST00711,4,0,4,9651.02,0.0,0.0,False
CUST00712,3,0,3,8859.64,0.0,0.0,False
CUST00715,3,0,3,9233.68,0.0,0.0,False
CUST00716,4,0,3,5626.58,0.0,0.0,False
CUST00717,3,0,3,4700.38,0.0,0.0,False
CUST00718,4,0,4,4967.32,0.0,0.0,False
CUST00719,3,0,3,4097.64,0.0,0.0,False
CUST00720,3,0,3,7817.3,0.0,0.0,False
CUST00721,1,0,1,1408.17,0.0,0.0,False
CUST00722,5,0,5,6100.28,0.0,0.0,False
CUST00723,4,0,4,9956.32,0.0,0.0,False
CUST00724,4,0,3,11229.48,0.0,0.0,False
CUST00725,4,0,4,13675.03,0.0,0.0,False
CUST00728,5,0,4,17023.440000000002,0.0,0.0,False
CUST00732,6,0,6,19806.21,0.0,0.0,False
CUST00737,5,0,5,9063.92,0.0,0.0,False
CUST00738,4,0,4,8827.02,0.0,0.0,False
CUST00739,6,0,4,13627.31,0.0,0.0,False
CUST00740,4,0,4,11675.41,0.0,0.0,False
CUST00742,6,0,6,13812.869999999999,0.0,0.0,False
CUST00743,4,0,4,5357.6,0.0,0.0,False
CUST00746,2,0,2,3225.88,0.0,0.0,False
CUST00748,3,0,2,6440.400000000001,0.0,0.0,False
CUST00751,5,0,5,10655.1,0.0,0.0,False
CUST00754,4,0,4,5882.370000000001,0.0,0.0,False
CUST00755,4,0,4,6647.77,0.0,0.0,False
CUST00759,7,0,7,13703.95,0.0,0.0,False
CUST00760,4,0,4,14216.6,0.0,0.0,False
CUST00762,2,0,1,6459.05,0.0,0.0,False
CUST00763,3,0,3,4509.41,0.0,0.0,False
CUST00764,3,0,2,2976.4300000000003,0.0,0.0,False
CUST00768,2,0,1,1330.0,0.0,0.0,False
CUST00769,5,0,5,11036.779999999999,0.0,0.0,False
CUST00771,4,0,4,13178.88,0.0,0.0,False
CUST00773,2,0,2,5882.8099999999995,0.0,0.0,False
CUST00775,5,0,5,18732.23,0.0,0.0,False
CUST00777,3,0,2,8351.32,0.0,0.0,False
CUST00778,3,0,3,7666.75,0.0,0.0,False
CUST00779,3,0,3,3712.92,0.0,0.0,False
CUST00781,4,0,4,8808.13,0.0,0.0,False
CUST00783,5,0,5,9978.93,0.0,0.0,False
CUST00785,3,0,3,8537.89,0.0,0.0,False
CUST00786,1,0,1,1007.58,0.0,0.0,False
CUST00787,3,0,2,7999.0599999999995,0.0,0.0,False
CUST00789,2,0,2,4217.55,0.0,0.0,False
CUST00793,7,0,6,17587.46,0.0,0.0,False
CUST00794,3,0,2,4373.52,0.0,0.0,False
CUST00798,3,0,3,11771.97,0.0,0.0,False
CUST00799,6,0,6,12238.42,0.0,0.0,False
CUST00800,3,0,2,8103.85,0.0,0.0,False
CUST00801,3,0,2,4819.61,0.0,0.0,False
CUST00805,2,0,2,1711.67,0.0,0.0,False
CUST00807,4,0,4,11726.16,0.0,0.0,False
CUST00810,2,0,2,2168.83,0.0,0.0,False
CUST00812,5,0,5,9211.4,0.0,0.0,False
CUST00813,3,0,3,4300.57,0.0,0.0,False
CUST00814,8,0,8,18339.64,0.0,0.0,False
CUST00817,1,0,1,6840.42,0.0,0.0,False
CUST00819,2,0,2,7634.73,0.0,0.0,False
CUST00820,5,0,5,12927.92,0.0,0.0,False
CUST00822,4,0,3,10711.91,0.0,0.0,False
CUST00825,1,0,1,803.25,0.0,0.0,False
CUST00829,5,0,5,8854.03,0.0,0.0,False
CUST00832,1,0,1,3777.75,0.0,0.0,False
CUST00833,2,0,2,2266.26,0.0,0.0,False
CUST00834,2,0,2,3069.64,0.0,0.0,False
CUST00835,4,0,4,5766.32,0.0,0.0,False
CUST00837,4,0,4,10226.91,0.0,0.0,False
CUST00838,3,0,3,6769.02,0.0,0.0,False
CUST00839,3,0,2,6353.9800000000005,0.0,0.0,False
CUST00840,2,0,2,2571.63,0.0,0.0,False
CUST00841,7,0,7,12915.92,0.0,0.0,False
CUST00842,1,0,1,2320.42,0.0,0.0,False
CUST00843,3,0,3,5183.84,0.0,0.0,False
CUST00845,3,0,3,6297.01,0.0,0.0,False
CUST00846,5,0,5,8974.369999999999,0.0,0.0,False
CUST00847,3,0,3,10929.359999999999,0.0,0.0,False
CUST00848,4,0,4,9335.49,0.0,0.0,False
CUST00851,3,0,3,6697.01,0.0,0.0,False
CUST00853,7,0,7,13996.66,0.0,0.0,False
CUST00854,3,0,3,5323.24,0.0,0.0,False
CUST00857,2,0,2,7159.429999999999,0.0,0.0,False
CUST00858,2,0,1,1866.6799999999998,0.0,0.0,False
CUST00859,1,0,1,1356.01,0.0,0.0,False
CUST00860,7,0,7,17758.989999999998,0.0,0.0,False
CUST00863,8,0,7,20316.71,0.0,0.0,False
CUST00865,4,0,4,6916.700000000001,0.0,0.0,False
CUST00866,1,0,1,1341.9,0.0,0.0,False
CUST00867,2,0,2,5021.9400000000005,0.0,0.0,False
CUST00868,4,0,4,6722.66,0.0,0.0,False
CUST00871,4,0,4,6192.47,0.0,0.0,False
CUST00876,2,0,2,4041.94,0.0,0.0,False
CUST00877,4,0,4,5682.71,0.0,0.0,False
CUST00879,8,0,8,24195.67,0.0,0.0,False
CUST00880,1,0,1,1112.49,0.0,0.0,False
CUST00881,1,0,1,2861.78,0.0,0.0,False
CUST00882,4,0,4,4853.34,0.0,0.0,False
CUST00883,2,0,2,2403.75,0.0,0.0,False
CUST00884,2,0,2,5324.4,0.0,0.0,False
CUST00885,1,0,1,1499.54,0.0,0.0,False
CUST00887,4,0,4,9812.24,0.0,0.0,False
CUST00889,4,0,4,5625.2699999999995,0.0,0.0,False
CUST00890,3,0,3,4371.8,0.0,0.0,False
CUST00891,5,0,5,13887.02,0.0,0.0,False
CUST00892,2,0,2,2819.74,0.0,0.0,False
CUST00894,2,0,1,7302.15,0.0,0.0,False
CUST00895,3,0,3,8842.25,0.0,0.0,False
CUST00897,2,0,2,2468.83,0.0,0.0,False
CUST00898,2,0,2,4626.85,0.0,0.0,False
CUST00902,5,0,5,6131.63,0.0,0.0,False
CUST00903,3,0,3,10453.65,0.0,0.0,False
CUST00907,4,0,4,3568.6800000000003,0.0,0.0,False
CUST00908,2,0,2,10967.869999999999,0.0,0.0,False
CUST00912,2,0,2,2355.8900000000003,0.0,0.0,False
CUST00913,2,0,2,2248.49,0.0,0.0,False
CUST00914,3,0,3,3706.75,0.0,0.0,False
CUST00916,5,0,5,11213.24,0.0,0.0,False
CUST00919,4,0,4,11921.130000000001,0.0,0.0,False
CUST00920,1,0,1,1571.0,0.0,0.0,False
CUST00921,1,0,1,744.49,0.0,0.0,False
CUST00922,7,0,7,31639.43,0.0,0.0,False
CUST00926,5,0,5,7679.95,0.0,0.0,False
CUST00931,2,0,2,4396.29,0.0,0.0,False
CUST00932,5,0,5,7862.63,0.0,0.0,False
CUST00933,2,0,2,2292.63,0.0,0.0,False
CUST00934,2,0,2,4910.02,0.0,0.0,False
CUST00935,5,0,5,12478.81,0.0,0.0,False
CUST00938,3,0,3,8747.22,0.0,0.0,False
CUST00940,8,0,8,20879.28,0.0,0.0,False
CUST00942,1,0,0,3648.24,0.0,0.0,False
CUST00943,2,0,2,8549.84,0.0,0.0,False
CUST00944,3,0,2,5811.86,0.0,0.0,False
CUST00945,5,0,5,14148.7,0.0,0.0,False
CUST00947,5,0,5,7380.52,0.0,0.0,False
CUST00950,3,0,2,8437.76,0.0,0.0,False
CUST00951,4,0,4,13615.470000000001,0.0,0.0,False
CUST00952,4,0,4,12397.289999999999,0.0,0.0,False
CUST00953,3,0,2,4545.38,0.0,0.0,False
CUST00956,2,0,2,3193.5200000000004,0.0,0.0,False
CUST00957,6,0,6,12604.32,0.0,0.0,False
CUST00960,4,0,4,6565.63,0.0,0.0,False
CUST00961,2,0,2,7940.24,0.0,0.0,False
CUST00968,5,0,5,7196.48,0.0,0.0,False
CUST00969,3,0,3,5343.74,0.0,0.0,False
CUST00971,2,0,2,4311.530000000001,0.0,0.0,False
CUST00972,4,0,4,3857.24,0.0,0.0,False
CUST00974,2,0,2,2283.5,0.0,0.0,False
CUST00977,1,0,0,4804.44,0.0,0.0,False
CUST00978,4,0,3,8666.91,0.0,0.0,False
CUST00979,3,0,3,12470.05,0.0,0.0,False
CUST00981,5,0,5,6164.74,0.0,0.0,False
CUST00982,2,0,2,5723.299999999999,0.0,0.0,False
CUST00983,9,0,8,17131.64,0.0,0.0,False
CUST00985,3,0,2,2548.34,0.0,0.0,False
CUST00986,1,0,1,3534.18,0.0,0.0,False
CUST00987,4,0,4,8446.71,0.0,0.0,False
CUST00991,4,0,3,7494.29,0.0,0.0,False
CUST01001,3,0,3,1638.83,0.0,0.0,False
CUST01002,3,0,3,9974.67,0.0,0.0,False
CUST01003,3,0,2,9381.62,0.0,0.0,False
CUST01006,3,0,3,5245.09,0.0,0.0,False
CUST01007,5,0,5,8011.17,0.0,0.0,False
CUST01008,4,0,4,13996.92,0.0,0.0,False
CUST01009,3,0,3,7910.13,0.0,0.0,False
CUST01010,3,0,3,5567.1900000000005,0.0,0.0,False
CUST01011,1,0,1,1418.7,0.0,0.0,False
CUST01012,1,0,1,3207.3,0.0,0.0,False
CUST01015,9,0,8,28233.82,0.0,0.0,False
CUST01017,4,0,4,7889.24,0.0,0.0,False
CUST01018,5,0,5,17292.969999999998,0.0,0.0,False
CUST01019,6,0,5,11213.91,0.0,0.0,False
CUST01021,6,0,6,11820.1,0.0,0.0,False
CUST01028,3,0,3,3325.1099999999997,0.0,0.0,False
CUST01032,4,0,4,6533.55,0.0,0.0,False
CUST01033,6,0,6,15990.96,0.0,0.0,False
CUST01034,5,0,5,6743.94,0.0,0.0,False
CUST01036,1,0,1,6144.42,0.0,0.0,False
CUST01037,5,0,4,3974.87,0.0,0.0,False
CUST01038,4,0,3,11946.6,0.0,0.0,False
CUST01042,5,0,5,12324.47,0.0,0.0,False
CUST01043,3,0,3,7750.25,0.0,0.0,False
CUST01044,5,0,5,15727.85,0.0,0.0,False
CUST01045,1,0,1,1641.0,0.0,0.0,False
CUST01053,3,0,2,6626.379999999999,0.0,0.0,False
CUST01055,1,0,1,4425.24,0.0,0.0,False
CUST01058,7,0,7,11145.86,0.0,0.0,False
CUST01059,3,0,3,8030.99,0.0,0.0,False
CUST01061,1,0,1,1011.11,0.0,0.0,False
CUST01062,3,0,2,8643.65,0.0,0.0,False
CUST01063,6,0,6,15714.65,0.0,0.0,False
CUST01066,4,0,3,6292.2300000000005,0.0,0.0,False
CUST01068,3,0,2,6681.389999999999,0.0,0.0,False
CUST01069,5,0,5,9205.29,0.0,0.0,False
CUST01076,5,0,5,10775.65,0.0,0.0,False
CUST01077,4,0,4,4182.37,0.0,0.0,False
CUST01081,1,0,1,2277.0,0.0,0.0,False
CUST01082,1,0,1,1852.9,0.0,0.0,False
CUST01083,3,0,2,4093.4500000000003,0.0,0.0,False
CUST01084,2,0,2,6819.33,0.0,0.0,False
CUST01087,3,0,3,6128.5,0.0,0.0,False
CUST01088,4,0,4,6382.610000000001,0.0,0.0,False
CUST01089,3,0,3,4387.66,0.0,0.0,False
CUST01091,2,0,2,5942.99,0.0,0.0,False
CUST01094,3,0,3,6099.11,0.0,0.0,False
CUST01095,3,0,3,2870.69,0.0,0.0,False
CUST01098,7,0,7,11872.54,0.0,0.0,False
CUST01101,6,0,6,12308.99,0.0,0.0,False
CUST01102,6,0,5,19261.56,0.0,0.0,False
CUST01103,3,0,2,3884.18,0.0,0.0,False
CUST01104,4,0,4,5171.610000000001,0.0,0.0,False
CUST01106,4,0,4,20126.43,0.0,0.0,False
CUST01111,3,0,2,7492.8099999999995,0.0,0.0,False
CUST01112,5,0,5,12232.910000000002,0.0,0.0,False
CUST01115,5,0,5,13357.619999999999,0.0,0.0,False
CUST01116,2,0,1,3867.8500000000004,0.0,0.0,False
CUST01119,4,0,4,5873.7300000000005,0.0,0.0,False
CUST01121,2,0,2,5196.7,0.0,0.0,False
CUST01122,3,0,3,5810.59,0.0,0.0,False
CUST01125,4,0,4,9381.53,0.0,0.0,False
CUST01126,8,0,8,18926.08,0.0,0.0,False
CUST01127,6,0,4,11686.42,0.0,0.0,False
CUST01129,7,0,7,17873.73,0.0,0.0,False
CUST01130,4,0,3,12894.779999999999,0.0,0.0,False
CUST01132,3,0,3,13468.86,0.0,0.0,False
CUST01133,3,0,3,2681.25,0.0,0.0,False
CUST01134,6,0,6,15563.48,0.0,0.0,False
CUST01136,1,0,1,1012.71,0.0,0.0,False
CUST01137,2,0,2,2939.67,0.0,0.0,False
CUST01138,2,0,1,1803.95,0.0,0.0,False
CUST01139,2,0,2,2118.1099999999997,0.0,0.0,False
CUST01140,2,0,2,6793.280000000001,0.0,0.0,False
CUST01143,3,0,3,7668.16,0.0,0.0,False
CUST01144,3,0,3,4807.91,0.0,0.0,False
CUST01146,3,0,2,5124.86,0.0,0.0,False
CUST01148,2,0,1,2865.4700000000003,0.0,0.0,False
CUST01151,3,0,2,5975.42,0.0,0.0,False
CUST01152,3,0,2,3444.45,0.0,0.0,False
CUST01154,2,0,2,2970.36,0.0,0.0,False
CUST01155,5,0,5,8489.16,0.0,0.0,False
CUST01156,4,0,3,8672.98,0.0,0.0,False
CUST01158,4,0,4,7482.89,0.0,0.0,False
CUST01161,6,0,6,23965.92,0.0,0.0,False
CUST01162,5,0,4,17704.98,0.0,0.0,False
CUST01163,3,0,3,7463.87,0.0,0.0,False
CUST01167,6,0,5,10741.619999999999,0.0,0.0,False
CUST01169,4,0,3,8781.99,0.0,0.0,False
CUST01172,3,0,3,5656.55,0.0,0.0,False
CUST01175,4,0,4,10839.35,0.0,0.0,False
CUST01177,6,0,6,8399.58,0.0,0.0,False
CUST01179,4,0,4,7772.8,0.0,0.0,False
CUST01180,6,0,6,11228.13,0.0,0.0,False
CUST01183,5,0,5,10006.810000000001,0.0,0.0,False
CUST01185,1,0,1,1559.4,0.0,0.0,False
CUST01187,3,0,3,6517.88,0.0,0.0,False
CUST01188,5,0,3,12838.650000000001,0.0,0.0,False
CUST01190,3,0,2,9364.14,0.0,0.0,False
CUST01192,1,0,1,3900.78,0.0,0.0,False
CUST01193,4,0,4,8557.210000000001,0.0,0.0,False
CUST01194,3,0,3,8958.04,0.0,0.0,False
CUST01196,3,0,3,7114.459999999999,0.0,0.0,False
CUST01199,4,0,4,3143.17,0.0,0.0,False
CUST01200,3,0,3,4197.6900000000005,0.0,0.0,False
CUST01201,4,0,4,8184.57,0.0,0.0,False
CUST01202,2,0,2,1607.1999999999998,0.0,0.0,False
CUST01203,6,0,5,5555.639999999999,0.0,0.0,False
CUST01206,4,0,4,5534.81,0.0,0.0,False
CUST01208,6,0,6,11176.66,0.0,0.0,False
CUST01210,5,0,5,6564.2,0.0,0.0,False
CUST01211,3,0,3,5257.75,0.0,0.0,False
CUST01212,5,0,4,12580.59,0.0,0.0,False
CUST01214,4,0,4,14382.76,0.0,0.0,False
CUST01216,1,0,1,4132.98,0.0,0.0,False
CUST01217,4,0,4,5414.85,0.0,0.0,False
CUST01219,3,0,3,3129.6800000000003,0.0,0.0,False
CUST01221,6,0,6,15906.5,0.0,0.0,False
CUST01222,4,0,4,17138.6,0.0,0.0,False
CUST01223,3,0,3,7766.4,0.0,0.0,False
CUST01225,6,0,5,16142.0,0.0,0.0,False
CUST01227,2,0,2,2582.8,0.0,0.0,False
CUST01231,4,0,4,9902.289999999999,0.0,0.0,False
CUST01232,1,0,0,1650.63,0.0,0.0,False
CUST01234,3,0,3,10821.61,0.0,0.0,False
CUST01235,4,0,4,7817.78,0.0,0.0,False
CUST01236,2,0,2,1284.25,0.0,0.0,False
CUST01238,3,0,3,2961.58,0.0,0.0,False
CUST01240,5,0,4,6013.34,0.0,0.0,False
CUST01244,4,0,4,5017.46,0.0,0.0,False
CUST01245,2,0,1,2432.6,0.0,0.0,False
CUST01249,2,0,1,5373.4,0.0,0.0,False
CUST01250,6,0,6,5282.36,0.0,0.0,False
CUST01252,2,0,2,2977.2799999999997,0.0,0.0,False
CUST01253,4,0,4,11236.800000000001,0.0,0.0,False
CUST01254,5,0,5,6391.19,0.0,0.0,False
CUST01261,3,0,3,5369.54,0.0,0.0,False
CUST01263,10,0,10,22564.13,0.0,0.0,False
CUST01264,4,0,4,5508.62,0.0,0.0,False
CUST01266,2,0,1,3400.21,0.0,0.0,False
CUST01267,3,0,3,7528.68,0.0,0.0,False
CUST01268,3,0,3,1514.31,0.0,0.0,False
CUST01270,3,0,3,3477.48,0.0,0.0,False
CUST01271,3,0,3,7112.6,0.0,0.0,False
CUST01272,2,0,2,7900.92,0.0,0.0,False
CUST01273,1,0,1,558.43,0.0,0.0,False
CUST01274,2,0,2,3884.56,0.0,0.0,False
CUST01277,2,0,2,1341.28,0.0,0.0,False
CUST01279,3,0,3,2184.7700000000004,0.0,0.0,False
CUST01280,4,0,4,8311.84,0.0,0.0,False
CUST01281,5,0,5,6507.78,0.0,0.0,False
CUST01282,3,0,1,6802.28,0.0,0.0,False
CUST01284,2,0,2,3360.36,0.0,0.0,False
CUST01287,5,0,5,10630.67,0.0,0.0,False
CUST01288,5,0,5,6630.5,0.0,0.0,False
CUST01289,3,0,3,3655.74,0.0,0.0,False
CUST01290,1,0,1,1031.73,0.0,0.0,False
CUST01291,5,0,5,12215.0,0.0,0.0,False
CUST01292,3,0,3,2121.99,0.0,0.0,False
CUST01293,2,0,2,1786.88,0.0,0.0,False
CUST01296,4,0,4,10299.470000000001,0.0,0.0,False
CUST01298,4,0,4,10096.42,0.0,0.0,False
CUST01301,2,0,1,8155.179999999999,0.0,0.0,False
CUST01302,3,0,3,8954.4,0.0,0.0,False
CUST01305,3,0,3,12067.58,0.0,0.0,False
CUST01307,4,0,4,9015.54,0.0,0.0,False
CUST01309,2,0,1,1934.02,0.0,0.0,False
CUST01310,2,0,2,7654.32,0.0,0.0,False
CUST01311,4,0,4,13602.38,0.0,0.0,False
CUST01312,3,0,2,3173.3500000000004,0.0,0.0,False
CUST01313,2,0,2,2624.97,0.0,0.0,False
CUST01315,2,0,1,5485.139999999999,0.0,0.0,False
CUST01316,2,0,2,2993.5099999999998,0.0,0.0,False
CUST01317,5,0,5,9966.27,0.0,0.0,False
CUST01318,6,0,6,13835.4,0.0,0.0,False
CUST01320,5,0,5,6923.43,0.0,0.0,False
CUST01323,5,0,5,9992.53,0.0,0.0,False
CUST01326,1,0,1,1308.33,0.0,0.0,False
CUST01327,4,0,4,6291.62,0.0,0.0,False
CUST01328,4,0,4,8214.44,0.0,0.0,False
CUST01329,1,0,1,541.03,0.0,0.0,False
CUST01331,2,0,2,2035.13,0.0,0.0,False
CUST01332,5,0,5,10906.51,0.0,0.0,False
CUST01333,3,0,3,4629.360000000001,0.0,0.0,False
CUST01334,4,0,4,4751.8099999999995,0.0,0.0,False
CUST01336,3,0,3,5527.540000000001,0.0,0.0,False
CUST01337,1,0,1,1579.09,0.0,0.0,False
CUST01339,2,0,2,5196.84,0.0,0.0,False
CUST01342,1,0,0,949.52,0.0,0.0,False
CUST01343,4,0,4,6884.6,0.0,0.0,False
CUST01344,6,0,6,17735.0,0.0,0.0,False
CUST01346,6,0,6,11384.22,0.0,0.0,False
CUST01347,8,0,8,16175.23,0.0,0.0,False
CUST01348,2,0,2,2252.16,0.0,0.0,False
CUST01349,3,0,3,5082.03,0.0,0.0,False
CUST01356,2,0,1,5385.52,0.0,0.0,False
CUST01357,1,0,1,1099.62,0.0,0.0,False
CUST01361,2,0,2,2779.29,0.0,0.0,False
CUST01362,1,0,1,1760.28,0.0,0.0,False
CUST01365,2,0,2,3473.56,0.0,0.0,False
CUST01366,4,0,4,7500.77,0.0,0.0,False
CUST01367,5,0,5,10439.56,0.0,0.0,False
CUST01369,4,0,4,14824.550000000001,0.0,0.0,False
CUST01370,5,0,5,15393.31,0.0,0.0,False
CUST01371,4,0,4,9398.529999999999,0.0,0.0,False
CUST01373,6,0,4,23788.56,0.0,0.0,False
CUST01375,3,0,2,6143.35,0.0,0.0,False
CUST01376,5,0,5,9023.650000000001,0.0,0.0,False
CUST01378,2,0,2,3511.51,0.0,0.0,False
CUST01381,2,0,1,3132.36,0.0,0.0,False
CUST01382,3,0,2,2801.44,0.0,0.0,False
CUST01383,4,0,4,6806.31,0.0,0.0,False
CUST01384,3,0,3,6598.0,0.0,0.0,False
CUST01388,1,0,1,1181.22,0.0,0.0,False
CUST01392,6,0,5,23309.14,0.0,0.0,False
CUST01393,2,0,2,3801.9100000000003,0.0,0.0,False
CUST01397,4,0,4,5105.79,0.0,0.0,False
CUST01398,6,0,6,13691.199999999999,0.0,0.0,False
CUST01399,1,0,1,813.15,0.0,0.0,False
CUST01401,4,0,4,13630.77,0.0,0.0,False
CUST01402,4,0,4,6457.21,0.0,0.0,False
CUST01403,7,0,7,12717.71,0.0,0.0,False
CUST01404,4,0,4,10510.23,0.0,0.0,False
CUST01406,2,0,2,5248.01,0.0,0.0,False
CUST01407,2,0,2,5976.8,0.0,0.0,False
CUST01408,1,0,1,2011.6,0.0,0.0,False
CUST01413,1,0,1,1369.3,0.0,0.0,False
CUST01415,4,0,4,6186.1,0.0,0.0,False
CUST01418,3,0,2,7673.47,0.0,0.0,False
CUST01419,4,0,4,8016.92,0.0,0.0,False
CUST01422,4,0,4,6341.610000000001,0.0,0.0,False
CUST01423,2,0,2,3089.26,0.0,0.0,False
CUST01424,4,0,4,5694.9400000000005,0.0,0.0,False
CUST01425,4,0,4,11234.36,0.0,0.0,False
CUST01431,4,0,3,12157.5,0.0,0.0,False
CUST01432,4,0,4,6330.2,0.0,0.0,False
CUST01433,4,0,4,7543.88,0.0,0.0,False
CUST01435,2,0,2,3192.38,0.0,0.0,False
CUST01436,3,0,3,3319.29,0.0,0.0,False
CUST01437,2,0,2,1860.44,0.0,0.0,False
CUST01439,3,0,3,3185.49,0.0,0.0,False
CUST01440,5,0,5,8667.76,0.0,0.0,False
CUST01441,2,0,2,844.6500000000001,0.0,0.0,False
CUST01443,5,0,3,13228.029999999999,0.0,0.0,False
CUST01445,2,0,2,5874.52,0.0,0.0,False
CUST01449,1,0,1,1264.37,0.0,0.0,False
CUST01455,9,0,9,16587.71,0.0,0.0,False
CUST01456,3,0,3,7135.81,0.0,0.0,False
CUST01458,1,0,1,924.02,0.0,0.0,False
CUST01460,2,0,2,5022.84,0.0,0.0,False
CUST01461,1,0,1,962.86,0.0,0.0,False
CUST01462,4,0,4,14038.69,0.0,0.0,False
CUST01463,8,0,6,13728.369999999999,0.0,0.0,False
CUST01465,1,0,1,1226.67,0.0,0.0,False
CUST01466,3,0,2,3190.15,0.0,0.0,False
CUST01467,4,0,4,8814.52,0.0,0.0,False
CUST01468,4,0,4,11746.9,0.0,0.0,False
CUST01469,1,0,1,1042.49,0.0,0.0,False
CUST01470,2,0,2,1036.06,0.0,0.0,False
CUST01471,2,0,2,2966.26,0.0,0.0,False
CUST01472,4,0,3,10552.21,0.0,0.0,False
CUST01475,4,0,4,9377.18,0.0,0.0,False
CUST01484,4,0,3,13824.96,0.0,0.0,False
CUST01486,2,0,2,5030.84,0.0,0.0,False
CUST01490,6,0,6,18363.59,0.0,0.0,False
CUST01491,3,0,2,4740.34,0.0,0.0,False
CUST01496,4,0,4,7688.219999999999,0.0,0.0,False
CUST01497,4,0,4,6585.68,0.0,0.0,False
CUST01498,4,0,4,8916.41,0.0,0.0,False
CUST01499,3,0,3,14016.37,0.0,0.0,False
CUST01500,6,0,6,4796.87,0.0,0.0,False
CUST01503,5,0,4,7320.69,0.0,0.0,False
CUST01505,4,0,4,9938.66,0.0,0.0,False
CUST01506,4,0,4,6322.99,0.0,0.0,False
CUST01508,2,0,2,3560.9,0.0,0.0,False
CUST01509,5,0,5,12651.57,0.0,0.0,False
CUST01510,2,0,2,9942.720000000001,0.0,0.0,False
CUST01511,3,0,3,7231.35,0.0,0.0,False
CUST01514,2,0,2,1928.3400000000001,0.0,0.0,False
CUST01518,7,0,6,21180.03,0.0,0.0,False
CUST01519,5,0,5,9412.66,0.0,0.0,False
CUST01521,1,0,1,3082.3,0.0,0.0,False
CUST01522,7,0,7,17899.55,0.0,0.0,False
CUST01523,4,0,3,9277.1,0.0,0.0,False
CUST01524,2,0,2,2023.4099999999999,0.0,0.0,False
CUST01525,4,0,3,8699.64,0.0,0.0,False
CUST01526,3,0,3,3162.54,0.0,0.0,False
CUST01528,2,0,2,3848.56,0.0,0.0,False
CUST01529,3,0,3,2659.9700000000003,0.0,0.0,False
CUST01530,4,0,4,5393.01,0.0,0.0,False
CUST01540,2,0,2,1564.53,0.0,0.0,False
CUST01541,2,0,2,1812.75,0.0,0.0,False
CUST01542,2,0,2,5475.12,0.0,0.0,False
CUST01543,4,0,3,5910.35,0.0,0.0,False
CUST01545,1,0,1,2050.06,0.0,0.0,False
CUST01547,4,0,4,8234.1,0.0,0.0,False
CUST01550,1,0,1,4456.23,0.0,0.0,False
CUST01551,2,0,2,9112.75,0.0,0.0,False
CUST01553,1,0,1,2065.38,0.0,0.0,False
CUST01555,6,0,5,15908.749999999998,0.0,0.0,False
CUST01556,6,0,4,7868.89,0.0,0.0,False
CUST01557,4,0,4,11356.68,0.0,0.0,False
CUST01558,1,0,1,402.96,0.0,0.0,False
CUST01560,3,0,3,5484.31,0.0,0.0,False
CUST01562,3,0,3,7343.0,0.0,0.0,False
CUST01563,2,0,2,2307.13,0.0,0.0,False
CUST01566,5,0,5,7528.360000000001,0.0,0.0,False
CUST01567,2,0,2,7300.24,0.0,0.0,False
CUST01568,1,0,1,1242.34,0.0,0.0,False
CUST01569,1,0,1,1106.67,0.0,0.0,False
CUST01572,5,0,4,11462.93,0.0,0.0,False
CUST01573,6,0,5,15667.14,0.0,0.0,False
CUST01574,6,0,6,12732.46,0.0,0.0,False
CUST01575,2,0,2,3120.34,0.0,0.0,False
CUST01577,3,0,3,2988.2,0.0,0.0,False
CUST01578,7,0,6,13314.44,0.0,0.0,False
CUST01579,4,0,4,10392.41,0.0,0.0,False
CUST01580,1,0,1,3813.51,0.0,0.0,False
CUST01581,3,0,3,9911.72,0.0,0.0,False
CUST01582,4,0,4,6846.34,0.0,0.0,False
CUST01583,1,0,1,656.86,0.0,0.0,False
CUST01584,2,0,2,4395.76,0.0,0.0,False
CUST01585,8,0,8,10301.119999999999,0.0,0.0,False
CUST01586,2,0,2,4038.49,0.0,0.0,False
CUST01588,4,0,4,11670.84,0.0,0.0,False
CUST01589,2,0,2,4008.05,0.0,0.0,False
CUST01591,1,0,1,1984.91,0.0,0.0,False
CUST01592,5,0,5,11371.62,0.0,0.0,False
CUST01593,3,0,3,5335.360000000001,0.0,0.0,False
CUST01594,3,0,3,5773.900000000001,0.0,0.0,False
CUST01597,2,0,2,5587.5599999999995,0.0,0.0,False
CUST01599,7,0,7,20756.97,0.0,0.0,False
CUST01600,3,0,2,8051.63,0.0,0.0,False
CUST01603,6,0,6,13929.18,0.0,0.0,False
CUST01604,3,0,3,7679.0599999999995,0.0,0.0,False
CUST01606,3,0,3,5513.27,0.0,0.0,False
CUST01608,1,0,1,768.82,0.0,0.0,False
CUST01610,4,0,3,8603.32,0.0,0.0,False
CUST01611,1,0,1,7184.56,0.0,0.0,False
CUST01613,2,0,2,3043.44,0.0,0.0,False
CUST01614,2,0,2,8596.21,0.0,0.0,False
CUST01622,5,0,5,8439.77,0.0,0.0,False
CUST01623,1,0,1,411.7,0.0,0.0,False
CUST01625,5,0,5,15710.0,0.0,0.0,False
CUST01627,6,0,6,7543.57,0.0,0.0,False
CUST01629,4,0,4,8251.85,0.0,0.0,False
CUST01630,6,0,6,8215.24,0.0,0.0,False
CUST01631,2,0,2,13085.509999999998,0.0,0.0,False
CUST01632,2,0,2,3990.75,0.0,0.0,False
CUST01633,5,0,5,10408.970000000001,0.0,0.0,False
CUST01634,5,0,5,17046.79,0.0,0.0,False
CUST01635,3,0,3,2738.38,0.0,0.0,False
CUST01636,3,0,3,5371.48,0.0,0.0,False
CUST01637,4,0,4,3549.55,0.0,0.0,False
CUST01639,4,0,4,4711.7,0.0,0.0,False
CUST01641,5,0,5,16198.37,0.0,0.0,False
CUST01642,4,0,4,5051.88,0.0,0.0,False
CUST01643,7,0,7,11340.24,0.0,0.0,False
CUST01644,5,0,5,14594.34,0.0,0.0,False
CUST01645,3,0,3,7231.57,0.0,0.0,False
CUST01652,1,0,1,4188.68,0.0,0.0,False
CUST01655,4,0,4,8917.92,0.0,0.0,False
CUST01656,2,0,2,5504.91,0.0,0.0,False
CUST01657,3,0,3,3786.54,0.0,0.0,False
CUST01658,4,0,4,7720.33,0.0,0.0,False
CUST01660,4,0,4,5028.79,0.0,0.0,False
CUST01661,6,0,6,21413.27,0.0,0.0,False
CUST01665,1,0,1,576.55,0.0,0.0,False
CUST01666,4,0,3,5368.98,0.0,0.0,False
CUST01667,4,0,4,5014.9800000000005,0.0,0.0,False
CUST01668,3,0,3,7001.2,0.0,0.0,False
CUST01669,6,0,5,21289.23,0.0,0.0,False
CUST01670,4,0,4,7162.889999999999,0.0,0.0,False
CUST01671,3,0,3,9900.15,0.0,0.0,False
CUST01675,4,0,4,6473.72,0.0,0.0,False
CUST01678,4,0,3,15381.96,0.0,0.0,False
CUST01679,3,0,3,4197.7,0.0,0.0,False
CUST01682,4,0,4,7650.54,0.0,0.0,False
CUST01684,3,0,3,6599.58,0.0,0.0,False
CUST01687,4,0,4,10395.560000000001,0.0,0.0,False
CUST01690,3,0,3,3694.85,0.0,0.0,False
CUST01691,3,0,2,3030.43,0.0,0.0,False
CUST01693,7,0,7,18257.739999999998,0.0,0.0,False
CUST01694,2,0,2,1261.7,0.0,0.0,False
CUST01695,1,0,1,784.6,0.0,0.0,False
CUST01700,2,0,2,6319.74,0.0,0.0,False
CUST01702,2,0,2,3262.77,0.0,0.0,False
CUST01703,5,0,4,8410.92,0.0,0.0,False
CUST01704,4,0,4,14011.61,0.0,0.0,False
CUST01706,4,0,3,7508.13,0.0,0.0,False
CUST01709,2,0,2,9964.45,0.0,0.0,False
CUST01710,6,0,5,11305.46,0.0,0.0,False
CUST01713,4,0,3,13688.3,0.0,0.0,False
CUST01714,4,0,4,10244.05,0.0,0.0,False
CUST01715,5,0,5,8661.64,0.0,0.0,False
CUST01716,2,0,2,3359.34,0.0,0.0,False
CUST01717,1,0,1,1195.01,0.0,0.0,False
CUST01719,2,0,2,3050.8599999999997,0.0,0.0,False
CUST01721,2,0,2,6655.860000000001,0.0,0.0,False
CUST01723,4,0,4,9065.42,0.0,0.0,False
CUST01724,4,0,4,7580.95,0.0,0.0,False
CUST01725,1,0,1,1272.93,0.0,0.0,False
CUST01732,4,0,4,5406.92,0.0,0.0,False
CUST01733,3,0,3,13518.529999999999,0.0,0.0,False
CUST01734,3,0,3,3613.54,0.0,0.0,False
CUST01738,2,0,2,2094.79,0.0,0.0,False
CUST01739,4,0,3,5141.97,0.0,0.0,False
CUST01740,7,0,6,12229.44,0.0,0.0,False
CUST01742,7,0,7,17395.42,0.0,0.0,False
CUST01743,6,0,6,10891.24,0.0,0.0,False
CUST01744,6,0,6,5086.030000000001,0.0,0.0,False
CUST01745,4,0,4,7363.1900000000005,0.0,0.0,False
CUST01747,4,0,3,15902.31,0.0,0.0,False
CUST01750,2,0,2,10201.740000000002,0.0,0.0,False
CUST01753,2,0,2,4077.2599999999998,0.0,0.0,False
CUST01754,6,0,6,11964.8,0.0,0.0,False
CUST01756,3,0,3,4269.7699999999995,0.0,0.0,False
CUST01757,1,0,1,1259.37,0.0,0.0,False
CUST01758,4,0,4,12492.380000000001,0.0,0.0,False
CUST01759,4,0,4,5653.35,0.0,0.0,False
CUST01761,1,0,1,1123.62,0.0,0.0,False
CUST01765,3,0,3,2224.01,0.0,0.0,False
CUST01768,2,0,2,2429.25,0.0,0.0,False
CUST01769,4,0,4,5134.22,0.0,0.0,False
CUST01773,7,0,7,19431.690000000002,0.0,0.0,False
CUST01774,5,0,5,7633.400000000001,0.0,0.0,False
CUST01775,1,0,1,3280.46,0.0,0.0,False
CUST01777,7,0,6,16310.02,0.0,0.0,False
CUST01778,5,0,5,14398.73,0.0,0.0,False
CUST01779,3,0,3,12959.03,0.0,0.0,False
CUST01780,3,0,3,6943.51,0.0,0.0,False
CUST01781,4,0,4,11119.51,0.0,0.0,False
CUST01782,7,0,7,12163.25,0.0,0.0,False
CUST01783,4,0,4,4546.9400000000005,0.0,0.0,False
CUST01784,10,0,10,14015.34,0.0,0.0,False
CUST01785,2,0,2,3758.2799999999997,0.0,0.0,False
CUST01787,1,0,1,1790.47,0.0,0.0,False
CUST01788,4,0,4,6160.32,0.0,0.0,False
CUST01790,5,0,5,7284.67,0.0,0.0,False
CUST01792,3,0,3,4255.47,0.0,0.0,False
CUST01794,2,0,2,1626.2800000000002,0.0,0.0,False
CUST01796,4,0,4,9153.59,0.0,0.0,False
CUST01797,2,0,2,3733.3999999999996,0.0,0.0,False
CUST01798,2,0,2,6812.049999999999,0.0,0.0,False
CUST01800,4,0,4,11175.37,0.0,0.0,False
CUST01801,8,0,7,11054.98,0.0,0.0,False
CUST01805,2,0,2,2686.05,0.0,0.0,False
CUST01806,3,0,3,7068.550000000001,0.0,0.0,False
CUST01808,1,0,1,2499.39,0.0,0.0,False
CUST01809,3,0,3,7229.08,0.0,0.0,False
CUST01810,4,0,4,9017.759999999998,0.0,0.0,False
CUST01811,4,0,4,4408.59,0.0,0.0,False
CUST01813,4,0,4,13422.05,0.0,0.0,False
CUST01814,3,0,3,7230.450000000001,0.0,0.0,False
CUST01820,2,0,2,1691.09,0.0,0.0,False
CUST01821,1,0,1,2000.72,0.0,0.0,False
CUST01822,9,0,9,17015.32,0.0,0.0,False
CUST01823,2,0,2,3521.7,0.0,0.0,False
CUST01824,4,0,4,5616.16,0.0,0.0,False
CUST01826,2,0,2,3738.2599999999998,0.0,0.0,False
CUST01829,2,0,2,6772.84,0.0,0.0,False
CUST01830,4,0,4,9783.59,0.0,0.0,False
CUST01831,2,0,2,2069.82,0.0,0.0,False
CUST01832,8,0,8,19903.9,0.0,0.0,False
CUST01834,4,0,3,4255.71,0.0,0.0,False
CUST01835,6,0,5,20938.33,0.0,0.0,False
CUST01836,4,0,4,16472.92,0.0,0.0,False
CUST01837,2,0,2,4619.21,0.0,0.0,False
CUST01838,3,0,3,6049.02,0.0,0.0,False
CUST01839,1,0,1,1965.99,0.0,0.0,False
CUST01840,2,0,2,4762.950000000001,0.0,0.0,False
CUST01845,6,0,6,14004.689999999999,0.0,0.0,False
CUST01847,3,0,2,9197.79,0.0,0.0,False
CUST01848,3,0,3,8452.36,0.0,0.0,False
CUST01852,5,0,5,10783.05,0.0,0.0,False
CUST01854,6,0,6,7882.320000000001,0.0,0.0,False
CUST01855,6,0,5,11100.54,0.0,0.0,False
CUST01857,3,0,3,10453.9,0.0,0.0,False
CUST01860,4,0,4,21180.38,0.0,0.0,False
CUST01861,2,0,2,4575.58,0.0,0.0,False
CUST01865,5,0,5,9196.07,0.0,0.0,False
CUST01867,3,0,3,10857.23,0.0,0.0,False
CUST01869,1,0,1,1811.92,0.0,0.0,False
CUST01870,5,0,5,12105.16,0.0,0.0,False
CUST01871,2,0,0,7023.57,0.0,0.0,False
CUST01872,2,0,2,4948.389999999999,0.0,0.0,False
CUST01873,2,0,2,6711.0,0.0,0.0,False
CUST01874,2,0,2,4011.63,0.0,0.0,False
CUST01875,2,0,2,3865.04,0.0,0.0,False
CUST01878,4,0,4,12309.57,0.0,0.0,False
CUST01881,7,0,5,20318.5,0.0,0.0,False
CUST01883,7,0,7,21683.16,0.0,0.0,False
CUST01890,2,0,2,1564.12,0.0,0.0,False
CUST01891,4,0,3,6659.51,0.0,0.0,False
CUST01892,5,0,5,8068.28,0.0,0.0,False
CUST01897,3,0,2,5810.28,0.0,0.0,False
CUST01899,2,0,2,2436.82,0.0,0.0,False
CUST01900,3,0,3,10494.22,0.0,0.0,False
CUST01901,3,0,3,4531.43,0.0,0.0,False
CUST01902,5,0,5,15492.099999999999,0.0,0.0,False
CUST01905,7,0,7,11755.39,0.0,0.0,False
CUST01906,4,0,4,9716.619999999999,0.0,0.0,False
CUST01907,4,0,3,5749.57,0.0,0.0,False
CUST01908,5,0,5,13916.48,0.0,0.0,False
CUST01909,2,0,2,9895.36,0.0,0.0,False
CUST01912,2,0,2,8338.44,0.0,0.0,False
CUST01914,4,0,4,11591.31,0.0,0.0,False
CUST01915,1,0,1,858.09,0.0,0.0,False
CUST01916,6,0,6,8821.33,0.0,0.0,False
CUST01919,1,0,0,2893.36,0.0,0.0,False
CUST01921,5,0,5,9074.42,0.0,0.0,False
CUST01925,3,0,3,3038.09,0.0,0.0,False
CUST01927,2,0,2,4688.5199999999995,0.0,0.0,False
CUST01930,5,0,5,8706.36,0.0,0.0,False
CUST01931,10,0,9,19331.16,0.0,0.0,False
CUST01934,5,0,4,5896.08,0.0,0.0,False
CUST01936,7,0,7,13958.609999999999,0.0,0.0,False
CUST01938,3,0,3,13653.52,0.0,0.0,False
CUST01939,1,0,1,445.42,0.0,0.0,False
CUST01942,4,0,4,16005.19,0.0,0.0,False
CUST01944,3,0,3,5375.92,0.0,0.0,False
CUST01945,4,0,4,8723.35,0.0,0.0,False
CUST01946,3,0,2,2913.44,0.0,0.0,False
CUST01948,3,0,3,9191.09,0.0,0.0,False
CUST01949,6,0,6,7879.48,0.0,0.0,False
CUST01950,9,0,9,11895.26,0.0,0.0,False
CUST01951,2,0,2,2515.2200000000003,0.0,0.0,False
CUST01953,7,0,7,12061.28,0.0,0.0,False
CUST01954,4,0,4,8167.79,0.0,0.0,False
CUST01956,5,0,5,7840.15,0.0,0.0,False
CUST01959,2,0,2,7261.9,0.0,0.0,False
CUST01960,2,0,2,6173.820000000001,0.0,0.0,False
CUST01961,4,0,4,7920.08,0.0,0.0,False
CUST01962,4,0,3,9318.23,0.0,0.0,False
CUST01965,4,0,4,5454.65,0.0,0.0,False
CUST01967,4,0,3,5606.889999999999,0.0,0.0,False
CUST01968,7,0,6,20580.72,0.0,0.0,False
CUST01969,5,0,4,12329.39,0.0,0.0,False
CUST01970,2,0,1,2200.89,0.0,0.0,False
CUST01972,4,0,4,6867.45,0.0,0.0,False
CUST01973,1,0,1,1328.96,0.0,0.0,False
CUST01975,4,0,4,7801.469999999999,0.0,0.0,False
CUST01976,1,0,1,6444.32,0.0,0.0,False
CUST01979,4,0,4,8713.49,0.0,0.0,False
CUST01981,2,0,2,5408.1900000000005,0.0,0.0,False
CUST01982,3,0,3,3376.31,0.0,0.0,False
CUST01985,1,0,1,679.81,0.0,0.0,False
CUST01986,3,0,3,5223.37,0.0,0.0,False
CUST01987,4,0,3,7117.87,0.0,0.0,False
CUST01989,3,0,3,11015.650000000001,0.0,0.0,False
CUST01990,3,0,3,11855.61,0.0,0.0,False
CUST01992,7,0,7,9801.869999999999,0.0,0.0,False
CUST01993,2,0,2,3479.13,0.0,0.0,False
CUST01994,2,0,2,2477.96,0.0,0.0,False
CUST01995,2,0,2,3794.7200000000003,0.0,0.0,False
CUST01997,5,0,4,10860.99,0.0,0.0,False
CUST01998,1,0,1,957.5,0.0,0.0,False
CUST02000,1,0,1,2507.06,0.0,0.0,False
CUST02002,5,0,4,14346.789999999999,0.0,0.0,False
CUST02004,4,0,4,3629.99,0.0,0.0,False
CUST02005,5,0,3,7803.76,0.0,0.0,False
CUST02008,2,0,2,5361.16,0.0,0.0,False
CUST02010,5,0,5,13592.119999999999,0.0,0.0,False
CUST02011,1,0,1,856.08,0.0,0.0,False
CUST02013,8,0,8,22398.079999999998,0.0,0.0,False
CUST02014,3,0,3,10570.3,0.0,0.0,False
CUST02016,7,0,6,8392.8,0.0,0.0,False
CUST02017,5,0,5,10614.68,0.0,0.0,False
CUST02018,4,0,4,11005.470000000001,0.0,0.0,False
CUST02021,4,0,4,7581.01,0.0,0.0,False
CUST02022,3,0,3,7288.21,0.0,0.0,False
CUST02023,1,0,1,1457.11,0.0,0.0,False
CUST02024,3,0,3,3381.98,0.0,0.0,False
CUST02026,5,0,4,11102.2,0.0,0.0,False
CUST02027,4,0,4,5029.32,0.0,0.0,False
CUST02028,1,0,1,3864.8,0.0,0.0,False
CUST02029,10,0,10,19722.85,0.0,0.0,False
CUST02032,8,0,7,16239.79,0.0,0.0,False
CUST02033,4,0,4,7995.280000000001,0.0,0.0,False
CUST02034,2,0,2,10308.64,0.0,0.0,False
CUST02035,4,0,4,9576.0,0.0,0.0,False
CUST02036,2,0,2,3457.5,0.0,0.0,False
CUST02038,3,0,3,6186.95,0.0,0.0,False
CUST02039,3,0,3,5873.27,0.0,0.0,False
CUST02040,4,0,4,4732.67,0.0,0.0,False
CUST02042,1,0,1,905.56,0.0,0.0,False
CUST02048,4,0,3,4538.32,0.0,0.0,False
CUST02049,5,0,5,7260.639999999999,0.0,0.0,False
CUST02050,2,0,2,1407.21,0.0,0.0,False
CUST02051,1,0,1,419.3,0.0,0.0,False
CUST02053,4,0,4,9145.53,0.0,0.0,False
CUST02056,5,0,5,8214.59,0.0,0.0,False
CUST02057,4,0,4,7821.790000000001,0.0,0.0,False
CUST02058,3,0,3,3984.87,0.0,0.0,False
CUST02060,4,0,3,7776.2,0.0,0.0,False
CUST02063,4,0,4,3745.4,0.0,0.0,False
CUST02064,4,0,4,6977.8,0.0,0.0,False
CUST02066,1,0,1,2265.12,0.0,0.0,False
CUST02069,3,0,3,5585.34,0.0,0.0,False
CUST02071,4,0,4,6724.070000000001,0.0,0.0,False
CUST02075,5,0,5,15249.42,0.0,0.0,False
CUST02076,3,0,3,8890.92,0.0,0.0,False
CUST02078,2,0,2,1529.5300000000002,0.0,0.0,False
CUST02082,2,0,2,6955.539999999999,0.0,0.0,False
CUST02083,1,0,0,1679.4,0.0,0.0,False
CUST02085,6,0,6,7717.23,0.0,0.0,False
CUST02088,6,0,5,18530.899999999998,0.0,0.0,False
CUST02089,2,0,2,4215.139999999999,0.0,0.0,False
CUST02093,6,0,5,15437.26,0.0,0.0,False
CUST02094,2,0,2,1040.83,0.0,0.0,False
CUST02095,3,0,3,6407.65,0.0,0.0,False
CUST02097,4,0,4,12090.57,0.0,0.0,False
CUST02099,5,0,4,6917.76,0.0,0.0,False
CUST02100,3,0,3,3167.45,0.0,0.0,False
CUST02102,4,0,2,10521.8,0.0,0.0,False
CUST02103,8,0,7,19617.62,0.0,0.0,False
CUST02105,2,0,2,5633.57,0.0,0.0,False
CUST02109,1,0,1,932.51,0.0,0.0,False
CUST02110,4,0,4,14910.33,0.0,0.0,False
CUST02111,4,0,4,6213.41,0.0,0.0,False
CUST02112,1,0,1,1322.48,0.0,0.0,False
CUST02114,4,0,4,18290.41,0.0,0.0,False
CUST02116,5,0,5,14991.04,0.0,0.0,False
CUST02119,4,0,4,10069.27,0.0,0.0,False
CUST02125,1,0,1,3499.4,0.0,0.0,False
CUST02126,8,0,6,28843.53,0.0,0.0,False
CUST02128,3,0,3,8467.34,0.0,0.0,False
CUST02131,1,0,1,3644.19,0.0,0.0,False
CUST02132,4,0,3,9463.43,0.0,0.0,False
CUST02133,7,0,5,18146.87,0.0,0.0,False
CUST02134,3,0,3,12972.61,0.0,0.0,False
CUST02135,2,0,2,6897.450000000001,0.0,0.0,False
CUST02138,3,0,2,6233.29,0.0,0.0,False
CUST02139,2,0,2,1604.49,0.0,0.0,False
CUST02140,2,0,2,2750.05,0.0,0.0,False
CUST02142,3,0,3,5802.87,0.0,0.0,False
CUST02143,3,0,3,5258.75,0.0,0.0,False
CUST02144,2,0,2,2559.93,0.0,0.0,False
CUST02146,2,0,2,2699.04,0.0,0.0,False
CUST02147,5,0,5,9282.79,0.0,0.0,False
CUST02150,5,0,5,16981.86,0.0,0.0,False
CUST02151,2,0,2,2092.59,0.0,0.0,False
CUST02154,4,0,4,9331.6,0.0,0.0,False
CUST02155,4,0,4,6209.5,0.0,0.0,False
CUST02156,2,0,2,4065.73,0.0,0.0,False
CUST02157,3,0,2,4585.9,0.0,0.0,False
CUST02158,3,0,3,7277.82,0.0,0.0,False
CUST02159,3,0,3,5131.99,0.0,0.0,False
CUST02162,3,0,3,4379.14,0.0,0.0,False
CUST02166,2,0,2,2756.68,0.0,0.0,False
CUST02167,3,0,3,7790.57,0.0,0.0,False
CUST02168,3,0,3,6434.7,0.0,0.0,False
CUST02170,4,0,4,10963.33,0.0,0.0,False
CUST02171,5,0,4,17748.22,0.0,0.0,False
CUST02175,2,0,2,2378.45,0.0,0.0,False
CUST02177,4,0,4,11916.09,0.0,0.0,False
CUST02179,3,0,3,7633.55,0.0,0.0,False
CUST02180,2,0,2,7896.72,0.0,0.0,False
CUST02181,3,0,3,4291.07,0.0,0.0,False
CUST02182,4,0,4,10377.15,0.0,0.0,False
CUST02185,1,0,1,929.86,0.0,0.0,False
CUST02187,3,0,3,3817.6499999999996,0.0,0.0,False
CUST02188,7,0,5,11637.179999999998,0.0,0.0,False
CUST02189,4,0,4,6066.43,0.0,0.0,False
CUST02190,1,0,1,3870.7,0.0,0.0,False
CUST02191,3,0,3,9683.58,0.0,0.0,False
CUST02192,2,0,2,5707.22,0.0,0.0,False
CUST02195,3,0,3,2400.17,0.0,0.0,False
CUST02196,5,0,5,14067.54,0.0,0.0,False
CUST02200,2,0,2,3494.13,0.0,0.0,False
CUST02201,2,0,2,1796.8799999999999,0.0,0.0,False
CUST02206,4,0,4,5725.15,0.0,0.0,False
CUST02207,4,0,2,9027.02,0.0,0.0,False
CUST02208,1,0,1,7888.44,0.0,0.0,False
CUST02209,4,0,4,12289.849999999999,0.0,0.0,False
CUST02210,2,0,1,1550.1,0.0,0.0,False
CUST02211,4,0,4,11946.7,0.0,0.0,False
CUST02212,2,0,2,5226.96,0.0,0.0,False
CUST02215,1,0,1,1166.61,0.0,0.0,False
CUST02218,3,0,3,6675.29,0.0,0.0,False
CUST02220,1,0,1,760.62,0.0,0.0,False
CUST02221,7,0,7,19863.24,0.0,0.0,False
CUST02224,4,0,4,5025.56,0.0,0.0,False
CUST02225,3,0,3,8773.78,0.0,0.0,False
CUST02227,3,0,3,3428.04,0.0,0.0,False
CUST02230,5,0,4,6112.15,0.0,0.0,False
CUST02231,8,0,7,14880.29,0.0,0.0,False
CUST02233,3,0,3,4194.41,0.0,0.0,False
CUST02234,3,0,3,3294.7,0.0,0.0,False
CUST02235,4,0,4,12248.68,0.0,0.0,False
CUST02238,3,0,3,2149.64,0.0,0.0,False
CUST02240,1,0,1,1845.88,0.0,0.0,False
CUST02241,4,0,4,9041.33,0.0,0.0,False
CUST02242,6,0,6,14535.970000000001,0.0,0.0,False
CUST02244,4,0,4,8658.23,0.0,0.0,False
CUST02245,2,0,1,1059.77,0.0,0.0,False
CUST02246,3,0,3,7623.33,0.0,0.0,False
CUST02248,2,0,2,5278.62,0.0,0.0,False
CUST02249,4,0,4,9593.939999999999,0.0,0.0,False
CUST02252,4,0,3,7206.120000000001,0.0,0.0,False
CUST02257,3,0,3,10036.0,0.0,0.0,False
CUST02261,6,0,6,18087.2,0.0,0.0,False
CUST02262,8,0,7,19089.1,0.0,0.0,False
CUST02263,4,0,4,9985.650000000001,0.0,0.0,False
CUST02264,3,0,3,3514.76,0.0,0.0,False
CUST02265,2,0,2,5558.84,0.0,0.0,False
CUST02266,4,0,4,8064.859999999999,0.0,0.0,False
CUST02268,5,0,4,20886.31,0.0,0.0,False
CUST02269,4,0,4,7934.81,0.0,0.0,False
CUST02270,3,0,2,7142.539999999999,0.0,0.0,False
CUST02271,2,0,2,4841.02,0.0,0.0,False
CUST02272,4,0,4,9608.27,0.0,0.0,False
CUST02275,2,0,2,4724.51,0.0,0.0,False
CUST02277,4,0,4,5459.28,0.0,0.0,False
CUST02278,2,0,2,2941.67,0.0,0.0,False
CUST02280,6,0,5,11804.05,0.0,0.0,False
CUST02281,3,0,3,6459.02,0.0,0.0,False
CUST02283,2,0,2,6441.98,0.0,0.0,False
CUST02284,4,0,4,7620.49,0.0,0.0,False
CUST02285,3,0,3,8225.22,0.0,0.0,False
CUST02286,1,0,1,640.09,0.0,0.0,False
CUST02288,3,0,3,6570.62,0.0,0.0,False
CUST02290,3,0,3,2776.1,0.0,0.0,False
CUST02291,3,0,3,5549.46,0.0,0.0,False
CUST02293,3,0,3,7390.0599999999995,0.0,0.0,False
CUST02295,4,0,4,8859.8,0.0,0.0,False
CUST02297,4,0,4,10714.990000000002,0.0,0.0,False
CUST02298,5,0,5,11131.099999999999,0.0,0.0,False
CUST02300,4,0,4,5690.16,0.0,0.0,False
CUST02302,6,0,6,9320.369999999999,0.0,0.0,False
CUST02304,3,0,2,3117.19,0.0,0.0,False
CUST02306,5,0,5,9395.35,0.0,0.0,False
CUST02308,2,0,2,2544.49,0.0,0.0,False
CUST02310,4,0,4,6219.0599999999995,0.0,0.0,False
CUST02311,4,0,4,6192.59,0.0,0.0,False
CUST02312,2,0,2,3719.86,0.0,0.0,False
CUST02313,6,0,6,11653.63,0.0,0.0,False
CUST02314,4,0,4,9438.07,0.0,0.0,False
CUST02315,2,0,2,6579.87,0.0,0.0,False
CUST02317,4,0,4,7760.04,0.0,0.0,False
CUST02320,1,0,1,1600.3,0.0,0.0,False
CUST02321,3,0,3,5296.45,0.0,0.0,False
CUST02322,3,0,3,6512.91,0.0,0.0,False
CUST02323,3,0,3,6955.01,0.0,0.0,False
CUST02324,5,0,3,9740.26,0.0,0.0,False
CUST02325,1,0,1,884.85,0.0,0.0,False
CUST02326,2,0,2,5232.22,0.0,0.0,False
CUST02327,4,0,3,5546.21,0.0,0.0,False
CUST02332,4,0,4,8670.74,0.0,0.0,False
CUST02334,6,0,6,11360.1,0.0,0.0,False
CUST02337,3,0,3,3909.73,0.0,0.0,False
CUST02339,6,0,6,16930.010000000002,0.0,0.0,False
CUST02342,4,0,4,3783.83,0.0,0.0,False
CUST02343,3,0,1,2036.73,0.0,0.0,False
CUST02347,2,0,2,3521.42,0.0,0.0,False
CUST02351,2,0,2,7071.6,0.0,0.0,False
CUST02352,3,0,3,8172.87,0.0,0.0,False
CUST02353,4,0,4,6585.66,0.0,0.0,False
CUST02357,3,0,3,11913.58,0.0,0.0,False
CUST02358,6,0,6,14995.37,0.0,0.0,False
CUST02360,4,0,4,5974.429999999999,0.0,0.0,False
CUST02362,2,0,2,5335.76,0.0,0.0,False
CUST02365,2,0,2,6925.0,0.0,0.0,False
CUST02366,3,0,3,7758.4,0.0,0.0,False
CUST02367,4,0,4,7669.37,0.0,0.0,False
CUST02369,5,0,5,10032.95,0.0,0.0,False
CUST02371,1,0,1,476.04,0.0,0.0,False
CUST02372,1,0,1,3709.62,0.0,0.0,False
CUST02373,3,0,3,3647.5699999999997,0.0,0.0,False
CUST02375,3,0,2,5339.47,0.0,0.0,False
CUST02377,4,0,3,6670.9,0.0,0.0,False
CUST02378,2,0,2,8673.44,0.0,0.0,False
CUST02379,4,0,4,3712.56,0.0,0.0,False
CUST02380,4,0,3,8935.22,0.0,0.0,False
CUST02381,4,0,4,7054.65,0.0,0.0,False
CUST02382,4,0,3,8423.66,0.0,0.0,False
CUST02383,2,0,2,6219.67,0.0,0.0,False
CUST02384,1,0,1,5962.2,0.0,0.0,False
CUST02385,4,0,4,5060.08,0.0,0.0,False
CUST02387,5,0,5,7183.76,0.0,0.0,False
CUST02388,2,0,2,6113.92,0.0,0.0,False
CUST02389,3,0,3,2628.05,0.0,0.0,False
CUST02390,9,0,9,19606.45,0.0,0.0,False
CUST02391,2,0,2,1767.57,0.0,0.0,False
CUST02393,1,0,1,3245.82,0.0,0.0,False
CUST02395,2,0,2,4031.9,0.0,0.0,False
CUST02402,4,0,4,4644.59,0.0,0.0,False
CUST02403,3,0,3,11479.71,0.0,0.0,False
CUST02404,3,0,3,7648.4800000000005,0.0,0.0,False
CUST02405,3,0,2,3767.3500000000004,0.0,0.0,False
CUST02408,3,0,2,3895.2,0.0,0.0,False
CUST02409,1,0,1,2766.09,0.0,0.0,False
CUST02411,3,0,2,9740.54,0.0,0.0,False
CUST02412,2,0,2,1839.24,0.0,0.0,False
CUST02414,4,0,4,4466.7,0.0,0.0,False
CUST02415,1,0,1,1857.66,0.0,0.0,False
CUST02416,1,0,1,682.18,0.0,0.0,False
CUST02417,3,0,3,7267.07,0.0,0.0,False
CUST02419,4,0,4,13135.06,0.0,0.0,False
CUST02420,3,0,3,3331.3900000000003,0.0,0.0,False
CUST02422,6,0,6,10454.92,0.0,0.0,False
CUST02423,6,0,6,14516.960000000001,0.0,0.0,False
CUST02425,1,0,1,1907.96,0.0,0.0,False
CUST02426,3,0,3,7648.870000000001,0.0,0.0,False
CUST02427,3,0,3,7066.06,0.0,0.0,False
CUST02428,4,0,4,15318.65,0.0,0.0,False
CUST02429,5,0,5,17424.65,0.0,0.0,False
CUST02431,2,0,2,3420.4700000000003,0.0,0.0,False
CUST02432,5,0,5,10519.82,0.0,0.0,False
CUST02433,2,0,2,4129.12,0.0,0.0,False
CUST02434,1,0,0,2282.64,0.0,0.0,False
CUST02436,4,0,3,8968.2,0.0,0.0,False
CUST02437,1,0,1,6389.75,0.0,0.0,False
CUST02439,5,0,5,8049.42,0.0,0.0,False
CUST02440,5,0,5,9107.82,0.0,0.0,False
CUST02442,2,0,1,1718.63,0.0,0.0,False
CUST02443,1,0,1,4454.25,0.0,0.0,False
CUST02445,4,0,4,8607.02,0.0,0.0,False
CUST02447,3,0,3,3496.1,0.0,0.0,False
CUST02449,5,0,4,8758.56,0.0,0.0,False
CUST02450,7,0,7,8938.01,0.0,0.0,False
CUST02451,3,0,3,8804.76,0.0,0.0,False
CUST02453,2,0,2,1573.02,0.0,0.0,False
CUST02455,9,0,9,19191.23,0.0,0.0,False
CUST02456,3,0,2,4125.700000000001,0.0,0.0,False
CUST02460,4,0,3,3921.34,0.0,0.0,False
CUST02462,7,0,7,11795.099999999999,0.0,0.0,False
CUST02463,6,0,6,13446.69,0.0,0.0,False
CUST02464,4,0,4,9912.69,0.0,0.0,False
CUST02466,7,0,5,16919.72,0.0,0.0,False
CUST02467,5,0,5,6696.63,0.0,0.0,False
CUST02469,4,0,4,6126.52,0.0,0.0,False
CUST02471,4,0,4,4269.76,0.0,0.0,False
CUST02472,4,0,3,7354.97,0.0,0.0,False
CUST02473,9,0,9,18583.08,0.0,0.0,False
CUST02474,1,0,1,397.08,0.0,0.0,False
CUST02477,3,0,3,6878.33,0.0,0.0,False
CUST02478,3,0,3,7466.97,0.0,0.0,False
CUST02480,1,0,1,410.9,0.0,0.0,False
CUST02482,6,0,6,13802.44,0.0,0.0,False
CUST02483,5,0,5,17326.66,0.0,0.0,False
CUST02486,4,0,4,4859.3,0.0,0.0,False
CUST02489,4,0,4,7425.05,0.0,0.0,False
CUST02490,3,0,3,6917.280000000001,0.0,0.0,False
CUST02491,2,0,2,6044.24,0.0,0.0,False
CUST02497,5,0,5,9825.88,0.0,0.0,False
CUST02498,4,0,4,9366.619999999999,0.0,0.0,False
CUST02499,1,0,1,4808.68,0.0,0.0,False
CUST02500,1,0,1,630.72,0.0,0.0,False
CUST02501,4,0,4,4431.54,0.0,0.0,False
CUST02502,2,0,2,2613.16,0.0,0.0,False
CUST02504,5,0,5,8017.49,0.0,0.0,False
CUST02505,2,0,2,1145.77,0.0,0.0,False
CUST02508,4,0,4,13596.52,0.0,0.0,False
CUST02509,1,0,1,4500.42,0.0,0.0,False
CUST02511,5,0,5,10526.869999999999,0.0,0.0,False
CUST02513,2,0,2,5787.46,0.0,0.0,False
CUST02514,5,0,5,6671.8,0.0,0.0,False
CUST02519,3,0,3,6723.6,0.0,0.0,False
CUST02521,6,0,6,14767.71,0.0,0.0,False
CUST02522,1,0,1,5136.75,0.0,0.0,False
CUST02523,4,0,4,7229.26,0.0,0.0,False
CUST02524,2,0,2,4334.6900000000005,0.0,0.0,False
CUST02525,7,0,6,16953.559999999998,0.0,0.0,False
CUST02527,5,0,5,7717.8099999999995,0.0,0.0,False
CUST02528,3,0,3,4771.85,0.0,0.0,False
CUST02530,2,0,2,2900.2,0.0,0.0,False
CUST02532,2,0,2,11631.85,0.0,0.0,False
CUST02533,4,0,4,7858.14,0.0,0.0,False
CUST02534,7,0,7,14819.07,0.0,0.0,False
CUST02537,1,0,1,5489.08,0.0,0.0,False
CUST02539,2,0,1,7831.72,0.0,0.0,False
CUST02540,5,0,5,11193.42,0.0,0.0,False
CUST02542,3,0,3,4984.23,0.0,0.0,False
CUST02545,5,0,5,4954.1900000000005,0.0,0.0,False
CUST02546,4,0,4,8846.019999999999,0.0,0.0,False
CUST02548,5,0,5,5887.58,0.0,0.0,False
CUST02550,3,0,3,11669.789999999999,0.0,0.0,False
CUST02555,5,0,5,17496.59,0.0,0.0,False
CUST02556,4,0,4,10391.4,0.0,0.0,False
CUST02557,5,0,4,14474.79,0.0,0.0,False
CUST02561,3,0,3,4476.33,0.0,0.0,False
CUST02562,3,0,3,6833.44,0.0,0.0,False
CUST02563,4,0,3,4468.13,0.0,0.0,False
CUST02567,4,0,4,9353.78,0.0,0.0,False
CUST02568,3,0,2,3210.29,0.0,0.0,False
CUST02569,1,0,1,7660.04,0.0,0.0,False
CUST02571,2,0,1,5314.280000000001,0.0,0.0,False
CUST02572,7,0,7,21080.34,0.0,0.0,False
CUST02573,3,0,3,6990.129999999999,0.0,0.0,False
CUST02574,1,0,1,1830.24,0.0,0.0,False
CUST02575,5,0,4,12621.11,0.0,0.0,False
CUST02576,3,0,2,4034.06,0.0,0.0,False
CUST02577,1,0,1,1831.91,0.0,0.0,False
CUST02580,3,0,3,10860.64,0.0,0.0,False
CUST02582,2,0,2,3509.37,0.0,0.0,False
CUST02583,5,0,5,4912.6,0.0,0.0,False
CUST02585,1,0,1,821.93,0.0,0.0,False
CUST02586,3,0,3,3358.59,0.0,0.0,False
CUST02590,1,0,1,2574.52,0.0,0.0,False
CUST02591,4,0,4,7307.389999999999,0.0,0.0,False
CUST02594,3,0,3,4680.58,0.0,0.0,False
CUST02596,5,0,5,10315.279999999999,0.0,0.0,False
CUST02597,6,0,6,10977.8,0.0,0.0,False
CUST02600,5,0,5,11415.3,0.0,0.0,False
CUST02601,3,0,3,4453.27,0.0,0.0,False
CUST02603,4,0,4,10618.36,0.0,0.0,False
CUST02604,2,0,1,2357.92,0.0,0.0,False
CUST02605,1,0,1,1452.14,0.0,0.0,False
CUST02606,5,0,5,8090.54,0.0,0.0,False
CUST02609,4,0,4,12614.970000000001,0.0,0.0,False
CUST02610,3,0,3,3324.54,0.0,0.0,False
CUST02611,2,0,2,8945.83,0.0,0.0,False
CUST02613,4,0,4,10020.83,0.0,0.0,False
CUST02614,4,0,4,10035.06,0.0,0.0,False
CUST02616,3,0,3,5129.31,0.0,0.0,False
CUST02619,2,0,2,2663.94,0.0,0.0,False
CUST02620,1,0,1,2775.51,0.0,0.0,False
CUST02622,1,0,1,1275.64,0.0,0.0,False
CUST02625,6,0,6,15966.77,0.0,0.0,False
CUST02626,2,0,2,3456.16,0.0,0.0,False
CUST02628,2,0,2,1671.04,0.0,0.0,False
CUST02629,4,0,4,13731.69,0.0,0.0,False
CUST02633,10,0,9,25605.809999999998,0.0,0.0,False
CUST02635,5,0,5,5691.88,0.0,0.0,False
CUST02636,4,0,4,8139.889999999999,0.0,0.0,False
CUST02639,2,0,2,1803.0700000000002,0.0,0.0,False
CUST02640,1,0,1,1176.58,0.0,0.0,False
CUST02641,3,0,3,6956.22,0.0,0.0,False
CUST02642,2,0,2,2667.55,0.0,0.0,False
CUST02645,2,0,2,3717.41,0.0,0.0,False
CUST02646,2,0,2,11281.560000000001,0.0,0.0,False
CUST02647,5,0,5,8541.869999999999,0.0,0.0,False
CUST02648,1,0,1,2166.34,0.0,0.0,False
CUST02649,3,0,3,12214.150000000001,0.0,0.0,False
CUST02650,4,0,2,9291.82,0.0,0.0,False
CUST02651,5,0,5,17262.129999999997,0.0,0.0,False
CUST02652,4,0,4,15895.87,0.0,0.0,False
CUST02654,4,0,3,9573.14,0.0,0.0,False
CUST02655,4,0,4,10562.57,0.0,0.0,False
CUST02657,1,0,1,903.09,0.0,0.0,False
CUST02660,2,0,2,4626.76,0.0,0.0,False
CUST02661,1,0,1,2318.84,0.0,0.0,False
CUST02662,3,0,3,9308.06,0.0,0.0,False
CUST02663,3,0,3,4395.860000000001,0.0,0.0,False
CUST02664,5,0,5,3484.04,0.0,0.0,False
CUST02665,3,0,3,2102.63,0.0,0.0,False
CUST02667,5,0,5,6016.469999999999,0.0,0.0,False
CUST02669,2,0,2,7725.27,0.0,0.0,False
CUST02672,5,0,5,11143.49,0.0,0.0,False
CUST02674,5,0,3,10941.91,0.0,0.0,False
CUST02675,5,0,3,10402.17,0.0,0.0,False
CUST02676,5,0,4,11623.27,0.0,0.0,False
CUST02677,5,0,5,23666.21,0.0,0.0,False
CUST02679,2,0,2,1880.79,0.0,0.0,False
CUST02681,5,0,5,13236.94,0.0,0.0,False
CUST02683,7,0,7,14777.74,0.0,0.0,False
CUST02688,4,0,4,4571.12,0.0,0.0,False
CUST02689,5,0,5,13555.7,0.0,0.0,False
CUST02691,4,0,4,5490.62,0.0,0.0,False
CUST02693,2,0,2,8158.52,0.0,0.0,False
CUST02694,8,0,8,19401.98,0.0,0.0,False
CUST02696,3,0,3,5708.94,0.0,0.0,False
CUST02697,3,0,3,5556.73,0.0,0.0,False
CUST02698,4,0,4,9951.57,0.0,0.0,False
CUST02699,4,0,3,7711.68,0.0,0.0,False
CUST02701,2,0,2,6584.780000000001,0.0,0.0,False
CUST02702,6,0,6,8260.03,0.0,0.0,False
CUST02706,5,0,5,12074.220000000001,0.0,0.0,False
CUST02707,3,0,3,6458.06,0.0,0.0,False
CUST02708,4,0,4,5365.39,0.0,0.0,False
CUST02710,5,0,4,14957.7,0.0,0.0,False
CUST02711,5,0,5,10985.050000000001,0.0,0.0,False
CUST02713,4,0,4,7979.56,0.0,0.0,False
CUST02716,1,0,1,829.06,0.0,0.0,False
CUST02717,3,0,3,3219.86,0.0,0.0,False
CUST02718,2,0,1,2740.9,0.0,0.0,False
CUST02719,2,0,2,3319.77,0.0,0.0,False
CUST02721,3,0,3,8297.94,0.0,0.0,False
CUST02722,3,0,3,8095.1,0.0,0.0,False
CUST02723,5,0,5,14670.77,0.0,0.0,False
CUST02724,1,0,1,810.99,0.0,0.0,False
CUST02725,5,0,5,9442.26,0.0,0.0,False
CUST02726,1,0,1,1618.2,0.0,0.0,False
CUST02727,2,0,2,4642.16,0.0,0.0,False
CUST02728,2,0,2,2607.0,0.0,0.0,False
CUST02729,3,0,3,1865.71,0.0,0.0,False
CUST02730,7,0,7,15864.65,0.0,0.0,False
CUST02731,3,0,2,4665.88,0.0,0.0,False
CUST02732,2,0,2,2084.6400000000003,0.0,0.0,False
CUST02733,2,0,2,3949.1,0.0,0.0,False
CUST02735,3,0,2,7913.88,0.0,0.0,False
CUST02736,5,0,5,9667.56,0.0,0.0,False
CUST02738,2,0,2,2534.56,0.0,0.0,False
CUST02739,4,0,4,3199.9800000000005,0.0,0.0,False
CUST02741,5,0,5,13457.29,0.0,0.0,False
CUST02742,6,0,6,12127.619999999999,0.0,0.0,False
CUST02743,4,0,4,6285.67,0.0,0.0,False
CUST02744,3,0,3,6050.01,0.0,0.0,False
CUST02746,3,0,2,4452.3,0.0,0.0,False
CUST02747,4,0,4,9026.25,0.0,0.0,False
CUST02748,2,0,2,3538.17,0.0,0.0,False
CUST02749,5,0,4,17611.62,0.0,0.0,False
CUST02751,1,0,1,409.99,0.0,0.0,False
CUST02752,4,0,4,6397.9,0.0,0.0,False
CUST02753,3,0,3,3348.9,0.0,0.0,False
CUST02755,3,0,3,7939.610000000001,0.0,0.0,False
CUST02756,9,0,7,18842.09,0.0,0.0,False
CUST02757,3,0,3,3387.87,0.0,0.0,False
CUST02759,4,0,4,12972.539999999999,0.0,0.0,False
CUST02760,3,0,3,6615.669999999999,0.0,0.0,False
CUST02761,6,0,6,14689.09,0.0,0.0,False
CUST02762,3,0,3,12283.93,0.0,0.0,False
CUST02764,2,0,2,6687.57,0.0,0.0,False
CUST02766,4,0,4,9929.4,0.0,0.0,False
CUST02767,6,0,6,8330.439999999999,0.0,0.0,False
CUST02768,5,0,5,7668.04,0.0,0.0,False
CUST02769,4,0,4,7811.22,0.0,0.0,False
CUST02771,4,0,4,9313.369999999999,0.0,0.0,False
CUST02772,5,0,4,18542.489999999998,0.0,0.0,False
CUST02773,2,0,2,8370.75,0.0,0.0,False
CUST02775,3,0,3,12387.03,0.0,0.0,False
CUST02776,4,0,4,14126.900000000001,0.0,0.0,False
CUST02778,7,0,5,7000.37,0.0,0.0,False
CUST02779,4,0,4,13847.42,0.0,0.0,False
CUST02780,5,0,5,6348.11,0.0,0.0,False
CUST02781,5,0,5,7857.12,0.0,0.0,False
CUST02782,1,0,1,1410.55,0.0,0.0,False
CUST02789,5,0,5,10128.64,0.0,0.0,False
CUST02790,4,0,4,9257.06,0.0,0.0,False
CUST02792,1,0,1,5148.96,0.0,0.0,False
CUST02793,5,0,4,12370.13,0.0,0.0,False
CUST02794,1,0,1,6485.2,0.0,0.0,False
CUST02795,2,0,2,2587.81,0.0,0.0,False
CUST02798,1,0,1,826.11,0.0,0.0,False
CUST02799,3,0,3,15443.73,0.0,0.0,False
CUST02803,4,0,3,13699.09,0.0,0.0,False
CUST02804,5,0,5,5660.33,0.0,0.0,False
CUST02805,3,0,3,6575.19,0.0,0.0,False
CUST02808,3,0,1,5945.84,0.0,0.0,False
CUST02809,3,0,3,6908.210000000001,0.0,0.0,False
CUST02810,5,0,5,7816.129999999999,0.0,0.0,False
CUST02812,2,0,2,3673.02,0.0,0.0,False
CUST02813,2,0,2,3534.61,0.0,0.0,False
CUST02814,3,0,3,6869.389999999999,0.0,0.0,False
CUST02816,3,0,3,5966.8,0.0,0.0,False
CUST02820,5,0,5,8525.7,0.0,0.0,False
CUST02824,2,0,2,1556.81,0.0,0.0,False
CUST02827,1,0,1,4529.73,0.0,0.0,False
CUST02828,2,0,2,10253.68,0.0,0.0,False
CUST02829,4,0,4,5405.66,0.0,0.0,False
CUST02831,5,0,5,12409.46,0.0,0.0,False
CUST02833,1,0,1,3201.93,0.0,0.0,False
CUST02834,2,0,2,1693.33,0.0,0.0,False
CUST02835,6,0,5,18456.65,0.0,0.0,False
CUST02839,5,0,5,12406.91,0.0,0.0,False
CUST02841,5,0,5,6862.55,0.0,0.0,False
CUST02842,5,0,5,10510.470000000001,0.0,0.0,False
CUST02843,5,0,5,8925.89,0.0,0.0,False
CUST02844,3,0,2,6825.28,0.0,0.0,False
CUST02845,7,0,7,11222.44,0.0,0.0,False
CUST02851,3,0,3,7518.05,0.0,0.0,False
CUST02853,1,0,1,970.72,0.0,0.0,False
CUST02860,2,0,2,1982.6200000000001,0.0,0.0,False
CUST02861,8,0,8,17606.06,0.0,0.0,False
CUST02866,3,0,3,3776.95,0.0,0.0,False
CUST02867,4,0,4,10271.09,0.0,0.0,False
CUST02871,4,0,2,10836.16,0.0,0.0,False
CUST02872,5,0,5,8974.21,0.0,0.0,False
CUST02873,6,0,6,10159.88,0.0,0.0,False
CUST02874,3,0,3,3847.6600000000003,0.0,0.0,False
CUST02875,5,0,4,7759.52,0.0,0.0,False
CUST02877,7,0,6,16352.539999999999,0.0,0.0,False
CUST02878,1,0,0,696.0,0.0,0.0,False
CUST02879,3,0,3,6651.84,0.0,0.0,False
CUST02880,2,0,2,6978.86,0.0,0.0,False
CUST02881,2,0,2,1929.07,0.0,0.0,False
CUST02884,2,0,2,5209.3099999999995,0.0,0.0,False
CUST02886,4,0,4,12961.51,0.0,0.0,False
CUST02887,9,0,6,14179.89,0.0,0.0,False
CUST02889,5,0,5,8782.130000000001,0.0,0.0,False
CUST02890,6,0,6,19476.329999999998,0.0,0.0,False
CUST02891,2,0,1,2488.46,0.0,0.0,False
CUST02892,2,0,2,5075.74,0.0,0.0,False
CUST02893,3,0,3,4777.24,0.0,0.0,False
CUST02894,4,0,4,4584.96,0.0,0.0,False
CUST02896,2,0,2,1629.01,0.0,0.0,False
CUST02897,2,0,2,6329.23,0.0,0.0,False
CUST02898,3,0,3,8400.45,0.0,0.0,False
CUST02900,10,0,10,15417.41,0.0,0.0,False
CUST02904,4,0,3,8709.34,0.0,0.0,False
CUST02905,6,0,6,10769.1,0.0,0.0,False
CUST02906,5,0,5,5757.53,0.0,0.0,False
CUST02907,2,0,2,2833.35,0.0,0.0,False
CUST02912,2,0,2,1042.42,0.0,0.0,False
CUST02913,4,0,4,5291.28,0.0,0.0,False
CUST02916,4,0,4,9257.28,0.0,0.0,False
CUST02917,3,0,3,4268.85,0.0,0.0,False
CUST02919,4,0,4,7339.9800000000005,0.0,0.0,False
CUST02920,6,0,5,11296.96,0.0,0.0,False
CUST02921,2,0,2,2117.4700000000003,0.0,0.0,False
CUST02922,3,0,3,5276.43,0.0,0.0,False
CUST02923,1,0,1,927.98,0.0,0.0,False
CUST02924,2,0,2,7902.08,0.0,0.0,False
CUST02925,1,0,0,987.53,0.0,0.0,False
CUST02926,1,0,1,465.6,0.0,0.0,False
CUST02927,2,0,2,3050.93,0.0,0.0,False
CUST02928,2,0,2,5380.65,0.0,0.0,False
CUST02929,1,0,1,4409.61,0.0,0.0,False
CUST02933,2,0,2,6243.879999999999,0.0,0.0,False
CUST02934,5,0,4,12693.71,0.0,0.0,False
CUST02935,5,0,4,7733.5599999999995,0.0,0.0,False
CUST02936,4,0,4,15281.41,0.0,0.0,False
CUST02937,5,0,5,6815.530000000001,0.0,0.0,False
CUST02942,3,0,3,8718.43,0.0,0.0,False
CUST02945,7,0,7,12295.82,0.0,0.0,False
CUST02949,5,0,5,10325.54,0.0,0.0,False
CUST02950,9,0,8,29448.4,0.0,0.0,False
CUST02951,2,0,2,2382.09,0.0,0.0,False
CUST02954,3,0,3,5325.389999999999,0.0,0.0,False
CUST02955,5,0,5,8457.51,0.0,0.0,False
CUST02956,1,0,1,1345.57,0.0,0.0,False
CUST02957,10,0,9,12441.86,0.0,0.0,False
CUST02959,6,0,5,11243.71,0.0,0.0,False
CUST02960,2,0,2,4102.57,0.0,0.0,False
CUST02961,1,0,1,787.94,0.0,0.0,False
CUST02962,2,0,2,3313.19,0.0,0.0,False
CUST02963,5,0,5,9397.0,0.0,0.0,False
CUST02964,1,0,1,2618.25,0.0,0.0,False
CUST02965,3,0,3,8637.85,0.0,0.0,False
CUST02966,5,0,4,19909.33,0.0,0.0,False
CUST02967,3,0,3,17684.04,0.0,0.0,False
CUST02968,1,0,1,9433.4,0.0,0.0,False
CUST02969,3,0,3,4381.71,0.0,0.0,False
CUST02972,3,0,3,7800.280000000001,0.0,0.0,False
CUST02973,3,0,3,6847.49,0.0,0.0,False
CUST02975,4,0,2,15451.490000000002,0.0,0.0,False
CUST02976,3,0,3,9334.6,0.0,0.0,False
CUST02978,5,0,5,17433.21,0.0,0.0,False
CUST02982,4,0,4,9998.130000000001,0.0,0.0,False
CUST02983,6,0,5,18893.55,0.0,0.0,False
CUST02984,4,0,4,12613.07,0.0,0.0,False
CUST02985,7,0,6,13228.42,0.0,0.0,False
CUST02987,2,0,2,6397.95,0.0,0.0,False
CUST02990,3,0,3,4021.67,0.0,0.0,False
CUST02992,5,0,5,12950.01,0.0,0.0,False
CUST02993,5,0,5,10669.689999999999,0.0,0.0,False
CUST02995,4,0,4,13267.17,0.0,0.0,False
CUST02996,3,0,3,3415.24,0.0,0.0,False
CUST02997,7,0,6,22966.06,0.0,0.0,False
CUST02998,7,0,6,9524.05,0.0,0.0,False
CUST02999,2,0,2,6834.92,0.0,0.0,False
CUST03001,5,0,5,12639.83,0.0,0.0,False
CUST03002,6,0,6,8242.15,0.0,0.0,False
CUST03003,3,0,1,6472.82,0.0,0.0,False
CUST03004,5,0,5,18268.4,0.0,0.0,False
CUST03005,3,0,3,9911.67,0.0,0.0,False
CUST03006,4,0,4,2736.69,0.0,0.0,False
CUST03009,2,0,2,6487.51,0.0,0.0,False
CUST03010,3,0,1,5630.72,0.0,0.0,False
CUST03011,3,0,3,7181.57,0.0,0.0,False
CUST03015,6,0,6,18719.25,0.0,0.0,False
CUST03017,2,0,2,7147.61,0.0,0.0,False
CUST03018,2,0,1,3340.96,0.0,0.0,False
CUST03019,2,0,2,9986.87,0.0,0.0,False
CUST03021,4,0,4,11676.65,0.0,0.0,False
CUST03022,4,0,4,6470.85,0.0,0.0,False
CUST03023,1,0,1,463.08,0.0,0.0,False
CUST03024,5,0,5,12849.470000000001,0.0,0.0,False
CUST03027,3,0,3,8500.91,0.0,0.0,False
CUST03028,3,0,3,4776.72,0.0,0.0,False
CUST03030,5,0,5,6364.57,0.0,0.0,False
CUST03031,3,0,3,5399.78,0.0,0.0,False
CUST03032,4,0,4,11145.300000000001,0.0,0.0,False
CUST03034,5,0,5,11932.17,0.0,0.0,False
CUST03038,2,0,1,4350.64,0.0,0.0,False
CUST03039,5,0,5,11004.3,0.0,0.0,False
CUST03040,5,0,5,14059.029999999999,0.0,0.0,False
CUST03042,5,0,5,7974.75,0.0,0.0,False
CUST03043,7,0,6,21116.06,0.0,0.0,False
CUST03046,4,0,4,3147.29,0.0,0.0,False
CUST03047,2,0,2,2020.63,0.0,0.0,False
CUST03048,2,0,2,5366.91,0.0,0.0,False
CUST03049,5,0,5,9877.83,0.0,0.0,False
CUST03054,6,0,5,15652.7,0.0,0.0,False
CUST03056,4,0,4,5916.799999999999,0.0,0.0,False
CUST03057,1,0,1,4936.4,0.0,0.0,False
CUST03059,3,0,3,9003.64,0.0,0.0,False
CUST03061,5,0,5,16952.010000000002,0.0,0.0,False
CUST03063,4,0,4,9047.22,0.0,0.0,False
CUST03064,4,0,3,15967.01,0.0,0.0,False
CUST03066,4,0,4,6541.5,0.0,0.0,False
CUST03067,4,0,4,10581.53,0.0,0.0,False
CUST03069,2,0,2,4628.37,0.0,0.0,False
CUST03070,5,0,5,12468.76,0.0,0.0,False
CUST03071,3,0,3,3094.0699999999997,0.0,0.0,False
CUST03072,3,0,2,6506.4800000000005,0.0,0.0,False
CUST03075,2,0,2,4585.21,0.0,0.0,False
CUST03079,8,0,8,20558.58,0.0,0.0,False
CUST03080,3,0,3,6749.539999999999,0.0,0.0,False
CUST03082,6,0,5,8141.32,0.0,0.0,False
CUST03083,5,0,4,13892.64,0.0,0.0,False
CUST03086,4,0,4,3802.91,0.0,0.0,False
CUST03088,3,0,2,6647.92,0.0,0.0,False
CUST03090,2,0,2,1344.1299999999999,0.0,0.0,False
CUST03091,3,0,3,8847.310000000001,0.0,0.0,False
CUST03094,5,0,4,8074.6900000000005,0.0,0.0,False
CUST03095,3,0,3,7356.58,0.0,0.0,False
CUST03098,1,0,1,1075.83,0.0,0.0,False
CUST03101,4,0,3,10600.21,0.0,0.0,False
CUST03104,4,0,4,7103.98,0.0,0.0,False
CUST03105,2,0,2,5380.84,0.0,0.0,False
CUST03107,5,0,4,16675.1,0.0,0.0,False
CUST03109,1,0,1,6194.96,0.0,0.0,False
CUST03110,5,0,5,23720.91,0.0,0.0,False
CUST03112,6,0,6,13448.630000000001,0.0,0.0,False
CUST03115,5,0,4,9046.54,0.0,0.0,False
CUST03116,1,0,1,1033.62,0.0,0.0,False
CUST03117,4,0,4,7198.9400000000005,0.0,0.0,False
CUST03118,4,0,4,7390.91,0.0,0.0,False
CUST03119,3,0,3,3614.7200000000003,0.0,0.0,False
CUST03120,2,0,2,1714.32,0.0,0.0,False
CUST03121,6,0,5,14804.85,0.0,0.0,False
CUST03122,4,0,4,11081.710000000001,0.0,0.0,False
CUST03123,3,0,3,5777.34,0.0,0.0,False
CUST03124,3,0,3,5818.3,0.0,0.0,False
CUST03125,5,0,5,12929.220000000001,0.0,0.0,False
CUST03126,3,0,3,7341.130000000001,0.0,0.0,False
CUST03128,4,0,4,7722.67,0.0,0.0,False
CUST03129,4,0,4,8190.98,0.0,0.0,False
CUST03130,5,0,5,11335.78,0.0,0.0,False
CUST03132,5,0,5,9133.49,0.0,0.0,False
CUST03133,4,0,4,5219.200000000001,0.0,0.0,False
CUST03134,4,0,4,6855.61,0.0,0.0,False
CUST03137,7,0,7,16720.8,0.0,0.0,False
CUST03138,1,0,1,1221.02,0.0,0.0,False
CUST03139,8,0,7,11256.24,0.0,0.0,False
CUST03141,4,0,4,5398.54,0.0,0.0,False
CUST03144,3,0,2,2791.7200000000003,0.0,0.0,False
CUST03145,2,0,2,1851.54,0.0,0.0,False
CUST03147,3,0,2,4730.01,0.0,0.0,False
CUST03148,1,0,1,8037.04,0.0,0.0,False
CUST03149,4,0,4,4458.08,0.0,0.0,False
CUST03150,2,0,2,5940.72,0.0,0.0,False
CUST03151,4,0,3,8313.39,0.0,0.0,False
CUST03152,3,0,3,5397.39,0.0,0.0,False
CUST03153,6,0,6,9617.16,0.0,0.0,False
CUST03155,3,0,3,5674.6900000000005,0.0,0.0,False
CUST03156,1,0,1,1334.85,0.0,0.0,False
CUST03158,2,0,2,3980.2299999999996,0.0,0.0,False
CUST03161,2,0,2,5884.150000000001,0.0,0.0,False
CUST03163,6,0,6,6290.32,0.0,0.0,False
CUST03164,3,0,2,2196.82,0.0,0.0,False
CUST03167,2,0,2,3275.66,0.0,0.0,False
CUST03171,4,0,4,5932.85,0.0,0.0,False
CUST03172,3,0,3,8183.49,0.0,0.0,False
CUST03180,7,0,7,16296.93,0.0,0.0,False
CUST03181,2,0,2,1846.48,0.0,0.0,False
CUST03183,2,0,2,1692.02,0.0,0.0,False
CUST03185,1,0,1,970.79,0.0,0.0,False
CUST03186,1,0,1,2275.58,0.0,0.0,False
CUST03187,5,0,5,7490.37,0.0,0.0,False
CUST03188,4,0,3,8636.66,0.0,0.0,False
CUST03189,4,0,4,4008.69,0.0,0.0,False
CUST03192,1,0,1,919.2,0.0,0.0,False
CUST03193,4,0,4,7711.26,0.0,0.0,False
CUST03194,3,0,3,9798.47,0.0,0.0,False
CUST03195,3,0,3,12797.5,0.0,0.0,False
CUST03196,4,0,3,11762.27,0.0,0.0,False
CUST03197,2,0,2,5147.98,0.0,0.0,False
CUST03198,1,0,1,991.43,0.0,0.0,False
CUST03199,1,0,1,2710.11,0.0,0.0,False
CUST03200,7,0,7,10544.34,0.0,0.0,False
CUST03201,6,0,5,17178.59,0.0,0.0,False
CUST03204,5,0,5,5295.41,0.0,0.0,False
CUST03206,1,0,1,511.09,0.0,0.0,False
CUST03207,1,0,1,2263.62,0.0,0.0,False
CUST03208,1,0,1,1412.82,0.0,0.0,False
CUST03209,1,0,1,6286.41,0.0,0.0,False
CUST03210,1,0,1,2745.39,0.0,0.0,False
CUST03211,3,0,3,9302.45,0.0,0.0,False
CUST03212,5,0,3,8437.54,0.0,0.0,False
CUST03213,2,0,2,4295.08,0.0,0.0,False
CUST03214,6,0,6,13853.91,0.0,0.0,False
CUST03215,4,0,4,5046.46,0.0,0.0,False
CUST03216,3,0,2,5542.24,0.0,0.0,False
CUST03217,6,0,6,12093.369999999999,0.0,0.0,False
CUST03221,4,0,4,9225.61,0.0,0.0,False
CUST03222,4,0,4,4879.19,0.0,0.0,False
CUST03224,2,0,2,3784.41,0.0,0.0,False
CUST03226,1,0,1,601.22,0.0,0.0,False
CUST03227,3,0,3,12948.46,0.0,0.0,False
CUST03228,4,0,4,5602.76,0.0,0.0,False
CUST03229,3,0,3,4310.72,0.0,0.0,False
CUST03230,6,0,6,7868.33,0.0,0.0,False
CUST03231,1,0,0,1446.28,0.0,0.0,False
CUST03236,3,0,3,9062.029999999999,0.0,0.0,False
CUST03237,2,0,1,16176.7,0.0,0.0,False
CUST03238,2,0,2,13104.439999999999,0.0,0.0,False
CUST03239,3,0,3,3233.63,0.0,0.0,False
CUST03240,3,0,3,6984.47,0.0,0.0,False
CUST03241,3,0,3,3776.56,0.0,0.0,False
CUST03242,4,0,4,4083.32,0.0,0.0,False
CUST03245,1,0,1,776.16,0.0,0.0,False
CUST03246,2,0,2,6391.900000000001,0.0,0.0,False
CUST03247,1,0,1,1015.25,0.0,0.0,False
CUST03248,4,0,3,4257.07,0.0,0.0,False
CUST03250,5,0,5,8178.84,0.0,0.0,False
CUST03251,3,0,2,4446.96,0.0,0.0,False
CUST03252,4,0,4,7247.75,0.0,0.0,False
CUST03253,2,0,2,1757.5300000000002,0.0,0.0,False
CUST03254,2,0,2,1955.75,0.0,0.0,False
CUST03256,2,0,2,6650.1900000000005,0.0,0.0,False
CUST03258,5,0,5,14943.58,0.0,0.0,False
CUST03259,4,0,4,4583.64,0.0,0.0,False
CUST03260,2,0,2,4939.28,0.0,0.0,False
CUST03261,2,0,2,10790.72,0.0,0.0,False
CUST03264,4,0,4,5768.900000000001,0.0,0.0,False
CUST03265,4,0,4,6525.58,0.0,0.0,False
CUST03266,4,0,4,17091.96,0.0,0.0,False
CUST03267,5,0,5,7078.360000000001,0.0,0.0,False
CUST03268,2,0,2,3184.6,0.0,0.0,False
CUST03269,6,0,6,11517.36,0.0,0.0,False
CUST03271,1,0,0,7538.68,0.0,0.0,False
CUST03272,3,0,3,2860.5199999999995,0.0,0.0,False
CUST03273,2,0,2,3004.9,0.0,0.0,False
CUST03274,1,0,1,1141.43,0.0,0.0,False
CUST03275,3,0,3,3568.8,0.0,0.0,False
CUST03276,8,0,8,14821.14,0.0,0.0,False
CUST03277,4,0,3,10534.859999999999,0.0,0.0,False
CUST03281,4,0,4,4200.110000000001,0.0,0.0,False
CUST03282,5,0,5,12213.67,0.0,0.0,False
CUST03283,2,0,2,1969.5800000000002,0.0,0.0,False
CUST03284,4,0,4,10895.2,0.0,0.0,False
CUST03286,1,0,1,2566.77,0.0,0.0,False
CUST03290,1,0,1,1216.2,0.0,0.0,False
CUST03291,3,0,3,5062.97,0.0,0.0,False
CUST03293,2,0,2,3011.52,0.0,0.0,False
CUST03296,1,0,1,3188.49,0.0,0.0,False
CUST03297,2,0,2,2143.66,0.0,0.0,False
CUST03302,4,0,4,8486.46,0.0,0.0,False
CUST03303,4,0,4,11238.740000000002,0.0,0.0,False
CUST03305,2,0,2,11308.04,0.0,0.0,False
CUST03306,4,0,4,5496.88,0.0,0.0,False
CUST03307,4,0,4,13108.48,0.0,0.0,False
CUST03309,2,0,2,6963.61,0.0,0.0,False
CUST03310,1,0,1,1761.44,0.0,0.0,False
CUST03313,5,0,5,13311.27,0.0,0.0,False
CUST03314,3,0,3,9074.21,0.0,0.0,False
CUST03315,1,0,1,4814.95,0.0,0.0,False
CUST03316,1,0,1,4611.64,0.0,0.0,False
CUST03319,5,0,5,9972.17,0.0,0.0,False
CUST03320,1,0,1,1432.4,0.0,0.0,False
CUST03321,6,0,5,12444.029999999999,0.0,0.0,False
CUST03323,3,0,3,8989.650000000001,0.0,0.0,False
CUST03325,3,0,2,5288.6,0.0,0.0,False
CUST03326,1,0,1,637.91,0.0,0.0,False
CUST03328,3,0,3,5948.12,0.0,0.0,False
CUST03329,1,0,1,3768.52,0.0,0.0,False
CUST03330,4,0,3,8123.65,0.0,0.0,False
CUST03332,4,0,4,5788.1900000000005,0.0,0.0,False
CUST03335,1,0,1,3382.62,0.0,0.0,False
CUST03336,6,0,5,14626.220000000001,0.0,0.0,False
CUST03337,3,0,3,4027.5600000000004,0.0,0.0,False
CUST03344,3,0,3,2048.7799999999997,0.0,0.0,False
CUST03345,3,0,3,7984.22,0.0,0.0,False
CUST03346,3,0,3,7531.66,0.0,0.0,False
CUST03347,4,0,3,10098.44,0.0,0.0,False
CUST03349,5,0,5,15234.5,0.0,0.0,False
CUST03350,3,0,3,3050.1,0.0,0.0,False
CUST03356,6,0,6,16553.42,0.0,0.0,False
CUST03357,2,0,1,11088.44,0.0,0.0,False
CUST03358,2,0,2,2096.28,0.0,0.0,False
CUST03359,3,0,3,5629.62,0.0,0.0,False
CUST03360,3,0,2,8863.119999999999,0.0,0.0,False
CUST03361,4,0,3,4704.960000000001,0.0,0.0,False
CUST03367,1,0,1,333.03,0.0,0.0,False
CUST03369,3,0,3,3036.14,0.0,0.0,False
CUST03372,2,0,2,5346.43,0.0,0.0,False
CUST03373,4,0,4,6622.57,0.0,0.0,False
CUST03374,1,0,1,1748.68,0.0,0.0,False
CUST03375,3,0,3,4293.46,0.0,0.0,False
CUST03377,5,0,5,10942.39,0.0,0.0,False
CUST03378,3,0,3,5828.12,0.0,0.0,False
CUST03379,3,0,3,5335.79,0.0,0.0,False
CUST03381,5,0,5,13807.66,0.0,0.0,False
CUST03383,8,0,8,13997.369999999999,0.0,0.0,False
CUST03384,3,0,3,4330.4800000000005,0.0,0.0,False
CUST03386,2,0,2,5283.87,0.0,0.0,False
CUST03389,2,0,2,4279.25,0.0,0.0,False
CUST03390,3,0,2,11553.67,0.0,0.0,False
CUST03392,2,0,2,3720.0800000000004,0.0,0.0,False
CUST03393,3,0,3,6955.6900000000005,0.0,0.0,False
CUST03394,3,0,3,10295.32,0.0,0.0,False
CUST03396,4,0,4,10608.24,0.0,0.0,False
CUST03397,5,0,4,6589.1,0.0,0.0,False
CUST03398,2,0,2,9193.789999999999,0.0,0.0,False
CUST03400,2,0,2,5588.34,0.0,0.0,False
CUST03403,5,0,5,14922.589999999998,0.0,0.0,False
CUST03405,4,0,3,7237.94,0.0,0.0,False
CUST03406,2,0,2,6172.26,0.0,0.0,False
CUST03408,2,0,2,3629.0,0.0,0.0,False
CUST03410,4,0,4,8802.31,0.0,0.0,False
CUST03415,6,0,5,11244.19,0.0,0.0,False
CUST03416,8,0,8,12093.26,0.0,0.0,False
CUST03417,1,0,0,1850.52,0.0,0.0,False
CUST03423,3,0,3,8398.11,0.0,0.0,False
CUST03425,4,0,4,9301.14,0.0,0.0,False
CUST03426,1,0,1,2179.26,0.0,0.0,False
CUST03427,4,0,2,6490.7,0.0,0.0,False
CUST03428,5,0,5,16372.78,0.0,0.0,False
CUST03429,4,0,4,12195.95,0.0,0.0,False
CUST03430,6,0,5,10012.3,0.0,0.0,False
CUST03431,5,0,5,12416.46,0.0,0.0,False
CUST03433,3,0,3,4502.2,0.0,0.0,False
CUST03434,8,0,7,16062.54,0.0,0.0,False
CUST03436,9,0,9,13511.93,0.0,0.0,False
CUST03438,2,0,2,3506.7700000000004,0.0,0.0,False
CUST03440,3,0,3,8639.7,0.0,0.0,False
CUST03443,6,0,6,13122.099999999999,0.0,0.0,False
CUST03444,2,0,2,4438.8099999999995,0.0,0.0,False
CUST03445,5,0,5,9243.48,0.0,0.0,False
CUST03446,2,0,1,4591.1,0.0,0.0,False
CUST03448,3,0,3,4814.31,0.0,0.0,False
CUST03449,5,0,5,14702.95,0.0,0.0,False
CUST03451,3,0,3,7479.73,0.0,0.0,False
CUST03453,6,0,6,15805.5,0.0,0.0,False
CUST03455,3,0,3,9928.55,0.0,0.0,False
CUST03457,4,0,4,14584.81,0.0,0.0,False
CUST03458,6,0,6,5531.09,0.0,0.0,False
CUST03459,4,0,4,11083.470000000001,0.0,0.0,False
CUST03460,3,0,3,6312.4,0.0,0.0,False
CUST03463,2,0,2,4183.41,0.0,0.0,False
CUST03466,2,0,2,6765.27,0.0,0.0,False
CUST03467,1,0,1,724.98,0.0,0.0,False
CUST03468,1,0,0,2213.7,0.0,0.0,False
CUST03469,1,0,1,430.86,0.0,0.0,False
CUST03471,4,0,4,11425.09,0.0,0.0,False
CUST03472,6,0,6,14547.390000000001,0.0,0.0,False
CUST03474,4,0,4,15074.15,0.0,0.0,False
CUST03476,3,0,3,8769.49,0.0,0.0,False
CUST03478,4,0,4,5783.0,0.0,0.0,False
CUST03479,4,0,4,5200.52,0.0,0.0,False
CUST03480,3,0,2,11314.23,0.0,0.0,False
CUST03481,5,0,5,8200.83,0.0,0.0,False
CUST03482,3,0,3,2976.7200000000003,0.0,0.0,False
CUST03483,3,0,2,12340.74,0.0,0.0,False
CUST03486,3,0,3,10140.16,0.0,0.0,False
CUST03487,7,0,5,16853.83,0.0,0.0,False
CUST03488,4,0,4,8041.9800000000005,0.0,0.0,False
CUST03492,7,0,7,10626.95,0.0,0.0,False
CUST03493,3,0,3,7403.14,0.0,0.0,False
CUST03494,2,0,1,8655.24,0.0,0.0,False
CUST03496,3,0,3,2865.11,0.0,0.0,False
CUST03497,3,0,3,4927.76,0.0,0.0,False
CUST03498,3,0,2,4229.71,0.0,0.0,False
CUST03500,6,0,6,12955.630000000001,0.0,0.0,False
CUST03501,4,0,4,5952.72,0.0,0.0,False
CUST03503,4,0,4,6513.87,0.0,0.0,False
CUST03505,2,0,2,6119.01,0.0,0.0,False
CUST03506,7,0,7,10712.19,0.0,0.0,False
CUST03508,6,0,5,24779.8,0.0,0.0,False
CUST03512,3,0,3,7102.070000000001,0.0,0.0,False
CUST03513,3,0,3,9618.279999999999,0.0,0.0,False
CUST03518,3,0,3,5319.69,0.0,0.0,False
CUST03519,6,0,6,15355.21,0.0,0.0,False
CUST03520,2,0,2,4376.7,0.0,0.0,False
CUST03521,4,0,3,5022.47,0.0,0.0,False
CUST03522,4,0,4,9946.56,0.0,0.0,False
CUST03525,7,0,7,8099.990000000001,0.0,0.0,False
CUST03530,2,0,2,6417.48,0.0,0.0,False
CUST03531,5,0,5,7693.67,0.0,0.0,False
CUST03534,3,0,3,6692.530000000001,0.0,0.0,False
CUST03535,3,0,3,7974.01,0.0,0.0,False
CUST03536,2,0,2,2281.29,0.0,0.0,False
CUST03537,4,0,4,10019.2,0.0,0.0,False
CUST03539,4,0,4,6622.46,0.0,0.0,False
CUST03548,2,0,2,1956.45,0.0,0.0,False
CUST03550,4,0,4,7567.99,0.0,0.0,False
CUST03553,2,0,1,1778.66,0.0,0.0,False
CUST03554,4,0,4,12669.52,0.0,0.0,False
CUST03555,3,0,3,3493.4900000000002,0.0,0.0,False
CUST03556,4,0,4,12732.7,0.0,0.0,False
CUST03558,1,0,0,441.93,0.0,0.0,False
CUST03559,3,0,3,9507.68,0.0,0.0,False
CUST03562,1,0,1,5884.32,0.0,0.0,False
CUST03563,3,0,1,6276.04,0.0,0.0,False
CUST03567,3,0,3,6417.32,0.0,0.0,False
CUST03571,7,0,7,16600.7,0.0,0.0,False
CUST03572,8,0,8,22720.95,0.0,0.0,False
CUST03573,4,0,4,5420.77,0.0,0.0,False
CUST03577,4,0,4,12856.75,0.0,0.0,False
CUST03579,5,0,5,17418.26,0.0,0.0,False
CUST03581,2,0,2,6333.75,0.0,0.0,False
CUST03586,6,0,5,17484.25,0.0,0.0,False
CUST03588,3,0,2,3188.91,0.0,0.0,False
CUST03589,5,0,5,5635.14,0.0,0.0,False
CUST03590,2,0,2,1834.56,0.0,0.0,False
CUST03592,4,0,4,10429.849999999999,0.0,0.0,False
CUST03593,1,0,1,1262.85,0.0,0.0,False
CUST03594,3,0,3,2986.65,0.0,0.0,False
CUST03598,2,0,2,1741.44,0.0,0.0,False
CUST03600,6,0,6,10662.91,0.0,0.0,False
CUST03601,6,0,6,9853.099999999999,0.0,0.0,False
CUST03603,5,0,5,6171.0,0.0,0.0,False
CUST03604,2,0,2,3948.8100000000004,0.0,0.0,False
CUST03606,4,0,3,16211.4,0.0,0.0,False
CUST03607,1,0,1,923.83,0.0,0.0,False
CUST03608,4,0,4,9690.93,0.0,0.0,False
CUST03610,5,0,5,11000.77,0.0,0.0,False
CUST03611,5,0,5,8729.93,0.0,0.0,False
CUST03615,4,0,4,10812.619999999999,0.0,0.0,False
CUST03616,6,0,5,10507.16,0.0,0.0,False
CUST03618,6,0,6,18782.989999999998,0.0,0.0,False
CUST03619,3,0,3,9486.84,0.0,0.0,False
CUST03620,2,0,2,1464.2,0.0,0.0,False
CUST03621,5,0,4,8519.77,0.0,0.0,False
CUST03623,3,0,2,9056.380000000001,0.0,0.0,False
CUST03624,3,0,3,2250.43,0.0,0.0,False
CUST03625,5,0,3,7407.469999999999,0.0,0.0,False
CUST03626,4,0,4,3040.83,0.0,0.0,False
CUST03629,3,0,3,7753.6900000000005,0.0,0.0,False
CUST03631,3,0,3,3408.4,0.0,0.0,False
CUST03632,7,0,7,12450.09,0.0,0.0,False
CUST03634,2,0,2,2580.3599999999997,0.0,0.0,False
CUST03638,5,0,5,13103.31,0.0,0.0,False
CUST03639,2,0,2,4350.2699999999995,0.0,0.0,False
CUST03640,2,0,2,1845.06,0.0,0.0,False
CUST03641,2,0,2,5754.55,0.0,0.0,False
CUST03642,2,0,2,1465.02,0.0,0.0,False
CUST03643,8,0,8,16303.529999999999,0.0,0.0,False
CUST03644,2,0,1,1298.47,0.0,0.0,False
CUST03652,3,0,3,7097.5599999999995,0.0,0.0,False
CUST03656,5,0,4,8461.19,0.0,0.0,False
CUST03659,1,0,1,5308.3,0.0,0.0,False
CUST03661,4,0,3,2058.19,0.0,0.0,False
CUST03665,8,0,8,24960.07,0.0,0.0,False
CUST03666,4,0,4,6720.049999999999,0.0,0.0,False
CUST03667,6,0,6,14525.33,0.0,0.0,False
CUST03670,1,0,1,674.03,0.0,0.0,False
CUST03673,3,0,2,6539.33,0.0,0.0,False
CUST03674,4,0,4,8925.5,0.0,0.0,False
CUST03677,6,0,6,10473.0,0.0,0.0,False
CUST03678,4,0,4,7613.76,0.0,0.0,False
CUST03680,5,0,5,8187.25,0.0,0.0,False
CUST03681,1,0,1,2426.3,0.0,0.0,False
CUST03683,3,0,3,6425.58,0.0,0.0,False
CUST03684,2,0,2,11128.130000000001,0.0,0.0,False
CUST03685,3,0,3,3892.0099999999998,0.0,0.0,False
CUST03689,6,0,6,22662.719999999998,0.0,0.0,False
CUST03690,5,0,5,18623.47,0.0,0.0,False
CUST03691,1,0,1,5384.48,0.0,0.0,False
CUST03693,2,0,2,4022.64,0.0,0.0,False
CUST03694,2,0,1,2559.24,0.0,0.0,False
CUST03695,2,0,2,4928.2,0.0,0.0,False
CUST03696,3,0,3,4547.35,0.0,0.0,False
CUST03697,5,0,5,6434.74,0.0,0.0,False
CUST03698,4,0,4,12883.32,0.0,0.0,False
CUST03701,5,0,4,12408.07,0.0,0.0,False
CUST03702,4,0,4,9340.45,0.0,0.0,False
CUST03704,3,0,3,5045.71,0.0,0.0,False
CUST03705,1,0,1,2153.3,0.0,0.0,False
CUST03707,4,0,4,11054.71,0.0,0.0,False
CUST03711,2,0,2,4440.1,0.0,0.0,False
CUST03712,5,0,4,8789.44,0.0,0.0,False
CUST03713,1,0,1,424.71,0.0,0.0,False
CUST03715,5,0,4,14960.369999999999,0.0,0.0,False
CUST03717,5,0,5,15055.84,0.0,0.0,False
CUST03718,2,0,2,4937.05,0.0,0.0,False
CUST03720,3,0,3,5378.21,0.0,0.0,False
CUST03722,2,0,2,5171.219999999999,0.0,0.0,False
CUST03725,3,0,3,13829.57,0.0,0.0,False
CUST03726,3,0,3,7902.29,0.0,0.0,False
CUST03727,6,0,5,8650.96,0.0,0.0,False
CUST03730,2,0,2,3147.9,0.0,0.0,False
CUST03731,2,0,2,1751.9099999999999,0.0,0.0,False
CUST03733,1,0,1,3678.44,0.0,0.0,False
CUST03734,1,0,1,2914.7,0.0,0.0,False
CUST03736,2,0,2,2082.23,0.0,0.0,False
CUST03740,2,0,1,3587.87,0.0,0.0,False
CUST03741,3,0,2,5690.48,0.0,0.0,False
CUST03742,5,0,4,12160.43,0.0,0.0,False
CUST03743,3,0,3,4710.05,0.0,0.0,False
CUST03744,3,0,3,8124.849999999999,0.0,0.0,False
CUST03746,2,0,2,7224.88,0.0,0.0,False
CUST03748,3,0,3,8717.89,0.0,0.0,False
CUST03750,3,0,3,11411.32,0.0,0.0,False
CUST03751,1,0,1,1423.53,0.0,0.0,False
CUST03754,3,0,3,5223.4,0.0,0.0,False
CUST03755,5,0,5,14105.19,0.0,0.0,False
CUST03756,4,0,4,10165.09,0.0,0.0,False
CUST03757,1,0,1,4461.72,0.0,0.0,False
CUST03758,4,0,4,12872.74,0.0,0.0,False
CUST03759,6,0,5,12396.599999999999,0.0,0.0,False
CUST03760,6,0,6,8485.67,0.0,0.0,False
CUST03761,3,0,2,4654.91,0.0,0.0,False
CUST03765,3,0,3,7010.58,0.0,0.0,False
CUST03769,1,0,0,2748.58,0.0,0.0,False
CUST03773,3,0,3,9978.57,0.0,0.0,False
CUST03774,4,0,3,4342.7,0.0,0.0,False
CUST03775,6,0,4,23351.21,0.0,0.0,False
CUST03776,4,0,4,12418.470000000001,0.0,0.0,False
CUST03779,5,0,5,10790.11,0.0,0.0,False
CUST03781,3,0,3,9436.02,0.0,0.0,False
CUST03783,10,0,8,18284.52,0.0,0.0,False
CUST03785,2,0,2,7575.110000000001,0.0,0.0,False
CUST03787,6,0,5,15176.98,0.0,0.0,False
CUST03790,4,0,4,10461.91,0.0,0.0,False
CUST03791,5,0,4,5066.2300000000005,0.0,0.0,False
CUST03792,4,0,4,10024.96,0.0,0.0,False
CUST03793,4,0,4,7320.5599999999995,0.0,0.0,False
CUST03794,4,0,3,13256.89,0.0,0.0,False
CUST03795,3,0,3,9684.33,0.0,0.0,False
CUST03796,3,0,3,3038.98,0.0,0.0,False
CUST03797,4,0,4,4615.03,0.0,0.0,False
CUST03799,2,0,1,9842.48,0.0,0.0,False
CUST03802,5,0,5,6251.57,0.0,0.0,False
CUST03803,3,0,3,5938.67,0.0,0.0,False
CUST03804,4,0,4,10188.44,0.0,0.0,False
CUST03805,5,0,4,3929.88,0.0,0.0,False
CUST03806,5,0,5,9301.66,0.0,0.0,False
CUST03809,1,0,1,888.9,0.0,0.0,False
CUST03810,4,0,4,7068.18,0.0,0.0,False
CUST03811,5,0,4,7931.89,0.0,0.0,False
CUST03812,2,0,2,4576.5,0.0,0.0,False
CUST03813,7,0,7,22686.68,0.0,0.0,False
CUST03814,3,0,3,4052.78,0.0,0.0,False
CUST03817,4,0,4,5709.71,0.0,0.0,False
CUST03818,3,0,3,10624.41,0.0,0.0,False
CUST03819,2,0,2,3903.27,0.0,0.0,False
CUST03820,4,0,2,11054.89,0.0,0.0,False
CUST03823,1,0,1,1089.38,0.0,0.0,False
CUST03824,3,0,3,7393.47,0.0,0.0,False
CUST03826,6,0,6,12135.08,0.0,0.0,False
CUST03829,2,0,2,1082.24,0.0,0.0,False
CUST03830,4,0,4,8841.380000000001,0.0,0.0,False
CUST03832,2,0,2,3967.57,0.0,0.0,False
CUST03834,6,0,5,12119.73,0.0,0.0,False
CUST03837,3,0,3,4719.2,0.0,0.0,False
CUST03838,6,0,5,12348.869999999999,0.0,0.0,False
CUST03840,2,0,2,7969.9,0.0,0.0,False
CUST03842,2,0,1,2718.34,0.0,0.0,False
CUST03843,4,0,4,11739.509999999998,0.0,0.0,False
CUST03845,3,0,3,6949.21,0.0,0.0,False
CUST03847,8,0,7,10999.02,0.0,0.0,False
CUST03848,4,0,4,11509.220000000001,0.0,0.0,False
CUST03850,7,0,7,10772.37,0.0,0.0,False
CUST03851,5,0,5,10579.21,0.0,0.0,False
CUST03853,3,0,3,2647.63,0.0,0.0,False
CUST03854,4,0,4,4970.4400000000005,0.0,0.0,False
CUST03855,5,0,5,7184.360000000001,0.0,0.0,False
CUST03856,5,0,5,5727.58,0.0,0.0,False
CUST03857,1,0,1,1241.31,0.0,0.0,False
CUST03858,4,0,4,9362.04,0.0,0.0,False
CUST03861,2,0,2,9551.73,0.0,0.0,False
CUST03864,5,0,5,7704.83,0.0,0.0,False
CUST03866,3,0,3,3701.5299999999997,0.0,0.0,False
CUST03868,7,0,6,10404.46,0.0,0.0,False
CUST03869,2,0,2,3444.27,0.0,0.0,False
CUST03870,1,0,1,1498.0,0.0,0.0,False
CUST03871,2,0,2,10664.77,0.0,0.0,False
CUST03875,3,0,3,4442.5,0.0,0.0,False
CUST03876,2,0,2,4606.16,0.0,0.0,False
CUST03879,4,0,3,4898.05,0.0,0.0,False
CUST03880,1,0,1,5081.6,0.0,0.0,False
CUST03882,1,0,1,5464.26,0.0,0.0,False
CUST03883,3,0,3,2589.66,0.0,0.0,False
CUST03884,7,0,7,19687.32,0.0,0.0,False
CUST03886,5,0,5,6544.68,0.0,0.0,False
CUST03890,3,0,2,3193.13,0.0,0.0,False
CUST03891,2,0,2,5132.110000000001,0.0,0.0,False
CUST03896,3,0,3,4721.04,0.0,0.0,False
CUST03898,2,0,2,9115.65,0.0,0.0,False
CUST03900,1,0,1,4155.68,0.0,0.0,False
CUST03902,2,0,2,5283.52,0.0,0.0,False
CUST03904,2,0,2,3978.1000000000004,0.0,0.0,False
CUST03905,1,0,1,5288.95,0.0,0.0,False
CUST03906,1,0,1,804.78,0.0,0.0,False
CUST03908,2,0,2,1559.9899999999998,0.0,0.0,False
CUST03910,3,0,3,5440.68,0.0,0.0,False
CUST03911,3,0,3,2540.0,0.0,0.0,False
CUST03912,2,0,2,4552.55,0.0,0.0,False
CUST03913,4,0,4,11404.68,0.0,0.0,False
CUST03914,5,0,5,9142.8,0.0,0.0,False
CUST03917,1,0,1,1901.96,0.0,0.0,False
CUST03918,2,0,2,2237.44,0.0,0.0,False
CUST03919,3,0,3,5814.08,0.0,0.0,False
CUST03920,3,0,2,3316.66,0.0,0.0,False
CUST03922,2,0,2,8323.380000000001,0.0,0.0,False
CUST03925,4,0,4,3562.1400000000003,0.0,0.0,False
CUST03928,6,0,6,15052.5,0.0,0.0,False
CUST03929,5,0,5,19003.85,0.0,0.0,False
CUST03931,4,0,4,13264.880000000001,0.0,0.0,False
CUST03932,3,0,3,7238.47,0.0,0.0,False
CUST03933,4,0,3,5902.860000000001,0.0,0.0,False
CUST03935,2,0,2,3134.56,0.0,0.0,False
CUST03936,4,0,4,14847.619999999999,0.0,0.0,False
CUST03937,3,0,3,5953.54,0.0,0.0,False
CUST03938,4,0,3,17165.83,0.0,0.0,False
CUST03939,3,0,2,7093.14,0.0,0.0,False
CUST03942,2,0,2,5743.32,0.0,0.0,False
CUST03943,4,0,4,8123.59,0.0,0.0,False
CUST03944,2,0,1,8066.459999999999,0.0,0.0,False
CUST03946,6,0,6,17213.05,0.0,0.0,False
CUST03948,3,0,3,11091.59,0.0,0.0,False
CUST03949,3,0,3,7853.16,0.0,0.0,False
CUST03950,6,0,6,9177.29,0.0,0.0,False
CUST03951,4,0,4,4858.79,0.0,0.0,False
CUST03954,1,0,1,865.66,0.0,0.0,False
CUST03956,3,0,2,5311.08,0.0,0.0,False
CUST03957,5,0,4,18014.8,0.0,0.0,False
CUST03958,2,0,2,7340.1,0.0,0.0,False
CUST03959,6,0,6,12511.130000000001,0.0,0.0,False
CUST03960,3,0,3,4776.01,0.0,0.0,False
CUST03961,3,0,3,4803.6900000000005,0.0,0.0,False
CUST03963,5,0,5,10362.83,0.0,0.0,False
CUST03966,3,0,3,5452.469999999999,0.0,0.0,False
CUST03969,5,0,5,5612.3,0.0,0.0,False
CUST03972,2,0,2,1945.3400000000001,0.0,0.0,False
CUST03973,6,0,6,18796.51,0.0,0.0,False
CUST03975,6,0,6,14786.16,0.0,0.0,False
CUST03976,11,0,11,20417.7,0.0,0.0,False
CUST03977,3,0,3,9440.5,0.0,0.0,False
CUST03978,3,0,3,6595.610000000001,0.0,0.0,False
CUST03980,3,0,3,4464.63,0.0,0.0,False
CUST03984,2,0,1,4352.33,0.0,0.0,False
CUST03985,3,0,3,2128.53,0.0,0.0,False
CUST03986,5,0,5,12067.939999999999,0.0,0.0,False
CUST03989,1,0,1,431.71,0.0,0.0,False
CUST03990,5,0,5,8840.74,0.0,0.0,False
CUST03991,1,0,0,840.0,0.0,0.0,False
CUST03992,2,0,2,3579.9,0.0,0.0,False
CUST03994,1,0,1,1540.06,0.0,0.0,False
CUST03995,5,0,5,7967.389999999999,0.0,0.0,False
CUST03996,3,0,3,3454.4399999999996,0.0,0.0,False
CUST03997,5,0,5,8019.51,0.0,0.0,False
CUST03998,3,0,3,12969.57,0.0,0.0,False
CUST03999,2,0,2,3201.71,0.0,0.0,False
CUST04001,2,0,2,3351.6000000000004,0.0,0.0,False
CUST04002,3,0,3,4235.88,0.0,0.0,False
CUST04003,2,0,2,1654.3700000000001,0.0,0.0,False
CUST04004,3,0,3,7573.4,0.0,0.0,False
CUST04005,3,0,3,2785.42,0.0,0.0,False
CUST04006,1,0,1,428.93,0.0,0.0,False
CUST04011,7,0,6,10131.86,0.0,0.0,False
CUST04019,2,0,2,1690.44,0.0,0.0,False
CUST04020,3,0,2,13829.68,0.0,0.0,False
CUST04021,3,0,3,10488.11,0.0,0.0,False
CUST04023,5,0,5,7512.86,0.0,0.0,False
CUST04024,3,0,2,3832.71,0.0,0.0,False
CUST04025,4,0,4,6228.59,0.0,0.0,False
CUST04026,2,0,2,2197.1800000000003,0.0,0.0,False
CUST04027,2,0,2,2999.15,0.0,0.0,False
CUST04028,5,0,5,5257.45,0.0,0.0,False
CUST04029,7,0,7,22443.1,0.0,0.0,False
CUST04032,2,0,2,5081.099999999999,0.0,0.0,False
CUST04034,7,0,7,15311.460000000001,0.0,0.0,False
CUST04035,5,0,4,6861.76,0.0,0.0,False
CUST04036,4,0,4,9539.539999999999,0.0,0.0,False
CUST04038,3,0,3,9752.72,0.0,0.0,False
CUST04040,3,0,3,6040.129999999999,0.0,0.0,False
CUST04041,2,0,1,5039.38,0.0,0.0,False
CUST04042,3,0,2,3581.84,0.0,0.0,False
CUST04043,2,0,2,4945.43,0.0,0.0,False
CUST04048,4,0,4,9187.75,0.0,0.0,False
CUST04049,7,0,6,11901.21,0.0,0.0,False
CUST04050,5,0,5,10328.33,0.0,0.0,False
CUST04051,3,0,3,9605.970000000001,0.0,0.0,False
CUST04052,6,0,4,10244.05,0.0,0.0,False
CUST04054,4,0,4,9191.92,0.0,0.0,False
CUST04055,2,0,2,1870.78,0.0,0.0,False
CUST04058,3,0,3,10043.08,0.0,0.0,False
CUST04059,3,0,3,2773.7,0.0,0.0,False
CUST04061,4,0,4,10783.75,0.0,0.0,False
CUST04062,2,0,2,7604.3,0.0,0.0,False
CUST04065,6,0,6,9497.97,0.0,0.0,False
CUST04067,2,0,2,8148.93,0.0,0.0,False
CUST04068,2,0,2,8763.35,0.0,0.0,False
CUST04070,5,0,4,12529.34,0.0,0.0,False
CUST04071,5,0,5,17125.64,0.0,0.0,False
CUST04072,5,0,4,7386.5,0.0,0.0,False
CUST04073,7,0,7,24118.35,0.0,0.0,False
CUST04074,5,0,5,10114.369999999999,0.0,0.0,False
CUST04075,2,0,2,2168.2,0.0,0.0,False
CUST04078,3,0,3,3492.4,0.0,0.0,False
CUST04080,2,0,1,2908.77,0.0,0.0,False
CUST04081,3,0,3,5997.71,0.0,0.0,False
CUST04083,4,0,4,9413.08,0.0,0.0,False
CUST04087,3,0,2,4797.88,0.0,0.0,False
CUST04088,6,0,6,18827.34,0.0,0.0,False
CUST04092,5,0,5,12183.75,0.0,0.0,False
CUST04094,3,0,3,2992.52,0.0,0.0,False
CUST04095,3,0,3,3368.9700000000003,0.0,0.0,False
CUST04096,5,0,4,7849.719999999999,0.0,0.0,False
CUST04097,3,0,2,4249.84,0.0,0.0,False
CUST04098,3,0,3,8478.06,0.0,0.0,False
CUST04100,2,0,2,8236.65,0.0,0.0,False
CUST04102,5,0,5,14978.47,0.0,0.0,False
CUST04103,7,0,7,13088.15,0.0,0.0,False
CUST04104,7,0,7,14182.73,0.0,0.0,False
CUST04105,6,0,5,14332.6,0.0,0.0,False
CUST04106,4,0,4,7972.13,0.0,0.0,False
CUST04107,2,0,2,8050.09,0.0,0.0,False
CUST04109,4,0,4,10595.2,0.0,0.0,False
CUST04111,3,0,3,6102.7,0.0,0.0,False
CUST04112,1,0,1,867.9,0.0,0.0,False
CUST04114,6,0,6,9153.57,0.0,0.0,False
CUST04115,6,0,6,9645.7,0.0,0.0,False
CUST04116,5,0,5,12336.45,0.0,0.0,False
CUST04118,7,0,5,14065.65,0.0,0.0,False
CUST04120,8,0,8,18683.05,0.0,0.0,False
CUST04121,2,0,2,3411.59,0.0,0.0,False
CUST04124,4,0,4,7699.65,0.0,0.0,False
CUST04125,4,0,4,9987.330000000002,0.0,0.0,False
CUST04129,2,0,2,6189.92,0.0,0.0,False
CUST04133,2,0,2,4125.66,0.0,0.0,False
CUST04134,2,0,2,5765.6,0.0,0.0,False
CUST04137,1,0,1,4862.84,0.0,0.0,False
CUST04142,5,0,5,5790.84,0.0,0.0,False
CUST04143,5,0,5,7689.96,0.0,0.0,False
CUST04144,2,0,2,1322.6999999999998,0.0,0.0,False
CUST04145,2,0,2,9083.96,0.0,0.0,False
CUST04146,1,0,1,5152.35,0.0,0.0,False
CUST04147,6,0,6,17955.3,0.0,0.0,False
CUST04150,2,0,2,3735.7599999999998,0.0,0.0,False
CUST04151,3,0,3,7728.62,0.0,0.0,False
CUST04152,6,0,5,10028.29,0.0,0.0,False
CUST04153,2,0,2,2958.39,0.0,0.0,False
CUST04154,3,0,3,3201.18,0.0,0.0,False
CUST04155,5,0,4,15303.7,0.0,0.0,False
CUST04156,4,0,4,4990.95,0.0,0.0,False
CUST04157,6,0,6,10107.53,0.0,0.0,False
CUST04159,2,0,2,2076.2799999999997,0.0,0.0,False
CUST04161,3,0,3,4309.93,0.0,0.0,False
CUST04163,3,0,2,8173.72,0.0,0.0,False
CUST04166,3,0,3,2531.78,0.0,0.0,False
CUST04167,2,0,1,3881.37,0.0,0.0,False
CUST04168,2,0,2,5738.26,0.0,0.0,False
CUST04173,2,0,2,2960.52,0.0,0.0,False
CUST04174,4,0,4,13273.32,0.0,0.0,False
CUST04175,4,0,4,4893.53,0.0,0.0,False
CUST04176,6,0,6,14378.11,0.0,0.0,False
CUST04178,4,0,4,3550.8900000000003,0.0,0.0,False
CUST04179,1,0,1,4734.27,0.0,0.0,False
CUST04180,3,0,3,7017.32,0.0,0.0,False
CUST04181,2,0,2,5175.92,0.0,0.0,False
CUST04182,2,0,2,4531.29,0.0,0.0,False
CUST04184,5,0,4,10770.15,0.0,0.0,False
CUST04185,7,0,7,10951.439999999999,0.0,0.0,False
CUST04187,5,0,5,7308.57,0.0,0.0,False
CUST04189,3,0,3,4289.950000000001,0.0,0.0,False
CUST04190,1,0,1,2111.56,0.0,0.0,False
CUST04191,3,0,3,3059.66,0.0,0.0,False
CUST04193,6,0,5,13474.34,0.0,0.0,False
CUST04196,5,0,5,5458.39,0.0,0.0,False
CUST04198,2,0,2,4852.82,0.0,0.0,False
CUST04199,5,0,4,12192.77,0.0,0.0,False
CUST04200,3,0,3,3263.9300000000003,0.0,0.0,False
CUST04202,1,0,1,1457.84,0.0,0.0,False
CUST04203,3,0,2,7465.04,0.0,0.0,False
CUST04204,4,0,4,6191.9400000000005,0.0,0.0,False
CUST04205,2,0,2,2786.94,0.0,0.0,False
CUST04206,6,0,5,10430.84,0.0,0.0,False
CUST04208,3,0,3,5018.450000000001,0.0,0.0,False
CUST04210,3,0,3,8545.51,0.0,0.0,False
CUST04211,9,0,9,14894.380000000001,0.0,0.0,False
CUST04212,3,0,2,9192.0,0.0,0.0,False
CUST04213,3,0,2,8641.43,0.0,0.0,False
CUST04215,2,0,2,10561.38,0.0,0.0,False
CUST04219,6,0,6,15453.0,0.0,0.0,False
CUST04220,4,0,4,4461.0599999999995,0.0,0.0,False
CUST04222,2,0,2,4907.110000000001,0.0,0.0,False
CUST04223,7,0,7,13062.460000000001,0.0,0.0,False
CUST04225,2,0,2,6896.839999999999,0.0,0.0,False
CUST04226,2,0,2,7869.08,0.0,0.0,False
CUST04227,2,0,2,1545.82,0.0,0.0,False
CUST04228,4,0,3,11483.71,0.0,0.0,False
CUST04229,3,0,3,2937.7200000000003,0.0,0.0,False
CUST04233,2,0,2,1883.38,0.0,0.0,False
CUST04235,1,0,1,756.18,0.0,0.0,False
CUST04236,2,0,1,3851.87,0.0,0.0,False
CUST04237,3,0,3,8027.67,0.0,0.0,False
CUST04238,5,0,4,5541.59,0.0,0.0,False
CUST04240,2,0,2,3990.44,0.0,0.0,False
CUST04242,5,0,5,9191.35,0.0,0.0,False
CUST04246,4,0,4,16415.37,0.0,0.0,False
CUST04247,1,0,1,2240.3,0.0,0.0,False
CUST04248,2,0,2,5766.59,0.0,0.0,False
CUST04250,2,0,2,2846.5699999999997,0.0,0.0,False
CUST04251,5,0,5,14907.869999999999,0.0,0.0,False
CUST04252,1,0,1,799.38,0.0,0.0,False
CUST04255,3,0,2,9408.39,0.0,0.0,False
CUST04259,2,0,2,4369.52,0.0,0.0,False
CUST04261,2,0,2,3470.8,0.0,0.0,False
CUST04266,5,0,5,8580.279999999999,0.0,0.0,False
CUST04267,4,0,4,3368.45,0.0,0.0,False
CUST04269,5,0,5,12880.61,0.0,0.0,False
CUST04271,4,0,4,7174.4400000000005,0.0,0.0,False
CUST04272,4,0,4,11788.85,0.0,0.0,False
CUST04273,5,0,4,6479.09,0.0,0.0,False
CUST04274,7,0,7,11101.14,0.0,0.0,False
CUST04276,2,0,2,3409.8,0.0,0.0,False
CUST04277,6,0,6,14678.41,0.0,0.0,False
CUST04279,2,0,2,3602.8900000000003,0.0,0.0,False
CUST04280,3,0,3,2085.49,0.0,0.0,False
CUST04281,2,0,2,5837.110000000001,0.0,0.0,False
CUST04282,4,0,3,11968.119999999999,0.0,0.0,False
CUST04283,2,0,1,2355.7,0.0,0.0,False
CUST04284,1,0,1,2376.06,0.0,0.0,False
CUST04287,5,0,5,10129.56,0.0,0.0,False
CUST04293,4,0,3,7683.07,0.0,0.0,False
CUST04294,1,0,1,1251.55,0.0,0.0,False
CUST04295,4,0,4,7242.78,0.0,0.0,False
CUST04296,1,0,1,802.92,0.0,0.0,False
CUST04299,2,0,2,2642.75,0.0,0.0,False
CUST04300,3,0,3,6079.66,0.0,0.0,False
CUST04302,8,0,8,18733.5,0.0,0.0,False
CUST04304,4,0,4,12114.01,0.0,0.0,False
CUST04305,4,0,4,6224.2,0.0,0.0,False
CUST04306,2,0,2,4574.13,0.0,0.0,False
CUST04308,1,0,1,2255.9,0.0,0.0,False
CUST04309,4,0,4,8739.019999999999,0.0,0.0,False
CUST04312,3,0,3,6387.08,0.0,0.0,False
CUST04314,2,0,2,2229.75,0.0,0.0,False
CUST04315,5,0,5,12217.829999999998,0.0,0.0,False
CUST04316,3,0,2,11819.46,0.0,0.0,False
CUST04317,3,0,3,7834.49,0.0,0.0,False
CUST04320,6,0,6,7725.1900000000005,0.0,0.0,False
CUST04321,2,0,2,1935.07,0.0,0.0,False
CUST04322,1,0,1,1911.7,0.0,0.0,False
CUST04324,4,0,4,7229.71,0.0,0.0,False
CUST04326,5,0,5,10765.52,0.0,0.0,False
CUST04327,2,0,2,6154.92,0.0,0.0,False
CUST04328,3,0,2,9690.74,0.0,0.0,False
CUST04330,2,0,2,2731.23,0.0,0.0,False
CUST04333,3,0,3,7004.37,0.0,0.0,False
CUST04335,3,0,3,15143.2,0.0,0.0,False
CUST04336,3,0,3,10830.33,0.0,0.0,False
CUST04338,2,0,2,4230.35,0.0,0.0,False
CUST04340,6,0,6,8459.369999999999,0.0,0.0,False
CUST04341,2,0,2,2912.66,0.0,0.0,False
CUST04342,3,0,2,3684.98,0.0,0.0,False
CUST04347,4,0,4,5484.92,0.0,0.0,False
CUST04348,3,0,3,3368.5,0.0,0.0,False
CUST04349,4,0,4,7653.29,0.0,0.0,False
CUST04350,1,0,1,630.27,0.0,0.0,False
CUST04352,2,0,2,3614.5099999999998,0.0,0.0,False
CUST04353,2,0,2,3567.61,0.0,0.0,False
CUST04355,5,0,5,9758.18,0.0,0.0,False
CUST04357,3,0,3,5978.25,0.0,0.0,False
CUST04358,3,0,3,3360.04,0.0,0.0,False
CUST04359,3,0,3,6669.78,0.0,0.0,False
CUST04361,5,0,5,11459.66,0.0,0.0,False
CUST04362,6,0,6,10260.59,0.0,0.0,False
CUST04363,4,0,3,8239.56,0.0,0.0,False
CUST04365,1,0,1,2232.68,0.0,0.0,False
CUST04366,6,0,6,12166.76,0.0,0.0,False
CUST04367,1,0,1,1042.66,0.0,0.0,False
CUST04368,1,0,1,1517.04,0.0,0.0,False
CUST04369,5,0,4,14906.3,0.0,0.0,False
CUST04371,4,0,4,6323.08,0.0,0.0,False
CUST04372,1,0,1,631.56,0.0,0.0,False
CUST04375,4,0,4,6462.8,0.0,0.0,False
CUST04379,1,0,1,1679.0,0.0,0.0,False
CUST04381,6,0,6,15172.81,0.0,0.0,False
CUST04382,1,0,1,1012.08,0.0,0.0,False
CUST04383,3,0,3,2361.77,0.0,0.0,False
CUST04387,3,0,2,4927.64,0.0,0.0,False
CUST04389,1,0,1,1599.44,0.0,0.0,False
CUST04392,3,0,3,3954.29,0.0,0.0,False
CUST04394,2,0,2,9052.36,0.0,0.0,False
CUST04395,3,0,3,7270.92,0.0,0.0,False
CUST04396,3,0,3,4074.54,0.0,0.0,False
CUST04397,3,0,3,10499.99,0.0,0.0,False
CUST04399,6,0,6,10684.26,0.0,0.0,False
CUST04400,1,0,1,622.99,0.0,0.0,False
CUST04403,7,0,6,16750.94,0.0,0.0,False
CUST04404,2,0,2,2941.87,0.0,0.0,False
CUST04405,4,0,4,4568.110000000001,0.0,0.0,False
CUST04406,1,0,1,468.72,0.0,0.0,False
CUST04407,5,0,5,7449.889999999999,0.0,0.0,False
CUST04409,3,0,3,9640.74,0.0,0.0,False
CUST04416,8,0,7,11712.26,0.0,0.0,False
CUST04418,4,0,4,15925.61,0.0,0.0,False
CUST04421,7,0,6,16203.580000000002,0.0,0.0,False
CUST04423,1,0,1,2601.6,0.0,0.0,False
CUST04425,6,0,6,12142.15,0.0,0.0,False
CUST04428,1,0,1,897.19,0.0,0.0,False
CUST04430,2,0,2,4463.25,0.0,0.0,False
CUST04434,4,0,3,4378.03,0.0,0.0,False
CUST04436,6,0,6,13101.99,0.0,0.0,False
CUST04437,4,0,3,9147.49,0.0,0.0,False
CUST04440,1,0,1,444.46,0.0,0.0,False
CUST04441,4,0,4,7618.77,0.0,0.0,False
CUST04442,4,0,3,13304.81,0.0,0.0,False
CUST04445,6,0,6,16742.16,0.0,0.0,False
CUST04446,2,0,2,1961.1499999999999,0.0,0.0,False
CUST04447,2,0,1,4001.49,0.0,0.0,False
CUST04449,6,0,4,11928.74,0.0,0.0,False
CUST04452,6,0,6,17102.18,0.0,0.0,False
CUST04453,4,0,4,10015.18,0.0,0.0,False
CUST04454,6,0,6,11709.68,0.0,0.0,False
CUST04455,4,0,4,2733.73,0.0,0.0,False
CUST04457,3,0,3,5882.99,0.0,0.0,False
CUST04458,3,0,3,12218.34,0.0,0.0,False
CUST04459,1,0,1,698.97,0.0,0.0,False
CUST04461,3,0,3,3682.25,0.0,0.0,False
CUST04462,5,0,5,7868.64,0.0,0.0,False
CUST04465,3,0,2,3511.96,0.0,0.0,False
CUST04467,3,0,3,5665.3,0.0,0.0,False
CUST04469,4,0,4,7420.84,0.0,0.0,False
CUST04471,7,0,7,13530.39,0.0,0.0,False
CUST04472,5,0,4,10290.19,0.0,0.0,False
CUST04476,3,0,3,4359.110000000001,0.0,0.0,False
CUST04478,3,0,3,6765.650000000001,0.0,0.0,False
CUST04480,5,0,5,13976.75,0.0,0.0,False
CUST04481,4,0,4,11199.76,0.0,0.0,False
CUST04483,1,0,1,1407.96,0.0,0.0,False
CUST04487,1,0,1,375.0,0.0,0.0,False
CUST04489,1,0,0,1434.54,0.0,0.0,False
CUST04490,5,0,4,17474.54,0.0,0.0,False
CUST04491,4,0,4,8515.89,0.0,0.0,False
CUST04495,4,0,4,4950.89,0.0,0.0,False
CUST04496,4,0,3,8536.789999999999,0.0,0.0,False
CUST04497,5,0,4,13751.619999999999,0.0,0.0,False
CUST04499,5,0,5,11761.92,0.0,0.0,False
CUST04500,4,0,4,18472.01,0.0,0.0,False
CUST04503,3,0,3,5007.92,0.0,0.0,False
CUST04505,3,0,3,3525.36,0.0,0.0,False
CUST04506,6,0,5,14556.29,0.0,0.0,False
CUST04507,7,0,6,18231.69,0.0,0.0,False
CUST04508,3,0,3,4042.3200000000006,0.0,0.0,False
CUST04509,2,0,2,4917.35,0.0,0.0,False
CUST04514,7,0,7,21752.69,0.0,0.0,False
CUST04515,3,0,2,8385.99,0.0,0.0,False
CUST04516,1,0,1,1104.89,0.0,0.0,False
CUST04517,5,0,5,8248.03,0.0,0.0,False
CUST04519,3,0,3,3843.41,0.0,0.0,False
CUST04521,3,0,1,7511.43,0.0,0.0,False
CUST04522,7,0,6,16898.809999999998,0.0,0.0,False
CUST04523,6,0,6,7517.5199999999995,0.0,0.0,False
CUST04527,3,0,2,8107.21,0.0,0.0,False
CUST04529,2,0,1,4294.719999999999,0.0,0.0,False
CUST04530,4,0,4,6265.219999999999,0.0,0.0,False
CUST04533,2,0,2,3209.63,0.0,0.0,False
CUST04538,2,0,2,3322.8,0.0,0.0,False
CUST04539,5,0,5,11299.61,0.0,0.0,False
CUST04543,5,0,5,9189.150000000001,0.0,0.0,False
CUST04544,1,0,1,1360.52,0.0,0.0,False
CUST04546,2,0,1,5387.88,0.0,0.0,False
CUST04547,2,0,2,3471.1899999999996,0.0,0.0,False
CUST04549,2,0,2,4522.889999999999,0.0,0.0,False
CUST04550,2,0,2,2875.44,0.0,0.0,False
CUST04551,9,0,9,31796.49,0.0,0.0,False
CUST04552,3,0,3,10827.59,0.0,0.0,False
CUST04556,4,0,4,10644.44,0.0,0.0,False
CUST04559,3,0,3,5354.02,0.0,0.0,False
CUST04560,4,0,4,4536.509999999999,0.0,0.0,False
CUST04562,6,0,6,11598.470000000001,0.0,0.0,False
CUST04564,2,0,2,2311.05,0.0,0.0,False
CUST04565,1,0,1,2871.51,0.0,0.0,False
CUST04566,6,0,6,7089.73,0.0,0.0,False
CUST04568,2,0,2,8831.15,0.0,0.0,False
CUST04569,3,0,3,7068.459999999999,0.0,0.0,False
CUST04571,10,0,9,22038.72,0.0,0.0,False
CUST04573,5,0,5,15666.27,0.0,0.0,False
CUST04574,2,0,2,1701.85,0.0,0.0,False
CUST04575,4,0,4,9853.44,0.0,0.0,False
CUST04576,2,0,2,3540.65,0.0,0.0,False
CUST04577,4,0,4,7420.98,0.0,0.0,False
CUST04580,2,0,2,7490.11,0.0,0.0,False
CUST04581,4,0,4,6190.87,0.0,0.0,False
CUST04582,4,0,4,4991.38,0.0,0.0,False
CUST04584,4,0,3,4951.6,0.0,0.0,False
CUST04587,3,0,3,6140.05,0.0,0.0,False
CUST04589,2,0,2,11756.09,0.0,0.0,False
CUST04590,4,0,4,9113.67,0.0,0.0,False
CUST04591,3,0,3,7856.84,0.0,0.0,False
CUST04595,9,0,9,24740.51,0.0,0.0,False
CUST04596,7,0,7,17648.83,0.0,0.0,False
CUST04598,6,0,6,7427.679999999999,0.0,0.0,False
CUST04599,8,0,7,15351.25,0.0,0.0,False
CUST04601,3,0,2,9903.5,0.0,0.0,False
CUST04606,2,0,2,1584.31,0.0,0.0,False
CUST04609,1,0,1,4587.9,0.0,0.0,False
CUST04610,3,0,3,6103.610000000001,0.0,0.0,False
CUST04613,7,0,7,10027.509999999998,0.0,0.0,False
CUST04615,6,0,6,12929.86,0.0,0.0,False
CUST04616,5,0,5,14396.04,0.0,0.0,False
CUST04619,1,0,1,1474.77,0.0,0.0,False
CUST04620,5,0,5,22898.73,0.0,0.0,False
CUST04623,4,0,4,14222.220000000001,0.0,0.0,False
CUST04627,3,0,3,6312.37,0.0,0.0,False
CUST04628,2,0,2,8184.42,0.0,0.0,False
CUST04630,4,0,4,12599.29,0.0,0.0,False
CUST04631,4,0,4,6273.9,0.0,0.0,False
CUST04638,4,0,4,5398.22,0.0,0.0,False
CUST04639,3,0,3,5657.04,0.0,0.0,False
CUST04640,3,0,3,3543.51,0.0,0.0,False
CUST04643,2,0,1,4478.42,0.0,0.0,False
CUST04645,2,0,2,2573.41,0.0,0.0,False
CUST04646,2,0,2,9480.58,0.0,0.0,False
CUST04647,4,0,4,4521.36,0.0,0.0,False
CUST04648,4,0,4,5747.25,0.0,0.0,False
CUST04653,3,0,3,5270.2699999999995,0.0,0.0,False
CUST04656,3,0,3,9811.42,0.0,0.0,False
CUST04657,5,0,5,10255.83,0.0,0.0,False
CUST04658,3,0,3,9831.41,0.0,0.0,False
CUST04659,4,0,4,11819.76,0.0,0.0,False
CUST04660,3,0,2,3073.9,0.0,0.0,False
CUST04661,4,0,4,5040.32,0.0,0.0,False
CUST04662,5,0,5,8227.81,0.0,0.0,False
CUST04664,3,0,3,7280.25,0.0,0.0,False
CUST04667,1,0,1,4339.2,0.0,0.0,False
CUST04671,3,0,3,3738.1099999999997,0.0,0.0,False
CUST04673,3,0,3,4651.950000000001,0.0,0.0,False
CUST04674,2,0,2,5794.54,0.0,0.0,False
CUST04675,4,0,3,17347.93,0.0,0.0,False
CUST04678,6,0,6,16939.48,0.0,0.0,False
CUST04679,3,0,3,10006.74,0.0,0.0,False
CUST04680,2,0,2,2266.19,0.0,0.0,False
CUST04681,4,0,4,10297.730000000001,0.0,0.0,False
CUST04683,3,0,2,4319.79,0.0,0.0,False
CUST04686,4,0,4,7784.21,0.0,0.0,False
CUST04694,4,0,4,6277.35,0.0,0.0,False
CUST04695,6,0,5,10791.66,0.0,0.0,False
CUST04696,5,0,5,12005.53,0.0,0.0,False
CUST04699,3,0,2,2770.11,0.0,0.0,False
CUST04701,3,0,3,9508.7,0.0,0.0,False
CUST04702,6,0,6,5921.85,0.0,0.0,False
CUST04703,2,0,2,3674.6099999999997,0.0,0.0,False
CUST04704,4,0,3,14056.59,0.0,0.0,False
CUST04706,4,0,4,8493.78,0.0,0.0,False
CUST04707,1,0,1,756.43,0.0,0.0,False
CUST04708,6,0,6,7536.29,0.0,0.0,False
CUST04712,2,0,2,11734.439999999999,0.0,0.0,False
CUST04715,3,0,3,2578.74,0.0,0.0,False
CUST04716,3,0,2,6079.58,0.0,0.0,False
CUST04718,2,0,2,1725.54,0.0,0.0,False
CUST04721,7,0,6,31087.51,0.0,0.0,False
CUST04722,2,0,2,3438.28,0.0,0.0,False
CUST04724,2,0,2,4992.15,0.0,0.0,False
CUST04725,1,0,1,944.81,0.0,0.0,False
CUST04726,4,0,4,4887.28,0.0,0.0,False
CUST04728,3,0,3,5057.61,0.0,0.0,False
CUST04729,4,0,4,8742.01,0.0,0.0,False
CUST04731,7,0,7,13729.56,0.0,0.0,False
CUST04732,7,0,7,11395.050000000001,0.0,0.0,False
CUST04737,2,0,2,4046.4799999999996,0.0,0.0,False
CUST04739,3,0,3,5619.46,0.0,0.0,False
CUST04744,4,0,4,6125.780000000001,0.0,0.0,False
CUST04745,5,0,5,12039.01,0.0,0.0,False
CUST04746,2,0,2,2505.27,0.0,0.0,False
CUST04747,3,0,3,3531.7,0.0,0.0,False
CUST04751,2,0,2,8409.26,0.0,0.0,False
CUST04754,4,0,4,6066.11,0.0,0.0,False
CUST04757,4,0,4,8196.01,0.0,0.0,False
CUST04759,4,0,3,14828.45,0.0,0.0,False
CUST04760,5,0,5,5418.42,0.0,0.0,False
CUST04761,3,0,2,5944.889999999999,0.0,0.0,False
CUST04762,2,0,2,4154.16,0.0,0.0,False
CUST04765,6,0,5,9596.74,0.0,0.0,False
CUST04768,4,0,4,4388.21,0.0,0.0,False
CUST04770,3,0,3,8404.41,0.0,0.0,False
CUST04777,3,0,3,9609.68,0.0,0.0,False
CUST04778,3,0,3,11942.89,0.0,0.0,False
CUST04780,2,0,2,6629.8,0.0,0.0,False
CUST04781,6,0,6,18594.09,0.0,0.0,False
CUST04782,5,0,5,17057.89,0.0,0.0,False
CUST04785,5,0,5,10645.07,0.0,0.0,False
CUST04786,2,0,2,2424.2200000000003,0.0,0.0,False
CUST04790,1,0,1,892.64,0.0,0.0,False
CUST04792,6,0,6,16189.92,0.0,0.0,False
CUST04793,1,0,1,5463.75,0.0,0.0,False
CUST04794,2,0,2,8118.28,0.0,0.0,False
CUST04795,3,0,3,4059.92,0.0,0.0,False
CUST04798,4,0,4,9378.03,0.0,0.0,False
CUST04800,5,0,5,6570.27,0.0,0.0,False
CUST04802,6,0,4,8907.83,0.0,0.0,False
CUST04803,3,0,2,5341.05,0.0,0.0,False
CUST04804,5,0,5,10416.54,0.0,0.0,False
CUST04807,4,0,4,10005.04,0.0,0.0,False
CUST04808,4,0,4,4337.97,0.0,0.0,False
CUST04810,3,0,3,3072.49,0.0,0.0,False
CUST04811,4,0,4,8920.83,0.0,0.0,False
CUST04812,5,0,5,12898.5,0.0,0.0,False
CUST04813,2,0,2,3407.9800000000005,0.0,0.0,False
CUST04815,3,0,3,4873.14,0.0,0.0,False
CUST04821,1,0,1,438.7,0.0,0.0,False
CUST04822,2,0,2,11033.5,0.0,0.0,False
CUST04823,3,0,3,5797.97,0.0,0.0,False
CUST04826,2,0,2,1842.3000000000002,0.0,0.0,False
CUST04829,2,0,2,4840.73,0.0,0.0,False
CUST04831,1,0,1,1544.95,0.0,0.0,False
CUST04834,3,0,2,9307.19,0.0,0.0,False
CUST04835,1,0,1,2002.84,0.0,0.0,False
CUST04837,1,0,1,1187.16,0.0,0.0,False
CUST04838,6,0,6,16702.78,0.0,0.0,False
CUST04840,2,0,2,1364.04,0.0,0.0,False
CUST04841,3,0,2,8666.369999999999,0.0,0.0,False
CUST04842,3,0,3,3372.58,0.0,0.0,False
CUST04845,2,0,2,5704.92,0.0,0.0,False
CUST04847,2,0,2,2503.38,0.0,0.0,False
CUST04848,2,0,2,2441.46,0.0,0.0,False
CUST04849,6,0,5,15429.82,0.0,0.0,False
CUST04850,2,0,2,1310.1,0.0,0.0,False
CUST04851,2,0,2,6745.98,0.0,0.0,False
CUST04852,2,0,2,6234.98,0.0,0.0,False
CUST04854,4,0,4,9900.6,0.0,0.0,False
CUST04855,6,0,5,9955.810000000001,0.0,0.0,False
CUST04857,3,0,3,6171.0,0.0,0.0,False
CUST04858,2,0,2,4395.7300000000005,0.0,0.0,False
CUST04859,3,0,3,3783.76,0.0,0.0,False
CUST04860,3,0,3,2412.93,0.0,0.0,False
CUST04863,3,0,3,7022.1,0.0,0.0,False
CUST04864,2,0,2,1107.97,0.0,0.0,False
CUST04865,3,0,3,3455.86,0.0,0.0,False
CUST04867,4,0,4,7295.72,0.0,0.0,False
CUST04868,3,0,3,7297.900000000001,0.0,0.0,False
CUST04869,1,0,1,1080.6,0.0,0.0,False
CUST04870,2,0,2,6013.71,0.0,0.0,False
CUST04871,1,0,1,996.51,0.0,0.0,False
CUST04876,3,0,2,3282.6499999999996,0.0,0.0,False
CUST04877,1,0,1,908.73,0.0,0.0,False
CUST04886,2,0,2,4262.68,0.0,0.0,False
CUST04887,5,0,5,4855.22,0.0,0.0,False
CUST04889,4,0,4,14232.98,0.0,0.0,False
CUST04892,6,0,5,11441.95,0.0,0.0,False
CUST04893,7,0,6,19779.12,0.0,0.0,False
CUST04894,4,0,4,9380.56,0.0,0.0,False
CUST04898,3,0,3,6360.07,0.0,0.0,False
CUST04899,3,0,3,2890.66,0.0,0.0,False
CUST04901,4,0,2,7689.22,0.0,0.0,False
CUST04902,2,0,2,3764.7300000000005,0.0,0.0,False
CUST04903,1,0,1,352.58,0.0,0.0,False
CUST04905,6,0,6,12663.99,0.0,0.0,False
CUST04907,3,0,3,8605.050000000001,0.0,0.0,False
CUST04908,6,0,4,9220.33,0.0,0.0,False
CUST04910,4,0,3,8393.17,0.0,0.0,False
CUST04916,6,0,6,14581.849999999999,0.0,0.0,False
CUST04917,1,0,1,1285.38,0.0,0.0,False
CUST04919,4,0,4,9769.28,0.0,0.0,False
CUST04921,3,0,3,2324.97,0.0,0.0,False
CUST04922,3,0,1,4631.21,0.0,0.0,False
CUST04923,3,0,3,4768.99,0.0,0.0,False
CUST04925,7,0,6,20551.329999999998,0.0,0.0,False
CUST04926,3,0,3,7571.48,0.0,0.0,False
CUST04927,4,0,4,14422.16,0.0,0.0,False
CUST04928,3,0,3,5392.51,0.0,0.0,False
CUST04929,5,0,4,9965.56,0.0,0.0,False
CUST04931,3,0,3,3411.2200000000003,0.0,0.0,False
CUST04932,5,0,4,8417.8,0.0,0.0,False
CUST04933,3,0,2,3796.49,0.0,0.0,False
CUST04935,1,0,0,3755.92,0.0,0.0,False
CUST04936,2,0,2,2480.38,0.0,0.0,False
CUST04938,3,0,3,4280.16,0.0,0.0,False
CUST04939,5,0,5,6207.81,0.0,0.0,False
CUST04940,4,0,4,10029.35,0.0,0.0,False
CUST04941,1,0,1,4150.68,0.0,0.0,False
CUST04945,1,0,1,1472.12,0.0,0.0,False
CUST04947,2,0,2,5938.75,0.0,0.0,False
CUST04951,2,0,2,6981.84,0.0,0.0,False
CUST04952,7,0,6,11517.63,0.0,0.0,False
CUST04953,3,0,2,4897.62,0.0,0.0,False
CUST04954,7,0,7,9716.05,0.0,0.0,False
CUST04955,4,0,4,4708.14,0.0,0.0,False
CUST04957,4,0,3,11992.59,0.0,0.0,False
CUST04959,4,0,4,19947.48,0.0,0.0,False
CUST04960,3,0,3,2899.65,0.0,0.0,False
CUST04963,3,0,3,4970.639999999999,0.0,0.0,False
CUST04964,5,0,5,16533.239999999998,0.0,0.0,False
CUST04965,5,0,5,9536.62,0.0,0.0,False
CUST04966,2,0,2,2518.71,0.0,0.0,False
CUST04968,4,0,4,8295.59,0.0,0.0,False
CUST04969,5,0,4,6667.76,0.0,0.0,False
CUST04970,2,0,2,2679.76,0.0,0.0,False
CUST04972,2,0,2,6018.389999999999,0.0,0.0,False
CUST04975,4,0,4,9969.69,0.0,0.0,False
CUST04977,6,0,6,9097.55,0.0,0.0,False
CUST04978,6,0,4,8121.98,0.0,0.0,False
CUST04981,1,0,1,1018.55,0.0,0.0,False
CUST04982,3,0,3,6864.030000000001,0.0,0.0,False
CUST04986,6,0,6,4182.8099999999995,0.0,0.0,False
CUST04989,4,0,3,12410.880000000001,0.0,0.0,False
CUST04990,5,0,5,18005.65,0.0,0.0,False
CUST04993,2,0,2,2397.63,0.0,0.0,False
CUST04995,3,0,2,2954.73,0.0,0.0,False
CUST04996,5,0,5,7688.51,0.0,0.0,False
CUST04999,4,0,4,6920.01,0.0,0.0,False
CUST05000,3,0,3,7252.0,0.0,0.0,False
