customer_id,total_bookings,total_tickets,total_revenue,first_booking_date,last_booking_date,average_booking_value,average_ticket_price,lifetime_days,lifetime_months,purchase_frequency,historical_clv,monthly_revenue,projected_12_month_clv,customer_value_segment,revenue_rank,clv_rank
CUST04551,9,24,31796.49,2025-04-21,2026-08-17,3532.9433333333336,1395.2277777777776,483,16.1,0.5590062111801242,31796.49,1974.9372670807452,23699.247204968942,VIP,1,1
CUST00922,7,22,31639.43,2025-03-23,2026-05-21,4519.918571428571,1497.032857142857,424,14.133333333333333,0.49528301886792453,31639.43,2238.6389150943396,26863.666981132075,VIP,2,2
CUST00996,8,26,28304.39,2025-05-22,2026-11-17,3538.04875,1081.78375,544,18.133333333333333,0.4411764705882353,28304.39,1560.9038602941177,18730.84632352941,VIP,3,3
CUST00821,9,26,27505.06,2025-01-04,2026-10-12,3056.117777777778,974.7466666666666,646,21.533333333333335,0.41795665634674917,27505.06,1277.3247678018577,15327.897213622291,VIP,4,4
CUST02345,7,19,27237.489999999998,2025-02-06,2026-11-08,3891.0699999999997,1287.9714285714285,640,21.333333333333332,0.328125,27237.489999999998,1276.75734375,15321.088125,VIP,5,5
CUST04721,6,21,26829.19,2025-03-14,2026-05-19,4471.531666666667,1166.5616666666667,431,14.366666666666667,0.4176334106728538,26829.19,1867.4610208816705,22409.532250580047,VIP,6,6
CUST02328,8,23,26691.14,2025-01-26,2026-10-06,3336.3925,1082.8425,618,20.6,0.3883495145631068,26691.14,1295.6864077669902,15548.236893203883,VIP,7,7
CUST01803,7,17,26268.68,2025-03-04,2026-01-29,3752.6685714285713,1290.2285714285715,331,11.033333333333333,0.6344410876132931,26268.68,2380.847129909366,28570.16555891239,VIP,8,8
CUST03385,8,24,26170.469999999998,2025-04-14,2026-11-15,3271.3087499999997,1148.29,580,19.333333333333332,0.4137931034482759,26170.469999999998,1353.645,16243.74,VIP,9,9
CUST01015,8,24,25952.4,2025-03-06,2026-10-11,3244.05,1010.98,584,19.466666666666665,0.4109589041095891,25952.4,1333.1712328767126,15998.05479452055,VIP,10,10
CUST00729,8,19,25622.309999999998,2025-05-01,2026-10-20,3202.7887499999997,1322.9,537,17.9,0.446927374301676,25622.309999999998,1431.413966480447,17176.967597765364,VIP,11,11
CUST01341,7,18,25426.04,2025-06-23,2026-06-14,3632.2914285714287,1284.3899999999999,356,11.866666666666667,0.5898876404494382,25426.04,2142.643820224719,25711.72584269663,VIP,12,12
CUST03648,10,24,25205.72,2025-02-12,2026-10-19,2520.572,1025.348,614,20.466666666666665,0.488599348534202,25205.72,1231.5498371335507,14778.598045602608,VIP,13,13
CUST02247,10,23,25095.72,2025-06-05,2026-12-24,2509.572,1162.801,567,18.9,0.5291005291005292,25095.72,1327.8158730158732,15933.79047619048,VIP,14,14
CUST03665,8,24,24960.07,2025-03-05,2026-12-10,3120.00875,1015.1949999999999,645,21.5,0.37209302325581395,24960.07,1160.933488372093,13931.201860465117,VIP,15,15
CUST04595,9,22,24740.51,2025-08-02,2026-10-15,2748.9455555555555,1088.72,439,14.633333333333333,0.6150341685649203,24740.51,1690.695444191344,20288.345330296128,VIP,16,16
CUST00223,6,17,24230.8,2025-07-25,2026-02-05,4038.4666666666667,1398.5166666666667,195,6.5,0.9230769230769231,24230.8,3727.8153846153846,44733.78461538462,VIP,17,17
CUST00879,8,20,24195.67,2025-04-04,2026-12-16,3024.45875,1097.4875,621,20.7,0.3864734299516908,24195.67,1168.8729468599033,14026.47536231884,VIP,18,18
CUST04354,7,22,24181.62,2025-01-23,2026-09-20,3454.5171428571425,1211.712857142857,605,20.166666666666668,0.3471074380165289,24181.62,1199.0885950413222,14389.063140495866,VIP,19,19
CUST04073,7,19,24118.35,2025-02-02,2026-05-12,3445.4785714285713,1108.5214285714285,464,15.466666666666667,0.4525862068965517,24118.35,1559.3760775862067,18712.512931034482,VIP,20,20
CUST01161,6,16,23965.92,2025-03-30,2026-10-09,3994.3199999999997,1491.1816666666666,558,18.6,0.3225806451612903,23965.92,1288.490322580645,15461.88387096774,VIP,21,21
CUST02950,8,18,23797.2,2024-12-07,2026-10-31,2974.65,1067.81625,693,23.1,0.3463203463203463,23797.2,1030.1818181818182,12362.18181818182,VIP,22,22
CUST03923,9,21,23788.420000000002,2025-04-02,2026-10-28,2643.157777777778,1096.048888888889,574,19.133333333333333,0.47038327526132406,23788.420000000002,1243.2972125435542,14919.56655052265,VIP,23,23
CUST03244,7,23,23761.260000000002,2025-02-10,2026-06-22,3394.4657142857145,958.0614285714286,497,16.566666666666666,0.4225352112676056,23761.260000000002,1434.2812877263582,17211.375452716296,VIP,24,24
CUST03110,5,17,23720.91,2025-02-26,2026-02-23,4744.182,1227.208,362,12.066666666666666,0.4143646408839779,23720.91,1965.821270718232,23589.855248618784,VIP,25,25
CUST02677,5,17,23666.21,2025-05-01,2026-04-24,4733.242,1291.398,358,11.933333333333334,0.41899441340782123,23666.21,1983.2019553072626,23798.42346368715,VIP,26,26
CUST04318,5,16,23419.64,2025-02-23,2026-04-11,4683.928,1347.748,412,13.733333333333333,0.3640776699029126,23419.64,1705.3135922330098,20463.76310679612,VIP,27,27
CUST02126,6,16,23149.52,2025-03-11,2026-11-24,3858.2533333333336,1426.4183333333333,623,20.766666666666666,0.28892455858747995,23149.52,1114.7441412520066,13376.929695024079,VIP,28,28
CUST01612,7,15,23034.25,2025-05-07,2026-09-17,3290.6071428571427,1418.5185714285715,498,16.6,0.4216867469879518,23034.25,1387.605421686747,16651.265060240963,VIP,29,29
CUST04620,5,17,22898.73,2025-04-24,2026-10-30,4579.746,1253.882,554,18.466666666666665,0.27075812274368233,22898.73,1240.0034296028882,14880.04115523466,VIP,30,30
CUST03114,8,20,22848.559999999998,2025-01-22,2026-08-04,2856.0699999999997,1047.49875,559,18.633333333333333,0.42933810375670844,22848.559999999998,1226.219677996422,14714.636135957064,VIP,31,31
CUST03572,8,22,22720.95,2025-05-09,2025-10-30,2840.11875,980.77,174,5.8,1.3793103448275863,22720.95,3917.4051724137935,47008.86206896552,VIP,32,32
CUST03813,7,19,22686.68,2024-11-21,2026-05-11,3240.9542857142856,1096.0171428571427,536,17.866666666666667,0.39179104477611937,22686.68,1269.7768656716419,15237.322388059703,VIP,33,33
CUST03689,6,19,22662.719999999998,2025-05-02,2026-08-26,3777.1199999999994,1116.7066666666667,481,16.033333333333335,0.3742203742203742,22662.719999999998,1413.4752598752596,16961.703118503116,VIP,34,34
CUST04752,8,20,22603.57,2025-01-31,2026-07-21,2825.44625,1141.6625,536,17.866666666666667,0.44776119402985076,22603.57,1265.125186567164,15181.50223880597,VIP,35,35
CUST01263,10,24,22564.13,2025-03-26,2026-08-12,2256.413,1011.2470000000001,504,16.8,0.5952380952380952,22564.13,1343.1029761904763,16117.235714285714,VIP,36,36
CUST00083,5,19,22506.95,2025-12-13,2026-09-14,4501.39,1132.85,275,9.166666666666666,0.5454545454545455,22506.95,2455.3036363636365,29463.64363636364,VIP,37,37
CUST04029,7,21,22443.1,2025-02-21,2026-08-08,3206.157142857143,1264.7099999999998,533,17.766666666666666,0.39399624765478425,22443.1,1263.2138836772983,15158.56660412758,VIP,38,38
CUST02013,8,17,22398.079999999998,2024-12-24,2026-07-15,2799.7599999999998,1046.54,568,18.933333333333334,0.4225352112676056,22398.079999999998,1182.9971830985914,14195.966197183097,VIP,39,39
CUST02997,6,18,22064.59,2025-12-01,2026-09-25,3677.431666666667,1287.8733333333332,298,9.933333333333334,0.6040268456375839,22064.59,2221.2674496644295,26655.209395973154,VIP,40,40
CUST01414,7,16,22016.370000000003,2025-05-07,2026-07-02,3145.1957142857145,1377.447142857143,421,14.033333333333333,0.498812351543943,22016.370000000003,1568.8624703087887,18826.349643705464,VIP,41,41
CUST02633,9,26,21995.79,2024-11-24,2026-02-13,2443.976666666667,934.9788888888888,446,14.866666666666667,0.6053811659192825,21995.79,1479.5374439461884,17754.44932735426,VIP,42,42
CUST01649,5,17,21860.83,2025-03-07,2026-08-31,4372.166,1301.28,542,18.066666666666666,0.2767527675276753,21860.83,1210.0090405904061,14520.108487084874,VIP,43,43
CUST04514,7,18,21752.69,2024-12-26,2026-09-27,3107.5271428571427,1146.1742857142858,640,21.333333333333332,0.328125,21752.69,1019.65734375,12235.888125,VIP,44,44
CUST03873,8,18,21690.989999999998,2025-04-15,2026-10-27,2711.3737499999997,1072.1475,560,18.666666666666668,0.42857142857142855,21690.989999999998,1162.0173214285712,13944.207857142854,VIP,45,45
CUST01883,7,20,21683.16,2025-03-22,2026-09-29,3097.594285714286,1086.9457142857143,556,18.533333333333335,0.3776978417266187,21683.16,1169.9546762589928,14039.456115107914,VIP,46,46
CUST02226,6,17,21534.2,2024-11-26,2026-07-03,3589.0333333333333,1228.5866666666668,584,19.466666666666665,0.3082191780821918,21534.2,1106.2089041095892,13274.50684931507,VIP,47,47
CUST04334,7,17,21506.04,2025-01-15,2026-08-16,3072.2914285714287,1233.3042857142857,578,19.266666666666666,0.3633217993079585,21506.04,1116.2304498269898,13394.765397923878,VIP,48,48
CUST01661,6,17,21413.27,2025-12-26,2026-12-10,3568.8783333333336,1384.655,349,11.633333333333333,0.5157593123209169,21413.27,1840.6822349570202,22088.186819484243,VIP,49,49
CUST00309,9,23,21261.010000000002,2025-01-29,2026-10-03,2362.3344444444447,1023.0388888888889,612,20.4,0.44117647058823534,21261.010000000002,1042.2063725490198,12506.476470588237,VIP,50,50
CUST00265,5,14,21223.11,2025-04-03,2026-08-01,4244.622,1285.992,485,16.166666666666668,0.3092783505154639,21223.11,1312.7696907216493,15753.236288659791,VIP,51,51
CUST01860,4,14,21180.38,2025-03-24,2026-09-20,5295.095,1440.0674999999999,545,18.166666666666668,0.2201834862385321,21180.38,1165.8924770642202,13990.709724770642,VIP,52,52
CUST00053,8,21,21162.95,2025-02-20,2026-03-22,2645.36875,1090.97375,395,13.166666666666666,0.6075949367088608,21162.95,1607.3126582278483,19287.75189873418,VIP,53,53
CUST02572,7,19,21080.34,2024-11-29,2026-07-30,3011.477142857143,1120.2271428571428,608,20.266666666666666,0.34539473684210525,21080.34,1040.148355263158,12481.780263157896,VIP,54,54
CUST00347,10,22,20929.36,2024-12-19,2026-11-19,2092.936,983.9309999999999,700,23.333333333333332,0.4285714285714286,20929.36,896.9725714285715,10763.670857142859,VIP,55,55
CUST00940,8,18,20879.28,2025-02-16,2026-09-26,2609.91,1186.02875,587,19.566666666666666,0.4088586030664395,20879.28,1067.084156729131,12805.009880749574,VIP,56,56
CUST01599,7,15,20756.97,2024-11-20,2026-08-27,2965.281428571429,1122.8114285714287,645,21.5,0.32558139534883723,20756.97,965.4404651162791,11585.28558139535,VIP,57,57
CUST01825,6,11,20679.11,2025-01-21,2026-03-25,3446.5183333333334,1735.3216666666667,428,14.266666666666667,0.4205607476635514,20679.11,1449.4703271028036,17393.643925233642,VIP,58,58
CUST02560,8,18,20605.33,2025-04-29,2026-07-12,2575.66625,1099.165,439,14.633333333333333,0.5466970387243736,20605.33,1408.1091116173122,16897.309339407748,VIP,59,59
CUST03079,8,17,20558.58,2025-02-02,2026-11-11,2569.8225,1174.4275,647,21.566666666666666,0.37094281298299847,20558.58,953.2571870170017,11439.08624420402,VIP,60,60
CUST04971,7,17,20544.34,2025-02-20,2026-10-18,2934.905714285714,1207.1671428571428,605,20.166666666666668,0.3471074380165289,20544.34,1018.7276033057851,12224.731239669421,VIP,61,61
CUST03976,11,20,20417.7,2025-01-23,2026-11-16,1856.1545454545455,919.3072727272728,662,22.066666666666666,0.4984894259818731,20417.7,925.273413897281,11103.280966767372,VIP,62,62
CUST03714,7,16,20397.73,2025-02-12,2026-08-26,2913.9614285714283,1202.6985714285713,560,18.666666666666668,0.375,20397.73,1092.7355357142856,13112.826428571427,VIP,63,63
CUST03025,4,16,20252.47,2025-01-02,2025-09-17,5063.1175,1136.495,258,8.6,0.46511627906976744,20252.47,2354.9383720930236,28259.260465116284,VIP,64,64
CUST00682,7,18,20220.76,2025-03-28,2026-08-10,2888.68,1263.544285714286,500,16.666666666666668,0.42,20220.76,1213.2455999999997,14558.947199999997,VIP,65,65
CUST01106,4,15,20126.43,2025-06-18,2026-08-08,5031.6075,1265.8474999999999,416,13.866666666666667,0.28846153846153844,20126.43,1451.4252403846153,17417.102884615386,VIP,66,66
CUST02461,5,15,20095.71,2025-04-19,2026-09-19,4019.142,1180.3,518,17.266666666666666,0.2895752895752896,20095.71,1163.8442084942085,13966.130501930502,VIP,67,67
CUST04959,4,16,19947.48,2025-02-19,2026-10-21,4986.87,1135.5725,609,20.3,0.19704433497536944,19947.48,982.6344827586206,11791.613793103446,VIP,68,68
CUST01832,8,19,19903.9,2025-08-23,2026-09-29,2487.9875,1068.41875,402,13.4,0.5970149253731343,19903.9,1485.365671641791,17824.388059701494,VIP,69,69
CUST00436,7,20,19893.92,2025-06-10,2026-09-19,2841.988571428571,1145.2442857142858,466,15.533333333333333,0.45064377682403434,19893.92,1280.7244635193133,15368.69356223176,VIP,70,70
CUST00337,8,22,19874.510000000002,2025-01-17,2026-05-22,2484.3137500000003,907.7637500000001,490,16.333333333333332,0.489795918367347,19874.510000000002,1216.8067346938778,14601.680816326534,VIP,71,71
CUST02221,7,15,19863.24,2025-01-27,2026-04-04,2837.6057142857144,1271.7885714285715,432,14.4,0.4861111111111111,19863.24,1379.3916666666667,16552.7,VIP,72,72
CUST01772,5,13,19828.07,2025-07-17,2026-03-21,3965.614,1400.9740000000002,247,8.233333333333333,0.6072874493927126,19828.07,2408.2676113360326,28899.211336032393,VIP,73,73
CUST00732,6,14,19806.21,2025-06-26,2026-07-22,3301.035,1231.0833333333333,391,13.033333333333333,0.46035805626598464,19806.21,1519.6580562659847,18235.896675191816,VIP,74,74
CUST00571,8,22,19771.32,2025-01-11,2026-11-13,2471.415,978.50625,671,22.366666666666667,0.35767511177347244,19771.32,883.9636363636363,10607.563636363635,VIP,75,75
CUST02029,10,18,19722.85,2024-11-24,2026-10-06,1972.2849999999999,981.0619999999999,681,22.7,0.4405286343612335,19722.85,868.8480176211453,10426.176211453745,VIP,76,76
CUST03884,7,15,19687.32,2024-12-17,2026-10-26,2812.4742857142855,1415.5785714285714,678,22.6,0.30973451327433627,19687.32,871.1203539823008,10453.44424778761,VIP,77,77
CUST03081,6,17,19636.66,2025-02-21,2026-02-12,3272.7766666666666,1150.5249999999999,356,11.866666666666667,0.5056179775280899,19636.66,1654.7747191011235,19857.29662921348,VIP,78,78
CUST02390,9,20,19606.45,2025-06-20,2026-10-20,2178.4944444444445,1020.3477777777779,487,16.233333333333334,0.5544147843942505,19606.45,1207.7895277207392,14493.474332648871,VIP,79,79
CUST00808,5,14,19604.52,2025-06-24,2026-11-21,3920.904,1349.292,515,17.166666666666668,0.2912621359223301,19604.52,1142.0108737864077,13704.130485436894,VIP,80,80
CUST01988,7,18,19579.260000000002,2024-12-07,2026-10-21,2797.037142857143,1036.3071428571427,683,22.766666666666666,0.3074670571010249,19579.260000000002,859.9967789165448,10319.961346998538,VIP,81,81
CUST01918,8,18,19564.15,2024-11-11,2026-09-11,2445.51875,1040.57,669,22.3,0.35874439461883406,19564.15,877.3161434977579,10527.793721973096,VIP,82,82
CUST02890,6,16,19476.329999999998,2025-02-01,2025-11-16,3246.055,1302.9616666666666,288,9.6,0.625,19476.329999999998,2028.784375,24345.4125,VIP,83,83
CUST01518,6,22,19462.54,2024-12-24,2026-09-23,3243.7566666666667,830.65,638,21.266666666666666,0.2821316614420063,19462.54,915.1664576802509,10981.997492163011,VIP,84,84
CUST01773,7,20,19431.690000000002,2025-02-22,2026-09-16,2775.9557142857147,961.2014285714286,571,19.033333333333335,0.3677758318739054,19431.690000000002,1020.9294220665499,12251.1530647986,VIP,85,85
CUST02953,6,18,19408.36,2024-11-26,2026-07-09,3234.726666666667,1102.1483333333333,590,19.666666666666668,0.30508474576271183,19408.36,986.8657627118644,11842.389152542371,VIP,86,86
CUST02694,8,20,19401.98,2025-05-24,2026-08-29,2425.2475,990.37125,462,15.4,0.5194805194805194,19401.98,1259.868831168831,15118.425974025973,VIP,87,87
CUST01609,9,21,19345.93,2025-03-08,2026-11-26,2149.547777777778,1022.2199999999999,628,20.933333333333334,0.4299363057324841,19345.93,924.1686305732484,11090.023566878981,VIP,88,88
CUST02801,9,18,19321.13,2024-12-30,2026-12-01,2146.7922222222223,965.1544444444444,701,23.366666666666667,0.3851640513552068,19321.13,826.8671897289587,9922.406276747504,VIP,89,89
CUST02258,9,19,19305.510000000002,2024-12-24,2026-10-30,2145.056666666667,1070.0788888888887,675,22.5,0.4,19305.510000000002,858.0226666666667,10296.272,VIP,90,90
CUST02966,4,12,19275.46,2026-01-14,2026-11-04,4818.865,1605.4425,294,9.8,0.4081632653061224,19275.46,1966.8836734693875,23602.60408163265,VIP,91,91
CUST00325,7,16,19257.43,2025-04-03,2026-11-28,2751.0614285714287,1207.1742857142856,604,20.133333333333333,0.347682119205298,19257.43,956.4948675496689,11477.938410596027,VIP,92,92
CUST01335,8,17,19231.86,2025-05-10,2026-11-17,2403.9825,1193.4,556,18.533333333333335,0.4316546762589928,19231.86,1037.6902877697842,12452.28345323741,VIP,93,93
CUST02455,9,19,19191.23,2024-12-01,2026-09-26,2132.358888888889,1051.66,664,22.133333333333333,0.4066265060240964,19191.23,867.0736445783133,10404.88373493976,VIP,94,94
CUST01303,4,16,19141.91,2025-09-06,2026-09-29,4785.4775,1158.8725,388,12.933333333333334,0.30927835051546393,19141.91,1480.0445876288659,17760.53505154639,VIP,95,95
CUST00706,6,18,19129.32,2024-11-29,2026-06-29,3188.22,1025.97,577,19.233333333333334,0.3119584055459272,19129.32,994.592027729636,11935.104332755633,VIP,96,96
CUST03724,5,15,19126.23,2025-06-13,2026-08-08,3825.246,1086.116,421,14.033333333333333,0.35629453681710216,19126.23,1362.9142517814726,16354.97102137767,VIP,97,97
CUST02479,6,16,19090.71,2025-06-03,2026-10-12,3181.785,1235.7616666666665,496,16.533333333333335,0.36290322580645157,19090.71,1154.6800403225805,13856.160483870965,VIP,98,98
CUST04571,9,18,19076.1,2025-01-23,2026-08-08,2119.5666666666666,914.4477777777779,562,18.733333333333334,0.48042704626334515,19076.1,1018.2971530249109,12219.56583629893,VIP,99,99
CUST03929,5,16,19003.85,2025-04-10,2026-08-21,3800.7699999999995,1242.0040000000001,498,16.6,0.3012048192771084,19003.85,1144.8102409638552,13737.722891566264,VIP,100,100
CUST00823,4,13,18995.8,2025-01-20,2026-04-29,4748.95,1379.5,464,15.466666666666667,0.25862068965517243,18995.8,1228.176724137931,14738.12068965517,VIP,101,101
CUST01931,9,20,18979.989999999998,2024-12-18,2026-12-02,2108.8877777777775,943.99,714,23.8,0.37815126050420167,18979.989999999998,797.4785714285713,9569.742857142855,VIP,102,102
CUST03364,7,15,18947.45,2025-04-08,2026-09-28,2706.7785714285715,1277.25,538,17.933333333333334,0.3903345724907063,18947.45,1056.5492565055763,12678.591078066915,VIP,103,103
CUST04809,5,13,18933.11,2025-02-02,2026-08-14,3786.6220000000003,1419.084,558,18.6,0.26881720430107525,18933.11,1017.9091397849462,12214.909677419355,VIP,104,104
CUST01126,8,20,18926.08,2025-08-07,2026-10-25,2365.76,1116.68625,444,14.8,0.5405405405405405,18926.08,1278.7891891891893,15345.47027027027,VIP,105,105
CUST00180,6,17,18924.510000000002,2024-11-24,2026-01-13,3154.0850000000005,1032.4433333333334,415,13.833333333333334,0.43373493975903615,18924.510000000002,1368.0368674698796,16416.442409638556,VIP,106,106
CUST00119,6,14,18834.23,2025-04-18,2026-10-18,3139.0383333333334,1403.61,548,18.266666666666666,0.3284671532846716,18834.23,1031.07098540146,12372.851824817519,VIP,107,107
CUST04088,6,13,18827.34,2024-12-01,2026-08-12,3137.89,1298.6016666666667,619,20.633333333333333,0.29079159935379645,18827.34,912.4720516962843,10949.664620355412,VIP,108,108
CUST00701,8,14,18818.48,2025-03-06,2026-10-22,2352.31,1458.67,595,19.833333333333332,0.40336134453781514,18818.48,948.8309243697479,11385.971092436976,VIP,109,109
CUST04258,7,17,18802.44,2025-02-21,2026-11-18,2686.062857142857,1043.5085714285713,635,21.166666666666668,0.3307086614173228,18802.44,888.3042519685039,10659.651023622046,VIP,110,110
CUST03973,6,15,18796.51,2024-12-30,2026-08-24,3132.7516666666666,1225.41,602,20.066666666666666,0.29900332225913623,18796.51,936.7031561461794,11240.437873754152,VIP,111,111
CUST03618,6,16,18782.989999999998,2025-05-31,2026-07-27,3130.498333333333,1147.3633333333335,422,14.066666666666666,0.4265402843601896,18782.989999999998,1335.2836492890995,16023.403791469194,VIP,112,112
CUST01835,5,15,18750.17,2024-12-21,2026-10-02,3750.0339999999997,1114.206,650,21.666666666666668,0.23076923076923075,18750.17,865.3924615384614,10384.709538461537,VIP,113,113
CUST04302,8,18,18733.5,2024-12-14,2026-08-25,2341.6875,965.4325,619,20.633333333333333,0.3877221324717286,18733.5,907.9240710823909,10895.08885298869,VIP,114,114
CUST00775,5,15,18732.23,2024-12-15,2026-05-13,3746.446,1121.77,514,17.133333333333333,0.2918287937743191,18732.23,1093.3208171206227,13119.849805447473,VIP,115,115
CUST03015,6,15,18719.25,2024-12-18,2026-05-15,3119.875,1206.5516666666665,513,17.1,0.3508771929824561,18719.25,1094.6929824561403,13136.315789473683,VIP,116,116
CUST03775,4,14,18710.39,2024-11-23,2026-09-11,4677.5975,1404.0575,657,21.9,0.18264840182648404,18710.39,854.3557077625571,10252.268493150685,VIP,117,117
CUST04120,8,18,18683.05,2024-12-26,2026-08-02,2335.38125,1150.44125,584,19.466666666666665,0.4109589041095891,18683.05,959.7457191780823,11516.948630136987,VIP,118,118
CUST03566,4,15,18669.309999999998,2025-05-26,2026-02-17,4667.327499999999,1165.3875,267,8.9,0.449438202247191,18669.309999999998,2097.6752808988763,25172.103370786514,VIP,119,119
CUST00154,6,14,18664.28,2025-03-04,2026-11-02,3110.713333333333,1435.1966666666667,608,20.266666666666666,0.2960526315789474,18664.28,920.9348684210527,11051.218421052632,VIP,120,120
CUST03690,5,15,18623.47,2025-05-04,2026-04-06,3724.6940000000004,1384.584,337,11.233333333333333,0.4451038575667656,18623.47,1657.8756676557866,19894.50801186944,VIP,121,121
CUST03508,5,15,18598.44,2025-09-10,2026-08-12,3719.6879999999996,1423.654,336,11.2,0.44642857142857145,18598.44,1660.575,19926.9,VIP,122,122
CUST04781,6,12,18594.09,2025-05-05,2026-10-02,3099.015,1543.3583333333333,515,17.166666666666668,0.3495145631067961,18594.09,1083.1508737864076,12997.81048543689,VIP,123,123
CUST02983,5,14,18583.15,2025-02-10,2026-10-10,3716.63,1339.398,607,20.233333333333334,0.2471169686985173,18583.15,918.4423393739704,11021.308072487645,VIP,124,124
CUST02473,9,18,18583.08,2024-12-24,2026-08-25,2064.786666666667,1113.5277777777778,609,20.3,0.44334975369458124,18583.08,915.4226600985222,10985.071921182267,VIP,125,125
CUST01118,5,16,18581.86,2024-12-23,2026-10-11,3716.3720000000003,1239.4560000000001,657,21.9,0.22831050228310504,18581.86,848.4867579908677,10181.841095890411,VIP,126,126
CUST04500,4,13,18472.01,2025-04-17,2026-09-18,4618.0025,1398.745,519,17.3,0.23121387283236994,18472.01,1067.7462427745663,12812.954913294796,VIP,127,127
CUST02507,7,13,18449.719999999998,2024-12-13,2026-10-28,2635.6742857142854,1387.4842857142855,684,22.8,0.30701754385964913,18449.719999999998,809.1982456140349,9710.37894736842,VIP,128,128
CUST01392,5,14,18415.63,2025-01-19,2026-09-11,3683.126,1255.76,600,20.0,0.25,18415.63,920.7815,11049.378,VIP,129,129
CUST00727,8,18,18404.7,2025-03-17,2026-06-13,2300.5875,1115.4875,453,15.1,0.5298013245033113,18404.7,1218.8543046357618,14626.251655629141,VIP,130,130
CUST01490,6,15,18363.59,2025-01-12,2026-03-17,3060.5983333333334,1250.4316666666666,429,14.3,0.4195804195804196,18363.59,1284.1671328671328,15410.005594405593,VIP,131,131
CUST00814,8,17,18339.64,2025-03-14,2026-03-26,2292.455,1055.73875,377,12.566666666666666,0.636604774535809,18339.64,1459.3877984084882,17512.653580901857,VIP,132,132
CUST02114,4,13,18290.41,2025-05-24,2026-07-03,4572.6025,1350.555,405,13.5,0.2962962962962963,18290.41,1354.845185185185,16258.14222222222,VIP,133,133
CUST03004,5,14,18268.4,2025-07-01,2026-09-03,3653.6800000000003,1318.174,429,14.3,0.34965034965034963,18268.4,1277.5104895104896,15330.125874125875,VIP,134,134
CUST01693,7,19,18257.739999999998,2025-05-14,2026-07-26,2608.2485714285713,1075.8714285714286,438,14.6,0.4794520547945206,18257.739999999998,1250.5301369863012,15006.361643835615,VIP,135,135
CUST02012,5,16,18249.16,2025-01-15,2026-09-24,3649.832,1088.414,617,20.566666666666666,0.24311183144246354,18249.16,887.3173419773095,10647.808103727715,VIP,136,136
CUST02262,7,18,18239.03,2024-11-16,2026-07-08,2605.575714285714,1130.7485714285715,599,19.966666666666665,0.3505843071786311,18239.03,913.4739565943239,10961.687479131888,VIP,137,137
CUST03926,7,21,18201.42,2025-01-26,2026-09-28,2600.202857142857,965.5528571428571,610,20.333333333333332,0.3442622950819672,18201.42,895.1518032786885,10741.821639344262,VIP,138,138
CUST00613,4,13,18195.71,2025-02-04,2026-09-28,4548.9275,1327.7725,601,20.033333333333335,0.19966722129783693,18195.71,908.271713810316,10899.260565723791,VIP,139,139
CUST02103,7,15,18182.940000000002,2025-06-01,2026-08-09,2597.5628571428574,1060.3857142857144,434,14.466666666666667,0.4838709677419355,18182.940000000002,1256.8852534562213,15082.623041474657,VIP,140,140
CUST03859,8,15,18178.329999999998,2025-03-17,2026-07-15,2272.2912499999998,1273.98375,485,16.166666666666668,0.49484536082474223,18178.329999999998,1124.4327835051545,13493.193402061854,VIP,141,141
CUST00676,4,11,18107.2,2025-05-22,2026-08-14,4526.8,1572.1075,449,14.966666666666667,0.26726057906458794,18107.2,1209.835189309577,14518.022271714923,VIP,142,142
CUST03043,6,12,18091.28,2025-05-22,2026-08-21,3015.213333333333,1399.8666666666668,456,15.2,0.39473684210526316,18091.28,1190.2157894736843,14282.589473684211,VIP,143,143
CUST02261,6,17,18087.2,2025-01-26,2026-03-03,3014.5333333333333,1093.2633333333333,401,13.366666666666667,0.44887780548628425,18087.2,1353.1571072319202,16237.885286783043,VIP,144,144
CUST03723,6,15,18080.399999999998,2024-12-13,2025-09-24,3013.3999999999996,1023.0433333333334,285,9.5,0.631578947368421,18080.399999999998,1903.1999999999998,22838.399999999998,VIP,145,145
CUST03348,7,15,18057.64,2025-03-20,2026-07-10,2579.662857142857,1131.4257142857143,477,15.9,0.44025157232704404,18057.64,1135.7006289308176,13628.407547169812,VIP,146,146
CUST02330,4,13,18028.45,2025-04-06,2026-12-02,4507.1125,1339.3875,605,20.166666666666668,0.1983471074380165,18028.45,893.9727272727273,10727.672727272728,VIP,147,147
CUST04990,5,14,18005.65,2024-12-29,2026-02-11,3601.13,1217.7279999999998,409,13.633333333333333,0.36674816625916873,18005.65,1320.7078239608804,15848.493887530565,VIP,148,148
CUST00528,6,19,18003.45,2024-12-11,2026-09-29,3000.5750000000003,897.8116666666666,657,21.9,0.27397260273972607,18003.45,822.0753424657535,9864.904109589042,VIP,149,149
CUST01924,7,18,17977.010000000002,2024-12-02,2026-10-07,2568.144285714286,897.9914285714286,674,22.466666666666665,0.31157270029673595,17977.010000000002,800.1636498516322,9601.963798219585,VIP,150,150
CUST02607,6,18,17974.35,2024-12-09,2026-07-23,2995.725,960.3433333333332,591,19.7,0.30456852791878175,17974.35,912.4035532994924,10948.84263959391,VIP,151,151
CUST04147,6,19,17955.3,2025-01-19,2026-03-09,2992.5499999999997,881.445,414,13.8,0.43478260869565216,17955.3,1301.1086956521738,15613.304347826084,VIP,152,152
CUST01884,7,20,17939.17,2025-01-21,2026-09-28,2562.738571428571,1013.9499999999999,615,20.5,0.34146341463414637,17939.17,875.0814634146341,10500.977560975609,VIP,153,153
CUST03424,7,15,17936.02,2024-12-19,2026-09-13,2562.2885714285717,960.5957142857143,633,21.1,0.33175355450236965,17936.02,850.0483412322275,10200.58009478673,VIP,154,154
CUST00699,6,15,17927.44,2024-11-20,2026-07-16,2987.9066666666663,1226.8233333333333,603,20.1,0.29850746268656714,17927.44,891.9124378109451,10702.949253731342,VIP,155,155
CUST01522,7,19,17899.55,2024-12-26,2026-11-18,2557.078571428571,938.0928571428573,692,23.066666666666666,0.30346820809248554,17899.55,775.9920520231213,9311.904624277457,VIP,156,156
CUST03668,6,14,17875.09,2025-02-15,2026-03-17,2979.181666666667,1194.3616666666667,395,13.166666666666666,0.4556962025316456,17875.09,1357.6017721518988,16291.221265822785,VIP,157,157
CUST01129,7,20,17873.73,2025-05-31,2026-10-31,2553.39,866.8128571428572,518,17.266666666666666,0.40540540540540543,17873.73,1035.158108108108,12421.897297297297,VIP,158,158
CUST00761,4,13,17847.09,2025-04-24,2026-03-19,4461.7725,1380.4275,329,10.966666666666667,0.364741641337386,17847.09,1627.3942249240122,19528.730699088148,VIP,159,159
CUST01324,5,13,17794.84,2025-02-04,2026-07-28,3558.968,1371.6740000000002,539,17.966666666666665,0.2782931354359926,17794.84,990.4363636363637,11885.236363636364,VIP,160,160
CUST04572,5,12,17784.63,2025-08-25,2026-12-17,3556.9260000000004,1371.0639999999999,479,15.966666666666667,0.31315240083507306,17784.63,1113.8599164926932,13366.318997912318,VIP,161,161
CUST00860,7,16,17758.989999999998,2025-11-04,2026-10-23,2536.9985714285713,1155.6614285714286,353,11.766666666666667,0.5949008498583569,17758.989999999998,1509.2626062322943,18111.15127478753,VIP,162,162
CUST01344,6,19,17735.0,2025-03-12,2026-02-11,2955.8333333333335,786.4633333333333,336,11.2,0.5357142857142857,17735.0,1583.482142857143,19001.785714285714,VIP,163,163
CUST01213,7,15,17706.95,2025-04-28,2026-03-13,2529.5642857142857,1129.5685714285714,319,10.633333333333333,0.658307210031348,17706.95,1665.230407523511,19982.76489028213,VIP,164,164
CUST04736,5,14,17706.91,2025-01-04,2026-09-13,3541.382,1232.0880000000002,617,20.566666666666666,0.24311183144246354,17706.91,860.9518638573744,10331.422366288492,VIP,165,165
CUST00061,7,17,17702.28,2025-02-16,2026-08-03,2528.8971428571426,1094.8128571428572,533,17.766666666666666,0.39399624765478425,17702.28,996.3759849906191,11956.51181988743,VIP,166,166
CUST02967,3,12,17684.04,2025-02-18,2025-08-10,5894.68,1303.91,173,5.766666666666667,0.5202312138728323,17684.04,3066.5965317919076,36799.15838150289,VIP,167,167
CUST04596,7,16,17648.83,2024-11-28,2026-07-15,2521.261428571429,1204.7814285714285,594,19.8,0.35353535353535354,17648.83,891.3550505050506,10696.260606060607,VIP,168,168
CUST02861,8,22,17606.06,2024-12-15,2026-09-04,2200.7575,1028.17,628,20.933333333333334,0.38216560509554137,17606.06,841.053821656051,10092.645859872613,VIP,169,169
CUST03888,6,18,17582.3,2025-04-27,2026-07-10,2930.383333333333,933.715,439,14.633333333333333,0.4100227790432802,17582.3,1201.5239179954442,14418.28701594533,VIP,170,170
CUST00212,6,18,17577.61,2025-01-27,2026-04-25,2929.601666666667,932.0766666666667,453,15.1,0.3973509933774835,17577.61,1164.0801324503311,13968.961589403974,VIP,171,171
CUST01246,6,19,17564.53,2025-01-05,2026-11-02,2927.4216666666666,1094.9766666666667,666,22.2,0.2702702702702703,17564.53,791.195045045045,9494.340540540541,VIP,172,172
CUST03113,4,11,17558.06,2025-01-14,2026-07-19,4389.515,1511.165,551,18.366666666666667,0.2177858439201452,17558.06,955.9742286751361,11471.690744101634,VIP,173,173
CUST02555,5,13,17496.59,2024-12-10,2025-12-19,3499.318,1138.1060000000002,374,12.466666666666667,0.40106951871657753,17496.59,1403.4697860962567,16841.63743315508,VIP,174,174
CUST04893,6,14,17496.21,2024-12-19,2026-04-01,2916.035,1176.7516666666668,468,15.6,0.38461538461538464,17496.21,1121.551923076923,13458.623076923075,VIP,175,175
CUST00380,6,16,17460.699999999997,2025-06-22,2026-10-20,2910.1166666666663,980.3266666666667,485,16.166666666666668,0.37113402061855666,17460.699999999997,1080.0432989690719,12960.519587628864,VIP,176,176
CUST00129,6,16,17455.9,2025-05-07,2026-11-02,2909.316666666667,1189.6133333333335,544,18.133333333333333,0.33088235294117646,17455.9,962.6415441176472,11551.698529411766,VIP,177,177
CUST01664,4,11,17455.37,2025-05-20,2026-06-30,4363.8425,1467.1075,406,13.533333333333333,0.2955665024630542,17455.37,1289.8056650246306,15477.667980295566,VIP,178,178
CUST02978,5,14,17433.21,2025-03-24,2026-11-12,3486.642,1259.026,598,19.933333333333334,0.2508361204013378,17433.21,874.5757525083611,10494.909030100334,VIP,179,179
CUST02429,5,18,17424.65,2024-12-13,2026-10-09,3484.9300000000003,964.624,665,22.166666666666668,0.22556390977443608,17424.65,786.0744360902256,9432.893233082708,VIP,180,180
CUST03579,5,13,17418.26,2025-02-25,2026-07-19,3483.6519999999996,1169.85,509,16.966666666666665,0.29469548133595286,17418.26,1026.6165029469548,12319.398035363458,VIP,181,181
CUST01742,7,20,17395.42,2024-12-03,2026-08-31,2485.06,872.7242857142857,636,21.2,0.33018867924528306,17395.42,820.538679245283,9846.464150943397,VIP,182,182
CUST02825,6,13,17372.31,2025-09-12,2026-09-23,2895.385,1244.385,376,12.533333333333333,0.4787234042553192,17372.31,1386.0885638297873,16633.062765957446,VIP,183,183
CUST02483,5,12,17326.66,2025-01-19,2026-03-15,3465.332,1435.496,420,14.0,0.35714285714285715,17326.66,1237.6185714285714,14851.422857142858,VIP,184,184
CUST04031,4,14,17324.04,2025-05-26,2026-11-13,4331.01,1205.335,536,17.866666666666667,0.22388059701492538,17324.04,969.6291044776119,11635.549253731344,VIP,185,185
CUST00252,5,17,17309.76,2025-08-27,2026-05-25,3461.9519999999998,1036.472,271,9.033333333333333,0.5535055350553506,17309.76,1916.2095940959407,22994.51512915129,VIP,186,186
CUST01018,5,13,17292.969999999998,2024-12-20,2026-01-15,3458.5939999999996,1275.1399999999999,391,13.033333333333333,0.3836317135549872,17292.969999999998,1326.8263427109973,15921.916112531968,VIP,187,187
CUST01039,7,16,17263.73,2025-04-21,2026-08-25,2466.247142857143,980.8057142857143,491,16.366666666666667,0.4276985743380855,17263.73,1054.8103869653767,12657.724643584519,VIP,188,188
CUST02651,5,14,17262.129999999997,2025-02-12,2026-09-08,3452.4259999999995,1230.348,573,19.1,0.2617801047120419,17262.129999999997,903.7764397905758,10845.317277486909,VIP,189,189
CUST00088,3,12,17259.61,2025-04-30,2026-07-13,5753.203333333334,1539.9833333333336,439,14.633333333333333,0.2050113895216401,17259.61,1179.4722095671982,14153.666514806378,VIP,190,190
CUST03967,9,16,17248.14,2025-03-06,2026-08-12,1916.46,1108.072222222222,524,17.466666666666665,0.5152671755725191,17248.14,987.48893129771,11849.867175572519,VIP,191,191
CUST01923,6,12,17243.5,2025-08-12,2026-07-25,2873.9166666666665,1432.99,347,11.566666666666666,0.5187319884726225,17243.5,1490.792507204611,17889.51008645533,VIP,192,192
CUST04925,6,16,17241.17,2025-04-23,2026-11-14,2873.528333333333,949.8866666666667,570,19.0,0.3157894736842105,17241.17,907.43,10889.16,VIP,193,193
CUST03280,5,16,17228.61,2025-07-26,2026-09-30,3445.722,1052.984,431,14.366666666666667,0.3480278422273782,17228.61,1199.207192575406,14390.486310904871,VIP,194,194
CUST01587,5,14,17224.5,2025-05-26,2026-10-11,3444.9,1351.71,503,16.766666666666666,0.29821073558648115,17224.5,1027.3061630218688,12327.673956262424,VIP,195,195
CUST00311,4,10,17221.59,2025-02-02,2026-10-21,4305.3975,1624.345,626,20.866666666666667,0.19169329073482427,17221.59,825.3158146964856,9903.789776357828,VIP,196,196
CUST03946,6,17,17213.05,2025-12-02,2026-08-19,2868.8416666666667,1025.8833333333334,260,8.666666666666666,0.6923076923076924,17213.05,1986.121153846154,23833.453846153847,VIP,197,197
CUST01669,5,11,17212.57,2025-02-17,2026-04-10,3442.514,1192.266,417,13.9,0.3597122302158273,17212.57,1238.3143884892086,14859.772661870502,VIP,198,198
CUST00341,5,12,17206.030000000002,2025-04-19,2026-09-26,3441.2060000000006,1402.034,525,17.5,0.2857142857142857,17206.030000000002,983.2017142857144,11798.420571428573,VIP,199,199
CUST02756,7,15,17175.57,2025-01-08,2026-10-24,2453.652857142857,1051.2057142857143,654,21.8,0.3211009174311926,17175.57,787.8701834862385,9454.442201834861,VIP,200,200
CUST01222,4,12,17138.6,2025-01-11,2026-07-29,4284.65,1276.415,564,18.8,0.2127659574468085,17138.6,911.627659574468,10939.531914893616,VIP,201,201
CUST04071,5,15,17125.64,2025-05-20,2026-06-03,3425.1279999999997,1160.446,379,12.633333333333333,0.395778364116095,17125.64,1355.5915567282323,16267.098680738787,VIP,202,202
CUST04452,6,13,17102.18,2024-12-16,2026-03-06,2850.3633333333332,1280.1033333333332,445,14.833333333333334,0.4044943820224719,17102.18,1152.9559550561798,13835.471460674158,VIP,203,203
CUST04433,5,13,17093.23,2025-02-10,2026-08-11,3418.6459999999997,1242.616,547,18.233333333333334,0.2742230347349177,17093.23,937.4714808043875,11249.657769652651,VIP,204,204
CUST03266,4,12,17091.96,2025-01-10,2026-05-01,4272.99,1420.3975,476,15.866666666666667,0.25210084033613445,17091.96,1077.2243697478991,12926.69243697479,VIP,205,205
CUST04782,5,14,17057.89,2025-02-08,2025-08-15,3411.578,1217.622,188,6.266666666666667,0.7978723404255319,17057.89,2722.003723404255,32664.04468085106,VIP,206,206
CUST01634,5,15,17046.79,2024-12-20,2026-07-30,3409.358,1138.358,587,19.566666666666666,0.2555366269165247,17046.79,871.2158432708688,10454.590119250426,VIP,207,207
CUST02106,8,22,17015.93,2024-12-12,2026-10-18,2126.99125,744.4962499999999,675,22.5,0.35555555555555557,17015.93,756.2635555555555,9075.162666666667,VIP,208,208
CUST01822,9,20,17015.32,2025-01-13,2026-01-30,1890.591111111111,975.6644444444444,382,12.733333333333333,0.7068062827225131,17015.32,1336.2816753926702,16035.380104712043,VIP,209,209
CUST03835,5,18,17003.3,2025-02-14,2026-06-21,3400.66,1015.7700000000001,492,16.4,0.30487804878048785,17003.3,1036.7865853658536,12441.439024390244,VIP,210,210
CUST02150,5,10,16981.86,2025-02-18,2026-08-23,3396.3720000000003,1486.118,551,18.366666666666667,0.27223230490018147,16981.86,924.6021778584392,11095.22613430127,VIP,211,211
CUST03737,11,17,16961.42,2024-11-26,2026-08-15,1541.9472727272725,1020.6654545454545,627,20.9,0.5263157894736843,16961.42,811.5511961722488,9738.614354066985,VIP,212,212
CUST01549,3,9,16958.05,2025-05-19,2025-09-08,5652.683333333333,1596.6766666666665,112,3.7333333333333334,0.8035714285714286,16958.05,4542.334821428572,54508.017857142855,VIP,213,213
CUST03061,5,15,16952.010000000002,2024-12-17,2026-09-13,3390.4020000000005,1004.068,635,21.166666666666668,0.23622047244094488,16952.010000000002,800.8823622047245,9610.588346456694,VIP,214,214
CUST00036,6,14,16944.25,2024-12-08,2026-06-19,2824.0416666666665,1231.0983333333334,558,18.6,0.3225806451612903,16944.25,910.9811827956988,10931.774193548386,VIP,215,215
CUST04678,6,15,16939.48,2024-12-26,2026-01-08,2823.2466666666664,1044.7166666666667,378,12.6,0.4761904761904762,16939.48,1344.4031746031746,16132.838095238096,VIP,216,216
CUST02339,6,15,16930.010000000002,2024-12-13,2026-10-17,2821.6683333333335,987.9266666666667,673,22.433333333333334,0.2674591381872214,16930.010000000002,754.6809806835067,9056.17176820208,VIP,217,217
CUST02350,4,9,16876.08,2025-05-24,2026-04-13,4219.02,1738.285,324,10.8,0.37037037037037035,16876.08,1562.6000000000001,18751.2,VIP,218,218
CUST00765,7,21,16867.75,2024-11-27,2026-08-11,2409.6785714285716,834.7828571428571,622,20.733333333333334,0.337620578778135,16867.75,813.5570739549839,9762.684887459807,VIP,219,219
CUST03664,9,18,16853.239999999998,2024-12-10,2026-11-01,1872.582222222222,1005.1622222222221,691,23.033333333333335,0.3907380607814761,16853.239999999998,731.6891461649782,8780.269753979737,VIP,220,220
CUST00863,7,18,16757.06,2024-12-29,2026-08-31,2393.8657142857146,953.4957142857144,610,20.333333333333332,0.3442622950819672,16757.06,824.1177049180329,9889.412459016396,VIP,221,221
CUST02858,4,14,16751.16,2025-04-18,2026-02-11,4187.79,1233.5425,299,9.966666666666667,0.4013377926421405,16751.16,1680.7183946488294,20168.620735785953,VIP,222,222
CUST04445,6,15,16742.16,2025-04-18,2026-10-08,2790.36,1155.3816666666667,538,17.933333333333334,0.3345724907063197,16742.16,933.5776951672863,11202.932342007436,VIP,223,223
CUST00983,8,15,16736.16,2025-03-06,2026-10-28,2092.02,1261.4275,601,20.033333333333335,0.39933444259567386,16736.16,835.4156405990016,10024.987687188019,VIP,224,224
CUST03137,7,17,16720.8,2025-03-11,2026-12-06,2388.6857142857143,1058.6314285714286,635,21.166666666666668,0.3307086614173228,16720.8,789.9590551181102,9479.508661417323,VIP,225,225
CUST04838,6,11,16702.78,2026-01-03,2026-10-25,2783.7966666666666,1346.28,295,9.833333333333334,0.6101694915254237,16702.78,1698.5877966101693,20383.053559322034,VIP,226,226
CUST00793,6,15,16685.11,2025-01-31,2026-10-08,2780.851666666667,1063.515,615,20.5,0.2926829268292683,16685.11,813.9078048780489,9766.893658536586,VIP,227,227
CUST00544,6,13,16673.16,2025-01-10,2026-05-27,2778.86,1093.9016666666666,502,16.733333333333334,0.3585657370517928,16673.16,996.4039840637449,11956.847808764938,VIP,228,228
CUST04767,7,14,16670.73,2024-11-24,2026-10-24,2381.532857142857,1230.207142857143,699,23.3,0.3004291845493562,16670.73,715.481974248927,8585.783690987124,VIP,229,229
CUST01494,7,18,16654.66,2025-02-10,2026-07-16,2379.2371428571428,1027.28,521,17.366666666666667,0.40307101727447214,16654.66,959.0015355086372,11508.018426103647,VIP,230,230
CUST03571,7,14,16600.7,2025-03-21,2026-10-17,2371.5285714285715,1209.1942857142858,575,19.166666666666668,0.3652173913043478,16600.7,866.1234782608695,10393.481739130435,VIP,231,231
CUST01455,9,19,16587.71,2025-02-06,2026-07-09,1843.0788888888887,960.5722222222222,518,17.266666666666666,0.5212355212355213,16587.71,960.6781853281854,11528.138223938224,VIP,232,232
CUST04275,6,18,16563.81,2025-05-10,2026-10-12,2760.635,889.88,520,17.333333333333332,0.3461538461538462,16563.81,955.6044230769232,11467.25307692308,VIP,233,233
CUST03686,6,15,16558.14,2025-08-22,2026-10-09,2759.69,1228.7116666666668,413,13.766666666666667,0.4358353510895884,16558.14,1202.770460048426,14433.245520581113,VIP,234,234
CUST04558,5,14,16556.16,2025-01-15,2026-02-19,3311.232,1094.894,400,13.333333333333334,0.375,16556.16,1241.712,14900.544,VIP,235,235
CUST03356,6,15,16553.42,2025-04-14,2026-08-28,2758.903333333333,1177.6533333333334,501,16.7,0.3592814371257485,16553.42,991.2227544910179,11894.673053892215,VIP,236,236
CUST04490,4,12,16549.6,2025-08-08,2026-05-29,4137.4,1349.6075,294,9.8,0.4081632653061224,16549.6,1688.7346938775509,20264.81632653061,VIP,237,237
CUST04964,5,14,16533.239999999998,2025-03-12,2026-02-04,3306.6479999999997,1380.44,329,10.966666666666667,0.45592705167173253,16533.239999999998,1507.5902735562308,18091.083282674772,VIP,238,238
CUST01421,6,13,16522.02,2025-01-10,2026-11-17,2753.67,1327.34,676,22.533333333333335,0.2662721893491124,16522.02,733.2257396449704,8798.708875739645,VIP,239,239
CUST00181,6,14,16510.26,2025-06-08,2026-11-11,2751.7099999999996,1300.0383333333332,521,17.366666666666667,0.345489443378119,16510.26,950.6867562380037,11408.241074856043,VIP,240,240
CUST00554,4,12,16498.2,2025-01-17,2026-10-15,4124.55,1307.91,636,21.2,0.18867924528301888,16498.2,778.2169811320755,9338.603773584906,VIP,241,241
CUST04548,6,12,16495.7,2024-11-16,2026-11-24,2749.2833333333333,1423.47,738,24.6,0.24390243902439024,16495.7,670.5569105691056,8046.682926829268,VIP,242,242
CUST02595,7,16,16484.29,2025-01-26,2026-06-19,2354.8985714285714,949.4528571428572,509,16.966666666666665,0.412573673870334,16484.29,971.569155206287,11658.829862475442,VIP,243,243
CUST01836,4,11,16472.92,2024-12-16,2026-10-17,4118.23,1407.6525000000001,670,22.333333333333332,0.17910447761194032,16472.92,737.5934328358209,8851.12119402985,VIP,244,244
CUST01653,8,16,16456.68,2025-03-11,2026-09-19,2057.085,994.5912500000001,557,18.566666666666666,0.43087971274685816,16456.68,886.3561938958708,10636.274326750448,VIP,245,245
CUST04246,4,10,16415.37,2025-02-17,2026-07-18,4103.8425,1425.1075,516,17.2,0.23255813953488372,16415.37,954.381976744186,11452.583720930232,VIP,246,246
CUST04881,3,10,16406.989999999998,2025-02-27,2026-10-30,5468.996666666666,1611.8966666666668,610,20.333333333333332,0.14754098360655737,16406.989999999998,806.9011475409835,9682.813770491803,VIP,247,247
CUST02797,4,11,16396.54,2025-02-01,2025-08-27,4099.135,1311.54,207,6.9,0.5797101449275363,16396.54,2376.3101449275364,28515.721739130437,VIP,248,248
CUST03142,5,13,16382.27,2024-12-14,2026-09-11,3276.454,1176.59,636,21.2,0.2358490566037736,16382.27,772.7485849056604,9272.983018867926,VIP,249,249
CUST03428,5,14,16372.78,2025-02-24,2026-08-09,3274.556,1026.6860000000001,531,17.7,0.2824858757062147,16372.78,925.0158192090396,11100.189830508476,VIP,250,250
CUST01513,3,12,16361.300000000001,2025-03-11,2026-03-13,5453.766666666667,1347.0866666666668,367,12.233333333333333,0.2452316076294278,16361.300000000001,1337.4359673024526,16049.23160762943,VIP,251,251
CUST04183,5,15,16359.07,2025-05-03,2026-10-23,3271.814,984.878,538,17.933333333333334,0.2788104089219331,16359.07,912.2157992565055,10946.589591078067,VIP,252,252
CUST04270,4,12,16347.970000000001,2025-11-28,2026-10-13,4086.9925000000003,1406.585,319,10.633333333333333,0.3761755485893417,16347.970000000001,1537.4266457680253,18449.119749216305,VIP,253,253
CUST00368,5,17,16327.66,2026-04-21,2026-11-06,3265.532,990.1139999999999,199,6.633333333333334,0.7537688442211055,16327.66,2461.456281407035,29537.47537688442,VIP,254,254
CUST02171,4,10,16307.9,2025-01-29,2026-08-27,4076.975,1568.01,575,19.166666666666668,0.20869565217391303,16307.9,850.846956521739,10210.163478260867,VIP,255,255
CUST03643,8,12,16303.529999999999,2024-12-04,2026-09-27,2037.9412499999999,1281.44625,662,22.066666666666666,0.36253776435045315,16303.529999999999,738.830664652568,8865.967975830816,VIP,256,256
CUST00567,6,14,16302.04,2025-01-20,2026-10-12,2717.0066666666667,1142.8616666666667,630,21.0,0.2857142857142857,16302.04,776.287619047619,9315.451428571429,VIP,257,257
CUST03180,7,17,16296.93,2025-06-02,2026-08-28,2328.132857142857,947.5157142857142,452,15.066666666666666,0.4646017699115044,16296.93,1081.6546460176992,12979.85575221239,VIP,258,258
CUST01968,6,12,16264.960000000001,2025-04-23,2026-09-27,2710.826666666667,1462.2266666666667,522,17.4,0.3448275862068966,16264.960000000001,934.7678160919542,11217.21379310345,VIP,259,259
CUST01864,5,16,16235.77,2025-11-01,2026-09-26,3247.154,1105.786,329,10.966666666666667,0.45592705167173253,16235.77,1480.465349544073,17765.584194528878,VIP,260,260
CUST03507,6,14,16222.22,2025-12-20,2026-11-28,2703.7033333333334,1062.43,343,11.433333333333334,0.5247813411078717,16222.22,1418.8530612244897,17026.236734693877,VIP,261,261
CUST03649,5,11,16222.060000000001,2025-01-02,2025-06-25,3244.4120000000003,1540.386,174,5.8,0.8620689655172414,16222.060000000001,2796.9068965517245,33562.88275862069,VIP,262,262
CUST02061,4,11,16214.81,2025-04-26,2026-04-13,4053.7025,1157.145,352,11.733333333333333,0.34090909090909094,16214.81,1381.944034090909,16583.328409090907,VIP,263,263
CUST01641,5,13,16198.37,2025-01-09,2026-07-12,3239.674,1273.712,549,18.3,0.27322404371584696,16198.37,885.1568306010929,10621.881967213114,VIP,264,264
CUST01359,7,18,16193.55,2024-12-18,2026-12-13,2313.3642857142854,951.1285714285714,725,24.166666666666668,0.28965517241379307,16193.55,670.0779310344827,8040.935172413792,VIP,265,265
CUST04792,6,14,16189.92,2025-02-01,2026-05-03,2698.32,940.5383333333334,456,15.2,0.39473684210526316,16189.92,1065.1263157894737,12781.515789473684,VIP,266,266
CUST01347,8,17,16175.23,2025-01-06,2026-05-31,2021.90375,1017.9137499999999,510,17.0,0.47058823529411764,16175.23,951.4841176470588,11417.809411764705,VIP,267,267
CUST00873,8,15,16127.26,2025-05-24,2026-06-20,2015.9075,928.30625,392,13.066666666666666,0.6122448979591837,16127.26,1234.229081632653,14810.748979591837,VIP,268,268
CUST01195,4,13,16090.82,2024-12-22,2026-12-08,4022.705,1214.3125,716,23.866666666666667,0.16759776536312848,16090.82,674.1963687150837,8090.356424581005,VIP,269,269
CUST03962,7,14,16062.35,2025-05-20,2026-09-03,2294.6214285714286,1314.4771428571428,471,15.7,0.445859872611465,16062.35,1023.079617834395,12276.95541401274,VIP,270,270
CUST03470,6,13,16046.6,2025-03-31,2026-04-14,2674.4333333333334,1104.2183333333335,379,12.633333333333333,0.474934036939314,16046.6,1270.1794195250661,15242.153034300794,VIP,271,271
CUST00728,4,13,16007.32,2025-08-08,2026-07-14,4001.83,1162.0075,340,11.333333333333334,0.3529411764705882,16007.32,1412.410588235294,16948.927058823527,VIP,272,272
CUST01942,4,12,16005.19,2025-02-27,2026-01-07,4001.2975,1314.24,314,10.466666666666667,0.38216560509554137,16005.19,1529.158280254777,18349.899363057324,VIP,273,273
CUST01033,6,18,15990.96,2025-05-05,2026-11-10,2665.16,860.1166666666667,554,18.466666666666665,0.3249097472924188,15990.96,865.9364620938628,10391.237545126354,VIP,274,274
CUST02625,6,11,15966.77,2024-12-06,2026-08-27,2661.1283333333336,1512.6683333333333,629,20.966666666666665,0.28616852146263916,15966.77,761.5311605723372,9138.373926868046,VIP,275,275
CUST03509,6,15,15929.84,2025-01-18,2026-10-18,2654.9733333333334,950.4833333333332,638,21.266666666666666,0.2821316614420063,15929.84,749.0520376175549,8988.624451410658,VIP,276,276
CUST04418,4,13,15925.61,2025-01-29,2026-08-19,3981.4025,1046.55,567,18.9,0.21164021164021166,15925.61,842.6248677248678,10111.498412698415,VIP,277,277
CUST01373,4,11,15920.67,2025-01-19,2026-08-10,3980.1675,1318.75,568,18.933333333333334,0.2112676056338028,15920.67,840.8804577464789,10090.565492957747,VIP,278,278
CUST01221,6,13,15906.5,2024-12-20,2026-03-24,2651.0833333333335,1043.0033333333333,459,15.3,0.39215686274509803,15906.5,1039.640522875817,12475.686274509804,VIP,279,279
CUST02652,4,16,15895.87,2025-03-09,2026-08-17,3973.9675,1054.345,526,17.533333333333335,0.22813688212927755,15895.87,906.6085551330798,10879.302661596957,VIP,280,280
CUST01186,5,16,15870.14,2025-07-09,2026-08-15,3174.028,983.164,402,13.4,0.3731343283582089,15870.14,1184.3388059701492,14212.06567164179,VIP,281,281
CUST02086,6,15,15868.64,2025-01-17,2026-08-10,2644.773333333333,1022.0666666666666,570,19.0,0.3157894736842105,15868.64,835.1915789473684,10022.298947368421,VIP,282,282
CUST02730,7,15,15864.65,2025-05-17,2026-11-16,2266.3785714285714,1040.1314285714286,548,18.266666666666666,0.3832116788321168,15864.65,868.5027372262774,10422.032846715329,VIP,283,283
CUST04421,6,14,15828.32,2025-01-09,2026-07-20,2638.0533333333333,1200.1833333333334,557,18.566666666666666,0.3231597845601436,15828.32,852.5127468581687,10230.152962298025,VIP,284,284
CUST03205,4,12,15806.66,2024-12-10,2026-03-20,3951.665,1247.8625,465,15.5,0.25806451612903225,15806.66,1019.7845161290322,12237.414193548386,VIP,285,285
CUST03453,6,16,15805.5,2025-04-05,2026-08-13,2634.25,890.2733333333332,495,16.5,0.36363636363636365,15805.5,957.9090909090909,11494.90909090909,VIP,286,286
CUST04511,5,11,15794.57,2024-12-27,2026-03-17,3158.9139999999998,1419.426,445,14.833333333333334,0.33707865168539325,15794.57,1064.8024719101122,12777.629662921347,VIP,287,287
CUST01673,4,10,15771.59,2025-01-15,2026-05-10,3942.8975,1505.405,480,16.0,0.25,15771.59,985.724375,11828.692500000001,VIP,288,288
CUST00757,5,12,15738.199999999999,2025-02-25,2026-08-29,3147.64,1112.042,550,18.333333333333332,0.27272727272727276,15738.199999999999,858.4472727272728,10301.367272727273,VIP,289,289
CUST01044,5,13,15727.85,2025-05-01,2026-11-28,3145.57,1212.6619999999998,576,19.2,0.2604166666666667,15727.85,819.1588541666667,9829.90625,VIP,290,290
CUST02117,5,16,15718.869999999999,2025-01-06,2026-06-09,3143.774,965.274,519,17.3,0.2890173410404624,15718.869999999999,908.6052023121387,10903.262427745663,VIP,291,291
CUST01063,6,16,15714.65,2025-01-30,2026-12-23,2619.108333333333,1041.9350000000002,692,23.066666666666666,0.26011560693641617,15714.65,681.2709537572255,8175.251445086706,VIP,292,292
CUST01625,5,12,15710.0,2025-03-16,2026-06-16,3142.0,1331.03,457,15.233333333333333,0.3282275711159738,15710.0,1031.2910284463896,12375.492341356676,VIP,293,293
CUST03560,3,9,15690.68,2025-08-28,2026-08-13,5230.2266666666665,1428.1966666666667,350,11.666666666666666,0.2571428571428572,15690.68,1344.9154285714287,16138.985142857146,VIP,294,294
CUST03844,5,12,15685.2,2025-02-10,2026-10-30,3137.04,1294.458,627,20.9,0.23923444976076558,15685.2,750.488038277512,9005.856459330145,VIP,295,295
CUST00263,6,20,15677.36,2025-05-05,2026-09-04,2612.8933333333334,756.0433333333334,487,16.233333333333334,0.36960985626283366,15677.36,965.7511293634496,11589.013552361395,VIP,296,296
CUST03887,6,13,15670.74,2025-03-23,2026-07-23,2611.79,1091.4833333333333,487,16.233333333333334,0.36960985626283366,15670.74,965.3433264887063,11584.119917864477,VIP,297,297
CUST00850,5,13,15667.619999999999,2025-06-12,2026-12-08,3133.524,1043.3560000000002,544,18.133333333333333,0.2757352941176471,15667.619999999999,864.0231617647058,10368.27794117647,VIP,298,298
CUST04573,5,18,15666.27,2025-04-07,2026-05-27,3133.254,946.684,415,13.833333333333334,0.3614457831325301,15666.27,1132.5014457831326,13590.01734939759,VIP,299,299
CUST01218,6,13,15621.580000000002,2024-11-27,2026-08-11,2603.596666666667,1272.8500000000001,622,20.733333333333334,0.28938906752411575,15621.580000000002,753.4524115755628,9041.428938906753,VIP,300,300
CUST00340,6,12,15611.470000000001,2024-11-26,2026-08-05,2601.911666666667,1234.2733333333333,617,20.566666666666666,0.29173419773095627,15611.470000000001,759.0666126418153,9108.799351701782,VIP,301,301
CUST00453,6,15,15580.35,2025-01-07,2026-04-27,2596.725,942.8383333333335,475,15.833333333333334,0.37894736842105264,15580.35,984.0221052631579,11808.265263157895,VIP,302,302
CUST01134,6,17,15563.48,2025-07-12,2026-02-05,2593.9133333333334,993.0749999999999,208,6.933333333333334,0.8653846153846153,15563.48,2244.732692307692,26936.792307692303,VIP,303,303
CUST03915,8,18,15546.68,2024-11-25,2026-06-30,1943.335,814.27375,582,19.4,0.4123711340206186,15546.68,801.3752577319589,9616.503092783507,VIP,304,304
CUST01958,6,15,15526.22,2025-01-18,2026-05-27,2587.7033333333334,993.2033333333333,494,16.466666666666665,0.3643724696356276,15526.22,942.8878542510122,11314.654251012147,VIP,305,305
CUST00024,5,12,15503.630000000001,2025-02-27,2026-10-17,3100.726,1201.828,597,19.9,0.2512562814070352,15503.630000000001,779.0768844221107,9348.922613065328,VIP,306,306
CUST00636,6,14,15501.8,2025-02-12,2026-09-30,2583.633333333333,1124.6683333333333,595,19.833333333333332,0.3025210084033614,15501.8,781.6033613445378,9379.240336134453,VIP,307,307
CUST03614,8,17,15501.27,2025-03-08,2026-11-29,1937.65875,755.4512500000001,631,21.033333333333335,0.38034865293185416,15501.27,736.9858954041204,8843.830744849445,VIP,308,308
CUST01902,5,10,15492.099999999999,2025-04-16,2026-09-17,3098.4199999999996,1420.77,519,17.3,0.2890173410404624,15492.099999999999,895.4971098265895,10745.965317919074,VIP,309,309
CUST03435,7,14,15477.4,2025-07-23,2026-08-26,2211.057142857143,1097.25,399,13.3,0.5263157894736842,15477.4,1163.7142857142856,13964.571428571428,VIP,310,310
CUST00258,6,14,15460.630000000001,2025-02-05,2026-01-23,2576.771666666667,1131.425,352,11.733333333333333,0.5113636363636364,15460.630000000001,1317.6673295454548,15812.007954545457,VIP,311,311
CUST04119,6,14,15457.39,2025-08-30,2026-11-17,2576.2316666666666,1011.6716666666667,444,14.8,0.4054054054054054,15457.39,1044.418243243243,12533.018918918917,VIP,312,312
CUST02835,5,14,15455.69,2025-06-13,2026-11-17,3091.138,1155.476,522,17.4,0.2873563218390805,15455.69,888.2580459770116,10659.09655172414,VIP,313,313
CUST02466,5,12,15455.4,2024-12-12,2026-02-23,3091.08,1250.946,438,14.6,0.3424657534246575,15455.4,1058.5890410958905,12703.068493150686,VIP,314,314
CUST04219,6,15,15453.0,2025-02-10,2026-05-12,2575.5,1093.5633333333333,456,15.2,0.39473684210526316,15453.0,1016.6447368421053,12199.736842105263,VIP,315,315
CUST02799,3,9,15443.73,2024-12-23,2026-07-04,5147.91,1384.6633333333332,558,18.6,0.16129032258064516,15443.73,830.308064516129,9963.696774193548,VIP,316,316
CUST04131,6,11,15439.33,2025-03-11,2026-03-01,2573.221666666667,1374.93,355,11.833333333333334,0.5070422535211268,15439.33,1304.7321126760562,15656.785352112674,VIP,317,317
CUST01846,4,15,15423.75,2025-05-02,2026-04-08,3855.9375,1018.8025,341,11.366666666666667,0.3519061583577712,15423.75,1356.9281524926685,16283.137829912022,VIP,318,318
CUST02900,10,16,15417.41,2024-11-29,2026-05-20,1541.741,1005.199,537,17.9,0.558659217877095,15417.41,861.3078212290503,10335.693854748604,VIP,319,319
CUST00381,5,17,15401.68,2024-11-24,2026-04-19,3080.3360000000002,988.5319999999999,511,17.033333333333335,0.29354207436399216,15401.68,904.2082191780821,10850.498630136986,VIP,320,320
CUST01672,8,18,15395.86,2024-11-26,2026-10-22,1924.4825,922.33875,695,23.166666666666668,0.3453237410071942,15395.86,664.5694964028777,7974.833956834533,VIP,321,321
CUST01370,5,9,15393.31,2024-12-08,2026-07-29,3078.662,1515.492,598,19.933333333333334,0.2508361204013378,15393.31,772.2396321070233,9266.87558528428,VIP,322,322
CUST03434,7,14,15365.96,2025-05-28,2026-09-03,2195.137142857143,1076.1714285714286,463,15.433333333333334,0.4535637149028078,15365.96,995.6345572354211,11947.614686825053,VIP,323,323
CUST03519,6,14,15355.21,2025-03-05,2026-09-11,2559.2016666666664,1287.765,555,18.5,0.32432432432432434,15355.21,830.0113513513513,9960.136216216215,VIP,324,324
CUST04900,7,14,15344.93,2024-12-22,2026-09-26,2192.132857142857,1074.6299999999999,643,21.433333333333334,0.3265940902021773,15344.93,715.9376360808709,8591.25163297045,VIP,325,325
CUST03412,6,14,15328.74,2025-08-01,2026-08-08,2554.79,1215.195,372,12.4,0.48387096774193544,15328.74,1236.1887096774194,14834.264516129033,VIP,326,326
CUST02428,4,12,15318.65,2025-08-01,2026-04-05,3829.6625,1243.79,247,8.233333333333333,0.4858299595141701,15318.65,1860.5647773279354,22326.777327935226,VIP,327,327
CUST04034,7,16,15311.460000000001,2025-01-30,2026-10-14,2187.3514285714286,969.4228571428572,622,20.733333333333334,0.337620578778135,15311.460000000001,738.4948553054662,8861.938263665594,VIP,328,328
CUST02268,4,11,15293.51,2025-04-07,2026-09-21,3823.3775,1468.2725,532,17.733333333333334,0.22556390977443608,15293.51,862.415977443609,10348.991729323308,VIP,329,329
CUST00198,4,9,15284.68,2025-04-20,2026-06-06,3821.17,1495.2675,412,13.733333333333333,0.29126213592233013,15284.68,1112.9621359223302,13355.545631067962,VIP,330,330
CUST02936,4,12,15281.41,2025-02-15,2025-11-25,3820.3525,1084.2925,283,9.433333333333334,0.42402826855123676,15281.41,1619.9374558303887,19439.249469964663,VIP,331,331
CUST03233,5,11,15278.880000000001,2025-01-13,2026-06-25,3055.7760000000003,1273.856,528,17.6,0.28409090909090906,15278.880000000001,868.1181818181818,10417.418181818182,VIP,332,332
CUST04290,5,13,15272.619999999999,2024-12-27,2026-08-15,3054.524,1161.466,596,19.866666666666667,0.25167785234899326,15272.619999999999,768.7560402684563,9225.072483221476,VIP,333,333
CUST02228,5,15,15254.33,2025-03-06,2026-09-30,3050.866,1078.126,573,19.1,0.2617801047120419,15254.33,798.6560209424083,9583.8722513089,VIP,334,334
CUST02075,5,10,15249.42,2025-07-30,2026-07-08,3049.884,1439.938,343,11.433333333333334,0.43731778425655976,15249.42,1333.7685131195335,16005.222157434402,VIP,335,335
CUST03349,5,11,15234.5,2024-12-26,2026-09-28,3046.9,1287.788,641,21.366666666666667,0.23400936037441497,15234.5,713.0031201248049,8556.03744149766,VIP,336,336
CUST04381,6,13,15172.81,2024-12-11,2026-11-04,2528.8016666666667,1008.31,693,23.1,0.2597402597402597,15172.81,656.8316017316017,7881.979220779221,VIP,337,337
CUST00394,7,18,15168.71,2025-02-16,2026-11-09,2166.9585714285713,971.1285714285714,631,21.033333333333335,0.3328050713153724,15168.71,721.1748019017432,8654.097622820918,VIP,338,338
CUST04554,5,11,15164.240000000002,2025-01-18,2026-09-12,3032.8480000000004,1249.7540000000001,602,20.066666666666666,0.24916943521594684,15164.240000000002,755.6930232558141,9068.316279069768,VIP,339,339
CUST01771,4,10,15153.380000000001,2026-01-16,2026-11-12,3788.3450000000003,1424.425,300,10.0,0.4,15153.380000000001,1515.3380000000002,18184.056000000004,VIP,340,340
CUST04335,3,10,15143.2,2025-02-04,2026-04-07,5047.733333333334,1378.6166666666668,427,14.233333333333333,0.2107728337236534,15143.2,1063.9250585480095,12767.100702576114,VIP,341,341
CUST04507,6,12,15142.74,2025-05-06,2026-10-10,2523.79,1225.71,522,17.4,0.3448275862068966,15142.74,870.2724137931035,10443.268965517242,VIP,342,342
CUST00295,4,16,15127.85,2025-02-06,2026-09-06,3781.9625,911.27,577,19.233333333333334,0.20797227036395147,15127.85,786.5433275563258,9438.51993067591,VIP,343,343
CUST01411,4,11,15119.46,2025-04-09,2026-01-13,3779.865,1359.87,279,9.3,0.4301075268817204,15119.46,1625.748387096774,19508.98064516129,VIP,344,344
CUST02670,7,13,15101.16,2024-12-23,2026-08-17,2157.308571428571,1222.7385714285715,602,20.066666666666666,0.3488372093023256,15101.16,752.5495016611296,9030.594019933556,VIP,345,345
CUST01283,5,13,15098.07,2024-12-08,2026-12-25,3019.614,1095.242,747,24.9,0.20080321285140562,15098.07,606.3481927710843,7276.178313253012,VIP,346,346
CUST03474,4,12,15074.15,2025-05-03,2026-09-21,3768.5375,1082.7825,506,16.866666666666667,0.23715415019762845,15074.15,893.7243083003953,10724.691699604744,VIP,347,347
CUST04016,5,12,15060.45,2025-01-19,2025-12-05,3012.09,1179.1060000000002,320,10.666666666666666,0.46875,15060.45,1411.9171875000002,16943.006250000002,VIP,348,348
CUST04513,6,17,15060.19,2024-12-14,2026-01-24,2510.0316666666668,977.0783333333334,406,13.533333333333333,0.4433497536945813,15060.19,1112.8219211822661,13353.863054187193,VIP,349,349
CUST03717,5,14,15055.84,2025-04-06,2026-08-07,3011.168,1085.53,488,16.266666666666666,0.3073770491803279,15055.84,925.5639344262296,11106.767213114756,VIP,350,350
CUST03928,6,15,15052.5,2025-02-14,2026-11-19,2508.75,1173.8466666666666,643,21.433333333333334,0.27993779160186627,15052.5,702.2939346811819,8427.527216174183,VIP,351,351
CUST03957,4,13,15037.359999999999,2024-12-10,2026-02-21,3759.3399999999997,1062.2775,438,14.6,0.273972602739726,15037.359999999999,1029.9561643835616,12359.47397260274,VIP,352,352
CUST01555,5,10,15037.349999999999,2025-02-14,2026-06-22,3007.47,1525.812,493,16.433333333333334,0.3042596348884381,15037.349999999999,915.0517241379309,10980.62068965517,VIP,353,353
CUST00941,7,19,15020.4,2024-11-28,2026-11-21,2145.7714285714287,805.9471428571429,723,24.1,0.2904564315352697,15020.4,623.253112033195,7479.037344398339,VIP,354,354
CUST02358,6,11,14995.37,2025-06-02,2026-09-29,2499.2283333333335,1305.4683333333335,484,16.133333333333333,0.37190082644628103,14995.37,929.4650826446282,11153.580991735538,VIP,355,355
CUST02116,5,11,14991.04,2025-01-29,2026-08-19,2998.208,1344.036,567,18.9,0.2645502645502646,14991.04,793.1767195767197,9518.120634920637,VIP,356,356
CUST01777,6,14,14989.98,2025-06-24,2026-10-13,2498.33,1055.6833333333334,476,15.866666666666667,0.37815126050420167,14989.98,944.7466386554621,11336.959663865546,VIP,357,357
CUST04102,5,14,14978.47,2025-01-08,2026-07-19,2995.694,938.414,557,18.566666666666666,0.26929982046678635,14978.47,806.739856373429,9680.878276481148,VIP,358,358
CUST00468,5,10,14977.16,2025-05-12,2026-09-18,2995.432,1307.9959999999999,494,16.466666666666665,0.3036437246963563,14977.16,909.5441295546559,10914.52955465587,VIP,359,359
CUST03258,5,16,14943.58,2024-12-10,2026-09-20,2988.716,841.7699999999999,649,21.633333333333333,0.23112480739599384,14943.58,690.7664098613251,8289.196918335902,VIP,360,360
CUST03301,3,11,14935.529999999999,2025-03-01,2026-08-02,4978.509999999999,1381.42,519,17.3,0.17341040462427745,14935.529999999999,863.3254335260115,10359.905202312137,VIP,361,361
CUST03403,5,11,14922.589999999998,2025-11-01,2026-05-23,2984.5179999999996,1070.078,203,6.766666666666667,0.7389162561576355,14922.589999999998,2205.3088669950735,26463.70640394088,VIP,362,362
CUST02110,4,12,14910.33,2025-08-11,2026-08-31,3727.5825,1248.0375,385,12.833333333333334,0.3116883116883117,14910.33,1161.843896103896,13942.126753246752,VIP,363,363
CUST04251,5,9,14907.869999999999,2025-05-14,2026-05-13,2981.5739999999996,1546.026,364,12.133333333333333,0.4120879120879121,14907.869999999999,1228.6706043956044,14744.047252747252,VIP,364,364
CUST04211,9,16,14894.380000000001,2025-05-21,2026-11-22,1654.9311111111112,965.5744444444445,550,18.333333333333332,0.49090909090909096,14894.380000000001,812.4207272727274,9749.04872727273,VIP,365,365
CUST02846,5,13,14888.710000000001,2025-05-26,2026-06-10,2977.742,1150.012,380,12.666666666666666,0.39473684210526316,14888.710000000001,1175.4244736842106,14105.093684210527,VIP,366,366
CUST01720,7,16,14878.61,2025-02-11,2026-09-23,2125.5157142857142,968.76,589,19.633333333333333,0.35653650254668934,14878.61,757.8239388794567,9093.88726655348,VIP,367,367
CUST00461,8,14,14854.880000000001,2025-04-17,2026-10-10,1856.8600000000001,947.0425,541,18.033333333333335,0.44362292051756,14854.880000000001,823.7456561922365,9884.94787430684,VIP,368,368
CUST03936,4,12,14847.619999999999,2025-02-19,2026-06-25,3711.9049999999997,1257.14,491,16.366666666666667,0.24439918533604887,14847.619999999999,907.1865580448065,10886.238696537677,VIP,369,369
CUST01685,6,12,14835.87,2025-05-26,2026-10-27,2472.645,1083.0783333333334,519,17.3,0.3468208092485549,14835.87,857.564739884393,10290.776878612716,VIP,370,370
CUST04403,6,16,14828.36,2025-02-13,2026-07-03,2471.3933333333334,840.7383333333333,505,16.833333333333332,0.3564356435643565,14828.36,880.8926732673268,10570.712079207922,VIP,371,371
CUST01369,4,11,14824.550000000001,2025-12-07,2026-05-23,3706.1375000000003,1236.265,167,5.566666666666666,0.718562874251497,14824.550000000001,2663.0928143712576,31957.113772455094,VIP,372,372
CUST04884,4,11,14823.369999999999,2025-06-17,2025-12-28,3705.8424999999997,1322.5025,194,6.466666666666667,0.6185567010309279,14823.369999999999,2292.273711340206,27507.284536082472,VIP,373,373
CUST03276,8,17,14821.14,2025-01-12,2026-03-24,1852.6425,845.3125,436,14.533333333333333,0.5504587155963303,14821.14,1019.8032110091743,12237.638532110092,VIP,374,374
CUST00134,5,14,14819.45,2025-01-03,2025-12-17,2963.8900000000003,1092.8960000000002,348,11.6,0.4310344827586207,14819.45,1277.5387931034484,15330.46551724138,VIP,375,375
CUST02534,7,12,14819.07,2025-02-02,2026-05-22,2117.0099999999998,1122.3514285714286,474,15.8,0.4430379746835443,14819.07,937.9158227848101,11254.98987341772,VIP,376,376
CUST00415,5,16,14799.619999999999,2024-12-13,2026-01-24,2959.924,928.018,407,13.566666666666666,0.36855036855036855,14799.619999999999,1090.881081081081,13090.572972972972,VIP,377,377
CUST03975,6,11,14786.16,2024-12-07,2026-03-13,2464.36,1226.3066666666666,461,15.366666666666667,0.39045553145336226,14786.16,962.2229934924078,11546.675921908893,VIP,378,378
CUST04188,6,10,14784.15,2025-06-06,2026-07-20,2464.025,1279.735,409,13.633333333333333,0.4400977995110025,14784.15,1084.4119804400978,13012.943765281172,VIP,379,379
CUST02683,7,15,14777.74,2025-03-12,2026-08-16,2111.1057142857144,942.5857142857142,522,17.4,0.40229885057471265,14777.74,849.2954022988506,10191.544827586207,VIP,380,380
CUST02521,6,15,14767.71,2025-02-25,2026-10-04,2461.285,980.3149999999999,586,19.533333333333335,0.3071672354948805,14767.71,756.026109215017,9072.313310580204,VIP,381,381
CUST03783,8,16,14711.27,2025-02-09,2026-08-02,1838.90875,828.17625,539,17.966666666666665,0.44526901669758817,14711.27,818.809090909091,9825.709090909091,VIP,382,382
CUST03449,5,12,14702.95,2025-01-19,2026-09-05,2940.59,1130.154,594,19.8,0.25252525252525254,14702.95,742.5732323232323,8910.878787878788,VIP,383,383
CUST03578,5,13,14696.95,2025-06-18,2026-09-19,2939.3900000000003,1072.794,458,15.266666666666667,0.32751091703056767,14696.95,962.6823144104803,11552.187772925765,VIP,384,384
CUST02761,6,15,14689.09,2025-02-05,2025-12-08,2448.181666666667,945.3016666666666,306,10.2,0.5882352941176471,14689.09,1440.1068627450982,17281.282352941176,VIP,385,385
CUST02316,5,14,14685.64,2025-02-20,2026-01-24,2937.1279999999997,1068.674,338,11.266666666666667,0.4437869822485207,14685.64,1303.459171597633,15641.510059171596,VIP,386,386
CUST04277,6,14,14678.41,2025-03-05,2026-08-24,2446.4016666666666,1067.93,537,17.9,0.335195530726257,14678.41,820.022905027933,9840.274860335196,VIP,387,387
CUST00886,5,15,14674.81,2025-05-29,2026-05-22,2934.962,986.3880000000001,358,11.933333333333334,0.41899441340782123,14674.81,1229.7326815642457,14756.79217877095,VIP,388,388
CUST01265,4,10,14673.9,2025-04-03,2026-09-12,3668.475,1370.325,527,17.566666666666666,0.22770398481973436,14673.9,835.326375711575,10023.9165085389,VIP,389,389
CUST02723,5,13,14670.77,2025-03-31,2025-07-13,2934.154,1070.232,104,3.466666666666667,1.4423076923076923,14670.77,4231.952884615384,50783.43461538461,VIP,390,390
CUST00055,4,11,14653.279999999999,2025-05-03,2026-10-08,3663.3199999999997,1222.995,523,17.433333333333334,0.2294455066921606,14653.279999999999,840.5323135755258,10086.38776290631,VIP,391,391
CUST00463,7,16,14652.2,2024-11-30,2026-06-01,2093.171428571429,1042.0442857142857,548,18.266666666666666,0.3832116788321168,14652.2,802.1277372262774,9625.532846715329,VIP,392,392
CUST04520,6,14,14646.01,2024-11-15,2026-08-08,2441.0016666666666,1068.8816666666667,631,21.033333333333335,0.28526148969889065,14646.01,696.3237717908082,8355.885261489699,VIP,393,393
CUST00330,5,14,14621.0,2025-04-11,2026-06-10,2924.2,1051.896,425,14.166666666666666,0.35294117647058826,14621.0,1032.070588235294,12384.847058823529,VIP,394,394
CUST00640,4,12,14596.4,2025-03-05,2025-08-06,3649.1,1084.19,154,5.133333333333334,0.7792207792207791,14596.4,2843.454545454545,34121.454545454544,VIP,395,395
CUST01644,5,13,14594.34,2025-02-05,2026-10-07,2918.868,894.802,609,20.3,0.24630541871921183,14594.34,718.9330049261083,8627.1960591133,VIP,396,396
CUST03457,4,13,14584.81,2025-05-09,2026-12-20,3646.2025,1144.905,590,19.666666666666668,0.20338983050847456,14584.81,741.6005084745761,8899.206101694914,VIP,397,397
CUST04916,6,16,14581.849999999999,2025-05-02,2026-10-19,2430.308333333333,887.29,535,17.833333333333332,0.33644859813084116,14581.849999999999,817.6738317757009,9812.085981308412,VIP,398,398
CUST00770,3,9,14570.560000000001,2025-01-15,2026-08-24,4856.8533333333335,1413.6733333333334,586,19.533333333333335,0.15358361774744025,14570.560000000001,745.9331058020477,8951.197269624572,VIP,399,399
CUST02115,3,9,14562.83,2025-06-27,2026-08-10,4854.276666666667,1625.5233333333333,409,13.633333333333333,0.22004889975550124,14562.83,1068.178239608802,12818.138875305624,VIP,400,400
CUST03472,6,12,14547.390000000001,2025-04-27,2026-06-25,2424.565,1252.71,424,14.133333333333333,0.42452830188679247,14547.390000000001,1029.2964622641512,12351.557547169814,VIP,401,401
CUST04879,7,16,14539.27,2025-08-13,2026-11-04,2077.0385714285717,880.8414285714285,448,14.933333333333334,0.46875,14539.27,973.6118303571428,11683.341964285713,VIP,402,402
CUST02242,6,18,14535.970000000001,2025-04-07,2026-08-18,2422.661666666667,894.1083333333332,498,16.6,0.36144578313253006,14535.970000000001,875.660843373494,10507.930120481928,VIP,403,403
CUST01971,4,10,14533.19,2025-06-10,2026-11-04,3633.2975,1265.63,512,17.066666666666666,0.234375,14533.19,851.5541015625,10218.64921875,VIP,404,404
CUST03667,6,15,14525.33,2024-12-07,2026-03-26,2420.8883333333333,861.0416666666666,474,15.8,0.37974683544303794,14525.33,919.3246835443038,11031.896202531645,VIP,405,405
CUST01926,8,16,14520.64,2025-07-27,2026-09-16,1815.08,914.86875,416,13.866666666666667,0.5769230769230769,14520.64,1047.1615384615384,12565.93846153846,VIP,406,406
CUST02423,6,12,14516.960000000001,2025-05-13,2026-04-01,2419.4933333333333,1239.625,323,10.766666666666667,0.5572755417956656,14516.960000000001,1348.3244582043344,16179.893498452013,VIP,407,407
CUST01459,7,12,14513.03,2025-11-16,2026-09-11,2073.29,1115.9042857142856,299,9.966666666666667,0.7023411371237458,14513.03,1456.156856187291,17473.88227424749,VIP,408,408
CUST00964,6,12,14510.26,2025-03-10,2026-05-31,2418.3766666666666,1258.8816666666667,447,14.9,0.40268456375838924,14510.26,973.8429530201342,11686.115436241611,VIP,409,409
CUST03778,4,9,14489.820000000002,2025-05-29,2025-12-11,3622.4550000000004,1634.9875,196,6.533333333333333,0.6122448979591837,14489.820000000002,2217.829591836735,26613.955102040818,VIP,410,410
CUST02239,7,18,14462.81,2024-12-28,2026-02-21,2066.115714285714,835.9985714285714,420,14.0,0.5,14462.81,1033.057857142857,12396.694285714286,VIP,411,411
CUST03609,6,13,14455.79,2025-01-24,2026-07-10,2409.2983333333336,1086.7783333333334,532,17.733333333333334,0.3383458646616541,14455.79,815.1761278195489,9782.113533834587,VIP,412,412
CUST03107,4,11,14449.1,2024-12-05,2026-03-20,3612.275,1258.185,470,15.666666666666666,0.25531914893617025,14449.1,922.2829787234043,11067.395744680853,VIP,413,413
CUST04599,7,15,14433.61,2025-04-18,2026-07-11,2061.944285714286,954.1157142857144,449,14.966666666666667,0.46770601336302897,14433.61,964.3837416481069,11572.604899777283,VIP,414,414
CUST04927,4,12,14422.16,2025-07-27,2026-05-26,3605.54,1229.4125,303,10.1,0.39603960396039606,14422.16,1427.9366336633664,17135.239603960395,VIP,415,415
CUST01712,6,12,14417.71,2025-02-25,2026-08-20,2402.9516666666664,1173.585,541,18.033333333333335,0.33271719038817005,14417.71,799.5033271719037,9594.039926062844,VIP,416,416
CUST01102,5,13,14405.61,2025-02-14,2025-08-17,2881.1220000000003,1107.236,184,6.133333333333334,0.8152173913043478,14405.61,2348.7407608695653,28184.889130434785,VIP,417,417
CUST01964,5,15,14404.869999999999,2024-11-28,2026-09-02,2880.9739999999997,977.324,643,21.433333333333334,0.2332814930015552,14404.869999999999,672.0779160186624,8064.934992223949,VIP,418,418
CUST01778,5,15,14398.73,2025-04-07,2026-10-10,2879.746,883.8399999999999,551,18.366666666666667,0.27223230490018147,14398.73,783.959891107078,9407.518693284936,VIP,419,419
CUST00242,4,14,14397.04,2025-03-24,2026-08-09,3599.26,1104.4524999999999,503,16.766666666666666,0.2385685884691849,14397.04,858.6703777335985,10304.044532803182,VIP,420,420
CUST04616,5,11,14396.04,2025-04-25,2026-08-12,2879.208,1213.9360000000001,474,15.8,0.3164556962025316,14396.04,911.1417721518987,10933.701265822785,VIP,421,421
CUST01214,4,10,14382.76,2024-12-15,2026-09-01,3595.69,1268.095,625,20.833333333333332,0.192,14382.76,690.37248,8284.46976,VIP,422,422
CUST04176,6,18,14378.11,2025-02-03,2026-09-12,2396.351666666667,763.3866666666667,586,19.533333333333335,0.3071672354948805,14378.11,736.0807167235495,8832.968600682594,VIP,423,423
CUST00698,4,10,14373.9,2025-01-29,2025-07-13,3593.475,1047.3075,165,5.5,0.7272727272727273,14373.9,2613.4363636363637,31361.236363636366,VIP,424,424
CUST02070,7,16,14373.260000000002,2025-05-07,2026-10-21,2053.3228571428576,905.62,532,17.733333333333334,0.39473684210526316,14373.260000000002,810.5221804511278,9726.266165413534,VIP,425,425
CUST01162,4,12,14358.99,2025-05-24,2026-09-27,3589.7475,1312.99,491,16.366666666666667,0.24439918533604887,14358.99,877.3313645621181,10527.976374745416,VIP,426,426
CUST02093,5,12,14352.04,2025-02-03,2026-05-10,2870.4080000000004,1079.9299999999998,461,15.366666666666667,0.32537960954446854,14352.04,933.9722342733189,11207.666811279827,VIP,427,427
CUST03257,3,9,14336.490000000002,2025-06-17,2026-10-23,4778.830000000001,1665.45,493,16.433333333333334,0.18255578093306288,14336.490000000002,872.403042596349,10468.836511156187,VIP,428,428
CUST01363,4,9,14334.76,2025-07-15,2026-08-25,3583.69,1380.305,406,13.533333333333333,0.2955665024630542,14334.76,1059.2187192118226,12710.624630541872,VIP,429,429
CUST00374,6,16,14310.33,2025-01-25,2026-05-26,2385.055,829.0116666666667,486,16.2,0.3703703703703704,14310.33,883.3537037037038,10600.244444444445,VIP,430,430
CUST04890,6,13,14306.25,2024-12-25,2026-10-31,2384.375,1134.6783333333333,675,22.5,0.26666666666666666,14306.25,635.8333333333334,7630.0,VIP,431,431
CUST02788,7,20,14299.18,2025-01-23,2026-11-11,2042.74,780.0471428571428,657,21.9,0.31963470319634707,14299.18,652.930593607306,7835.167123287672,VIP,432,432
CUST03568,6,11,14293.38,2025-06-17,2026-07-30,2382.23,1222.5683333333334,408,13.6,0.4411764705882353,14293.38,1050.9838235294117,12611.805882352939,VIP,433,433
CUST01410,4,11,14256.67,2025-06-06,2026-02-21,3564.1675,1244.725,260,8.666666666666666,0.46153846153846156,14256.67,1645.0003846153847,19740.004615384616,VIP,434,434
CUST04889,4,10,14232.98,2025-01-10,2026-08-27,3558.245,1391.5625,594,19.8,0.20202020202020202,14232.98,718.8373737373737,8626.048484848485,VIP,435,435
CUST00519,5,11,14228.24,2025-01-12,2026-10-10,2845.648,1366.102,636,21.2,0.2358490566037736,14228.24,671.1433962264151,8053.720754716982,VIP,436,436
CUST04623,4,12,14222.220000000001,2024-12-26,2025-12-22,3555.5550000000003,1094.3875,361,12.033333333333333,0.33240997229916897,14222.220000000001,1181.9019390581718,14182.823268698063,VIP,437,437
CUST00760,4,12,14216.6,2025-05-29,2026-11-10,3554.15,875.34,530,17.666666666666668,0.22641509433962262,14216.6,804.7132075471698,9656.558490566036,VIP,438,438
CUST00440,4,11,14206.55,2025-06-03,2026-07-15,3551.6375,1256.8225,407,13.566666666666666,0.29484029484029484,14206.55,1047.1658476658477,12565.990171990172,VIP,439,439
CUST00469,5,14,14202.66,2024-12-12,2026-07-30,2840.532,1040.922,595,19.833333333333332,0.25210084033613445,14202.66,716.1005042016807,8593.206050420169,VIP,440,440
CUST04104,7,16,14182.73,2025-01-29,2026-10-15,2026.1042857142857,890.7871428571428,624,20.8,0.3365384615384615,14182.73,681.8620192307692,8182.34423076923,VIP,441,441
CUST02941,3,8,14156.24,2025-07-13,2026-02-17,4718.746666666667,1698.1066666666666,219,7.3,0.4109589041095891,14156.24,1939.2109589041097,23270.531506849315,VIP,442,442
CUST00945,5,11,14148.7,2025-08-05,2026-08-18,2829.7400000000002,1196.084,378,12.6,0.39682539682539686,14148.7,1122.9126984126985,13474.952380952382,VIP,443,443
CUST03699,6,11,14141.09,2025-06-07,2026-09-21,2356.8483333333334,1213.4133333333332,471,15.7,0.3821656050955414,14141.09,900.7063694267516,10808.476433121019,VIP,444,444
CUST00962,6,14,14140.3,2025-05-09,2026-10-26,2356.7166666666667,1102.8700000000001,535,17.833333333333332,0.33644859813084116,14140.3,792.9140186915888,9514.968224299066,VIP,445,445
CUST03487,5,14,14133.34,2025-03-07,2026-07-23,2826.668,1066.426,503,16.766666666666666,0.29821073558648115,14133.34,842.9427435387674,10115.31292246521,VIP,446,446
CUST02776,4,12,14126.900000000001,2024-12-03,2026-07-22,3531.7250000000004,1245.465,596,19.866666666666667,0.20134228187919462,14126.900000000001,711.0855704697988,8533.026845637585,VIP,447,447
CUST01251,5,11,14126.56,2024-12-21,2026-04-28,2825.312,1189.596,493,16.433333333333334,0.3042596348884381,14126.56,859.6283975659229,10315.540770791074,VIP,448,448
CUST03755,5,13,14105.19,2024-12-25,2026-10-29,2821.038,1109.578,673,22.433333333333334,0.22288261515601782,14105.19,628.7603268945022,7545.123922734027,VIP,449,449
CUST04961,5,10,14102.58,2025-06-17,2026-07-13,2820.516,1492.846,391,13.033333333333333,0.3836317135549872,14102.58,1082.0393861892583,12984.4726342711,VIP,450,450
CUST03528,5,13,14094.32,2024-12-07,2026-11-01,2818.864,1005.1600000000001,694,23.133333333333333,0.21613832853025938,14094.32,609.264553314121,7311.174639769452,VIP,451,451
CUST01843,3,11,14094.26,2025-11-15,2026-03-28,4698.086666666667,1522.2466666666667,133,4.433333333333334,0.6766917293233082,14094.26,3179.1563909774436,38149.876691729325,VIP,452,452
CUST04343,6,13,14084.43,2025-01-07,2026-08-31,2347.405,1247.6733333333334,601,20.033333333333335,0.29950083194675536,14084.43,703.0497504159733,8436.59700499168,VIP,453,453
CUST02909,5,12,14079.43,2024-11-23,2026-06-15,2815.886,1171.8200000000002,569,18.966666666666665,0.2636203866432338,14079.43,742.3249560632689,8907.899472759227,VIP,454,454
CUST02196,5,13,14067.54,2025-01-03,2026-08-30,2813.5080000000003,909.742,604,20.133333333333333,0.24834437086092717,14067.54,698.7188741721855,8384.626490066225,VIP,455,455
CUST01464,4,12,14060.36,2025-01-09,2025-11-28,3515.09,946.445,323,10.766666666666667,0.37151702786377705,14060.36,1305.915789473684,15670.989473684209,VIP,456,456
CUST03040,5,11,14059.029999999999,2025-05-06,2026-03-31,2811.8059999999996,1240.452,329,10.966666666666667,0.45592705167173253,14059.029999999999,1281.9784194528875,15383.74103343465,VIP,457,457
CUST00456,4,9,14053.66,2024-12-02,2026-07-13,3513.415,1560.1125,588,19.6,0.2040816326530612,14053.66,717.0234693877551,8604.281632653061,VIP,458,458
CUST01462,4,12,14038.69,2025-01-26,2026-07-02,3509.6725,1075.1975,522,17.4,0.2298850574712644,14038.69,806.8212643678162,9681.855172413794,VIP,459,459
CUST01499,3,11,14016.37,2026-02-03,2026-07-25,4672.123333333334,1231.1933333333334,172,5.733333333333333,0.5232558139534884,14016.37,2444.7156976744186,29336.58837209302,VIP,460,460
CUST01784,10,16,14015.34,2024-11-18,2026-08-12,1401.534,880.201,632,21.066666666666666,0.4746835443037975,14015.34,665.2851265822785,7983.421518987342,VIP,461,461
CUST01704,4,10,14011.61,2025-04-04,2026-01-04,3502.9025,1336.15,275,9.166666666666666,0.4363636363636364,14011.61,1528.5392727272729,18342.471272727274,VIP,462,462
CUST04685,5,9,14011.3,2025-06-07,2026-11-09,2802.2599999999998,1502.182,520,17.333333333333332,0.2884615384615385,14011.3,808.3442307692308,9700.13076923077,VIP,463,463
CUST01845,6,12,14004.689999999999,2025-01-15,2026-04-08,2334.115,1205.3616666666667,448,14.933333333333334,0.4017857142857143,14004.689999999999,937.8140624999999,11253.76875,VIP,464,464
CUST03383,8,16,13997.369999999999,2025-04-11,2026-12-08,1749.6712499999999,955.50375,606,20.2,0.39603960396039606,13997.369999999999,692.939108910891,8315.269306930692,VIP,465,465
CUST01008,4,10,13996.92,2025-07-17,2026-09-15,3499.23,1360.245,425,14.166666666666666,0.2823529411764706,13996.92,988.0178823529412,11856.214588235294,VIP,466,466
CUST00853,7,15,13996.66,2024-11-27,2026-09-29,1999.5228571428572,956.8514285714285,671,22.366666666666667,0.31296572280178836,13996.66,625.7821162444113,7509.385394932936,VIP,467,467
CUST04480,5,11,13976.75,2025-02-26,2026-07-04,2795.35,1166.256,493,16.433333333333334,0.3042596348884381,13976.75,850.5121703853955,10206.146044624746,VIP,468,468
CUST00245,4,11,13965.86,2025-06-03,2026-06-09,3491.465,1230.5375,371,12.366666666666667,0.32345013477088946,13965.86,1129.3148247978436,13551.777897574124,VIP,469,469
CUST01936,7,14,13958.609999999999,2025-04-16,2026-06-10,1994.0871428571427,891.4842857142856,420,14.0,0.5,13958.609999999999,997.0435714285713,11964.522857142856,VIP,470,470
CUST04799,6,11,13936.93,2025-07-26,2026-09-30,2322.8216666666667,1300.585,431,14.366666666666667,0.4176334106728538,13936.93,970.0879350348027,11641.055220417633,VIP,471,471
CUST01603,6,13,13929.18,2025-02-20,2026-03-03,2321.53,1000.7033333333334,376,12.533333333333333,0.4787234042553192,13929.18,1111.3707446808512,13336.448936170214,VIP,472,472
CUST01908,5,12,13916.48,2025-02-17,2026-07-31,2783.296,1123.322,529,17.633333333333333,0.2835538752362949,13916.48,789.2143667296787,9470.572400756144,VIP,473,473
CUST01377,6,14,13892.4,2024-12-05,2026-05-04,2315.4,981.98,515,17.166666666666668,0.3495145631067961,13892.4,809.2660194174756,9711.192233009708,VIP,474,474
CUST00891,5,16,13887.02,2025-01-30,2026-04-28,2777.404,820.6940000000001,453,15.1,0.33112582781456956,13887.02,919.6701986754967,11036.04238410596,VIP,475,475
CUST02564,5,12,13870.3,2025-05-17,2026-02-12,2774.06,1121.372,271,9.033333333333333,0.5535055350553506,13870.3,1535.4575645756456,18425.490774907747,VIP,476,476
CUST02557,4,16,13869.720000000001,2025-04-09,2025-09-20,3467.4300000000003,887.03,164,5.466666666666667,0.7317073170731707,13869.720000000001,2537.1439024390247,30445.726829268297,VIP,477,477
CUST03214,6,13,13853.91,2025-01-29,2026-02-13,2308.985,1113.3500000000001,380,12.666666666666666,0.4736842105263158,13853.91,1093.7297368421052,13124.756842105264,VIP,478,478
CUST02779,4,9,13847.42,2025-07-13,2026-02-04,3461.855,1564.745,206,6.866666666666666,0.5825242718446603,13847.42,2016.6145631067961,24199.374757281556,VIP,479,479
CUST01318,6,15,13835.4,2025-01-21,2026-11-26,2305.9,958.7516666666667,674,22.466666666666665,0.26706231454005935,13835.4,615.8189910979229,7389.827893175075,VIP,480,480
CUST03682,5,15,13833.849999999999,2025-06-03,2026-09-29,2766.7699999999995,967.164,483,16.1,0.3105590062111801,13833.849999999999,859.2453416149067,10310.944099378881,VIP,481,481
CUST01799,6,17,13830.1,2025-01-13,2026-08-16,2305.016666666667,902.7666666666668,580,19.333333333333332,0.3103448275862069,13830.1,715.35,8584.2,VIP,482,482
CUST03725,3,8,13829.57,2025-01-25,2025-11-15,4609.856666666667,1434.45,294,9.8,0.3061224489795918,13829.57,1411.180612244898,16934.167346938775,VIP,483,483
CUST03549,6,14,13825.09,2025-01-19,2026-07-25,2304.181666666667,1006.5466666666666,552,18.4,0.32608695652173914,13825.09,751.3635869565218,9016.36304347826,VIP,484,484
CUST00742,6,11,13812.869999999999,2024-12-01,2026-08-25,2302.145,1037.135,632,21.066666666666666,0.2848101265822785,13812.869999999999,655.6742088607594,7868.090506329114,VIP,485,485
CUST03381,5,11,13807.66,2024-12-12,2026-08-16,2761.532,1286.1240000000003,612,20.4,0.2450980392156863,13807.66,676.8460784313726,8122.152941176471,VIP,486,486
CUST02482,6,15,13802.44,2025-01-27,2026-08-28,2300.4066666666668,961.4466666666667,578,19.266666666666666,0.31141868512110726,13802.44,716.3896193771627,8596.675432525954,VIP,487,487
CUST03706,3,8,13793.17,2025-05-19,2025-10-31,4597.723333333333,1512.2,165,5.5,0.5454545454545454,13793.17,2507.849090909091,30094.189090909094,VIP,488,488
CUST03473,4,14,13765.81,2025-02-04,2026-10-09,3441.4525,1112.65,612,20.4,0.19607843137254904,13765.81,674.7946078431373,8097.535294117648,VIP,489,489
CUST02991,5,12,13753.67,2025-03-09,2026-09-12,2750.734,1136.898,552,18.4,0.27173913043478265,13753.67,747.4820652173913,8969.784782608696,VIP,490,490
CUST01678,3,10,13744.369999999999,2025-03-20,2026-02-05,4581.456666666666,1284.7833333333333,322,10.733333333333333,0.27950310559006214,13744.369999999999,1280.5313664596274,15366.376397515529,VIP,491,491
CUST02629,4,15,13731.69,2025-11-25,2026-06-09,3432.9225,956.8925,196,6.533333333333333,0.6122448979591837,13731.69,2101.789285714286,25221.471428571433,VIP,492,492
CUST04731,7,12,13729.56,2025-04-29,2026-09-20,1961.3657142857141,1140.8071428571427,509,16.966666666666665,0.412573673870334,13729.56,809.2078585461691,9710.494302554029,VIP,493,493
CUST00072,4,11,13720.36,2025-12-04,2026-03-31,3430.09,1195.3125,117,3.9,1.0256410256410258,13720.36,3518.041025641026,42216.492307692315,VIP,494,494
CUST03983,5,13,13720.16,2025-04-03,2026-01-01,2744.032,1082.926,273,9.1,0.5494505494505495,13720.16,1507.7098901098902,18092.51868131868,VIP,495,495
CUST03636,5,14,13710.94,2025-07-25,2026-09-02,2742.188,1015.482,404,13.466666666666667,0.3712871287128713,13710.94,1018.1391089108911,12217.669306930693,VIP,496,496
CUST00297,2,9,13705.8,2025-04-10,2025-08-12,6852.9,1539.58,124,4.133333333333334,0.48387096774193544,13705.8,3315.9193548387093,39791.032258064515,VIP,497,497
CUST00759,7,16,13703.95,2024-12-17,2025-12-02,1957.707142857143,808.472857142857,350,11.666666666666666,0.6,13703.95,1174.6242857142859,14095.49142857143,VIP,498,498
CUST02231,7,17,13698.48,2025-01-13,2026-09-17,1956.9257142857143,815.2557142857142,612,20.4,0.3431372549019608,13698.48,671.4941176470588,8057.929411764706,VIP,499,499
CUST03401,6,17,13694.210000000001,2025-02-11,2026-07-17,2282.3683333333333,836.2583333333333,521,17.366666666666667,0.345489443378119,13694.210000000001,788.5341650671785,9462.409980806142,VIP,500,500
CUST01398,6,13,13691.199999999999,2025-05-14,2026-09-15,2281.8666666666663,984.1783333333333,489,16.3,0.36809815950920244,13691.199999999999,839.9509202453987,10079.411042944785,VIP,501,501
CUST03336,5,11,13687.37,2025-01-11,2026-03-12,2737.474,1309.986,425,14.166666666666666,0.35294117647058826,13687.37,966.1672941176472,11594.007529411767,VIP,502,502
CUST00725,4,12,13675.03,2025-04-21,2026-05-30,3418.7575,1086.615,404,13.466666666666667,0.297029702970297,13675.03,1015.4725247524752,12185.670297029703,VIP,503,503
CUST01663,5,16,13661.56,2025-01-31,2026-02-02,2732.312,869.836,367,12.233333333333333,0.40871934604904636,13661.56,1116.7487738419618,13400.985286103542,VIP,504,504
CUST04415,4,13,13658.89,2024-11-23,2026-09-01,3414.7225,1058.185,647,21.566666666666666,0.18547140649149924,13658.89,633.3333848531685,7600.000618238022,VIP,505,505
CUST01938,3,10,13653.52,2025-06-15,2026-08-16,4551.173333333333,1418.6233333333332,427,14.233333333333333,0.2107728337236534,13653.52,959.2637002341921,11511.164402810306,VIP,506,506
CUST04557,6,9,13644.439999999999,2025-02-27,2026-07-25,2274.0733333333333,1454.4433333333334,513,17.1,0.3508771929824561,13644.439999999999,797.9204678362572,9575.045614035087,VIP,507,507
CUST03987,5,12,13631.23,2025-02-13,2026-09-04,2726.246,1039.446,568,18.933333333333334,0.2640845070422535,13631.23,719.9593309859155,8639.511971830985,VIP,508,508
CUST01401,4,11,13630.77,2025-06-30,2026-07-14,3407.6925,1252.755,379,12.633333333333333,0.316622691292876,13630.77,1078.9527704485488,12947.433245382585,VIP,509,509
CUST04650,5,11,13627.28,2025-03-09,2026-09-23,2725.456,1014.54,563,18.766666666666666,0.2664298401420959,13627.28,726.1428063943163,8713.713676731795,VIP,510,510
CUST04506,5,10,13619.57,2025-01-04,2026-03-06,2723.9139999999998,1516.434,426,14.2,0.35211267605633806,13619.57,959.1246478873239,11509.495774647887,VIP,511,511
CUST00951,4,11,13615.470000000001,2025-05-25,2026-02-10,3403.8675000000003,1199.9850000000001,261,8.7,0.4597701149425288,13615.470000000001,1564.9965517241383,18779.95862068966,VIP,512,512
CUST01311,4,10,13602.38,2025-04-14,2026-04-27,3400.595,1382.79,378,12.6,0.31746031746031744,13602.38,1079.5539682539682,12954.647619047617,VIP,513,513
CUST02508,4,8,13596.52,2026-01-24,2026-09-05,3399.13,1637.4050000000002,224,7.466666666666667,0.5357142857142857,13596.52,1820.9625,21851.550000000003,VIP,514,514
CUST02010,5,11,13592.119999999999,2025-08-30,2026-09-01,2718.424,1197.78,367,12.233333333333333,0.40871934604904636,13592.119999999999,1111.0724795640326,13332.869754768391,VIP,515,515
CUST00231,6,12,13584.939999999999,2025-05-27,2026-10-20,2264.1566666666663,1075.9933333333333,511,17.033333333333335,0.3522504892367906,13584.939999999999,797.5502935420742,9570.60352250489,VIP,516,516
CUST03064,3,10,13584.310000000001,2025-01-17,2026-01-13,4528.1033333333335,1388.0433333333333,361,12.033333333333333,0.24930747922437674,13584.310000000001,1128.890027700831,13546.680332409973,VIP,517,517
CUST03732,6,17,13571.4,2025-04-12,2026-10-29,2261.9,700.8583333333332,565,18.833333333333332,0.3185840707964602,13571.4,720.6053097345133,8647.26371681416,VIP,518,518
CUST02689,5,12,13555.7,2024-12-13,2026-01-10,2711.1400000000003,1166.852,393,13.1,0.3816793893129771,13555.7,1034.786259541985,12417.43511450382,VIP,519,519
CUST00395,3,10,13543.64,2025-01-10,2026-01-10,4514.546666666666,1392.1133333333335,365,12.166666666666666,0.24657534246575344,13543.64,1113.1758904109588,13358.110684931506,VIP,520,520
CUST00140,5,11,13535.279999999999,2024-12-11,2025-10-12,2707.0559999999996,1166.974,305,10.166666666666666,0.49180327868852464,13535.279999999999,1331.3390163934425,15976.06819672131,VIP,521,521
CUST04471,7,16,13530.39,2024-12-10,2026-10-16,1932.912857142857,798.0757142857143,675,22.5,0.3111111111111111,13530.39,601.3506666666666,7216.207999999999,VIP,522,522
CUST01733,3,9,13518.529999999999,2025-06-07,2026-09-29,4506.176666666666,1422.5666666666666,479,15.966666666666667,0.18789144050104384,13518.529999999999,846.672025052192,10160.064300626304,VIP,523,523
CUST00191,5,9,13517.26,2025-02-19,2026-04-21,2703.452,1168.652,426,14.2,0.35211267605633806,13517.26,951.9197183098593,11423.03661971831,VIP,524,524
CUST03436,9,18,13511.93,2025-01-09,2026-10-06,1501.3255555555556,762.1266666666667,635,21.166666666666668,0.42519685039370075,13511.93,638.3588976377953,7660.306771653543,VIP,525,525
CUST04531,6,17,13497.22,2025-01-24,2026-05-29,2249.5366666666664,741.6883333333334,490,16.333333333333332,0.3673469387755102,13497.22,826.3604081632653,9916.324897959184,VIP,526,526
CUST00205,4,13,13477.099999999999,2025-02-08,2026-07-17,3369.2749999999996,1018.0550000000001,524,17.466666666666665,0.22900763358778628,13477.099999999999,771.5896946564885,9259.076335877862,VIP,527,527
CUST01881,5,10,13472.67,2025-04-03,2026-10-28,2694.534,1293.916,573,19.1,0.2617801047120419,13472.67,705.375392670157,8464.504712041884,VIP,528,528
CUST01731,6,13,13470.7,2024-12-04,2026-09-19,2245.116666666667,1034.1916666666666,654,21.8,0.27522935779816515,13470.7,617.9220183486239,7415.064220183486,VIP,529,529
CUST01132,3,10,13468.86,2024-12-21,2026-08-20,4489.62,1255.75,607,20.233333333333334,0.14827018121911037,13468.86,665.6767710049423,7988.121252059308,VIP,530,530
CUST01473,6,12,13464.26,2025-01-06,2026-08-26,2244.0433333333335,1140.4433333333334,597,19.9,0.30150753768844224,13464.26,676.5959798994976,8119.151758793971,VIP,531,531
CUST02741,5,13,13457.29,2025-03-03,2026-05-02,2691.458,1054.962,425,14.166666666666666,0.35294117647058826,13457.29,949.9263529411766,11399.11623529412,VIP,532,532
CUST03671,5,12,13451.19,2025-08-12,2026-06-24,2690.2380000000003,1065.392,316,10.533333333333333,0.4746835443037975,13451.19,1277.0117088607597,15324.140506329117,VIP,533,533
CUST03112,6,15,13448.630000000001,2025-04-28,2026-07-27,2241.4383333333335,992.3433333333334,455,15.166666666666666,0.39560439560439564,13448.630000000001,886.7228571428573,10640.674285714287,VIP,534,534
CUST02463,6,10,13446.69,2025-04-20,2026-11-29,2241.1150000000002,1329.7333333333333,588,19.6,0.3061224489795918,13446.69,686.0556122448979,8232.667346938775,VIP,535,535
CUST03041,3,11,13436.34,2025-01-05,2025-12-10,4478.78,1226.1333333333334,339,11.3,0.2654867256637168,13436.34,1189.0566371681416,14268.6796460177,VIP,536,536
CUST01813,4,11,13422.05,2025-03-03,2026-02-27,3355.5125,1097.3825000000002,361,12.033333333333333,0.33240997229916897,13422.05,1115.4058171745153,13384.869806094182,VIP,537,537
CUST00454,3,8,13415.099999999999,2025-08-20,2026-08-13,4471.7,1549.7766666666666,358,11.933333333333334,0.25139664804469275,13415.099999999999,1124.1703910614524,13490.044692737429,VIP,538,538
CUST01115,5,13,13357.619999999999,2025-01-29,2026-06-01,2671.524,1026.3799999999999,488,16.266666666666666,0.3073770491803279,13357.619999999999,821.1651639344262,9853.981967213114,VIP,539,539
CUST02623,5,11,13336.71,2025-01-29,2026-03-03,2667.3419999999996,1204.66,398,13.266666666666667,0.37688442211055273,13336.71,1005.2796482412059,12063.35577889447,VIP,540,540
CUST03475,7,20,13319.77,2024-12-05,2026-08-23,1902.8242857142857,757.7542857142856,626,20.866666666666667,0.33546325878594246,13319.77,638.3276357827476,7659.931629392971,VIP,541,541
CUST02251,4,9,13312.300000000001,2025-05-29,2026-08-05,3328.0750000000003,1242.095,433,14.433333333333334,0.27713625866050806,13312.300000000001,922.3302540415705,11067.963048498845,VIP,542,542
CUST03313,5,13,13311.27,2025-04-18,2026-07-26,2662.254,1092.56,464,15.466666666666667,0.3232758620689655,13311.27,860.6424568965517,10327.70948275862,VIP,543,543
CUST00192,5,11,13283.23,2024-12-31,2026-08-25,2656.6459999999997,1195.902,602,20.066666666666666,0.24916943521594684,13283.23,661.9549833887042,7943.459800664451,VIP,544,544
CUST04174,4,12,13273.32,2025-09-05,2026-08-02,3318.33,1186.6975,331,11.033333333333333,0.36253776435045315,13273.32,1203.0199395770392,14436.23927492447,VIP,545,545
CUST01573,5,15,13271.92,2025-08-11,2026-07-12,2654.384,867.116,335,11.166666666666666,0.44776119402985076,13271.92,1188.5301492537315,14262.361791044777,VIP,546,546
CUST02995,4,13,13267.17,2025-05-09,2025-11-28,3316.7925,935.1825,203,6.766666666666667,0.5911330049261084,13267.17,1960.6655172413793,23527.986206896552,VIP,547,547
CUST03931,4,13,13264.880000000001,2024-12-15,2026-02-01,3316.2200000000003,1009.8625,413,13.766666666666667,0.29055690072639223,13264.880000000001,963.5506053268765,11562.607263922519,VIP,548,548
CUST02681,5,10,13236.94,2025-05-12,2026-01-29,2647.388,1321.114,262,8.733333333333333,0.5725190839694657,13236.94,1515.6801526717559,18188.161832061072,VIP,549,549
CUST01046,5,12,13215.73,2025-06-09,2026-10-25,2643.1459999999997,1104.292,503,16.766666666666666,0.29821073558648115,13215.73,788.2145129224652,9458.574155069582,VIP,550,550
CUST04672,6,20,13197.26,2025-11-07,2026-11-26,2199.5433333333335,642.3183333333333,384,12.8,0.46875,13197.26,1031.0359375,12372.431250000001,VIP,551,551
CUST01159,7,11,13193.32,2025-06-17,2026-10-18,1884.76,1199.0042857142857,488,16.266666666666666,0.43032786885245905,13193.32,811.0647540983607,9732.777049180328,VIP,552,552
CUST01027,5,14,13182.63,2025-05-11,2026-10-10,2636.526,836.238,517,17.233333333333334,0.2901353965183752,13182.63,764.9495164410057,9179.39419729207,VIP,553,553
CUST00771,4,10,13178.88,2025-05-20,2026-07-30,3294.72,1179.255,436,14.533333333333333,0.27522935779816515,13178.88,906.8036697247705,10881.644036697246,VIP,554,554
CUST02419,4,11,13135.06,2025-01-09,2026-11-20,3283.765,1219.56,680,22.666666666666668,0.1764705882352941,13135.06,579.4879411764705,6953.855294117646,VIP,555,555
CUST00927,5,13,13125.15,2025-09-24,2026-10-26,2625.0299999999997,834.6659999999999,397,13.233333333333333,0.3778337531486146,13125.15,991.8249370277078,11901.899244332493,VIP,556,556
CUST03443,6,14,13122.099999999999,2025-06-30,2026-04-10,2187.0166666666664,1034.1866666666667,284,9.466666666666667,0.6338028169014085,13122.099999999999,1386.1373239436618,16633.647887323943,VIP,557,557
CUST02407,5,12,13116.5,2025-01-27,2026-07-09,2623.3,1180.0520000000001,528,17.6,0.28409090909090906,13116.5,745.2556818181818,8943.06818181818,VIP,558,558
CUST02749,4,9,13115.16,2024-12-22,2026-03-20,3278.79,1469.5025,453,15.1,0.26490066225165565,13115.16,868.553642384106,10422.643708609272,VIP,559,559
CUST03307,4,11,13108.48,2025-01-21,2026-07-22,3277.12,1281.5725,547,18.233333333333334,0.21937842778793418,13108.48,718.9294332723948,8627.153199268738,VIP,560,560
CUST03238,2,9,13104.439999999999,2025-01-31,2026-02-21,6552.219999999999,1405.46,386,12.866666666666667,0.15544041450777202,13104.439999999999,1018.4797927461138,12221.757512953365,VIP,561,561
CUST03638,5,18,13103.31,2025-01-27,2026-08-02,2620.662,746.8140000000001,552,18.4,0.27173913043478265,13103.31,712.1364130434783,8545.63695652174,VIP,562,562
CUST04436,6,14,13101.99,2025-04-06,2026-10-06,2183.665,871.015,548,18.266666666666666,0.3284671532846716,13101.99,717.2622262773723,8607.146715328468,VIP,563,563
CUST04018,5,8,13100.05,2024-12-10,2026-01-10,2620.0099999999998,1377.0700000000002,396,13.2,0.3787878787878788,13100.05,992.4280303030303,11909.136363636364,VIP,564,564
CUST04849,5,18,13091.06,2025-02-03,2026-11-21,2618.212,787.814,656,21.866666666666667,0.22865853658536586,13091.06,598.6765243902439,7184.118292682927,VIP,565,565
CUST04103,7,13,13088.15,2025-05-05,2026-09-01,1869.7357142857143,991.9757142857143,484,16.133333333333333,0.43388429752066116,13088.15,811.2489669421487,9734.987603305784,VIP,566,566
CUST01631,2,8,13085.509999999998,2025-04-27,2025-05-24,6542.754999999999,1506.365,27,0.9,2.0,13085.509999999998,13085.509999999998,157026.12,VIP,567,567
CUST02989,3,11,13078.179999999998,2025-06-19,2026-03-09,4359.3933333333325,1086.19,263,8.766666666666667,0.34220532319391633,13078.179999999998,1491.8076045627374,17901.691254752848,VIP,568,568
CUST00988,8,12,13068.04,2025-04-28,2026-07-06,1633.505,1139.28625,434,14.466666666666667,0.5529953917050692,13068.04,903.320737327189,10839.848847926269,VIP,569,569
CUST02091,5,12,13064.01,2025-01-25,2026-09-01,2612.802,1140.234,584,19.466666666666665,0.2568493150684932,13064.01,671.0964041095891,8053.15684931507,VIP,570,570
CUST04223,7,14,13062.460000000001,2025-07-09,2026-09-16,1866.0657142857144,918.8914285714285,434,14.466666666666667,0.4838709677419355,13062.460000000001,902.9350230414747,10835.220276497696,VIP,571,571
CUST02032,7,12,13061.14,2025-01-01,2026-04-17,1865.8771428571429,1043.1571428571428,471,15.7,0.445859872611465,13061.14,831.9197452229299,9983.036942675159,VIP,572,572
CUST03014,4,14,13052.44,2025-04-22,2026-07-25,3263.11,953.9300000000001,459,15.3,0.26143790849673204,13052.44,853.1006535947712,10237.207843137254,VIP,573,573
CUST03495,4,10,13037.11,2024-12-14,2026-07-13,3259.2775,1167.805,576,19.2,0.20833333333333334,13037.11,679.0161458333334,8148.193750000001,VIP,574,574
CUST01548,6,14,13022.62,2024-12-17,2026-10-12,2170.436666666667,979.0016666666667,664,22.133333333333333,0.2710843373493976,13022.62,588.3713855421687,7060.456626506024,VIP,575,575
CUST03688,4,10,13013.74,2024-12-01,2026-08-03,3253.435,1246.615,610,20.333333333333332,0.19672131147540986,13013.74,640.02,7680.24,VIP,576,576
CUST03083,4,12,12979.51,2026-01-13,2026-06-06,3244.8775,1151.5025,144,4.8,0.8333333333333334,12979.51,2704.0645833333333,32448.775,VIP,577,577
CUST02088,5,11,12974.66,2025-03-07,2026-10-13,2594.932,1083.838,585,19.5,0.2564102564102564,12974.66,665.3671794871794,7984.406153846154,VIP,578,578
CUST02134,3,9,12972.61,2025-10-20,2026-08-15,4324.203333333334,1336.1599999999999,299,9.966666666666667,0.3010033444816054,12972.61,1301.5996655518395,15619.195986622075,VIP,579,579
CUST02759,4,13,12972.539999999999,2025-05-20,2026-03-10,3243.1349999999998,949.9225,294,9.8,0.4081632653061224,12972.539999999999,1323.7285714285713,15884.742857142855,VIP,580,580
CUST03752,3,9,12970.199999999999,2025-07-24,2026-10-13,4323.4,1396.4399999999998,446,14.866666666666667,0.20179372197309417,12970.199999999999,872.4349775784752,10469.219730941702,VIP,581,581
CUST03998,3,8,12969.57,2025-01-28,2025-08-10,4323.19,1616.04,194,6.466666666666667,0.4639175257731959,12969.57,2005.6036082474227,24067.24329896907,VIP,582,582
CUST00501,6,17,12967.189999999999,2024-12-10,2026-01-16,2161.1983333333333,898.9116666666667,402,13.4,0.44776119402985076,12967.189999999999,967.7007462686566,11612.40895522388,VIP,583,583
CUST02886,4,11,12961.51,2025-03-24,2026-11-23,3240.3775,1272.9850000000001,609,20.3,0.19704433497536944,12961.51,638.4980295566502,7661.976354679802,VIP,584,584
CUST01779,3,7,12959.03,2025-05-24,2025-12-11,4319.676666666667,1699.3166666666666,201,6.7,0.44776119402985076,12959.03,1934.1835820895524,23210.20298507463,VIP,585,585
CUST03500,6,11,12955.630000000001,2025-04-20,2026-10-06,2159.271666666667,1139.1883333333333,534,17.8,0.33707865168539325,12955.630000000001,727.8443820224719,8734.132584269662,VIP,586,586
CUST02217,6,13,12954.460000000001,2025-04-19,2026-09-03,2159.076666666667,916.66,502,16.733333333333334,0.3585657370517928,12954.460000000001,774.1709163346613,9290.050996015936,VIP,587,587
CUST04155,4,10,12951.52,2025-04-08,2026-03-28,3237.88,1190.7150000000001,354,11.8,0.3389830508474576,12951.52,1097.586440677966,13171.037288135592,VIP,588,588
CUST02992,5,14,12950.01,2025-01-10,2026-04-25,2590.002,951.122,470,15.666666666666666,0.3191489361702128,12950.01,826.5963829787235,9919.156595744682,VIP,589,589
CUST03227,3,7,12948.46,2025-05-21,2026-04-20,4316.153333333333,1256.2466666666667,334,11.133333333333333,0.2694610778443114,12948.46,1163.0353293413173,13956.423952095807,VIP,590,590
CUST03054,5,12,12934.82,2025-03-10,2025-12-25,2586.964,1142.572,290,9.666666666666666,0.5172413793103449,12934.82,1338.084827586207,16057.017931034483,VIP,591,591
CUST04615,6,14,12929.86,2025-05-11,2026-10-17,2154.976666666667,958.1316666666667,524,17.466666666666665,0.3435114503816794,12929.86,740.2591603053436,8883.109923664124,VIP,592,592
CUST03125,5,12,12929.220000000001,2024-12-27,2026-11-28,2585.844,1070.79,701,23.366666666666667,0.21398002853067047,12929.220000000001,553.3189728958631,6639.827674750357,VIP,593,593
CUST00820,5,11,12927.92,2025-06-08,2026-05-12,2585.584,1300.6680000000001,338,11.266666666666667,0.4437869822485207,12927.92,1147.448520710059,13769.38224852071,VIP,594,594
CUST03541,6,12,12924.9,2024-12-17,2026-05-06,2154.15,1075.4283333333333,505,16.833333333333332,0.3564356435643565,12924.9,767.8158415841584,9213.7900990099,VIP,595,595
CUST00841,7,19,12915.92,2024-12-11,2026-11-15,1845.1314285714286,621.9971428571428,704,23.466666666666665,0.2982954545454546,12915.92,550.3943181818182,6604.731818181819,VIP,596,596
CUST00434,3,10,12914.26,2024-11-28,2025-11-02,4304.753333333333,1130.9433333333334,339,11.3,0.2654867256637168,12914.26,1142.8548672566371,13714.258407079646,VIP,597,597
CUST02344,4,12,12912.39,2025-01-21,2026-03-03,3228.0975,955.6324999999999,406,13.533333333333333,0.2955665024630542,12912.39,954.117487684729,11449.409852216748,VIP,598,598
CUST02948,4,14,12901.26,2025-02-16,2026-04-05,3225.315,859.3475,413,13.766666666666667,0.29055690072639223,12901.26,937.1375302663438,11245.650363196126,VIP,599,599
CUST04812,5,14,12898.5,2025-03-09,2026-05-08,2579.7,1034.982,425,14.166666666666666,0.35294117647058826,12898.5,910.4823529411765,10925.788235294118,VIP,600,600
CUST04632,5,12,12894.34,2024-12-10,2026-08-20,2578.868,1048.526,618,20.6,0.24271844660194172,12894.34,625.9388349514563,7511.266019417476,VIP,601,601
CUST00106,5,9,12883.93,2025-01-25,2025-09-20,2576.786,1266.044,238,7.933333333333334,0.6302521008403361,12883.93,1624.0247899159663,19488.297478991597,VIP,602,602
CUST03698,4,15,12883.32,2025-05-30,2025-11-15,3220.83,856.595,169,5.633333333333334,0.7100591715976331,12883.32,2286.9798816568045,27443.758579881654,VIP,603,603
CUST04269,5,12,12880.61,2025-05-08,2026-02-12,2576.1220000000003,1031.1100000000001,280,9.333333333333334,0.5357142857142857,12880.61,1380.065357142857,16560.784285714282,VIP,604,604
CUST02470,5,11,12879.26,2025-03-04,2026-10-23,2575.852,1141.458,598,19.933333333333334,0.2508361204013378,12879.26,646.1167224080267,7753.40066889632,VIP,605,605
CUST03758,4,11,12872.74,2025-10-17,2026-12-25,3218.185,1181.6675,434,14.466666666666667,0.2764976958525346,12872.74,889.8207373271889,10677.848847926267,VIP,606,606
CUST00289,5,13,12871.06,2025-02-06,2025-11-23,2574.212,1113.884,290,9.666666666666666,0.5172413793103449,12871.06,1331.4889655172415,15977.867586206898,VIP,607,607
CUST01013,5,14,12865.39,2025-01-07,2026-08-29,2573.078,862.1899999999999,599,19.966666666666665,0.25041736227045075,12865.39,644.3434056761268,7732.120868113522,VIP,608,608
CUST01578,6,11,12861.27,2025-07-02,2026-09-07,2143.545,1047.1816666666666,432,14.4,0.41666666666666663,12861.27,893.14375,10717.724999999999,VIP,609,609
CUST03127,7,13,12857.779999999999,2025-02-15,2026-11-01,1836.8257142857142,1073.1685714285716,624,20.8,0.3365384615384615,12857.779999999999,618.1624999999999,7417.949999999999,VIP,610,610
CUST04158,4,13,12856.880000000001,2025-02-23,2026-11-24,3214.2200000000003,923.995,639,21.3,0.18779342723004694,12856.880000000001,603.6093896713616,7243.312676056339,VIP,611,611
CUST03577,4,12,12856.75,2025-01-09,2026-07-17,3214.1875,933.4875,554,18.466666666666665,0.21660649819494587,12856.75,696.2138989169675,8354.56678700361,VIP,612,612
CUST03024,5,9,12849.470000000001,2025-04-26,2026-08-04,2569.8940000000002,1304.414,465,15.5,0.3225806451612903,12849.470000000001,828.9980645161291,9947.97677419355,VIP,613,613
CUST00001,5,11,12841.61,2025-06-26,2026-08-01,2568.322,1195.882,401,13.366666666666667,0.37406483790523687,12841.61,960.7189526184538,11528.627431421446,VIP,614,614
CUST01533,4,8,12839.69,2025-08-18,2026-10-01,3209.9225,1370.0149999999999,409,13.633333333333333,0.293398533007335,12839.69,941.7865525672372,11301.438630806846,VIP,615,615
CUST00569,4,8,12818.529999999999,2025-02-08,2025-05-05,3204.6324999999997,1618.1075,86,2.8666666666666667,1.3953488372093024,12818.529999999999,4471.580232558139,53658.96279069767,VIP,616,616
CUST03195,3,10,12797.5,2025-04-28,2025-12-29,4265.833333333333,1224.78,245,8.166666666666666,0.3673469387755102,12797.5,1567.0408163265308,18804.48979591837,VIP,617,617
CUST00455,5,12,12795.72,2025-01-18,2026-02-18,2559.144,955.1360000000001,396,13.2,0.3787878787878788,12795.72,969.3727272727273,11632.472727272727,VIP,618,618
CUST03982,7,17,12785.949999999999,2025-06-27,2026-11-25,1826.5642857142855,830.1785714285714,516,17.2,0.4069767441860465,12785.949999999999,743.3691860465116,8920.43023255814,VIP,619,619
CUST02856,4,10,12770.53,2025-10-17,2026-10-11,3192.6325,1393.0125,359,11.966666666666667,0.3342618384401114,12770.53,1067.1752089136492,12806.10250696379,VIP,620,620
CUST03556,4,8,12732.7,2025-06-01,2026-05-05,3183.175,1606.56,338,11.266666666666667,0.35502958579881655,12732.7,1130.121301775148,13561.455621301775,VIP,621,621
CUST01574,6,14,12732.46,2025-03-11,2026-08-24,2122.0766666666664,949.2866666666667,531,17.7,0.33898305084745767,12732.46,719.34802259887,8632.17627118644,VIP,622,622
CUST01403,7,16,12717.71,2024-12-05,2026-09-27,1816.8157142857142,824.6785714285714,661,22.033333333333335,0.3177004538577912,12717.71,577.2031770045385,6926.438124054462,VIP,623,623
CUST02370,5,11,12717.34,2025-01-11,2026-03-26,2543.468,1036.1680000000001,439,14.633333333333333,0.3416856492027335,12717.34,869.0665148063782,10428.79817767654,VIP,624,624
CUST03787,5,11,12710.5,2025-07-15,2026-11-01,2542.1,962.924,474,15.8,0.3164556962025316,12710.5,804.4620253164557,9653.544303797467,VIP,625,625
CUST04988,6,12,12706.18,2025-02-09,2026-06-12,2117.6966666666667,1154.2366666666667,488,16.266666666666666,0.36885245901639346,12706.18,781.1176229508197,9373.411475409837,VIP,626,626
CUST02791,7,16,12699.71,2025-01-25,2026-10-15,1814.2442857142855,861.7728571428571,628,20.933333333333334,0.3343949044585987,12699.71,606.6740445859872,7280.088535031846,VIP,627,627
CUST04641,8,16,12695.73,2025-01-14,2026-12-26,1586.96625,718.13875,711,23.7,0.33755274261603374,12695.73,535.6848101265823,6428.217721518988,VIP,628,628
CUST03096,6,12,12676.44,2025-02-23,2025-11-06,2112.7400000000002,1073.9566666666667,256,8.533333333333333,0.703125,12676.44,1485.5203125,17826.24375,VIP,629,629
CUST03554,4,8,12669.52,2025-06-07,2026-04-15,3167.38,1481.38,312,10.4,0.3846153846153846,12669.52,1218.2230769230769,14618.676923076922,VIP,630,630
CUST00664,7,13,12665.93,2025-02-23,2026-12-15,1809.4185714285716,915.11,660,22.0,0.3181818181818182,12665.93,575.7240909090909,6908.689090909091,VIP,631,631
CUST04905,6,14,12663.99,2025-05-01,2026-01-11,2110.665,806.0133333333333,255,8.5,0.7058823529411765,12663.99,1489.8811764705881,17878.57411764706,VIP,632,632
CUST04774,4,10,12653.47,2025-01-14,2026-02-12,3163.3675,1261.735,394,13.133333333333333,0.30456852791878175,12653.47,963.4621827411167,11561.546192893402,VIP,633,633
CUST01509,5,11,12651.57,2026-02-21,2026-08-02,2530.314,1031.4540000000002,162,5.4,0.9259259259259258,12651.57,2342.883333333333,28114.6,VIP,634,634
CUST01110,5,12,12651.22,2025-01-10,2026-09-01,2530.2439999999997,1078.8619999999999,599,19.966666666666665,0.25041736227045075,12651.22,633.6170283806345,7603.404340567613,VIP,635,635
CUST03001,5,9,12639.83,2025-09-07,2026-07-23,2527.966,1385.224,319,10.633333333333333,0.4702194357366771,12639.83,1188.6987460815049,14264.384952978058,VIP,636,636
CUST03630,6,13,12630.71,2024-12-18,2026-09-08,2105.1183333333333,1009.8849999999999,629,20.966666666666665,0.28616852146263916,12630.71,602.4186009538951,7229.023211446741,VIP,637,637
CUST00168,4,11,12630.69,2025-12-28,2026-12-19,3157.6725,1199.2325,356,11.866666666666667,0.33707865168539325,12630.69,1064.383988764045,12772.607865168538,VIP,638,638
CUST03201,5,11,12619.79,2025-01-14,2026-01-19,2523.958,1123.26,370,12.333333333333334,0.4054054054054054,12619.79,1023.2262162162162,12278.714594594596,VIP,639,639
CUST02609,4,10,12614.970000000001,2025-07-19,2026-02-21,3153.7425000000003,1208.1425,217,7.233333333333333,0.5529953917050692,12614.970000000001,1744.0050691244242,20928.06082949309,VIP,640,640
CUST02984,4,8,12613.07,2025-06-10,2026-10-13,3153.2675,1224.135,490,16.333333333333332,0.2448979591836735,12613.07,772.2287755102042,9266.74530612245,VIP,641,641
CUST00957,6,12,12604.32,2025-01-27,2026-09-30,2100.72,1045.3166666666666,611,20.366666666666667,0.2945990180032733,12604.32,618.8700490998363,7426.440589198035,VIP,642,642
CUST04630,4,13,12599.29,2025-01-03,2026-02-06,3149.8225,927.1275,399,13.3,0.3007518796992481,12599.29,947.3150375939849,11367.78045112782,VIP,643,643
CUST03970,3,7,12595.73,2024-12-19,2026-07-14,4198.576666666667,1550.9366666666667,572,19.066666666666666,0.15734265734265734,12595.73,660.6152097902097,7927.382517482517,VIP,644,644
CUST00190,6,14,12577.75,2025-01-19,2026-09-16,2096.2916666666665,930.1,605,20.166666666666668,0.2975206611570248,12577.75,623.6900826446281,7484.280991735537,VIP,645,645
CUST04522,6,14,12539.99,2024-12-24,2026-09-23,2089.9983333333334,880.8716666666666,638,21.266666666666666,0.2821316614420063,12539.99,589.6547021943574,7075.856426332288,VIP,646,646
CUST03055,7,12,12514.900000000001,2025-07-27,2026-11-02,1787.8428571428574,1032.4,463,15.433333333333334,0.4535637149028078,12514.900000000001,810.9006479481642,9730.80777537797,VIP,647,647
CUST03959,6,13,12511.130000000001,2025-01-13,2026-06-07,2085.1883333333335,855.2466666666666,510,17.0,0.35294117647058826,12511.130000000001,735.9488235294118,8831.38588235294,VIP,648,648
CUST01758,4,14,12492.380000000001,2025-04-10,2026-03-21,3123.0950000000003,835.6725,345,11.5,0.34782608695652173,12492.380000000001,1086.2939130434784,13035.52695652174,VIP,649,649
CUST01488,6,15,12480.97,2024-11-24,2025-11-20,2080.1616666666664,820.6016666666666,361,12.033333333333333,0.4986149584487535,12480.97,1037.1997229916897,12446.396675900276,VIP,650,650
CUST00481,5,13,12479.77,2024-12-22,2026-10-20,2495.954,854.47,667,22.233333333333334,0.22488755622188905,12479.77,561.3089955022489,6735.707946026987,VIP,651,651
CUST00935,5,11,12478.81,2025-03-30,2025-08-30,2495.7619999999997,1007.594,153,5.1,0.9803921568627452,12478.81,2446.8254901960786,29361.90588235294,VIP,652,652
CUST01130,3,10,12476.16,2025-02-21,2025-09-25,4158.72,1106.0633333333333,216,7.2,0.41666666666666663,12476.16,1732.8,20793.6,VIP,653,653
CUST03938,3,10,12470.98,2025-06-21,2026-01-15,4156.993333333333,1295.5466666666666,208,6.933333333333334,0.43269230769230765,12470.98,1798.6990384615383,21584.38846153846,VIP,654,654
CUST00979,3,10,12470.05,2025-04-09,2025-08-06,4156.683333333333,1265.1899999999998,119,3.966666666666667,0.7563025210084033,12470.05,3143.7100840336134,37724.52100840336,VIP,655,655
CUST03070,5,11,12468.76,2025-04-25,2026-07-06,2493.752,1174.554,437,14.566666666666666,0.34324942791762014,12468.76,855.9789473684211,10271.747368421053,VIP,656,656
CUST04369,4,12,12458.76,2024-11-24,2026-11-16,3114.69,1175.5075,722,24.066666666666666,0.16620498614958448,12458.76,517.6770083102493,6212.1240997229925,VIP,657,657
CUST03632,7,12,12450.09,2025-04-08,2026-09-27,1778.5842857142857,955.3185714285715,537,17.9,0.3910614525139665,12450.09,695.5357541899442,8346.42905027933,VIP,658,658
CUST00599,4,11,12443.09,2024-11-28,2026-05-19,3110.7725,904.0475000000001,537,17.9,0.223463687150838,12443.09,695.1446927374302,8341.736312849163,VIP,659,659
CUST02554,3,8,12440.94,2025-02-18,2026-07-12,4146.9800000000005,1453.9766666666667,509,16.966666666666665,0.17681728880157171,12440.94,733.2577603143419,8799.093123772103,VIP,660,660
CUST01735,4,8,12430.55,2025-06-12,2026-04-19,3107.6375,1286.5875,311,10.366666666666667,0.3858520900321543,12430.55,1199.088424437299,14389.061093247587,VIP,661,661
CUST03776,4,8,12418.470000000001,2025-02-12,2026-04-20,3104.6175000000003,1557.6575,432,14.4,0.2777777777777778,12418.470000000001,862.3937500000001,10348.725,VIP,662,662
CUST03431,5,14,12416.46,2025-10-27,2026-10-29,2483.292,790.348,367,12.233333333333333,0.40871934604904636,12416.46,1014.9694822888283,12179.63378746594,VIP,663,663
CUST01534,6,15,12409.6,2025-06-27,2026-06-03,2068.266666666667,971.2599999999999,341,11.366666666666667,0.5278592375366569,12409.6,1091.7536656891496,13101.043988269794,VIP,664,664
CUST02831,5,13,12409.46,2025-02-24,2026-08-25,2481.892,955.4879999999999,547,18.233333333333334,0.2742230347349177,12409.46,680.5919561243144,8167.103473491772,VIP,665,665
CUST02839,5,15,12406.91,2025-05-09,2026-10-05,2481.382,695.0,514,17.133333333333333,0.2918287937743191,12406.91,724.1387159533074,8689.664591439689,VIP,666,666
CUST04497,4,10,12401.33,2024-12-08,2025-05-31,3100.3325,1184.96,174,5.8,0.6896551724137931,12401.33,2138.1603448275864,25657.924137931037,VIP,667,667
CUST01741,3,11,12400.349999999999,2024-12-31,2026-01-13,4133.45,1114.9966666666667,378,12.6,0.2380952380952381,12400.349999999999,984.1547619047618,11809.857142857141,VIP,668,668
CUST00952,4,10,12397.289999999999,2025-08-28,2026-11-03,3099.3224999999998,1174.3575,432,14.4,0.2777777777777778,12397.289999999999,860.9229166666665,10331.074999999999,VIP,669,669
CUST02940,6,14,12391.27,2024-12-26,2026-11-08,2065.2116666666666,915.1166666666667,682,22.733333333333334,0.26392961876832843,12391.27,545.0705278592376,6540.846334310851,VIP,670,670
CUST00675,4,14,12387.61,2025-01-28,2026-09-11,3096.9025,1002.26,591,19.7,0.20304568527918782,12387.61,628.81269035533,7545.75228426396,VIP,671,671
CUST02775,3,13,12387.03,2024-12-01,2026-09-09,4129.01,945.1433333333333,647,21.566666666666666,0.1391035548686244,12387.03,574.359969088099,6892.319629057188,VIP,672,672
CUST01176,5,10,12386.92,2025-06-17,2026-09-24,2477.384,1184.472,464,15.466666666666667,0.3232758620689655,12386.92,800.8784482758621,9610.541379310345,VIP,673,673
CUST02161,3,11,12380.5,2025-06-24,2026-08-14,4126.833333333333,1126.8333333333333,416,13.866666666666667,0.21634615384615383,12380.5,892.8245192307692,10713.89423076923,VIP,674,674
CUST04116,5,14,12336.45,2025-01-21,2025-11-19,2467.29,857.5319999999999,302,10.066666666666666,0.49668874172185434,12336.45,1225.475165562914,14705.701986754968,VIP,675,675
CUST04532,6,11,12330.8,2025-04-29,2026-08-15,2055.133333333333,1091.7933333333333,473,15.766666666666667,0.38054968287526425,12330.8,782.0803382663847,9384.964059196616,VIP,676,676
CUST01042,5,13,12324.47,2025-03-26,2026-03-27,2464.894,820.2939999999999,366,12.2,0.4098360655737705,12324.47,1010.2024590163935,12122.429508196721,VIP,677,677
CUST02988,4,12,12317.98,2024-12-26,2026-11-21,3079.495,945.67,695,23.166666666666668,0.1726618705035971,12317.98,531.7113669064747,6380.536402877697,VIP,678,678
CUST01878,4,12,12309.57,2025-07-21,2026-06-28,3077.3925,956.2475000000001,342,11.4,0.3508771929824561,12309.57,1079.786842105263,12957.442105263157,VIP,679,679
CUST01101,6,13,12308.99,2024-11-17,2026-09-14,2051.4983333333334,807.045,666,22.2,0.2702702702702703,12308.99,554.459009009009,6653.508108108108,VIP,680,680
CUST01833,6,10,12308.84,2024-12-27,2025-07-16,2051.4733333333334,1106.4966666666667,201,6.7,0.8955223880597015,12308.84,1837.1402985074626,22045.68358208955,VIP,681,681
CUST00082,2,9,12302.8,2025-02-27,2025-05-28,6151.4,1354.6750000000002,90,3.0,0.6666666666666666,12302.8,4100.933333333333,49211.2,VIP,682,682
CUST04801,4,11,12299.03,2024-12-26,2026-07-24,3074.7575,1075.1275,575,19.166666666666668,0.20869565217391303,12299.03,641.6885217391305,7700.262260869566,VIP,683,683
CUST03287,3,10,12298.94,2025-03-10,2026-06-02,4099.6466666666665,1343.1533333333334,449,14.966666666666667,0.20044543429844097,12298.94,821.755456570156,9861.065478841872,VIP,684,684
CUST02945,7,13,12295.82,2024-11-25,2026-09-15,1756.5457142857142,960.1999999999999,659,21.966666666666665,0.31866464339908956,12295.82,559.7490136570561,6716.988163884674,VIP,685,685
CUST02209,4,9,12289.849999999999,2025-07-10,2026-09-03,3072.4624999999996,1468.0075,420,14.0,0.2857142857142857,12289.849999999999,877.8464285714284,10534.15714285714,VIP,686,686
CUST02762,3,9,12283.93,2026-01-19,2026-11-02,4094.6433333333334,1426.8033333333333,287,9.566666666666666,0.31358885017421606,12283.93,1284.0344947735193,15408.413937282232,VIP,687,687
CUST01559,6,17,12282.710000000001,2025-04-17,2026-08-31,2047.1183333333336,717.3066666666667,501,16.7,0.3592814371257485,12282.710000000001,735.4916167664671,8825.899401197606,VIP,688,688
CUST04053,4,10,12279.29,2025-06-25,2026-05-02,3069.8225,990.0799999999999,311,10.366666666666667,0.3858520900321543,12279.29,1184.4974276527332,14213.969131832799,VIP,689,689
CUST02376,4,12,12272.89,2025-04-02,2026-11-04,3068.2225,950.1,581,19.366666666666667,0.20654044750430292,12272.89,633.712048192771,7604.544578313253,VIP,690,690
CUST02364,4,11,12271.15,2025-04-22,2026-11-16,3067.7875,1142.895,573,19.1,0.20942408376963348,12271.15,642.4685863874345,7709.623036649214,VIP,691,691
CUST02737,6,9,12255.45,2025-04-02,2026-09-01,2042.575,1295.5883333333334,517,17.233333333333334,0.3481624758220503,12255.45,711.1479690522244,8533.775628626692,VIP,692,692
CUST02118,3,10,12251.06,2025-05-03,2026-06-15,4083.6866666666665,1351.8666666666666,408,13.6,0.22058823529411764,12251.06,900.8132352941176,10809.758823529412,VIP,693,693
CUST02235,4,12,12248.68,2025-02-04,2026-09-24,3062.17,1052.18,597,19.9,0.20100502512562815,12248.68,615.5115577889447,7386.138693467337,VIP,694,694
CUST00799,6,13,12238.42,2025-04-24,2026-02-26,2039.7366666666667,860.6350000000001,308,10.266666666666667,0.5844155844155844,12238.42,1192.053896103896,14304.646753246752,VIP,695,695
CUST01112,5,8,12232.910000000002,2025-04-29,2026-10-12,2446.5820000000003,1192.816,531,17.7,0.2824858757062147,12232.910000000002,691.1248587570623,8293.498305084748,VIP,696,696
CUST00409,3,10,12220.57,2025-07-26,2026-08-13,4073.523333333333,1167.9533333333334,383,12.766666666666667,0.23498694516971277,12220.57,957.2248041775456,11486.697650130547,VIP,697,697
CUST04458,3,8,12218.34,2024-12-06,2026-03-19,4072.78,1444.7733333333333,468,15.6,0.19230769230769232,12218.34,783.2269230769231,9398.723076923077,VIP,698,698
CUST04315,5,12,12217.829999999998,2024-12-04,2026-09-02,2443.566,1031.984,637,21.233333333333334,0.23547880690737832,12217.829999999998,575.4080062794347,6904.896075353217,VIP,699,699
CUST01291,5,11,12215.0,2025-05-25,2026-03-13,2443.0,993.432,292,9.733333333333333,0.5136986301369864,12215.0,1254.9657534246576,15059.589041095891,VIP,700,700
CUST02649,3,8,12214.150000000001,2025-02-17,2026-10-14,4071.3833333333337,1474.6966666666667,604,20.133333333333333,0.1490066225165563,12214.150000000001,606.6630794701988,7279.956953642386,VIP,701,701
CUST03282,5,11,12213.67,2025-04-29,2026-07-06,2442.734,1256.1979999999999,433,14.433333333333334,0.3464203233256351,12213.67,846.2127020785219,10154.552424942263,VIP,702,702
CUST01681,4,9,12196.829999999998,2025-01-14,2026-09-06,3049.2074999999995,1105.3525,600,20.0,0.2,12196.829999999998,609.8414999999999,7318.097999999998,VIP,703,703
CUST03429,4,13,12195.95,2025-01-18,2026-02-14,3048.9875,928.3675,392,13.066666666666666,0.30612244897959184,12195.95,933.3635204081634,11200.36224489796,VIP,704,704
CUST04092,5,10,12183.75,2026-02-24,2026-10-09,2436.75,1187.7040000000002,227,7.566666666666666,0.6607929515418502,12183.75,1610.1872246696037,19322.246696035243,VIP,705,705
CUST00067,5,15,12179.73,2025-01-18,2026-08-18,2435.946,1026.554,577,19.233333333333334,0.2599653379549393,12179.73,633.2615251299826,7599.138301559791,VIP,706,706
CUST00650,8,16,12168.68,2025-01-11,2026-09-22,1521.085,712.8625,619,20.633333333333333,0.3877221324717286,12168.68,589.7583198707594,7077.099838449112,VIP,707,707
CUST04366,6,14,12166.76,2025-04-07,2026-05-07,2027.7933333333333,951.6016666666668,395,13.166666666666666,0.4556962025316456,12166.76,924.0577215189874,11088.692658227848,VIP,708,708
CUST01782,7,13,12163.25,2025-01-20,2026-10-04,1737.607142857143,973.7414285714286,622,20.733333333333334,0.337620578778135,12163.25,586.6519292604502,7039.823151125402,VIP,709,709
CUST04906,4,11,12158.28,2025-06-30,2026-05-12,3039.57,1248.2575,316,10.533333333333333,0.379746835443038,12158.28,1154.267088607595,13851.205063291141,VIP,710,710
CUST04425,6,13,12142.15,2025-01-23,2025-09-16,2023.6916666666666,856.4549999999999,236,7.866666666666666,0.7627118644067797,12142.15,1543.4936440677966,18521.92372881356,VIP,711,711
CUST03584,7,12,12135.300000000001,2024-12-28,2026-09-23,1733.6142857142859,1102.817142857143,634,21.133333333333333,0.3312302839116719,12135.300000000001,574.2255520504732,6890.706624605678,VIP,712,712
CUST03826,6,10,12135.08,2025-01-19,2026-10-30,2022.5133333333333,939.3566666666667,649,21.633333333333333,0.27734976887519264,12135.08,560.9436055469954,6731.323266563944,VIP,713,713
CUST00818,5,9,12128.06,2025-06-16,2026-08-31,2425.612,1366.664,441,14.7,0.3401360544217687,12128.06,825.0380952380953,9900.457142857143,VIP,714,714
CUST02742,6,11,12127.619999999999,2024-12-27,2026-07-03,2021.2699999999998,1200.8883333333333,553,18.433333333333334,0.325497287522604,12127.619999999999,657.9179023508137,7895.014828209765,VIP,715,715
CUST03026,3,8,12126.310000000001,2025-04-24,2026-08-28,4042.103333333334,1365.1566666666668,491,16.366666666666667,0.18329938900203666,12126.310000000001,740.9150712830958,8890.980855397149,VIP,716,716
CUST04254,5,13,12116.86,2025-03-10,2026-07-10,2423.3720000000003,795.252,487,16.233333333333334,0.30800821355236135,12116.86,746.4184804928132,8957.021765913758,VIP,717,717
CUST04304,4,9,12114.01,2025-05-25,2026-07-31,3028.5025,1309.1175,432,14.4,0.2777777777777778,12114.01,841.2506944444444,10095.008333333333,VIP,718,718
CUST01870,5,15,12105.16,2025-01-15,2026-03-30,2421.032,794.816,439,14.633333333333333,0.3416856492027335,12105.16,827.2318906605923,9926.782687927107,VIP,719,719
CUST00994,4,10,12099.73,2025-06-02,2025-11-13,3024.9325,1149.585,164,5.466666666666667,0.7317073170731707,12099.73,2213.365243902439,26560.38292682927,VIP,720,720
CUST01807,5,14,12098.279999999999,2025-06-10,2026-10-16,2419.656,909.384,493,16.433333333333334,0.3042596348884381,12098.279999999999,736.2036511156185,8834.443813387423,VIP,721,721
CUST00628,5,12,12095.75,2024-11-22,2026-05-01,2419.15,1087.816,525,17.5,0.2857142857142857,12095.75,691.1857142857143,8294.228571428572,VIP,722,722
CUST03217,6,17,12093.369999999999,2024-12-10,2026-04-07,2015.5616666666665,861.44,483,16.1,0.37267080745341613,12093.369999999999,751.1409937888197,9013.691925465837,VIP,723,723
CUST03416,8,15,12093.26,2025-04-01,2026-12-11,1511.6575,953.3675000000001,619,20.633333333333333,0.3877221324717286,12093.26,586.1030694668821,7033.236833602585,VIP,724,724
CUST03100,5,12,12093.12,2025-01-06,2026-07-16,2418.6240000000003,1087.452,556,18.533333333333335,0.2697841726618705,12093.12,652.5064748201439,7830.077697841727,VIP,725,725
CUST04797,4,7,12091.279999999999,2025-03-16,2026-10-17,3022.8199999999997,1344.0525,580,19.333333333333332,0.20689655172413796,12091.279999999999,625.4110344827586,7504.9324137931035,VIP,726,726
CUST02097,4,9,12090.57,2025-05-31,2026-07-10,3022.6425,1299.935,405,13.5,0.2962962962962963,12090.57,895.5977777777778,10747.173333333332,VIP,727,727
CUST01243,5,12,12078.79,2024-12-26,2026-11-02,2415.7580000000003,983.0539999999999,676,22.533333333333335,0.22189349112426035,12078.79,536.040976331361,6432.491715976332,VIP,728,728
CUST02406,3,10,12077.220000000001,2025-05-29,2026-10-18,4025.7400000000002,1180.48,507,16.9,0.1775147928994083,12077.220000000001,714.6284023668641,8575.540828402369,VIP,729,729
CUST02706,5,11,12074.220000000001,2025-04-21,2025-10-09,2414.844,1093.434,171,5.7,0.8771929824561403,12074.220000000001,2118.2842105263157,25419.41052631579,VIP,730,730
CUST00222,4,11,12071.03,2025-01-27,2026-07-07,3017.7575,989.7625,526,17.533333333333335,0.22813688212927755,12071.03,688.4617870722433,8261.54144486692,VIP,731,731
CUST03986,5,11,12067.939999999999,2025-02-23,2026-08-13,2413.5879999999997,1031.718,536,17.866666666666667,0.2798507462686567,12067.939999999999,675.4444029850746,8105.332835820895,VIP,732,732
CUST03321,5,9,12067.689999999999,2025-04-18,2026-10-05,2413.5379999999996,1252.134,535,17.833333333333332,0.28037383177570097,12067.689999999999,676.6928971962617,8120.314766355141,VIP,733,733
CUST01305,3,11,12067.58,2025-05-16,2026-03-15,4022.5266666666666,1111.0433333333333,303,10.1,0.297029702970297,12067.58,1194.809900990099,14337.71881188119,VIP,734,734
CUST02974,4,10,12064.61,2025-03-01,2026-04-19,3016.1525,1104.0075000000002,414,13.8,0.2898550724637681,12064.61,874.2471014492753,10490.965217391304,VIP,735,735
CUST01953,7,14,12061.28,2024-12-01,2026-09-30,1723.0400000000002,893.2828571428571,668,22.266666666666666,0.31437125748503,12061.28,541.674251497006,6500.091017964072,VIP,736,736
CUST03489,5,13,12059.03,2026-02-04,2026-09-14,2411.806,886.0799999999999,222,7.4,0.6756756756756757,12059.03,1629.5986486486486,19555.18378378378,VIP,737,737
CUST00616,2,9,12057.119999999999,2025-08-26,2026-04-17,6028.5599999999995,1263.595,234,7.8,0.25641025641025644,12057.119999999999,1545.7846153846153,18549.415384615386,VIP,738,738
CUST03893,4,10,12057.050000000001,2025-04-13,2026-08-02,3014.2625000000003,1185.055,476,15.866666666666667,0.25210084033613445,12057.050000000001,759.8981092436975,9118.77731092437,VIP,739,739
CUST02243,4,9,12042.06,2025-05-01,2025-07-24,3010.515,1077.2549999999999,84,2.8,1.4285714285714286,12042.06,4300.7357142857145,51608.828571428574,VIP,740,740
CUST04745,5,12,12039.01,2025-06-04,2026-02-03,2407.802,1020.7180000000001,244,8.133333333333333,0.6147540983606558,12039.01,1480.2061475409837,17762.473770491804,VIP,741,741
CUST03710,5,12,12029.2,2025-04-28,2026-09-09,2405.84,995.262,499,16.633333333333333,0.30060120240480964,12029.2,723.1983967935872,8678.380761523047,VIP,742,742
CUST02301,4,11,12014.57,2025-03-07,2026-01-25,3003.6425,1142.5625,324,10.8,0.37037037037037035,12014.57,1112.460185185185,13349.522222222222,VIP,743,743
CUST02001,6,13,12007.85,2025-01-14,2026-09-07,2001.3083333333334,935.4050000000001,601,20.033333333333335,0.29950083194675536,12007.85,599.3935108153078,7192.722129783693,VIP,744,744
CUST04696,5,13,12005.53,2025-10-01,2026-06-29,2401.106,967.9100000000001,271,9.033333333333333,0.5535055350553506,12005.53,1329.0254612546125,15948.305535055351,VIP,745,745
CUST00584,4,11,12001.2,2025-06-22,2026-10-02,3000.3,1054.68,467,15.566666666666666,0.2569593147751606,12001.2,770.9550321199144,9251.460385438973,VIP,746,746
CUST04697,2,7,11994.61,2026-01-18,2026-03-18,5997.305,1694.59,59,1.9666666666666666,1.0169491525423728,11994.61,6098.954237288136,73187.45084745763,VIP,747,747
CUST00127,6,15,11993.48,2025-01-27,2026-09-23,1998.9133333333332,908.9616666666667,604,20.133333333333333,0.2980132450331126,11993.48,595.7026490066226,7148.431788079471,VIP,748,748
CUST02198,4,12,11980.6,2025-01-16,2026-06-05,2995.15,1129.1125,505,16.833333333333332,0.23762376237623764,11980.6,711.7188118811882,8540.625742574259,VIP,749,749
CUST00553,6,14,11976.02,2024-12-22,2026-12-25,1996.0033333333333,922.57,733,24.433333333333334,0.24556616643929058,11976.02,490.1508867667122,5881.810641200546,VIP,750,750
CUST00408,8,14,11972.58,2025-02-10,2026-12-19,1496.5725,873.5525,677,22.566666666666666,0.35450516986706054,11972.58,530.5426883308714,6366.512259970457,VIP,751,751
CUST04216,4,9,11969.84,2024-12-09,2025-06-07,2992.46,1004.1949999999999,180,6.0,0.6666666666666666,11969.84,1994.9733333333334,23939.68,VIP,752,752
CUST01754,6,11,11964.8,2025-01-20,2026-02-19,1994.1333333333332,1156.075,395,13.166666666666666,0.4556962025316456,11964.8,908.7189873417722,10904.627848101267,VIP,753,753
CUST02211,4,8,11946.7,2025-05-08,2026-04-25,2986.675,1523.7525,352,11.733333333333333,0.34090909090909094,11946.7,1018.1846590909092,12218.215909090912,VIP,754,754
CUST04635,4,8,11946.05,2025-05-25,2026-09-19,2986.5125,1314.97,482,16.066666666666666,0.24896265560165975,11946.05,743.5300829875519,8922.360995850622,VIP,755,755
CUST01409,3,9,11945.17,2025-07-09,2026-08-25,3981.7233333333334,1426.36,412,13.733333333333333,0.2184466019417476,11945.17,869.793932038835,10437.52718446602,VIP,756,756
CUST04778,3,9,11942.89,2026-03-02,2026-11-15,3980.963333333333,1388.073333333333,258,8.6,0.3488372093023256,11942.89,1388.7081395348837,16664.497674418606,VIP,757,757
CUST00446,6,12,11941.939999999999,2025-01-01,2026-10-23,1990.323333333333,831.8166666666666,660,22.0,0.2727272727272727,11941.939999999999,542.8154545454545,6513.785454545454,VIP,758,758
CUST03034,5,14,11932.17,2024-12-24,2026-10-22,2386.434,980.5219999999999,667,22.233333333333334,0.22488755622188905,11932.17,536.6793103448275,6440.15172413793,VIP,759,759
CUST00919,4,12,11921.130000000001,2025-01-15,2026-08-28,2980.2825000000003,1126.8225,590,19.666666666666668,0.20338983050847456,11921.130000000001,606.1591525423729,7273.909830508475,VIP,760,760
CUST03964,4,12,11916.19,2025-04-12,2026-01-15,2979.0475,1017.9675000000001,278,9.266666666666667,0.4316546762589928,11916.19,1285.9197841726618,15431.037410071942,VIP,761,761
CUST02177,4,12,11916.09,2024-11-17,2026-08-27,2979.0225,1064.2649999999999,648,21.6,0.18518518518518517,11916.09,551.6708333333333,6620.05,VIP,762,762
CUST02357,3,9,11913.58,2024-12-30,2026-10-29,3971.193333333333,1197.84,668,22.266666666666666,0.1347305389221557,11913.58,535.0410179640719,6420.492215568863,VIP,763,763
CUST04022,2,7,11908.0,2025-01-11,2025-03-18,5954.0,1679.71,66,2.2,0.9090909090909091,11908.0,5412.727272727272,64952.727272727265,VIP,764,764
CUST03701,4,10,11897.35,2025-01-11,2026-10-12,2974.3375,1213.305,639,21.3,0.18779342723004694,11897.35,558.5610328638497,6702.732394366197,VIP,765,765
CUST01950,9,16,11895.26,2024-12-23,2026-10-04,1321.6955555555555,817.4622222222222,650,21.666666666666668,0.41538461538461535,11895.26,549.012,6588.143999999999,VIP,766,766
CUST01098,7,15,11872.54,2025-06-29,2026-06-26,1696.077142857143,899.7971428571428,362,12.066666666666666,0.580110497237569,11872.54,983.9121546961327,11806.945856353592,VIP,767,767
CUST02186,5,11,11868.5,2025-02-13,2026-05-03,2373.7,1104.578,444,14.8,0.33783783783783783,11868.5,801.9256756756756,9623.108108108107,VIP,768,768
CUST01990,3,12,11855.61,2024-12-15,2026-09-19,3951.8700000000003,986.3133333333334,643,21.433333333333334,0.13996889580093314,11855.61,553.1388802488336,6637.666562986004,VIP,769,769
CUST04171,4,8,11821.23,2025-04-26,2026-08-18,2955.3075,1434.2675,479,15.966666666666667,0.25052192066805845,11821.23,740.3693110647181,8884.431732776617,VIP,770,770
CUST01021,6,14,11820.1,2025-09-11,2026-11-19,1970.0166666666667,920.5116666666668,434,14.466666666666667,0.4147465437788018,11820.1,817.057603686636,9804.691244239631,VIP,771,771
CUST03613,5,13,11819.76,2024-12-10,2026-10-28,2363.952,871.9200000000001,687,22.9,0.2183406113537118,11819.76,516.1467248908298,6193.760698689957,VIP,772,772
CUST04659,4,12,11819.76,2024-12-24,2026-10-10,2954.94,927.795,655,21.833333333333332,0.183206106870229,11819.76,541.3630534351146,6496.356641221375,VIP,772,772
CUST00752,6,12,11818.48,2024-12-30,2025-10-24,1969.7466666666667,1066.8633333333335,298,9.933333333333334,0.6040268456375839,11818.48,1189.779865771812,14277.358389261743,VIP,774,774
CUST00651,3,7,11804.83,2026-04-01,2026-08-28,3934.943333333333,1534.3333333333333,149,4.966666666666667,0.6040268456375839,11804.83,2376.811409395973,28521.736912751676,VIP,775,775
CUST02944,5,12,11802.42,2024-11-19,2026-04-29,2360.484,1004.8340000000001,526,17.533333333333335,0.28517110266159695,11802.42,673.141825095057,8077.701901140685,VIP,776,776
CUST02462,7,11,11795.099999999999,2024-12-13,2026-09-01,1685.0142857142855,1048.7957142857142,627,20.9,0.3349282296650718,11795.099999999999,564.3588516746411,6772.306220095693,VIP,777,777
CUST04272,4,10,11788.85,2025-03-26,2026-02-28,2947.2125,1321.8200000000002,339,11.3,0.35398230088495575,11788.85,1043.2610619469026,12519.132743362832,VIP,778,778
CUST04763,7,10,11784.62,2025-06-20,2026-03-01,1683.517142857143,1110.5542857142857,254,8.466666666666667,0.8267716535433071,11784.62,1391.884251968504,16702.61102362205,VIP,779,779
CUST00798,3,11,11771.97,2025-02-07,2026-07-10,3923.99,1090.3266666666666,518,17.266666666666666,0.17374517374517376,11771.97,681.7743243243243,8181.291891891891,VIP,780,780
CUST04499,5,10,11761.92,2026-01-16,2026-08-30,2352.384,1112.874,226,7.533333333333333,0.6637168141592921,11761.92,1561.316814159292,18735.801769911504,VIP,781,781
CUST00470,4,11,11756.51,2025-02-21,2026-07-13,2939.1275,942.0074999999999,507,16.9,0.2366863905325444,11756.51,695.6514792899409,8347.817751479291,VIP,782,782
CUST04589,2,8,11756.09,2025-01-24,2025-05-25,5878.045,1358.365,121,4.033333333333333,0.49586776859504134,11756.09,2914.7330578512397,34976.79669421488,VIP,783,783
CUST01905,7,16,11755.39,2025-02-27,2026-03-30,1679.3414285714284,739.1,396,13.2,0.5303030303030303,11755.39,890.5598484848485,10686.718181818182,VIP,784,784
CUST03834,5,12,11750.39,2025-08-02,2026-11-22,2350.078,932.6619999999999,477,15.9,0.31446540880503143,11750.39,739.0182389937106,8868.218867924526,VIP,785,785
CUST01468,4,12,11746.9,2025-02-07,2026-03-18,2936.725,899.25,404,13.466666666666667,0.297029702970297,11746.9,872.2945544554456,10467.534653465347,VIP,786,786
CUST03843,4,11,11739.509999999998,2025-10-06,2026-09-01,2934.8774999999996,1087.98,330,11.0,0.36363636363636365,11739.509999999998,1067.2281818181816,12806.738181818178,VIP,787,787
CUST02765,5,10,11738.79,2025-06-07,2026-10-07,2347.7580000000003,1164.114,487,16.233333333333334,0.30800821355236135,11738.79,723.128747433265,8677.54496919918,VIP,788,788
CUST04712,2,8,11734.439999999999,2025-12-08,2026-10-24,5867.219999999999,1489.1599999999999,320,10.666666666666666,0.1875,11734.439999999999,1100.10375,13201.244999999999,VIP,789,789
CUST00512,3,10,11729.830000000002,2025-04-20,2026-03-23,3909.943333333334,990.04,337,11.233333333333333,0.26706231454005935,11729.830000000002,1044.198516320475,12530.3821958457,VIP,790,790
CUST00807,4,12,11726.16,2024-11-21,2026-02-02,2931.54,885.665,438,14.6,0.273972602739726,11726.16,803.1616438356165,9637.939726027398,VIP,791,791
CUST00500,5,13,11717.38,2024-12-10,2026-07-14,2343.4759999999997,1049.248,581,19.366666666666667,0.25817555938037867,11717.38,605.0282271944922,7260.338726333906,VIP,792,792
CUST02525,6,10,11717.28,2025-01-07,2026-09-29,1952.88,1106.7483333333332,630,21.0,0.2857142857142857,11717.28,557.9657142857143,6695.588571428571,VIP,793,793
CUST04454,6,13,11709.68,2025-01-27,2026-01-21,1951.6133333333335,859.27,359,11.966666666666667,0.5013927576601671,11709.68,978.524791086351,11742.297493036212,VIP,794,794
CUST02153,6,9,11705.47,2025-04-27,2026-09-08,1950.9116666666666,1072.0216666666668,499,16.633333333333333,0.36072144288577157,11705.47,703.7356713426854,8444.828056112225,VIP,795,795
CUST02047,4,9,11705.369999999999,2025-04-08,2026-02-12,2926.3424999999997,1495.9025,310,10.333333333333334,0.3870967741935484,11705.369999999999,1132.7777419354836,13593.332903225804,VIP,796,796
CUST01237,5,11,11701.220000000001,2025-01-15,2026-11-05,2340.244,1061.008,659,21.966666666666665,0.22761760242792112,11701.220000000001,532.6807283763278,6392.168740515934,VIP,797,797
CUST04017,3,8,11701.0,2025-12-12,2026-02-13,3900.3333333333335,1486.8533333333335,63,2.1,1.4285714285714286,11701.0,5571.9047619047615,66862.85714285713,VIP,798,798
CUST00112,4,10,11693.48,2025-01-23,2026-11-03,2923.37,1192.1725000000001,649,21.633333333333333,0.18489984591679506,11693.48,540.5306625577812,6486.367950693374,VIP,799,799
CUST00888,6,11,11682.69,2024-11-12,2026-05-29,1947.115,1163.2533333333333,563,18.766666666666666,0.3197158081705151,11682.69,622.5234458259325,7470.281349911191,VIP,800,800
CUST00530,6,15,11677.19,2025-02-15,2025-10-25,1946.1983333333335,841.7416666666667,252,8.4,0.7142857142857143,11677.19,1390.1416666666667,16681.7,VIP,801,801
CUST03021,4,13,11676.65,2025-01-05,2026-06-27,2919.1625,870.6949999999999,538,17.933333333333334,0.22304832713754646,11676.65,651.114312267658,7813.371747211895,VIP,802,802
CUST00740,4,9,11675.41,2025-01-03,2026-07-11,2918.8525,1298.235,554,18.466666666666665,0.21660649819494587,11675.41,632.2424187725633,7586.909025270759,VIP,803,803
CUST01588,4,8,11670.84,2025-10-24,2026-08-28,2917.71,1180.1875,308,10.266666666666667,0.3896103896103896,11670.84,1136.7701298701297,13641.241558441558,VIP,804,804
CUST02550,3,7,11669.789999999999,2025-05-20,2026-04-07,3889.93,1467.756666666667,322,10.733333333333333,0.27950310559006214,11669.789999999999,1087.2475155279503,13046.970186335404,VIP,805,805
CUST04064,4,11,11668.55,2025-03-01,2026-05-15,2917.1375,1169.6174999999998,440,14.666666666666666,0.27272727272727276,11668.55,795.5829545454545,9546.995454545455,VIP,806,806
CUST02313,6,12,11653.63,2024-11-21,2026-10-22,1942.2716666666665,1062.3216666666667,700,23.333333333333332,0.2571428571428572,11653.63,499.4412857142857,5993.295428571429,VIP,807,807
CUST00206,9,10,11649.69,2025-05-19,2026-10-07,1294.41,1094.0933333333332,506,16.866666666666667,0.5335968379446641,11649.69,690.6930830039526,8288.31699604743,VIP,808,808
CUST02994,6,13,11646.2,2024-11-04,2026-10-26,1941.0333333333335,908.7933333333334,721,24.033333333333335,0.2496532593619972,11646.2,484.58529819694866,5815.023578363383,VIP,809,809
CUST02532,2,9,11631.85,2024-11-25,2026-03-01,5815.925,1309.63,461,15.366666666666667,0.1301518438177874,11631.85,756.9533622559653,9083.440347071584,VIP,810,810
CUST00497,6,13,11630.19,2025-03-23,2026-08-18,1938.365,1069.4166666666667,513,17.1,0.3508771929824561,11630.19,680.1280701754386,8161.536842105263,VIP,811,811
CUST01255,4,16,11612.27,2025-01-30,2026-06-07,2903.0675,744.5575,493,16.433333333333334,0.2434077079107505,11612.27,706.6290060851927,8479.548073022313,VIP,812,812
CUST00992,4,10,11611.16,2025-06-04,2026-08-06,2902.79,1222.655,428,14.266666666666667,0.2803738317757009,11611.16,813.8663551401869,9766.396261682243,VIP,813,813
CUST00327,4,8,11601.76,2025-06-30,2025-08-31,2900.44,1485.6375,62,2.066666666666667,1.9354838709677418,11601.76,5613.754838709677,67365.05806451612,VIP,814,814
CUST04562,6,15,11598.470000000001,2025-01-14,2026-10-10,1933.0783333333336,764.9200000000001,634,21.133333333333333,0.28391167192429023,11598.470000000001,548.8235015772872,6585.882018927447,VIP,815,815
CUST00560,7,13,11595.76,2024-12-23,2026-10-14,1656.537142857143,914.6857142857142,660,22.0,0.3181818181818182,11595.76,527.08,6324.960000000001,VIP,816,816
CUST01914,4,14,11591.31,2025-10-04,2026-09-29,2897.8275,829.9325,360,12.0,0.3333333333333333,11591.31,965.9425,11591.31,VIP,817,817
CUST04130,5,9,11590.36,2025-03-02,2026-09-09,2318.072,1245.902,556,18.533333333333335,0.2697841726618705,11590.36,625.3791366906474,7504.549640287769,VIP,818,818
CUST00611,6,12,11585.02,2025-04-19,2026-07-13,1930.8366666666668,1117.0683333333334,450,15.0,0.4,11585.02,772.3346666666667,9268.016000000001,VIP,819,819
CUST00788,6,11,11583.69,2024-11-20,2026-05-20,1930.615,1045.05,546,18.2,0.32967032967032966,11583.69,636.4664835164835,7637.597802197803,VIP,820,820
CUST01699,3,7,11583.14,2025-04-17,2026-08-09,3861.0466666666666,1399.3166666666666,479,15.966666666666667,0.18789144050104384,11583.14,725.4576200417536,8705.491440501042,VIP,821,821
CUST00273,6,14,11579.599999999999,2024-12-23,2026-11-01,1929.9333333333332,802.6816666666667,678,22.6,0.2654867256637168,11579.599999999999,512.3716814159291,6148.460176991149,VIP,822,822
CUST00118,5,10,11568.91,2025-01-08,2026-09-14,2313.782,1002.6060000000001,614,20.466666666666665,0.244299674267101,11568.91,565.2561889250815,6783.0742671009775,VIP,823,823
CUST02475,4,11,11568.61,2025-02-20,2026-02-17,2892.1525,968.595,362,12.066666666666666,0.3314917127071823,11568.61,958.7245856353592,11504.69502762431,VIP,824,824
CUST00909,5,13,11565.02,2025-06-09,2026-09-19,2313.004,872.152,467,15.566666666666666,0.32119914346895073,11565.02,742.934903640257,8915.218843683084,VIP,825,825
CUST02621,5,11,11564.0,2025-01-28,2026-07-23,2312.8,1017.156,541,18.033333333333335,0.277264325323475,11564.0,641.2569316081331,7695.083179297597,VIP,826,826
CUST03586,5,12,11552.73,2025-02-05,2026-07-08,2310.546,907.15,518,17.266666666666666,0.2895752895752896,11552.73,669.077027027027,8028.9243243243245,VIP,827,827
CUST02957,9,13,11529.37,2025-01-19,2026-07-27,1281.0411111111111,1084.6944444444443,554,18.466666666666665,0.4873646209386282,11529.37,624.3341155234658,7492.00938628159,VIP,828,828
CUST00243,5,11,11524.45,2024-12-02,2026-07-15,2304.8900000000003,1098.68,590,19.666666666666668,0.2542372881355932,11524.45,585.9889830508474,7031.8677966101695,VIP,829,829
CUST03269,6,16,11517.36,2024-12-12,2026-10-19,1919.5600000000002,874.7816666666666,676,22.533333333333335,0.2662721893491124,11517.36,511.12544378698226,6133.505325443787,VIP,830,830
CUST02506,8,12,11512.69,2024-11-28,2026-04-24,1439.08625,975.58,512,17.066666666666666,0.46875,11512.69,674.5716796875,8094.860156250001,VIP,831,831
CUST03848,4,9,11509.220000000001,2025-02-23,2026-07-17,2877.3050000000003,1258.8575,509,16.966666666666665,0.23575638506876231,11509.220000000001,678.3430255402752,8140.116306483303,VIP,832,832
CUST02901,3,8,11507.4,2025-01-09,2026-08-12,3835.7999999999997,1325.5433333333333,580,19.333333333333332,0.15517241379310345,11507.4,595.2103448275863,7142.5241379310355,VIP,833,833
CUST04510,3,10,11504.869999999999,2025-10-24,2026-07-10,3834.9566666666665,1226.3066666666666,259,8.633333333333333,0.3474903474903475,11504.869999999999,1332.6104247104247,15991.325096525095,VIP,834,834
CUST04688,5,13,11503.04,2025-03-07,2026-12-06,2300.608,999.4860000000001,639,21.3,0.2347417840375587,11503.04,540.0488262910799,6480.5859154929585,VIP,835,835
CUST00399,7,14,11498.08,2025-03-31,2026-09-26,1642.5828571428572,1014.3742857142857,544,18.133333333333333,0.3860294117647059,11498.08,634.0852941176471,7609.023529411765,VIP,836,836
CUST03930,5,10,11490.32,2025-06-18,2026-10-02,2298.064,1107.658,471,15.7,0.3184713375796179,11490.32,731.8675159235669,8782.410191082803,VIP,837,837
CUST02931,5,8,11488.78,2025-07-06,2026-11-09,2297.7560000000003,1452.52,491,16.366666666666667,0.30549898167006106,11488.78,701.9621181262729,8423.545417515275,VIP,838,838
CUST03798,7,12,11488.48,2024-12-14,2026-08-11,1641.2114285714285,1011.027142857143,605,20.166666666666668,0.3471074380165289,11488.48,569.676694214876,6836.120330578511,VIP,839,839
CUST02403,3,8,11479.71,2025-04-27,2026-05-23,3826.5699999999997,1483.61,391,13.033333333333333,0.23017902813299232,11479.71,880.7961636828644,10569.553964194372,VIP,840,840
CUST04689,3,8,11474.779999999999,2025-02-24,2026-08-09,3824.9266666666663,1450.0199999999998,531,17.7,0.16949152542372883,11474.779999999999,648.2926553672316,7779.51186440678,VIP,841,841
CUST04049,6,18,11466.22,2025-01-19,2026-12-22,1911.0366666666666,689.7433333333333,702,23.4,0.25641025641025644,11466.22,490.0094017094017,5880.112820512821,VIP,842,842
CUST02356,6,11,11465.74,2024-12-20,2026-08-25,1910.9566666666667,966.6166666666667,613,20.433333333333334,0.2936378466557912,11465.74,561.1292006525285,6733.550407830342,VIP,843,843
CUST04361,5,14,11459.66,2025-01-23,2025-04-18,2291.932,692.9399999999999,85,2.8333333333333335,1.7647058823529411,11459.66,4044.585882352941,48535.03058823529,VIP,844,844
CUST00452,3,12,11456.119999999999,2025-04-22,2026-05-29,3818.7066666666665,954.6766666666666,402,13.4,0.22388059701492538,11456.119999999999,854.9343283582089,10259.211940298506,VIP,845,845
CUST01894,3,10,11442.86,2025-06-01,2026-10-07,3814.286666666667,1103.79,493,16.433333333333334,0.18255578093306288,11442.86,696.3200811359027,8355.840973630831,VIP,846,846
CUST01207,5,9,11426.640000000001,2025-02-12,2026-07-30,2285.3280000000004,1399.48,533,17.766666666666666,0.28142589118198874,11426.640000000001,643.150469043152,7717.8056285178245,VIP,847,847
CUST03471,4,10,11425.09,2025-05-03,2025-09-20,2856.2725,1186.8225,140,4.666666666666667,0.8571428571428571,11425.09,2448.2335714285714,29378.80285714286,VIP,848,848
CUST00085,4,9,11424.29,2025-04-08,2026-07-11,2856.0725,1194.5625,459,15.3,0.26143790849673204,11424.29,746.6856209150327,8960.227450980392,VIP,849,849
CUST02600,5,12,11415.3,2025-04-01,2026-09-20,2283.06,866.618,537,17.9,0.2793296089385475,11415.3,637.7262569832402,7652.715083798883,VIP,850,850
CUST00429,5,14,11414.83,2025-05-30,2026-12-06,2282.966,854.72,555,18.5,0.2702702702702703,11414.83,617.0178378378379,7404.214054054055,VIP,851,851
CUST03750,3,7,11411.32,2025-02-19,2026-01-08,3803.773333333333,1576.9800000000002,323,10.766666666666667,0.2786377708978328,11411.32,1059.8749226006191,12718.499071207429,VIP,852,852
CUST00039,4,7,11409.130000000001,2025-08-14,2026-08-23,2852.2825000000003,1599.8400000000001,374,12.466666666666667,0.32085561497326204,11409.130000000001,915.1708556149733,10982.05026737968,VIP,853,853
CUST03202,3,7,11408.99,2025-06-19,2026-09-18,3802.9966666666664,1519.53,456,15.2,0.19736842105263158,11408.99,750.5914473684211,9007.097368421053,VIP,854,854
CUST03913,4,8,11404.68,2025-04-30,2026-09-27,2851.17,1546.5700000000002,515,17.166666666666668,0.23300970873786406,11404.68,664.3502912621359,7972.203495145631,VIP,855,855
CUST03294,5,17,11403.039999999999,2025-05-25,2026-10-16,2280.6079999999997,714.2239999999999,509,16.966666666666665,0.29469548133595286,11403.039999999999,672.0848722986248,8065.018467583497,VIP,856,856
CUST01014,6,11,11401.73,2024-12-27,2026-09-26,1900.2883333333332,1148.095,638,21.266666666666666,0.2821316614420063,11401.73,536.1315047021943,6433.578056426331,VIP,857,857
CUST01085,4,8,11396.810000000001,2025-03-06,2026-08-20,2849.2025000000003,1364.4375,532,17.733333333333334,0.22556390977443608,11396.810000000001,642.6772556390978,7712.127067669173,VIP,858,858
CUST04732,7,10,11395.050000000001,2025-11-16,2026-10-20,1627.8642857142859,1134.9071428571428,338,11.266666666666667,0.621301775147929,11395.050000000001,1011.3949704142012,12136.739644970414,VIP,859,859
CUST04866,6,15,11390.48,2024-11-26,2026-12-14,1898.4133333333332,820.9883333333333,748,24.933333333333334,0.24064171122994651,11390.48,456.8374331550802,5482.0491978609625,VIP,860,860
CUST03225,5,10,11384.83,2024-11-12,2025-07-06,2276.966,1052.104,236,7.866666666666666,0.6355932203389831,11384.83,1447.2241525423728,17366.689830508476,VIP,861,861
CUST01346,6,12,11384.22,2025-07-22,2026-10-27,1897.37,1066.065,462,15.4,0.38961038961038963,11384.22,739.2350649350649,8870.82077922078,VIP,862,862
CUST02015,3,8,11375.960000000001,2026-01-14,2026-09-26,3791.986666666667,1365.2133333333334,255,8.5,0.35294117647058826,11375.960000000001,1338.3482352941178,16060.178823529413,VIP,863,863
CUST01592,5,12,11371.62,2025-01-27,2026-10-04,2274.324,785.748,615,20.5,0.24390243902439024,11371.62,554.7131707317074,6656.558048780488,VIP,864,864
CUST00496,3,9,11370.029999999999,2025-01-30,2026-02-18,3790.0099999999998,1111.51,384,12.8,0.234375,11370.029999999999,888.2835937499999,10659.403124999999,VIP,865,865
CUST00686,6,15,11368.17,2025-03-22,2026-08-02,1894.695,918.4133333333333,498,16.6,0.36144578313253006,11368.17,684.8295180722891,8217.95421686747,VIP,866,866
CUST02598,5,10,11362.25,2025-02-23,2026-03-02,2272.45,1055.08,372,12.4,0.4032258064516129,11362.25,916.3104838709677,10995.725806451612,VIP,867,867
CUST02334,6,14,11360.1,2025-06-14,2026-08-26,1893.3500000000001,1051.9866666666667,438,14.6,0.4109589041095891,11360.1,778.0890410958905,9337.068493150686,VIP,868,868
CUST04682,6,9,11357.109999999999,2025-03-03,2026-09-09,1892.8516666666665,1220.7733333333333,555,18.5,0.32432432432432434,11357.109999999999,613.8978378378378,7366.774054054053,VIP,869,869
CUST01557,4,16,11356.68,2025-01-22,2025-06-11,2839.17,710.45,140,4.666666666666667,0.8571428571428571,11356.68,2433.5742857142855,29202.891428571427,VIP,870,870
CUST04791,5,10,11347.59,2025-09-03,2026-11-11,2269.518,1038.4119999999998,434,14.466666666666667,0.3456221198156682,11347.59,784.3956221198157,9412.747465437787,VIP,871,871
CUST01248,6,12,11341.19,2024-11-26,2026-07-14,1890.1983333333335,883.64,595,19.833333333333332,0.3025210084033614,11341.19,571.824705882353,6861.896470588235,VIP,872,872
CUST01643,7,15,11340.24,2025-04-06,2026-10-06,1620.0342857142857,658.7028571428572,548,18.266666666666666,0.3832116788321168,11340.24,620.8160583941606,7449.792700729927,VIP,873,873
CUST01674,6,13,11336.24,2024-12-26,2026-07-11,1889.3733333333332,1039.8616666666667,562,18.733333333333334,0.32028469750889677,11336.24,605.1373665480427,7261.648398576512,VIP,874,874
CUST03130,5,10,11335.78,2025-05-22,2026-10-02,2267.156,1121.1399999999999,498,16.6,0.3012048192771084,11335.78,682.878313253012,8194.539759036144,VIP,875,875
CUST02068,4,9,11333.04,2025-01-15,2026-09-10,2833.26,1206.825,603,20.1,0.1990049751243781,11333.04,563.8328358208955,6765.994029850746,VIP,876,876
CUST00478,4,9,11327.64,2025-03-27,2026-09-23,2831.91,1305.5149999999999,545,18.166666666666668,0.2201834862385321,11327.64,623.5398165137614,7482.477798165137,VIP,877,877
CUST04475,3,11,11313.5,2025-06-21,2026-08-08,3771.1666666666665,1358.4866666666667,413,13.766666666666667,0.2179176755447942,11313.5,821.8038740920097,9861.646489104116,VIP,878,878
CUST00030,5,13,11312.24,2025-02-23,2026-12-01,2262.448,730.5559999999999,646,21.533333333333335,0.23219814241486067,11312.24,525.3362229102166,6304.034674922599,VIP,879,879
CUST00515,3,8,11311.61,2024-11-15,2026-07-16,3770.536666666667,1439.3999999999999,608,20.266666666666666,0.1480263157894737,11311.61,558.1386513157895,6697.663815789474,VIP,880,880
CUST00450,4,8,11311.380000000001,2024-11-25,2026-04-20,2827.8450000000003,1342.4850000000001,511,17.033333333333335,0.23483365949119372,11311.380000000001,664.0731898238747,7968.878277886497,VIP,881,881
CUST03422,5,10,11309.939999999999,2025-02-13,2026-09-01,2261.988,1100.864,565,18.833333333333332,0.26548672566371684,11309.939999999999,600.5277876106194,7206.333451327433,VIP,882,882
CUST03305,2,8,11308.04,2025-03-30,2025-04-03,5654.02,1413.505,4,0.13333333333333333,2.0,11308.04,11308.04,135696.48,VIP,883,883
CUST00970,8,15,11302.27,2024-12-17,2026-07-05,1412.78375,787.93875,565,18.833333333333332,0.42477876106194695,11302.27,600.1205309734514,7201.446371681417,VIP,884,884
CUST04498,6,11,11300.43,2024-12-15,2026-03-15,1883.405,875.835,455,15.166666666666666,0.39560439560439564,11300.43,745.0832967032967,8940.99956043956,VIP,885,885
CUST00095,2,6,11300.28,2025-02-19,2025-05-04,5650.14,1883.38,74,2.466666666666667,0.8108108108108107,11300.28,4581.1945945945945,54974.33513513513,VIP,886,886
CUST04539,5,10,11299.61,2025-05-03,2026-04-02,2259.922,1087.676,334,11.133333333333333,0.44910179640718567,11299.61,1014.9350299401199,12179.220359281439,VIP,887,887
CUST00485,7,14,11289.470000000001,2025-01-27,2026-09-13,1612.7814285714287,885.3485714285715,594,19.8,0.35353535353535354,11289.470000000001,570.1752525252525,6842.10303030303,VIP,888,888
CUST04126,6,12,11282.0,2025-07-22,2026-08-25,1880.3333333333333,1077.6966666666667,399,13.3,0.45112781954887216,11282.0,848.2706766917292,10179.248120300752,VIP,889,889
CUST02646,2,8,11281.560000000001,2025-04-06,2026-07-20,5640.780000000001,1410.1950000000002,470,15.666666666666666,0.12765957446808512,11281.560000000001,720.0995744680852,8641.194893617023,VIP,890,890
CUST01737,4,9,11266.72,2025-02-05,2026-11-05,2816.68,955.3475,638,21.266666666666666,0.18808777429467086,11266.72,529.7830721003135,6357.396865203762,VIP,891,891
CUST02671,3,9,11247.960000000001,2025-05-21,2026-09-16,3749.32,1377.2066666666667,483,16.1,0.18633540372670807,11247.960000000001,698.6310559006212,8383.572670807454,VIP,892,892
CUST03414,5,11,11239.7,2024-12-01,2026-08-16,2247.94,1084.888,623,20.766666666666666,0.24077046548956663,11239.7,541.2375601926165,6494.8507223113975,VIP,893,893
CUST01226,6,13,11239.25,2025-02-07,2026-09-14,1873.2083333333333,793.6116666666667,584,19.466666666666665,0.3082191780821918,11239.25,577.3587328767123,6928.304794520548,VIP,894,894
CUST03303,4,10,11238.740000000002,2024-12-14,2025-08-21,2809.6850000000004,1035.515,250,8.333333333333334,0.48,11238.740000000002,1348.6488000000002,16183.785600000003,VIP,895,895
CUST04193,5,9,11238.42,2025-05-30,2026-07-23,2247.684,935.5559999999999,419,13.966666666666667,0.35799522673031026,11238.42,804.6601431980907,9655.921718377089,VIP,896,896
CUST01253,4,8,11236.800000000001,2024-12-19,2026-05-28,2809.2000000000003,1110.31,525,17.5,0.22857142857142856,11236.800000000001,642.1028571428573,7705.234285714287,VIP,897,897
CUST01425,4,8,11234.36,2025-04-29,2026-11-30,2808.59,1283.705,580,19.333333333333332,0.20689655172413796,11234.36,581.0875862068966,6973.05103448276,VIP,898,898
CUST01903,4,12,11229.94,2025-02-22,2026-07-20,2807.485,794.13,513,17.1,0.23391812865497075,11229.94,656.7216374269005,7880.6596491228065,VIP,899,899
CUST01180,6,11,11228.13,2025-07-30,2026-11-07,1871.3549999999998,1006.67,465,15.5,0.3870967741935484,11228.13,724.3954838709677,8692.745806451612,VIP,900,900
CUST04291,4,14,11222.73,2025-05-01,2026-09-08,2805.6825,761.2349999999999,495,16.5,0.24242424242424243,11222.73,680.1654545454545,8161.985454545455,VIP,901,901
CUST02845,7,13,11222.44,2024-11-13,2026-08-02,1603.2057142857143,832.9671428571428,627,20.9,0.3349282296650718,11222.44,536.9588516746412,6443.5062200956945,VIP,902,902
CUST01729,6,15,11220.8,2024-12-21,2026-06-14,1870.1333333333332,921.6300000000001,540,18.0,0.3333333333333333,11220.8,623.3777777777777,7480.533333333333,VIP,903,903
CUST00123,4,10,11215.35,2025-08-07,2026-09-10,2803.8375,1193.3525,399,13.3,0.3007518796992481,11215.35,843.2593984962406,10119.112781954887,VIP,904,904
CUST00916,5,12,11213.24,2025-02-11,2026-08-04,2242.648,895.052,539,17.966666666666665,0.2782931354359926,11213.24,624.1135435992579,7489.3625231910955,VIP,905,905
CUST04481,4,7,11199.76,2024-12-24,2026-06-09,2799.94,1341.25,532,17.733333333333334,0.22556390977443608,11199.76,631.5654135338345,7578.7849624060145,VIP,906,906
CUST04987,6,13,11197.15,2024-12-31,2026-06-30,1866.1916666666666,941.2516666666667,546,18.2,0.32967032967032966,11197.15,615.228021978022,7382.736263736264,VIP,907,907
CUST02540,5,11,11193.42,2025-03-03,2026-10-03,2238.684,1047.8600000000001,579,19.3,0.25906735751295334,11193.42,579.9699481865284,6959.639378238341,VIP,908,908
CUST02104,3,12,11184.57,2025-01-04,2025-07-15,3728.19,953.5166666666668,192,6.4,0.46875,11184.57,1747.5890625,20971.06875,VIP,909,909
CUST04374,6,11,11184.460000000001,2024-12-31,2026-07-09,1864.0766666666668,876.225,555,18.5,0.32432432432432434,11184.460000000001,604.5654054054055,7254.784864864866,VIP,910,910
CUST00809,5,12,11181.67,2025-05-19,2025-08-14,2236.334,920.1899999999999,87,2.9,1.7241379310344829,11181.67,3855.748275862069,46268.97931034483,VIP,911,911
CUST01208,6,15,11176.66,2025-02-16,2026-08-15,1862.7766666666666,763.4466666666667,545,18.166666666666668,0.33027522935779813,11176.66,615.228990825688,7382.747889908256,VIP,912,912
CUST01800,4,8,11175.37,2025-01-12,2026-10-11,2793.8425,1289.4875,637,21.233333333333334,0.18838304552590265,11175.37,526.3125588697018,6315.750706436422,VIP,913,913
CUST01493,5,15,11165.85,2025-04-16,2026-03-11,2233.17,874.966,329,10.966666666666667,0.45592705167173253,11165.85,1018.1626139817629,12217.951367781156,VIP,914,914
CUST04967,4,8,11161.51,2025-03-16,2026-10-31,2790.3775,1265.5725,594,19.8,0.20202020202020202,11161.51,563.7126262626263,6764.551515151516,VIP,915,915
CUST01360,4,10,11160.11,2024-12-02,2026-10-27,2790.0275,1022.99,694,23.133333333333333,0.1729106628242075,11160.11,482.4255043227666,5789.106051873199,VIP,916,916
CUST03108,5,11,11152.06,2026-01-19,2026-07-14,2230.412,964.7539999999999,176,5.866666666666666,0.8522727272727273,11152.06,1900.9193181818182,22811.03181818182,VIP,917,917
CUST04583,3,12,11150.02,2025-05-12,2026-07-21,3716.6733333333336,935.3166666666666,435,14.5,0.20689655172413793,11150.02,768.9668965517242,9227.602758620691,VIP,918,918
CUST00410,3,7,11147.34,2025-03-06,2026-10-30,3715.78,1368.8799999999999,603,20.1,0.14925373134328357,11147.34,554.5940298507462,6655.1283582089545,VIP,919,919
CUST01058,7,13,11145.86,2024-12-03,2026-08-17,1592.2657142857145,847.0500000000001,622,20.733333333333334,0.337620578778135,11145.86,537.5816720257235,6450.980064308682,VIP,920,920
CUST03032,4,8,11145.300000000001,2025-01-05,2026-06-10,2786.3250000000003,1387.52,521,17.366666666666667,0.23032629558541265,11145.300000000001,641.763915547025,7701.1669865643,VIP,921,921
CUST02672,5,10,11143.49,2025-01-13,2026-06-23,2228.698,1107.15,526,17.533333333333335,0.28517110266159695,11143.49,635.5602661596957,7626.7231939163485,VIP,922,922
CUST00076,5,10,11142.1,2025-12-24,2026-09-08,2228.42,1064.572,258,8.6,0.5813953488372093,11142.1,1295.5930232558142,15547.11627906977,VIP,923,923
CUST00355,4,9,11140.35,2025-02-08,2026-01-09,2785.0875,1186.0675,335,11.166666666666666,0.35820895522388063,11140.35,997.6432835820897,11971.719402985076,VIP,924,924
CUST02298,5,11,11131.099999999999,2025-04-18,2026-11-18,2226.22,997.168,579,19.3,0.25906735751295334,11131.099999999999,576.740932642487,6920.891191709844,VIP,925,925
CUST03684,2,9,11128.130000000001,2025-10-16,2025-11-30,5564.0650000000005,1249.17,45,1.5,1.3333333333333333,11128.130000000001,7418.753333333334,89025.04000000001,VIP,926,926
CUST01781,4,14,11119.51,2025-04-26,2025-06-18,2779.8775,862.7,53,1.7666666666666666,2.2641509433962264,11119.51,6294.0622641509435,75528.74716981132,VIP,927,927
CUST04274,7,15,11101.14,2025-01-01,2025-11-03,1585.8771428571429,823.6785714285714,306,10.2,0.6862745098039216,11101.14,1088.3470588235293,13060.164705882351,VIP,928,928
CUST03399,3,8,11099.28,2026-01-19,2026-08-29,3699.76,1123.4133333333332,222,7.4,0.4054054054054054,11099.28,1499.9027027027028,17998.832432432435,VIP,929,929
CUST04416,7,10,11097.73,2025-05-06,2026-11-24,1585.3899999999999,1187.3542857142857,567,18.9,0.3703703703703704,11097.73,587.1814814814815,7046.177777777777,VIP,930,930
CUST03948,3,9,11091.59,2026-03-12,2026-06-04,3697.1966666666667,1232.8733333333332,84,2.8,1.0714285714285714,11091.59,3961.2821428571433,47535.385714285716,VIP,931,931
CUST00147,4,10,11086.07,2025-01-13,2026-02-23,2771.5175,1065.8075,406,13.533333333333333,0.2955665024630542,11086.07,819.1677339901478,9830.012807881772,VIP,932,932
CUST03459,4,13,11083.470000000001,2025-01-03,2026-08-20,2770.8675000000003,881.1675,594,19.8,0.20202020202020202,11083.470000000001,559.7712121212122,6717.254545454547,VIP,933,933
CUST03122,4,7,11081.710000000001,2025-04-19,2026-03-29,2770.4275000000002,1204.4275,344,11.466666666666667,0.3488372093023256,11081.710000000001,966.4281976744187,11597.138372093024,VIP,934,934
CUST03707,4,11,11054.71,2024-12-20,2026-04-03,2763.6775,1023.5925,469,15.633333333333333,0.255863539445629,11054.71,707.1243070362473,8485.491684434968,VIP,935,935
CUST01650,5,9,11043.73,2025-08-30,2026-11-21,2208.746,1033.202,448,14.933333333333334,0.33482142857142855,11043.73,739.5354910714285,8874.425892857142,VIP,936,936
CUST03012,4,9,11042.21,2024-12-01,2026-07-16,2760.5525,1192.915,592,19.733333333333334,0.2027027027027027,11042.21,559.5714527027027,6714.857432432433,VIP,937,937
CUST00769,5,12,11036.779999999999,2025-01-10,2026-06-22,2207.3559999999998,967.7279999999998,528,17.6,0.28409090909090906,11036.779999999999,627.0897727272726,7525.077272727271,VIP,938,938
CUST01564,5,10,11034.689999999999,2024-11-15,2026-04-19,2206.9379999999996,1023.634,520,17.333333333333332,0.2884615384615385,11034.689999999999,636.6167307692307,7639.400769230768,VIP,939,939
CUST04822,2,6,11033.5,2025-04-25,2025-10-30,5516.75,1680.5249999999999,188,6.266666666666667,0.3191489361702128,11033.5,1760.6648936170213,21127.978723404256,VIP,940,940
CUST04830,3,9,11025.11,2025-11-11,2026-11-24,3675.036666666667,1026.11,378,12.6,0.2380952380952381,11025.11,875.0087301587303,10500.104761904764,VIP,941,941
CUST04666,4,10,11024.25,2024-12-09,2026-11-12,2756.0625,965.8275,703,23.433333333333334,0.17069701280227595,11024.25,470.4516358463727,5645.4196301564725,VIP,942,942
CUST01989,3,11,11015.650000000001,2025-05-30,2026-06-14,3671.8833333333337,968.7800000000001,380,12.666666666666666,0.2368421052631579,11015.650000000001,869.6565789473685,10435.878947368423,VIP,943,943
CUST01828,4,9,11013.26,2025-05-26,2026-06-22,2753.315,1117.5125,392,13.066666666666666,0.30612244897959184,11013.26,842.8515306122449,10114.218367346939,VIP,944,944
CUST02018,4,10,11005.470000000001,2025-05-07,2026-10-19,2751.3675000000003,1114.0325,530,17.666666666666668,0.22641509433962262,11005.470000000001,622.9511320754717,7475.41358490566,VIP,945,945
CUST03039,5,8,11004.3,2025-01-24,2026-09-15,2200.8599999999997,1435.482,599,19.966666666666665,0.25041736227045075,11004.3,551.1335559265442,6613.60267111853,VIP,946,946
CUST04010,6,10,11002.37,2025-02-24,2026-05-22,1833.7283333333335,958.3333333333334,452,15.066666666666666,0.39823008849557523,11002.37,730.2457964601771,8762.949557522124,VIP,947,947
CUST03610,5,13,11000.77,2025-02-23,2026-12-04,2200.154,854.116,649,21.633333333333333,0.23112480739599384,11000.77,508.51016949152546,6102.122033898306,VIP,948,948
CUST04325,3,7,10995.9,2025-08-02,2025-09-12,3665.2999999999997,1065.3666666666666,41,1.3666666666666667,2.1951219512195124,10995.9,8045.780487804877,96549.36585365853,VIP,949,949
CUST04386,6,11,10993.8,2024-11-28,2026-10-30,1832.3,1128.5433333333333,701,23.366666666666667,0.25677603423680456,10993.8,470.49072753209697,5645.888730385163,VIP,950,950
CUST04537,4,10,10992.8,2025-09-22,2026-07-28,2748.2,1245.125,309,10.3,0.3883495145631068,10992.8,1067.26213592233,12807.145631067959,VIP,951,951
CUST01532,5,12,10988.130000000001,2025-10-19,2026-08-25,2197.626,948.2,310,10.333333333333334,0.48387096774193544,10988.130000000001,1063.3674193548388,12760.409032258067,VIP,952,952
CUST02711,5,9,10985.050000000001,2025-11-15,2026-03-06,2197.01,1275.852,111,3.7,1.3513513513513513,10985.050000000001,2968.9324324324325,35627.18918918919,VIP,953,953
CUST02597,6,11,10977.8,2025-03-02,2026-09-27,1829.6333333333332,999.895,574,19.133333333333333,0.31358885017421606,10977.8,573.7526132404181,6885.031358885017,VIP,954,954
CUST02002,4,13,10970.09,2025-04-10,2026-08-11,2742.5225,898.8325,488,16.266666666666666,0.24590163934426232,10970.09,674.3907786885246,8092.689344262295,VIP,955,955
CUST00555,4,7,10969.98,2025-07-20,2026-08-01,2742.495,1415.225,377,12.566666666666666,0.3183023872679045,10969.98,872.9427055702918,10475.312466843501,VIP,956,956
CUST00547,4,9,10969.46,2025-02-14,2025-12-18,2742.365,1325.1725,307,10.233333333333333,0.39087947882736157,10969.46,1071.9342019543974,12863.210423452769,VIP,957,957
CUST00908,2,9,10967.869999999999,2025-09-28,2026-02-25,5483.9349999999995,1197.58,150,5.0,0.4,10967.869999999999,2193.5739999999996,26322.887999999995,VIP,958,958
CUST02170,4,10,10963.33,2025-03-05,2026-07-01,2740.8325,1176.11,483,16.1,0.24844720496894407,10963.33,680.9521739130435,8171.426086956521,VIP,959,959
CUST00167,3,8,10961.85,2025-04-18,2025-09-12,3653.9500000000003,1490.8633333333335,147,4.9,0.6122448979591836,10961.85,2237.112244897959,26845.34693877551,VIP,960,960
CUST00816,4,9,10961.64,2025-07-14,2026-08-06,2740.41,1162.745,388,12.933333333333334,0.30927835051546393,10961.64,847.5494845360824,10170.593814432988,VIP,961,961
CUST02830,3,9,10957.89,2025-01-19,2026-10-07,3652.6299999999997,1217.5433333333333,626,20.866666666666667,0.14376996805111822,10957.89,525.1384984025559,6301.661980830671,VIP,962,962
CUST03191,4,8,10957.46,2025-03-05,2026-06-22,2739.365,1269.8249999999998,474,15.8,0.2531645569620253,10957.46,693.5101265822784,8322.12151898734,VIP,963,963
CUST04185,7,10,10951.439999999999,2024-12-20,2026-09-17,1564.4914285714283,1123.0414285714285,636,21.2,0.33018867924528306,10951.439999999999,516.577358490566,6198.928301886792,VIP,964,964
CUST03377,5,10,10942.39,2025-03-11,2026-07-18,2188.478,1121.218,494,16.466666666666665,0.3036437246963563,10942.39,664.5176113360325,7974.211336032389,VIP,965,965
CUST01969,4,11,10935.05,2025-09-07,2026-08-12,2733.7625,1016.9375,339,11.3,0.35398230088495575,10935.05,967.7035398230087,11612.442477876104,VIP,966,966
CUST00847,3,8,10929.359999999999,2025-03-14,2025-08-23,3643.1199999999994,1114.64,162,5.4,0.5555555555555555,10929.359999999999,2023.9555555555553,24287.466666666664,VIP,967,967
CUST03176,4,12,10927.77,2025-01-03,2025-12-04,2731.9425,1012.8475000000001,335,11.166666666666666,0.35820895522388063,10927.77,978.6062686567166,11743.275223880599,VIP,968,968
CUST03196,3,11,10927.289999999999,2025-01-24,2025-10-15,3642.43,815.6233333333333,264,8.8,0.3409090909090909,10927.289999999999,1241.7374999999997,14900.849999999997,VIP,969,969
CUST00734,4,8,10917.24,2025-02-10,2026-04-20,2729.31,1252.485,434,14.466666666666667,0.2764976958525346,10917.24,754.647926267281,9055.775115207372,VIP,970,970
CUST03635,5,14,10912.9,2025-04-23,2026-11-14,2182.58,850.99,570,19.0,0.2631578947368421,10912.9,574.3631578947368,6892.357894736841,VIP,971,971
CUST04105,5,11,10909.15,2025-01-17,2026-08-26,2181.83,1051.146,586,19.533333333333335,0.25597269624573377,10909.15,558.4889078498293,6701.866894197951,VIP,972,972
CUST01332,5,10,10906.51,2025-01-13,2026-07-23,2181.302,1074.284,556,18.533333333333335,0.2697841726618705,10906.51,588.4807553956834,7061.769064748201,VIP,973,973
CUST04704,3,12,10899.09,2025-07-12,2026-06-09,3633.03,985.4699999999999,332,11.066666666666666,0.2710843373493976,10899.09,984.857530120482,11818.290361445785,VIP,974,974
CUST03284,4,11,10895.2,2025-05-31,2026-03-03,2723.8,1105.25,276,9.2,0.4347826086956522,10895.2,1184.2608695652175,14211.13043478261,VIP,975,975
CUST01743,6,11,10891.24,2025-02-08,2026-08-13,1815.2066666666667,1024.6233333333332,551,18.366666666666667,0.32667876588021777,10891.24,592.9894736842105,7115.873684210525,VIP,976,976
CUST03788,4,11,10886.59,2025-07-05,2026-04-05,2721.6475,984.6525,274,9.133333333333333,0.43795620437956206,10886.59,1191.9624087591242,14303.54890510949,VIP,977,977
CUST03940,4,9,10883.87,2024-12-15,2026-12-01,2720.9675,1075.58,716,23.866666666666667,0.16759776536312848,10883.87,456.02807262569837,5472.336871508381,VIP,978,978
CUST02441,5,17,10875.58,2025-01-18,2026-03-21,2175.116,610.8,427,14.233333333333333,0.351288056206089,10875.58,764.0922716627636,9169.107259953162,VIP,979,979
CUST04545,8,13,10867.98,2025-01-14,2026-08-29,1358.4975,896.9775,592,19.733333333333334,0.4054054054054054,10867.98,550.7422297297297,6608.906756756756,VIP,980,980
CUST00358,5,12,10866.17,2025-01-21,2026-06-15,2173.234,1024.484,510,17.0,0.29411764705882354,10866.17,639.1864705882354,7670.237647058824,VIP,981,981
CUST03454,5,13,10861.61,2025-01-02,2026-10-28,2172.322,824.726,664,22.133333333333333,0.22590361445783133,10861.61,490.7353915662651,5888.824698795181,VIP,982,982
CUST02580,3,7,10860.64,2025-05-26,2025-11-27,3620.213333333333,1093.0666666666666,185,6.166666666666667,0.48648648648648646,10860.64,1761.1848648648647,21134.218378378377,VIP,983,983
CUST01867,3,10,10857.23,2025-09-11,2026-11-08,3619.0766666666664,1200.32,423,14.1,0.2127659574468085,10857.23,770.0163120567375,9240.19574468085,VIP,984,984
CUST02943,6,11,10856.39,2025-06-06,2026-10-13,1809.3983333333333,965.1150000000001,494,16.466666666666665,0.3643724696356276,10856.39,659.2949392712551,7911.539271255061,VIP,985,985
CUST04892,5,15,10853.15,2024-11-18,2026-08-19,2170.63,714.082,639,21.3,0.2347417840375587,10853.15,509.53755868544596,6114.450704225352,VIP,986,986
CUST04007,5,12,10840.93,2025-04-05,2026-11-07,2168.186,920.826,581,19.366666666666667,0.25817555938037867,10840.93,559.7726333907057,6717.2716006884675,VIP,987,987
CUST04039,3,10,10840.69,2025-06-15,2026-03-04,3613.5633333333335,1082.5566666666666,262,8.733333333333333,0.3435114503816794,10840.69,1241.3003816793896,14895.604580152674,VIP,988,988
CUST01175,4,13,10839.35,2024-12-29,2025-09-05,2709.8375,708.0425,250,8.333333333333334,0.48,10839.35,1300.722,15608.664,VIP,989,989
CUST02292,5,10,10837.43,2025-02-25,2026-07-12,2167.486,1007.8860000000001,502,16.733333333333334,0.298804780876494,10837.43,647.6551792828685,7771.862151394422,VIP,990,990
CUST03060,5,16,10832.0,2025-06-13,2026-10-25,2166.4,848.0040000000001,499,16.633333333333333,0.30060120240480964,10832.0,651.2224448897796,7814.669338677355,VIP,991,991
CUST04336,3,9,10830.33,2026-04-27,2026-11-18,3610.11,1203.3700000000001,205,6.833333333333333,0.43902439024390244,10830.33,1584.9263414634147,19019.116097560975,VIP,992,992
CUST04552,3,9,10827.59,2025-02-19,2026-02-08,3609.1966666666667,1116.2733333333333,354,11.8,0.2542372881355932,10827.59,917.5923728813559,11011.108474576271,VIP,993,993
CUST01234,3,8,10821.61,2026-02-24,2026-07-02,3607.2033333333334,1310.65,128,4.266666666666667,0.703125,10821.61,2536.3148437500004,30435.778125000004,VIP,994,994
CUST03615,4,11,10812.619999999999,2026-04-24,2026-09-17,2703.1549999999997,1033.7775,146,4.866666666666666,0.8219178082191781,10812.619999999999,2221.7712328767125,26661.25479452055,VIP,995,995
CUST01651,5,13,10793.02,2024-12-24,2026-04-19,2158.6040000000003,823.3220000000001,481,16.033333333333335,0.3118503118503118,10793.02,673.1613305613305,8077.935966735966,VIP,996,996
CUST00791,5,9,10791.01,2025-01-17,2026-05-31,2158.202,1074.766,499,16.633333333333333,0.30060120240480964,10791.01,648.758116232465,7785.09739478958,VIP,997,997
CUST03261,2,7,10790.72,2025-04-13,2025-10-13,5395.36,1503.6,183,6.1,0.3278688524590164,10790.72,1768.9704918032787,21227.645901639346,VIP,998,998
CUST03779,5,9,10790.11,2025-05-30,2026-10-16,2158.022,1279.056,504,16.8,0.2976190476190476,10790.11,642.2684523809523,7707.221428571428,VIP,999,999
CUST03606,3,7,10788.119999999999,2025-02-13,2026-10-14,3596.0399999999995,1553.5666666666666,608,20.266666666666666,0.1480263157894737,10788.119999999999,532.3085526315789,6387.702631578946,VIP,1000,1000
CUST00545,4,10,10787.32,2025-05-29,2025-12-28,2696.83,961.69,213,7.1,0.5633802816901409,10787.32,1519.3408450704226,18232.09014084507,VIP,1001,1001
CUST04061,4,12,10783.75,2025-05-05,2026-08-21,2695.9375,1039.7775000000001,473,15.766666666666667,0.2536997885835095,10783.75,683.9587737843551,8207.505285412262,VIP,1002,1002
CUST01852,5,9,10783.05,2024-11-16,2025-07-24,2156.6099999999997,1003.2299999999999,250,8.333333333333334,0.6,10783.05,1293.966,15527.591999999999,VIP,1003,1003
CUST03322,6,11,10782.990000000002,2025-03-07,2026-09-15,1797.1650000000002,1145.97,557,18.566666666666666,0.3231597845601436,10782.990000000002,580.7714542190306,6969.257450628367,VIP,1004,1004
CUST04207,2,7,10778.68,2025-01-31,2025-05-01,5389.34,1611.2849999999999,90,3.0,0.6666666666666666,10778.68,3592.8933333333334,43114.72,VIP,1005,1005
CUST01076,5,11,10775.65,2025-01-28,2026-05-23,2155.13,773.754,480,16.0,0.3125,10775.65,673.478125,8081.737499999999,VIP,1006,1006
CUST00604,5,14,10774.23,2025-08-23,2026-06-24,2154.846,797.938,305,10.166666666666666,0.49180327868852464,10774.23,1059.7603278688525,12717.12393442623,VIP,1007,1007
CUST03850,7,12,10772.37,2025-01-08,2026-06-05,1538.91,912.6285714285714,513,17.1,0.4093567251461988,10772.37,629.9631578947368,7559.557894736841,VIP,1008,1008
CUST03529,6,13,10769.7,2025-02-27,2026-10-12,1794.95,994.9483333333334,592,19.733333333333334,0.30405405405405406,10769.7,545.7618243243244,6549.141891891893,VIP,1009,1009
CUST02905,6,17,10769.1,2024-12-07,2026-11-08,1794.8500000000001,618.26,701,23.366666666666667,0.25677603423680456,10769.1,460.8744650499287,5530.4935805991445,VIP,1010,1010
CUST04326,5,8,10765.52,2024-11-25,2026-04-30,2153.1040000000003,1164.67,521,17.366666666666667,0.28790786948176583,10765.52,619.895585412668,7438.747024952016,VIP,1011,1011
CUST04896,4,8,10752.52,2024-11-25,2026-01-18,2688.13,1190.93,419,13.966666666666667,0.2863961813842482,10752.52,769.8701670644392,9238.442004773271,VIP,1012,1012
CUST03715,4,9,10751.64,2025-01-28,2026-10-29,2687.91,1161.8,639,21.3,0.18779342723004694,10751.64,504.77183098591547,6057.261971830985,VIP,1013,1013
CUST02494,5,10,10746.78,2024-12-25,2025-09-26,2149.356,1062.342,275,9.166666666666666,0.5454545454545455,10746.78,1172.3760000000002,14068.512000000002,VIP,1014,1014
CUST00294,3,11,10743.51,2025-03-31,2025-07-21,3581.17,873.7533333333334,112,3.7333333333333334,0.8035714285714286,10743.51,2877.7258928571428,34532.71071428571,VIP,1015,1015
CUST04438,6,10,10741.7,2025-07-04,2026-06-13,1790.2833333333335,1090.9616666666668,344,11.466666666666667,0.5232558139534884,10741.7,936.7761627906978,11241.313953488374,VIP,1016,1016
CUST00075,3,9,10738.970000000001,2025-03-14,2025-06-11,3579.656666666667,1043.6433333333332,89,2.966666666666667,1.0112359550561798,10738.970000000001,3619.877528089888,43438.53033707866,VIP,1017,1017
CUST01019,5,13,10736.63,2024-12-29,2026-08-03,2147.326,831.0780000000001,582,19.4,0.2577319587628866,10736.63,553.4345360824742,6641.214432989691,VIP,1018,1018
CUST02793,4,7,10734.45,2025-11-23,2026-10-15,2683.6125,1345.3425,326,10.866666666666667,0.36809815950920244,10734.45,987.8328220858896,11853.993865030676,VIP,1019,1019
CUST01980,6,13,10727.68,2025-01-11,2025-11-29,1787.9466666666667,925.9483333333333,322,10.733333333333333,0.5590062111801243,10727.68,999.4732919254659,11993.679503105592,VIP,1020,1020
CUST01025,7,17,10726.87,2024-12-27,2026-10-05,1532.41,618.7757142857143,647,21.566666666666666,0.32457496136012365,10726.87,497.38191653786714,5968.582998454405,VIP,1021,1021
CUST02938,4,11,10722.19,2025-05-11,2026-11-04,2680.5475,841.0,542,18.066666666666666,0.22140221402214022,10722.19,593.479151291513,7121.749815498155,VIP,1022,1022
CUST00652,4,9,10715.830000000002,2025-01-23,2026-10-02,2678.9575000000004,1087.0225,617,20.566666666666666,0.19448946515397084,10715.830000000002,521.0290113452189,6252.3481361426275,VIP,1023,1023
CUST02297,4,8,10714.990000000002,2024-12-06,2026-01-07,2678.7475000000004,1548.4025000000001,397,13.233333333333333,0.3022670025188917,10714.990000000002,809.696977329975,9716.363727959699,VIP,1024,1024
CUST03506,7,13,10712.19,2025-02-02,2026-09-04,1530.3128571428572,827.0342857142857,579,19.3,0.3626943005181347,10712.19,555.0357512953368,6660.429015544041,VIP,1025,1025
CUST00351,2,7,10702.89,2025-08-21,2025-11-27,5351.445,1460.2450000000001,98,3.2666666666666666,0.6122448979591837,10702.89,3276.3948979591837,39316.7387755102,VIP,1026,1026
CUST00239,6,9,10693.58,2025-05-04,2026-11-11,1782.2633333333333,1008.8383333333333,556,18.533333333333335,0.3237410071942446,10693.58,576.991726618705,6923.9007194244605,VIP,1027,1027
CUST00058,4,10,10691.79,2025-05-26,2025-12-11,2672.9475,1135.1575,199,6.633333333333334,0.6030150753768844,10691.79,1611.8276381909548,19341.931658291458,VIP,1028,1028
CUST00796,3,7,10687.439999999999,2024-12-09,2026-07-30,3562.4799999999996,1489.4366666666665,598,19.933333333333334,0.1505016722408027,10687.439999999999,536.1591973244147,6433.910367892976,VIP,1029,1029
CUST04399,6,10,10684.26,2025-05-21,2026-01-03,1780.71,1181.2966666666666,227,7.566666666666666,0.7929515418502203,10684.26,1412.0167400881057,16944.20088105727,VIP,1030,1030
CUST03068,5,12,10683.619999999999,2025-02-20,2025-10-29,2136.7239999999997,950.374,251,8.366666666666667,0.597609561752988,10683.619999999999,1276.9266932270914,15323.120318725098,VIP,1031,1031
CUST02685,5,10,10683.21,2025-03-15,2026-11-05,2136.642,967.6479999999999,600,20.0,0.25,10683.21,534.1605,6409.9259999999995,VIP,1032,1032
CUST03988,7,11,10681.1,2025-02-02,2026-05-08,1525.8714285714286,909.1,460,15.333333333333334,0.45652173913043476,10681.1,696.5934782608696,8359.121739130434,VIP,1033,1033
CUST00656,5,7,10677.01,2024-11-30,2026-09-20,2135.402,1259.766,659,21.966666666666665,0.22761760242792112,10677.01,486.0550834597876,5832.661001517452,VIP,1034,1034
CUST02579,4,12,10675.43,2025-01-29,2025-11-26,2668.8575,876.24,301,10.033333333333333,0.39867109634551495,10675.43,1063.9963455149502,12767.956146179404,VIP,1035,1035
CUST02993,5,8,10669.689999999999,2025-06-03,2026-06-25,2133.9379999999996,1353.8319999999999,387,12.9,0.38759689922480617,10669.689999999999,827.1077519379844,9925.293023255814,VIP,1036,1036
CUST03871,2,9,10664.77,2025-12-07,2026-01-12,5332.385,1172.5549999999998,36,1.2,1.6666666666666667,10664.77,8887.308333333334,106647.70000000001,VIP,1037,1037
CUST01447,2,5,10664.53,2025-06-13,2026-06-20,5332.265,1828.79,372,12.4,0.16129032258064516,10664.53,860.042741935484,10320.512903225808,VIP,1038,1038
CUST03600,6,12,10662.91,2025-08-29,2026-08-22,1777.1516666666666,783.7783333333333,358,11.933333333333334,0.5027932960893855,10662.91,893.5399441340782,10722.479329608937,VIP,1039,1039
CUST03821,4,10,10658.59,2025-01-11,2026-11-05,2664.6475,872.375,663,22.1,0.18099547511312217,10658.59,482.2891402714932,5787.469683257918,VIP,1040,1040
CUST00751,5,9,10655.1,2025-07-12,2026-05-22,2131.02,1138.036,314,10.466666666666667,0.47770700636942676,10655.1,1018.0031847133758,12216.03821656051,VIP,1041,1041
CUST04785,5,11,10645.07,2025-03-05,2026-10-08,2129.014,1069.316,582,19.4,0.2577319587628866,10645.07,548.7149484536083,6584.579381443299,VIP,1042,1042
CUST04556,4,10,10644.44,2024-12-11,2026-07-19,2661.11,1017.12,585,19.5,0.20512820512820512,10644.44,545.868717948718,6550.424615384616,VIP,1043,1043
CUST03387,5,12,10644.43,2025-03-24,2026-10-29,2128.886,1047.508,584,19.466666666666665,0.2568493150684932,10644.43,546.8029109589041,6561.634931506849,VIP,1044,1044
CUST04012,4,8,10643.37,2024-12-07,2025-12-20,2660.8425,1173.4724999999999,378,12.6,0.31746031746031744,10643.37,844.7119047619049,10136.542857142858,VIP,1045,1045
CUST04691,4,8,10632.390000000001,2025-03-20,2026-04-29,2658.0975000000003,1320.3775,405,13.5,0.2962962962962963,10632.390000000001,787.5844444444446,9451.013333333334,VIP,1046,1046
CUST01004,4,9,10631.949999999999,2026-03-24,2026-10-25,2657.9874999999997,1254.15,215,7.166666666666667,0.5581395348837209,10631.949999999999,1483.527906976744,17802.334883720927,VIP,1047,1047
CUST01287,5,10,10630.67,2025-07-07,2026-11-01,2126.134,956.682,482,16.066666666666666,0.3112033195020747,10630.67,661.659958506224,7939.919502074688,VIP,1048,1048
CUST01922,3,10,10630.32,2025-08-28,2026-08-13,3543.44,1146.4199999999998,350,11.666666666666666,0.2571428571428572,10630.32,911.1702857142857,10934.04342857143,VIP,1049,1049
CUST00659,4,10,10629.01,2024-12-27,2026-08-04,2657.2525,997.73,585,19.5,0.20512820512820512,10629.01,545.0774358974359,6540.92923076923,VIP,1050,1050
CUST03492,7,17,10626.95,2025-02-14,2026-09-17,1518.1357142857144,779.132857142857,580,19.333333333333332,0.3620689655172414,10626.95,549.669827586207,6596.037931034484,VIP,1051,1051
CUST03818,3,9,10624.41,2025-07-24,2026-08-23,3541.47,1154.0266666666666,395,13.166666666666666,0.2278481012658228,10624.41,806.9172151898734,9683.006582278482,VIP,1052,1052
CUST01512,5,12,10624.21,2025-04-26,2026-09-17,2124.8419999999996,1033.8880000000001,509,16.966666666666665,0.29469548133595286,10624.21,626.1813359528487,7514.176031434185,VIP,1053,1053
CUST02603,4,13,10618.36,2024-12-29,2026-08-23,2654.59,870.2125000000001,602,20.066666666666666,0.19933554817275748,10618.36,529.1541528239203,6349.849833887043,VIP,1054,1054
CUST02017,5,14,10614.68,2025-06-20,2026-06-08,2122.936,799.274,353,11.766666666666667,0.4249291784702549,10614.68,902.0974504249291,10825.16940509915,VIP,1055,1055
CUST02397,4,10,10611.789999999999,2025-01-09,2026-09-04,2652.9474999999998,1186.8525,603,20.1,0.1990049751243781,10611.789999999999,527.9497512437811,6335.397014925373,VIP,1056,1056
CUST03396,4,7,10608.24,2024-12-21,2026-09-10,2652.06,1286.6925,628,20.933333333333334,0.19108280254777069,10608.24,506.76305732484076,6081.156687898089,VIP,1057,1057
CUST02692,4,11,10606.32,2025-08-07,2026-04-21,2651.58,1009.2325,257,8.566666666666666,0.4669260700389105,10606.32,1238.0918287937743,14857.101945525292,VIP,1058,1058
CUST04390,4,14,10602.67,2025-03-06,2026-04-14,2650.6675,671.855,404,13.466666666666667,0.297029702970297,10602.67,787.3269801980198,9447.923762376238,VIP,1059,1059
CUST01086,6,16,10598.77,2026-01-06,2026-10-24,1766.4616666666668,647.3516666666667,291,9.7,0.6185567010309279,10598.77,1092.656701030928,13111.880412371134,VIP,1060,1060
CUST04109,4,11,10595.2,2024-11-22,2026-11-04,2648.8,1020.3824999999999,712,23.733333333333334,0.16853932584269662,10595.2,446.42696629213486,5357.123595505618,VIP,1061,1061
CUST00448,5,13,10589.029999999999,2025-05-10,2026-10-27,2117.8059999999996,939.6,535,17.833333333333332,0.28037383177570097,10589.029999999999,593.7773831775701,7125.328598130841,VIP,1062,1062
CUST00646,4,11,10587.51,2026-02-01,2026-10-23,2646.8775,1033.6200000000001,264,8.8,0.45454545454545453,10587.51,1203.1261363636363,14437.513636363636,VIP,1063,1063
CUST02294,6,11,10583.64,2025-06-12,2026-04-18,1763.9399999999998,927.8016666666666,310,10.333333333333334,0.5806451612903225,10583.64,1024.2232258064514,12290.678709677417,VIP,1064,1064
CUST03067,4,10,10581.53,2024-11-28,2026-04-26,2645.3825,1211.0375,514,17.133333333333333,0.23346303501945526,10581.53,617.5990272373541,7411.188326848249,VIP,1065,1065
CUST03851,5,12,10579.21,2025-01-20,2026-07-26,2115.8419999999996,1089.842,552,18.4,0.27173913043478265,10579.21,574.9570652173913,6899.484782608696,VIP,1066,1066
CUST00795,4,9,10576.74,2024-12-27,2026-04-09,2644.185,1211.31,468,15.6,0.25641025641025644,10576.74,677.9961538461539,8135.953846153847,VIP,1067,1067
CUST04974,6,13,10570.32,2025-08-11,2026-10-20,1761.72,730.6866666666666,435,14.5,0.41379310344827586,10570.32,728.9875862068965,8747.851034482757,VIP,1068,1068
CUST02014,3,11,10570.3,2025-06-23,2026-04-27,3523.433333333333,1187.5,308,10.266666666666667,0.2922077922077922,10570.3,1029.5746753246751,12354.896103896102,VIP,1069,1069
CUST00146,5,9,10562.58,2025-04-30,2026-12-26,2112.516,1087.172,605,20.166666666666668,0.24793388429752064,10562.58,523.7642975206611,6285.171570247933,VIP,1070,1070
CUST02655,4,7,10562.57,2025-07-25,2026-09-19,2640.6425,1354.7425,421,14.033333333333333,0.2850356294536817,10562.57,752.6771971496437,9032.126365795724,VIP,1071,1071
CUST00582,4,11,10561.94,2025-08-12,2026-10-07,2640.485,905.9375,421,14.033333333333333,0.2850356294536817,10561.94,752.6323040380048,9031.587648456058,VIP,1072,1072
CUST04215,2,6,10561.38,2026-08-16,2026-09-10,5280.69,1595.94,25,0.8333333333333334,2.0,10561.38,10561.38,126736.56,VIP,1073,1073
CUST04192,4,10,10559.990000000002,2025-03-13,2026-04-07,2639.9975000000004,1083.0325,390,13.0,0.3076923076923077,10559.990000000002,812.3069230769232,9747.683076923078,VIP,1074,1074
CUST00054,4,9,10551.08,2025-02-20,2025-09-26,2637.77,1240.37,218,7.266666666666667,0.5504587155963303,10551.08,1451.9834862385321,17423.801834862385,VIP,1075,1075
CUST03200,7,12,10544.34,2025-04-16,2026-10-14,1506.3342857142857,1083.5742857142857,546,18.2,0.38461538461538464,10544.34,579.3593406593407,6952.312087912088,VIP,1076,1076
CUST00680,5,10,10543.6,2025-06-03,2026-08-21,2108.7200000000003,1185.856,444,14.8,0.33783783783783783,10543.6,712.4054054054054,8548.864864864865,VIP,1077,1077
CUST00031,4,8,10530.93,2025-09-19,2026-10-15,2632.7325,1223.3,391,13.033333333333333,0.3069053708439898,10530.93,807.9997442455243,9695.996930946292,VIP,1078,1078
CUST00234,5,13,10528.67,2025-01-02,2026-10-31,2105.734,864.342,667,22.233333333333334,0.22488755622188905,10528.67,473.5533733133433,5682.640479760119,VIP,1079,1079
CUST00193,5,9,10527.66,2024-12-03,2025-12-16,2105.532,1177.042,378,12.6,0.39682539682539686,10527.66,835.5285714285715,10026.342857142858,VIP,1080,1080
CUST02511,5,9,10526.869999999999,2025-12-30,2026-08-24,2105.374,1129.992,237,7.9,0.6329113924050632,10526.869999999999,1332.5151898734175,15990.18227848101,VIP,1081,1081
CUST02031,5,13,10524.42,2025-02-20,2026-05-22,2104.884,751.472,456,15.2,0.32894736842105265,10524.42,692.396052631579,8308.752631578947,VIP,1082,1082
CUST03738,4,10,10520.539999999999,2025-01-30,2026-05-27,2630.1349999999998,858.29,482,16.066666666666666,0.24896265560165975,10520.539999999999,654.8053941908713,7857.664730290456,VIP,1083,1083
CUST02432,5,9,10519.82,2025-02-03,2026-09-06,2103.964,966.9219999999999,580,19.333333333333332,0.25862068965517243,10519.82,544.1286206896552,6529.543448275863,VIP,1084,1084
CUST00449,5,15,10518.27,2025-01-19,2026-10-21,2103.654,789.492,640,21.333333333333332,0.234375,10518.27,493.04390625,5916.5268750000005,VIP,1085,1085
CUST04952,6,10,10513.53,2024-11-17,2026-09-28,1752.255,1060.9083333333333,680,22.666666666666668,0.2647058823529412,10513.53,463.8322058823529,5565.9864705882355,VIP,1086,1086
CUST02842,5,8,10510.470000000001,2025-05-10,2026-08-11,2102.094,1420.374,458,15.266666666666667,0.32751091703056767,10510.470000000001,688.4587336244542,8261.504803493452,VIP,1087,1087
CUST01404,4,11,10510.23,2025-05-20,2026-08-14,2627.5575,930.245,451,15.033333333333333,0.2660753880266075,10510.23,699.1283813747228,8389.540576496674,VIP,1088,1088
CUST04397,3,9,10499.99,2026-02-05,2026-05-09,3499.9966666666664,1231.3500000000001,93,3.1,0.9677419354838709,10499.99,3387.0935483870967,40645.12258064516,VIP,1089,1089
CUST00631,3,8,10496.22,2025-01-26,2025-08-02,3498.74,1349.25,188,6.266666666666667,0.4787234042553192,10496.22,1674.9287234042552,20099.144680851063,VIP,1090,1090
CUST01900,3,9,10494.22,2025-05-29,2026-03-08,3498.0733333333333,1329.6000000000001,283,9.433333333333334,0.31802120141342755,10494.22,1112.4614840989398,13349.537809187277,VIP,1091,1091
CUST04021,3,11,10488.11,2025-05-20,2025-12-02,3496.036666666667,994.8433333333332,196,6.533333333333333,0.45918367346938777,10488.11,1605.3229591836737,19263.875510204085,VIP,1092,1092
CUST02184,3,7,10485.380000000001,2025-07-13,2025-12-21,3495.126666666667,1281.6666666666667,161,5.366666666666666,0.5590062111801243,10485.380000000001,1953.7975155279507,23445.570186335408,VIP,1093,1093
CUST03677,6,14,10473.0,2025-02-16,2026-10-01,1745.5,715.1966666666667,592,19.733333333333334,0.30405405405405406,10473.0,530.7263513513514,6368.716216216217,VIP,1094,1094
CUST04553,5,10,10469.2,2025-01-02,2026-09-21,2093.84,1092.144,627,20.9,0.23923444976076558,10469.2,500.9186602870814,6011.023923444977,VIP,1095,1095
CUST03490,4,11,10463.26,2025-09-25,2026-10-03,2615.815,879.0225,373,12.433333333333334,0.32171581769436997,10463.26,841.5490616621984,10098.58873994638,VIP,1096,1096
CUST03790,4,8,10461.91,2025-01-28,2026-08-05,2615.4775,1079.2275,554,18.466666666666665,0.21660649819494587,10461.91,566.5294223826716,6798.353068592059,VIP,1097,1097
CUST02678,6,12,10457.14,2025-01-14,2026-09-12,1742.8566666666666,898.3516666666666,606,20.2,0.297029702970297,10457.14,517.680198019802,6212.162376237624,VIP,1098,1098
CUST00620,4,12,10456.82,2025-03-31,2026-10-13,2614.205,1038.2425,561,18.7,0.21390374331550802,10456.82,559.1882352941177,6710.258823529412,VIP,1099,1099
CUST02422,6,13,10454.92,2024-11-17,2026-08-14,1742.4866666666667,900.8683333333333,635,21.166666666666668,0.28346456692913385,10454.92,493.93322834645664,5927.19874015748,VIP,1100,1100
CUST02575,4,13,10454.83,2025-02-16,2026-08-17,2613.7075,874.9225,547,18.233333333333334,0.21937842778793418,10454.83,573.391042047532,6880.692504570384,VIP,1101,1101
CUST01857,3,7,10453.9,2025-05-22,2026-07-12,3484.633333333333,1682.1899999999998,416,13.866666666666667,0.21634615384615383,10453.9,753.8870192307692,9046.64423076923,VIP,1102,1102
CUST00903,3,8,10453.65,2025-05-27,2026-07-05,3484.5499999999997,1178.9399999999998,404,13.466666666666667,0.22277227722772278,10453.65,776.2611386138614,9315.133663366336,VIP,1103,1103
CUST03580,6,10,10448.22,2025-05-22,2026-10-31,1741.37,1091.9033333333334,527,17.566666666666666,0.3415559772296015,10448.22,594.7753320683112,7137.303984819734,VIP,1104,1104
CUST00087,4,9,10446.81,2024-11-20,2026-09-29,2611.7025,1159.485,678,22.6,0.17699115044247787,10446.81,462.2482300884955,5546.978761061946,VIP,1105,1105
CUST01463,6,11,10442.05,2024-12-14,2026-11-29,1740.3416666666665,803.8133333333334,715,23.833333333333332,0.2517482517482518,10442.05,438.127972027972,5257.5356643356645,VIP,1106,1106
CUST01367,5,10,10439.56,2025-04-14,2026-06-02,2087.912,1065.824,414,13.8,0.36231884057971014,10439.56,756.4898550724637,9077.878260869564,VIP,1107,1107
CUST00561,5,10,10438.32,2024-12-19,2026-09-09,2087.6639999999998,1013.7379999999999,629,20.966666666666665,0.23847376788553262,10438.32,497.85310015898256,5974.23720190779,VIP,1108,1108
CUST00525,4,11,10433.75,2025-03-10,2025-08-05,2608.4375,1158.2175,148,4.933333333333334,0.8108108108108107,10433.75,2114.949324324324,25379.39189189189,VIP,1109,1109
CUST03592,4,7,10429.849999999999,2025-11-01,2026-10-15,2607.4624999999996,1314.065,348,11.6,0.3448275862068966,10429.849999999999,899.1249999999999,10789.499999999998,VIP,1110,1110
CUST02985,6,12,10425.619999999999,2025-01-19,2026-06-04,1737.6033333333332,811.3683333333333,501,16.7,0.3592814371257485,10425.619999999999,624.288622754491,7491.463473053893,VIP,1111,1111
CUST02223,6,10,10423.18,2024-11-16,2026-10-11,1737.1966666666667,1086.6966666666667,694,23.133333333333333,0.25936599423631124,10423.18,450.56974063400577,5406.836887608069,VIP,1112,1112
CUST02255,5,9,10417.31,2025-01-20,2026-09-26,2083.462,1192.466,614,20.466666666666665,0.244299674267101,10417.31,508.98908794788275,6107.869055374593,VIP,1113,1113
CUST04804,5,10,10416.54,2026-01-12,2026-09-23,2083.308,1071.4180000000001,254,8.466666666666667,0.5905511811023622,10416.54,1230.3000000000002,14763.600000000002,VIP,1114,1114
CUST00331,4,11,10414.619999999999,2025-01-11,2026-06-18,2603.6549999999997,761.4175,523,17.433333333333334,0.2294455066921606,10414.619999999999,597.3969407265773,7168.763288718928,VIP,1115,1115
CUST01633,5,9,10408.970000000001,2025-01-29,2026-11-06,2081.7940000000003,1007.934,646,21.533333333333335,0.23219814241486067,10408.970000000001,483.3886996904025,5800.66439628483,VIP,1116,1116
CUST03085,5,10,10398.16,2025-04-05,2026-11-03,2079.632,1055.856,577,19.233333333333334,0.2599653379549393,10398.16,540.6322357019063,6487.586828422876,VIP,1117,1117
CUST01687,4,9,10395.560000000001,2025-06-25,2026-03-31,2598.8900000000003,1092.8600000000001,279,9.3,0.4301075268817204,10395.560000000001,1117.8021505376344,13413.625806451611,VIP,1118,1118
CUST02934,4,10,10395.01,2024-12-14,2026-08-20,2598.7525,1131.2975000000001,614,20.466666666666665,0.19543973941368079,10395.01,507.89951140065153,6094.794136807818,VIP,1119,1119
CUST01212,4,11,10394.16,2025-03-19,2026-09-28,2598.54,1146.87,558,18.6,0.2150537634408602,10394.16,558.8258064516128,6705.909677419354,VIP,1120,1120
CUST04108,5,8,10393.99,2025-10-05,2026-08-09,2078.798,1459.492,308,10.266666666666667,0.48701298701298695,10393.99,1012.4016233766233,12148.81948051948,VIP,1121,1121
CUST01579,4,11,10392.41,2025-01-21,2025-12-17,2598.1025,960.0125,330,11.0,0.36363636363636365,10392.41,944.7645454545454,11337.174545454545,VIP,1122,1122
CUST02556,4,11,10391.4,2025-07-02,2026-05-24,2597.85,1042.53,326,10.866666666666667,0.36809815950920244,10391.4,956.2638036809815,11475.165644171779,VIP,1123,1123
CUST02182,4,12,10377.15,2024-12-30,2026-09-10,2594.2875,828.3,619,20.633333333333333,0.1938610662358643,10377.15,502.9313408723748,6035.176090468498,VIP,1124,1124
CUST02007,4,10,10376.05,2026-01-11,2026-08-01,2594.0125,941.5425,202,6.733333333333333,0.594059405940594,10376.05,1540.997524752475,18491.9702970297,VIP,1125,1125
CUST00023,5,8,10373.029999999999,2025-07-21,2026-06-06,2074.6059999999998,1285.036,320,10.666666666666666,0.46875,10373.029999999999,972.4715624999999,11669.658749999999,VIP,1126,1126
CUST03878,4,14,10372.07,2024-12-01,2026-07-14,2593.0175,961.9449999999999,590,19.666666666666668,0.20338983050847456,10372.07,527.3933898305085,6328.720677966101,VIP,1127,1127
CUST00171,5,8,10369.91,2025-05-05,2026-04-02,2073.982,1218.452,332,11.066666666666666,0.45180722891566266,10369.91,937.0400602409638,11244.480722891567,VIP,1128,1128
CUST00736,4,14,10368.19,2025-11-26,2026-08-25,2592.0475,846.455,272,9.066666666666666,0.4411764705882353,10368.19,1143.550367647059,13722.604411764707,VIP,1129,1129
CUST03963,5,11,10362.83,2024-12-30,2026-06-27,2072.566,822.8,544,18.133333333333333,0.2757352941176471,10362.83,571.4795955882353,6857.755147058823,VIP,1130,1130
CUST04468,4,12,10361.52,2025-05-05,2026-04-16,2590.38,1016.54,346,11.533333333333333,0.3468208092485549,10361.52,898.3976878612717,10780.772254335261,VIP,1131,1131
CUST03390,2,9,10360.18,2025-06-07,2026-03-21,5180.09,1246.83,287,9.566666666666666,0.20905923344947736,10360.18,1082.9456445993033,12995.347735191639,VIP,1132,1132
CUST02634,5,12,10354.0,2024-12-11,2026-10-22,2070.8,867.8639999999999,680,22.666666666666668,0.22058823529411764,10354.0,456.7941176470588,5481.529411764705,VIP,1133,1133
CUST01740,6,10,10349.83,2025-03-30,2025-12-25,1724.9716666666666,1039.515,270,9.0,0.6666666666666666,10349.83,1149.9811111111112,13799.773333333334,VIP,1134,1134
CUST04525,5,10,10335.56,2024-12-15,2026-05-06,2067.112,1190.534,507,16.9,0.2958579881656805,10335.56,611.5715976331361,7338.859171597633,VIP,1135,1135
CUST04450,5,12,10331.93,2025-04-25,2026-08-12,2066.386,1021.524,474,15.8,0.3164556962025316,10331.93,653.9196202531646,7847.035443037975,VIP,1136,1136
CUST02400,4,9,10331.81,2025-02-07,2026-08-16,2582.9525,991.1575,555,18.5,0.21621621621621623,10331.81,558.4762162162162,6701.714594594595,VIP,1137,1137
CUST00573,7,13,10330.01,2025-03-06,2026-09-09,1475.7157142857143,964.6014285714285,552,18.4,0.3804347826086957,10330.01,561.4135869565218,6736.963043478262,VIP,1138,1138
CUST04050,5,10,10328.33,2025-04-26,2026-08-17,2065.666,1024.3719999999998,478,15.933333333333334,0.3138075313807531,10328.33,648.2215481171548,7778.6585774058585,VIP,1139,1139
CUST01431,3,8,10328.22,2025-04-17,2025-07-14,3442.74,1062.11,88,2.933333333333333,1.0227272727272727,10328.22,3520.984090909091,42251.80909090909,VIP,1140,1140
CUST02949,5,9,10325.54,2025-06-19,2025-12-11,2065.108,886.156,175,5.833333333333333,0.8571428571428572,10325.54,1770.0925714285718,21241.110857142863,VIP,1141,1141
CUST00126,4,7,10320.67,2025-04-18,2026-10-05,2580.1675,1383.6075,535,17.833333333333332,0.22429906542056077,10320.67,578.7291588785047,6944.749906542056,VIP,1142,1142
CUST00200,5,13,10316.93,2025-05-15,2026-08-15,2063.386,816.478,457,15.233333333333333,0.3282275711159738,10316.93,677.2601750547046,8127.122100656456,VIP,1143,1143
CUST02596,5,9,10315.279999999999,2025-06-01,2026-04-03,2063.0559999999996,1073.724,306,10.2,0.4901960784313726,10315.279999999999,1011.3019607843137,12135.623529411765,VIP,1144,1144
CUST04983,3,9,10314.98,2024-12-27,2026-09-29,3438.3266666666664,1170.1566666666668,641,21.366666666666667,0.14040561622464898,10314.98,482.7603744149766,5793.124492979719,VIP,1145,1145
CUST02034,2,6,10308.64,2025-09-05,2025-10-13,5154.32,1663.325,38,1.2666666666666666,1.5789473684210527,10308.64,8138.4,97660.79999999999,VIP,1146,1146
CUST01585,8,14,10301.119999999999,2025-04-02,2026-09-06,1287.6399999999999,801.8249999999999,522,17.4,0.4597701149425288,10301.119999999999,592.0183908045977,7104.2206896551725,VIP,1147,1147
CUST01296,4,9,10299.470000000001,2024-11-27,2025-09-27,2574.8675000000003,1130.415,304,10.133333333333333,0.39473684210526316,10299.470000000001,1016.3950657894738,12196.740789473686,VIP,1148,1148
CUST04681,4,11,10297.730000000001,2025-08-13,2026-02-09,2574.4325000000003,946.8275,180,6.0,0.6666666666666666,10297.730000000001,1716.2883333333336,20595.460000000003,VIP,1149,1149
CUST00144,6,15,10296.720000000001,2025-05-12,2026-09-10,1716.1200000000001,802.54,486,16.2,0.3703703703703704,10296.720000000001,635.6000000000001,7627.200000000002,VIP,1150,1150
CUST03394,3,12,10295.32,2025-03-19,2026-02-19,3431.773333333333,954.2199999999999,337,11.233333333333333,0.26706231454005935,10295.32,916.4973293768546,10997.967952522256,VIP,1151,1151
CUST02867,4,10,10271.09,2025-01-17,2026-09-08,2567.7725,1007.24,599,19.966666666666665,0.2003338898163606,10271.09,514.4118530884808,6172.94223706177,VIP,1152,1152
CUST04816,5,11,10270.630000000001,2025-03-27,2026-11-20,2054.126,1069.502,603,20.1,0.24875621890547261,10270.630000000001,510.9766169154229,6131.719402985074,VIP,1153,1153
CUST01572,4,9,10268.69,2025-11-03,2026-08-11,2567.1725,1089.73,281,9.366666666666667,0.4270462633451957,10268.69,1096.3014234875445,13155.617081850534,VIP,1154,1154
CUST00428,5,9,10263.58,2025-01-10,2026-08-02,2052.716,1080.6200000000001,569,18.966666666666665,0.2636203866432338,10263.58,541.1377855887522,6493.653427065026,VIP,1155,1155
CUST04362,6,11,10260.59,2025-05-08,2026-08-03,1710.0983333333334,1025.66,452,15.066666666666666,0.39823008849557523,10260.59,681.012610619469,8172.1513274336285,VIP,1156,1156
CUST02785,4,10,10260.06,2025-05-15,2026-05-14,2565.015,874.105,364,12.133333333333333,0.32967032967032966,10260.06,845.6093406593407,10147.312087912087,VIP,1157,1157
CUST04817,4,9,10258.369999999999,2025-01-06,2025-09-15,2564.5924999999997,1101.395,252,8.4,0.47619047619047616,10258.369999999999,1221.2345238095236,14654.814285714283,VIP,1158,1158
CUST04657,5,13,10255.83,2025-03-15,2026-09-05,2051.166,787.2180000000001,539,17.966666666666665,0.2782931354359926,10255.83,570.8254174397032,6849.905009276438,VIP,1159,1159
CUST02828,2,6,10253.68,2025-06-13,2026-05-15,5126.84,1524.96,336,11.2,0.17857142857142858,10253.68,915.507142857143,10986.085714285717,VIP,1160,1160
CUST00756,4,10,10253.14,2025-06-05,2026-07-22,2563.285,806.235,412,13.733333333333333,0.29126213592233013,10253.14,746.5878640776699,8959.054368932038,VIP,1161,1161
CUST01714,4,7,10244.05,2025-06-23,2026-12-12,2561.0125,1425.5349999999999,537,17.9,0.223463687150838,10244.05,572.2932960893855,6867.519553072627,VIP,1162,1162
CUST04149,3,9,10240.83,2025-06-13,2026-08-22,3413.61,1137.8700000000001,435,14.5,0.20689655172413793,10240.83,706.2641379310345,8475.169655172414,VIP,1163,1163
CUST00011,6,12,10239.11,2025-02-20,2026-03-18,1706.5183333333334,823.3383333333333,391,13.033333333333333,0.46035805626598464,10239.11,785.6094629156011,9427.313554987213,VIP,1164,1164
CUST01616,4,9,10232.36,2025-02-22,2026-07-12,2558.09,1036.6075,505,16.833333333333332,0.23762376237623764,10232.36,607.8629702970297,7294.355643564357,VIP,1165,1165
CUST00837,4,10,10226.91,2025-04-17,2026-01-17,2556.7275,1088.2825,275,9.166666666666666,0.4363636363636364,10226.91,1115.6629090909091,13387.95490909091,VIP,1166,1166
CUST02340,4,10,10213.86,2025-02-01,2026-03-04,2553.465,1049.6,396,13.2,0.30303030303030304,10213.86,773.7772727272728,9285.327272727274,VIP,1167,1167
CUST00472,5,11,10209.01,2025-01-16,2026-04-15,2041.8020000000001,1126.6860000000001,454,15.133333333333333,0.3303964757709251,10209.01,674.6041850220265,8095.250220264318,VIP,1168,1168
CUST01750,2,6,10201.740000000002,2025-02-02,2026-02-28,5100.870000000001,1700.29,391,13.033333333333333,0.1534526854219949,10201.740000000002,782.7421994884912,9392.906393861895,VIP,1169,1169
CUST02887,6,10,10201.140000000001,2025-07-05,2026-07-03,1700.1900000000003,963.7433333333333,363,12.1,0.49586776859504134,10201.140000000001,843.0694214876034,10116.833057851241,VIP,1170,1170
CUST02044,5,11,10194.79,2024-12-18,2026-10-19,2038.958,1054.21,670,22.333333333333332,0.22388059701492538,10194.79,456.4831343283583,5477.797611940299,VIP,1171,1171
CUST03804,4,10,10188.44,2025-02-25,2026-04-18,2547.11,904.825,417,13.9,0.28776978417266186,10188.44,732.9812949640288,8795.775539568345,VIP,1172,1172
CUST00006,7,13,10184.5,2025-01-20,2026-09-09,1454.9285714285713,824.6471428571429,597,19.9,0.35175879396984927,10184.5,511.78391959799,6141.40703517588,VIP,1173,1173
CUST03483,2,6,10182.72,2024-12-20,2025-06-13,5091.36,1389.735,175,5.833333333333333,0.34285714285714286,10182.72,1745.6091428571428,20947.309714285715,VIP,1174,1174
CUST02133,5,7,10182.560000000001,2025-03-17,2026-06-10,2036.5120000000002,1436.392,450,15.0,0.3333333333333333,10182.560000000001,678.8373333333334,8146.048000000001,VIP,1175,1175
CUST03756,4,11,10165.09,2026-03-16,2026-10-28,2541.2725,889.005,226,7.533333333333333,0.5309734513274337,10165.09,1349.3482300884957,16192.178761061949,VIP,1176,1176
CUST02873,6,10,10159.88,2025-12-01,2026-08-16,1693.3133333333333,900.215,258,8.6,0.6976744186046512,10159.88,1181.3813953488373,14176.576744186048,VIP,1177,1177
CUST01711,5,13,10159.73,2024-11-30,2026-10-22,2031.946,875.892,691,23.033333333333335,0.2170767004341534,10159.73,441.0881331403762,5293.057597684515,VIP,1178,1178
CUST01484,3,10,10157.82,2025-05-23,2026-06-15,3385.94,1014.4,388,12.933333333333334,0.23195876288659795,10157.82,785.3984536082473,9424.781443298969,VIP,1179,1179
CUST01182,6,11,10154.06,2025-02-13,2026-09-03,1692.3433333333332,1037.77,567,18.9,0.3174603174603175,10154.06,537.2518518518518,6447.022222222222,VIP,1180,1180
CUST00002,5,11,10140.220000000001,2024-12-05,2026-11-15,2028.0440000000003,919.012,710,23.666666666666668,0.2112676056338028,10140.220000000001,428.46000000000004,5141.52,VIP,1181,1181
CUST03486,3,10,10140.16,2024-12-25,2026-04-19,3380.0533333333333,1320.8333333333333,480,16.0,0.1875,10140.16,633.76,7605.12,VIP,1182,1182
CUST04989,3,7,10132.5,2025-11-06,2026-06-28,3377.5,1493.6133333333335,234,7.8,0.38461538461538464,10132.5,1299.0384615384617,15588.461538461539,VIP,1183,1183
CUST04287,5,11,10129.56,2025-04-02,2026-10-19,2025.9119999999998,1060.826,565,18.833333333333332,0.26548672566371684,10129.56,537.8527433628319,6454.232920353983,VIP,1184,1184
CUST02789,5,10,10128.64,2024-12-07,2026-01-13,2025.7279999999998,1011.7180000000001,402,13.4,0.3731343283582089,10128.64,755.8686567164178,9070.423880597014,VIP,1185,1185
CUST03277,3,8,10122.67,2025-10-06,2026-09-19,3374.2233333333334,1200.43,348,11.6,0.25862068965517243,10122.67,872.6439655172414,10471.727586206896,VIP,1186,1186
CUST04074,5,8,10114.369999999999,2025-01-08,2026-03-09,2022.8739999999998,1221.3600000000001,425,14.166666666666666,0.35294117647058826,10114.369999999999,713.9555294117647,8567.466352941177,VIP,1187,1187
CUST04169,3,10,10108.52,2025-02-09,2026-08-28,3369.5066666666667,1045.71,565,18.833333333333332,0.1592920353982301,10108.52,536.735575221239,6440.826902654868,VIP,1188,1188
CUST04157,6,12,10107.53,2024-12-16,2026-08-25,1684.5883333333334,831.4633333333333,617,20.566666666666666,0.29173419773095627,10107.53,491.45202593192874,5897.424311183145,VIP,1189,1189
CUST01396,4,7,10107.34,2026-01-16,2026-08-28,2526.835,1331.7625,224,7.466666666666667,0.5357142857142857,10107.34,1353.661607142857,16243.939285714285,VIP,1190,1190
CUST03439,3,10,10105.83,2025-01-20,2026-04-08,3368.61,1079.5866666666668,443,14.766666666666667,0.20316027088036115,10105.83,684.3677200902935,8212.412641083522,VIP,1191,1191
CUST04536,3,10,10102.49,2026-02-15,2026-11-27,3367.4966666666664,946.9733333333334,285,9.5,0.3157894736842105,10102.49,1063.42,12761.04,VIP,1192,1192
CUST01999,6,11,10101.95,2025-01-23,2026-05-22,1683.6583333333335,1200.4316666666666,484,16.133333333333333,0.37190082644628103,10101.95,626.1539256198348,7513.847107438018,VIP,1193,1193
CUST00045,5,10,10101.18,2024-11-19,2026-07-26,2020.236,1025.134,614,20.466666666666665,0.244299674267101,10101.18,493.54299674267105,5922.515960912053,VIP,1194,1194
CUST01298,4,8,10096.42,2025-01-06,2026-06-21,2524.105,1474.405,531,17.7,0.22598870056497175,10096.42,570.419209039548,6845.030508474576,VIP,1195,1195
CUST04194,3,8,10094.7,2024-11-23,2025-05-31,3364.9,1263.2333333333333,189,6.3,0.4761904761904762,10094.7,1602.3333333333335,19228.0,VIP,1196,1196
CUST04759,3,7,10092.619999999999,2025-01-15,2025-05-25,3364.2066666666665,1311.5533333333333,130,4.333333333333333,0.6923076923076924,10092.619999999999,2329.0661538461536,27948.793846153843,VIP,1197,1197
CUST01225,5,9,10082.24,2025-05-06,2026-10-06,2016.4479999999999,1073.374,518,17.266666666666666,0.2895752895752896,10082.24,583.9135135135135,7006.962162162163,VIP,1198,1198
CUST02119,4,9,10069.27,2025-05-09,2026-08-14,2517.3175,1398.675,462,15.4,0.2597402597402597,10069.27,653.8487012987013,7846.184415584416,VIP,1199,1199
CUST00228,5,12,10068.11,2025-02-20,2026-09-20,2013.622,852.0219999999999,577,19.233333333333334,0.2599653379549393,10068.11,523.4719237435008,6281.66308492201,VIP,1200,1200
CUST03676,3,9,10065.220000000001,2025-02-17,2025-07-06,3355.0733333333337,1099.6233333333332,139,4.633333333333334,0.6474820143884892,10065.220000000001,2172.34964028777,26068.19568345324,VIP,1201,1201
CUST03881,4,9,10056.95,2024-12-15,2026-08-02,2514.2375,1077.9,595,19.833333333333332,0.20168067226890757,10056.95,507.07310924369756,6084.87731092437,High Value,1202,1202
CUST00120,3,9,10055.08,2025-11-12,2026-09-01,3351.693333333333,939.5433333333334,293,9.766666666666667,0.3071672354948805,10055.08,1029.530375426621,12354.364505119453,High Value,1203,1203
CUST01079,5,13,10048.37,2025-01-26,2026-07-28,2009.6740000000002,784.802,548,18.266666666666666,0.2737226277372263,10048.37,550.0932481751826,6601.118978102191,High Value,1204,1204
CUST04316,2,6,10045.34,2025-04-22,2025-05-03,5022.67,1816.305,11,0.36666666666666664,2.0,10045.34,10045.34,120544.08,High Value,1205,1205
CUST01228,4,10,10044.16,2025-01-19,2026-11-26,2511.04,996.44,676,22.533333333333335,0.17751479289940827,10044.16,445.7467455621301,5348.960946745561,High Value,1206,1206
CUST04058,3,9,10043.08,2025-08-16,2026-08-23,3347.693333333333,962.62,372,12.4,0.24193548387096772,10043.08,809.9258064516129,9719.109677419354,High Value,1207,1207
CUST04769,4,10,10039.16,2024-11-27,2026-09-26,2509.79,949.0475,668,22.266666666666666,0.17964071856287425,10039.16,450.86047904191616,5410.3257485029935,High Value,1208,1208
CUST02257,3,7,10036.0,2025-03-19,2026-08-02,3345.3333333333335,1028.8266666666666,501,16.7,0.17964071856287425,10036.0,600.9580838323353,7211.497005988023,High Value,1209,1209
CUST02614,4,8,10035.06,2025-04-12,2026-01-11,2508.765,1217.9225,274,9.133333333333333,0.43795620437956206,10035.06,1098.729197080292,13184.750364963504,High Value,1210,1210
CUST02369,5,13,10032.95,2025-04-10,2026-10-30,2006.5900000000001,722.518,568,18.933333333333334,0.2640845070422535,10032.95,529.9093309859155,6358.911971830987,High Value,1211,1211
CUST02588,5,10,10031.08,2024-12-30,2026-09-18,2006.216,1118.342,627,20.9,0.23923444976076558,10031.08,479.95598086124403,5759.471770334929,High Value,1212,1212
CUST01197,6,12,10030.91,2025-03-24,2026-11-26,1671.8183333333334,903.2633333333333,612,20.4,0.29411764705882354,10030.91,491.71127450980396,5900.535294117648,High Value,1213,1213
CUST00217,6,9,10030.77,2024-12-10,2026-10-04,1671.795,1003.8866666666667,663,22.1,0.27149321266968324,10030.77,453.88099547511314,5446.571945701357,High Value,1214,1214
CUST04940,4,9,10029.35,2025-07-09,2026-08-24,2507.3375,1237.205,411,13.7,0.29197080291970806,10029.35,732.0693430656935,8784.832116788322,High Value,1215,1215
CUST00398,4,8,10028.77,2025-05-01,2026-10-23,2507.1925,1166.0925,540,18.0,0.2222222222222222,10028.77,557.1538888888889,6685.846666666666,High Value,1216,1216
CUST04613,7,10,10027.509999999998,2025-02-20,2026-07-14,1432.5014285714283,985.6,509,16.966666666666665,0.412573673870334,10027.509999999998,591.0123772102161,7092.148526522593,High Value,1217,1217
CUST00218,5,12,10026.02,2025-01-31,2026-09-05,2005.2040000000002,791.512,582,19.4,0.2577319587628866,10026.02,516.8051546391753,6201.661855670103,High Value,1218,1218
CUST03792,4,10,10024.96,2025-06-13,2026-09-26,2506.24,990.7625,470,15.666666666666666,0.25531914893617025,10024.96,639.8910638297872,7678.692765957447,High Value,1219,1219
CUST02613,4,9,10020.83,2025-02-05,2026-07-28,2505.2075,1014.0550000000001,538,17.933333333333334,0.22304832713754646,10020.83,558.782342007435,6705.388104089219,High Value,1220,1220
CUST03537,4,11,10019.2,2025-02-18,2026-10-24,2504.8,1023.9075,613,20.433333333333334,0.19575856443719414,10019.2,490.3360522022839,5884.032626427406,High Value,1221,1221
CUST04453,4,11,10015.18,2024-11-25,2026-09-29,2503.795,966.63,673,22.433333333333334,0.17830609212481427,10015.18,446.44190193164934,5357.3028231797925,High Value,1222,1222
CUST00958,4,13,10008.8,2025-04-18,2026-03-26,2502.2,821.95,342,11.4,0.3508771929824561,10008.8,877.9649122807017,10535.57894736842,High Value,1223,1223
CUST02280,5,14,10008.61,2025-01-17,2026-09-25,2001.7220000000002,860.36,616,20.533333333333335,0.24350649350649348,10008.61,487.43230519480517,5849.187662337662,High Value,1224,1224
CUST01183,5,8,10006.810000000001,2024-12-13,2026-06-15,2001.3620000000003,1226.324,549,18.3,0.27322404371584696,10006.810000000001,546.8202185792351,6561.84262295082,High Value,1225,1225
CUST04679,3,9,10006.74,2025-07-02,2026-10-29,3335.58,1050.61,484,16.133333333333333,0.18595041322314051,10006.74,620.2524793388429,7443.029752066115,High Value,1226,1226
CUST04439,4,7,10006.3,2025-03-28,2026-10-03,2501.575,1510.44,554,18.466666666666665,0.21660649819494587,10006.3,541.8574007220217,6502.28880866426,High Value,1227,1227
CUST04807,4,9,10005.04,2025-09-14,2026-09-08,2501.26,1041.95,359,11.966666666666667,0.3342618384401114,10005.04,836.0757660167131,10032.909192200557,High Value,1228,1228
CUST02982,4,7,9998.130000000001,2024-12-02,2026-09-11,2499.5325000000003,1263.425,648,21.6,0.18518518518518517,9998.130000000001,462.8763888888889,5554.516666666667,High Value,1229,1229
CUST04913,5,8,9996.78,2025-05-03,2026-12-15,1999.3560000000002,1204.328,591,19.7,0.25380710659898476,9996.78,507.45076142131984,6089.409137055838,High Value,1230,1230
CUST01323,5,12,9992.53,2024-12-04,2026-10-04,1998.506,862.5139999999999,669,22.3,0.22421524663677128,9992.53,448.09551569506726,5377.146188340807,High Value,1231,1231
CUST00556,2,5,9991.73,2025-06-10,2025-10-16,4995.865,1921.7649999999999,128,4.266666666666667,0.46875,9991.73,2341.8117187499997,28101.740625,High Value,1232,1232
CUST04125,4,13,9987.330000000002,2025-07-17,2026-03-05,2496.8325000000004,666.3050000000001,231,7.7,0.5194805194805194,9987.330000000002,1297.0558441558444,15564.670129870134,High Value,1233,1233
CUST03019,2,6,9986.87,2025-10-28,2026-04-12,4993.435,1425.695,166,5.533333333333333,0.3614457831325301,9986.87,1804.8560240963857,21658.27228915663,High Value,1234,1234
CUST02263,4,8,9985.650000000001,2025-04-28,2026-08-17,2496.4125000000004,1485.3225000000002,476,15.866666666666667,0.25210084033613445,9985.650000000001,629.3476890756303,7552.172268907564,High Value,1235,1235
CUST00423,2,5,9980.130000000001,2026-01-02,2026-10-20,4990.0650000000005,2020.875,291,9.7,0.2061855670103093,9980.130000000001,1028.879381443299,12346.552577319588,High Value,1236,1236
CUST00783,5,10,9978.93,2024-12-20,2026-09-30,1995.786,991.008,649,21.633333333333333,0.23112480739599384,9978.93,461.275654853621,5535.307858243452,High Value,1237,1237
CUST03773,3,9,9978.57,2025-04-19,2025-12-26,3326.19,1108.73,251,8.366666666666667,0.3585657370517928,9978.57,1192.6577689243027,14311.893227091632,High Value,1238,1238
CUST02438,5,10,9977.69,2025-01-14,2026-09-08,1995.538,1038.286,602,20.066666666666666,0.24916943521594684,9977.69,497.2270764119602,5966.724916943522,High Value,1239,1239
CUST03885,5,12,9976.72,2024-12-04,2026-08-27,1995.3439999999998,928.924,631,21.033333333333335,0.23771790808240886,9976.72,474.329001584786,5691.948019017432,High Value,1240,1240
CUST03979,5,9,9976.43,2025-02-14,2026-10-20,1995.286,1030.438,613,20.433333333333334,0.24469820554649266,9976.43,488.2429037520392,5858.91484502447,High Value,1241,1241
CUST03742,4,8,9976.33,2025-05-07,2026-06-05,2494.0825,1257.8975,394,13.133333333333333,0.30456852791878175,9976.33,759.619035532995,9115.42842639594,High Value,1242,1242
CUST01002,3,10,9974.67,2025-08-01,2025-11-24,3324.89,1142.3966666666668,115,3.8333333333333335,0.7826086956521738,9974.67,2602.0878260869563,31225.053913043477,High Value,1243,1243
CUST03319,5,9,9972.17,2024-12-17,2026-06-20,1994.434,1074.768,550,18.333333333333332,0.27272727272727276,9972.17,543.9365454545455,6527.238545454546,High Value,1244,1244
CUST04975,4,10,9969.69,2024-11-24,2026-05-02,2492.4225,1054.3425,524,17.466666666666665,0.22900763358778628,9969.69,570.7837786259543,6849.405343511451,High Value,1245,1245
CUST03868,6,8,9968.97,2025-05-20,2026-07-16,1661.495,1297.2266666666667,422,14.066666666666666,0.4265402843601896,9968.97,708.6945497630331,8504.334597156398,High Value,1246,1246
CUST01317,5,13,9966.27,2025-05-16,2026-09-07,1993.2540000000001,841.0139999999999,479,15.966666666666667,0.31315240083507306,9966.27,624.1922755741127,7490.307306889353,High Value,1247,1247
CUST01709,2,9,9964.45,2025-09-15,2025-10-06,4982.225,1188.4850000000001,21,0.7,2.0,9964.45,9964.45,119573.40000000001,High Value,1248,1248
CUST00162,5,9,9963.029999999999,2025-07-08,2026-05-04,1992.6059999999998,1154.0059999999999,300,10.0,0.5,9963.029999999999,996.3029999999999,11955.635999999999,High Value,1249,1249
CUST00723,4,13,9956.32,2025-05-10,2026-10-03,2489.08,822.135,511,17.033333333333335,0.23483365949119372,9956.32,584.5197651663404,7014.237181996085,High Value,1250,1250
CUST03927,8,11,9955.97,2025-02-24,2026-10-22,1244.49625,866.6775,605,20.166666666666668,0.396694214876033,9955.97,493.6844628099173,5924.213553719008,High Value,1251,1251
CUST02698,4,11,9951.57,2025-02-21,2026-08-13,2487.8925,1068.865,538,17.933333333333334,0.22304832713754646,9951.57,554.9202602230483,6659.0431226765795,High Value,1252,1252
CUST04501,6,15,9951.23,2025-02-06,2026-05-19,1658.5383333333332,791.2116666666667,467,15.566666666666666,0.3854389721627409,9951.23,639.2653104925054,7671.183725910065,High Value,1253,1253
CUST03139,7,7,9949.08,2024-11-25,2026-08-03,1421.297142857143,1421.297142857143,616,20.533333333333335,0.3409090909090909,9949.08,484.53311688311686,5814.397402597402,High Value,1254,1254
CUST03522,4,9,9946.56,2025-01-28,2026-08-11,2486.64,1080.4175,560,18.666666666666668,0.21428571428571427,9946.56,532.8514285714285,6394.217142857142,High Value,1255,1255
CUST01510,2,6,9942.720000000001,2024-11-26,2026-03-20,4971.360000000001,1530.105,479,15.966666666666667,0.12526096033402923,9942.720000000001,622.7173277661797,7472.607933194156,High Value,1256,1256
CUST01505,4,9,9938.66,2025-04-27,2025-06-23,2484.665,975.0325,57,1.9,2.1052631578947367,9938.66,5230.873684210526,62770.484210526316,High Value,1257,1257
CUST03334,5,10,9934.119999999999,2025-02-11,2026-07-11,1986.8239999999998,1079.4279999999999,515,17.166666666666668,0.2912621359223301,9934.119999999999,578.6866019417474,6944.239223300969,High Value,1258,1258
CUST03729,3,10,9933.119999999999,2025-03-05,2025-05-02,3311.0399999999995,891.0366666666665,58,1.9333333333333333,1.5517241379310345,9933.119999999999,5137.820689655172,61653.84827586207,High Value,1259,1259
CUST02766,4,9,9929.4,2025-05-06,2026-08-07,2482.35,1111.2275,458,15.266666666666667,0.26200873362445415,9929.4,650.3973799126637,7804.768558951964,High Value,1260,1260
CUST03455,3,8,9928.55,2025-06-18,2026-05-18,3309.5166666666664,1129.89,334,11.133333333333333,0.2694610778443114,9928.55,891.7859281437126,10701.43113772455,High Value,1261,1261
CUST01353,6,12,9921.029999999999,2025-02-11,2026-11-10,1653.5049999999999,841.085,637,21.233333333333334,0.28257456828885397,9921.029999999999,467.2384615384615,5606.861538461538,High Value,1262,1262
CUST02464,4,8,9912.69,2025-08-28,2026-10-09,2478.1725,1047.7025,407,13.566666666666666,0.29484029484029484,9912.69,730.6651105651106,8767.981326781326,High Value,1263,1263
CUST01581,3,8,9911.72,2026-01-28,2026-09-20,3303.9066666666663,1200.8933333333334,235,7.833333333333333,0.3829787234042553,9911.72,1265.3259574468084,15183.9114893617,High Value,1264,1264
CUST03005,3,7,9911.67,2025-08-15,2026-04-07,3303.89,1293.1299999999999,235,7.833333333333333,0.3829787234042553,9911.67,1265.3195744680852,15183.834893617022,High Value,1265,1265
CUST04626,2,9,9908.810000000001,2025-05-15,2025-09-27,4954.405000000001,1126.5700000000002,135,4.5,0.4444444444444444,9908.810000000001,2201.957777777778,26423.49333333334,High Value,1266,1266
CUST04402,2,8,9908.380000000001,2025-01-22,2025-03-14,4954.1900000000005,1283.19,51,1.7,1.1764705882352942,9908.380000000001,5828.458823529412,69941.50588235294,High Value,1267,1267
CUST00562,5,9,9903.02,2025-06-02,2026-06-17,1980.604,1136.6219999999998,380,12.666666666666666,0.39473684210526316,9903.02,781.8173684210527,9381.808421052632,High Value,1268,1268
CUST03515,4,9,9902.39,2024-11-20,2026-07-31,2475.5975,1176.085,618,20.6,0.1941747572815534,9902.39,480.69854368932033,5768.382524271844,High Value,1269,1269
CUST01231,4,12,9902.289999999999,2025-04-14,2026-08-29,2475.5724999999998,740.51,502,16.733333333333334,0.2390438247011952,9902.289999999999,591.7703187250995,7101.243824701194,High Value,1270,1270
CUST00531,5,12,9901.67,2025-04-03,2026-07-12,1980.334,759.24,465,15.5,0.3225806451612903,9901.67,638.8174193548388,7665.809032258065,High Value,1271,1271
CUST04854,4,13,9900.6,2026-02-21,2026-09-04,2475.15,747.5325,195,6.5,0.6153846153846154,9900.6,1523.1692307692308,18278.03076923077,High Value,1272,1272
CUST03847,7,19,9900.21,2024-12-12,2026-07-11,1414.3157142857142,714.8585714285715,576,19.2,0.36458333333333337,9900.21,515.6359375,6187.631249999999,High Value,1273,1273
CUST01671,3,9,9900.15,2025-01-11,2026-08-08,3300.0499999999997,1046.79,574,19.133333333333333,0.15679442508710803,9900.15,517.4294425087108,6209.15331010453,High Value,1274,1274
CUST01909,2,8,9895.36,2025-06-02,2026-04-01,4947.68,1236.92,303,10.1,0.19801980198019803,9895.36,979.7386138613863,11756.863366336634,High Value,1275,1275
CUST03058,4,11,9891.08,2025-03-17,2025-10-30,2472.77,933.3499999999999,227,7.566666666666666,0.5286343612334802,9891.08,1307.1911894273128,15686.294273127754,High Value,1276,1276
CUST02859,4,8,9888.279999999999,2025-04-09,2026-02-04,2472.0699999999997,1066.65,301,10.033333333333333,0.39867109634551495,9888.279999999999,985.5428571428571,11826.514285714286,High Value,1277,1277
CUST00688,2,6,9883.960000000001,2025-01-10,2025-10-26,4941.9800000000005,1376.4750000000001,289,9.633333333333333,0.20761245674740486,9883.960000000001,1026.0166089965398,12312.199307958479,High Value,1278,1278
CUST03049,5,8,9877.83,2025-02-20,2026-09-05,1975.566,1263.408,562,18.733333333333334,0.2669039145907473,9877.83,527.2862989323843,6327.435587188611,High Value,1279,1279
CUST00047,3,10,9877.28,2025-05-13,2026-06-27,3292.4266666666667,1103.8333333333333,410,13.666666666666666,0.21951219512195122,9877.28,722.7278048780489,8672.733658536587,High Value,1280,1280
CUST04675,3,7,9872.33,2025-07-17,2026-07-28,3290.7766666666666,1230.4466666666667,376,12.533333333333333,0.2393617021276596,9872.33,787.6859042553192,9452.23085106383,High Value,1281,1281
CUST00499,5,10,9868.68,2024-12-07,2026-07-12,1973.736,969.7459999999999,582,19.4,0.2577319587628866,9868.68,508.6948453608248,6104.338144329898,High Value,1282,1282
CUST00020,5,11,9864.88,2025-01-11,2026-09-08,1972.9759999999999,931.6540000000001,605,20.166666666666668,0.24793388429752064,9864.88,489.16760330578506,5870.01123966942,High Value,1283,1283
CUST01443,3,8,9863.63,2025-04-22,2026-09-05,3287.8766666666666,1002.6866666666666,501,16.7,0.17964071856287425,9863.63,590.6365269461078,7087.638323353293,High Value,1284,1284
CUST00139,6,17,9863.48,2025-01-26,2026-03-17,1643.9133333333332,567.7333333333333,415,13.833333333333334,0.43373493975903615,9863.48,713.0226506024096,8556.271807228915,High Value,1285,1285
CUST02783,6,12,9860.609999999999,2025-12-10,2026-09-09,1643.4349999999997,911.4699999999999,273,9.1,0.6593406593406593,9860.609999999999,1083.5835164835164,13003.002197802198,High Value,1286,1286
CUST04575,4,7,9853.44,2024-12-24,2026-09-05,2463.36,1054.1925,620,20.666666666666668,0.1935483870967742,9853.44,476.77935483870965,5721.352258064516,High Value,1287,1287
CUST03601,6,13,9853.099999999999,2025-01-30,2026-04-17,1642.1833333333332,801.8216666666667,442,14.733333333333333,0.4072398190045249,9853.099999999999,668.7624434389139,8025.149321266967,High Value,1288,1288
CUST01747,3,8,9844.63,2024-12-25,2026-04-11,3281.543333333333,1025.8733333333332,472,15.733333333333333,0.19067796610169493,9844.63,625.7180084745762,7508.6161016949145,High Value,1289,1289
CUST04658,3,9,9831.41,2025-02-10,2026-02-21,3277.1366666666668,1144.64,376,12.533333333333333,0.2393617021276596,9831.41,784.4210106382978,9413.052127659574,High Value,1290,1290
CUST02026,4,11,9829.66,2025-01-15,2026-10-08,2457.415,1077.1775,631,21.033333333333335,0.19017432646592708,9829.66,467.3372424722662,5608.046909667195,High Value,1291,1291
CUST02497,5,10,9825.88,2024-12-04,2026-03-05,1965.176,909.3380000000001,456,15.2,0.32894736842105265,9825.88,646.4394736842105,7757.273684210526,High Value,1292,1292
CUST01619,5,11,9821.7,2025-07-19,2026-08-24,1964.3400000000001,920.932,401,13.366666666666667,0.37406483790523687,9821.7,734.790523690773,8817.486284289276,High Value,1293,1293
CUST02193,5,13,9818.48,2025-05-31,2026-08-30,1963.696,860.45,456,15.2,0.32894736842105265,9818.48,645.9526315789474,7751.4315789473685,High Value,1294,1294
CUST04323,3,8,9816.36,2024-12-15,2026-04-20,3272.1200000000003,1248.5066666666667,491,16.366666666666667,0.18329938900203666,9816.36,599.7775967413443,7197.331160896131,High Value,1295,1295
CUST00887,4,10,9812.24,2025-07-10,2026-11-11,2453.06,973.6949999999999,489,16.3,0.24539877300613497,9812.24,601.9779141104294,7223.734969325153,High Value,1296,1296
CUST04656,3,8,9811.42,2025-05-02,2026-08-04,3270.4733333333334,1318.3966666666668,459,15.3,0.19607843137254902,9811.42,641.2692810457517,7695.23137254902,High Value,1297,1297
CUST01992,7,15,9801.869999999999,2025-05-10,2026-08-30,1400.2671428571427,696.2714285714285,477,15.9,0.44025157232704404,9801.869999999999,616.4698113207546,7397.637735849055,High Value,1298,1298
CUST03052,5,6,9801.14,2025-05-26,2026-08-01,1960.2279999999998,1494.842,432,14.4,0.3472222222222222,9801.14,680.6347222222222,8167.616666666667,High Value,1299,1299
CUST03194,3,9,9798.47,2025-05-08,2026-03-28,3266.1566666666663,1010.0499999999998,324,10.8,0.27777777777777773,9798.47,907.2657407407406,10887.188888888888,High Value,1300,1300
CUST00621,4,7,9783.81,2025-05-30,2026-11-23,2445.9525,1393.69,542,18.066666666666666,0.22140221402214022,9783.81,541.5392988929889,6498.471586715867,High Value,1301,1301
CUST01830,4,11,9783.59,2024-12-04,2026-01-23,2445.8975,867.0325,415,13.833333333333334,0.2891566265060241,9783.59,707.247469879518,8486.969638554216,High Value,1302,1302
CUST00575,7,10,9776.03,2024-11-14,2026-06-23,1396.5757142857144,979.407142857143,586,19.533333333333335,0.35836177474402725,9776.03,500.47935153583614,6005.752218430034,High Value,1303,1303
CUST04919,4,13,9769.28,2024-12-17,2026-11-02,2442.32,763.97,685,22.833333333333332,0.17518248175182483,9769.28,427.8516788321168,5134.220145985402,High Value,1304,1304
CUST03838,5,10,9763.51,2024-11-15,2025-12-09,1952.702,864.0559999999999,389,12.966666666666667,0.3856041131105398,9763.51,752.9699228791774,9035.639074550128,High Value,1305,1305
CUST04355,5,13,9758.18,2025-05-07,2026-11-07,1951.636,849.768,549,18.3,0.27322404371584696,9758.18,533.2338797814208,6398.806557377049,High Value,1306,1306
CUST00153,5,8,9755.1,2024-12-18,2026-03-10,1951.02,1178.28,447,14.9,0.33557046979865773,9755.1,654.7046979865772,7856.456375838927,High Value,1307,1307
CUST02163,2,8,9753.08,2025-10-04,2025-10-15,4876.54,1253.73,11,0.36666666666666664,2.0,9753.08,9753.08,117036.95999999999,High Value,1308,1308
CUST04038,3,7,9752.72,2025-06-04,2026-11-14,3250.9066666666663,1479.7933333333333,528,17.6,0.17045454545454544,9752.72,554.1318181818181,6649.581818181817,High Value,1309,1309
CUST00638,3,7,9749.35,2025-01-19,2025-12-04,3249.7833333333333,1311.4666666666667,319,10.633333333333333,0.2821316614420063,9749.35,916.8667711598747,11002.401253918497,High Value,1310,1310
CUST01818,5,9,9746.619999999999,2025-06-13,2026-11-02,1949.3239999999998,1058.0639999999999,507,16.9,0.2958579881656805,9746.619999999999,576.7230769230769,6920.676923076922,High Value,1311,1311
CUST04534,5,8,9741.35,2025-03-09,2026-06-07,1948.27,1115.184,455,15.166666666666666,0.32967032967032966,9741.35,642.2868131868132,7707.441758241759,High Value,1312,1312
CUST00068,4,12,9733.25,2024-12-03,2026-05-15,2433.3125,722.3299999999999,528,17.6,0.22727272727272727,9733.25,553.0255681818181,6636.306818181818,High Value,1313,1313
CUST00911,3,10,9732.19,2025-04-22,2026-08-11,3244.0633333333335,953.4733333333334,476,15.866666666666667,0.18907563025210083,9732.19,613.3733193277311,7360.479831932773,High Value,1314,1314
CUST03415,5,10,9720.09,2025-01-14,2026-04-29,1944.018,844.156,470,15.666666666666666,0.3191489361702128,9720.09,620.4312765957447,7445.175319148937,High Value,1315,1315
CUST01906,4,12,9716.619999999999,2025-06-11,2026-10-08,2429.1549999999997,1020.2925,484,16.133333333333333,0.24793388429752067,9716.619999999999,602.2698347107438,7227.238016528925,High Value,1316,1316
CUST04954,7,13,9716.05,2025-04-09,2026-05-19,1388.0071428571428,747.65,405,13.5,0.5185185185185185,9716.05,719.7074074074073,8636.488888888889,High Value,1317,1317
CUST01038,3,6,9713.34,2025-06-16,2026-10-16,3237.78,1618.89,487,16.233333333333334,0.18480492813141683,9713.34,598.3577002053388,7180.292402464065,High Value,1318,1318
CUST00175,4,9,9713.17,2024-12-13,2026-08-05,2428.2925,1155.3775,600,20.0,0.2,9713.17,485.6585,5827.902,High Value,1319,1319
CUST03608,4,11,9690.93,2025-01-16,2026-09-04,2422.7325,981.285,596,19.866666666666667,0.20134228187919462,9690.93,487.7984899328859,5853.581879194631,High Value,1320,1320
CUST02565,7,18,9686.08,2025-02-22,2026-08-25,1383.7257142857143,550.9214285714286,549,18.3,0.3825136612021858,9686.08,529.2939890710383,6351.5278688524595,High Value,1321,1321
CUST03795,3,7,9684.33,2024-12-30,2026-04-01,3228.11,1419.2133333333334,457,15.233333333333333,0.19693654266958427,9684.33,635.7328227571116,7628.79387308534,High Value,1322,1322
CUST02191,3,7,9683.58,2025-04-19,2026-01-03,3227.86,1186.3233333333335,259,8.633333333333333,0.3474903474903475,9683.58,1121.6501930501931,13459.802316602318,High Value,1323,1323
CUST02307,5,10,9680.85,2025-03-29,2026-01-20,1936.17,1022.048,297,9.9,0.5050505050505051,9680.85,977.8636363636364,11734.363636363636,High Value,1324,1324
CUST02736,5,9,9667.56,2025-03-01,2026-06-03,1933.512,1035.0700000000002,459,15.3,0.32679738562091504,9667.56,631.8666666666666,7582.399999999999,High Value,1325,1325
CUST04093,6,10,9663.34,2025-01-09,2026-04-04,1610.5566666666666,987.13,450,15.0,0.4,9663.34,644.2226666666667,7730.6720000000005,High Value,1326,1326
CUST01451,4,8,9659.630000000001,2025-04-27,2025-12-03,2414.9075000000003,1198.95,220,7.333333333333333,0.5454545454545455,9659.630000000001,1317.2222727272729,15806.667272727274,High Value,1327,1327
CUST04228,3,9,9657.35,2025-01-16,2026-07-30,3219.116666666667,1137.5066666666667,560,18.666666666666668,0.1607142857142857,9657.35,517.3580357142857,6208.296428571429,High Value,1328,1328
CUST00711,4,8,9651.02,2025-10-31,2026-10-09,2412.755,1017.055,343,11.433333333333334,0.3498542274052478,9651.02,844.1125364431487,10129.350437317784,High Value,1329,1329
CUST01554,4,8,9648.0,2025-01-30,2026-11-01,2412.0,1103.6950000000002,640,21.333333333333332,0.1875,9648.0,452.25,5427.0,High Value,1330,1330
CUST04115,6,9,9645.7,2025-09-22,2026-10-21,1607.6166666666668,1181.3133333333333,394,13.133333333333333,0.4568527918781726,9645.7,734.4441624365483,8813.32994923858,High Value,1331,1331
CUST02256,5,7,9642.08,2025-06-12,2026-08-28,1928.416,1389.284,442,14.733333333333333,0.3393665158371041,9642.08,654.4398190045249,7853.277828054299,High Value,1332,1332
CUST04409,3,7,9640.74,2025-04-19,2025-08-20,3213.58,1180.4233333333334,123,4.1,0.7317073170731708,9640.74,2351.4,28216.800000000003,High Value,1333,1333
CUST00066,5,9,9635.8,2024-12-31,2026-06-11,1927.1599999999999,830.1299999999999,527,17.566666666666666,0.2846299810246679,9635.8,548.527514231499,6582.330170777988,High Value,1334,1334
CUST03169,5,9,9619.970000000001,2025-02-07,2026-07-02,1923.9940000000001,1194.922,510,17.0,0.29411764705882354,9619.970000000001,565.8805882352942,6790.567058823531,High Value,1335,1335
CUST03513,3,6,9618.279999999999,2025-04-16,2026-08-09,3206.093333333333,1393.0233333333333,480,16.0,0.1875,9618.279999999999,601.1424999999999,7213.709999999999,High Value,1336,1336
CUST03153,6,10,9617.16,2024-12-16,2026-03-06,1602.86,836.09,445,14.833333333333334,0.4044943820224719,9617.16,648.3478651685393,7780.174382022472,High Value,1337,1337
CUST02709,8,10,9611.81,2024-12-09,2026-09-24,1201.47625,963.09875,654,21.8,0.36697247706422015,9611.81,440.90871559633024,5290.904587155963,High Value,1338,1338
CUST04777,3,8,9609.68,2025-09-25,2026-10-01,3203.226666666667,1290.59,371,12.366666666666667,0.2425876010781671,9609.68,777.0630727762804,9324.756873315364,High Value,1339,1339
CUST02272,4,7,9608.27,2026-01-30,2026-11-10,2402.0675,1439.0725,284,9.466666666666667,0.4225352112676056,9608.27,1014.9580985915493,12179.497183098592,High Value,1340,1340
CUST04051,3,6,9605.970000000001,2025-01-10,2026-01-18,3201.9900000000002,1453.86,373,12.433333333333334,0.24128686327077747,9605.970000000001,772.5981233243969,9271.177479892762,High Value,1341,1341
CUST04749,4,10,9603.92,2025-11-07,2026-09-15,2400.98,994.9175,312,10.4,0.3846153846153846,9603.92,923.4538461538461,11081.446153846155,High Value,1342,1342
CUST02249,4,9,9593.939999999999,2025-09-08,2026-08-15,2398.4849999999997,1033.085,341,11.366666666666667,0.3519061583577712,9593.939999999999,844.0416422287389,10128.499706744866,High Value,1343,1343
CUST00411,3,7,9591.119999999999,2026-02-09,2026-07-26,3197.0399999999995,1293.14,167,5.566666666666666,0.5389221556886228,9591.119999999999,1722.9556886227545,20675.468263473053,High Value,1344,1344
CUST03395,5,8,9576.72,2025-03-11,2026-09-11,1915.3439999999998,1154.916,549,18.3,0.27322404371584696,9576.72,523.3180327868852,6279.816393442622,High Value,1345,1345
CUST02035,4,8,9576.0,2025-05-26,2026-11-10,2394.0,1064.335,533,17.766666666666666,0.22514071294559101,9576.0,538.9868667917449,6467.842401500939,High Value,1346,1346
CUST01350,5,15,9573.25,2025-01-10,2026-07-18,1914.65,730.494,554,18.466666666666665,0.27075812274368233,9573.25,518.4070397111914,6220.8844765342965,High Value,1347,1347
CUST00593,5,9,9556.32,2025-04-23,2026-10-02,1911.264,983.9619999999999,527,17.566666666666666,0.2846299810246679,9556.32,544.0030360531309,6528.036432637571,High Value,1348,1348
CUST03861,2,7,9551.73,2025-06-27,2026-10-27,4775.865,1327.805,487,16.233333333333334,0.12320328542094455,9551.73,588.4022587268993,7060.827104722792,High Value,1349,1349
CUST04036,4,10,9539.539999999999,2025-04-20,2026-10-19,2384.8849999999998,1000.58,547,18.233333333333334,0.21937842778793418,9539.539999999999,523.1923217550274,6278.307861060328,High Value,1350,1350
CUST02309,3,6,9538.81,2025-02-22,2026-07-22,3179.603333333333,1524.87,515,17.166666666666668,0.17475728155339804,9538.81,555.6588349514562,6667.906019417474,High Value,1351,1351
CUST04965,5,9,9536.62,2025-01-21,2026-08-07,1907.324,1024.0,563,18.766666666666666,0.2664298401420959,9536.62,508.16802841918303,6098.016341030197,High Value,1352,1352
CUST01100,3,6,9532.8,2024-12-24,2026-10-12,3177.6,1572.1333333333332,657,21.9,0.13698630136986303,9532.8,435.28767123287673,5223.452054794521,High Value,1353,1353
CUST04600,4,7,9529.48,2025-06-02,2026-08-09,2382.37,1337.4099999999999,433,14.433333333333334,0.27713625866050806,9529.48,660.2411085450346,7922.893302540416,High Value,1354,1354
CUST00292,4,8,9525.86,2025-05-08,2026-08-05,2381.465,1312.6925,454,15.133333333333333,0.2643171806167401,9525.86,629.462114537445,7553.545374449341,High Value,1355,1355
CUST00224,3,7,9523.35,2024-12-30,2025-07-27,3174.4500000000003,1246.7966666666669,209,6.966666666666667,0.43062200956937796,9523.35,1366.988038277512,16403.856459330145,High Value,1356,1356
CUST00008,7,9,9521.2,2025-02-05,2026-11-05,1360.1714285714286,980.4285714285714,638,21.266666666666666,0.329153605015674,9521.2,447.7053291536051,5372.463949843261,High Value,1357,1357
CUST04701,3,11,9508.7,2025-07-06,2026-06-20,3169.566666666667,898.5533333333333,349,11.633333333333333,0.25787965616045844,9508.7,817.3667621776506,9808.401146131808,High Value,1358,1358
CUST03559,3,8,9507.68,2025-06-06,2026-01-21,3169.226666666667,1048.02,229,7.633333333333334,0.3930131004366812,9507.68,1245.547598253275,14946.5711790393,High Value,1359,1359
CUST00488,2,6,9506.67,2026-06-22,2026-11-07,4753.335,1584.4450000000002,138,4.6,0.4347826086956522,9506.67,2066.667391304348,24800.008695652174,High Value,1360,1360
CUST02394,4,9,9506.59,2024-11-26,2026-10-14,2376.6475,969.6625,687,22.9,0.17467248908296945,9506.59,415.13493449781663,4981.6192139738,High Value,1361,1361
CUST01713,3,8,9504.349999999999,2025-09-29,2026-10-12,3168.1166666666663,1199.18,378,12.6,0.2380952380952381,9504.349999999999,754.3134920634919,9051.761904761903,High Value,1362,1362
CUST00896,4,8,9501.3,2024-12-15,2026-04-06,2375.325,1010.305,477,15.9,0.25157232704402516,9501.3,597.566037735849,7170.792452830188,High Value,1363,1363
CUST00283,5,10,9498.99,2025-09-09,2026-08-10,1899.798,937.6139999999999,335,11.166666666666666,0.44776119402985076,9498.99,850.6558208955224,10207.869850746269,High Value,1364,1364
CUST04065,6,12,9497.97,2024-12-13,2026-10-08,1582.995,947.0283333333333,664,22.133333333333333,0.2710843373493976,9497.97,429.12515060240963,5149.501807228916,High Value,1365,1365
CUST00389,4,8,9487.78,2024-12-30,2026-08-28,2371.945,1200.8400000000001,606,20.2,0.19801980198019803,9487.78,469.6920792079208,5636.3049504950495,High Value,1366,1366
CUST03619,3,9,9486.84,2025-01-13,2026-07-05,3162.28,1108.02,538,17.933333333333334,0.16728624535315986,9486.84,529.0059479553903,6348.071375464684,High Value,1367,1367
CUST00647,4,8,9482.699999999999,2024-12-26,2026-03-08,2370.6749999999997,1307.095,437,14.566666666666666,0.2745995423340961,9482.699999999999,650.9862700228832,7811.835240274599,High Value,1368,1368
CUST04646,2,6,9480.58,2025-06-14,2025-08-04,4740.29,1335.21,51,1.7,1.1764705882352942,9480.58,5576.8117647058825,66921.74117647059,High Value,1369,1369
CUST02331,6,8,9478.76,2025-11-09,2026-07-11,1579.7933333333333,1315.9466666666667,244,8.133333333333333,0.7377049180327869,9478.76,1165.42131147541,13985.055737704919,High Value,1370,1370
CUST04331,3,8,9461.69,2024-11-25,2026-10-03,3153.896666666667,1100.3133333333333,677,22.566666666666666,0.1329394387001477,9461.69,419.27725258493354,5031.327031019202,High Value,1371,1371
CUST00596,2,6,9461.58,2025-03-14,2026-01-23,4730.79,1609.3200000000002,315,10.5,0.19047619047619047,9461.58,901.1028571428571,10813.234285714287,High Value,1372,1372
CUST00172,2,6,9458.939999999999,2025-04-18,2025-05-08,4729.469999999999,1576.49,20,0.6666666666666666,2.0,9458.939999999999,9458.939999999999,113507.27999999998,High Value,1373,1373
CUST04117,5,10,9454.64,2024-12-15,2026-04-22,1890.9279999999999,945.5719999999999,493,16.433333333333334,0.3042596348884381,9454.64,575.3330628803245,6903.996754563894,High Value,1374,1374
CUST00804,5,13,9454.5,2024-12-07,2026-09-27,1890.9,759.0319999999999,659,21.966666666666665,0.22761760242792112,9454.5,430.402124430956,5164.825493171472,High Value,1375,1375
CUST00671,3,10,9452.23,2025-04-18,2025-09-10,3150.7433333333333,901.9933333333333,145,4.833333333333333,0.6206896551724138,9452.23,1955.6337931034484,23467.60551724138,High Value,1376,1376
CUST02803,3,10,9450.55,2025-05-05,2025-12-01,3150.183333333333,1134.9399999999998,210,7.0,0.42857142857142855,9450.55,1350.0785714285714,16200.942857142858,High Value,1377,1377
CUST03747,5,9,9446.3,2025-06-22,2026-08-23,1889.2599999999998,970.1959999999999,427,14.233333333333333,0.351288056206089,9446.3,663.6744730679156,7964.093676814988,High Value,1378,1378
CUST00462,3,10,9446.02,2025-08-19,2026-05-21,3148.6733333333336,797.1566666666668,275,9.166666666666666,0.32727272727272727,9446.02,1030.4749090909093,12365.698909090912,High Value,1379,1379
CUST02725,5,11,9442.26,2024-12-27,2025-10-20,1888.452,809.336,297,9.9,0.5050505050505051,9442.26,953.7636363636364,11445.163636363635,High Value,1380,1380
CUST03977,3,9,9440.5,2025-07-22,2026-04-26,3146.8333333333335,1084.0433333333333,278,9.266666666666667,0.3237410071942446,9440.5,1018.7589928057553,12225.107913669064,High Value,1381,1381
CUST02832,4,12,9439.26,2025-09-15,2026-04-13,2359.815,928.94,210,7.0,0.5714285714285714,9439.26,1348.4657142857143,16181.588571428572,High Value,1382,1382
CUST02314,4,7,9438.07,2025-02-05,2026-03-25,2359.5175,1357.44,413,13.766666666666667,0.29055690072639223,9438.07,685.5740920096852,8226.889104116222,High Value,1383,1383
CUST03781,3,8,9436.02,2025-05-02,2026-11-09,3145.34,1072.6733333333334,556,18.533333333333335,0.1618705035971223,9436.02,509.13776978417263,6109.653237410072,High Value,1384,1384
CUST02968,1,4,9433.4,2025-05-18,2025-05-18,9433.4,2358.35,0,0.0,1.0,9433.4,9433.4,113200.79999999999,High Value,1385,1385
CUST04011,6,10,9425.51,2024-12-01,2026-11-23,1570.9183333333333,849.5183333333334,722,24.066666666666666,0.24930747922437674,9425.51,391.64168975069254,4699.700277008311,High Value,1386,1386
CUST00372,5,10,9422.93,2025-01-11,2026-08-15,1884.586,1037.116,581,19.366666666666667,0.25817555938037867,9422.93,486.5540447504303,5838.648537005163,High Value,1387,1387
CUST04083,4,9,9413.08,2025-05-23,2026-09-19,2353.27,1160.1425,484,16.133333333333333,0.24793388429752067,9413.08,583.4553719008264,7001.464462809918,High Value,1388,1388
CUST01519,5,13,9412.66,2025-04-19,2026-11-09,1882.532,689.592,569,18.966666666666665,0.2636203866432338,9412.66,496.27381370826015,5955.285764499122,High Value,1389,1389
CUST01607,3,8,9408.04,2025-06-10,2026-04-23,3136.013333333334,945.7533333333332,317,10.566666666666666,0.28391167192429023,9408.04,890.3507886435332,10684.209463722398,High Value,1390,1390
CUST03616,5,10,9407.0,2024-12-01,2026-10-04,1881.4,1149.592,672,22.4,0.22321428571428573,9407.0,419.95535714285717,5039.464285714286,High Value,1391,1391
CUST00357,4,9,9406.710000000001,2025-11-20,2026-10-19,2351.6775000000002,1018.8575000000001,333,11.1,0.3603603603603604,9406.710000000001,847.4513513513515,10169.416216216217,High Value,1392,1392
CUST04528,3,7,9405.79,2025-07-31,2026-08-07,3135.263333333334,1402.1033333333332,372,12.4,0.24193548387096772,9405.79,758.5314516129033,9102.37741935484,High Value,1393,1393
CUST01371,4,8,9398.529999999999,2025-02-27,2025-08-31,2349.6324999999997,1116.4625,185,6.166666666666667,0.6486486486486486,9398.529999999999,1524.0859459459457,18289.031351351347,High Value,1394,1394
CUST01127,4,6,9398.380000000001,2025-03-03,2025-12-31,2349.5950000000003,1553.7475,303,10.1,0.39603960396039606,9398.380000000001,930.5326732673269,11166.392079207923,High Value,1395,1395
CUST02963,5,10,9397.0,2025-03-29,2026-08-05,1879.4,1134.634,494,16.466666666666665,0.3036437246963563,9397.0,570.668016194332,6848.0161943319845,High Value,1396,1396
CUST02306,5,10,9395.35,2024-11-29,2026-02-28,1879.0700000000002,777.608,456,15.2,0.32894736842105265,9395.35,618.1151315789474,7417.381578947368,High Value,1397,1397
CUST00491,4,11,9391.83,2025-04-29,2026-01-21,2347.9575,754.11,267,8.9,0.449438202247191,9391.83,1055.261797752809,12663.141573033707,High Value,1398,1398
CUST01125,4,11,9381.53,2025-07-14,2026-11-26,2345.3825,859.8599999999999,500,16.666666666666668,0.24,9381.53,562.8918,6754.7016,High Value,1399,1399
CUST04894,4,9,9380.56,2024-12-25,2026-09-13,2345.14,990.4875000000001,627,20.9,0.19138755980861244,9380.56,448.83062200956937,5385.967464114832,High Value,1400,1400
CUST04798,4,10,9378.03,2025-01-26,2026-09-19,2344.5075,1166.0475,601,20.033333333333335,0.19966722129783693,9378.03,468.1212978369384,5617.455574043261,High Value,1401,1401
CUST01475,4,10,9377.18,2025-06-17,2026-10-20,2344.295,906.8575,490,16.333333333333332,0.2448979591836735,9377.18,574.1130612244899,6889.356734693879,High Value,1402,1402
CUST00739,4,10,9375.25,2025-11-24,2026-10-06,2343.8125,970.61,316,10.533333333333333,0.379746835443038,9375.25,890.0553797468355,10680.664556962025,High Value,1403,1403
CUST03941,6,11,9367.33,2024-12-23,2026-10-02,1561.2216666666666,923.8683333333333,648,21.6,0.27777777777777773,9367.33,433.6726851851852,5204.072222222222,High Value,1404,1404
CUST02498,4,6,9366.619999999999,2025-03-11,2025-10-02,2341.6549999999997,1372.975,205,6.833333333333333,0.5853658536585367,9366.619999999999,1370.7248780487805,16448.698536585365,High Value,1405,1405
CUST03858,4,12,9362.04,2025-10-06,2026-09-03,2340.51,932.255,332,11.066666666666666,0.3614457831325301,9362.04,845.9674698795181,10151.609638554219,High Value,1406,1406
CUST02608,5,11,9358.15,2025-04-06,2026-01-22,1871.6299999999999,803.052,291,9.7,0.5154639175257733,9358.15,964.757731958763,11577.092783505155,High Value,1407,1407
CUST02567,4,9,9353.78,2025-06-14,2026-10-13,2338.445,1170.975,486,16.2,0.2469135802469136,9353.78,577.3938271604939,6928.725925925926,High Value,1408,1408
CUST02541,5,9,9348.71,2025-09-26,2026-06-18,1869.7419999999997,1084.262,265,8.833333333333334,0.5660377358490566,9348.71,1058.3445283018866,12700.13433962264,High Value,1409,1409
CUST03702,4,9,9340.45,2025-05-17,2026-06-27,2335.1125,1082.315,406,13.533333333333333,0.2955665024630542,9340.45,690.1810344827587,8282.172413793105,High Value,1410,1410
CUST00848,4,9,9335.49,2025-01-15,2026-09-27,2333.8725,939.8225,620,20.666666666666668,0.1935483870967742,9335.49,451.7172580645161,5420.607096774193,High Value,1411,1411
CUST02976,3,10,9334.6,2025-04-08,2025-11-05,3111.5333333333333,882.1333333333333,211,7.033333333333333,0.4265402843601896,9334.6,1327.1943127962086,15926.331753554503,High Value,1412,1412
CUST02154,4,9,9331.6,2025-03-12,2025-11-22,2332.9,984.3275,255,8.5,0.47058823529411764,9331.6,1097.8352941176472,13174.023529411767,High Value,1413,1413
CUST01710,5,8,9320.52,2025-02-05,2026-05-13,1864.104,1116.03,462,15.4,0.3246753246753247,9320.52,605.2285714285714,7262.742857142857,High Value,1414,1414
CUST02302,6,9,9320.369999999999,2025-08-22,2026-09-25,1553.3949999999998,982.1033333333334,399,13.3,0.45112781954887216,9320.369999999999,700.7796992481202,8409.356390977442,High Value,1415,1415
CUST01446,3,8,9318.2,2025-07-26,2026-03-22,3106.066666666667,1388.6733333333334,239,7.966666666666667,0.37656903765690375,9318.2,1169.6485355648535,14035.782426778242,High Value,1416,1416
CUST02771,4,8,9313.369999999999,2025-05-13,2026-01-24,2328.3424999999997,1017.775,256,8.533333333333333,0.46875,9313.369999999999,1091.410546875,13096.926562499999,High Value,1417,1417
CUST02662,3,8,9308.06,2025-05-09,2026-03-07,3102.6866666666665,1048.71,302,10.066666666666666,0.2980132450331126,9308.06,924.6417218543046,11095.700662251655,High Value,1418,1418
CUST04695,5,7,9305.94,2024-11-30,2026-02-27,1861.188,1347.334,454,15.133333333333333,0.3303964757709251,9305.94,614.9299559471366,7379.15947136564,High Value,1419,1419
CUST03211,3,7,9302.45,2025-05-28,2026-01-21,3100.816666666667,1277.2666666666667,238,7.933333333333334,0.37815126050420167,9302.45,1172.577731092437,14070.932773109245,High Value,1420,1420
CUST03806,5,9,9301.66,2025-07-23,2026-09-02,1860.3319999999999,1131.714,406,13.533333333333333,0.3694581280788177,9301.66,687.3147783251231,8247.777339901477,High Value,1421,1421
CUST02877,6,10,9301.34,2025-05-14,2026-11-03,1550.2233333333334,1062.7283333333332,538,17.933333333333334,0.3345724907063197,9301.34,518.6620817843866,6223.944981412639,High Value,1422,1422
CUST03425,4,10,9301.14,2025-06-09,2026-06-10,2325.285,1013.675,366,12.2,0.3278688524590164,9301.14,762.3885245901639,9148.662295081967,High Value,1423,1423
CUST02772,4,10,9291.439999999999,2024-12-10,2026-11-17,2322.8599999999997,993.5675,707,23.566666666666666,0.16973125884016974,9291.439999999999,394.26195190947664,4731.143422913719,High Value,1424,1424
CUST00102,4,7,9288.47,2025-05-18,2026-08-29,2322.1175,1106.51,468,15.6,0.25641025641025644,9288.47,595.4147435897436,7144.976923076923,High Value,1425,1425
CUST04118,5,18,9286.07,2025-06-30,2026-07-12,1857.214,490.912,377,12.566666666666666,0.3978779840848806,9286.07,738.9445623342175,8867.33474801061,High Value,1426,1426
CUST02147,5,14,9282.79,2025-01-22,2026-10-25,1856.5580000000002,866.3340000000001,641,21.366666666666667,0.23400936037441497,9282.79,434.45195007800316,5213.423400936038,High Value,1427,1427
CUST04282,3,7,9277.16,2025-04-12,2026-03-27,3092.3866666666668,1187.7066666666667,349,11.633333333333333,0.25787965616045844,9277.16,797.4636103151863,9569.563323782237,High Value,1428,1428
CUST01726,3,7,9273.35,2025-06-01,2025-12-01,3091.116666666667,1430.36,183,6.1,0.49180327868852464,9273.35,1520.22131147541,18242.655737704918,High Value,1429,1429
CUST00280,5,8,9270.59,2024-11-14,2026-10-02,1854.118,1099.748,687,22.9,0.2183406113537118,9270.59,404.8292576419214,4857.951091703057,High Value,1430,1430
CUST03089,5,9,9264.8,2025-01-20,2026-09-30,1852.9599999999998,1023.6220000000001,618,20.6,0.24271844660194172,9264.8,449.74757281553394,5396.9708737864075,High Value,1431,1431
CUST01400,4,11,9263.880000000001,2025-02-18,2026-09-03,2315.9700000000003,944.1949999999999,562,18.733333333333334,0.21352313167259784,9263.880000000001,494.5131672597865,5934.158007117438,High Value,1432,1432
CUST04337,4,10,9261.26,2025-03-04,2026-07-17,2315.315,808.22,500,16.666666666666668,0.24,9261.26,555.6755999999999,6668.107199999999,High Value,1433,1433
CUST02916,4,8,9257.28,2024-12-30,2026-10-25,2314.32,1168.2975000000001,664,22.133333333333333,0.18072289156626506,9257.28,418.2506024096386,5019.007228915663,High Value,1434,1434
CUST02790,4,9,9257.06,2025-01-09,2026-10-25,2314.265,1080.2825,654,21.8,0.18348623853211007,9257.06,424.6357798165137,5095.629357798165,High Value,1435,1435
CUST03093,5,12,9248.35,2025-01-13,2026-04-18,1849.67,747.634,460,15.333333333333334,0.32608695652173914,9248.35,603.1532608695652,7237.839130434782,High Value,1436,1436
CUST03916,5,9,9245.97,2025-05-26,2026-10-20,1849.194,1097.834,512,17.066666666666666,0.29296875,9245.97,541.7560546875,6501.072656249999,High Value,1437,1437
CUST03445,5,11,9243.48,2025-01-13,2026-05-27,1848.696,907.4379999999999,499,16.633333333333333,0.30060120240480964,9243.48,555.7202404809619,6668.642885771544,High Value,1438,1438
CUST02087,5,9,9238.4,2025-05-21,2026-04-30,1847.6799999999998,1098.5,344,11.466666666666667,0.436046511627907,9238.4,805.6744186046511,9668.093023255813,High Value,1439,1439
CUST00715,3,6,9233.68,2024-12-05,2026-09-13,3077.8933333333334,1526.3999999999999,647,21.566666666666666,0.1391035548686244,9233.68,428.14590417310666,5137.75085007728,High Value,1440,1440
CUST04758,4,8,9231.62,2025-02-21,2026-09-01,2307.905,959.155,557,18.566666666666666,0.21543985637342908,9231.62,497.2147217235189,5966.576660682227,High Value,1441,1441
CUST02750,2,6,9230.849999999999,2025-04-08,2025-05-07,4615.424999999999,1538.475,29,0.9666666666666667,2.0,9230.849999999999,9230.849999999999,110770.19999999998,High Value,1442,1442
CUST03175,3,6,9228.42,2025-07-03,2026-03-20,3076.14,1491.82,260,8.666666666666666,0.3461538461538462,9228.42,1064.8176923076924,12777.812307692308,High Value,1443,1443
CUST00670,5,6,9226.19,2025-01-02,2026-10-08,1845.238,1459.2459999999999,644,21.466666666666665,0.23291925465838512,9226.19,429.79145962732923,5157.497515527951,High Value,1444,1444
CUST02536,3,7,9225.630000000001,2025-05-05,2026-05-18,3075.2100000000005,1277.61,378,12.6,0.2380952380952381,9225.630000000001,732.1928571428573,8786.314285714288,High Value,1445,1445
CUST03221,4,11,9225.61,2025-05-06,2026-04-15,2306.4025,831.71,344,11.466666666666667,0.3488372093023256,9225.61,804.559011627907,9654.708139534883,High Value,1446,1446
CUST01442,6,9,9219.279999999999,2025-02-09,2026-08-30,1536.5466666666664,982.52,567,18.9,0.3174603174603175,9219.279999999999,487.79259259259254,5853.511111111111,High Value,1447,1447
CUST02329,3,7,9215.74,2025-02-22,2025-12-03,3071.9133333333334,1388.6233333333332,284,9.466666666666667,0.31690140845070425,9215.74,973.493661971831,11681.923943661972,High Value,1448,1448
CUST00812,5,11,9211.4,2025-01-24,2026-09-30,1842.28,812.1479999999999,614,20.466666666666665,0.244299674267101,9211.4,450.06840390879483,5400.820846905538,High Value,1449,1449
CUST03865,3,8,9210.81,2026-01-30,2026-07-16,3070.27,1175.3366666666666,167,5.566666666666666,0.5389221556886228,9210.81,1654.6365269461078,19855.638323353294,High Value,1450,1450
CUST02654,3,9,9210.619999999999,2025-03-26,2026-03-15,3070.2066666666665,1203.4066666666665,354,11.8,0.2542372881355932,9210.619999999999,780.5610169491524,9366.732203389829,High Value,1451,1451
CUST00967,3,14,9206.36,2025-01-01,2026-11-24,3068.786666666667,683.5300000000001,692,23.066666666666666,0.13005780346820808,9206.36,399.1196531791908,4789.43583815029,High Value,1452,1452
CUST01069,5,10,9205.29,2025-03-03,2026-04-20,1841.0580000000002,828.71,413,13.766666666666667,0.3631961259079903,9205.29,668.6651331719129,8023.981598062955,High Value,1453,1453
CUST01260,6,9,9196.779999999999,2025-04-05,2026-03-16,1532.7966666666664,1000.9616666666667,345,11.5,0.5217391304347826,9196.779999999999,799.7199999999999,9596.64,High Value,1454,1454
CUST00543,5,13,9196.64,2025-05-20,2026-09-17,1839.328,889.908,485,16.166666666666668,0.3092783505154639,9196.64,568.8643298969072,6826.371958762886,High Value,1455,1455
CUST01865,5,12,9196.07,2025-05-24,2026-06-25,1839.214,873.2,397,13.233333333333333,0.3778337531486146,9196.07,694.917128463476,8339.005541561713,High Value,1456,1456
CUST01896,5,10,9194.89,2025-04-08,2025-12-17,1838.9779999999998,938.302,253,8.433333333333334,0.5928853754940712,9194.89,1090.3031620553359,13083.637944664031,High Value,1457,1457
CUST01842,4,8,9194.49,2025-04-03,2026-04-08,2298.6225,1116.3575,370,12.333333333333334,0.3243243243243243,9194.49,745.4991891891891,8945.99027027027,High Value,1458,1458
CUST03398,2,8,9193.789999999999,2025-08-11,2026-07-12,4596.8949999999995,1157.9050000000002,335,11.166666666666666,0.17910447761194032,9193.789999999999,823.3244776119402,9879.893731343283,High Value,1459,1459
CUST04054,4,9,9191.92,2025-03-28,2026-09-12,2297.98,856.3824999999999,533,17.766666666666666,0.22514071294559101,9191.92,517.3688555347093,6208.426266416511,High Value,1460,1460
CUST03312,3,9,9191.68,2025-06-22,2025-11-08,3063.8933333333334,1008.4533333333334,139,4.633333333333334,0.6474820143884892,9191.68,1983.8158273381293,23805.78992805755,High Value,1461,1461
CUST04242,5,10,9191.35,2024-12-20,2026-01-15,1838.27,943.49,391,13.033333333333333,0.3836317135549872,9191.35,705.2186700767264,8462.624040920717,High Value,1462,1462
CUST01948,3,6,9191.09,2025-01-31,2026-04-22,3063.6966666666667,1131.1366666666665,446,14.866666666666667,0.20179372197309417,9191.09,618.2347533632287,7418.817040358745,High Value,1463,1463
CUST02676,4,13,9190.91,2024-12-31,2026-10-30,2297.7275,707.19,668,22.266666666666666,0.17964071856287425,9190.91,412.7654191616767,4953.18502994012,High Value,1464,1464
CUST04543,5,7,9189.150000000001,2024-12-07,2026-07-03,1837.8300000000004,1181.846,573,19.1,0.2617801047120419,9189.150000000001,481.10732984293196,5773.287958115184,High Value,1465,1465
CUST01531,6,8,9188.26,2025-05-02,2026-10-31,1531.3766666666668,1122.5166666666667,547,18.233333333333334,0.3290676416819013,9188.26,503.92650822669106,6047.118098720292,High Value,1466,1466
CUST04048,4,9,9187.75,2025-06-13,2026-04-02,2296.9375,1079.71,293,9.766666666666667,0.40955631399317405,9187.75,940.7252559726961,11288.703071672353,High Value,1467,1467
CUST03533,4,12,9186.380000000001,2025-01-29,2026-11-06,2296.5950000000003,728.265,646,21.533333333333335,0.18575851393188852,9186.380000000001,426.61207430340556,5119.344891640867,High Value,1468,1468
CUST03950,6,13,9177.29,2025-04-14,2026-07-07,1529.5483333333334,673.3633333333333,449,14.966666666666667,0.40089086859688194,9177.29,613.1819599109132,7358.183518930959,High Value,1469,1469
CUST04265,3,7,9176.79,2025-03-20,2025-07-23,3058.9300000000003,1453.11,125,4.166666666666667,0.72,9176.79,2202.4296,26429.1552,High Value,1470,1470
CUST01352,3,8,9174.95,2025-05-11,2026-08-03,3058.316666666667,1120.98,449,14.966666666666667,0.20044543429844097,9174.95,613.0256124721604,7356.307349665925,High Value,1471,1471
CUST00173,4,12,9173.18,2025-02-24,2026-05-25,2293.295,849.605,455,15.166666666666666,0.26373626373626374,9173.18,604.825054945055,7257.900659340659,High Value,1472,1472
CUST04244,3,7,9162.09,2025-06-24,2026-01-26,3054.03,1343.8999999999999,216,7.2,0.41666666666666663,9162.09,1272.5125,15270.150000000001,High Value,1473,1473
CUST01796,4,9,9153.59,2025-03-06,2026-07-22,2288.3975,967.88,503,16.766666666666666,0.2385685884691849,9153.59,545.9397614314116,6551.2771371769395,High Value,1474,1474
CUST04114,6,11,9153.57,2024-12-22,2026-03-22,1525.595,968.1533333333333,455,15.166666666666666,0.39560439560439564,9153.57,603.532087912088,7242.385054945055,High Value,1475,1475
CUST03430,5,9,9153.22,2025-06-02,2026-08-31,1830.6439999999998,985.1200000000001,455,15.166666666666666,0.32967032967032966,9153.22,603.509010989011,7242.108131868132,High Value,1476,1476
CUST01430,4,8,9151.599999999999,2025-10-12,2026-09-29,2287.8999999999996,1138.19,352,11.733333333333333,0.34090909090909094,9151.599999999999,779.965909090909,9359.590909090908,High Value,1477,1477
CUST02053,4,12,9145.53,2025-01-29,2026-10-23,2286.3825,736.0125,632,21.066666666666666,0.189873417721519,9145.53,434.1232594936709,5209.479113924051,High Value,1478,1478
CUST03914,5,9,9142.8,2025-01-02,2026-08-03,1828.56,961.4040000000001,578,19.266666666666666,0.2595155709342561,9142.8,474.53979238754323,5694.477508650519,High Value,1479,1479
CUST00635,2,6,9140.84,2025-06-01,2026-01-23,4570.42,1501.0900000000001,236,7.866666666666666,0.2542372881355932,9140.84,1161.9711864406781,13943.654237288138,High Value,1480,1480
CUST00163,4,9,9133.98,2025-05-02,2026-07-26,2283.495,1071.47,450,15.0,0.26666666666666666,9133.98,608.932,7307.184,High Value,1481,1481
CUST03132,5,11,9133.49,2025-05-10,2026-11-07,1826.6979999999999,746.406,546,18.2,0.27472527472527475,9133.49,501.8401098901099,6022.081318681318,High Value,1482,1482
CUST01997,4,8,9116.43,2024-12-01,2026-09-15,2279.1075,1141.4450000000002,653,21.766666666666666,0.18376722817764166,9116.43,418.82526799387443,5025.903215926493,High Value,1483,1483
CUST03898,2,7,9115.65,2025-02-21,2025-05-27,4557.825,1251.205,95,3.1666666666666665,0.6315789473684211,9115.65,2878.6263157894737,34543.515789473684,High Value,1484,1484
CUST04590,4,8,9113.67,2025-06-26,2026-10-09,2278.4175,1160.7725,470,15.666666666666666,0.25531914893617025,9113.67,581.7236170212766,6980.683404255319,High Value,1485,1485
CUST01551,2,7,9112.75,2025-01-20,2026-04-04,4556.375,1304.21,439,14.633333333333333,0.1366742596810934,9112.75,622.739179954442,7472.870159453303,High Value,1486,1486
CUST02440,5,9,9107.82,2025-08-18,2026-05-26,1821.5639999999999,1035.96,281,9.366666666666667,0.5338078291814946,9107.82,972.36512455516,11668.38149466192,High Value,1487,1487
CUST01048,2,7,9104.91,2025-09-24,2026-10-16,4552.455,1267.2350000000001,387,12.9,0.15503875968992248,9104.91,705.806976744186,8469.683720930232,High Value,1488,1488
CUST03338,3,8,9101.65,2025-10-19,2026-09-22,3033.883333333333,1113.5066666666667,338,11.266666666666667,0.2662721893491124,9101.65,807.8387573964496,9694.065088757396,High Value,1489,1489
CUST00363,4,10,9101.58,2025-02-18,2025-12-12,2275.395,1027.2450000000001,297,9.9,0.40404040404040403,9101.58,919.3515151515151,11032.218181818182,High Value,1490,1490
CUST01689,2,7,9099.74,2025-01-24,2025-05-09,4549.87,1312.9650000000001,105,3.5,0.5714285714285714,9099.74,2599.925714285714,31199.10857142857,High Value,1491,1491
CUST04977,6,9,9097.55,2025-07-20,2026-09-09,1516.2583333333332,1072.7666666666667,416,13.866666666666667,0.43269230769230765,9097.55,656.0733173076923,7872.879807692307,High Value,1492,1492
CUST01477,4,9,9085.880000000001,2025-01-03,2026-09-07,2271.4700000000003,1093.2649999999999,612,20.4,0.19607843137254904,9085.880000000001,445.386274509804,5344.635294117648,High Value,1493,1493
CUST04199,4,9,9084.32,2025-01-31,2025-12-04,2271.08,1157.855,307,10.233333333333333,0.39087947882736157,9084.32,887.7185667752443,10652.622801302932,High Value,1494,1494
CUST04145,2,7,9083.96,2026-01-27,2026-02-09,4541.98,1187.255,13,0.43333333333333335,2.0,9083.96,9083.96,109007.51999999999,High Value,1495,1495
CUST03146,3,9,9074.71,2025-04-10,2026-02-14,3024.903333333333,893.5633333333332,310,10.333333333333334,0.29032258064516125,9074.71,878.1977419354837,10538.372903225805,High Value,1496,1496
CUST01921,5,11,9074.42,2025-02-28,2026-10-29,1814.884,943.2379999999999,608,20.266666666666666,0.2467105263157895,9074.42,447.7509868421053,5373.011842105264,High Value,1497,1497
CUST03314,3,7,9074.21,2025-06-01,2025-10-24,3024.736666666666,1305.71,145,4.833333333333333,0.6206896551724138,9074.21,1877.4227586206896,22529.073103448274,High Value,1498,1498
CUST01801,7,11,9072.06,2025-04-10,2026-06-22,1296.0085714285713,902.1685714285715,438,14.6,0.4794520547945206,9072.06,621.3739726027397,7456.487671232877,High Value,1499,1499
CUST00724,3,7,9066.14,2025-04-24,2026-07-09,3022.0466666666666,1396.1333333333332,441,14.7,0.20408163265306123,9066.14,616.7442176870749,7400.930612244898,High Value,1500,1500
CUST01723,4,7,9065.42,2025-01-24,2026-05-17,2266.355,1279.4775,478,15.933333333333334,0.2510460251046025,9065.42,568.9594142259414,6827.5129707112965,High Value,1501,1501
CUST00737,5,13,9063.92,2025-02-07,2026-01-11,1812.784,905.0260000000001,338,11.266666666666667,0.4437869822485207,9063.92,804.4899408284023,9653.879289940827,High Value,1502,1502
CUST03236,3,8,9062.029999999999,2025-09-25,2026-06-22,3020.6766666666663,1206.2333333333333,270,9.0,0.3333333333333333,9062.029999999999,1006.8922222222221,12082.706666666665,High Value,1503,1503
CUST00356,5,12,9057.380000000001,2024-12-09,2026-10-20,1811.476,905.876,680,22.666666666666668,0.22058823529411764,9057.380000000001,399.5902941176471,4795.083529411765,High Value,1504,1504
CUST04394,2,8,9052.36,2025-09-10,2025-10-07,4526.18,1131.545,27,0.9,2.0,9052.36,9052.36,108628.32,High Value,1505,1505
CUST03063,4,10,9047.22,2025-01-17,2026-10-10,2261.805,922.635,631,21.033333333333335,0.19017432646592708,9047.22,430.13724247226617,5161.6469096671935,High Value,1506,1506
CUST02241,4,7,9041.33,2025-02-05,2026-09-12,2260.3325,1273.805,584,19.466666666666665,0.20547945205479454,9041.33,464.45188356164385,5573.422602739726,High Value,1507,1507
CUST02747,4,9,9026.25,2025-05-15,2026-09-07,2256.5625,1076.1125,480,16.0,0.25,9026.25,564.140625,6769.6875,High Value,1508,1508
CUST01376,5,8,9023.650000000001,2025-05-25,2026-07-22,1804.7300000000002,1149.4479999999999,423,14.1,0.3546099290780142,9023.650000000001,639.9751773049646,7679.702127659575,High Value,1509,1509
CUST01364,4,9,9020.97,2025-01-16,2026-04-02,2255.2425,997.7950000000001,441,14.7,0.272108843537415,9020.97,613.6714285714286,7364.057142857143,High Value,1510,1510
CUST02121,4,11,9020.03,2025-05-19,2026-06-22,2255.0075,751.255,399,13.3,0.3007518796992481,9020.03,678.1977443609022,8138.372932330827,High Value,1511,1511
CUST01105,4,7,9018.84,2025-05-17,2026-04-22,2254.71,1202.7075,340,11.333333333333334,0.3529411764705882,9018.84,795.78,9549.36,High Value,1512,1512
CUST04880,4,7,9018.38,2025-02-07,2026-09-19,2254.595,1186.145,589,19.633333333333333,0.2037351443123939,9018.38,459.3402376910017,5512.08285229202,High Value,1513,1513
CUST01810,4,8,9017.759999999998,2025-01-13,2026-07-12,2254.4399999999996,1163.5575,545,18.166666666666668,0.2201834862385321,9017.759999999998,496.3904587155962,5956.685504587154,High Value,1514,1514
CUST01307,4,9,9015.54,2025-01-29,2026-08-20,2253.885,884.3875,568,18.933333333333334,0.2112676056338028,9015.54,476.1728873239437,5714.074647887324,High Value,1515,1515
CUST01340,5,7,9014.3,2026-05-23,2026-11-03,1802.86,1271.908,164,5.466666666666667,0.9146341463414634,9014.3,1648.9573170731705,19787.487804878045,High Value,1516,1516
CUST00343,5,11,9011.25,2025-01-14,2026-02-28,1802.25,745.196,410,13.666666666666666,0.36585365853658536,9011.25,659.359756097561,7912.317073170732,High Value,1517,1517
CUST02188,5,10,9010.949999999999,2025-01-19,2026-11-14,1802.1899999999998,825.5260000000001,664,22.133333333333333,0.22590361445783133,9010.949999999999,407.121234939759,4885.454819277108,High Value,1518,1518
CUST02454,3,11,9007.99,2025-03-09,2026-07-08,3002.6633333333334,745.7566666666667,486,16.2,0.1851851851851852,9007.99,556.0487654320988,6672.585185185186,High Value,1519,1519
CUST00465,4,9,9007.24,2025-02-12,2026-07-03,2251.81,949.5675,506,16.866666666666667,0.23715415019762845,9007.24,534.0260869565217,6408.31304347826,High Value,1520,1520
CUST00802,2,7,9004.759999999998,2025-02-17,2025-04-15,4502.379999999999,1314.065,57,1.9,1.0526315789473684,9004.759999999998,4739.347368421052,56872.16842105263,High Value,1521,1521
CUST03059,3,8,9003.64,2025-07-13,2026-08-23,3001.213333333333,978.3433333333332,406,13.533333333333333,0.22167487684729065,9003.64,665.2935960591133,7983.523152709359,High Value,1522,1522
CUST00354,3,9,9002.48,2025-05-24,2026-05-03,3000.8266666666664,1197.0666666666666,344,11.466666666666667,0.2616279069767442,9002.48,785.0999999999999,9421.199999999999,High Value,1523,1523
CUST04957,3,6,9002.09,2026-03-07,2026-09-13,3000.6966666666667,1298.8866666666665,190,6.333333333333333,0.4736842105263158,9002.09,1421.3826315789474,17056.59157894737,High Value,1524,1524
CUST01174,5,7,8992.79,2025-02-25,2025-12-07,1798.5580000000002,1230.534,285,9.5,0.5263157894736842,8992.79,946.6094736842106,11359.313684210527,High Value,1525,1525
CUST03323,3,7,8989.650000000001,2025-01-03,2026-06-29,2996.5500000000006,1127.8999999999999,542,18.066666666666666,0.16605166051660517,8989.650000000001,497.5821033210333,5970.9852398524,High Value,1526,1526
CUST00899,6,13,8988.300000000001,2025-01-16,2026-07-30,1498.0500000000002,802.2800000000001,560,18.666666666666668,0.3214285714285714,8988.300000000001,481.5160714285715,5778.192857142858,High Value,1527,1527
CUST00536,5,13,8978.72,2025-04-29,2025-11-24,1795.744,837.4459999999999,209,6.966666666666667,0.7177033492822966,8978.72,1288.8114832535884,15465.737799043061,High Value,1528,1528
CUST01472,3,10,8976.65,2025-04-15,2026-02-08,2992.2166666666667,872.6533333333333,299,9.966666666666667,0.3010033444816054,8976.65,900.6672240802675,10808.00668896321,High Value,1529,1529
CUST00846,5,10,8974.369999999999,2025-03-05,2026-02-19,1794.8739999999998,1065.1619999999998,351,11.7,0.4273504273504274,8974.369999999999,767.0401709401709,9204.482051282052,High Value,1530,1530
CUST02872,5,9,8974.21,2025-06-25,2026-09-06,1794.8419999999999,1038.0700000000002,438,14.6,0.3424657534246575,8974.21,614.6719178082192,7376.06301369863,High Value,1531,1531
CUST00142,4,9,8973.15,2025-07-10,2026-02-26,2243.2875,1079.2725,231,7.7,0.5194805194805194,8973.15,1165.3441558441557,13984.12987012987,High Value,1532,1532
CUST00648,5,12,8968.07,2025-03-25,2026-03-15,1793.614,761.606,355,11.833333333333334,0.4225352112676056,8968.07,757.8650704225352,9094.380845070422,High Value,1533,1533
CUST00050,4,9,8961.939999999999,2025-02-14,2026-08-22,2240.4849999999997,977.14,554,18.466666666666665,0.21660649819494587,8961.939999999999,485.30361010830325,5823.643321299639,High Value,1534,1534
CUST01194,3,7,8958.04,2025-02-25,2026-09-12,2986.013333333334,1137.0933333333335,564,18.8,0.15957446808510636,8958.04,476.4914893617022,5717.897872340426,High Value,1535,1535
CUST01302,3,8,8954.4,2025-04-20,2026-11-14,2984.7999999999997,988.1233333333333,573,19.1,0.15706806282722513,8954.4,468.8167539267015,5625.801047120418,High Value,1536,1536
CUST00658,3,11,8947.210000000001,2025-03-08,2025-12-09,2982.4033333333336,787.2833333333333,276,9.2,0.32608695652173914,8947.210000000001,972.5228260869567,11670.27391304348,High Value,1537,1537
CUST01590,4,7,8946.529999999999,2025-03-22,2026-06-05,2236.6324999999997,1220.3925,440,14.666666666666666,0.27272727272727276,8946.529999999999,609.9906818181818,7319.888181818182,High Value,1538,1538
CUST02611,2,9,8945.83,2025-01-13,2025-06-07,4472.915,992.11,145,4.833333333333333,0.4137931034482759,8945.83,1850.861379310345,22210.33655172414,High Value,1539,1539
CUST00208,3,8,8943.17,2025-02-22,2026-09-04,2981.056666666667,1163.8400000000001,559,18.633333333333333,0.16100178890876565,8943.17,479.95545617173525,5759.465474060823,High Value,1540,1540
CUST00539,4,8,8939.59,2025-06-07,2025-09-26,2234.8975,1124.2325,111,3.7,1.081081081081081,8939.59,2416.1054054054052,28993.26486486486,High Value,1541,1541
CUST02450,7,10,8938.01,2025-04-10,2026-10-16,1276.8585714285714,896.9942857142858,554,18.466666666666665,0.3790613718411553,8938.01,484.00776173285203,5808.093140794224,High Value,1542,1542
CUST04622,5,10,8934.939999999999,2025-02-24,2026-09-30,1786.9879999999998,770.884,583,19.433333333333334,0.25728987993138935,8934.939999999999,459.77392795883355,5517.287135506002,High Value,1543,1543
CUST01977,5,15,8931.17,2025-01-05,2026-08-13,1786.234,641.012,585,19.5,0.2564102564102564,8931.17,458.00871794871796,5496.1046153846155,High Value,1544,1544
CUST00498,6,14,8926.29,2025-08-20,2026-10-03,1487.7150000000001,734.895,409,13.633333333333333,0.4400977995110025,8926.29,654.7400977995111,7856.881173594133,High Value,1545,1545
CUST02843,5,14,8925.89,2025-10-26,2026-10-14,1785.1779999999999,691.882,353,11.766666666666667,0.4249291784702549,8925.89,758.5742209631727,9102.890651558073,High Value,1546,1546
CUST03674,4,7,8925.5,2025-06-26,2026-06-06,2231.375,1266.3375,345,11.5,0.34782608695652173,8925.5,776.1304347826087,9313.565217391304,High Value,1547,1547
CUST02077,6,13,8923.66,2024-12-29,2026-08-28,1487.2766666666666,745.7199999999999,607,20.233333333333334,0.29654036243822074,8923.66,441.03756177924214,5292.450741350905,High Value,1548,1548
CUST04811,4,6,8920.83,2025-06-16,2026-05-29,2230.2075,1309.8175,347,11.566666666666666,0.345821325648415,8920.83,771.2533141210374,9255.039769452449,High Value,1549,1549
CUST01655,4,9,8917.92,2025-04-18,2026-08-22,2229.48,1079.5675,491,16.366666666666667,0.24439918533604887,8917.92,544.8830957230142,6538.59714867617,High Value,1550,1550
CUST01498,4,9,8916.41,2025-03-01,2026-01-03,2229.1025,1012.7725,308,10.266666666666667,0.3896103896103896,8916.41,868.4814935064934,10421.777922077921,High Value,1551,1551
CUST00307,5,11,8914.01,2025-05-29,2026-08-30,1782.8020000000001,812.146,458,15.266666666666667,0.32751091703056767,8914.01,583.8871179039301,7006.64541484716,High Value,1552,1552
CUST02876,3,10,8910.04,2025-03-31,2026-07-10,2970.013333333334,869.61,466,15.533333333333333,0.19313304721030042,8910.04,573.6077253218884,6883.292703862661,High Value,1553,1553
CUST04307,4,9,8906.75,2025-01-27,2025-08-31,2226.6875,994.6025,216,7.2,0.5555555555555556,8906.75,1237.048611111111,14844.583333333332,High Value,1554,1554
CUST01050,4,7,8900.48,2025-01-11,2026-10-01,2225.12,1344.0275,628,20.933333333333334,0.19108280254777069,8900.48,425.1821656050955,5102.185987261146,High Value,1555,1555
CUST03480,2,7,8897.63,2025-04-15,2025-08-23,4448.815,1275.67,130,4.333333333333333,0.46153846153846156,8897.63,2053.2992307692307,24639.590769230766,High Value,1556,1556
CUST03420,4,9,8891.48,2025-02-15,2026-06-30,2222.87,1017.9925000000001,500,16.666666666666668,0.24,8891.48,533.4888,6401.865599999999,High Value,1557,1557
CUST02076,3,6,8890.92,2025-06-10,2026-07-01,2963.64,1049.8500000000001,386,12.866666666666667,0.23316062176165803,8890.92,691.0041450777202,8292.049740932642,High Value,1558,1558
CUST02823,5,9,8889.42,2025-01-18,2026-11-20,1777.884,983.896,671,22.366666666666667,0.22354694485842028,8889.42,397.4405365126677,4769.286438152012,High Value,1559,1559
CUST01295,6,9,8880.23,2024-12-15,2026-10-31,1480.0383333333332,1093.9833333333333,685,22.833333333333332,0.26277372262773724,8880.23,388.9151824817518,4666.982189781022,High Value,1560,1560
CUST02581,5,12,8874.689999999999,2025-06-06,2026-07-24,1774.9379999999996,755.6279999999999,413,13.766666666666667,0.3631961259079903,8874.689999999999,644.6506053268764,7735.807263922517,High Value,1561,1561
CUST04177,3,7,8869.48,2025-02-02,2025-12-11,2956.4933333333333,1419.9333333333334,312,10.4,0.28846153846153844,8869.48,852.8346153846153,10234.015384615384,High Value,1562,1562
CUST04339,2,9,8867.88,2026-08-13,2026-11-24,4433.94,1061.07,103,3.433333333333333,0.5825242718446603,8867.88,2582.8776699029127,30994.53203883495,High Value,1563,1563
CUST04692,4,10,8864.289999999999,2025-03-21,2025-07-05,2216.0724999999998,807.2925,106,3.533333333333333,1.1320754716981132,8864.289999999999,2508.761320754717,30105.135849056605,High Value,1564,1564
CUST02295,4,11,8859.8,2025-05-19,2026-07-06,2214.95,1074.2875,413,13.766666666666667,0.29055690072639223,8859.8,643.5690072639225,7722.8280871670695,High Value,1565,1565
CUST00712,3,8,8859.64,2024-12-21,2026-05-20,2953.213333333333,990.5166666666668,515,17.166666666666668,0.17475728155339804,8859.64,516.0955339805824,6193.14640776699,High Value,1566,1566
CUST00655,3,8,8855.34,2025-07-30,2026-01-04,2951.78,1116.1633333333332,158,5.266666666666667,0.569620253164557,8855.34,1681.393670886076,20176.72405063291,High Value,1567,1567
CUST00669,5,8,8854.98,2025-10-11,2026-08-11,1770.9959999999999,1096.952,304,10.133333333333333,0.493421052631579,8854.98,873.8467105263157,10486.160526315789,High Value,1568,1568
CUST00829,5,8,8854.03,2024-11-26,2025-12-26,1770.806,1034.222,395,13.166666666666666,0.379746835443038,8854.03,672.4579746835444,8069.4956962025335,High Value,1569,1569
CUST01482,3,11,8852.13,2025-03-22,2025-10-03,2950.7099999999996,791.4366666666666,195,6.5,0.46153846153846156,8852.13,1361.8661538461538,16342.393846153846,High Value,1570,1570
CUST00627,3,9,8851.029999999999,2025-04-29,2025-11-10,2950.343333333333,887.5133333333333,195,6.5,0.46153846153846156,8851.029999999999,1361.696923076923,16340.363076923077,High Value,1571,1571
CUST04030,3,8,8849.89,2024-12-13,2025-12-08,2949.963333333333,1017.5333333333334,360,12.0,0.25,8849.89,737.4908333333333,8849.89,High Value,1572,1572
CUST03091,3,8,8847.310000000001,2025-08-14,2026-11-17,2949.103333333334,1065.4333333333334,460,15.333333333333334,0.19565217391304346,8847.310000000001,576.9984782608697,6923.981739130436,High Value,1573,1573
CUST02546,4,6,8846.019999999999,2025-10-21,2026-11-22,2211.5049999999997,1238.265,397,13.233333333333333,0.3022670025188917,8846.019999999999,668.4649874055415,8021.579848866498,High Value,1574,1574
CUST00822,3,7,8843.01,2025-04-25,2026-03-21,2947.67,891.4366666666668,330,11.0,0.2727272727272727,8843.01,803.91,9646.92,High Value,1575,1575
CUST00895,3,8,8842.25,2025-06-09,2026-06-10,2947.4166666666665,1284.3,366,12.2,0.24590163934426232,8842.25,724.7745901639345,8697.295081967213,High Value,1576,1576
CUST03830,4,10,8841.380000000001,2025-05-22,2026-03-06,2210.3450000000003,891.965,288,9.6,0.4166666666666667,8841.380000000001,920.9770833333334,11051.725000000002,High Value,1577,1577
CUST03990,5,9,8840.74,2024-11-24,2026-01-29,1768.148,884.14,431,14.366666666666667,0.3480278422273782,8840.74,615.3647331786542,7384.3767981438505,High Value,1578,1578
CUST01888,2,8,8836.28,2025-08-22,2025-08-29,4418.14,1104.535,7,0.23333333333333334,2.0,8836.28,8836.28,106035.36000000002,High Value,1579,1579
CUST04568,2,7,8831.15,2025-03-27,2025-08-28,4415.575,1218.8600000000001,154,5.133333333333334,0.3896103896103896,8831.15,1720.353896103896,20644.246753246753,High Value,1580,1580
CUST00738,4,9,8827.02,2024-12-25,2025-05-26,2206.755,966.5025,152,5.066666666666666,0.7894736842105263,8827.02,1742.1750000000002,20906.100000000002,High Value,1581,1581
CUST01916,6,10,8821.33,2024-12-05,2026-10-22,1470.2216666666666,972.6283333333332,686,22.866666666666667,0.26239067055393583,8821.33,385.77244897959184,4629.269387755102,High Value,1582,1582
CUST01544,4,8,8820.94,2025-11-10,2026-10-09,2205.235,1057.0525,333,11.1,0.3603603603603604,8820.94,794.6792792792794,9536.151351351353,High Value,1583,1583
CUST02324,3,10,8817.94,2024-12-09,2025-10-29,2939.3133333333335,929.1666666666666,324,10.8,0.27777777777777773,8817.94,816.4759259259259,9797.711111111112,High Value,1584,1584
CUST02911,4,10,8816.56,2025-06-03,2026-04-02,2204.14,882.8675000000001,303,10.1,0.39603960396039606,8816.56,872.9267326732673,10475.120792079208,High Value,1585,1585
CUST02045,2,7,8816.16,2025-02-07,2026-09-25,4408.08,1223.6399999999999,595,19.833333333333332,0.10084033613445378,8816.16,444.51226890756305,5334.147226890756,High Value,1586,1586
CUST01467,4,7,8814.52,2025-08-19,2026-06-23,2203.63,1230.9125,308,10.266666666666667,0.3896103896103896,8814.52,858.5571428571428,10302.685714285713,High Value,1587,1587
CUST00392,3,7,8813.36,2025-07-08,2026-09-26,2937.786666666667,1359.68,445,14.833333333333334,0.20224719101123595,8813.36,594.1591011235955,7129.909213483146,High Value,1588,1588
CUST00781,4,9,8808.13,2025-04-23,2025-09-11,2202.0325,1008.965,141,4.7,0.851063829787234,8808.13,1874.0702127659572,22488.842553191487,High Value,1589,1589
CUST02451,3,9,8804.76,2025-03-12,2025-12-20,2934.92,872.9266666666666,283,9.433333333333334,0.31802120141342755,8804.76,933.3667844522968,11200.40141342756,High Value,1590,1590
CUST01598,2,7,8803.0,2025-01-20,2026-02-04,4401.5,1188.2849999999999,380,12.666666666666666,0.15789473684210528,8803.0,694.9736842105264,8339.684210526317,High Value,1591,1591
CUST03410,4,7,8802.31,2025-05-13,2026-09-09,2200.5775,1341.1025,484,16.133333333333333,0.24793388429752067,8802.31,545.5977272727273,6547.172727272728,High Value,1592,1592
CUST00345,5,8,8801.75,2025-01-21,2026-09-29,1760.35,1048.508,616,20.533333333333335,0.24350649350649348,8801.75,428.6566558441558,5143.879870129869,High Value,1593,1593
CUST00262,5,7,8786.31,2025-05-14,2026-08-06,1757.262,1354.706,449,14.966666666666667,0.33407572383073497,8786.31,587.0585746102449,7044.702895322939,High Value,1594,1594
CUST02889,5,13,8782.130000000001,2025-04-13,2026-09-05,1756.4260000000002,918.726,510,17.0,0.29411764705882354,8782.130000000001,516.5958823529412,6199.150588235294,High Value,1595,1595
CUST02836,3,6,8778.95,2025-09-27,2026-12-25,2926.316666666667,1193.9366666666667,454,15.133333333333333,0.19823788546255508,8778.95,580.1068281938327,6961.281938325992,High Value,1596,1596
CUST04473,3,8,8776.72,2026-01-22,2026-09-02,2925.5733333333333,1066.02,223,7.433333333333334,0.40358744394618834,8776.72,1180.72466367713,14168.69596412556,High Value,1597,1597
CUST02225,3,7,8773.78,2025-02-11,2026-04-15,2924.5933333333337,1245.6866666666667,428,14.266666666666667,0.2102803738317757,8773.78,614.9845794392523,7379.814953271029,High Value,1598,1598
CUST01904,2,7,8773.41,2026-01-22,2026-08-01,4386.705,1104.93,191,6.366666666666666,0.31413612565445026,8773.41,1378.0225130890053,16536.270157068066,High Value,1599,1599
CUST03476,3,7,8769.49,2025-01-02,2026-07-25,2923.1633333333334,1261.4966666666667,569,18.966666666666665,0.15817223198594027,8769.49,462.3632688927944,5548.359226713533,High Value,1600,1600
CUST04068,2,7,8763.35,2025-05-06,2025-08-22,4381.675,1306.685,108,3.6,0.5555555555555556,8763.35,2434.263888888889,29211.16666666667,High Value,1601,1601
CUST03184,3,9,8755.689999999999,2025-07-24,2025-11-02,2918.563333333333,902.0333333333334,101,3.3666666666666667,0.8910891089108911,8755.689999999999,2600.6999999999994,31208.399999999994,High Value,1602,1602
CUST01847,2,5,8749.460000000001,2026-08-01,2026-08-03,4374.7300000000005,1776.85,2,0.06666666666666667,2.0,8749.460000000001,8749.460000000001,104993.52000000002,High Value,1603,1603
CUST01962,3,6,8749.39,2025-05-18,2026-06-28,2916.463333333333,1394.0366666666666,406,13.533333333333333,0.22167487684729065,8749.39,646.5066502463054,7758.0798029556645,High Value,1604,1604
CUST00348,5,10,8748.24,2024-12-07,2026-08-27,1749.648,978.702,628,20.933333333333334,0.23885350318471338,8748.24,417.9095541401274,5014.914649681528,High Value,1605,1605
CUST03140,4,9,8748.15,2025-01-21,2026-08-30,2187.0375,1188.555,586,19.533333333333335,0.20477815699658702,8748.15,447.85750853242314,5374.290102389077,High Value,1606,1606
CUST00938,3,6,8747.22,2025-06-15,2026-04-29,2915.74,1440.04,318,10.6,0.2830188679245283,8747.22,825.2094339622641,9902.51320754717,High Value,1607,1607
CUST04729,4,9,8742.01,2025-01-27,2025-09-15,2185.5025,998.6625,231,7.7,0.5194805194805194,8742.01,1135.3259740259741,13623.91168831169,High Value,1608,1608
CUST04309,4,6,8739.019999999999,2025-05-11,2026-11-24,2184.7549999999997,1357.55,562,18.733333333333334,0.21352313167259784,8739.019999999999,466.49572953736646,5597.948754448397,High Value,1609,1609
CUST03611,5,9,8729.93,2025-01-29,2026-06-30,1745.986,963.534,517,17.233333333333334,0.2901353965183752,8729.93,506.5723404255319,6078.868085106383,High Value,1610,1610
CUST01945,4,9,8723.35,2024-12-04,2026-01-27,2180.8375,993.1300000000001,419,13.966666666666667,0.2863961813842482,8723.35,624.5835322195704,7495.002386634846,High Value,1611,1611
CUST00202,5,14,8722.05,2025-05-04,2026-07-30,1744.4099999999999,698.26,452,15.066666666666666,0.33185840707964603,8722.05,578.8971238938053,6946.765486725664,High Value,1612,1612
CUST02942,3,9,8718.43,2025-04-24,2026-06-05,2906.1433333333334,963.19,407,13.566666666666666,0.22113022113022113,8718.43,642.636117936118,7711.633415233417,High Value,1613,1613
CUST03748,3,11,8717.89,2025-05-16,2026-11-19,2905.963333333333,958.8566666666666,552,18.4,0.16304347826086957,8717.89,473.7983695652174,5685.580434782609,High Value,1614,1614
CUST01979,4,9,8713.49,2025-01-10,2026-08-08,2178.3725,756.895,575,19.166666666666668,0.20869565217391303,8713.49,454.61686956521737,5455.402434782609,High Value,1615,1615
CUST03974,4,9,8708.92,2025-01-28,2025-05-06,2177.23,878.3875,98,3.2666666666666666,1.2244897959183674,8708.92,2665.995918367347,31991.95102040816,High Value,1616,1616
CUST01930,5,8,8706.36,2024-12-10,2026-01-01,1741.2720000000002,938.7139999999999,387,12.9,0.38759689922480617,8706.36,674.9116279069767,8098.939534883721,High Value,1617,1617
CUST00598,2,5,8702.91,2025-06-08,2026-01-06,4351.455,1639.605,212,7.066666666666666,0.2830188679245283,8702.91,1231.5438679245283,14778.52641509434,High Value,1618,1618
CUST01233,3,7,8700.2,2025-11-21,2026-06-04,2900.066666666667,1190.24,195,6.5,0.46153846153846156,8700.2,1338.4923076923078,16061.907692307694,High Value,1619,1619
CUST04232,5,10,8699.03,2025-05-19,2026-10-21,1739.806,769.348,520,17.333333333333332,0.2884615384615385,8699.03,501.86711538461543,6022.405384615386,High Value,1620,1620
CUST01736,2,5,8696.7,2026-05-01,2026-08-26,4348.35,1614.12,117,3.9,0.5128205128205129,8696.7,2229.923076923077,26759.076923076926,High Value,1621,1621
CUST02090,4,9,8693.02,2025-02-13,2026-01-27,2173.255,908.99,348,11.6,0.3448275862068966,8693.02,749.398275862069,8992.779310344828,High Value,1622,1622
CUST02030,5,11,8686.869999999999,2025-05-07,2026-08-11,1737.3739999999998,893.11,461,15.366666666666667,0.32537960954446854,8686.869999999999,565.3060737527114,6783.672885032537,High Value,1623,1623
CUST00824,6,13,8678.0,2025-03-25,2026-07-09,1446.3333333333333,715.9316666666667,471,15.7,0.3821656050955414,8678.0,552.7388535031847,6632.866242038217,High Value,1624,1624
CUST04765,5,9,8676.869999999999,2025-01-10,2026-07-23,1735.3739999999998,888.3380000000001,559,18.633333333333333,0.26833631484794274,8676.869999999999,465.66386404293377,5587.966368515205,High Value,1625,1625
CUST02378,2,6,8673.44,2025-08-30,2026-07-03,4336.72,1506.88,307,10.233333333333333,0.19543973941368079,8673.44,847.5674267100978,10170.809120521175,High Value,1626,1626
CUST00495,3,6,8672.95,2026-02-08,2026-07-11,2890.9833333333336,1320.1966666666667,153,5.1,0.5882352941176471,8672.95,1700.5784313725492,20406.94117647059,High Value,1627,1627
CUST03675,5,7,8671.85,2025-05-25,2026-07-20,1734.3700000000001,1240.666,421,14.033333333333333,0.35629453681710216,8671.85,617.9465558194775,7415.358669833729,High Value,1628,1628
CUST02332,4,6,8670.74,2025-02-28,2026-12-29,2167.685,1320.9650000000001,669,22.3,0.17937219730941703,8670.74,388.82242152466364,4665.869058295963,High Value,1629,1629
CUST01440,5,7,8667.76,2025-04-03,2026-06-28,1733.5520000000001,1141.916,451,15.033333333333333,0.3325942350332594,8667.76,576.569401330377,6918.832815964524,High Value,1630,1630
CUST02712,3,8,8665.64,2024-12-15,2025-12-16,2888.5466666666666,1230.1133333333335,366,12.2,0.24590163934426232,8665.64,710.2983606557377,8523.580327868853,High Value,1631,1631
CUST04958,3,7,8664.2,2025-05-21,2026-10-24,2888.066666666667,1579.72,521,17.366666666666667,0.1727447216890595,8664.2,498.8982725527831,5986.779270633398,High Value,1632,1632
CUST01097,6,9,8663.18,2025-03-03,2026-11-29,1443.8633333333335,935.9166666666666,636,21.2,0.2830188679245283,8663.18,408.6405660377359,4903.686792452831,High Value,1633,1633
CUST01715,5,9,8661.64,2025-06-03,2026-06-21,1732.328,1180.1960000000001,383,12.766666666666667,0.39164490861618795,8661.64,678.4574412532636,8141.489295039163,High Value,1634,1634
CUST02244,4,9,8658.23,2025-01-21,2026-02-01,2164.5575,903.5699999999999,376,12.533333333333333,0.3191489361702128,8658.23,690.8162234042553,8289.794680851064,High Value,1635,1635
CUST00649,3,6,8653.52,2025-05-25,2026-02-25,2884.5066666666667,1125.1966666666667,276,9.2,0.32608695652173914,8653.52,940.6000000000001,11287.2,High Value,1636,1636
CUST04221,5,10,8651.59,2025-02-01,2026-02-17,1730.318,957.1220000000001,381,12.7,0.3937007874015748,8651.59,681.2275590551181,8174.730708661418,High Value,1637,1637
CUST02975,2,6,8650.9,2025-06-10,2026-07-06,4325.45,1336.895,391,13.033333333333333,0.1534526854219949,8650.9,663.7519181585677,7965.023017902813,High Value,1638,1638
CUST03822,4,11,8648.54,2025-11-17,2026-08-26,2162.135,896.735,282,9.4,0.425531914893617,8648.54,920.0574468085107,11040.689361702129,High Value,1639,1639
CUST03892,4,9,8643.64,2024-12-20,2026-06-23,2160.91,1068.295,550,18.333333333333332,0.2181818181818182,8643.64,471.4712727272727,5657.655272727273,High Value,1640,1640
CUST03440,3,8,8639.7,2025-07-01,2026-03-21,2879.9,1023.75,263,8.766666666666667,0.34220532319391633,8639.7,985.5171102661596,11826.205323193915,High Value,1641,1641
CUST02965,3,9,8637.85,2024-11-25,2025-06-26,2879.2833333333333,839.3466666666667,213,7.1,0.4225352112676057,8637.85,1216.5985915492959,14599.183098591551,High Value,1642,1642
CUST02260,4,8,8627.8,2025-07-07,2026-11-22,2156.95,1060.5475000000001,503,16.766666666666666,0.2385685884691849,8627.8,514.5805168986084,6174.9662027833,High Value,1643,1643
CUST02276,5,13,8614.779999999999,2025-02-16,2026-09-12,1722.9559999999997,650.948,573,19.1,0.2617801047120419,8614.779999999999,451.03560209424074,5412.4272251308885,High Value,1644,1644
CUST03862,4,8,8612.04,2024-11-19,2026-09-15,2153.01,1030.95,665,22.166666666666668,0.18045112781954886,8612.04,388.5130827067669,4662.156992481203,High Value,1645,1645
CUST03045,3,10,8607.34,2024-12-11,2025-08-02,2869.1133333333332,904.2199999999999,234,7.8,0.38461538461538464,8607.34,1103.5051282051284,13242.061538461541,High Value,1646,1646
CUST02445,4,9,8607.02,2025-02-12,2026-09-13,2151.755,915.495,578,19.266666666666666,0.20761245674740486,8607.02,446.73114186851217,5360.773702422146,High Value,1647,1647
CUST01504,1,4,8605.72,2025-06-17,2025-06-17,8605.72,2151.43,0,0.0,1.0,8605.72,8605.72,103268.63999999998,High Value,1648,1648
CUST04907,3,10,8605.050000000001,2026-04-13,2026-09-02,2868.3500000000004,858.96,142,4.733333333333333,0.6338028169014085,8605.050000000001,1817.9683098591552,21815.619718309863,High Value,1649,1649
CUST01527,5,9,8602.73,2024-12-14,2026-05-24,1720.5459999999998,808.158,526,17.533333333333335,0.28517110266159695,8602.73,490.6499999999999,5887.799999999999,High Value,1650,1650
CUST03218,6,8,8597.09,2025-04-08,2026-11-01,1432.8483333333334,943.2583333333332,572,19.066666666666666,0.3146853146853147,8597.09,450.89632867132866,5410.7559440559435,High Value,1651,1651
CUST01614,2,8,8596.21,2026-01-13,2026-09-23,4298.105,1153.925,253,8.433333333333334,0.23715415019762845,8596.21,1019.3134387351778,12231.761264822133,High Value,1652,1652
CUST00057,4,9,8593.7,2025-05-29,2026-10-05,2148.425,964.325,494,16.466666666666665,0.24291497975708504,8593.7,521.8846153846155,6262.615384615386,High Value,1653,1653
CUST02998,6,11,8593.39,2025-08-01,2026-04-23,1432.2316666666666,801.9783333333334,265,8.833333333333334,0.6792452830188679,8593.39,972.8366037735848,11674.039245283016,High Value,1654,1654
CUST00209,6,12,8585.57,2025-01-27,2026-09-09,1430.9283333333333,710.4499999999999,590,19.666666666666668,0.30508474576271183,8585.57,436.55440677966095,5238.652881355932,High Value,1655,1655
CUST04266,5,10,8580.279999999999,2025-03-12,2026-10-10,1716.0559999999998,1087.1799999999998,577,19.233333333333334,0.2599653379549393,8580.279999999999,446.11507798960133,5353.380935875216,High Value,1656,1656
CUST04710,4,8,8579.630000000001,2025-05-11,2026-01-23,2144.9075000000003,1294.2575000000002,257,8.566666666666666,0.4669260700389105,8579.630000000001,1001.5132295719845,12018.158754863814,High Value,1657,1657
CUST00642,4,11,8570.48,2025-01-29,2026-08-29,2142.62,784.6575,577,19.233333333333334,0.20797227036395147,8570.48,445.6055459272097,5347.266551126516,High Value,1658,1658
CUST01481,3,5,8562.789999999999,2025-12-31,2026-01-17,2854.263333333333,1558.1499999999999,17,0.5666666666666667,3.0,8562.789999999999,8562.789999999999,102753.47999999998,High Value,1659,1659
CUST04819,4,8,8557.83,2024-11-15,2025-10-31,2139.4575,1167.165,350,11.666666666666666,0.34285714285714286,8557.83,733.5282857142857,8802.33942857143,High Value,1660,1660
CUST01193,4,9,8557.210000000001,2024-12-20,2026-09-27,2139.3025000000002,900.3774999999999,646,21.533333333333335,0.18575851393188852,8557.210000000001,397.393653250774,4768.723839009288,High Value,1661,1661
CUST00943,2,5,8549.84,2024-11-29,2025-10-13,4274.92,1597.1999999999998,318,10.6,0.18867924528301888,8549.84,806.5886792452831,9679.064150943397,High Value,1662,1662
CUST04210,3,8,8545.51,2026-07-02,2026-08-07,2848.5033333333336,1067.5833333333333,36,1.2,2.5,8545.51,7121.258333333334,85455.1,High Value,1663,1663
CUST02647,5,12,8541.869999999999,2024-12-14,2026-09-20,1708.3739999999998,729.6519999999999,645,21.5,0.23255813953488372,8541.869999999999,397.2962790697674,4767.555348837209,High Value,1664,1664
CUST02547,4,8,8539.279999999999,2025-05-24,2026-05-24,2134.8199999999997,1100.455,365,12.166666666666666,0.32876712328767127,8539.279999999999,701.8586301369862,8422.303561643836,High Value,1665,1665
CUST01417,4,9,8537.96,2025-10-14,2026-07-11,2134.49,1116.2975000000001,270,9.0,0.4444444444444444,8537.96,948.6622222222221,11383.946666666665,High Value,1666,1666
CUST00785,3,10,8537.89,2025-08-11,2026-02-27,2845.963333333333,952.3133333333334,200,6.666666666666667,0.44999999999999996,8537.89,1280.6834999999999,15368.201999999997,High Value,1667,1667
CUST02682,4,10,8534.97,2024-11-30,2026-03-08,2133.7425,806.4675,463,15.433333333333334,0.25917926565874727,8534.97,553.0218142548596,6636.2617710583145,High Value,1668,1668
CUST00852,2,8,8532.33,2025-02-08,2025-07-11,4266.165,1095.145,153,5.1,0.3921568627450981,8532.33,1673.0058823529412,20076.070588235292,High Value,1669,1669
CUST01259,4,10,8528.560000000001,2024-12-24,2026-08-25,2132.1400000000003,863.3975,609,20.3,0.19704433497536944,8528.560000000001,420.1261083743843,5041.513300492611,High Value,1670,1670
CUST00025,2,6,8528.16,2025-01-13,2026-09-08,4264.08,1421.3600000000001,603,20.1,0.09950248756218905,8528.16,424.2865671641791,5091.438805970149,High Value,1671,1671
CUST01003,2,6,8527.220000000001,2026-01-05,2026-10-04,4263.610000000001,1476.56,272,9.066666666666666,0.22058823529411764,8527.220000000001,940.5022058823531,11286.026470588236,High Value,1672,1672
CUST02820,5,10,8525.7,2025-02-28,2026-12-18,1705.14,797.6179999999999,658,21.933333333333334,0.22796352583586627,8525.7,388.709726443769,4664.5167173252285,High Value,1673,1673
CUST04824,4,9,8523.37,2025-06-17,2026-04-22,2130.8425,870.27,309,10.3,0.3883495145631068,8523.37,827.5116504854369,9930.139805825243,High Value,1674,1674
CUST00388,3,5,8522.01,2025-03-09,2026-08-06,2840.67,1587.41,515,17.166666666666668,0.17475728155339804,8522.01,496.4277669902912,5957.133203883494,High Value,1675,1675
CUST00204,4,10,8520.95,2024-11-24,2026-09-01,2130.2375,816.25,646,21.533333333333335,0.18575851393188852,8520.95,395.70975232198145,4748.517027863778,High Value,1676,1676
CUST04491,4,6,8515.89,2025-07-13,2026-08-28,2128.9725,1220.4475,411,13.7,0.29197080291970806,8515.89,621.5978102189781,7459.173722627737,High Value,1677,1677
CUST01789,4,8,8514.35,2025-08-30,2026-09-06,2128.5875,1019.7825,372,12.4,0.3225806451612903,8514.35,686.641129032258,8239.693548387097,High Value,1678,1678
CUST04773,6,12,8514.26,2025-02-16,2026-11-04,1419.0433333333333,752.8183333333333,626,20.866666666666667,0.28753993610223644,8514.26,408.03162939297124,4896.379552715654,High Value,1679,1679
CUST01819,3,9,8508.24,2025-01-05,2025-12-31,2836.08,985.1533333333333,360,12.0,0.25,8508.24,709.02,8508.24,High Value,1680,1680
CUST01523,3,8,8506.97,2025-07-20,2026-06-11,2835.6566666666663,1000.2000000000002,326,10.866666666666667,0.2760736196319018,8506.97,782.8499999999999,9394.199999999999,High Value,1681,1681
CUST03162,3,6,8503.76,2025-07-24,2026-04-05,2834.5866666666666,1155.2233333333334,255,8.5,0.35294117647058826,8503.76,1000.4423529411765,12005.308235294118,High Value,1682,1682
CUST03027,3,6,8500.91,2026-03-10,2026-09-10,2833.6366666666668,1561.0133333333333,184,6.133333333333334,0.48913043478260865,8500.91,1386.0179347826086,16632.215217391302,High Value,1683,1683
CUST02222,5,12,8500.14,2024-12-28,2026-11-14,1700.0279999999998,641.608,686,22.866666666666667,0.21865889212827988,8500.14,371.72623906705536,4460.714868804665,High Value,1684,1684
CUST01191,3,7,8497.8,2024-11-23,2026-08-09,2832.6,1284.8666666666668,624,20.8,0.14423076923076922,8497.8,408.54807692307685,4902.576923076922,High Value,1685,1685
CUST04127,2,6,8494.38,2026-07-12,2026-12-08,4247.19,1415.73,149,4.966666666666667,0.40268456375838924,8494.38,1710.277852348993,20523.334228187916,High Value,1686,1686
CUST04706,4,9,8493.78,2024-12-18,2025-07-18,2123.445,762.9950000000001,212,7.066666666666666,0.5660377358490566,8493.78,1201.95,14423.400000000001,High Value,1687,1687
CUST04344,5,9,8489.35,2024-12-09,2026-09-02,1697.8700000000001,848.058,632,21.066666666666666,0.23734177215189875,8489.35,402.97547468354435,4835.705696202533,High Value,1688,1688
CUST01155,5,10,8489.16,2024-11-29,2026-12-24,1697.8319999999999,906.414,755,25.166666666666668,0.1986754966887417,8489.16,337.3176158940397,4047.8113907284765,High Value,1689,1689
CUST03302,4,7,8486.46,2025-06-11,2026-06-21,2121.615,1123.1225,375,12.5,0.32,8486.46,678.9168,8147.0016,High Value,1690,1690
CUST03760,6,16,8485.67,2024-12-31,2026-09-28,1414.2783333333334,536.8216666666666,636,21.2,0.2830188679245283,8485.67,400.2674528301887,4803.2094339622645,High Value,1691,1691
CUST04098,3,11,8478.06,2025-01-09,2026-02-22,2826.02,862.68,409,13.633333333333333,0.22004889975550124,8478.06,621.8625916870416,7462.351100244499,High Value,1692,1692
CUST04735,4,9,8475.27,2025-02-26,2026-06-11,2118.8175,850.15,470,15.666666666666666,0.25531914893617025,8475.27,540.9746808510639,6491.696170212766,High Value,1693,1693
CUST02128,3,6,8467.34,2025-12-17,2026-09-13,2822.4466666666667,1174.8966666666668,270,9.0,0.3333333333333333,8467.34,940.8155555555555,11289.786666666667,High Value,1694,1694
CUST03808,3,8,8460.65,2025-08-14,2026-10-04,2820.2166666666667,1143.0233333333333,416,13.866666666666667,0.21634615384615383,8460.65,610.1430288461538,7321.716346153846,High Value,1695,1695
CUST04340,6,9,8459.369999999999,2025-05-12,2026-07-30,1409.8949999999998,1031.1666666666667,444,14.8,0.4054054054054054,8459.369999999999,571.5790540540539,6858.948648648648,High Value,1696,1696
CUST02955,5,8,8457.51,2025-02-18,2026-03-20,1691.502,1196.568,395,13.166666666666666,0.379746835443038,8457.51,642.3425316455697,7708.110379746837,High Value,1697,1697
CUST02802,2,6,8455.380000000001,2025-07-25,2025-08-04,4227.6900000000005,1370.98,10,0.3333333333333333,2.0,8455.380000000001,8455.380000000001,101464.56000000001,High Value,1698,1698
CUST01848,3,8,8452.36,2024-12-23,2026-07-25,2817.4533333333334,986.1999999999999,579,19.3,0.15544041450777202,8452.36,437.9461139896373,5255.353367875648,High Value,1699,1699
CUST00987,4,11,8446.71,2024-12-15,2026-08-23,2111.6775,851.0325,616,20.533333333333335,0.1948051948051948,8446.71,411.3657467532467,4936.388961038961,High Value,1700,1700
CUST04184,4,8,8446.41,2025-09-15,2026-08-24,2111.6025,1033.635,343,11.433333333333334,0.3498542274052478,8446.41,738.7530612244898,8865.036734693876,High Value,1701,1701
CUST01659,4,8,8443.5,2025-01-24,2026-09-28,2110.875,1088.265,612,20.4,0.19607843137254904,8443.5,413.89705882352945,4966.764705882353,High Value,1702,1702
CUST02435,3,7,8439.8,2025-03-12,2025-12-03,2813.2666666666664,1196.66,266,8.866666666666667,0.3383458646616541,8439.8,951.8571428571428,11422.285714285714,High Value,1703,1703
CUST01622,5,8,8439.77,2025-09-11,2026-03-23,1687.9540000000002,923.6879999999999,193,6.433333333333334,0.7772020725388601,8439.77,1311.881347150259,15742.576165803108,High Value,1704,1704
CUST03716,3,7,8423.55,2025-05-11,2026-08-09,2807.85,1127.1833333333334,455,15.166666666666666,0.19780219780219782,8423.55,555.3989010989011,6664.786813186813,High Value,1705,1705
CUST02826,4,8,8423.09,2025-07-30,2026-01-02,2105.7725,1080.1475,156,5.2,0.7692307692307692,8423.09,1619.825,19437.9,High Value,1706,1706
CUST03583,5,10,8417.07,2026-03-16,2026-10-19,1683.414,904.508,217,7.233333333333333,0.6912442396313364,8417.07,1163.6502304147466,13963.80276497696,High Value,1707,1707
CUST03121,5,10,8416.29,2024-12-02,2026-06-22,1683.2580000000003,892.244,567,18.9,0.2645502645502646,8416.29,445.3063492063493,5343.676190476192,High Value,1708,1708
CUST00248,2,5,8413.32,2025-09-13,2026-03-01,4206.66,1401.765,169,5.633333333333334,0.35502958579881655,8413.32,1493.4887573964495,17921.865088757393,High Value,1709,1709
CUST04047,5,12,8411.66,2025-07-10,2026-09-23,1682.3319999999999,674.734,440,14.666666666666666,0.34090909090909094,8411.66,573.5222727272727,6882.267272727273,High Value,1710,1710
CUST01487,2,6,8410.26,2025-07-16,2026-01-08,4205.13,1148.93,176,5.866666666666666,0.34090909090909094,8410.26,1433.5670454545457,17202.80454545455,High Value,1711,1711
CUST04751,2,6,8409.26,2025-08-05,2026-01-16,4204.63,1152.435,164,5.466666666666667,0.36585365853658536,8409.26,1538.279268292683,18459.351219512195,High Value,1712,1712
CUST04770,3,9,8404.41,2025-08-20,2026-07-19,2801.47,933.8233333333334,333,11.1,0.2702702702702703,8404.41,757.1540540540541,9085.848648648649,High Value,1713,1713
CUST03514,5,7,8404.07,2025-01-28,2026-06-15,1680.8139999999999,1506.842,503,16.766666666666666,0.29821073558648115,8404.07,501.2367793240557,6014.841351888668,High Value,1714,1714
CUST02898,3,8,8400.45,2025-02-04,2025-06-11,2800.15,951.62,127,4.233333333333333,0.7086614173228346,8400.45,1984.3582677165355,23812.299212598424,High Value,1715,1715
CUST01177,6,10,8399.58,2025-12-24,2026-09-13,1399.93,1106.6233333333332,263,8.766666666666667,0.6844106463878327,8399.58,958.1269961977185,11497.523954372622,High Value,1716,1716
CUST03423,3,11,8398.11,2025-06-20,2026-11-02,2799.3700000000003,831.0100000000001,500,16.666666666666668,0.18,8398.11,503.8866,6046.6392,High Value,1717,1717
CUST04861,5,11,8388.71,2025-10-23,2026-10-18,1677.7419999999997,757.354,360,12.0,0.4166666666666667,8388.71,699.0591666666666,8388.71,High Value,1718,1718
CUST02398,4,8,8387.79,2025-02-06,2026-03-23,2096.9475,1084.0974999999999,410,13.666666666666666,0.29268292682926833,8387.79,613.7407317073172,7364.888780487807,High Value,1719,1719
CUST03633,4,11,8387.5,2025-07-23,2026-10-06,2096.875,893.0425,440,14.666666666666666,0.27272727272727276,8387.5,571.875,6862.5,High Value,1720,1720
CUST02368,3,6,8382.29,2025-07-05,2025-09-09,2794.096666666667,1365.4666666666665,66,2.2,1.3636363636363635,8382.29,3810.1318181818183,45721.58181818182,High Value,1721,1721
CUST04077,4,7,8373.43,2025-01-31,2026-02-22,2093.3575,1104.135,387,12.9,0.31007751937984496,8373.43,649.1031007751938,7789.237209302325,High Value,1722,1722
CUST02773,2,5,8370.75,2026-03-24,2026-09-19,4185.375,1629.555,179,5.966666666666667,0.33519553072625696,8370.75,1402.9189944134077,16835.027932960893,High Value,1723,1723
CUST03065,4,9,8357.880000000001,2025-06-19,2026-11-19,2089.4700000000003,1095.3575,518,17.266666666666666,0.23166023166023167,8357.880000000001,484.04710424710436,5808.565250965252,High Value,1724,1724
CUST02079,5,11,8357.34,2025-02-09,2026-08-16,1671.468,824.646,553,18.433333333333334,0.27124773960216997,8357.34,453.38191681735987,5440.583001808318,High Value,1725,1725
CUST03662,2,7,8343.78,2025-04-25,2025-09-05,4171.89,1190.755,133,4.433333333333334,0.45112781954887216,8343.78,1882.0556390977445,22584.667669172934,High Value,1726,1726
CUST01912,2,7,8338.44,2025-01-31,2025-04-21,4169.22,1141.33,80,2.6666666666666665,0.75,8338.44,3126.9150000000004,37522.98,High Value,1727,1727
CUST01646,3,7,8337.74,2025-04-29,2026-09-04,2779.2466666666664,1222.3933333333334,493,16.433333333333334,0.18255578093306288,8337.74,507.3675456389452,6088.410547667343,High Value,1728,1728
CUST04152,5,12,8335.76,2025-05-04,2025-10-15,1667.152,776.022,164,5.466666666666667,0.9146341463414634,8335.76,1524.8341463414633,18298.00975609756,High Value,1729,1729
CUST02767,6,11,8330.439999999999,2025-11-10,2026-10-20,1388.4066666666665,929.9066666666666,344,11.466666666666667,0.5232558139534884,8330.439999999999,726.4918604651161,8717.902325581394,High Value,1730,1730
CUST02559,2,6,8328.78,2026-02-09,2026-09-13,4164.39,1406.23,216,7.2,0.2777777777777778,8328.78,1156.775,13881.300000000001,High Value,1731,1731
CUST03922,2,7,8323.380000000001,2025-08-03,2026-02-26,4161.6900000000005,1174.25,207,6.9,0.2898550724637681,8323.380000000001,1206.2869565217393,14475.443478260871,High Value,1732,1732
CUST03299,5,13,8319.609999999999,2025-05-24,2026-09-22,1663.9219999999998,665.522,486,16.2,0.308641975308642,8319.609999999999,513.5561728395061,6162.674074074073,High Value,1733,1733
CUST03719,3,13,8318.27,2025-06-02,2026-07-10,2772.7566666666667,608.8166666666667,403,13.433333333333334,0.22332506203473945,8318.27,619.2260545905707,7430.712655086849,High Value,1734,1734
CUST02282,4,7,8318.130000000001,2025-07-28,2026-08-11,2079.5325000000003,1217.8625,379,12.633333333333333,0.316622691292876,8318.130000000001,658.4271767810028,7901.126121372034,High Value,1735,1735
CUST03078,5,10,8313.46,2025-05-06,2026-11-10,1662.6919999999998,941.2180000000001,553,18.433333333333334,0.27124773960216997,8313.46,451.0014466546112,5412.017359855334,High Value,1736,1736
CUST04855,5,11,8313.25,2024-12-27,2026-08-30,1662.65,902.918,611,20.366666666666667,0.24549918166939444,8313.25,408.17921440261864,4898.150572831424,High Value,1737,1737
CUST03526,4,8,8313.05,2025-02-12,2026-02-24,2078.2625,935.16,377,12.566666666666666,0.3183023872679045,8313.05,661.5159151193634,7938.190981432361,High Value,1738,1738
CUST01280,4,13,8311.84,2025-01-16,2026-04-29,2077.96,727.24,468,15.6,0.25641025641025644,8311.84,532.8102564102564,6393.723076923077,High Value,1739,1739
CUST00476,2,7,8310.28,2025-01-30,2025-07-13,4155.14,1066.57,164,5.466666666666667,0.36585365853658536,8310.28,1520.1731707317074,18242.078048780488,High Value,1740,1740
CUST04948,4,10,8308.41,2025-05-10,2026-06-20,2077.1025,748.0350000000001,406,13.533333333333333,0.2955665024630542,8308.41,613.921921182266,7367.063054187192,High Value,1741,1741
CUST00483,4,7,8300.269999999999,2025-03-09,2026-09-03,2075.0674999999997,1158.485,543,18.1,0.22099447513812154,8300.269999999999,458.5784530386739,5502.941436464087,High Value,1742,1742
CUST02721,3,9,8297.94,2025-05-13,2026-09-15,2765.98,921.9933333333333,490,16.333333333333332,0.1836734693877551,8297.94,508.03714285714295,6096.445714285715,High Value,1743,1743
CUST04968,4,8,8295.59,2025-01-28,2025-05-28,2073.8975,994.8975,120,4.0,1.0,8295.59,2073.8975,24886.77,High Value,1744,1744
CUST04186,6,8,8295.54,2025-04-22,2026-11-01,1382.5900000000001,902.7383333333333,558,18.6,0.3225806451612903,8295.54,445.9967741935484,5351.961290322581,High Value,1745,1745
CUST00100,3,9,8287.82,2025-01-07,2025-12-12,2762.6066666666666,1097.4533333333334,339,11.3,0.2654867256637168,8287.82,733.4353982300884,8801.224778761061,High Value,1746,1746
CUST00431,5,11,8286.42,2025-11-03,2026-10-05,1657.284,982.652,336,11.2,0.44642857142857145,8286.42,739.8589285714286,8878.307142857142,High Value,1747,1747
CUST03382,3,10,8271.02,2025-01-24,2026-04-09,2757.0066666666667,788.3033333333333,440,14.666666666666666,0.20454545454545456,8271.02,563.9331818181819,6767.198181818183,High Value,1748,1748
CUST02680,4,10,8261.04,2025-04-19,2026-06-21,2065.26,1071.64,428,14.266666666666667,0.2803738317757009,8261.04,579.0448598130841,6948.538317757009,High Value,1749,1749
CUST02702,6,8,8260.03,2025-01-11,2026-10-08,1376.6716666666669,1078.715,635,21.166666666666668,0.28346456692913385,8260.03,390.2376377952756,4682.851653543307,High Value,1750,1750
CUST01629,4,9,8251.85,2024-11-29,2026-04-10,2062.9625,950.4275,497,16.566666666666666,0.2414486921529175,8251.85,498.0995975855131,5977.195171026157,High Value,1751,1751
CUST01648,3,7,8251.04,2025-04-30,2026-09-17,2750.346666666667,1068.71,505,16.833333333333332,0.17821782178217824,8251.04,490.160792079208,5881.929504950496,High Value,1752,1752
CUST04377,4,7,8249.17,2025-08-07,2026-09-12,2062.2925,1186.9824999999998,401,13.366666666666667,0.29925187032418954,8249.17,617.1448877805486,7405.738653366583,High Value,1753,1753
CUST04517,5,9,8248.03,2025-03-08,2026-11-03,1649.6060000000002,943.524,605,20.166666666666668,0.24793388429752064,8248.03,408.9932231404959,4907.918677685951,High Value,1754,1754
CUST02120,3,9,8247.71,2025-02-25,2026-02-07,2749.236666666666,956.25,347,11.566666666666666,0.25936599423631124,8247.71,713.0585014409221,8556.702017291065,High Value,1755,1755
CUST03442,4,7,8242.8,2025-04-12,2026-12-12,2060.7,968.0025,609,20.3,0.19704433497536944,8242.8,406.0492610837438,4872.591133004926,High Value,1756,1756
CUST03002,6,13,8242.15,2025-04-24,2026-10-07,1373.6916666666666,633.725,531,17.7,0.33898305084745767,8242.15,465.65819209039546,5587.8983050847455,High Value,1757,1757
CUST04100,2,9,8236.65,2026-05-13,2026-06-10,4118.325,916.355,28,0.9333333333333333,2.0,8236.65,8236.65,98839.79999999999,High Value,1758,1758
CUST00065,4,9,8234.52,2025-01-03,2026-12-27,2058.63,986.56,723,24.1,0.16597510373443983,8234.52,341.6813278008299,4100.1759336099585,High Value,1759,1759
CUST01547,4,8,8234.1,2025-03-25,2026-06-19,2058.525,1075.7925,451,15.033333333333333,0.2660753880266075,8234.1,547.7228381374723,6572.674057649668,High Value,1760,1760
CUST04740,4,7,8229.81,2025-01-02,2026-07-22,2057.4525,996.825,566,18.866666666666667,0.21201413427561838,8229.81,436.2090106007067,5234.50812720848,High Value,1761,1761
CUST04662,5,7,8227.81,2024-12-04,2025-11-07,1645.562,1049.018,338,11.266666666666667,0.4437869822485207,8227.81,730.2789940828401,8763.34792899408,High Value,1762,1762
CUST02285,3,8,8225.22,2026-05-26,2026-10-08,2741.74,851.2266666666666,135,4.5,0.6666666666666666,8225.22,1827.8266666666666,21933.92,High Value,1763,1763
CUST04164,3,7,8221.07,2024-12-30,2026-08-03,2740.3566666666666,1267.9733333333334,581,19.366666666666667,0.1549053356282272,8221.07,424.4958691910499,5093.950430292599,High Value,1764,1764
CUST03679,7,12,8216.34,2025-05-02,2026-12-02,1173.7628571428572,766.5257142857143,579,19.3,0.3626943005181347,8216.34,425.71709844559587,5108.60518134715,High Value,1765,1765
CUST01630,6,11,8215.24,2025-01-27,2026-12-14,1369.2066666666667,808.4966666666668,686,22.866666666666667,0.26239067055393583,8215.24,359.26705539358596,4311.204664723032,High Value,1766,1766
CUST02056,5,11,8214.59,2025-02-12,2026-05-31,1642.9180000000001,928.1659999999999,473,15.766666666666667,0.3171247357293869,8214.59,521.0099365750528,6252.119238900634,High Value,1767,1767
CUST01328,4,7,8214.44,2024-11-19,2026-08-04,2053.61,1044.1225,623,20.766666666666666,0.1926163723916533,8214.44,395.5589085072232,4746.706902086678,High Value,1768,1768
CUST04937,5,10,8213.98,2025-06-12,2026-07-19,1642.7959999999998,782.008,402,13.4,0.3731343283582089,8213.98,612.9835820895522,7355.802985074626,High Value,1769,1769
CUST02092,4,7,8213.27,2024-12-19,2026-08-24,2053.3175,1129.8274999999999,613,20.433333333333334,0.19575856443719414,8213.27,401.95448613376834,4823.45383360522,High Value,1770,1770
CUST00574,3,5,8212.470000000001,2025-07-02,2026-03-31,2737.4900000000002,1423.93,272,9.066666666666666,0.33088235294117646,8212.470000000001,905.7871323529413,10869.445588235296,High Value,1771,1771
CUST02132,3,11,8206.28,2025-03-27,2026-08-18,2735.4266666666667,732.46,509,16.966666666666665,0.17681728880157171,8206.28,483.67072691552073,5804.048722986248,High Value,1772,1772
CUST01147,2,7,8202.310000000001,2024-12-09,2025-03-11,4101.155000000001,1002.7,92,3.066666666666667,0.6521739130434783,8202.310000000001,2674.6663043478266,32095.99565217392,High Value,1773,1773
CUST04776,3,8,8201.300000000001,2025-10-05,2026-05-02,2733.766666666667,1171.03,209,6.966666666666667,0.43062200956937796,8201.300000000001,1177.22009569378,14126.64114832536,High Value,1774,1774
CUST03481,5,7,8200.83,2025-01-26,2026-02-17,1640.166,1140.438,387,12.9,0.38759689922480617,8200.83,635.7232558139534,7628.6790697674405,High Value,1775,1775
CUST02465,3,10,8197.67,2025-03-24,2026-01-05,2732.556666666667,830.6233333333333,287,9.566666666666666,0.31358885017421606,8197.67,856.8993031358885,10282.791637630662,High Value,1776,1776
CUST04757,4,10,8196.01,2024-12-14,2025-11-27,2049.0025,984.3275,348,11.6,0.3448275862068966,8196.01,706.5525862068966,8478.63103448276,High Value,1777,1777
CUST01727,5,8,8195.529999999999,2025-07-07,2026-07-27,1639.1059999999998,1105.02,385,12.833333333333334,0.3896103896103896,8195.529999999999,638.6127272727272,7663.352727272726,High Value,1778,1778
CUST04563,6,12,8192.91,2025-03-06,2026-05-03,1365.485,655.955,423,14.1,0.425531914893617,8192.91,581.0574468085107,6972.689361702129,High Value,1779,1779
CUST04033,5,10,8191.22,2025-01-27,2026-06-11,1638.2440000000001,948.872,500,16.666666666666668,0.3,8191.22,491.47319999999996,5897.6784,High Value,1780,1780
CUST03129,4,10,8190.98,2025-06-23,2026-10-21,2047.745,828.895,485,16.166666666666668,0.24742268041237112,8190.98,506.6585567010309,6079.9026804123705,High Value,1781,1781
CUST03680,5,9,8187.25,2024-12-17,2026-01-28,1637.45,838.052,407,13.566666666666666,0.36855036855036855,8187.25,603.482800982801,7241.7936117936115,High Value,1782,1782
CUST01201,4,10,8184.57,2025-06-05,2026-08-26,2046.1425,792.195,447,14.9,0.2684563758389262,8184.57,549.3,6591.599999999999,High Value,1783,1783
CUST04628,2,6,8184.42,2025-02-18,2025-03-06,4092.21,1364.0700000000002,16,0.5333333333333333,2.0,8184.42,8184.42,98213.04000000001,High Value,1784,1784
CUST03172,3,7,8183.49,2025-01-29,2026-08-08,2727.83,1132.5766666666666,556,18.533333333333335,0.1618705035971223,8183.49,441.5552158273381,5298.662589928057,High Value,1785,1785
CUST03759,5,8,8183.36,2025-01-02,2026-07-07,1636.672,1082.782,551,18.366666666666667,0.27223230490018147,8183.36,445.55499092558983,5346.659891107078,High Value,1786,1786
CUST03841,4,9,8180.099999999999,2025-03-18,2025-11-11,2045.0249999999999,1063.605,238,7.933333333333334,0.5042016806722689,8180.099999999999,1031.1050420168067,12373.26050420168,High Value,1787,1787
CUST03250,5,7,8178.84,2025-07-23,2026-08-17,1635.768,1217.194,390,13.0,0.38461538461538464,8178.84,629.1415384615385,7549.698461538463,High Value,1788,1788
CUST01065,3,9,8176.959999999999,2026-07-21,2026-09-29,2725.653333333333,989.3866666666667,70,2.3333333333333335,1.2857142857142856,8176.959999999999,3504.411428571428,42052.93714285714,High Value,1789,1789
CUST00406,6,12,8176.65,2025-02-22,2026-11-03,1362.7749999999999,806.7966666666667,619,20.633333333333333,0.29079159935379645,8176.65,396.2835218093699,4755.402261712439,High Value,1790,1790
CUST02250,2,7,8176.48,2026-02-23,2026-10-09,4088.24,981.37,228,7.6,0.2631578947368421,8176.48,1075.8526315789475,12910.231578947369,High Value,1791,1791
CUST02352,3,5,8172.87,2025-08-27,2025-10-27,2724.29,1519.05,61,2.033333333333333,1.4754098360655739,8172.87,4019.4442622950824,48233.33114754099,High Value,1792,1792
CUST01954,4,9,8167.79,2024-12-11,2026-06-06,2041.9475,951.55,542,18.066666666666666,0.22140221402214022,8167.79,452.09169741697417,5425.1003690036905,High Value,1793,1793
CUST01802,2,5,8167.45,2025-06-06,2025-08-26,4083.725,1716.245,81,2.7,0.7407407407407407,8167.45,3024.9814814814813,36299.777777777774,High Value,1794,1794
CUST00187,3,9,8162.34,2025-02-03,2025-10-17,2720.78,906.9266666666666,256,8.533333333333333,0.3515625,8162.34,956.52421875,11478.290625000001,High Value,1795,1795
CUST04449,4,9,8160.370000000001,2025-12-14,2026-10-09,2040.0925000000002,922.32,299,9.966666666666667,0.4013377926421405,8160.370000000001,818.7662207357861,9825.194648829432,High Value,1796,1796
CUST02693,2,8,8158.52,2025-06-26,2026-10-30,4079.26,1019.815,491,16.366666666666667,0.12219959266802444,8158.52,498.48391038696536,5981.806924643584,High Value,1797,1797
CUST00780,4,14,8157.85,2025-01-09,2026-06-21,2039.4625,766.2125,528,17.6,0.22727272727272727,8157.85,463.5142045454545,5562.170454545454,High Value,1798,1798
CUST00077,3,12,8156.19,2024-11-22,2025-03-31,2718.73,623.16,129,4.3,0.6976744186046512,8156.19,1896.7883720930233,22761.46046511628,High Value,1799,1799
CUST04067,2,7,8148.93,2025-01-01,2025-09-14,4074.465,1182.0149999999999,256,8.533333333333333,0.234375,8148.93,954.9527343750001,11459.432812500001,High Value,1800,1800
CUST04160,4,6,8144.63,2025-02-14,2026-08-28,2036.1575,1441.0625,560,18.666666666666668,0.21428571428571427,8144.63,436.3194642857143,5235.833571428571,High Value,1801,1801
CUST00382,5,7,8140.92,2025-05-20,2026-09-18,1628.184,1099.22,486,16.2,0.308641975308642,8140.92,502.52592592592595,6030.311111111111,High Value,1802,1802
CUST04518,3,6,8140.28,2025-07-18,2026-05-15,2713.4266666666667,1147.1466666666668,301,10.033333333333333,0.29900332225913623,8140.28,811.3235880398671,9735.883056478406,High Value,1803,1803
CUST02636,4,7,8139.889999999999,2025-05-14,2026-10-06,2034.9724999999999,1032.47,510,17.0,0.23529411764705882,8139.889999999999,478.81705882352935,5745.804705882352,High Value,1804,1804
CUST00513,4,8,8138.49,2025-02-11,2026-10-04,2034.6225,917.2325,600,20.0,0.2,8138.49,406.92449999999997,4883.093999999999,High Value,1805,1805
CUST02457,3,6,8137.26,2025-12-08,2026-06-15,2712.42,1438.9633333333331,189,6.3,0.4761904761904762,8137.26,1291.6285714285716,15499.54285714286,High Value,1806,1806
CUST00625,4,10,8135.17,2025-03-16,2026-03-04,2033.7925,794.0525,353,11.766666666666667,0.3399433427762039,8135.17,691.3742209631728,8296.490651558073,High Value,1807,1807
CUST02578,6,11,8132.32,2025-01-19,2026-03-30,1355.3866666666665,924.3249999999999,435,14.5,0.41379310344827586,8132.32,560.8496551724138,6730.195862068966,High Value,1808,1808
CUST03744,3,8,8124.849999999999,2025-06-05,2025-09-30,2708.2833333333333,822.7633333333333,117,3.9,0.7692307692307693,8124.849999999999,2083.2948717948716,24999.53846153846,High Value,1809,1809
CUST03943,4,8,8123.59,2025-03-04,2026-01-31,2030.8975,984.9225,333,11.1,0.3603603603603604,8123.59,731.854954954955,8782.25945945946,High Value,1810,1810
CUST04794,2,7,8118.28,2025-11-13,2025-12-28,4059.14,1135.245,45,1.5,1.3333333333333333,8118.28,5412.1866666666665,64946.24,High Value,1811,1811
CUST02666,4,6,8118.259999999999,2025-01-11,2025-08-20,2029.5649999999998,1278.02,221,7.366666666666666,0.5429864253393666,8118.259999999999,1102.0262443438914,13224.314932126697,High Value,1812,1812
CUST01297,4,9,8115.78,2025-01-23,2026-07-15,2028.945,953.8875,538,17.933333333333334,0.22304832713754646,8115.78,452.5527881040892,5430.6334572490705,High Value,1813,1813
CUST03484,5,7,8113.58,2025-03-21,2026-03-25,1622.716,1435.1280000000002,369,12.3,0.4065040650406504,8113.58,659.640650406504,7915.687804878049,High Value,1814,1814
CUST00435,4,8,8108.759999999999,2025-05-07,2026-06-24,2027.1899999999998,813.3000000000001,413,13.766666666666667,0.29055690072639223,8108.759999999999,589.014043583535,7068.1685230024195,High Value,1815,1815
CUST02710,4,7,8105.78,2025-04-18,2026-01-30,2026.445,1227.0475,287,9.566666666666666,0.4181184668989547,8105.78,847.2940766550522,10167.528919860626,High Value,1816,1816
CUST02630,5,7,8101.070000000001,2025-04-11,2026-01-21,1620.2140000000002,1320.77,285,9.5,0.5263157894736842,8101.070000000001,852.7442105263159,10232.930526315791,High Value,1817,1817
CUST00874,4,7,8101.0,2025-03-08,2026-07-14,2025.25,1090.5325,493,16.433333333333334,0.2434077079107505,8101.0,492.96146044624743,5915.537525354969,High Value,1818,1818
CUST03525,7,13,8099.990000000001,2024-12-24,2026-05-19,1157.1414285714286,674.8357142857143,511,17.033333333333335,0.410958904109589,8099.990000000001,475.5375733855186,5706.450880626224,High Value,1819,1819
CUST02722,3,7,8095.1,2025-06-27,2026-10-25,2698.366666666667,1196.0833333333333,485,16.166666666666668,0.18556701030927833,8095.1,500.7278350515464,6008.734020618556,High Value,1820,1820
CUST02606,5,10,8090.54,2025-07-13,2026-05-01,1618.108,880.9040000000001,292,9.733333333333333,0.5136986301369864,8090.54,831.2198630136987,9974.638356164385,High Value,1821,1821
CUST03249,6,11,8083.09,2025-04-08,2026-07-17,1347.1816666666666,783.7933333333334,465,15.5,0.3870967741935484,8083.09,521.4896774193548,6257.876129032258,High Value,1822,1822
CUST01618,5,9,8074.6,2025-04-22,2026-11-07,1614.92,1033.3799999999999,564,18.8,0.26595744680851063,8074.6,429.5,5154.0,High Value,1823,1823
CUST00506,5,10,8070.05,2025-06-23,2026-08-31,1614.01,965.2520000000001,434,14.466666666666667,0.3456221198156682,8070.05,557.8375576036866,6694.05069124424,High Value,1824,1824
CUST01892,5,7,8068.28,2025-03-08,2026-01-19,1613.656,1162.1119999999999,317,10.566666666666666,0.47318611987381703,8068.28,763.5596214511041,9162.71545741325,High Value,1825,1825
CUST02266,4,8,8064.859999999999,2025-01-27,2026-05-06,2016.2149999999997,852.2850000000001,464,15.466666666666667,0.25862068965517243,8064.859999999999,521.4349137931034,6257.218965517241,High Value,1826,1826
CUST00619,3,7,8051.549999999999,2025-05-26,2026-11-17,2683.85,1099.95,540,18.0,0.16666666666666666,8051.549999999999,447.3083333333333,5367.699999999999,High Value,1827,1827
CUST01755,6,10,8051.4,2025-05-29,2026-06-10,1341.8999999999999,858.5833333333334,377,12.566666666666666,0.4774535809018568,8051.4,640.6949602122015,7688.339522546418,High Value,1828,1828
CUST04107,2,7,8050.09,2025-01-10,2025-10-01,4025.045,1066.18,264,8.8,0.22727272727272727,8050.09,914.7829545454545,10977.395454545454,High Value,1829,1829
CUST02439,5,7,8049.42,2025-01-11,2026-08-02,1609.884,1060.3200000000002,568,18.933333333333334,0.2640845070422535,8049.42,425.14542253521125,5101.745070422535,High Value,1830,1830
CUST03488,4,9,8041.9800000000005,2025-07-08,2026-09-02,2010.4950000000001,917.695,421,14.033333333333333,0.2850356294536817,8041.9800000000005,573.0627078384798,6876.752494061758,High Value,1831,1831
CUST03148,1,4,8037.04,2025-08-07,2025-08-07,8037.04,2009.26,0,0.0,1.0,8037.04,8037.04,96444.48,High Value,1832,1832
CUST02055,4,7,8031.41,2025-02-21,2026-10-14,2007.8525,1091.9975,600,20.0,0.2,8031.41,401.5705,4818.846,High Value,1833,1833
CUST01059,3,8,8030.99,2025-08-03,2025-11-27,2676.9966666666664,977.9966666666666,116,3.8666666666666667,0.7758620689655172,8030.99,2076.980172413793,24923.762068965516,High Value,1834,1834
CUST04237,3,7,8027.67,2025-04-17,2026-03-06,2675.89,991.39,323,10.766666666666667,0.2786377708978328,8027.67,745.6040247678018,8947.24829721362,High Value,1835,1835
CUST00236,5,11,8027.2699999999995,2024-11-15,2025-10-26,1605.454,725.322,345,11.5,0.43478260869565216,8027.2699999999995,698.0234782608695,8376.281739130434,High Value,1836,1836
CUST03997,5,7,8019.51,2024-11-17,2026-10-20,1603.902,1023.8100000000001,702,23.4,0.2136752136752137,8019.51,342.7141025641026,4112.569230769231,High Value,1837,1837
CUST02504,5,9,8017.49,2025-01-03,2026-08-14,1603.498,813.4159999999999,588,19.6,0.25510204081632654,8017.49,409.05561224489793,4908.667346938775,High Value,1838,1838
CUST00014,5,9,8017.47,2025-02-28,2026-03-06,1603.4940000000001,1017.9459999999999,371,12.366666666666667,0.40431266846361186,8017.47,648.3129380053908,7779.75525606469,High Value,1839,1839
CUST01419,4,7,8016.92,2025-01-30,2026-11-07,2004.23,1104.8175,646,21.533333333333335,0.18575851393188852,8016.92,372.30278637770897,4467.633436532507,High Value,1840,1840
CUST01984,4,10,8011.360000000001,2025-06-04,2026-10-07,2002.8400000000001,833.485,490,16.333333333333332,0.2448979591836735,8011.360000000001,490.4914285714286,5885.897142857144,High Value,1841,1841
CUST01007,5,9,8011.17,2025-01-18,2026-06-02,1602.234,959.152,500,16.666666666666668,0.3,8011.17,480.67019999999997,5768.042399999999,High Value,1842,1842
CUST03827,3,6,8010.08,2025-09-27,2026-09-09,2670.0266666666666,1301.5366666666666,347,11.566666666666666,0.25936599423631124,8010.08,692.514121037464,8310.169452449567,High Value,1843,1843
CUST01677,5,8,8009.02,2025-06-11,2026-10-27,1601.804,1010.894,503,16.766666666666666,0.29821073558648115,8009.02,477.67514910536784,5732.101789264414,High Value,1844,1844
CUST02410,5,10,8008.599999999999,2024-12-24,2026-01-22,1601.7199999999998,899.274,394,13.133333333333333,0.3807106598984772,8008.599999999999,609.7918781725888,7317.502538071065,High Value,1845,1845
CUST00073,4,7,8005.5599999999995,2025-05-09,2026-09-02,2001.3899999999999,1110.1225,481,16.033333333333335,0.24948024948024947,8005.5599999999995,499.3072765072764,5991.687318087317,High Value,1846,1846
CUST01064,4,7,7998.83,2026-04-16,2026-09-08,1999.7075,1168.275,145,4.833333333333333,0.8275862068965518,7998.83,1654.9303448275864,19859.16413793104,High Value,1847,1847
CUST02033,4,8,7995.280000000001,2024-12-18,2025-08-23,1998.8200000000002,817.87,248,8.266666666666667,0.48387096774193544,7995.280000000001,967.1709677419354,11606.051612903226,High Value,1848,1848
CUST00538,3,9,7984.4800000000005,2024-12-08,2026-12-09,2661.4933333333333,807.2666666666668,731,24.366666666666667,0.12311901504787962,7984.4800000000005,327.68043775649795,3932.1652530779756,High Value,1849,1849
CUST03345,3,13,7984.22,2025-04-12,2026-08-22,2661.4066666666668,594.16,497,16.566666666666666,0.18108651911468812,7984.22,481.94486921529176,5783.338430583501,High Value,1850,1850
CUST04586,2,6,7981.58,2025-02-05,2025-03-25,3990.79,1112.69,48,1.6,1.25,7981.58,4988.487499999999,59861.84999999999,High Value,1851,1851
CUST04512,5,8,7981.280000000001,2025-04-27,2026-07-15,1596.256,947.208,444,14.8,0.33783783783783783,7981.280000000001,539.2756756756756,6471.308108108107,High Value,1852,1852
CUST02485,5,10,7980.73,2025-01-10,2026-08-29,1596.146,808.2459999999999,596,19.866666666666667,0.25167785234899326,7980.73,401.7145973154362,4820.575167785235,High Value,1853,1853
CUST02713,4,8,7979.56,2025-01-03,2026-11-16,1994.89,1112.915,682,22.733333333333334,0.1759530791788856,7979.56,351.00703812316715,4212.084457478006,High Value,1854,1854
CUST03042,5,7,7974.75,2025-06-09,2026-06-24,1594.95,1037.658,380,12.666666666666666,0.39473684210526316,7974.75,629.5855263157895,7555.026315789473,High Value,1855,1855
CUST03535,3,6,7974.01,2025-03-13,2026-09-23,2658.0033333333336,1112.2766666666666,559,18.633333333333333,0.16100178890876565,7974.01,427.94329159212884,5135.319499105546,High Value,1856,1856
CUST04106,4,9,7972.13,2024-11-26,2025-10-10,1993.0325,817.1375,318,10.6,0.37735849056603776,7972.13,752.0877358490567,9025.05283018868,High Value,1857,1857
CUST03840,2,5,7969.9,2025-02-15,2026-08-17,3984.95,1698.0,548,18.266666666666666,0.10948905109489052,7969.9,436.30839416058393,5235.700729927007,High Value,1858,1858
CUST04437,3,7,7968.969999999999,2025-02-07,2026-08-13,2656.3233333333333,1301.57,552,18.4,0.16304347826086957,7968.969999999999,433.0961956521739,5197.154347826086,High Value,1859,1859
CUST03995,5,6,7967.389999999999,2025-06-02,2026-07-23,1593.4779999999998,1282.262,416,13.866666666666667,0.3605769230769231,7967.389999999999,574.5713942307692,6894.85673076923,High Value,1860,1860
CUST00302,3,7,7965.27,2025-01-12,2026-11-12,2655.09,1143.4033333333334,669,22.3,0.13452914798206278,7965.27,357.18699551569506,4286.2439461883405,High Value,1861,1861
CUST00135,5,8,7957.48,2025-10-20,2026-08-01,1591.4959999999999,1055.4379999999999,285,9.5,0.5263157894736842,7957.48,837.6294736842104,10051.553684210525,High Value,1862,1862
CUST03391,4,9,7947.96,2024-12-18,2025-04-05,1986.99,893.095,108,3.6,1.1111111111111112,7947.96,2207.7666666666664,26493.199999999997,High Value,1863,1863
CUST01728,4,8,7944.91,2025-07-27,2026-07-22,1986.2275,959.99,360,12.0,0.3333333333333333,7944.91,662.0758333333333,7944.91,High Value,1864,1864
CUST04000,2,6,7942.950000000001,2025-06-22,2025-08-03,3971.4750000000004,1323.825,42,1.4,1.4285714285714286,7942.950000000001,5673.535714285716,68082.42857142858,High Value,1865,1865
CUST02529,3,9,7942.58,2024-11-21,2026-09-16,2647.5266666666666,939.4366666666666,664,22.133333333333333,0.1355421686746988,7942.58,358.8515060240964,4306.218072289157,High Value,1866,1866
CUST00961,2,6,7940.24,2026-03-05,2026-03-15,3970.12,1380.75,10,0.3333333333333333,2.0,7940.24,7940.24,95282.88,High Value,1867,1867
CUST02755,3,7,7939.610000000001,2025-02-15,2026-01-29,2646.536666666667,1043.0833333333333,348,11.6,0.25862068965517243,7939.610000000001,684.4491379310346,8213.389655172414,High Value,1868,1868
CUST01247,4,9,7937.51,2025-04-14,2026-03-11,1984.3775,925.3775,331,11.033333333333333,0.36253776435045315,7937.51,719.4117824773414,8632.941389728097,High Value,1869,1869
CUST01170,6,12,7935.530000000001,2024-12-21,2026-10-22,1322.5883333333334,763.0766666666667,670,22.333333333333332,0.26865671641791045,7935.530000000001,355.3222388059702,4263.866865671642,High Value,1870,1870
CUST02269,4,10,7934.81,2025-09-25,2026-08-29,1983.7025,786.6700000000001,338,11.266666666666667,0.35502958579881655,7934.81,704.2730769230769,8451.276923076923,High Value,1871,1871
CUST04910,3,9,7933.610000000001,2024-12-21,2025-04-26,2644.536666666667,836.3466666666667,126,4.2,0.7142857142857143,7933.610000000001,1888.9547619047619,22667.457142857143,High Value,1872,1872
CUST04670,3,6,7932.66,2025-09-15,2026-12-12,2644.22,1279.0800000000002,453,15.1,0.19867549668874174,7932.66,525.3417218543046,6304.100662251656,High Value,1873,1873
CUST01427,3,7,7922.76,2025-04-20,2026-01-02,2640.92,1107.6000000000001,257,8.566666666666666,0.3501945525291829,7922.76,924.8357976653697,11098.029571984436,High Value,1874,1874
CUST01961,4,7,7920.08,2025-11-14,2026-09-06,1980.02,1114.565,296,9.866666666666667,0.4054054054054054,7920.08,802.7108108108108,9632.52972972973,High Value,1875,1875
CUST00160,3,6,7912.39,2025-04-12,2026-07-27,2637.4633333333336,1360.2033333333334,471,15.7,0.1910828025477707,7912.39,503.97388535031854,6047.686624203822,High Value,1876,1876
CUST01009,3,7,7910.13,2025-02-23,2026-09-08,2636.71,1367.256666666667,562,18.733333333333334,0.16014234875444838,7910.13,422.24893238434163,5066.9871886121,High Value,1877,1877
CUST02436,3,9,7904.65,2025-08-03,2026-07-20,2634.883333333333,1013.91,351,11.7,0.25641025641025644,7904.65,675.6111111111111,8107.333333333333,High Value,1878,1878
CUST03726,3,6,7902.29,2025-06-12,2026-07-15,2634.096666666667,1434.6266666666668,398,13.266666666666667,0.22613065326633164,7902.29,595.65,7147.799999999999,High Value,1879,1879
CUST02924,2,6,7902.08,2026-09-18,2026-10-19,3951.04,1419.35,31,1.0333333333333334,1.9354838709677418,7902.08,7647.174193548386,91766.09032258063,High Value,1880,1880
CUST01272,2,8,7900.92,2024-12-21,2025-11-26,3950.46,987.615,340,11.333333333333334,0.1764705882352941,7900.92,697.14,8365.68,High Value,1881,1881
CUST02180,2,7,7896.72,2025-03-19,2026-07-14,3948.36,1169.335,482,16.066666666666666,0.12448132780082988,7896.72,491.4970954356847,5897.965145228216,High Value,1882,1882
CUST01017,4,8,7889.24,2025-03-05,2026-08-18,1972.31,933.3825,531,17.7,0.22598870056497175,7889.24,445.7197740112994,5348.637288135593,High Value,1883,1883
CUST02046,3,9,7888.59,2025-01-07,2025-05-25,2629.53,816.96,138,4.6,0.6521739130434783,7888.59,1714.9108695652176,20578.93043478261,High Value,1884,1884
CUST02208,1,4,7888.44,2026-02-04,2026-02-04,7888.44,1972.11,0,0.0,1.0,7888.44,7888.44,94661.28,High Value,1885,1885
CUST01854,6,11,7882.320000000001,2025-01-20,2026-10-26,1313.72,724.11,644,21.466666666666665,0.27950310559006214,7882.320000000001,367.18881987577646,4406.265838509317,High Value,1886,1886
CUST00314,4,8,7879.89,2025-01-06,2026-01-21,1969.9725,979.6424999999999,380,12.666666666666666,0.31578947368421056,7879.89,622.0965789473685,7465.158947368422,High Value,1887,1887
CUST01949,6,8,7879.48,2025-01-27,2026-04-27,1313.2466666666667,1031.7516666666668,455,15.166666666666666,0.39560439560439564,7879.48,519.5261538461539,6234.3138461538465,High Value,1888,1888
CUST03115,4,9,7873.33,2025-05-01,2026-02-18,1968.3325,930.5074999999999,293,9.766666666666667,0.40955631399317405,7873.33,806.1430034129692,9673.71604095563,High Value,1889,1889
CUST03727,5,7,7872.3099999999995,2025-02-27,2026-08-08,1574.462,1117.834,527,17.566666666666666,0.2846299810246679,7872.3099999999995,448.1390891840607,5377.669070208729,High Value,1890,1890
CUST00502,3,6,7870.42,2025-04-17,2026-11-26,2623.4733333333334,1311.96,588,19.6,0.1530612244897959,7870.42,401.5520408163265,4818.624489795918,High Value,1891,1891
CUST04226,2,7,7869.08,2026-01-14,2026-04-16,3934.54,1228.445,92,3.066666666666667,0.6521739130434783,7869.08,2566.004347826087,30792.05217391304,High Value,1892,1892
CUST04462,5,7,7868.64,2025-06-21,2026-09-20,1573.728,1382.404,456,15.2,0.32894736842105265,7868.64,517.6736842105264,6212.084210526316,High Value,1893,1893
CUST03230,6,10,7868.33,2025-03-07,2026-05-20,1311.3883333333333,944.085,439,14.633333333333333,0.4100227790432802,7868.33,537.6990888382688,6452.389066059226,High Value,1894,1894
CUST00533,3,5,7868.120000000001,2026-02-13,2026-08-31,2622.706666666667,1620.7866666666669,199,6.633333333333334,0.4522613065326633,7868.120000000001,1186.148743718593,14233.784924623116,High Value,1895,1895
CUST00443,6,9,7864.02,2024-12-12,2026-09-28,1310.67,910.3166666666666,655,21.833333333333332,0.2748091603053435,7864.02,360.18412213740464,4322.209465648855,High Value,1896,1896
CUST00932,5,14,7862.63,2025-01-29,2025-07-04,1572.526,581.048,156,5.2,0.9615384615384615,7862.63,1512.0442307692308,18144.53076923077,High Value,1897,1897
CUST00174,4,7,7859.46,2025-06-03,2026-10-01,1964.865,1039.4850000000001,485,16.166666666666668,0.24742268041237112,7859.46,486.15216494845356,5833.825979381443,High Value,1898,1898
CUST02533,4,10,7858.14,2025-04-21,2026-05-02,1964.535,1086.615,376,12.533333333333333,0.3191489361702128,7858.14,626.9792553191489,7523.751063829787,High Value,1899,1899
CUST02781,5,10,7857.12,2025-06-04,2026-07-23,1571.424,833.4379999999999,414,13.8,0.36231884057971014,7857.12,569.3565217391304,6832.278260869564,High Value,1900,1900
CUST04591,3,8,7856.84,2024-12-13,2025-03-31,2618.9466666666667,990.5633333333334,108,3.6,0.8333333333333333,7856.84,2182.4555555555557,26189.466666666667,High Value,1901,1901
CUST03949,3,8,7853.16,2025-09-14,2026-05-03,2617.72,1026.04,231,7.7,0.38961038961038963,7853.16,1019.8909090909091,12238.690909090908,High Value,1902,1902
CUST03645,4,8,7853.129999999999,2024-12-05,2026-07-18,1963.2824999999998,1065.6275,590,19.666666666666668,0.20338983050847456,7853.129999999999,399.3116949152542,4791.740338983051,High Value,1903,1903
CUST00122,3,5,7851.59,2025-03-04,2026-09-22,2617.1966666666667,1096.19,567,18.9,0.15873015873015875,7851.59,415.42804232804235,4985.136507936508,High Value,1904,1904
CUST00695,3,6,7847.6,2025-05-21,2025-06-30,2615.866666666667,1265.3500000000001,40,1.3333333333333333,2.25,7847.6,5885.700000000001,70628.40000000001,High Value,1905,1905
CUST04915,3,7,7843.68,2025-11-27,2026-04-22,2614.56,1218.0466666666666,146,4.866666666666666,0.6164383561643836,7843.68,1611.715068493151,19340.58082191781,High Value,1906,1906
CUST00097,4,10,7841.53,2025-01-28,2025-09-18,1960.3825,819.12,233,7.766666666666667,0.5150214592274678,7841.53,1009.6390557939914,12115.668669527897,High Value,1907,1907
CUST01956,5,12,7840.15,2024-12-19,2026-09-14,1568.03,598.862,634,21.133333333333333,0.23659305993690852,7840.15,370.98501577287067,4451.820189274448,High Value,1908,1908
CUST04317,3,5,7834.49,2025-03-20,2026-09-03,2611.4966666666664,1477.2166666666665,532,17.733333333333334,0.16917293233082706,7834.49,441.7945488721804,5301.534586466165,High Value,1909,1909
CUST01895,3,7,7833.88,2025-05-13,2026-10-11,2611.2933333333335,1002.3066666666667,516,17.2,0.1744186046511628,7833.88,455.45813953488374,5465.497674418605,High Value,1910,1910
CUST04140,4,8,7830.0599999999995,2025-01-18,2026-05-21,1957.5149999999999,1021.12,488,16.266666666666666,0.24590163934426232,7830.0599999999995,481.3561475409836,5776.273770491804,High Value,1911,1911
CUST02059,3,8,7828.43,2025-04-12,2025-11-04,2609.476666666667,1227.7966666666669,206,6.866666666666666,0.4368932038834952,7828.43,1140.0626213592234,13680.751456310682,High Value,1912,1912
CUST03219,4,8,7827.74,2025-07-27,2026-05-29,1956.935,1016.73,306,10.2,0.3921568627450981,7827.74,767.4254901960785,9209.105882352942,High Value,1913,1913
CUST02796,3,8,7825.5599999999995,2024-11-23,2025-10-29,2608.52,936.98,340,11.333333333333334,0.2647058823529412,7825.5599999999995,690.490588235294,8285.887058823528,High Value,1914,1914
CUST02057,4,12,7821.790000000001,2025-06-10,2026-03-24,1955.4475000000002,628.955,287,9.566666666666666,0.4181184668989547,7821.790000000001,817.6087108013938,9811.304529616726,High Value,1915,1915
CUST04625,4,8,7821.23,2025-05-31,2026-10-01,1955.3075,1090.5525,488,16.266666666666666,0.24590163934426232,7821.23,480.8133196721312,5769.759836065574,High Value,1916,1916
CUST03341,5,9,7820.33,2025-04-21,2026-08-11,1564.066,889.3459999999999,477,15.9,0.31446540880503143,7820.33,491.8446540880503,5902.135849056604,High Value,1917,1917
CUST01235,4,6,7817.78,2026-01-24,2026-12-02,1954.445,1136.59,312,10.4,0.3846153846153846,7817.78,751.7096153846153,9020.515384615384,High Value,1918,1918
CUST00720,3,10,7817.3,2025-01-17,2025-11-27,2605.766666666667,764.4900000000001,314,10.466666666666667,0.28662420382165604,7817.3,746.875796178344,8962.509554140128,High Value,1919,1919
CUST00905,2,6,7817.22,2024-12-25,2025-05-23,3908.61,1302.87,149,4.966666666666667,0.40268456375838924,7817.22,1573.936912751678,18887.242953020133,High Value,1920,1920
CUST02810,5,10,7816.129999999999,2024-12-16,2026-09-28,1563.2259999999999,935.2939999999999,651,21.7,0.2304147465437788,7816.129999999999,360.19032258064516,4322.283870967742,High Value,1921,1921
CUST02769,4,10,7811.22,2025-06-20,2026-03-14,1952.805,770.685,267,8.9,0.449438202247191,7811.22,877.6651685393258,10531.98202247191,High Value,1922,1922
CUST01866,4,12,7808.66,2025-05-02,2026-03-07,1952.165,643.025,309,10.3,0.3883495145631068,7808.66,758.1223300970873,9097.467961165048,High Value,1923,1923
CUST04711,5,13,7808.5199999999995,2025-08-02,2026-10-03,1561.704,612.822,427,14.233333333333333,0.351288056206089,7808.5199999999995,548.607962529274,6583.295550351288,High Value,1924,1924
CUST00540,3,6,7801.82,2025-05-19,2026-01-21,2600.6066666666666,1241.1166666666668,247,8.233333333333333,0.3643724696356276,7801.82,947.5894736842106,11371.073684210527,High Value,1925,1925
CUST01975,4,8,7801.469999999999,2025-01-09,2026-07-19,1950.3674999999998,1315.3775,556,18.533333333333335,0.2158273381294964,7801.469999999999,420.94262589928053,5051.311510791366,High Value,1926,1926
CUST02972,3,6,7800.280000000001,2024-12-22,2026-10-09,2600.0933333333337,1303.24,656,21.866666666666667,0.13719512195121952,7800.280000000001,356.72012195121954,4280.641463414635,High Value,1927,1927
CUST01067,3,6,7800.25,2025-01-05,2026-10-04,2600.0833333333335,1094.1133333333335,637,21.233333333333334,0.14128728414442698,7800.25,367.3587127158556,4408.304552590267,High Value,1928,1928
CUST04391,4,10,7792.88,2025-05-17,2026-06-02,1948.22,879.1175,381,12.7,0.31496062992125984,7792.88,613.6125984251969,7363.351181102363,High Value,1929,1929
CUST02167,3,9,7790.57,2024-12-29,2025-09-26,2596.8566666666666,938.41,271,9.033333333333333,0.33210332103321033,7790.57,862.4247232472325,10349.09667896679,High Value,1930,1930
CUST04788,5,8,7789.87,2025-01-17,2026-05-25,1557.974,875.902,493,16.433333333333334,0.3042596348884381,7789.87,474.0286004056795,5688.343204868154,High Value,1931,1931
CUST02986,3,9,7788.46,2025-12-07,2026-09-15,2596.153333333333,784.5233333333334,282,9.4,0.3191489361702127,7788.46,828.5595744680851,9942.714893617022,High Value,1932,1932
CUST00678,3,6,7786.889999999999,2025-07-16,2026-07-26,2595.6299999999997,1108.79,375,12.5,0.24,7786.889999999999,622.9512,7475.4144,High Value,1933,1933
CUST03782,5,9,7786.14,2025-02-11,2026-11-14,1557.228,983.074,641,21.366666666666667,0.23400936037441497,7786.14,364.4059282371295,4372.871138845554,High Value,1934,1934
CUST04686,4,9,7784.21,2025-08-31,2026-02-06,1946.0525,907.15,159,5.3,0.7547169811320755,7784.21,1468.7188679245285,17624.626415094343,High Value,1935,1935
CUST04084,5,9,7781.65,2025-04-01,2026-06-19,1556.33,850.396,444,14.8,0.33783783783783783,7781.65,525.7871621621621,6309.445945945945,High Value,1936,1936
CUST01188,3,7,7779.2300000000005,2025-02-07,2026-09-15,2593.076666666667,1218.0333333333335,585,19.5,0.15384615384615385,7779.2300000000005,398.9348717948718,4787.218461538461,High Value,1937,1937
CUST00308,7,10,7776.77,2025-07-17,2026-11-10,1110.967142857143,748.01,481,16.033333333333335,0.43659043659043656,7776.77,485.0376299376299,5820.451559251559,High Value,1938,1938
CUST00677,6,11,7776.6,2025-05-04,2026-09-27,1296.1000000000001,960.8983333333334,511,17.033333333333335,0.3522504892367906,7776.6,456.5518590998043,5478.622309197652,High Value,1939,1939
CUST01179,4,8,7772.8,2025-07-05,2026-09-04,1943.2,915.315,426,14.2,0.28169014084507044,7772.8,547.3802816901409,6568.563380281691,High Value,1940,1940
CUST00872,4,7,7771.77,2025-08-30,2026-06-09,1942.9425,1149.3525,283,9.433333333333334,0.42402826855123676,7771.77,823.8625441696113,9886.350530035335,High Value,1941,1941
CUST01223,3,9,7766.4,2025-12-18,2026-09-13,2588.7999999999997,1087.1333333333334,269,8.966666666666667,0.3345724907063197,7766.4,866.1412639405204,10393.695167286245,High Value,1942,1942
CUST03860,4,10,7765.01,2025-05-12,2025-09-05,1941.2525,820.4525,116,3.8666666666666667,1.0344827586206897,7765.01,2008.1922413793104,24098.306896551723,High Value,1943,1943
CUST02317,4,7,7760.04,2025-08-08,2026-10-24,1940.01,1041.53,442,14.733333333333333,0.2714932126696833,7760.04,526.6995475113123,6320.394570135748,High Value,1944,1944
CUST02366,3,10,7758.4,2025-07-26,2026-10-18,2586.133333333333,896.4033333333333,449,14.966666666666667,0.20044543429844097,7758.4,518.3786191536748,6220.543429844098,High Value,1945,1945
CUST03629,3,6,7753.6900000000005,2025-09-04,2026-06-11,2584.5633333333335,1323.7466666666667,280,9.333333333333334,0.3214285714285714,7753.6900000000005,830.7525,9969.03,High Value,1946,1946
CUST01043,3,6,7750.25,2025-03-11,2026-03-08,2583.4166666666665,1236.4166666666667,362,12.066666666666666,0.24861878453038674,7750.25,642.2859116022099,7707.430939226519,High Value,1947,1947
CUST04301,3,5,7747.46,2025-07-01,2026-11-14,2582.4866666666667,1462.7,501,16.7,0.17964071856287425,7747.46,463.91976047904194,5567.037125748503,High Value,1948,1948
CUST04872,4,8,7737.62,2026-02-25,2026-05-28,1934.405,974.01,92,3.066666666666667,1.3043478260869565,7737.62,2523.1369565217387,30277.643478260863,High Value,1949,1949
CUST03621,4,7,7736.47,2025-01-12,2026-03-22,1934.1175,928.5775,434,14.466666666666667,0.2764976958525346,7736.47,534.7790322580645,6417.348387096774,High Value,1950,1950
CUST02734,5,9,7730.28,2025-07-09,2026-06-17,1546.056,971.508,343,11.433333333333334,0.43731778425655976,7730.28,676.1177842565597,8113.413411078716,High Value,1951,1951
CUST04151,3,5,7728.62,2025-05-25,2026-01-09,2576.2066666666665,1567.5633333333335,229,7.633333333333334,0.3930131004366812,7728.62,1012.4829694323143,12149.795633187772,High Value,1952,1952
CUST02669,2,6,7725.27,2026-02-21,2026-06-28,3862.635,1287.545,127,4.233333333333333,0.47244094488188976,7725.27,1824.8669291338583,21898.4031496063,High Value,1953,1953
CUST04320,6,10,7725.1900000000005,2025-01-29,2026-03-18,1287.5316666666668,927.6416666666668,413,13.766666666666667,0.4358353510895884,7725.1900000000005,561.1518159806295,6733.821791767554,High Value,1954,1954
CUST03190,2,6,7724.04,2025-08-16,2026-01-15,3862.02,1345.1,152,5.066666666666666,0.39473684210526316,7724.04,1524.4815789473685,18293.77894736842,High Value,1955,1955
CUST03128,4,7,7722.67,2025-07-03,2026-04-01,1930.6675,1184.2649999999999,272,9.066666666666666,0.4411764705882353,7722.67,851.7650735294118,10221.18088235294,High Value,1956,1956
CUST01658,4,7,7720.33,2025-09-01,2026-07-25,1930.0825,1023.375,327,10.9,0.36697247706422015,7720.33,708.2871559633027,8499.445871559632,High Value,1957,1957
CUST02527,5,9,7717.8099999999995,2024-12-29,2026-09-28,1543.562,1078.28,638,21.266666666666666,0.23510971786833856,7717.8099999999995,362.9064263322884,4354.8771159874605,High Value,1958,1958
CUST02085,6,14,7717.23,2024-12-18,2026-08-22,1286.205,685.765,612,20.4,0.29411764705882354,7717.23,378.29558823529413,4539.547058823529,High Value,1959,1959
CUST00517,5,9,7713.71,2025-08-12,2026-05-20,1542.742,879.99,281,9.366666666666667,0.5338078291814946,7713.71,823.5277580071174,9882.33309608541,High Value,1960,1960
CUST03193,4,6,7711.26,2025-05-11,2026-08-31,1927.815,1379.54,477,15.9,0.25157232704402516,7711.26,484.98490566037736,5819.818867924529,High Value,1961,1961
CUST03864,5,11,7704.83,2025-03-11,2026-06-09,1540.966,881.842,455,15.166666666666666,0.32967032967032966,7704.83,508.01076923076926,6096.129230769231,High Value,1962,1962
CUST04124,4,8,7699.65,2024-11-22,2026-06-06,1924.9125,946.8675,561,18.7,0.21390374331550802,7699.65,411.74598930481284,4940.951871657754,High Value,1963,1963
CUST00183,4,9,7695.91,2025-01-28,2026-08-20,1923.9775,831.6324999999999,569,18.966666666666665,0.210896309314587,7695.91,405.75975395430584,4869.11704745167,High Value,1964,1964
CUST03531,5,10,7693.67,2025-06-08,2026-09-05,1538.734,614.6279999999999,454,15.133333333333333,0.3303964757709251,7693.67,508.3922907488987,6100.7074889867845,High Value,1965,1965
CUST01242,5,8,7690.06,2025-01-21,2026-10-29,1538.0120000000002,847.9,646,21.533333333333335,0.23219814241486067,7690.06,357.1235294117647,4285.482352941177,High Value,1966,1966
CUST04143,5,8,7689.96,2025-07-22,2026-06-03,1537.992,891.646,316,10.533333333333333,0.4746835443037975,7689.96,730.0594936708861,8760.713924050633,High Value,1967,1967
CUST04996,5,7,7688.51,2025-01-16,2025-12-28,1537.702,1157.322,346,11.533333333333333,0.43352601156069365,7688.51,666.6338150289017,7999.605780346821,High Value,1968,1968
CUST01496,4,6,7688.219999999999,2025-04-17,2026-10-10,1922.0549999999998,1296.905,541,18.033333333333335,0.22181146025878,7688.219999999999,426.3338262476894,5116.005914972273,High Value,1969,1969
CUST01855,5,7,7688.139999999999,2025-11-05,2026-09-26,1537.628,959.43,325,10.833333333333334,0.4615384615384615,7688.139999999999,709.6744615384614,8516.093538461537,High Value,1970,1970
CUST03815,2,8,7684.95,2025-03-14,2026-06-21,3842.475,1082.045,464,15.466666666666667,0.12931034482758622,7684.95,496.8717672413793,5962.461206896552,High Value,1971,1971
CUST00645,4,5,7683.47,2025-01-26,2026-08-07,1920.8675,1465.1175,558,18.6,0.2150537634408602,7683.47,413.08978494623653,4957.077419354839,High Value,1972,1972
CUST03504,5,8,7681.200000000001,2025-02-02,2026-10-31,1536.2400000000002,896.3639999999999,636,21.2,0.2358490566037736,7681.200000000001,362.3207547169812,4347.849056603774,High Value,1973,1973
CUST00926,5,8,7679.95,2025-01-10,2025-07-27,1535.99,978.024,198,6.6,0.7575757575757576,7679.95,1163.628787878788,13963.545454545456,High Value,1974,1974
CUST01604,3,10,7679.0599999999995,2026-02-25,2026-07-26,2559.6866666666665,794.5533333333333,151,5.033333333333333,0.5960264900662252,7679.0599999999995,1525.641059602649,18307.692715231788,High Value,1975,1975
CUST04789,3,7,7678.6900000000005,2025-06-16,2026-09-03,2559.5633333333335,1335.3366666666668,444,14.8,0.2027027027027027,7678.6900000000005,518.8304054054054,6225.9648648648645,High Value,1976,1976
CUST02367,4,8,7669.37,2025-02-15,2026-02-25,1917.3425,1168.0425,375,12.5,0.32,7669.37,613.5495999999999,7362.5952,High Value,1977,1977
CUST00704,3,8,7668.32,2025-08-31,2026-02-19,2556.1066666666666,885.9166666666666,172,5.733333333333333,0.5232558139534884,7668.32,1337.4976744186047,16049.972093023256,High Value,1978,1978
CUST01143,3,6,7668.16,2025-10-23,2026-05-19,2556.0533333333333,1292.0266666666666,208,6.933333333333334,0.43269230769230765,7668.16,1105.9846153846154,13271.815384615384,High Value,1979,1979
CUST02768,5,6,7668.04,2025-08-15,2026-09-18,1533.608,1200.736,399,13.3,0.37593984962406013,7668.04,576.5443609022556,6918.532330827067,High Value,1980,1980
CUST00778,3,8,7666.75,2025-01-25,2026-06-23,2555.5833333333335,1194.1499999999999,514,17.133333333333333,0.17509727626459146,7666.75,447.4756809338522,5369.708171206226,High Value,1981,1981
CUST02382,3,8,7663.58,2025-07-22,2026-11-20,2554.5266666666666,1180.1733333333334,486,16.2,0.1851851851851852,7663.58,473.0604938271605,5676.725925925926,High Value,1982,1982
CUST02569,1,4,7660.04,2026-08-27,2026-08-27,7660.04,1915.01,0,0.0,1.0,7660.04,7660.04,91920.48,High Value,1983,1983
CUST01310,2,6,7654.32,2025-04-13,2025-12-06,3827.16,1275.72,237,7.9,0.2531645569620253,7654.32,968.9012658227847,11626.815189873416,High Value,1984,1984
CUST04349,4,9,7653.29,2025-01-20,2026-03-04,1913.3225,898.6275,408,13.6,0.29411764705882354,7653.29,562.741911764706,6752.902941176471,High Value,1985,1985
CUST01682,4,10,7650.54,2025-05-17,2026-05-29,1912.635,761.255,377,12.566666666666666,0.3183023872679045,7650.54,608.7962864721485,7305.555437665782,High Value,1986,1986
CUST02426,3,7,7648.870000000001,2025-04-23,2026-10-19,2549.6233333333334,1220.2633333333333,544,18.133333333333333,0.16544117647058823,7648.870000000001,421.8126838235295,5061.752205882354,High Value,1987,1987
CUST02404,3,5,7648.4800000000005,2025-05-03,2025-07-23,2549.4933333333333,1361.4333333333334,81,2.7,1.111111111111111,7648.4800000000005,2832.7703703703705,33993.24444444445,High Value,1988,1988
CUST02914,3,8,7648.0599999999995,2025-08-29,2026-03-18,2549.353333333333,1008.7566666666667,201,6.7,0.44776119402985076,7648.0599999999995,1141.5014925373134,13698.017910447761,High Value,1989,1989
CUST03094,4,9,7646.68,2025-05-30,2026-10-14,1911.67,1010.39,502,16.733333333333334,0.2390438247011952,7646.68,456.97290836653383,5483.674900398406,High Value,1990,1990
CUST00797,3,5,7643.01,2025-06-20,2026-10-15,2547.67,1211.1966666666667,482,16.066666666666666,0.18672199170124482,7643.01,475.70601659751037,5708.472199170124,High Value,1991,1991
CUST03013,3,6,7637.59,2025-03-02,2026-09-26,2545.8633333333332,1243.5633333333333,573,19.1,0.15706806282722513,7637.59,399.8738219895288,4798.485863874345,High Value,1992,1992
CUST00819,2,8,7634.73,2025-01-23,2025-05-15,3817.365,996.1949999999999,112,3.7333333333333334,0.5357142857142857,7634.73,2045.016964285714,24540.203571428567,High Value,1993,1993
CUST02179,3,7,7633.55,2025-04-13,2025-10-14,2544.516666666667,1108.9966666666667,184,6.133333333333334,0.48913043478260865,7633.55,1244.6005434782608,14935.206521739128,High Value,1994,1994
CUST01774,5,10,7633.400000000001,2024-12-11,2026-10-09,1526.68,827.8520000000001,667,22.233333333333334,0.22488755622188905,7633.400000000001,343.3313343328336,4119.976011994003,High Value,1995,1995
CUST04677,2,6,7626.450000000001,2024-11-24,2025-10-27,3813.2250000000004,1164.985,337,11.233333333333333,0.17804154302670624,7626.450000000001,678.912462908012,8146.949554896144,High Value,1996,1996
CUST04388,2,6,7623.37,2025-10-31,2026-02-22,3811.685,1373.665,114,3.8,0.5263157894736842,7623.37,2006.15,24073.800000000003,High Value,1997,1997
CUST02246,3,9,7623.33,2026-02-07,2026-12-04,2541.11,995.87,300,10.0,0.3,7623.33,762.333,9147.996,High Value,1998,1998
CUST02284,4,8,7620.49,2025-04-30,2026-11-18,1905.1225,934.7649999999999,567,18.9,0.21164021164021166,7620.49,403.20052910052914,4838.40634920635,High Value,1999,1999
CUST01096,3,7,7619.71,2025-01-25,2026-01-29,2539.903333333333,1108.1433333333332,369,12.3,0.24390243902439024,7619.71,619.4886178861789,7433.8634146341465,High Value,2000,2000
CUST04441,4,7,7618.77,2025-07-25,2026-04-06,1904.6925,1041.5925,255,8.5,0.47058823529411764,7618.77,896.3258823529412,10755.910588235294,High Value,2001,2001
CUST01536,2,7,7617.82,2025-12-25,2026-11-11,3808.91,1220.425,321,10.7,0.1869158878504673,7617.82,711.9457943925233,8543.34953271028,High Value,2002,2002
CUST01113,3,9,7616.16,2025-03-20,2025-05-08,2538.72,1107.8933333333332,49,1.6333333333333333,1.836734693877551,7616.16,4662.955102040816,55955.461224489794,High Value,2003,2003
CUST03678,4,7,7613.76,2025-07-18,2026-10-11,1903.44,1183.665,450,15.0,0.26666666666666666,7613.76,507.584,6091.008,High Value,2004,2004
CUST00032,4,9,7610.32,2024-12-30,2026-09-23,1902.58,900.24,632,21.066666666666666,0.189873417721519,7610.32,361.2493670886076,4334.992405063291,High Value,2005,2005
CUST02552,3,11,7609.25,2025-06-20,2026-05-19,2536.4166666666665,944.4833333333332,333,11.1,0.2702702702702703,7609.25,685.518018018018,8226.216216216217,High Value,2006,2006
CUST04013,3,7,7604.7,2025-06-23,2026-10-09,2534.9,1138.3733333333332,473,15.766666666666667,0.19027484143763213,7604.7,482.3276955602537,5787.932346723044,High Value,2007,2007
CUST04062,2,7,7604.3,2026-01-09,2026-11-10,3802.15,1105.185,305,10.166666666666666,0.19672131147540986,7604.3,747.9639344262296,8975.567213114755,High Value,2008,2008
CUST04298,2,7,7602.84,2025-03-29,2025-08-07,3801.42,1110.5549999999998,131,4.366666666666666,0.45801526717557256,7602.84,1741.108396946565,20893.30076335878,High Value,2009,2009
CUST00630,6,8,7589.1,2025-08-18,2026-10-24,1264.8500000000001,1013.82,432,14.4,0.41666666666666663,7589.1,527.0208333333334,6324.25,High Value,2010,2010
CUST00035,6,10,7582.57,2025-01-20,2026-02-20,1263.7616666666665,1003.525,396,13.2,0.4545454545454546,7582.57,574.4371212121213,6893.245454545455,High Value,2011,2011
CUST02021,4,10,7581.01,2025-03-10,2026-11-05,1895.2525,786.845,605,20.166666666666668,0.1983471074380165,7581.01,375.9178512396694,4511.014214876033,High Value,2012,2012
CUST01724,4,7,7580.95,2024-12-01,2026-06-03,1895.2375,984.6275,549,18.3,0.2185792349726776,7580.95,414.25956284153006,4971.11475409836,High Value,2013,2013
CUST03785,2,5,7575.110000000001,2025-08-01,2026-07-27,3787.5550000000003,1222.975,360,12.0,0.16666666666666666,7575.110000000001,631.2591666666667,7575.110000000001,High Value,2014,2014
CUST04004,3,8,7573.4,2025-01-09,2026-10-05,2524.4666666666667,1017.8066666666667,634,21.133333333333333,0.14195583596214512,7573.4,358.3627760252366,4300.353312302839,High Value,2015,2015
CUST04926,3,7,7571.48,2024-11-21,2026-06-28,2523.8266666666664,943.9033333333333,584,19.466666666666665,0.1541095890410959,7571.48,388.9458904109589,4667.350684931507,High Value,2016,2016
CUST03550,4,9,7567.99,2025-05-08,2026-11-04,1891.9975,901.7725,545,18.166666666666668,0.2201834862385321,7567.99,416.5866055045871,4999.039266055045,High Value,2017,2017
CUST02518,2,5,7561.900000000001,2025-09-30,2026-07-31,3780.9500000000003,1293.005,304,10.133333333333333,0.19736842105263158,7561.900000000001,746.2401315789475,8954.88157894737,High Value,2018,2018
CUST00029,4,10,7556.95,2024-12-16,2026-01-31,1889.2375,620.38,411,13.7,0.29197080291970806,7556.95,551.6021897810219,6619.226277372263,High Value,2019,2019
CUST04217,2,7,7548.469999999999,2025-02-07,2026-04-07,3774.2349999999997,1059.105,424,14.133333333333333,0.14150943396226415,7548.469999999999,534.089858490566,6409.078301886792,High Value,2020,2020
CUST01433,4,9,7543.88,2025-06-16,2026-04-15,1885.97,1197.0,303,10.1,0.39603960396039606,7543.88,746.9188118811882,8963.025742574258,High Value,2021,2021
CUST01627,6,9,7543.57,2025-04-30,2026-01-05,1257.2616666666665,902.9516666666667,250,8.333333333333334,0.72,7543.57,905.2283999999999,10862.740799999998,High Value,2022,2022
CUST04535,3,7,7539.9,2025-06-09,2026-01-17,2513.2999999999997,1224.6000000000001,222,7.4,0.4054054054054054,7539.9,1018.9054054054053,12226.864864864863,High Value,2023,2023
CUST00610,5,8,7539.42,2025-02-02,2026-05-11,1507.884,1125.46,463,15.433333333333334,0.32397408207343414,7539.42,488.5153347732181,5862.184017278618,High Value,2024,2024
CUST03965,3,6,7537.23,2025-01-20,2026-07-03,2512.41,1293.29,529,17.633333333333333,0.17013232514177695,7537.23,427.44215500945177,5129.305860113422,High Value,2025,2025
CUST04708,6,11,7536.29,2025-01-29,2026-10-26,1256.0483333333334,842.12,635,21.166666666666668,0.28346456692913385,7536.29,356.04519685039367,4272.542362204724,High Value,2026,2026
CUST04644,3,6,7536.2,2024-11-30,2025-06-11,2512.0666666666666,1176.7466666666667,193,6.433333333333334,0.46632124352331605,7536.2,1171.4300518134714,14057.160621761657,High Value,2027,2027
CUST00856,4,8,7533.110000000001,2024-12-27,2026-06-17,1883.2775000000001,1063.9275,537,17.9,0.223463687150838,7533.110000000001,420.84413407821233,5050.129608938548,High Value,2028,2028
CUST03346,3,6,7531.66,2025-06-27,2026-06-20,2510.5533333333333,963.2533333333334,358,11.933333333333334,0.25139664804469275,7531.66,631.1446927374301,7573.736312849162,High Value,2029,2029
CUST01480,6,6,7530.22,2025-12-11,2026-07-15,1255.0366666666666,1255.0366666666666,216,7.2,0.8333333333333333,7530.22,1045.8638888888888,12550.366666666665,High Value,2030,2030
CUST00323,5,9,7529.23,2025-01-31,2026-09-23,1505.846,773.7819999999999,600,20.0,0.25,7529.23,376.4615,4517.5380000000005,High Value,2031,2031
CUST04943,3,8,7528.74,2025-07-29,2026-03-17,2509.58,1058.0966666666666,231,7.7,0.38961038961038963,7528.74,977.7584415584415,11733.101298701298,High Value,2032,2032
CUST01267,3,6,7528.68,2025-01-05,2026-03-01,2509.56,1300.6499999999999,420,14.0,0.21428571428571427,7528.68,537.7628571428571,6453.154285714285,High Value,2033,2033
CUST01566,5,8,7528.360000000001,2024-12-20,2026-10-02,1505.672,936.1020000000001,651,21.7,0.2304147465437788,7528.360000000001,346.9290322580646,4163.148387096775,High Value,2034,2034
CUST02851,3,8,7518.05,2025-05-02,2026-10-09,2506.016666666667,888.52,525,17.5,0.17142857142857143,7518.05,429.60285714285715,5155.234285714286,High Value,2035,2035
CUST04523,6,11,7517.5199999999995,2025-01-12,2026-10-12,1252.9199999999998,736.5316666666666,638,21.266666666666666,0.2821316614420063,7517.5199999999995,353.4884012539185,4241.860815047022,High Value,2036,2036
CUST04023,5,10,7512.86,2025-05-07,2026-03-10,1502.572,892.5620000000001,307,10.233333333333333,0.488599348534202,7512.86,734.1557003257329,8809.868403908795,High Value,2037,2037
CUST04363,3,6,7511.8099999999995,2026-03-23,2026-10-23,2503.9366666666665,1085.7433333333333,214,7.133333333333334,0.4205607476635514,7511.8099999999995,1053.057476635514,12636.689719626167,High Value,2038,2038
CUST03402,5,10,7509.13,2025-01-07,2026-09-09,1501.826,790.8199999999999,610,20.333333333333332,0.24590163934426232,7509.13,369.3014754098361,4431.617704918033,High Value,2039,2039
CUST04629,7,11,7503.17,2025-03-08,2026-07-29,1071.8814285714286,628.7571428571429,508,16.933333333333334,0.41338582677165353,7503.17,443.1005905511811,5317.207086614173,High Value,2040,2040
CUST01366,4,10,7500.77,2025-01-29,2026-07-23,1875.1925,755.6075,540,18.0,0.2222222222222222,7500.77,416.70944444444444,5000.513333333333,High Value,2041,2041
CUST02449,4,7,7498.24,2025-04-22,2026-10-14,1874.56,1011.6624999999999,540,18.0,0.2222222222222222,7498.24,416.56888888888886,4998.826666666666,High Value,2042,2042
CUST03187,5,7,7490.37,2025-07-01,2025-12-05,1498.074,1028.49,157,5.233333333333333,0.9554140127388535,7490.37,1431.2808917197451,17175.37070063694,High Value,2043,2043
CUST04580,2,4,7490.11,2025-12-21,2026-01-07,3745.055,1895.1550000000002,17,0.5666666666666667,2.0,7490.11,7490.11,89881.31999999999,High Value,2044,2044
CUST00490,5,11,7488.48,2025-01-19,2026-02-08,1497.696,676.996,385,12.833333333333334,0.3896103896103896,7488.48,583.517922077922,7002.215064935064,High Value,2045,2045
CUST02043,4,7,7485.59,2025-05-15,2026-03-22,1871.3975,1181.2350000000001,311,10.366666666666667,0.3858520900321543,7485.59,722.0826366559486,8664.991639871383,High Value,2046,2046
CUST01168,3,5,7482.98,2024-12-13,2025-07-09,2494.3266666666664,1453.3866666666665,208,6.933333333333334,0.43269230769230765,7482.98,1079.2759615384614,12951.311538461538,High Value,2047,2047
CUST01158,4,13,7482.89,2025-10-04,2026-09-04,1870.7225,676.7,335,11.166666666666666,0.35820895522388063,7482.89,670.109552238806,8041.314626865673,High Value,2048,2048
CUST03721,2,5,7480.99,2025-10-14,2026-05-11,3740.495,1592.03,209,6.966666666666667,0.28708133971291866,7480.99,1073.8263157894737,12885.915789473685,High Value,2049,2049
CUST04787,4,10,7480.92,2025-10-16,2026-06-17,1870.23,779.6825,244,8.133333333333333,0.49180327868852464,7480.92,919.7852459016394,11037.422950819673,High Value,2050,2050
CUST03451,3,6,7479.73,2025-08-05,2026-10-01,2493.2433333333333,1190.9666666666667,422,14.066666666666666,0.2132701421800948,7479.73,531.7343601895734,6380.812322274881,High Value,2051,2051
CUST04020,2,6,7478.0,2025-06-10,2026-08-24,3739.0,1128.095,440,14.666666666666666,0.13636363636363638,7478.0,509.8636363636364,6118.363636363636,High Value,2052,2052
CUST04262,6,14,7475.57,2025-05-22,2026-08-14,1245.9283333333333,709.7449999999999,449,14.966666666666667,0.40089086859688194,7475.57,499.4812917594655,5993.775501113586,High Value,2053,2053
CUST02478,3,7,7466.97,2025-07-24,2026-06-19,2488.9900000000002,1022.9966666666666,330,11.0,0.2727272727272727,7466.97,678.8154545454546,8145.785454545456,High Value,2054,2054
CUST02979,3,8,7465.51,2024-11-29,2026-10-23,2488.5033333333336,1193.1533333333334,693,23.1,0.12987012987012986,7465.51,323.18225108225107,3878.187012987013,High Value,2055,2055
CUST01163,3,6,7463.87,2025-01-21,2026-04-06,2487.9566666666665,1185.9166666666667,440,14.666666666666666,0.20454545454545456,7463.87,508.9002272727273,6106.802727272728,High Value,2056,2056
CUST03082,5,11,7462.91,2025-06-01,2026-08-31,1492.5819999999999,718.766,456,15.2,0.32894736842105265,7462.91,490.9809210526316,5891.771052631579,High Value,2057,2057
CUST00542,2,6,7457.58,2025-12-12,2026-05-08,3728.79,1242.93,147,4.9,0.4081632653061224,7457.58,1521.9551020408162,18263.461224489794,High Value,2058,2058
CUST00267,5,11,7454.18,2025-03-08,2026-08-27,1490.836,657.646,537,17.9,0.2793296089385475,7454.18,416.4346368715084,4997.215642458101,High Value,2059,2059
CUST04407,5,6,7449.889999999999,2025-08-18,2026-05-24,1489.9779999999998,1168.964,279,9.3,0.5376344086021505,7449.889999999999,801.0634408602149,9612.761290322578,High Value,2060,2060
CUST04408,6,10,7443.2699999999995,2025-05-02,2026-07-01,1240.5449999999998,793.9483333333333,425,14.166666666666666,0.4235294117647059,7443.2699999999995,525.4072941176471,6304.887529411765,High Value,2061,2061
CUST00010,3,8,7443.18,2025-03-05,2026-12-29,2481.06,929.7433333333333,664,22.133333333333333,0.1355421686746988,7443.18,336.2882530120482,4035.459036144578,High Value,2062,2062
CUST01321,5,7,7439.9800000000005,2025-04-20,2026-11-02,1487.996,1059.83,561,18.7,0.26737967914438504,7439.9800000000005,397.85989304812836,4774.31871657754,High Value,2063,2063
CUST03288,4,9,7431.48,2024-12-06,2026-08-20,1857.87,783.6575,622,20.733333333333334,0.19292604501607716,7431.48,358.43151125401926,4301.178135048231,High Value,2064,2064
CUST03298,5,8,7427.79,2025-04-25,2026-10-21,1485.558,1076.266,544,18.133333333333333,0.2757352941176471,7427.79,409.62077205882355,4915.449264705882,High Value,2065,2065
CUST04598,6,9,7427.679999999999,2025-06-13,2026-11-13,1237.9466666666665,924.9050000000001,518,17.266666666666666,0.3474903474903475,7427.679999999999,430.17451737451734,5162.094208494208,High Value,2066,2066
CUST02489,4,7,7425.05,2025-05-07,2026-08-09,1856.2625,1158.23,459,15.3,0.26143790849673204,7425.05,485.297385620915,5823.56862745098,High Value,2067,2067
CUST04577,4,8,7420.98,2025-05-11,2026-04-17,1855.245,840.4275,341,11.366666666666667,0.3519061583577712,7420.98,652.8721407624632,7834.465689149559,High Value,2068,2068
CUST04469,4,9,7420.84,2025-08-19,2026-09-15,1855.21,773.8275,392,13.066666666666666,0.30612244897959184,7420.84,567.9214285714286,6815.057142857143,High Value,2069,2069
CUST03203,1,5,7416.8,2026-03-21,2026-03-21,7416.8,1483.36,0,0.0,1.0,7416.8,7416.8,89001.6,High Value,2070,2070
CUST04727,4,5,7411.11,2025-05-13,2026-09-23,1852.7775,1567.6299999999999,498,16.6,0.24096385542168672,7411.11,446.4524096385542,5357.42891566265,High Value,2071,2071
CUST03493,3,5,7403.14,2025-01-16,2025-11-28,2467.7133333333336,1117.1466666666668,316,10.533333333333333,0.2848101265822785,7403.14,702.8297468354431,8433.956962025317,High Value,2072,2072
CUST00590,3,7,7401.709999999999,2025-04-06,2026-04-12,2467.236666666666,981.7300000000001,371,12.366666666666667,0.2425876010781671,7401.709999999999,598.52102425876,7182.25229110512,High Value,2073,2073
CUST03020,4,9,7401.08,2025-03-11,2026-11-07,1850.27,824.13,606,20.2,0.19801980198019803,7401.08,366.390099009901,4396.681188118812,High Value,2074,2074
CUST03824,3,9,7393.47,2025-05-22,2026-10-27,2464.4900000000002,863.2333333333335,523,17.433333333333334,0.17208413001912046,7393.47,424.09961759082216,5089.195411089866,High Value,2075,2075
CUST03118,4,9,7390.91,2025-03-03,2026-08-26,1847.7275,765.845,541,18.033333333333335,0.22181146025878,7390.91,409.84713493530495,4918.16561922366,High Value,2076,2076
CUST01157,3,7,7390.67,2024-11-26,2026-07-27,2463.556666666667,1029.9733333333334,608,20.266666666666666,0.1480263157894737,7390.67,364.67121710526317,4376.054605263158,High Value,2077,2077
CUST02293,3,8,7390.0599999999995,2025-02-15,2026-08-26,2463.353333333333,931.1166666666668,557,18.566666666666666,0.1615798922800718,7390.0599999999995,398.0283662477558,4776.340394973069,High Value,2078,2078
CUST02299,5,7,7385.9800000000005,2025-04-22,2026-09-21,1477.1960000000001,973.36,517,17.233333333333334,0.2901353965183752,7385.9800000000005,428.58684719535785,5143.042166344294,High Value,2079,2079
CUST00281,2,8,7384.34,2025-01-07,2026-10-23,3692.17,857.74,654,21.8,0.09174311926605504,7384.34,338.73119266055045,4064.774311926605,High Value,2080,2080
CUST01507,3,8,7382.13,2025-04-21,2026-04-18,2460.71,980.1566666666668,362,12.066666666666666,0.24861878453038674,7382.13,611.7787292817679,7341.344751381215,High Value,2081,2081
CUST00947,5,13,7380.52,2025-03-01,2026-09-28,1476.104,623.6659999999999,576,19.2,0.2604166666666667,7380.52,384.4020833333334,4612.825000000001,High Value,2082,2082
CUST00017,3,9,7377.75,2025-02-01,2026-04-20,2459.25,808.5866666666667,443,14.766666666666667,0.20316027088036115,7377.75,499.6218961625282,5995.462753950338,High Value,2083,2083
CUST02837,3,8,7377.35,2024-12-12,2026-11-08,2459.116666666667,1031.6333333333334,696,23.2,0.12931034482758622,7377.35,317.98922413793105,3815.8706896551726,High Value,2084,2084
CUST01745,4,9,7363.1900000000005,2025-08-31,2026-07-21,1840.7975000000001,846.19,324,10.8,0.37037037037037035,7363.1900000000005,681.7768518518518,8181.322222222221,High Value,2085,2085
CUST00749,3,9,7356.96,2025-07-24,2026-08-16,2452.32,817.44,388,12.933333333333334,0.23195876288659795,7356.96,568.8371134020618,6826.045360824743,High Value,2086,2086
CUST03095,3,8,7356.58,2025-08-25,2025-11-27,2452.193333333333,938.9433333333333,94,3.1333333333333333,0.9574468085106383,7356.58,2347.844680851064,28174.13617021277,High Value,2087,2087
CUST02627,4,7,7356.25,2025-05-25,2026-09-14,1839.0625,1230.1,477,15.9,0.25157232704402516,7356.25,462.65723270440253,5551.88679245283,High Value,2088,2088
CUST01204,3,6,7347.200000000001,2025-07-16,2026-08-22,2449.066666666667,1156.0033333333333,402,13.4,0.22388059701492538,7347.200000000001,548.2985074626866,6579.582089552239,High Value,2089,2089
CUST01562,3,11,7343.0,2026-03-25,2026-08-24,2447.6666666666665,732.1733333333333,152,5.066666666666666,0.5921052631578948,7343.0,1449.2763157894738,17391.315789473687,High Value,2090,2090
CUST03126,3,7,7341.130000000001,2025-06-02,2026-07-29,2447.0433333333335,874.6,422,14.066666666666666,0.2132701421800948,7341.130000000001,521.8812796208532,6262.575355450239,High Value,2091,2091
CUST03958,2,5,7340.1,2025-07-08,2026-01-24,3670.05,1435.23,200,6.666666666666667,0.3,7340.1,1101.015,13212.18,High Value,2092,2092
CUST02919,4,7,7339.9800000000005,2025-01-13,2026-02-25,1834.9950000000001,1008.3775,408,13.6,0.29411764705882354,7339.9800000000005,539.7044117647059,6476.452941176471,High Value,2093,2093
CUST00316,5,7,7329.950000000001,2025-04-07,2026-01-30,1465.9900000000002,1273.126,298,9.933333333333334,0.5033557046979865,7329.950000000001,737.9144295302013,8854.973154362417,High Value,2094,2094
CUST02421,4,7,7328.119999999999,2025-06-10,2026-09-21,1832.0299999999997,839.28,468,15.6,0.25641025641025644,7328.119999999999,469.751282051282,5637.0153846153835,High Value,2095,2095
CUST00936,2,6,7326.15,2025-08-20,2026-09-01,3663.075,1221.025,377,12.566666666666666,0.15915119363395225,7326.15,582.9827586206897,6995.793103448275,High Value,2096,2096
CUST03793,4,11,7320.5599999999995,2024-12-20,2026-10-20,1830.1399999999999,718.4175,669,22.3,0.17937219730941703,7320.5599999999995,328.27623318385645,3939.3147982062774,High Value,2097,2097
CUST02333,2,5,7316.79,2025-05-07,2025-10-13,3658.395,1240.53,159,5.3,0.37735849056603776,7316.79,1380.5264150943397,16566.316981132077,High Value,2098,2098
CUST00480,4,7,7313.01,2025-04-19,2026-08-08,1828.2525,1016.7950000000001,476,15.866666666666667,0.25210084033613445,7313.01,460.90399159663866,5530.847899159664,High Value,2099,2099
CUST00117,5,12,7312.27,2024-11-21,2026-01-31,1462.4540000000002,831.3939999999999,436,14.533333333333333,0.3440366972477064,7312.27,503.1378440366973,6037.6541284403675,High Value,2100,2100
CUST04187,5,9,7308.57,2024-11-22,2026-11-04,1461.714,838.882,712,23.733333333333334,0.21067415730337077,7308.57,307.9453651685393,3695.3443820224716,High Value,2101,2101
CUST02591,4,9,7307.389999999999,2025-01-08,2026-04-12,1826.8474999999999,859.2475,459,15.3,0.26143790849673204,7307.389999999999,477.6071895424836,5731.286274509803,High Value,2102,2102
CUST04070,4,7,7302.22,2026-01-07,2026-12-23,1825.555,977.0550000000001,350,11.666666666666666,0.34285714285714286,7302.22,625.9045714285714,7510.854857142857,High Value,2103,2103
CUST02289,5,9,7300.3099999999995,2025-02-15,2025-11-07,1460.062,739.0020000000001,265,8.833333333333334,0.5660377358490566,7300.3099999999995,826.4501886792451,9917.402264150942,High Value,2104,2104
CUST01567,2,8,7300.24,2026-07-17,2026-09-21,3650.12,912.53,66,2.2,0.9090909090909091,7300.24,3318.290909090909,39819.490909090906,High Value,2105,2105
CUST00235,4,6,7298.43,2025-04-29,2026-08-16,1824.6075,1287.3125,474,15.8,0.2531645569620253,7298.43,461.9259493670886,5543.111392405063,High Value,2106,2106
CUST04868,3,7,7297.900000000001,2025-12-31,2026-04-16,2432.6333333333337,1244.6733333333334,106,3.533333333333333,0.8490566037735849,7297.900000000001,2065.443396226415,24785.32075471698,High Value,2107,2107
CUST04867,4,9,7295.72,2025-06-25,2026-01-24,1823.93,971.98,213,7.1,0.5633802816901409,7295.72,1027.5661971830987,12330.794366197184,High Value,2108,2108
CUST02022,3,8,7288.21,2025-01-07,2026-10-07,2429.403333333333,1160.3766666666668,638,21.266666666666666,0.14106583072100315,7288.21,342.70579937304075,4112.469592476489,High Value,2109,2109
CUST01790,5,9,7284.67,2026-04-12,2026-08-27,1456.934,776.302,137,4.566666666666666,1.094890510948905,7284.67,1595.1832116788323,19142.19854014599,High Value,2110,2110
CUST04664,3,5,7280.25,2025-02-10,2025-05-16,2426.75,1274.89,95,3.1666666666666665,0.9473684210526316,7280.25,2299.0263157894738,27588.315789473687,High Value,2111,2111
CUST02158,3,6,7277.82,2025-05-14,2026-10-15,2425.94,1173.34,519,17.3,0.17341040462427745,7277.82,420.6832369942196,5048.198843930635,High Value,2112,2112
CUST00950,2,6,7272.86,2026-02-10,2026-05-28,3636.43,1134.83,107,3.566666666666667,0.5607476635514018,7272.86,2039.1196261682242,24469.43551401869,High Value,2113,2113
CUST04395,3,5,7270.92,2025-06-23,2026-04-20,2423.64,1309.4266666666667,301,10.033333333333333,0.29900332225913623,7270.92,724.6764119601329,8696.116943521594,High Value,2114,2114
CUST00317,5,10,7268.42,2024-11-29,2026-10-06,1453.684,792.886,676,22.533333333333335,0.22189349112426035,7268.42,322.56301775147926,3870.756213017751,High Value,2115,2115
CUST01935,2,5,7268.14,2026-01-31,2026-03-08,3634.07,1061.615,36,1.2,1.6666666666666667,7268.14,6056.783333333334,72681.40000000001,High Value,2116,2116
CUST02417,3,5,7267.07,2024-12-11,2026-08-01,2422.3566666666666,1364.5033333333333,598,19.933333333333334,0.1505016722408027,7267.07,364.56872909698995,4374.8247491638795,High Value,2117,2117
CUST03575,2,5,7266.469999999999,2026-03-25,2026-06-11,3633.2349999999997,1507.675,78,2.6,0.7692307692307692,7266.469999999999,2794.7961538461536,33537.553846153845,High Value,2118,2118
CUST01131,3,7,7263.139999999999,2025-01-06,2025-09-20,2421.0466666666666,900.4866666666667,257,8.566666666666666,0.3501945525291829,7263.139999999999,847.8373540856031,10174.048249027237,High Value,2119,2119
CUST01959,2,4,7261.9,2025-05-22,2026-04-05,3630.95,1808.48,318,10.6,0.18867924528301888,7261.9,685.0849056603773,8221.018867924528,High Value,2120,2120
CUST02049,5,9,7260.639999999999,2025-01-02,2026-04-16,1452.128,777.668,469,15.633333333333333,0.31982942430703626,7260.639999999999,464.4332622601279,5573.199147121535,High Value,2121,2121
CUST02253,5,13,7256.01,2025-07-25,2026-07-24,1451.202,564.9399999999999,364,12.133333333333333,0.4120879120879121,7256.01,598.0228021978022,7176.273626373626,High Value,2122,2122
CUST05000,3,6,7252.0,2025-04-17,2026-10-19,2417.3333333333335,1037.6433333333334,550,18.333333333333332,0.16363636363636364,7252.0,395.56363636363636,4746.763636363637,High Value,2123,2123
CUST03252,4,7,7247.75,2025-08-31,2026-01-12,1811.9375,875.615,134,4.466666666666667,0.8955223880597015,7247.75,1622.6305970149253,19471.567164179105,High Value,2124,2124
CUST00113,4,8,7247.74,2025-01-24,2025-12-20,1811.935,1131.445,330,11.0,0.36363636363636365,7247.74,658.8854545454545,7906.625454545454,High Value,2125,2125
CUST04224,5,10,7247.36,2025-03-02,2026-08-13,1449.472,840.7479999999999,529,17.633333333333333,0.2835538752362949,7247.36,411.0034026465028,4932.040831758034,High Value,2126,2126
CUST04295,4,6,7242.78,2025-06-13,2026-06-26,1810.695,1415.32,378,12.6,0.31746031746031744,7242.78,574.8238095238095,6897.885714285714,High Value,2127,2127
CUST03932,3,5,7238.47,2025-12-09,2026-07-26,2412.8233333333333,1389.7766666666666,229,7.633333333333334,0.3930131004366812,7238.47,948.2711790393013,11379.254148471615,High Value,2128,2128
CUST01156,3,10,7236.24,2026-01-21,2026-07-14,2412.08,766.18,174,5.8,0.5172413793103449,7236.24,1247.6275862068965,14971.531034482758,High Value,2129,2129
CUST04470,3,5,7236.22,2025-02-03,2026-03-02,2412.0733333333333,1388.99,392,13.066666666666666,0.22959183673469388,7236.22,553.7923469387755,6645.5081632653055,High Value,2130,2130
CUST01645,3,7,7231.57,2025-04-20,2025-08-15,2410.523333333333,1174.6566666666668,117,3.9,0.7692307692307693,7231.57,1854.248717948718,22250.984615384616,High Value,2131,2131
CUST01511,3,6,7231.35,2025-05-06,2026-03-06,2410.4500000000003,1020.2400000000001,304,10.133333333333333,0.2960526315789474,7231.35,713.6200657894738,8563.440789473685,High Value,2132,2132
CUST04878,2,6,7231.14,2025-07-08,2025-07-12,3615.57,1018.97,4,0.13333333333333333,2.0,7231.14,7231.14,86773.68000000001,High Value,2133,2133
CUST01814,3,7,7230.450000000001,2025-09-24,2026-03-10,2410.15,1039.3966666666668,167,5.566666666666666,0.5389221556886228,7230.450000000001,1298.8832335329344,15586.598802395212,High Value,2134,2134
CUST04324,4,9,7229.71,2025-03-12,2026-07-14,1807.4275,932.6999999999999,489,16.3,0.24539877300613497,7229.71,443.540490797546,5322.485889570552,High Value,2135,2135
CUST02523,4,8,7229.26,2025-01-25,2026-05-15,1807.315,887.5525,475,15.833333333333334,0.25263157894736843,7229.26,456.58484210526314,5479.018105263158,High Value,2136,2136
CUST01809,3,5,7229.08,2025-11-16,2026-03-08,2409.693333333333,1281.09,112,3.7333333333333334,0.8035714285714286,7229.08,1936.3607142857143,23236.32857142857,High Value,2137,2137
CUST03746,2,9,7224.88,2026-07-19,2026-10-04,3612.44,806.815,77,2.566666666666667,0.7792207792207791,7224.88,2814.8883116883117,33778.65974025974,High Value,2138,2138
CUST01492,5,7,7224.4800000000005,2024-12-30,2026-12-18,1444.8960000000002,1091.992,718,23.933333333333334,0.20891364902506965,7224.4800000000005,301.85849582172705,3622.3019498607246,High Value,2139,2139
CUST00091,5,7,7224.07,2025-02-20,2026-09-22,1444.8139999999999,851.8299999999999,579,19.3,0.25906735751295334,7224.07,374.3041450777202,4491.649740932642,High Value,2140,2140
CUST00367,5,7,7220.0599999999995,2025-09-17,2026-07-27,1444.012,1039.416,313,10.433333333333334,0.4792332268370607,7220.0599999999995,692.0185303514377,8304.222364217252,High Value,2141,2141
CUST00523,2,8,7214.36,2026-07-23,2026-08-27,3607.18,915.1,35,1.1666666666666667,1.7142857142857142,7214.36,6183.737142857142,74204.84571428571,High Value,2142,2142
CUST01167,5,6,7213.7699999999995,2025-07-09,2026-04-10,1442.754,1068.286,275,9.166666666666666,0.5454545454545455,7213.7699999999995,786.9567272727272,9443.480727272727,High Value,2143,2143
CUST00993,2,7,7207.33,2025-12-10,2026-08-14,3603.665,998.385,247,8.233333333333333,0.24291497975708504,7207.33,875.3842105263159,10504.610526315792,High Value,2144,2144
CUST00445,5,11,7207.14,2024-11-27,2026-10-13,1441.428,797.608,685,22.833333333333332,0.21897810218978103,7207.14,315.6411678832117,3787.694014598541,High Value,2145,2145
CUST01764,4,9,7206.32,2025-02-06,2026-04-06,1801.58,739.71,424,14.133333333333333,0.2830188679245283,7206.32,509.88113207547167,6118.57358490566,High Value,2146,2146
CUST04163,2,5,7204.5,2025-07-13,2025-09-20,3602.25,1305.12,69,2.3,0.8695652173913044,7204.5,3132.3913043478265,37588.69565217392,High Value,2147,2147
CUST03036,5,6,7200.9,2024-12-14,2026-05-11,1440.1799999999998,1111.1219999999998,513,17.1,0.29239766081871343,7200.9,421.1052631578947,5053.263157894737,High Value,2148,2148
CUST03117,4,11,7198.9400000000005,2025-02-05,2026-10-27,1799.7350000000001,720.715,629,20.966666666666665,0.1907790143084261,7198.9400000000005,343.35166931637525,4120.2200317965035,High Value,2149,2149
CUST00968,5,7,7196.48,2024-12-05,2026-06-26,1439.2959999999998,961.104,568,18.933333333333334,0.2640845070422535,7196.48,380.0957746478873,4561.149295774648,High Value,2150,2150
CUST03587,2,4,7195.74,2026-07-17,2026-10-16,3597.87,1724.06,91,3.033333333333333,0.6593406593406593,7195.74,2372.221978021978,28466.663736263734,High Value,2151,2151
CUST01026,3,9,7189.39,2025-02-28,2026-03-21,2396.4633333333336,741.0433333333334,386,12.866666666666667,0.23316062176165803,7189.39,558.7608808290156,6705.130569948187,High Value,2152,2152
CUST03092,3,10,7186.57,2025-06-26,2026-11-23,2395.523333333333,704.1866666666666,515,17.166666666666668,0.17475728155339804,7186.57,418.6351456310679,5023.621747572815,High Value,2153,2153
CUST01611,1,4,7184.56,2025-06-08,2025-06-08,7184.56,1796.14,0,0.0,1.0,7184.56,7184.56,86214.72,High Value,2154,2154
CUST03855,5,9,7184.360000000001,2025-02-23,2026-10-03,1436.872,818.3,587,19.566666666666666,0.2555366269165247,7184.360000000001,367.1734241908007,4406.081090289608,High Value,2155,2155
CUST02387,5,9,7183.76,2025-03-12,2026-09-19,1436.752,837.6720000000001,556,18.533333333333335,0.2697841726618705,7183.76,387.61294964028775,4651.355395683453,High Value,2156,2156
CUST00529,6,7,7183.04,2025-01-25,2025-06-29,1197.1733333333334,932.0516666666667,155,5.166666666666667,1.161290322580645,7183.04,1390.265806451613,16683.189677419356,High Value,2157,2157
CUST03011,3,5,7181.57,2025-12-11,2026-05-15,2393.8566666666666,1272.7833333333333,155,5.166666666666667,0.5806451612903225,7181.57,1389.9812903225804,16679.775483870966,High Value,2158,2158
CUST04271,4,9,7174.4400000000005,2025-01-16,2026-07-04,1793.6100000000001,812.6525,534,17.8,0.2247191011235955,7174.4400000000005,403.05842696629213,4836.701123595505,High Value,2159,2159
CUST02817,5,7,7173.39,2025-02-13,2026-07-06,1434.678,1001.64,508,16.933333333333334,0.2952755905511811,7173.39,423.6253937007874,5083.504724409449,High Value,2160,2160
CUST04066,3,7,7172.67,2025-06-12,2026-10-31,2390.89,1174.5966666666666,506,16.866666666666667,0.17786561264822134,7172.67,425.2571146245059,5103.085375494071,High Value,2161,2161
CUST04874,3,11,7166.02,2025-07-01,2026-09-03,2388.6733333333336,737.5266666666666,429,14.3,0.2097902097902098,7166.02,501.1202797202797,6013.443356643356,High Value,2162,2162
CUST01670,4,10,7162.889999999999,2025-02-05,2026-02-02,1790.7224999999999,641.31,362,12.066666666666666,0.3314917127071823,7162.889999999999,593.6096685082872,7123.316022099447,High Value,2163,2163
CUST00857,2,4,7159.429999999999,2026-09-01,2026-09-11,3579.7149999999997,1663.4850000000001,10,0.3333333333333333,2.0,7159.429999999999,7159.429999999999,85913.15999999999,High Value,2164,2164
CUST00232,6,10,7152.5199999999995,2025-03-11,2026-05-06,1192.0866666666666,817.9133333333333,421,14.033333333333333,0.42755344418052255,7152.5199999999995,509.68076009501186,6116.169121140142,High Value,2165,2165
CUST01386,4,7,7152.08,2025-04-28,2025-12-12,1788.02,1065.7625,228,7.6,0.5263157894736842,7152.08,941.0631578947368,11292.757894736842,High Value,2166,2166
CUST03017,2,5,7147.61,2025-05-16,2026-03-17,3573.805,1327.1799999999998,305,10.166666666666666,0.19672131147540986,7147.61,703.0436065573771,8436.523278688524,High Value,2167,2167
CUST00114,3,8,7138.46,2025-02-27,2025-12-19,2379.4866666666667,933.6300000000001,295,9.833333333333334,0.30508474576271183,7138.46,725.9450847457626,8711.34101694915,High Value,2168,2168
CUST01456,3,7,7135.81,2025-01-08,2026-10-31,2378.6033333333335,843.2433333333333,661,22.033333333333335,0.1361573373676248,7135.81,323.8642965204236,3886.371558245083,High Value,2169,2169
CUST01128,3,6,7133.7300000000005,2025-04-24,2026-01-26,2377.9100000000003,1186.28,277,9.233333333333333,0.3249097472924188,7133.7300000000005,772.6061371841156,9271.273646209387,High Value,2170,2170
CUST01620,2,4,7129.450000000001,2025-01-07,2026-07-15,3564.7250000000004,1542.525,554,18.466666666666665,0.10830324909747294,7129.450000000001,386.0712996389892,4632.85559566787,High Value,2171,2171
CUST04311,2,4,7120.889999999999,2025-01-29,2025-06-11,3560.4449999999997,1310.3249999999998,133,4.433333333333334,0.45112781954887216,7120.889999999999,1606.215789473684,19274.58947368421,High Value,2172,2172
CUST03623,2,5,7120.84,2025-12-27,2026-08-27,3560.42,1350.29,243,8.1,0.2469135802469136,7120.84,879.1160493827161,10549.392592592594,High Value,2173,2173
CUST03279,2,6,7119.26,2024-12-13,2025-05-01,3559.63,1116.655,139,4.633333333333334,0.4316546762589928,7119.26,1536.5309352517984,18438.371223021582,High Value,2174,2174
CUST02806,5,9,7118.120000000001,2025-01-24,2026-07-21,1423.6240000000003,844.1700000000001,543,18.1,0.2762430939226519,7118.120000000001,393.26629834254146,4719.195580110498,High Value,2175,2175
CUST01804,3,5,7116.99,2025-01-17,2026-08-22,2372.33,1412.9233333333334,582,19.4,0.15463917525773196,7116.99,366.8551546391753,4402.261855670104,High Value,2176,2176
CUST01196,3,6,7114.459999999999,2025-01-05,2026-06-04,2371.486666666666,1069.5533333333333,515,17.166666666666668,0.17475728155339804,7114.459999999999,414.434563106796,4973.214757281552,High Value,2177,2177
CUST00107,3,7,7113.94,2025-01-11,2026-12-20,2371.313333333333,944.34,708,23.6,0.1271186440677966,7113.94,301.4381355932203,3617.2576271186435,High Value,2178,2178
CUST02700,5,8,7112.73,2025-04-12,2026-07-18,1422.5459999999998,882.21,462,15.4,0.3246753246753247,7112.73,461.86558441558435,5542.387012987012,High Value,2179,2179
CUST01271,3,8,7112.6,2025-04-10,2026-02-12,2370.866666666667,944.2366666666667,308,10.266666666666667,0.2922077922077922,7112.6,692.7857142857142,8313.42857142857,High Value,2180,2180
CUST02380,3,7,7111.5199999999995,2025-07-13,2026-08-20,2370.5066666666667,1231.2666666666667,403,13.433333333333334,0.22332506203473945,7111.5199999999995,529.3935483870968,6352.722580645161,High Value,2181,2181
CUST03104,4,10,7103.98,2025-02-01,2026-05-10,1775.995,876.4250000000001,463,15.433333333333334,0.25917926565874727,7103.98,460.3010799136069,5523.612958963283,High Value,2182,2182
CUST00978,3,9,7102.65,2025-11-16,2026-09-21,2367.5499999999997,789.1833333333334,309,10.3,0.2912621359223301,7102.65,689.5776699029126,8274.932038834952,High Value,2183,2183
CUST02016,6,8,7102.24,2025-01-31,2026-07-11,1183.7066666666667,906.0166666666668,526,17.533333333333335,0.34220532319391633,7102.24,405.07072243346005,4860.84866920152,High Value,2184,2184
CUST03512,3,5,7102.070000000001,2025-06-05,2026-08-20,2367.356666666667,1200.1499999999999,441,14.7,0.20408163265306123,7102.070000000001,483.13401360544225,5797.608163265307,High Value,2185,2185
CUST04802,4,8,7099.549999999999,2025-06-16,2025-11-07,1774.8874999999998,927.9375,144,4.8,0.8333333333333334,7099.549999999999,1479.0729166666665,17748.875,High Value,2186,2186
CUST03728,4,8,7097.85,2025-04-22,2026-09-14,1774.4625,834.045,510,17.0,0.23529411764705882,7097.85,417.52058823529416,5010.24705882353,High Value,2187,2187
CUST03652,3,5,7097.5599999999995,2025-07-27,2026-08-27,2365.853333333333,1344.8366666666668,396,13.2,0.2272727272727273,7097.5599999999995,537.6939393939393,6452.327272727272,High Value,2188,2188
CUST00893,3,6,7095.25,2024-12-02,2025-11-23,2365.0833333333335,1180.5166666666667,356,11.866666666666667,0.25280898876404495,7095.25,597.9143258426966,7174.971910112359,High Value,2189,2189
CUST04566,6,13,7089.73,2025-01-28,2026-04-24,1181.6216666666667,633.9816666666667,451,15.033333333333333,0.3991130820399113,7089.73,471.60066518847003,5659.207982261641,High Value,2190,2190
CUST01913,2,5,7088.370000000001,2025-08-20,2025-09-21,3544.1850000000004,1436.3000000000002,32,1.0666666666666667,1.875,7088.370000000001,6645.346875000001,79744.1625,High Value,2191,2191
CUST03794,3,6,7085.37,2025-04-25,2026-10-20,2361.79,1103.2733333333333,543,18.1,0.16574585635359115,7085.37,391.45690607734804,4697.482872928176,High Value,2192,2192
CUST03267,5,11,7078.360000000001,2025-01-18,2025-07-22,1415.672,601.082,185,6.166666666666667,0.8108108108108107,7078.360000000001,1147.8421621621621,13774.105945945947,High Value,2193,2193
CUST04496,3,5,7075.5599999999995,2024-11-21,2026-02-09,2358.52,1313.1533333333334,445,14.833333333333334,0.20224719101123595,7075.5599999999995,477.0040449438202,5724.048539325842,High Value,2194,2194
CUST00185,3,8,7072.540000000001,2025-05-04,2026-09-22,2357.513333333334,849.1566666666668,506,16.866666666666667,0.17786561264822134,7072.540000000001,419.32055335968386,5031.8466403162065,High Value,2195,2195
CUST03477,3,7,7072.049999999999,2025-05-07,2025-09-25,2357.35,1000.89,141,4.7,0.6382978723404255,7072.049999999999,1504.691489361702,18056.297872340423,High Value,2196,2196
CUST02351,2,6,7071.6,2026-06-17,2026-08-19,3535.8,1070.185,63,2.1,0.9523809523809523,7071.6,3367.4285714285716,40409.142857142855,High Value,2197,2197
CUST04841,2,7,7070.41,2026-02-08,2026-08-10,3535.205,1067.155,183,6.1,0.3278688524590164,7070.41,1159.0836065573772,13909.003278688526,High Value,2198,2198
CUST01806,3,7,7068.550000000001,2024-12-23,2026-10-12,2356.183333333334,930.7033333333333,658,21.933333333333334,0.13677811550151975,7068.550000000001,322.27431610942256,3867.2917933130707,High Value,2199,2199
CUST04569,3,6,7068.459999999999,2025-03-10,2026-08-27,2356.153333333333,1084.0033333333333,535,17.833333333333332,0.16822429906542058,7068.459999999999,396.3622429906542,4756.346915887851,High Value,2200,2200
CUST03810,4,7,7068.18,2024-12-06,2026-09-17,1767.045,978.525,650,21.666666666666668,0.1846153846153846,7068.18,326.2236923076923,3914.684307692308,High Value,2201,2201
CUST02427,3,7,7066.06,2024-12-31,2026-09-21,2355.3533333333335,901.14,629,20.966666666666665,0.14308426073131958,7066.06,337.01399046104933,4044.1678855325918,High Value,2202,2202
CUST01868,2,6,7065.58,2025-01-01,2026-04-29,3532.79,1027.61,483,16.1,0.12422360248447203,7065.58,438.855900621118,5266.270807453416,High Value,2203,2203
CUST02037,5,11,7060.72,2024-12-05,2026-05-20,1412.144,720.592,531,17.7,0.2824858757062147,7060.72,398.91073446327687,4786.928813559322,High Value,2204,2204
CUST01022,3,9,7059.6,2025-03-29,2026-02-20,2353.2000000000003,843.23,328,10.933333333333334,0.27439024390243905,7059.6,645.6951219512196,7748.341463414635,High Value,2205,2205
CUST02303,5,10,7055.29,2025-01-04,2026-06-25,1411.058,757.286,537,17.9,0.2793296089385475,7055.29,394.15027932960896,4729.803351955307,High Value,2206,2206
CUST02381,4,8,7054.65,2025-05-15,2026-09-05,1763.6625,984.0075,478,15.933333333333334,0.2510460251046025,7054.65,442.76046025104597,5313.125523012552,High Value,2207,2207
CUST00329,3,5,7051.219999999999,2024-11-13,2026-01-04,2350.4066666666663,1502.6866666666665,417,13.9,0.2158273381294964,7051.219999999999,507.28201438848913,6087.384172661869,High Value,2208,2208
CUST02705,3,8,7049.58,2025-03-14,2025-11-11,2349.86,993.93,242,8.066666666666666,0.37190082644628103,7049.58,873.9148760330579,10486.978512396694,High Value,2209,2209
CUST03262,4,7,7047.56,2025-11-19,2026-11-17,1761.89,1038.5425,363,12.1,0.3305785123966942,7047.56,582.4429752066117,6989.31570247934,High Value,2210,2210
CUST01390,4,6,7045.77,2026-02-08,2026-07-27,1761.4425,1211.0925,169,5.633333333333334,0.7100591715976331,7045.77,1250.728402366864,15008.740828402368,High Value,2211,2211
CUST04634,2,6,7044.93,2025-07-16,2025-11-17,3522.465,1174.155,124,4.133333333333334,0.48387096774193544,7044.93,1704.4185483870967,20453.02258064516,High Value,2212,2212
CUST04912,5,6,7042.85,2025-12-20,2026-09-04,1408.5700000000002,1254.19,258,8.6,0.5813953488372093,7042.85,818.936046511628,9827.232558139536,High Value,2213,2213
CUST04060,2,7,7025.1,2025-09-04,2026-07-17,3512.55,1073.085,316,10.533333333333333,0.189873417721519,7025.1,666.9398734177215,8003.278481012658,High Value,2214,2214
CUST04863,3,9,7022.1,2025-03-03,2025-09-06,2340.7000000000003,761.2199999999999,187,6.233333333333333,0.48128342245989303,7022.1,1126.5401069518716,13518.48128342246,High Value,2215,2215
CUST01885,3,8,7021.29,2025-07-27,2026-06-10,2340.43,1038.1433333333334,318,10.6,0.2830188679245283,7021.29,662.3858490566038,7948.630188679245,High Value,2216,2216
CUST04180,3,10,7017.32,2025-05-16,2026-08-21,2339.1066666666666,612.8833333333333,462,15.4,0.19480519480519481,7017.32,455.6701298701298,5468.041558441558,High Value,2217,2217
CUST00660,4,6,7010.67,2025-08-15,2026-04-28,1752.6675,961.9325,256,8.533333333333333,0.46875,7010.67,821.562890625,9858.7546875,High Value,2218,2218
CUST03765,3,7,7010.58,2025-08-15,2025-11-22,2336.86,856.4266666666666,99,3.3,0.9090909090909092,7010.58,2124.418181818182,25493.01818181818,High Value,2219,2219
CUST00551,2,4,7007.81,2026-05-04,2026-10-04,3503.905,1454.955,153,5.1,0.3921568627450981,7007.81,1374.080392156863,16488.964705882354,High Value,2220,2220
CUST02446,3,7,7006.58,2025-05-15,2026-02-06,2335.5266666666666,1052.0133333333333,267,8.9,0.33707865168539325,7006.58,787.2561797752809,9447.07415730337,High Value,2221,2221
CUST02959,5,7,7005.43,2025-03-27,2026-03-24,1401.086,1116.866,362,12.066666666666666,0.4143646408839779,7005.43,580.560497237569,6966.725966850829,High Value,2222,2222
CUST00152,4,6,7005.41,2025-06-19,2026-11-21,1751.3525,902.8325,520,17.333333333333332,0.23076923076923078,7005.41,404.15826923076924,4849.899230769231,High Value,2223,2223
CUST04333,3,5,7004.37,2025-01-24,2026-11-18,2334.79,1274.9766666666667,663,22.1,0.13574660633484162,7004.37,316.93981900452485,3803.277828054298,High Value,2224,2224
CUST01640,3,5,7002.94,2025-04-14,2026-09-19,2334.313333333333,1337.5933333333332,523,17.433333333333334,0.17208413001912046,7002.94,401.6982791586998,4820.379349904398,High Value,2225,2225
CUST01668,3,8,7001.2,2026-02-12,2026-08-24,2333.733333333333,895.15,193,6.433333333333334,0.46632124352331605,7001.2,1088.2694300518135,13059.233160621763,High Value,2226,2226
CUST00220,2,4,6999.78,2025-08-27,2026-08-19,3499.89,1709.88,357,11.9,0.1680672268907563,6999.78,588.2168067226891,7058.601680672269,High Value,2227,2227
CUST03767,3,8,6997.620000000001,2025-04-02,2025-11-06,2332.5400000000004,824.9966666666668,218,7.266666666666667,0.41284403669724773,6997.620000000001,962.9752293577983,11555.702752293579,High Value,2228,2228
CUST02336,2,8,6997.62,2026-07-17,2026-07-24,3498.81,865.67,7,0.23333333333333334,2.0,6997.62,6997.62,83971.44,High Value,2229,2229
CUST03441,2,5,6997.06,2025-11-11,2026-04-21,3498.53,1426.775,161,5.366666666666666,0.3726708074534162,6997.06,1303.8000000000002,15645.600000000002,High Value,2230,2230
CUST00467,3,7,6995.0,2025-02-13,2026-11-10,2331.6666666666665,1265.81,635,21.166666666666668,0.14173228346456693,6995.0,330.4724409448819,3965.6692913385828,High Value,2231,2231
CUST00266,4,8,6991.38,2025-01-08,2026-09-06,1747.845,960.8725,606,20.2,0.19801980198019803,6991.38,346.1079207920792,4153.29504950495,High Value,2232,2232
CUST02573,3,6,6990.129999999999,2025-08-04,2026-11-12,2330.043333333333,1175.0066666666667,465,15.5,0.1935483870967742,6990.129999999999,450.97612903225803,5411.713548387096,High Value,2233,2233
CUST00425,4,7,6988.57,2025-01-05,2025-05-09,1747.1425,1126.2325,124,4.133333333333334,0.9677419354838709,6988.57,1690.783064516129,20289.39677419355,High Value,2234,2234
CUST02526,4,8,6986.95,2024-12-20,2026-04-07,1746.7375,808.7325000000001,473,15.766666666666667,0.2536997885835095,6986.95,443.1469344608879,5317.763213530655,High Value,2235,2235
CUST03240,3,6,6984.47,2025-04-05,2026-05-12,2328.1566666666668,1453.0466666666664,402,13.4,0.22388059701492538,6984.47,521.2291044776119,6254.749253731343,High Value,2236,2236
CUST01708,3,7,6983.85,2025-01-05,2026-08-28,2327.9500000000003,1180.3233333333335,600,20.0,0.15,6983.85,349.1925,4190.3099999999995,High Value,2237,2237
CUST01525,3,6,6983.58,2025-06-13,2026-06-13,2327.86,1123.27,365,12.166666666666666,0.24657534246575344,6983.58,573.9928767123288,6887.914520547945,High Value,2238,2238
CUST04951,2,6,6981.84,2025-07-01,2026-01-25,3490.92,1163.6399999999999,208,6.933333333333334,0.28846153846153844,6981.84,1006.9961538461538,12083.953846153845,High Value,2239,2239
CUST04911,5,7,6981.73,2025-05-02,2026-02-13,1396.346,799.654,287,9.566666666666666,0.5226480836236934,6981.73,729.7975609756097,8757.570731707317,High Value,2240,2240
CUST03263,4,8,6981.58,2025-02-08,2026-04-27,1745.395,957.94,443,14.766666666666667,0.27088036117381487,6981.58,472.79322799097065,5673.518735891648,High Value,2241,2241
CUST02880,2,6,6978.86,2025-08-17,2026-02-23,3489.43,1196.77,190,6.333333333333333,0.31578947368421056,6978.86,1101.9252631578947,13223.103157894737,High Value,2242,2242
CUST02064,4,9,6977.8,2025-02-04,2026-01-05,1744.45,766.7975,335,11.166666666666666,0.35820895522388063,6977.8,624.8776119402986,7498.531343283583,High Value,2243,2243
CUST04364,3,4,6973.54,2025-02-14,2025-12-12,2324.5133333333333,1786.49,301,10.033333333333333,0.29900332225913623,6973.54,695.0372093023256,8340.446511627906,High Value,2244,2244
CUST00108,4,8,6969.58,2024-12-23,2026-09-11,1742.395,912.4375,627,20.9,0.19138755980861244,6969.58,333.4727272727273,4001.6727272727276,High Value,2245,2245
CUST02673,2,7,6965.94,2025-02-20,2025-07-19,3482.97,944.61,149,4.966666666666667,0.40268456375838924,6965.94,1402.5382550335569,16830.45906040268,High Value,2246,2246
CUST00038,3,9,6965.67,2025-06-29,2025-12-03,2321.89,773.9633333333335,157,5.233333333333333,0.5732484076433121,6965.67,1331.01974522293,15972.23694267516,High Value,2247,2247
CUST03309,2,7,6963.61,2025-04-08,2026-10-21,3481.805,801.655,561,18.7,0.10695187165775401,6963.61,372.3855614973262,4468.626737967914,High Value,2248,2248
CUST02641,3,7,6956.22,2025-09-07,2026-01-23,2318.7400000000002,853.36,138,4.6,0.6521739130434783,6956.22,1512.221739130435,18146.66086956522,High Value,2249,2249
CUST03393,3,10,6955.6900000000005,2024-11-13,2025-11-06,2318.5633333333335,734.68,358,11.933333333333334,0.25139664804469275,6955.6900000000005,582.8790502793296,6994.5486033519555,High Value,2250,2250
CUST02082,2,6,6955.539999999999,2024-12-08,2026-08-12,3477.7699999999995,1167.2199999999998,612,20.4,0.09803921568627452,6955.539999999999,340.9578431372549,4091.4941176470584,High Value,2251,2251
CUST02323,3,6,6955.01,2025-05-04,2026-05-26,2318.3366666666666,1199.5333333333333,387,12.9,0.23255813953488372,6955.01,539.1480620155039,6469.776744186047,High Value,2252,2252
CUST04723,3,8,6952.17,2024-12-09,2026-03-03,2317.39,756.5633333333334,449,14.966666666666667,0.20044543429844097,6952.17,464.51024498886414,5574.12293986637,High Value,2253,2253
CUST01474,2,5,6950.37,2025-06-30,2026-01-14,3475.185,1207.0049999999999,198,6.6,0.30303030303030304,6950.37,1053.0863636363638,12637.036363636365,High Value,2254,2254
CUST03845,3,9,6949.21,2025-05-14,2026-10-13,2316.403333333333,660.1333333333333,517,17.233333333333334,0.17408123791102514,6949.21,403.2423597678917,4838.9083172147,High Value,2255,2255
CUST01780,3,6,6943.51,2025-12-25,2026-10-03,2314.5033333333336,1126.0333333333333,282,9.4,0.3191489361702127,6943.51,738.6712765957446,8864.055319148936,High Value,2256,2256
CUST00130,3,7,6941.0599999999995,2025-02-02,2026-05-31,2313.6866666666665,1011.0333333333333,483,16.1,0.18633540372670807,6941.0599999999995,431.1217391304347,5173.460869565217,High Value,2257,2257
CUST00028,3,5,6935.919999999999,2025-03-14,2025-10-17,2311.973333333333,1097.2266666666667,217,7.233333333333333,0.4147465437788018,6935.919999999999,958.8829493087557,11506.595391705068,High Value,2258,2258
CUST02472,3,8,6932.0599999999995,2025-07-05,2026-06-08,2310.6866666666665,779.93,338,11.266666666666667,0.2662721893491124,6932.0599999999995,615.271597633136,7383.259171597632,High Value,2259,2259
CUST00350,3,6,6925.71,2025-09-16,2026-05-24,2308.57,1172.95,250,8.333333333333334,0.36,6925.71,831.0852,9973.0224,High Value,2260,2260
CUST02365,2,6,6925.0,2025-08-18,2026-02-08,3462.5,1255.34,174,5.8,0.3448275862068966,6925.0,1193.9655172413793,14327.58620689655,High Value,2261,2261
CUST01320,5,7,6923.43,2025-01-19,2026-09-29,1384.6860000000001,1062.554,618,20.6,0.24271844660194172,6923.43,336.0888349514563,4033.0660194174757,High Value,2262,2262
CUST00634,4,7,6922.77,2024-12-19,2026-08-12,1730.6925,815.97,601,20.033333333333335,0.19966722129783693,6922.77,345.5625623960066,4146.75074875208,High Value,2263,2263
CUST04999,4,9,6920.01,2025-03-27,2026-06-11,1730.0025,723.7725,441,14.7,0.272108843537415,6920.01,470.74897959183676,5648.987755102041,High Value,2264,2264
CUST02490,3,7,6917.280000000001,2025-10-22,2026-05-26,2305.76,1016.9200000000001,216,7.2,0.41666666666666663,6917.280000000001,960.7333333333333,11528.8,High Value,2265,2265
CUST00865,4,10,6916.700000000001,2025-07-04,2026-10-20,1729.1750000000002,739.52,473,15.766666666666667,0.2536997885835095,6916.700000000001,438.69133192389006,5264.29598308668,High Value,2266,2266
CUST00387,4,7,6915.87,2025-05-24,2026-02-18,1728.9675,889.2425000000001,270,9.0,0.4444444444444444,6915.87,768.43,9221.16,High Value,2267,2267
CUST00336,4,9,6915.3099999999995,2025-01-22,2026-08-28,1728.8274999999999,945.995,583,19.433333333333334,0.2058319039451115,6915.3099999999995,355.84785591766723,4270.174271012007,High Value,2268,2268
CUST04555,1,4,6909.2,2026-08-16,2026-08-16,6909.2,1727.3,0,0.0,1.0,6909.2,6909.2,82910.4,High Value,2269,2269
CUST02809,3,9,6908.210000000001,2025-09-25,2026-08-30,2302.736666666667,730.3800000000001,339,11.3,0.2654867256637168,6908.210000000001,611.3460176991151,7336.152212389381,High Value,2270,2270
CUST00071,4,7,6903.3099999999995,2025-08-04,2026-05-13,1725.8274999999999,1024.5,282,9.4,0.425531914893617,6903.3099999999995,734.3946808510638,8812.736170212766,High Value,2271,2271
CUST03151,3,5,6902.55,2024-12-24,2026-03-21,2300.85,1311.9733333333334,452,15.066666666666666,0.19911504424778761,6902.55,458.1338495575221,5497.6061946902655,High Value,2272,2272
CUST00684,4,9,6900.9800000000005,2025-06-12,2026-01-19,1725.2450000000001,958.6700000000001,221,7.366666666666666,0.5429864253393666,6900.9800000000005,936.7846153846154,11241.415384615386,High Value,2273,2273
CUST04828,3,6,6898.45,2025-07-10,2026-06-06,2299.483333333333,1199.8,331,11.033333333333333,0.2719033232628399,6898.45,625.2371601208459,7502.845921450151,High Value,2274,2274
CUST02135,2,6,6897.450000000001,2025-01-18,2025-02-17,3448.7250000000004,1149.5749999999998,30,1.0,2.0,6897.450000000001,6897.450000000001,82769.40000000001,High Value,2275,2275
CUST04225,2,8,6896.839999999999,2025-09-25,2026-01-06,3448.4199999999996,862.1049999999999,103,3.433333333333333,0.5825242718446603,6896.839999999999,2008.788349514563,24105.460194174753,High Value,2276,2276
CUST01387,3,6,6895.49,2025-06-22,2026-02-27,2298.4966666666664,1257.64,250,8.333333333333334,0.36,6895.49,827.4587999999999,9929.505599999999,High Value,2277,2277
CUST04474,3,6,6890.76,2025-03-18,2026-04-30,2296.92,1144.33,408,13.6,0.22058823529411764,6890.76,506.6735294117647,6080.082352941176,High Value,2278,2278
CUST00282,3,7,6885.83,2025-06-06,2026-09-28,2295.2766666666666,1147.2033333333334,479,15.966666666666667,0.18789144050104384,6885.83,431.2628392484342,5175.154070981211,High Value,2279,2279
CUST01343,4,8,6884.6,2025-05-14,2026-04-14,1721.15,744.54,335,11.166666666666666,0.35820895522388063,6884.6,616.5313432835821,7398.376119402986,High Value,2280,2280
CUST01610,3,9,6883.56,2025-10-14,2026-10-02,2294.52,781.1500000000001,353,11.766666666666667,0.254957507082153,6883.56,585.0050991501416,7020.0611898017,High Value,2281,2281
CUST02910,2,6,6883.48,2024-12-27,2025-11-23,3441.74,1199.0749999999998,331,11.033333333333333,0.18126888217522658,6883.48,623.8803625377643,7486.564350453172,High Value,2282,2282
CUST02477,3,5,6878.33,2025-06-01,2026-08-17,2292.7766666666666,1427.5366666666666,442,14.733333333333333,0.20361990950226244,6878.33,466.8549773755656,5602.259728506788,High Value,2283,2283
CUST03450,4,9,6877.59,2025-04-04,2026-07-22,1719.3975,871.2375,474,15.8,0.2531645569620253,6877.59,435.2905063291139,5223.486075949367,High Value,2284,2284
CUST03672,4,6,6875.26,2025-11-18,2026-10-02,1718.815,1161.525,318,10.6,0.37735849056603776,6875.26,648.6094339622642,7783.313207547171,High Value,2285,2285
CUST02814,3,5,6869.389999999999,2025-02-09,2025-03-19,2289.7966666666666,1142.7433333333333,38,1.2666666666666666,2.368421052631579,6869.389999999999,5423.202631578947,65078.43157894736,High Value,2286,2286
CUST03143,5,7,6868.1,2025-05-30,2026-09-22,1373.6200000000001,905.778,480,16.0,0.3125,6868.1,429.25625,5151.075000000001,High Value,2287,2287
CUST01972,4,8,6867.45,2024-12-26,2026-11-20,1716.8625,860.7225000000001,694,23.133333333333333,0.1729106628242075,6867.45,296.86383285302594,3562.365994236311,High Value,2288,2288
CUST04982,3,8,6864.030000000001,2025-03-20,2026-09-22,2288.01,979.7166666666667,551,18.366666666666667,0.16333938294010888,6864.030000000001,373.72214156079855,4484.665698729583,High Value,2289,2289
CUST02841,5,9,6862.55,2024-12-16,2026-09-15,1372.51,830.222,638,21.266666666666666,0.23510971786833856,6862.55,322.69043887147336,3872.2852664576803,High Value,2290,2290
CUST03333,2,6,6861.09,2025-08-08,2026-05-02,3430.545,1102.065,267,8.9,0.2247191011235955,6861.09,770.9089887640449,9250.90786516854,High Value,2291,2291
CUST03160,3,5,6858.08,2025-05-27,2026-05-20,2286.0266666666666,1318.7066666666667,358,11.933333333333334,0.25139664804469275,6858.08,574.6994413407821,6896.393296089385,High Value,2292,2292
CUST03134,4,8,6855.61,2024-12-08,2026-04-15,1713.9025,924.2825,493,16.433333333333334,0.2434077079107505,6855.61,417.17707910750505,5006.124949290061,High Value,2293,2293
CUST00999,4,7,6855.31,2025-01-07,2026-01-12,1713.8275,1034.4225,370,12.333333333333334,0.3243243243243243,6855.31,555.8359459459459,6670.031351351351,High Value,2294,2294
CUST02888,3,6,6850.280000000001,2025-06-08,2026-08-05,2283.4266666666667,1482.926666666667,423,14.1,0.2127659574468085,6850.280000000001,485.8354609929079,5830.025531914895,High Value,2295,2295
CUST02973,3,6,6847.49,2025-03-02,2026-05-27,2282.4966666666664,1161.18,451,15.033333333333333,0.19955654101995565,6847.49,455.4871396895787,5465.845676274945,High Value,2296,2296
CUST01582,4,11,6846.34,2025-02-21,2026-10-18,1711.585,681.0699999999999,604,20.133333333333333,0.19867549668874174,6846.34,340.05,4080.6000000000004,High Value,2297,2297
CUST01601,4,9,6844.84,2025-03-26,2025-10-31,1711.21,1050.0425,219,7.3,0.547945205479452,6844.84,937.6493150684931,11251.791780821917,High Value,2298,2298
CUST00225,4,8,6842.37,2025-05-02,2026-04-22,1710.5925,824.4675,355,11.833333333333334,0.3380281690140845,6842.37,578.2284507042253,6938.741408450704,High Value,2299,2299
CUST04376,4,7,6841.72,2025-05-05,2026-09-07,1710.43,1129.2625,490,16.333333333333332,0.2448979591836735,6841.72,418.88081632653063,5026.569795918367,High Value,2300,2300
CUST00817,1,3,6840.42,2026-08-01,2026-08-01,6840.42,2280.14,0,0.0,1.0,6840.42,6840.42,82085.04000000001,High Value,2301,2301
CUST00672,2,6,6839.65,2025-08-06,2026-07-19,3419.825,1022.0450000000001,347,11.566666666666666,0.1729106628242075,6839.65,591.3242074927954,7095.890489913545,High Value,2302,2302
CUST02821,4,7,6838.28,2025-04-24,2026-04-06,1709.57,940.2725,347,11.566666666666666,0.345821325648415,6838.28,591.2057636887608,7094.4691642651305,High Value,2303,2303
CUST02999,2,5,6834.92,2025-06-17,2026-10-12,3417.46,1014.805,482,16.066666666666666,0.12448132780082988,6834.92,425.4099585062241,5104.919502074689,High Value,2304,2304
CUST02562,3,8,6833.44,2025-05-24,2026-07-05,2277.813333333333,1061.7033333333331,407,13.566666666666666,0.22113022113022113,6833.44,503.6933660933661,6044.320393120393,High Value,2305,2305
CUST01084,2,5,6819.33,2025-07-24,2026-05-29,3409.665,1170.435,309,10.3,0.1941747572815534,6819.33,662.0708737864077,7944.850485436892,High Value,2306,2306
CUST04914,2,6,6819.03,2026-06-15,2026-07-06,3409.515,1136.505,21,0.7,2.0,6819.03,6819.03,81828.36,High Value,2307,2307
CUST00516,3,7,6817.14,2025-09-09,2026-10-01,2272.38,999.7733333333334,387,12.9,0.23255813953488372,6817.14,528.4604651162791,6341.52558139535,High Value,2308,2308
CUST02937,5,7,6815.530000000001,2025-02-28,2026-05-17,1363.1060000000002,898.4780000000001,443,14.766666666666667,0.3386004514672686,6815.530000000001,461.54830699774266,5538.579683972912,High Value,2309,2309
CUST02496,3,7,6812.62,2025-05-24,2025-07-25,2270.8733333333334,691.6999999999999,62,2.066666666666667,1.4516129032258063,6812.62,3296.429032258064,39557.14838709677,High Value,2310,2310
CUST01798,2,5,6812.049999999999,2025-03-23,2026-02-09,3406.0249999999996,1375.235,323,10.766666666666667,0.18575851393188852,6812.049999999999,632.6981424148605,7592.377708978326,High Value,2311,2311
CUST03343,4,7,6810.780000000001,2025-01-06,2026-12-18,1702.6950000000002,934.1925000000001,711,23.7,0.16877637130801687,6810.780000000001,287.3746835443038,3448.496202531646,High Value,2312,2312
CUST01383,4,9,6806.31,2025-03-06,2026-05-20,1701.5775,748.395,440,14.666666666666666,0.27272727272727276,6806.31,464.06659090909096,5568.799090909091,High Value,2313,2313
CUST04991,1,5,6799.45,2026-02-18,2026-02-18,6799.45,1359.89,0,0.0,1.0,6799.45,6799.45,81593.4,High Value,2314,2314
CUST00558,3,5,6799.4,2026-02-09,2026-08-07,2266.4666666666667,1192.1533333333334,179,5.966666666666667,0.5027932960893855,6799.4,1139.5642458100558,13674.77094972067,High Value,2315,2315
CUST01428,2,4,6799.13,2025-06-24,2026-09-01,3399.565,1579.355,434,14.466666666666667,0.1382488479262673,6799.13,469.98594470046083,5639.83133640553,High Value,2316,2316
CUST04962,3,7,6797.389999999999,2024-11-26,2026-03-04,2265.7966666666666,1076.9233333333334,463,15.433333333333334,0.19438444924406048,6797.389999999999,440.435637149028,5285.227645788336,High Value,2317,2317
CUST01072,2,8,6796.98,2025-02-11,2026-11-20,3398.49,923.95,647,21.566666666666666,0.09273570324574962,6796.98,315.16136012364757,3781.936321483771,High Value,2318,2318
CUST01140,2,5,6793.280000000001,2025-04-18,2026-04-03,3396.6400000000003,984.7750000000001,350,11.666666666666666,0.17142857142857143,6793.280000000001,582.281142857143,6987.373714285715,High Value,2319,2319
CUST00800,2,7,6789.31,2025-05-27,2026-10-10,3394.655,970.935,501,16.7,0.11976047904191617,6789.31,406.545508982036,4878.546107784432,High Value,2320,2320
CUST00089,2,7,6782.610000000001,2025-01-31,2025-08-28,3391.3050000000003,946.095,209,6.966666666666667,0.28708133971291866,6782.610000000001,973.5803827751197,11682.964593301436,High Value,2321,2321
CUST02904,3,8,6777.79,2025-06-07,2025-11-15,2259.2633333333333,814.6433333333333,161,5.366666666666666,0.5590062111801243,6777.79,1262.9422360248448,15155.306832298138,High Value,2322,2322
CUST01829,2,5,6772.84,2026-09-01,2026-09-27,3386.42,1264.9,26,0.8666666666666667,2.0,6772.84,6772.84,81274.08,High Value,2323,2323
CUST01434,4,7,6771.42,2025-09-26,2026-08-09,1692.855,961.865,317,10.566666666666666,0.37854889589905366,6771.42,640.8283911671924,7689.940694006309,High Value,2324,2324
CUST02197,5,8,6770.14,2025-07-17,2026-09-25,1354.028,883.624,435,14.5,0.3448275862068966,6770.14,466.90620689655174,5602.874482758621,High Value,2325,2325
CUST00838,3,6,6769.02,2025-05-15,2026-05-31,2256.34,952.0600000000001,381,12.7,0.2362204724409449,6769.02,532.9937007874016,6395.9244094488195,High Value,2326,2326
CUST00600,2,5,6767.35,2026-01-09,2026-02-11,3383.675,1019.345,33,1.1,1.8181818181818181,6767.35,6152.136363636363,73825.63636363635,High Value,2327,2327
CUST01041,3,6,6767.2,2024-12-28,2026-02-19,2255.733333333333,1193.84,418,13.933333333333334,0.21531100478468898,6767.2,485.6842105263158,5828.210526315789,High Value,2328,2328
CUST04478,3,7,6765.650000000001,2025-08-13,2026-05-31,2255.2166666666667,1005.0566666666667,291,9.7,0.30927835051546393,6765.650000000001,697.4896907216496,8369.876288659794,High Value,2329,2329
CUST03466,2,6,6765.27,2025-03-13,2025-06-29,3382.635,1152.1950000000002,108,3.6,0.5555555555555556,6765.27,1879.2416666666668,22550.9,High Value,2330,2330
CUST04313,2,5,6763.64,2025-01-13,2025-10-11,3381.82,1137.49,271,9.033333333333333,0.22140221402214022,6763.64,748.7424354243543,8984.909225092251,High Value,2331,2331
CUST03174,4,7,6762.26,2025-01-12,2025-06-10,1690.565,1076.905,149,4.966666666666667,0.8053691275167785,6762.26,1361.5288590604027,16338.346308724833,High Value,2332,2332
CUST03285,5,9,6761.05,2025-01-12,2025-11-16,1352.21,650.326,308,10.266666666666667,0.48701298701298695,6761.05,658.5438311688312,7902.5259740259735,High Value,2333,2333
CUST01338,3,6,6753.86,2025-01-12,2026-01-29,2251.2866666666664,922.87,382,12.733333333333333,0.23560209424083772,6753.86,530.4078534031414,6364.894240837697,High Value,2334,2334
CUST04370,5,9,6751.89,2025-04-03,2026-07-01,1350.3780000000002,867.49,454,15.133333333333333,0.3303964757709251,6751.89,446.16013215859033,5353.921585903084,High Value,2335,2335
CUST04432,3,8,6751.32,2025-06-12,2026-04-14,2250.44,837.5833333333334,306,10.2,0.29411764705882354,6751.32,661.8941176470588,7942.729411764705,High Value,2336,2336
CUST03828,2,5,6750.799999999999,2025-05-02,2025-06-26,3375.3999999999996,1198.75,55,1.8333333333333333,1.090909090909091,6750.799999999999,3682.254545454545,44187.05454545454,High Value,2337,2337
CUST03080,3,5,6749.539999999999,2025-09-15,2026-08-16,2249.8466666666664,1176.5266666666666,335,11.166666666666666,0.26865671641791045,6749.539999999999,604.4364179104477,7253.237014925373,High Value,2338,2338
CUST04851,2,4,6745.98,2025-11-02,2026-02-27,3372.99,1487.62,117,3.9,0.5128205128205129,6745.98,1729.7384615384615,20756.861538461537,High Value,2339,2339
CUST00862,5,8,6744.12,2025-07-15,2026-11-29,1348.824,1033.058,502,16.733333333333334,0.298804780876494,6744.12,403.03505976095613,4836.420717131474,High Value,2340,2340
CUST01034,5,8,6743.94,2025-04-26,2026-09-01,1348.788,1118.766,493,16.433333333333334,0.3042596348884381,6743.94,410.38174442190666,4924.58093306288,High Value,2341,2341
CUST01209,3,6,6733.9800000000005,2024-12-15,2026-06-22,2244.6600000000003,1080.3866666666665,554,18.466666666666665,0.1624548736462094,6733.9800000000005,364.6559566787004,4375.871480144405,High Value,2342,2342
CUST02071,4,6,6724.070000000001,2025-08-20,2026-11-04,1681.0175000000002,1164.5725,441,14.7,0.272108843537415,6724.070000000001,457.4197278911565,5489.036734693878,High Value,2343,2343
CUST02519,3,7,6723.6,2025-03-17,2026-09-01,2241.2000000000003,1131.3566666666666,533,17.766666666666666,0.16885553470919326,6723.6,378.43902439024396,4541.2682926829275,High Value,2344,2344
CUST03591,2,7,6722.889999999999,2025-01-21,2026-10-12,3361.4449999999997,890.18,629,20.966666666666665,0.09538950715421304,6722.889999999999,320.64658187599366,3847.758982511924,High Value,2345,2345
CUST00868,4,7,6722.66,2025-09-13,2026-03-28,1680.665,852.05,196,6.533333333333333,0.6122448979591837,6722.66,1028.9785714285715,12347.742857142857,High Value,2346,2346
CUST03666,4,13,6720.049999999999,2025-06-03,2026-05-16,1680.0124999999998,551.565,347,11.566666666666666,0.345821325648415,6720.049999999999,580.9841498559077,6971.809798270893,High Value,2347,2347
CUST01873,2,5,6711.0,2025-01-20,2025-03-25,3355.5,1253.83,64,2.1333333333333333,0.9375,6711.0,3145.78125,37749.375,High Value,2348,2348
CUST00836,5,8,6709.2300000000005,2025-01-06,2025-10-05,1341.846,826.7279999999998,272,9.066666666666666,0.5514705882352942,6709.2300000000005,739.9886029411765,8879.863235294119,High Value,2349,2349
CUST01275,5,10,6702.36,2025-01-08,2026-07-23,1340.472,715.76,561,18.7,0.26737967914438504,6702.36,358.4149732620321,4300.979679144385,High Value,2350,2350
CUST00747,3,6,6701.6900000000005,2025-02-05,2025-07-18,2233.896666666667,1066.8866666666665,163,5.433333333333334,0.5521472392638036,6701.6900000000005,1233.4398773006135,14801.278527607363,High Value,2351,2351
CUST02869,3,6,6697.36,2025-09-07,2026-08-09,2232.4533333333334,812.6333333333332,336,11.2,0.26785714285714285,6697.36,597.9785714285714,7175.742857142857,High Value,2352,2352
CUST00851,3,7,6697.01,2024-11-24,2025-10-02,2232.3366666666666,965.3033333333333,312,10.4,0.28846153846153844,6697.01,643.9432692307693,7727.319230769232,High Value,2353,2353
CUST02467,5,6,6696.63,2024-12-15,2026-05-17,1339.326,1138.742,518,17.266666666666666,0.2895752895752896,6696.63,387.8357142857143,4654.028571428571,High Value,2354,2354
CUST03534,3,5,6692.530000000001,2026-02-08,2026-07-25,2230.8433333333337,1389.5033333333333,167,5.566666666666666,0.5389221556886228,6692.530000000001,1202.250898203593,14427.010778443115,High Value,2355,2355
CUST02764,2,6,6687.57,2026-02-03,2026-09-11,3343.785,1114.595,220,7.333333333333333,0.27272727272727276,6687.57,911.9413636363637,10943.296363636364,High Value,2356,2356
CUST00056,4,7,6678.88,2025-02-08,2026-08-16,1669.72,1042.99,554,18.466666666666665,0.21660649819494587,6678.88,361.672202166065,4340.06642599278,High Value,2357,2357
CUST02218,3,6,6675.29,2025-07-10,2025-09-11,2225.096666666667,1150.3533333333332,63,2.1,1.4285714285714286,6675.29,3178.7095238095235,38144.51428571428,High Value,2358,2358
CUST00709,4,5,6674.94,2025-03-24,2026-07-02,1668.735,1347.5825,465,15.5,0.25806451612903225,6674.94,430.64129032258063,5167.695483870968,High Value,2359,2359
CUST02514,5,8,6671.8,2025-01-02,2026-05-09,1334.3600000000001,880.192,492,16.4,0.30487804878048785,6671.8,406.81707317073176,4881.804878048781,High Value,2360,2360
CUST01418,2,6,6671.040000000001,2025-11-13,2026-09-09,3335.5200000000004,1111.84,300,10.0,0.2,6671.040000000001,667.104,8005.2480000000005,High Value,2361,2361
CUST04359,3,5,6669.78,2025-08-24,2026-05-31,2223.2599999999998,1069.2066666666667,280,9.333333333333334,0.3214285714285714,6669.78,714.6192857142856,8575.431428571428,High Value,2362,2362
CUST04380,4,7,6667.25,2024-12-06,2025-05-29,1666.8125,1061.4575,174,5.8,0.6896551724137931,6667.25,1149.5258620689656,13794.310344827587,High Value,2363,2363
CUST01721,2,6,6655.860000000001,2025-11-01,2026-08-20,3327.9300000000003,1109.31,292,9.733333333333333,0.20547945205479454,6655.860000000001,683.8212328767124,8205.85479452055,High Value,2364,2364
CUST00586,3,6,6653.339999999999,2025-09-21,2026-09-04,2217.7799999999997,1180.95,348,11.6,0.25862068965517243,6653.339999999999,573.5637931034482,6882.765517241379,High Value,2365,2365
CUST02879,3,7,6651.84,2025-01-06,2026-01-28,2217.28,1191.4466666666667,387,12.9,0.23255813953488372,6651.84,515.646511627907,6187.758139534884,High Value,2366,2366
CUST03256,2,6,6650.1900000000005,2025-06-14,2026-02-09,3325.0950000000003,1193.475,240,8.0,0.25,6650.1900000000005,831.2737500000001,9975.285,High Value,2367,2367
CUST02346,3,8,6649.6,2026-08-30,2026-11-30,2216.5333333333333,750.6733333333333,92,3.066666666666667,0.9782608695652173,6649.6,2168.3478260869565,26020.17391304348,High Value,2368,2368
CUST03789,3,5,6649.139999999999,2025-06-17,2026-03-27,2216.3799999999997,1259.0866666666668,283,9.433333333333334,0.31802120141342755,6649.139999999999,704.8558303886925,8458.26996466431,High Value,2369,2369
CUST00755,4,11,6647.77,2024-12-04,2026-07-20,1661.9425,683.735,593,19.766666666666666,0.20236087689713322,6647.77,336.3121416526139,4035.7456998313664,High Value,2370,2370
CUST02341,4,8,6646.9400000000005,2025-08-12,2026-10-07,1661.7350000000001,980.335,421,14.033333333333333,0.2850356294536817,6646.9400000000005,473.6536817102138,5683.844180522566,High Value,2371,2371
CUST03376,5,9,6646.65,2025-03-19,2026-03-24,1329.33,822.458,370,12.333333333333334,0.4054054054054054,6646.65,538.9175675675675,6467.010810810811,High Value,2372,2372
CUST00026,3,8,6645.96,2025-01-18,2026-11-17,2215.32,855.7433333333333,668,22.266666666666666,0.1347305389221557,6645.96,298.47125748503,3581.6550898203595,High Value,2373,2373
CUST01686,4,6,6641.25,2025-02-11,2026-06-27,1660.3125,1036.055,501,16.7,0.23952095808383234,6641.25,397.6796407185629,4772.1556886227545,High Value,2374,2374
CUST01169,3,7,6639.71,2025-05-11,2026-06-05,2213.2366666666667,904.89,390,13.0,0.23076923076923078,6639.71,510.74692307692305,6128.963076923077,High Value,2375,2375
CUST03464,2,5,6637.38,2025-05-20,2025-11-10,3318.69,1319.3000000000002,174,5.8,0.3448275862068966,6637.38,1144.3758620689655,13732.510344827586,High Value,2376,2376
CUST00844,4,11,6636.61,2025-11-06,2026-09-19,1659.1525,680.54,317,10.566666666666666,0.37854889589905366,6636.61,628.0703470031546,7536.844164037855,High Value,2377,2377
CUST04944,2,7,6635.58,2025-07-31,2026-01-06,3317.79,999.075,159,5.3,0.37735849056603776,6635.58,1251.9962264150943,15023.95471698113,High Value,2378,2378
CUST04602,5,8,6633.41,2024-12-27,2026-09-22,1326.682,803.106,634,21.133333333333333,0.23659305993690852,6633.41,313.88375394321764,3766.6050473186115,High Value,2379,2379
CUST01288,5,7,6630.5,2024-11-23,2026-09-06,1326.1,1113.882,652,21.733333333333334,0.2300613496932515,6630.5,305.08435582822085,3661.01226993865,High Value,2380,2380
CUST04780,2,6,6629.8,2026-05-16,2026-07-08,3314.9,1033.96,53,1.7666666666666666,1.1320754716981132,6629.8,3752.7169811320755,45032.60377358491,High Value,2381,2381
CUST00989,3,7,6625.6900000000005,2026-02-17,2026-05-28,2208.5633333333335,1189.0233333333333,100,3.3333333333333335,0.8999999999999999,6625.6900000000005,1987.707,23852.484,High Value,2382,2382
CUST00622,2,9,6625.51,2026-03-10,2026-07-21,3312.755,708.425,133,4.433333333333334,0.45112781954887216,6625.51,1494.475939849624,17933.711278195486,High Value,2383,2383
CUST03373,4,8,6622.57,2025-04-24,2026-07-01,1655.6425,858.1375,433,14.433333333333334,0.27713625866050806,6622.57,458.8385681293302,5506.062817551962,High Value,2384,2384
CUST03539,4,9,6622.46,2025-02-10,2025-08-29,1655.615,698.3075,200,6.666666666666667,0.6,6622.46,993.3689999999999,11920.428,High Value,2385,2385
CUST03800,3,7,6619.09,2025-01-03,2026-03-10,2206.3633333333332,1162.8566666666666,431,14.366666666666667,0.2088167053364269,6619.09,460.7255220417633,5528.70626450116,High Value,2386,2386
CUST03405,3,8,6618.78,2025-05-19,2025-10-06,2206.2599999999998,744.5266666666666,140,4.666666666666667,0.6428571428571428,6618.78,1418.31,17019.72,High Value,2387,2387
CUST02760,3,7,6615.669999999999,2024-12-23,2025-03-23,2205.223333333333,692.9833333333332,90,3.0,1.0,6615.669999999999,2205.223333333333,26462.679999999993,High Value,2388,2388
CUST00949,4,6,6610.67,2025-08-12,2025-12-06,1652.6675,1202.6925,116,3.8666666666666667,1.0344827586206897,6610.67,1709.6560344827585,20515.872413793102,High Value,2389,2389
CUST04492,4,6,6603.17,2025-03-07,2025-11-07,1650.7925,1130.4850000000001,245,8.166666666666666,0.489795918367347,6603.17,808.5514285714287,9702.617142857143,High Value,2390,2390
CUST00284,3,6,6602.38,2025-01-20,2026-04-20,2200.7933333333335,1100.3966666666668,455,15.166666666666666,0.19780219780219782,6602.38,435.3217582417583,5223.8610989010995,High Value,2391,2391
CUST03895,4,6,6602.12,2025-08-06,2026-07-09,1650.53,1083.46,337,11.233333333333333,0.3560830860534125,6602.12,587.725816023739,7052.709792284868,High Value,2392,2392
CUST01684,3,7,6599.58,2025-02-12,2025-11-05,2199.86,809.0066666666667,266,8.866666666666667,0.3383458646616541,6599.58,744.3135338345865,8931.762406015037,High Value,2393,2393
CUST01384,3,8,6598.0,2024-12-25,2025-01-25,2199.3333333333335,1005.23,31,1.0333333333333334,2.9032258064516125,6598.0,6385.16129032258,76621.93548387096,High Value,2394,2394
CUST03978,3,5,6595.610000000001,2025-02-16,2026-03-30,2198.536666666667,1259.6833333333334,407,13.566666666666666,0.22113022113022113,6595.610000000001,486.1628992628993,5833.954791154792,High Value,2395,2395
CUST03330,3,6,6591.89,2025-07-05,2026-11-17,2197.2966666666666,1110.8833333333334,500,16.666666666666668,0.18,6591.89,395.5134,4746.1608,High Value,2396,2396
CUST02644,3,6,6590.94,2026-03-30,2026-08-16,2196.98,1025.09,139,4.633333333333334,0.6474820143884892,6590.94,1422.5050359712227,17070.060431654674,High Value,2397,2397
CUST01816,2,7,6586.53,2026-02-10,2026-12-13,3293.265,1121.355,306,10.2,0.19607843137254904,6586.53,645.7382352941177,7748.858823529412,High Value,2398,2398
CUST01497,4,7,6585.68,2025-01-26,2026-08-18,1646.42,848.4025,569,18.966666666666665,0.210896309314587,6585.68,347.2239015817224,4166.686818980668,High Value,2399,2399
CUST02353,4,7,6585.66,2025-02-24,2026-04-03,1646.415,843.8775,403,13.433333333333334,0.2977667493796526,6585.66,490.2476426799007,5882.971712158808,High Value,2400,2400
CUST02701,2,6,6584.780000000001,2025-04-08,2026-01-10,3292.3900000000003,1165.075,277,9.233333333333333,0.21660649819494587,6584.780000000001,713.1530685920579,8557.836823104695,High Value,2401,2401
CUST04293,3,7,6580.33,2025-10-20,2026-09-30,2193.443333333333,839.5033333333334,345,11.5,0.2608695652173913,6580.33,572.2026086956522,6866.431304347827,High Value,2402,2402
CUST02315,2,5,6579.87,2025-05-29,2025-10-04,3289.935,1242.855,128,4.266666666666667,0.46875,6579.87,1542.15703125,18505.884375,Medium Value,2403,2403
CUST01812,4,7,6576.29,2025-02-02,2026-08-29,1644.0725,1031.295,573,19.1,0.20942408376963348,6576.29,344.3083769633508,4131.700523560209,Medium Value,2404,2404
CUST02805,3,7,6575.19,2025-04-02,2025-11-27,2191.73,836.89,239,7.966666666666667,0.37656903765690375,6575.19,825.3376569037656,9904.051882845188,Medium Value,2405,2405
CUST04472,4,6,6571.55,2025-05-10,2026-02-03,1642.8875,1339.8125,269,8.966666666666667,0.44609665427509293,6571.55,732.8866171003717,8794.63940520446,Medium Value,2406,2406
CUST02288,3,7,6570.62,2025-10-15,2026-11-04,2190.2066666666665,1030.29,385,12.833333333333334,0.23376623376623376,6570.62,511.9963636363636,6143.956363636363,Medium Value,2407,2407
CUST04800,5,8,6570.27,2025-05-06,2025-12-13,1314.054,877.6940000000001,221,7.366666666666666,0.6787330316742082,6570.27,891.89185520362,10702.70226244344,Medium Value,2408,2408
CUST00487,4,8,6568.5599999999995,2025-07-12,2026-09-27,1642.1399999999999,903.105,442,14.733333333333333,0.2714932126696833,6568.5599999999995,445.8298642533937,5349.958371040724,Medium Value,2409,2409
CUST00960,4,8,6565.63,2025-09-19,2026-05-01,1641.4075,818.6825,224,7.466666666666667,0.5357142857142857,6565.63,879.3254464285715,10551.905357142858,Medium Value,2410,2410
CUST01210,5,8,6564.2,2025-01-15,2025-10-24,1312.84,771.2239999999999,282,9.4,0.5319148936170213,6564.2,698.3191489361702,8379.829787234043,Medium Value,2411,2411
CUST04398,4,7,6563.11,2025-01-16,2026-10-06,1640.7775,974.5025,628,20.933333333333334,0.19108280254777069,6563.11,313.5243630573248,3762.292356687898,Medium Value,2412,2412
CUST04734,5,8,6562.95,2024-11-29,2026-09-23,1312.59,907.99,663,22.1,0.2262443438914027,6562.95,296.96606334841624,3563.592760180995,Medium Value,2413,2413
CUST03612,4,6,6560.860000000001,2024-11-25,2026-07-18,1640.2150000000001,1173.415,600,20.0,0.2,6560.860000000001,328.043,3936.516,Medium Value,2414,2414
CUST00432,3,6,6554.68,2025-04-19,2026-01-28,2184.8933333333334,849.7033333333334,284,9.466666666666667,0.31690140845070425,6554.68,692.3957746478874,8308.749295774649,Medium Value,2415,2415
CUST03762,3,6,6551.54,2024-12-23,2026-11-21,2183.846666666667,998.2933333333334,698,23.266666666666666,0.12893982808022922,6551.54,281.58481375358167,3379.01776504298,Medium Value,2416,2416
CUST00509,4,10,6549.78,2025-04-03,2025-12-28,1637.445,560.3575,269,8.966666666666667,0.44609665427509293,6549.78,730.4587360594795,8765.504832713754,Medium Value,2417,2417
CUST03886,5,10,6544.68,2025-06-12,2026-09-21,1308.9360000000001,760.2360000000001,466,15.533333333333333,0.3218884120171674,6544.68,421.33133047210305,5055.975965665237,Medium Value,2418,2418
CUST03066,4,6,6541.5,2025-06-11,2026-10-04,1635.375,999.665,480,16.0,0.25,6541.5,408.84375,4906.125,Medium Value,2419,2419
CUST00018,2,9,6536.77,2025-10-17,2026-02-18,3268.385,757.02,124,4.133333333333334,0.48387096774193544,6536.77,1581.4766129032257,18977.719354838708,Medium Value,2420,2420
CUST03561,3,10,6535.75,2025-02-12,2025-12-11,2178.5833333333335,624.57,302,10.066666666666666,0.2980132450331126,6535.75,649.2466887417219,7790.960264900663,Medium Value,2421,2421
CUST01032,4,6,6533.55,2025-11-24,2026-08-22,1633.3875,1020.6600000000001,271,9.033333333333333,0.44280442804428044,6533.55,723.2712177121772,8679.254612546127,Medium Value,2422,2422
CUST00414,4,7,6529.59,2025-01-25,2026-08-09,1632.3975,870.4575,561,18.7,0.21390374331550802,6529.59,349.175935828877,4190.111229946524,Medium Value,2423,2423
CUST02875,4,8,6529.58,2025-05-09,2026-06-26,1632.395,826.03,413,13.766666666666667,0.29055690072639223,6529.58,474.30363196125904,5691.6435835351085,Medium Value,2424,2424
CUST03265,4,8,6525.58,2025-07-27,2026-10-25,1631.395,781.85,455,15.166666666666666,0.26373626373626374,6525.58,430.258021978022,5163.096263736264,Medium Value,2425,2425
CUST01187,3,5,6517.88,2025-07-10,2026-11-04,2172.6266666666666,1338.3533333333332,482,16.066666666666666,0.18672199170124482,6517.88,405.6771784232365,4868.126141078838,Medium Value,2426,2426
CUST02318,4,9,6514.92,2025-01-04,2026-07-05,1628.73,958.7524999999999,547,18.233333333333334,0.21937842778793418,6514.92,357.308226691042,4287.698720292505,Medium Value,2427,2427
CUST03503,4,6,6513.87,2025-04-12,2026-07-23,1628.4675,1083.4025000000001,467,15.566666666666666,0.2569593147751606,6513.87,418.44989293361886,5021.398715203426,Medium Value,2428,2428
CUST04373,4,8,6513.099999999999,2024-11-18,2026-09-13,1628.2749999999999,808.9275,664,22.133333333333333,0.18072289156626506,6513.099999999999,294.26656626506025,3531.198795180723,Medium Value,2429,2429
CUST02322,3,7,6512.91,2025-09-09,2026-06-05,2170.97,1022.6633333333333,269,8.966666666666667,0.3345724907063197,6512.91,726.3468401486989,8716.162081784387,Medium Value,2430,2430
CUST01281,5,9,6507.78,2025-02-01,2026-03-27,1301.556,953.592,419,13.966666666666667,0.35799522673031026,6507.78,465.9508353221957,5591.410023866349,Medium Value,2431,2431
CUST01987,3,7,6503.54,2025-08-18,2026-09-04,2167.846666666667,958.0866666666667,382,12.733333333333333,0.23560209424083772,6503.54,510.7492146596859,6128.99057591623,Medium Value,2432,2432
CUST01114,3,9,6490.5599999999995,2025-06-01,2026-11-15,2163.52,721.1733333333333,532,17.733333333333334,0.16917293233082706,6490.5599999999995,366.0090225563909,4392.108270676691,Medium Value,2433,2433
CUST03009,2,5,6487.51,2025-05-09,2026-08-20,3243.755,1214.385,468,15.6,0.12820512820512822,6487.51,415.86602564102566,4990.392307692307,Medium Value,2434,2434
CUST02794,1,4,6485.2,2026-01-19,2026-01-19,6485.2,1621.3,0,0.0,1.0,6485.2,6485.2,77822.4,Medium Value,2435,2435
CUST00098,3,8,6478.58,2024-12-10,2026-03-10,2159.5266666666666,764.6700000000001,455,15.166666666666666,0.19780219780219782,6478.58,427.1591208791209,5125.90945054945,Medium Value,2436,2436
CUST01675,4,11,6473.72,2025-06-24,2026-03-14,1618.43,720.1475,263,8.766666666666667,0.4562737642585551,6473.72,738.4471482889734,8861.36577946768,Medium Value,2437,2437
CUST01489,2,6,6473.47,2024-12-24,2026-08-07,3236.735,1094.0349999999999,591,19.7,0.10152284263959391,6473.47,328.602538071066,3943.2304568527925,Medium Value,2438,2438
CUST00310,3,7,6472.25,2026-04-05,2026-07-11,2157.4166666666665,973.4966666666666,97,3.2333333333333334,0.9278350515463918,6472.25,2001.7268041237112,24020.721649484534,Medium Value,2439,2439
CUST03022,4,11,6470.85,2025-01-15,2026-08-12,1617.7125,610.1700000000001,574,19.133333333333333,0.20905923344947736,6470.85,338.19773519163766,4058.372822299652,Medium Value,2440,2440
CUST00241,3,5,6468.23,2024-12-30,2026-08-11,2156.0766666666664,1394.8633333333335,589,19.633333333333333,0.15280135823429541,6468.23,329.4514431239389,3953.4173174872667,Medium Value,2441,2441
CUST00320,4,5,6467.44,2025-05-13,2026-08-22,1616.86,1320.1525,466,15.533333333333333,0.2575107296137339,6467.44,416.35879828326176,4996.305579399141,Medium Value,2442,2442
CUST04375,4,7,6462.8,2025-03-03,2026-10-11,1615.7,946.145,587,19.566666666666666,0.20442930153321975,6462.8,330.2964224872232,3963.557069846678,Medium Value,2443,2443
CUST03366,2,5,6461.55,2024-12-23,2025-12-29,3230.775,1137.165,371,12.366666666666667,0.16172506738544473,6461.55,522.4973045822103,6269.9676549865235,Medium Value,2444,2444
CUST02281,3,7,6459.02,2025-02-02,2025-05-14,2153.0066666666667,949.3766666666667,101,3.3666666666666667,0.8910891089108911,6459.02,1918.520792079208,23022.249504950494,Medium Value,2445,2445
CUST02707,3,4,6458.06,2025-01-06,2025-07-10,2152.686666666667,1607.8500000000001,185,6.166666666666667,0.48648648648648646,6458.06,1047.2529729729729,12567.035675675674,Medium Value,2446,2446
CUST02549,3,6,6457.84,2024-12-31,2026-02-28,2152.6133333333332,1076.3066666666666,424,14.133333333333333,0.21226415094339623,6457.84,456.922641509434,5483.071698113208,Medium Value,2447,2447
CUST01402,4,7,6457.21,2025-02-23,2026-09-15,1614.3025,1095.07,569,18.966666666666665,0.210896309314587,6457.21,340.4504393673111,4085.4052724077333,Medium Value,2448,2448
CUST00570,2,5,6455.79,2025-07-28,2025-09-06,3227.895,1395.75,40,1.3333333333333333,1.5,6455.79,4841.842500000001,58102.11000000001,Medium Value,2449,2449
CUST04946,3,5,6454.6900000000005,2025-04-21,2026-03-01,2151.5633333333335,1337.8533333333335,314,10.466666666666667,0.28662420382165604,6454.6900000000005,616.6901273885351,7400.281528662421,Medium Value,2450,2450
CUST01976,1,4,6444.32,2026-10-02,2026-10-02,6444.32,1611.08,0,0.0,1.0,6444.32,6444.32,77331.84,Medium Value,2451,2451
CUST02283,2,6,6441.98,2026-02-10,2026-08-28,3220.99,1111.13,199,6.633333333333334,0.3015075376884422,6441.98,971.1527638190953,11653.833165829143,Medium Value,2452,2452
CUST03697,5,6,6434.74,2024-12-02,2026-08-20,1286.9479999999999,1034.924,626,20.866666666666667,0.23961661341853036,6434.74,308.37412140575077,3700.4894568690092,Medium Value,2453,2453
CUST02168,3,8,6434.7,2025-03-15,2026-06-02,2144.9,927.02,444,14.8,0.2027027027027027,6434.7,434.777027027027,5217.324324324323,Medium Value,2454,2454
CUST00918,2,7,6432.139999999999,2025-01-06,2026-08-13,3216.0699999999997,902.645,584,19.466666666666665,0.10273972602739727,6432.139999999999,330.4181506849315,3965.017808219178,Medium Value,2455,2455
CUST03683,3,7,6425.58,2025-05-23,2025-12-27,2141.86,946.42,218,7.266666666666667,0.41284403669724773,6425.58,884.254128440367,10611.049541284405,Medium Value,2456,2456
CUST03101,3,7,6422.91,2025-09-18,2026-08-21,2140.97,1012.0366666666667,337,11.233333333333333,0.26706231454005935,6422.91,571.7724035608309,6861.268842729971,Medium Value,2457,2457
CUST03530,2,4,6417.48,2024-11-16,2025-06-29,3208.74,1358.52,225,7.5,0.26666666666666666,6417.48,855.664,10267.968,Medium Value,2458,2458
CUST03567,3,5,6417.32,2025-07-28,2026-08-02,2139.1066666666666,1111.4533333333334,370,12.333333333333334,0.24324324324324323,6417.32,520.3232432432432,6243.878918918917,Medium Value,2459,2459
CUST01795,2,5,6414.97,2025-08-14,2026-09-27,3207.485,949.2049999999999,409,13.633333333333333,0.1466992665036675,6414.97,470.53569682151596,5646.428361858191,Medium Value,2460,2460
CUST04289,2,5,6413.93,2025-08-21,2026-08-03,3206.965,1094.365,347,11.566666666666666,0.1729106628242075,6413.93,554.5184438040346,6654.221325648416,Medium Value,2461,2461
CUST02863,4,4,6410.08,2026-01-07,2026-09-21,1602.52,1602.52,257,8.566666666666666,0.4669260700389105,6410.08,748.2583657587548,8979.100389105059,Medium Value,2462,2462
CUST00991,3,7,6409.58,2025-01-10,2025-07-08,2136.5266666666666,706.65,179,5.966666666666667,0.5027932960893855,6409.58,1074.231284916201,12890.775418994413,Medium Value,2463,2463
CUST04206,5,9,6408.679999999999,2025-05-13,2026-11-07,1281.7359999999999,828.75,543,18.1,0.2762430939226519,6408.679999999999,354.07071823204416,4248.84861878453,Medium Value,2464,2464
CUST02095,3,5,6407.65,2025-06-30,2026-07-30,2135.883333333333,1296.23,395,13.166666666666666,0.2278481012658228,6407.65,486.65696202531643,5839.883544303797,Medium Value,2465,2465
CUST00279,3,7,6404.57,2025-04-17,2026-05-11,2134.8566666666666,800.3299999999999,389,12.966666666666667,0.23136246786632392,6404.57,493.925706940874,5927.108483290488,Medium Value,2466,2466
CUST02123,5,8,6403.78,2024-12-25,2026-01-09,1280.7559999999999,864.158,380,12.666666666666666,0.39473684210526316,6403.78,505.56157894736845,6066.738947368422,Medium Value,2467,2467
CUST01024,4,7,6399.58,2024-12-14,2026-10-30,1599.895,778.3050000000001,685,22.833333333333332,0.17518248175182483,6399.58,280.2735766423358,3363.2829197080296,Medium Value,2468,2468
CUST02987,2,4,6397.95,2026-01-30,2026-06-06,3198.975,1484.395,127,4.233333333333333,0.47244094488188976,6397.95,1511.3267716535433,18135.921259842522,Medium Value,2469,2469
CUST02752,4,7,6397.9,2025-11-25,2026-10-19,1599.475,1088.0325,328,10.933333333333334,0.36585365853658536,6397.9,585.1737804878048,7022.085365853658,Medium Value,2470,2470
CUST01395,4,8,6394.47,2025-02-21,2026-10-02,1598.6175,795.35,588,19.6,0.2040816326530612,6394.47,326.2484693877551,3914.9816326530613,Medium Value,2471,2471
CUST03246,2,4,6391.900000000001,2025-11-26,2026-08-17,3195.9500000000003,1314.78,264,8.8,0.22727272727272727,6391.900000000001,726.3522727272727,8716.227272727272,Medium Value,2472,2472
CUST01254,5,6,6391.19,2025-04-10,2026-04-21,1278.2379999999998,975.266,376,12.533333333333333,0.39893617021276595,6391.19,509.9353723404255,6119.224468085105,Medium Value,2473,2473
CUST02437,1,5,6389.75,2025-07-11,2025-07-11,6389.75,1277.95,0,0.0,1.0,6389.75,6389.75,76677.0,Medium Value,2474,2474
CUST03235,2,6,6388.29,2025-09-23,2026-01-19,3194.145,1064.715,118,3.933333333333333,0.5084745762711864,6388.29,1624.1415254237288,19489.698305084745,Medium Value,2475,2475
CUST04312,3,6,6387.08,2025-01-13,2026-09-23,2129.0266666666666,1122.2433333333333,618,20.6,0.14563106796116504,6387.08,310.052427184466,3720.629126213592,Medium Value,2476,2476
CUST00124,3,7,6385.26,2025-11-02,2026-08-18,2128.42,920.8533333333334,289,9.633333333333333,0.31141868512110726,6385.26,662.8297577854672,7953.957093425606,Medium Value,2477,2477
CUST02935,4,6,6385.12,2025-05-31,2026-03-31,1596.28,1130.555,304,10.133333333333333,0.39473684210526316,6385.12,630.1105263157895,7561.3263157894735,Medium Value,2478,2478
CUST00104,2,4,6384.17,2025-08-07,2026-11-04,3192.085,1365.1750000000002,454,15.133333333333333,0.13215859030837004,6384.17,421.8614537444934,5062.337444933921,Medium Value,2479,2479
CUST01088,4,11,6382.610000000001,2025-01-28,2026-07-28,1595.6525000000001,654.0450000000001,546,18.2,0.21978021978021978,6382.610000000001,350.6928571428572,4208.314285714287,Medium Value,2480,2480
CUST00268,3,6,6382.450000000001,2024-12-20,2026-02-19,2127.4833333333336,1020.6033333333335,426,14.2,0.21126760563380284,6382.450000000001,449.468309859155,5393.61971830986,Medium Value,2481,2481
CUST03030,5,9,6364.57,2025-06-20,2026-09-19,1272.914,701.668,456,15.2,0.32894736842105265,6364.57,418.7217105263158,5024.66052631579,Medium Value,2482,2482
CUST00612,2,5,6361.33,2025-04-19,2026-07-11,3180.665,1258.1,448,14.933333333333334,0.13392857142857142,6361.33,425.9819196428571,5111.783035714286,Medium Value,2483,2483
CUST02544,3,9,6360.68,2024-11-30,2025-09-29,2120.226666666667,649.4633333333333,303,10.1,0.297029702970297,6360.68,629.770297029703,7557.243564356436,Medium Value,2484,2484
CUST04771,1,4,6360.64,2025-02-28,2025-02-28,6360.64,1590.16,0,0.0,1.0,6360.64,6360.64,76327.68000000001,Medium Value,2485,2485
CUST04898,3,5,6360.07,2025-07-19,2026-11-10,2120.023333333333,1172.31,479,15.966666666666667,0.18789144050104384,6360.07,398.3342379958246,4780.010855949895,Medium Value,2486,2486
CUST03131,2,5,6356.54,2025-08-22,2026-08-23,3178.27,1174.6,366,12.2,0.1639344262295082,6356.54,521.027868852459,6252.334426229509,Medium Value,2487,2487
CUST04719,3,6,6355.7300000000005,2025-04-30,2026-08-17,2118.576666666667,1087.1166666666668,474,15.8,0.18987341772151897,6355.7300000000005,402.2613924050633,4827.136708860759,Medium Value,2488,2488
CUST01703,4,8,6353.73,2025-02-02,2026-07-14,1588.4325,915.9225,527,17.566666666666666,0.22770398481973436,6353.73,361.69240986717267,4340.308918406072,Medium Value,2489,2489
CUST02780,5,7,6348.11,2025-03-28,2025-12-07,1269.6219999999998,784.92,254,8.466666666666667,0.5905511811023622,6348.11,749.7767716535433,8997.32125984252,Medium Value,2490,2490
CUST00484,3,8,6342.66,2024-12-12,2025-10-23,2114.22,991.7366666666667,315,10.5,0.2857142857142857,6342.66,604.0628571428572,7248.754285714286,Medium Value,2491,2491
CUST01422,4,7,6341.610000000001,2025-10-01,2026-08-25,1585.4025000000001,838.5725,328,10.933333333333334,0.36585365853658536,6341.610000000001,580.0253048780488,6960.303658536586,Medium Value,2492,2492
CUST02658,3,5,6340.62,2025-06-19,2026-06-05,2113.54,1300.2733333333333,351,11.7,0.25641025641025644,6340.62,541.9333333333334,6503.200000000001,Medium Value,2493,2493
CUST03709,3,6,6337.65,2025-01-03,2025-11-18,2112.5499999999997,934.13,319,10.633333333333333,0.2821316614420063,6337.65,596.0172413793103,7152.206896551725,Medium Value,2494,2494
CUST00654,3,7,6337.27,2025-08-06,2026-09-03,2112.4233333333336,1016.4566666666666,393,13.1,0.22900763358778625,6337.27,483.7610687022901,5805.132824427481,Medium Value,2495,2495
CUST03581,2,4,6333.75,2025-09-16,2026-04-26,3166.875,1360.4650000000001,222,7.4,0.27027027027027023,6333.75,855.9121621621621,10270.945945945945,Medium Value,2496,2496
CUST01432,4,9,6330.2,2024-11-23,2026-02-10,1582.55,577.2175,444,14.8,0.27027027027027023,6330.2,427.7162162162162,5132.594594594594,Medium Value,2497,2497
CUST00597,5,7,6329.879999999999,2026-02-07,2026-07-28,1265.9759999999999,893.552,171,5.7,0.8771929824561403,6329.879999999999,1110.5052631578947,13326.063157894736,Medium Value,2498,2498
CUST02041,2,5,6329.719999999999,2025-07-09,2025-11-19,3164.8599999999997,1254.865,133,4.433333333333334,0.45112781954887216,6329.719999999999,1427.7563909774433,17133.07669172932,Medium Value,2499,2499
CUST02897,2,5,6329.23,2025-02-11,2026-01-07,3164.615,1348.415,330,11.0,0.18181818181818182,6329.23,575.3845454545454,6904.614545454546,Medium Value,2500,2500
CUST03799,1,5,6329.15,2025-01-14,2025-01-14,6329.15,1265.83,0,0.0,1.0,6329.15,6329.15,75949.79999999999,Medium Value,2501,2501
CUST04371,4,5,6323.08,2024-12-30,2026-09-25,1580.77,1279.3575,634,21.133333333333333,0.18927444794952683,6323.08,299.1993690851735,3590.392429022082,Medium Value,2502,2502
CUST01506,4,9,6322.99,2025-01-13,2026-08-25,1580.7475,641.5475,589,19.633333333333333,0.2037351443123939,6322.99,322.05382003395584,3864.64584040747,Medium Value,2503,2503
CUST02259,4,6,6320.6900000000005,2024-12-29,2026-07-29,1580.1725000000001,992.465,577,19.233333333333334,0.20797227036395147,6320.6900000000005,328.63206239168113,3943.584748700174,Medium Value,2504,2504
CUST00714,2,6,6320.61,2025-03-08,2025-11-20,3160.305,1128.0049999999999,257,8.566666666666666,0.23346303501945526,6320.61,737.8143968871595,8853.772762645915,Medium Value,2505,2505
CUST01700,2,6,6319.74,2025-01-15,2025-12-21,3159.87,1053.29,340,11.333333333333334,0.1764705882352941,6319.74,557.6241176470588,6691.489411764705,Medium Value,2506,2506
CUST03460,3,9,6312.4,2025-06-08,2026-04-18,2104.133333333333,689.6733333333333,314,10.466666666666667,0.28662420382165604,6312.4,603.0955414012739,7237.146496815287,Medium Value,2507,2507
CUST04627,3,5,6312.37,2025-11-09,2026-01-06,2104.1233333333334,1353.0833333333333,58,1.9333333333333333,1.5517241379310345,6312.37,3265.018965517241,39180.22758620689,Medium Value,2508,2508
CUST00437,3,4,6312.18,2025-07-11,2026-10-16,2104.06,1481.6499999999999,462,15.4,0.19480519480519481,6312.18,409.8818181818182,4918.581818181818,Medium Value,2509,2509
CUST02448,3,5,6301.43,2025-11-18,2026-10-04,2100.476666666667,1234.3033333333333,320,10.666666666666666,0.28125,6301.43,590.7590625,7089.10875,Medium Value,2510,2510
CUST01457,4,8,6297.82,2025-08-26,2026-10-21,1574.455,1033.4275,421,14.033333333333333,0.2850356294536817,6297.82,448.7757719714964,5385.309263657957,Medium Value,2511,2511
CUST01602,3,8,6297.74,2025-05-16,2025-12-06,2099.2466666666664,844.0233333333334,204,6.8,0.4411764705882353,6297.74,926.1382352941176,11113.658823529411,Medium Value,2512,2512
CUST00845,3,7,6297.01,2025-05-31,2026-01-24,2099.0033333333336,903.5099999999999,238,7.933333333333334,0.37815126050420167,6297.01,793.740756302521,9524.889075630254,Medium Value,2513,2513
CUST01503,4,6,6295.32,2025-02-07,2026-06-25,1573.83,976.2574999999999,503,16.766666666666666,0.2385685884691849,6295.32,375.4664015904573,4505.596819085487,Medium Value,2514,2514
CUST01327,4,6,6291.62,2025-02-12,2026-02-09,1572.905,1046.5375,362,12.066666666666666,0.3314917127071823,6291.62,521.4049723756906,6256.859668508287,Medium Value,2515,2515
CUST00078,4,6,6291.6,2025-01-25,2026-09-14,1572.9,891.28,597,19.9,0.20100502512562815,6291.6,316.16080402010056,3793.9296482412065,Medium Value,2516,2516
CUST03163,6,6,6290.32,2024-11-22,2026-06-15,1048.3866666666665,1048.3866666666665,570,19.0,0.3157894736842105,6290.32,331.0694736842105,3972.833684210526,Medium Value,2517,2517
CUST03170,5,8,6286.66,2025-04-21,2026-05-07,1257.3319999999999,1031.9119999999998,381,12.7,0.3937007874015748,6286.66,495.01259842519687,5940.151181102363,Medium Value,2518,2518
CUST03209,1,3,6286.41,2026-08-24,2026-08-24,6286.41,2095.47,0,0.0,1.0,6286.41,6286.41,75436.92,Medium Value,2519,2519
CUST02743,4,9,6285.67,2025-05-24,2026-10-18,1571.4175,932.3275,512,17.066666666666666,0.234375,6285.67,368.3009765625,4419.61171875,Medium Value,2520,2520
CUST02849,5,7,6284.9,2025-05-18,2026-05-08,1256.98,928.4639999999999,355,11.833333333333334,0.4225352112676056,6284.9,531.1183098591549,6373.419718309859,Medium Value,2521,2521
CUST02411,2,5,6284.219999999999,2025-03-06,2026-10-26,3142.1099999999997,1040.5349999999999,599,19.966666666666665,0.1001669449081803,6284.219999999999,314.7355592654424,3776.8267111853093,Medium Value,2522,2522
CUST01928,4,7,6281.620000000001,2025-09-04,2026-06-07,1570.4050000000002,880.615,276,9.2,0.4347826086956522,6281.620000000001,682.7847826086958,8193.417391304349,Medium Value,2523,2523
CUST01887,3,4,6279.74,2025-09-23,2026-09-13,2093.2466666666664,1394.8633333333335,355,11.833333333333334,0.2535211267605634,6279.74,530.6822535211268,6368.187042253521,Medium Value,2524,2524
CUST00349,3,5,6278.08,2025-03-14,2025-10-19,2092.693333333333,1196.1000000000001,219,7.3,0.4109589041095891,6278.08,860.0109589041095,10320.131506849315,Medium Value,2525,2525
CUST04694,4,9,6277.35,2025-01-21,2026-07-08,1569.3375,711.895,533,17.766666666666666,0.22514071294559101,6277.35,353.32176360225145,4239.861163227018,Medium Value,2526,2526
CUST01920,3,6,6276.83,2024-12-31,2026-08-29,2092.2766666666666,926.39,606,20.2,0.1485148514851485,6276.83,310.7341584158416,3728.809900990099,Medium Value,2527,2527
CUST04631,4,6,6273.9,2025-12-01,2026-05-09,1568.475,1110.115,159,5.3,0.7547169811320755,6273.9,1183.754716981132,14205.056603773584,Medium Value,2528,2528
CUST04932,4,8,6272.8099999999995,2025-09-29,2026-08-28,1568.2024999999999,909.1475,333,11.1,0.3603603603603604,6272.8099999999995,565.118018018018,6781.416216216216,Medium Value,2529,2529
CUST00422,4,8,6270.34,2025-02-08,2026-11-04,1567.585,843.0875,634,21.133333333333333,0.18927444794952683,6270.34,296.703785488959,3560.4454258675078,Medium Value,2530,2530
CUST02252,3,6,6267.8,2025-05-26,2026-07-02,2089.266666666667,1145.2966666666669,402,13.4,0.22388059701492538,6267.8,467.74626865671644,5612.955223880597,Medium Value,2531,2531
CUST01190,2,4,6267.4400000000005,2025-07-13,2025-12-30,3133.7200000000003,1444.79,170,5.666666666666667,0.3529411764705882,6267.4400000000005,1106.0188235294117,13272.225882352941,Medium Value,2532,2532
CUST04530,4,6,6265.219999999999,2024-11-27,2026-07-28,1566.3049999999998,1038.7725,608,20.266666666666666,0.19736842105263158,6265.219999999999,309.13914473684207,3709.6697368421046,Medium Value,2533,2533
CUST03811,4,8,6264.7300000000005,2025-07-19,2026-08-26,1566.1825000000001,723.72,403,13.433333333333334,0.2977667493796526,6264.7300000000005,466.3570719602978,5596.284863523573,Medium Value,2534,2534
CUST03136,5,9,6263.89,2025-04-29,2026-08-10,1252.778,853.016,468,15.6,0.32051282051282054,6263.89,401.5314102564103,4818.376923076924,Medium Value,2535,2535
CUST00264,3,8,6259.76,2025-02-11,2025-12-05,2086.5866666666666,742.4633333333333,297,9.9,0.30303030303030304,6259.76,632.2989898989899,7587.587878787879,Medium Value,2536,2536
CUST02784,3,7,6258.900000000001,2025-06-21,2026-04-17,2086.3,785.5733333333334,300,10.0,0.3,6258.900000000001,625.8900000000001,7510.680000000001,Medium Value,2537,2537
CUST02355,4,7,6251.75,2025-01-01,2026-11-06,1562.9375,943.1725,674,22.466666666666665,0.17804154302670624,6251.75,278.26780415430267,3339.213649851632,Medium Value,2538,2538
CUST03802,5,11,6251.57,2024-12-30,2026-10-08,1250.3139999999999,695.886,647,21.566666666666666,0.23183925811437403,6251.57,289.8718701700154,3478.462442040185,Medium Value,2539,2539
CUST02933,2,7,6243.879999999999,2024-11-25,2024-12-19,3121.9399999999996,900.64,24,0.8,2.0,6243.879999999999,6243.879999999999,74926.56,Medium Value,2540,2540
CUST01308,2,8,6243.0,2025-04-12,2026-09-28,3121.5,780.375,534,17.8,0.11235955056179775,6243.0,350.73033707865164,4208.7640449438195,Medium Value,2541,2541
CUST03874,2,8,6241.87,2025-01-10,2025-10-12,3120.935,911.395,275,9.166666666666666,0.2181818181818182,6241.87,680.9312727272728,8171.175272727274,Medium Value,2542,2542
CUST00526,5,7,6241.4400000000005,2025-04-28,2026-10-30,1248.288,862.796,550,18.333333333333332,0.27272727272727276,6241.4400000000005,340.4421818181819,4085.3061818181827,Medium Value,2543,2543
CUST00594,3,5,6239.29,2025-07-26,2026-11-15,2079.7633333333333,1317.3633333333335,477,15.9,0.18867924528301885,6239.29,392.4081761006289,4708.898113207547,Medium Value,2544,2544
CUST00037,4,6,6235.21,2025-04-16,2026-01-01,1558.8025,1049.7525,260,8.666666666666666,0.46153846153846156,6235.21,719.4473076923077,8633.367692307693,Medium Value,2545,2545
CUST04852,2,5,6234.98,2025-03-16,2026-08-04,3117.49,1339.125,506,16.866666666666667,0.11857707509881422,6234.98,369.66284584980235,4435.954150197628,Medium Value,2546,2546
CUST00657,3,10,6231.41,2025-03-03,2026-06-19,2077.1366666666668,760.8866666666667,473,15.766666666666667,0.19027484143763213,6231.41,395.2268498942917,4742.722198731501,Medium Value,2547,2547
CUST03409,3,5,6230.41,2025-06-10,2026-10-02,2076.8033333333333,1231.4833333333333,479,15.966666666666667,0.18789144050104384,6230.41,390.2135699373695,4682.562839248434,Medium Value,2548,2548
CUST04025,4,6,6228.59,2025-08-13,2026-08-09,1557.1475,889.1175,361,12.033333333333333,0.33240997229916897,6228.59,517.6113573407202,6211.336288088643,Medium Value,2549,2549
CUST04305,4,12,6224.2,2024-12-06,2026-08-03,1556.05,515.075,605,20.166666666666668,0.1983471074380165,6224.2,308.6380165289256,3703.6561983471074,Medium Value,2550,2550
CUST04856,2,5,6223.71,2026-01-16,2026-10-08,3111.855,1270.77,265,8.833333333333334,0.22641509433962262,6223.71,704.5709433962264,8454.851320754717,Medium Value,2551,2551
CUST03777,1,5,6222.4,2025-04-19,2025-04-19,6222.4,1244.48,0,0.0,1.0,6222.4,6222.4,74668.79999999999,Medium Value,2552,2552
CUST02383,2,5,6219.67,2025-04-21,2025-04-28,3109.835,985.4,7,0.23333333333333334,2.0,6219.67,6219.67,74636.04000000001,Medium Value,2553,2553
CUST02310,4,5,6219.0599999999995,2025-09-06,2026-11-29,1554.7649999999999,1139.8675,449,14.966666666666667,0.26726057906458794,6219.0599999999995,415.5273942093541,4986.328730512249,Medium Value,2554,2554
CUST02111,4,7,6213.41,2025-07-01,2026-11-03,1553.3525,1193.945,490,16.333333333333332,0.2448979591836735,6213.41,380.41285714285715,4564.954285714286,Medium Value,2555,2555
CUST02155,4,7,6209.5,2025-12-30,2026-08-17,1552.375,880.4549999999999,230,7.666666666666667,0.5217391304347826,6209.5,809.9347826086956,9719.217391304348,Medium Value,2556,2556
CUST04939,5,7,6207.81,2025-03-19,2026-10-04,1241.5620000000001,1097.65,564,18.8,0.26595744680851063,6207.81,330.2026595744681,3962.4319148936174,Medium Value,2557,2557
CUST04255,2,6,6205.35,2025-06-21,2026-01-15,3102.675,1034.225,208,6.933333333333334,0.28846153846153844,6205.35,895.0024038461539,10740.028846153848,Medium Value,2558,2558
CUST04378,5,8,6195.2699999999995,2024-12-05,2026-01-30,1239.0539999999999,961.6139999999999,421,14.033333333333333,0.35629453681710216,6195.2699999999995,441.46817102137766,5297.618052256532,Medium Value,2559,2559
CUST03109,1,4,6194.96,2026-09-01,2026-09-01,6194.96,1548.74,0,0.0,1.0,6194.96,6194.96,74339.52,Medium Value,2560,2560
CUST02311,4,6,6192.59,2025-01-01,2026-10-06,1548.1475,896.9225000000001,643,21.433333333333334,0.18662519440124417,6192.59,288.9233281493002,3467.079937791602,Medium Value,2561,2561
CUST00871,4,7,6192.47,2025-04-02,2026-09-28,1548.1175,912.96,544,18.133333333333333,0.22058823529411764,6192.47,341.4965073529412,4097.958088235295,Medium Value,2562,2562
CUST04204,4,9,6191.9400000000005,2025-01-12,2026-03-11,1547.9850000000001,971.3325,423,14.1,0.28368794326241137,6191.9400000000005,439.14468085106387,5269.736170212766,Medium Value,2563,2563
CUST04581,4,7,6190.87,2025-01-14,2026-08-22,1547.7175,874.36,585,19.5,0.20512820512820512,6190.87,317.48051282051284,3809.7661538461543,Medium Value,2564,2564
CUST04129,2,8,6189.92,2026-01-29,2026-11-22,3094.96,773.74,297,9.9,0.20202020202020202,6189.92,625.2444444444444,7502.9333333333325,Medium Value,2565,2565
CUST02038,3,7,6186.95,2025-06-03,2026-07-11,2062.3166666666666,878.5033333333332,403,13.433333333333334,0.22332506203473945,6186.95,460.5669975186104,5526.8039702233245,Medium Value,2566,2566
CUST01415,4,8,6186.1,2025-07-31,2026-10-24,1546.525,695.22,450,15.0,0.26666666666666666,6186.1,412.4066666666667,4948.88,Medium Value,2567,2567
CUST01556,4,5,6174.57,2025-07-18,2026-08-11,1543.6425,1338.245,389,12.966666666666667,0.30848329048843187,6174.57,476.1879177377892,5714.25501285347,Medium Value,2568,2568
CUST01960,2,6,6173.820000000001,2025-05-09,2025-08-26,3086.9100000000003,877.51,109,3.6333333333333333,0.5504587155963303,6173.820000000001,1699.2165137614681,20390.598165137617,Medium Value,2569,2569
CUST03406,2,6,6172.26,2024-11-18,2025-05-31,3086.13,1017.11,194,6.466666666666667,0.30927835051546393,6172.26,954.4731958762886,11453.678350515464,Medium Value,2570,2570
CUST03603,5,11,6171.0,2025-02-01,2026-10-22,1234.2,565.02,628,20.933333333333334,0.23885350318471338,6171.0,294.7929936305732,3537.515923566879,Medium Value,2571,2571
CUST04857,3,9,6171.0,2025-02-15,2026-01-31,2057.0,747.5600000000001,350,11.666666666666666,0.2571428571428572,6171.0,528.9428571428572,6347.314285714287,Medium Value,2571,2571
CUST00981,5,6,6164.74,2025-07-14,2026-11-25,1232.9479999999999,1043.2379999999998,499,16.633333333333333,0.30060120240480964,6164.74,370.6256513026052,4447.507815631263,Medium Value,2573,2573
CUST01788,4,7,6160.32,2025-09-12,2026-11-14,1540.08,696.99,428,14.266666666666667,0.2803738317757009,6160.32,431.79813084112146,5181.577570093457,Medium Value,2574,2574
CUST04327,2,5,6154.92,2025-08-24,2026-04-09,3077.46,1039.5749999999998,228,7.6,0.2631578947368421,6154.92,809.8578947368421,9718.294736842105,Medium Value,2575,2575
CUST03523,2,5,6152.46,2025-04-26,2026-09-14,3076.23,1093.92,506,16.866666666666667,0.11857707509881422,6152.46,364.77035573122527,4377.244268774703,Medium Value,2576,2576
CUST00188,4,6,6144.91,2025-02-25,2026-10-17,1536.2275,1012.8375,599,19.966666666666665,0.2003338898163606,6144.91,307.7584307178631,3693.1011686143574,Medium Value,2577,2577
CUST01036,1,3,6144.42,2025-05-04,2025-05-04,6144.42,2048.14,0,0.0,1.0,6144.42,6144.42,73733.04000000001,Medium Value,2578,2578
CUST01173,3,8,6143.46,2024-12-06,2026-02-09,2047.82,738.66,430,14.333333333333334,0.20930232558139533,6143.46,428.613488372093,5143.3618604651165,Medium Value,2579,2579
CUST04587,3,7,6140.05,2025-02-01,2026-04-10,2046.6833333333334,965.43,433,14.433333333333334,0.20785219399538105,6140.05,425.4076212471132,5104.891454965358,Medium Value,2580,2580
CUST00687,3,8,6136.62,2025-01-24,2025-11-15,2045.54,824.3433333333332,295,9.833333333333334,0.30508474576271183,6136.62,624.0630508474576,7488.756610169491,Medium Value,2581,2581
CUST00902,5,7,6131.63,2025-06-21,2026-01-05,1226.326,864.0840000000001,198,6.6,0.7575757575757576,6131.63,929.0348484848486,11148.418181818182,Medium Value,2582,2582
CUST00589,2,6,6131.06,2025-09-10,2026-05-10,3065.53,996.53,242,8.066666666666666,0.24793388429752067,6131.06,760.0487603305786,9120.585123966943,Medium Value,2583,2583
CUST01087,3,8,6128.5,2025-12-06,2026-06-16,2042.8333333333333,678.6533333333333,192,6.4,0.46875,6128.5,957.578125,11490.9375,Medium Value,2584,2584
CUST02469,4,7,6126.52,2025-07-27,2026-10-31,1531.63,908.2425,461,15.366666666666667,0.2603036876355748,6126.52,398.6889370932755,4784.267245119307,Medium Value,2585,2585
CUST04744,4,8,6125.780000000001,2025-04-10,2025-11-28,1531.4450000000002,781.25,232,7.733333333333333,0.5172413793103449,6125.780000000001,792.1267241379311,9505.520689655174,Medium Value,2586,2586
CUST00105,5,5,6125.639999999999,2024-12-28,2026-10-19,1225.128,1225.128,660,22.0,0.22727272727272727,6125.639999999999,278.4381818181818,3341.2581818181816,Medium Value,2587,2587
CUST01166,2,8,6124.29,2025-01-20,2025-11-27,3062.145,783.505,311,10.366666666666667,0.19292604501607716,6124.29,590.7675241157556,7089.210289389067,Medium Value,2588,2588
CUST03505,2,6,6119.01,2026-02-02,2026-09-25,3059.505,1114.825,235,7.833333333333333,0.25531914893617025,6119.01,781.1502127659575,9373.80255319149,Medium Value,2589,2589
CUST02183,3,5,6116.79,2025-09-19,2026-08-20,2038.93,1277.0800000000002,335,11.166666666666666,0.26865671641791045,6116.79,547.7722388059701,6573.266865671641,Medium Value,2590,2590
CUST03485,6,10,6115.98,2025-03-28,2026-09-16,1019.3299999999999,640.5483333333333,537,17.9,0.335195530726257,6115.98,341.67486033519555,4100.098324022347,Medium Value,2591,2591
CUST02388,2,8,6113.92,2024-12-14,2026-09-21,3056.96,764.24,646,21.533333333333335,0.09287925696594426,6113.92,283.928173374613,3407.138080495356,Medium Value,2592,2592
CUST04249,1,4,6113.12,2025-09-05,2025-09-05,6113.12,1528.28,0,0.0,1.0,6113.12,6113.12,73357.44,Medium Value,2593,2593
CUST04072,4,10,6109.74,2025-03-18,2026-09-02,1527.435,917.425,533,17.766666666666666,0.22514071294559101,6109.74,343.88780487804877,4126.653658536585,Medium Value,2594,2594
CUST00457,4,8,6104.780000000001,2025-12-01,2026-10-28,1526.1950000000002,727.015,331,11.033333333333333,0.36253776435045315,6104.780000000001,553.30332326284,6639.63987915408,Medium Value,2595,2595
CUST04610,3,9,6103.610000000001,2025-01-19,2026-07-26,2034.5366666666669,792.5100000000001,553,18.433333333333334,0.162748643761302,6103.610000000001,331.1180831826402,3973.416998191682,Medium Value,2596,2596
CUST04111,3,7,6102.7,2025-05-22,2025-12-07,2034.2333333333333,721.8466666666667,199,6.633333333333334,0.4522613065326633,6102.7,920.0050251256281,11040.060301507538,Medium Value,2597,2597
CUST00722,5,8,6100.28,2025-05-23,2026-06-21,1220.056,796.6139999999999,394,13.133333333333333,0.3807106598984772,6100.28,464.4883248730964,5573.859898477157,Medium Value,2598,2598
CUST01094,3,6,6099.11,2025-04-21,2026-09-01,2033.0366666666666,1048.2666666666667,498,16.6,0.18072289156626503,6099.11,367.4162650602409,4408.995180722891,Medium Value,2599,2599
CUST00229,3,5,6095.05,2025-10-10,2026-07-01,2031.6833333333334,1233.2633333333333,264,8.8,0.3409090909090909,6095.05,692.6193181818181,8311.431818181818,Medium Value,2600,2600
CUST03413,2,4,6090.24,2025-12-31,2026-01-19,3045.12,1312.23,19,0.6333333333333333,2.0,6090.24,6090.24,73082.88,Medium Value,2601,2601
CUST01676,4,5,6082.610000000001,2025-06-11,2026-11-03,1520.6525000000001,1288.5225,510,17.0,0.23529411764705882,6082.610000000001,357.80058823529413,4293.60705882353,Medium Value,2602,2602
CUST01073,3,6,6082.16,2026-03-24,2026-09-11,2027.3866666666665,1210.1166666666666,171,5.7,0.5263157894736842,6082.16,1067.0456140350877,12804.547368421052,Medium Value,2603,2603
CUST03944,1,4,6081.44,2025-05-09,2025-05-09,6081.44,1520.36,0,0.0,1.0,6081.44,6081.44,72977.28,Medium Value,2604,2604
CUST04300,3,5,6079.66,2026-06-03,2026-10-08,2026.5533333333333,1187.9533333333334,127,4.233333333333333,0.7086614173228346,6079.66,1436.1401574803149,17233.68188976378,Medium Value,2605,2605
CUST04772,4,7,6077.7699999999995,2025-01-16,2025-12-01,1519.4424999999999,806.1524999999999,319,10.633333333333333,0.3761755485893417,6077.7699999999995,571.5771159874608,6858.925391849531,Medium Value,2606,2606
CUST00269,3,5,6076.139999999999,2025-12-18,2026-03-26,2025.3799999999999,1424.82,98,3.2666666666666666,0.9183673469387755,6076.139999999999,1860.042857142857,22320.514285714286,Medium Value,2607,2607
CUST02203,4,8,6075.12,2025-10-03,2026-12-03,1518.78,762.2524999999999,426,14.2,0.28169014084507044,6075.12,427.82535211267606,5133.904225352113,Medium Value,2608,2608
CUST03289,4,8,6073.66,2025-05-24,2026-08-15,1518.415,923.2225,448,14.933333333333334,0.26785714285714285,6073.66,406.7183035714286,4880.619642857143,Medium Value,2609,2609
CUST04820,1,3,6067.62,2026-09-04,2026-09-04,6067.62,2022.54,0,0.0,1.0,6067.62,6067.62,72811.44,Medium Value,2610,2610
CUST02189,4,7,6066.43,2025-01-24,2026-12-21,1516.6075,972.4324999999999,696,23.2,0.1724137931034483,6066.43,261.48405172413794,3137.808620689655,Medium Value,2611,2611
CUST04754,4,10,6066.11,2025-06-06,2026-10-24,1516.5275,516.2175,505,16.833333333333332,0.23762376237623764,6066.11,360.36297029702973,4324.355643564357,Medium Value,2612,2612
CUST00253,4,13,6062.17,2025-01-02,2025-05-08,1515.5425,501.0625,126,4.2,0.9523809523809523,6062.17,1443.3738095238095,17320.485714285714,Medium Value,2613,2613
CUST03673,2,4,6055.139999999999,2025-01-29,2025-09-29,3027.5699999999997,1349.21,243,8.1,0.2469135802469136,6055.139999999999,747.5481481481481,8970.577777777777,Medium Value,2614,2614
CUST04212,2,7,6053.91,2025-04-05,2026-01-12,3026.955,872.28,282,9.4,0.2127659574468085,6053.91,644.0329787234042,7728.395744680851,Medium Value,2615,2615
CUST04046,4,7,6050.92,2024-12-28,2026-02-02,1512.73,905.1675,401,13.366666666666667,0.29925187032418954,6050.92,452.68728179551124,5432.247381546134,Medium Value,2616,2616
CUST02744,3,5,6050.01,2025-04-19,2025-07-06,2016.67,1155.7266666666667,78,2.6,1.1538461538461537,6050.01,2326.9269230769232,27923.12307692308,Medium Value,2617,2617
CUST01838,3,8,6049.02,2025-11-11,2026-10-20,2016.3400000000001,881.4533333333334,343,11.433333333333334,0.26239067055393583,6049.02,529.0688046647231,6348.825655976677,Medium Value,2618,2618
CUST01062,2,4,6044.4,2026-04-14,2026-07-22,3022.2,1506.84,99,3.3,0.6060606060606061,6044.4,1831.6363636363635,21979.63636363636,Medium Value,2619,2619
CUST02491,2,4,6044.24,2025-05-01,2025-05-17,3022.12,1446.33,16,0.5333333333333333,2.0,6044.24,6044.24,72530.88,Medium Value,2620,2620
CUST04040,3,9,6040.129999999999,2025-10-28,2025-12-04,2013.3766666666663,639.9466666666666,37,1.2333333333333334,2.4324324324324325,6040.129999999999,4897.402702702701,58768.83243243242,Medium Value,2621,2621
CUST04139,4,7,6040.01,2024-11-10,2026-09-24,1510.0025,867.295,683,22.766666666666666,0.17569546120058566,6040.01,265.30058565153735,3183.607027818448,Medium Value,2622,2622
CUST04141,4,7,6037.68,2025-03-26,2026-09-16,1509.42,784.7925,539,17.966666666666665,0.22263450834879409,6037.68,336.04897959183677,4032.5877551020412,Medium Value,2623,2623
CUST02495,5,10,6027.69,2025-02-01,2026-10-06,1205.538,646.034,612,20.4,0.2450980392156863,6027.69,295.475,3545.7000000000003,Medium Value,2624,2624
CUST02538,4,6,6024.7,2024-12-09,2026-07-18,1506.175,892.5325,586,19.533333333333335,0.20477815699658702,6024.7,308.43174061433444,3701.1808873720133,Medium Value,2625,2625
CUST04929,4,8,6024.4,2025-06-10,2025-10-28,1506.1,1030.16,140,4.666666666666667,0.8571428571428571,6024.4,1290.942857142857,15491.314285714285,Medium Value,2626,2626
CUST03087,4,4,6022.05,2024-12-12,2026-07-24,1505.5125,1505.5125,589,19.633333333333333,0.2037351443123939,6022.05,306.7258064516129,3680.709677419355,Medium Value,2627,2627
CUST02675,3,9,6020.76,2025-05-16,2026-07-20,2006.92,668.9733333333334,430,14.333333333333334,0.20930232558139533,6020.76,420.05302325581397,5040.636279069768,Medium Value,2628,2628
CUST00692,2,5,6020.25,2025-02-07,2026-06-26,3010.125,1201.095,504,16.8,0.11904761904761904,6020.25,358.3482142857143,4300.178571428572,Medium Value,2629,2629
CUST03939,2,4,6020.01,2025-07-20,2026-02-01,3010.005,1141.335,196,6.533333333333333,0.30612244897959184,6020.01,921.4301020408163,11057.161224489795,Medium Value,2630,2630
CUST04972,2,7,6018.389999999999,2025-04-12,2025-05-09,3009.1949999999997,879.255,27,0.9,2.0,6018.389999999999,6018.389999999999,72220.68,Medium Value,2631,2631
CUST03407,4,5,6017.93,2025-03-04,2026-04-10,1504.4825,1068.7875,402,13.4,0.29850746268656714,6017.93,449.0992537313433,5389.19104477612,Medium Value,2632,2632
CUST02667,5,6,6016.469999999999,2025-01-25,2026-12-24,1203.2939999999999,998.4439999999998,698,23.266666666666666,0.21489971346704873,6016.469999999999,258.58753581661887,3103.0504297994266,Medium Value,2633,2633
CUST04870,2,7,6013.71,2024-12-05,2025-07-11,3006.855,921.9749999999999,218,7.266666666666667,0.27522935779816515,6013.71,827.5747706422019,9930.897247706424,Medium Value,2634,2634
CUST00644,4,7,6013.3,2024-12-02,2025-08-04,1503.325,868.675,245,8.166666666666666,0.489795918367347,6013.3,736.322448979592,8835.869387755103,Medium Value,2635,2635
CUST00662,3,5,6010.46,2025-12-09,2026-09-07,2003.4866666666667,1177.5933333333332,272,9.066666666666666,0.33088235294117646,6010.46,662.9183823529412,7955.020588235295,Medium Value,2636,2636
CUST03656,4,6,5997.83,2025-04-17,2026-07-03,1499.4575,862.5175,442,14.733333333333333,0.2714932126696833,5997.83,407.0925339366516,4885.110407239819,Medium Value,2637,2637
CUST04081,3,5,5997.71,2025-07-01,2026-10-12,1999.2366666666667,1076.1266666666668,468,15.6,0.19230769230769232,5997.71,384.46858974358975,4613.623076923077,Medium Value,2638,2638
CUST00637,2,5,5997.54,2025-02-01,2026-04-13,2998.77,1296.205,436,14.533333333333333,0.13761467889908258,5997.54,412.67477064220185,4952.097247706422,Medium Value,2639,2639
CUST00679,4,7,5997.27,2025-06-27,2026-06-29,1499.3175,862.9625,367,12.233333333333333,0.32697547683923706,5997.27,490.2400544959129,5882.880653950955,Medium Value,2640,2640
CUST03540,4,8,5993.74,2025-10-04,2026-03-27,1498.435,672.6075000000001,174,5.8,0.6896551724137931,5993.74,1033.403448275862,12400.841379310345,Medium Value,2641,2641
CUST00915,2,6,5992.24,2025-04-06,2025-05-17,2996.12,851.74,41,1.3666666666666667,1.4634146341463414,5992.24,4384.565853658536,52614.79024390243,Medium Value,2642,2642
CUST04357,3,6,5978.25,2025-10-18,2026-07-12,1992.75,1082.67,267,8.9,0.33707865168539325,5978.25,671.7134831460673,8060.561797752808,Medium Value,2643,2643
CUST01407,2,5,5976.8,2025-05-31,2025-08-22,2988.4,1183.745,83,2.7666666666666666,0.7228915662650602,5976.8,2160.289156626506,25923.469879518074,Medium Value,2644,2644
CUST02815,2,4,5974.93,2025-08-05,2026-02-18,2987.465,1319.315,197,6.566666666666666,0.30456852791878175,5974.93,909.8878172588833,10918.653807106599,Medium Value,2645,2645
CUST02127,3,5,5974.58,2025-01-11,2026-04-03,1991.5266666666666,1157.4066666666668,447,14.9,0.20134228187919462,5974.58,400.97852348993285,4811.742281879195,Medium Value,2646,2646
CUST02360,4,8,5974.429999999999,2025-05-20,2026-04-29,1493.6074999999998,935.3575,344,11.466666666666667,0.3488372093023256,5974.429999999999,521.0258720930232,6252.310465116278,Medium Value,2647,2647
CUST00870,2,8,5974.02,2025-02-02,2026-12-22,2987.01,714.9200000000001,688,22.933333333333334,0.0872093023255814,5974.02,260.4950581395349,3125.9406976744185,Medium Value,2648,2648
CUST03543,1,3,5972.07,2025-03-01,2025-03-01,5972.07,1990.69,0,0.0,1.0,5972.07,5972.07,71664.84,Medium Value,2649,2649
CUST03952,5,8,5971.51,2025-03-26,2026-02-12,1194.3020000000001,826.35,323,10.766666666666667,0.46439628482972134,5971.51,554.6294117647059,6655.552941176471,Medium Value,2650,2650
CUST01763,3,5,5970.83,2025-08-21,2026-07-03,1990.2766666666666,1309.4966666666667,316,10.533333333333333,0.2848101265822785,5970.83,566.8509493670886,6802.211392405063,Medium Value,2651,2651
CUST02816,3,7,5966.8,2025-02-18,2026-03-15,1988.9333333333334,1038.21,390,13.0,0.23076923076923078,5966.8,458.9846153846154,5507.815384615385,Medium Value,2652,2652
CUST02384,1,4,5962.2,2025-05-09,2025-05-09,5962.2,1490.55,0,0.0,1.0,5962.2,5962.2,71546.4,Medium Value,2653,2653
CUST03237,1,5,5960.1,2024-12-03,2024-12-03,5960.1,1192.02,0,0.0,1.0,5960.1,5960.1,71521.20000000001,Medium Value,2654,2654
CUST02715,3,5,5955.08,2025-12-29,2026-07-25,1985.0266666666666,1381.76,208,6.933333333333334,0.43269230769230765,5955.08,858.9057692307692,10306.86923076923,Medium Value,2655,2655
CUST04484,2,5,5954.57,2026-07-02,2026-07-11,2977.285,1122.415,9,0.3,2.0,5954.57,5954.57,71454.84,Medium Value,2656,2656
CUST03937,3,6,5953.54,2025-05-05,2025-08-01,1984.5133333333333,948.9533333333334,88,2.933333333333333,1.0227272727272727,5953.54,2029.6159090909093,24355.39090909091,Medium Value,2657,2657
CUST03501,4,8,5952.72,2025-10-25,2026-09-30,1488.18,786.9449999999999,340,11.333333333333334,0.3529411764705882,5952.72,525.24,6302.88,Medium Value,2658,2658
CUST00305,4,7,5951.530000000001,2025-09-09,2026-11-11,1487.8825000000002,1072.1125000000002,428,14.266666666666667,0.2803738317757009,5951.530000000001,417.1633177570094,5005.959813084113,Medium Value,2659,2659
CUST04052,4,6,5948.22,2025-02-10,2026-08-05,1487.055,903.02,541,18.033333333333335,0.22181146025878,5948.22,329.84584103512015,3958.1500924214415,Medium Value,2660,2660
CUST03328,3,6,5948.12,2025-02-02,2026-10-28,1982.7066666666667,1230.9566666666667,633,21.1,0.14218009478672985,5948.12,281.90142180094784,3382.817061611374,Medium Value,2661,2661
CUST02232,3,4,5946.94,2025-04-27,2026-01-10,1982.3133333333333,1358.5266666666666,258,8.6,0.3488372093023256,5946.94,691.5046511627907,8298.055813953488,Medium Value,2662,2662
CUST00226,3,6,5943.45,2025-06-22,2026-07-10,1981.1499999999999,958.7066666666666,383,12.766666666666667,0.23498694516971277,5943.45,465.54438642297646,5586.5326370757175,Medium Value,2663,2663
CUST01091,2,4,5942.99,2025-07-17,2025-08-04,2971.495,1292.335,18,0.6,2.0,5942.99,5942.99,71315.88,Medium Value,2664,2664
CUST00839,2,4,5941.04,2025-10-21,2026-07-07,2970.52,1485.26,259,8.633333333333333,0.23166023166023167,5941.04,688.1513513513514,8257.816216216217,Medium Value,2665,2665
CUST03150,2,5,5940.72,2025-10-02,2026-08-21,2970.36,1056.78,323,10.766666666666667,0.18575851393188852,5940.72,551.7696594427244,6621.235913312694,Medium Value,2666,2666
CUST04947,2,5,5938.75,2025-10-08,2026-01-21,2969.375,1331.255,105,3.5,0.5714285714285714,5938.75,1696.7857142857142,20361.428571428572,Medium Value,2667,2667
CUST03803,3,8,5938.67,2026-01-26,2026-07-05,1979.5566666666666,779.6566666666666,160,5.333333333333333,0.5625,5938.67,1113.5006250000001,13362.007500000002,Medium Value,2668,2668
CUST03171,4,7,5932.85,2025-07-07,2026-09-02,1483.2125,851.845,422,14.066666666666666,0.2843601895734597,5932.85,421.76658767772517,5061.1990521327025,Medium Value,2669,2669
CUST01171,2,4,5930.950000000001,2025-11-17,2026-03-22,2965.4750000000004,1647.805,125,4.166666666666667,0.48,5930.950000000001,1423.428,17081.136000000002,Medium Value,2670,2670
CUST04862,5,6,5928.48,2025-03-17,2025-08-25,1185.696,979.802,161,5.366666666666666,0.9316770186335405,5928.48,1104.6857142857143,13256.228571428572,Medium Value,2671,2671
CUST00607,3,7,5925.74,2024-11-23,2026-07-18,1975.2466666666667,844.35,602,20.066666666666666,0.14950166112956811,5925.74,295.30265780730895,3543.6318936877074,Medium Value,2672,2672
CUST03502,4,7,5924.82,2025-02-07,2026-09-15,1481.205,734.7525,585,19.5,0.20512820512820512,5924.82,303.8369230769231,3646.043076923077,Medium Value,2673,2673
CUST04076,2,5,5922.39,2026-02-01,2026-11-01,2961.195,976.005,273,9.1,0.21978021978021978,5922.39,650.8120879120879,7809.745054945055,Medium Value,2674,2674
CUST04702,6,6,5921.85,2025-01-08,2026-04-09,986.975,986.975,456,15.2,0.39473684210526316,5921.85,389.59539473684214,4675.144736842106,Medium Value,2675,2675
CUST04008,2,6,5921.58,2026-04-10,2026-05-01,2960.79,986.93,21,0.7,2.0,5921.58,5921.58,71058.95999999999,Medium Value,2676,2676
CUST00906,3,5,5920.68,2025-01-30,2026-01-09,1973.5600000000002,1147.4666666666667,344,11.466666666666667,0.2616279069767442,5920.68,516.3383720930233,6196.060465116279,Medium Value,2677,2677
CUST02136,2,5,5916.9,2025-05-04,2025-08-24,2958.45,1151.1100000000001,112,3.7333333333333334,0.5357142857142857,5916.9,1584.8839285714284,19018.60714285714,Medium Value,2678,2678
CUST03056,4,6,5916.799999999999,2024-12-11,2026-05-16,1479.1999999999998,1050.385,521,17.366666666666667,0.23032629558541265,5916.799999999999,340.6986564299424,4088.3838771593087,Medium Value,2679,2679
CUST03924,3,5,5914.7699999999995,2025-04-27,2026-06-16,1971.59,1317.4433333333334,415,13.833333333333334,0.21686746987951808,5914.7699999999995,427.573734939759,5130.884819277107,Medium Value,2680,2680
CUST00606,4,7,5912.73,2025-01-02,2026-07-29,1478.1825,924.1775,573,19.1,0.20942408376963348,5912.73,309.5670157068062,3714.804188481675,Medium Value,2681,2681
CUST04303,4,6,5906.32,2024-12-29,2026-02-01,1476.58,999.38,399,13.3,0.3007518796992481,5906.32,444.08421052631576,5329.010526315789,Medium Value,2682,2682
CUST00707,2,5,5899.53,2026-03-02,2026-08-22,2949.765,1276.35,173,5.766666666666667,0.3468208092485549,5899.53,1023.0398843930635,12276.478612716763,Medium Value,2683,2683
CUST01718,3,6,5892.51,2025-07-20,2026-01-23,1964.17,1052.74,187,6.233333333333333,0.48128342245989303,5892.51,945.3224598930482,11343.869518716578,Medium Value,2684,2684
CUST00451,5,6,5887.72,2024-12-28,2025-09-11,1177.544,955.646,257,8.566666666666666,0.5836575875486382,5887.72,687.2824902723736,8247.389883268483,Medium Value,2685,2685
CUST02548,5,10,5887.58,2024-12-30,2026-09-07,1177.516,721.3219999999999,616,20.533333333333335,0.24350649350649348,5887.58,286.73279220779216,3440.793506493506,Medium Value,2686,2686
CUST03562,1,4,5884.32,2025-05-07,2025-05-07,5884.32,1471.08,0,0.0,1.0,5884.32,5884.32,70611.84,Medium Value,2687,2687
CUST03161,2,4,5884.150000000001,2025-04-24,2026-01-16,2942.0750000000003,1502.125,267,8.9,0.2247191011235955,5884.150000000001,661.1404494382023,7933.685393258427,Medium Value,2688,2688
CUST04457,3,6,5882.99,2025-04-25,2026-01-17,1960.9966666666667,864.9266666666666,267,8.9,0.33707865168539325,5882.99,661.0101123595505,7932.121348314606,Medium Value,2689,2689
CUST00773,2,5,5882.8099999999995,2025-06-14,2026-08-07,2941.4049999999997,1228.175,419,13.966666666666667,0.1431980906921241,5882.8099999999995,421.20357995226726,5054.442959427207,Medium Value,2690,2690
CUST00754,4,8,5882.370000000001,2025-02-11,2026-06-01,1470.5925000000002,1054.8925000000002,475,15.833333333333334,0.25263157894736843,5882.370000000001,371.5181052631579,4458.217263157895,Medium Value,2691,2691
CUST02512,2,6,5879.3,2025-01-11,2026-08-23,2939.65,1228.415,589,19.633333333333333,0.10186757215619695,5879.3,299.4550084889644,3593.4601018675726,Medium Value,2692,2692
CUST01445,2,5,5874.52,2025-01-17,2026-02-09,2937.26,1319.585,388,12.933333333333334,0.15463917525773196,5874.52,454.2154639175258,5450.58556701031,Medium Value,2693,2693
CUST01119,4,7,5873.7300000000005,2024-12-11,2026-01-20,1468.4325000000001,968.01,405,13.5,0.2962962962962963,5873.7300000000005,435.09111111111116,5221.093333333334,Medium Value,2694,2694
CUST00059,5,7,5873.429999999999,2024-11-30,2026-01-29,1174.686,1009.25,425,14.166666666666666,0.35294117647058826,5873.429999999999,414.59505882352937,4975.140705882352,Medium Value,2695,2695
CUST02039,3,6,5873.27,2025-05-12,2026-01-09,1957.756666666667,886.8966666666666,242,8.066666666666666,0.37190082644628103,5873.27,728.0913223140496,8737.095867768596,Medium Value,2696,2696
CUST03712,4,5,5872.96,2025-05-28,2026-05-11,1468.24,1208.1225,348,11.6,0.3448275862068966,5872.96,506.2896551724138,6075.475862068965,Medium Value,2697,2697
CUST03542,4,6,5868.0599999999995,2025-02-18,2026-07-19,1467.0149999999999,845.92,516,17.2,0.23255813953488372,5868.0599999999995,341.1662790697674,4093.9953488372093,Medium Value,2698,2698
CUST02531,1,5,5861.9,2025-09-03,2025-09-03,5861.9,1172.38,0,0.0,1.0,5861.9,5861.9,70342.79999999999,Medium Value,2699,2699
CUST01380,3,6,5860.030000000001,2025-08-13,2026-07-03,1953.3433333333335,979.6866666666666,324,10.8,0.27777777777777773,5860.030000000001,542.5953703703703,6511.144444444444,Medium Value,2700,2700
CUST04345,2,5,5848.84,2026-01-07,2026-11-02,2924.42,1132.855,299,9.966666666666667,0.20066889632107024,5848.84,586.8401337792642,7042.08160535117,Medium Value,2701,2701
CUST00514,2,4,5848.139999999999,2025-04-05,2025-05-12,2924.0699999999997,1433.8400000000001,37,1.2333333333333334,1.6216216216216215,5848.139999999999,4741.735135135134,56900.82162162161,Medium Value,2702,2702
CUST03177,2,4,5846.42,2025-12-05,2026-09-06,2923.21,1461.605,275,9.166666666666666,0.2181818181818182,5846.42,637.7912727272728,7653.495272727274,Medium Value,2703,2703
CUST04705,3,5,5845.0599999999995,2025-02-17,2026-11-30,1948.3533333333332,1184.6533333333334,651,21.7,0.1382488479262673,5845.0599999999995,269.3576036866359,3232.291244239631,Medium Value,2704,2704
CUST01955,3,5,5837.65,2025-04-28,2025-06-04,1945.8833333333332,1170.4166666666667,37,1.2333333333333334,2.4324324324324325,5837.65,4733.229729729729,56798.756756756746,Medium Value,2705,2705
CUST04281,2,5,5837.110000000001,2025-06-19,2025-07-15,2918.5550000000003,1172.065,26,0.8666666666666667,2.0,5837.110000000001,5837.110000000001,70045.32,Medium Value,2706,2706
CUST00444,4,5,5830.82,2025-05-14,2026-11-29,1457.705,1210.6174999999998,564,18.8,0.2127659574468085,5830.82,310.15,3721.7999999999997,Medium Value,2707,2707
CUST01862,3,6,5830.360000000001,2025-01-11,2025-10-23,1943.4533333333336,874.5633333333334,285,9.5,0.3157894736842105,5830.360000000001,613.7221052631579,7364.6652631578945,Medium Value,2708,2708
CUST03378,3,6,5828.12,2025-03-19,2026-06-01,1942.7066666666667,770.8966666666666,439,14.633333333333333,0.2050113895216401,5828.12,398.276993166287,4779.323917995444,Medium Value,2709,2709
CUST02857,2,4,5824.200000000001,2026-07-26,2026-08-25,2912.1000000000004,1456.0500000000002,30,1.0,2.0,5824.200000000001,5824.200000000001,69890.40000000001,Medium Value,2710,2710
CUST00211,1,4,5823.84,2025-12-14,2025-12-14,5823.84,1455.96,0,0.0,1.0,5823.84,5823.84,69886.08,Medium Value,2711,2711
CUST01074,5,11,5822.53,2025-10-31,2026-09-27,1164.5059999999999,553.2560000000001,331,11.033333333333333,0.45317220543806647,5822.53,527.721752265861,6332.661027190332,Medium Value,2712,2712
CUST03124,3,7,5818.3,2025-12-28,2026-06-18,1939.4333333333334,889.7433333333333,172,5.733333333333333,0.5232558139534884,5818.3,1014.8197674418604,12177.837209302324,Medium Value,2713,2713
CUST03981,5,6,5815.599999999999,2024-12-20,2026-12-07,1163.12,993.9739999999999,717,23.9,0.2092050209205021,5815.599999999999,243.33054393305437,2919.9665271966524,Medium Value,2714,2714
CUST03919,3,5,5814.08,2025-06-08,2026-07-20,1938.0266666666666,897.84,407,13.566666666666666,0.22113022113022113,5814.08,428.5562653562654,5142.675184275185,Medium Value,2715,2715
CUST01122,3,5,5810.59,2025-01-02,2025-05-04,1936.8633333333335,876.7233333333334,122,4.066666666666666,0.7377049180327869,5810.59,1428.8336065573772,17146.003278688528,Medium Value,2716,2716
CUST04096,4,7,5807.82,2025-05-02,2025-12-01,1451.955,966.0024999999999,213,7.1,0.5633802816901409,5807.82,818.0028169014084,9816.0338028169,Medium Value,2717,2717
CUST04998,1,3,5806.71,2026-10-16,2026-10-16,5806.71,1935.57,0,0.0,1.0,5806.71,5806.71,69680.52,Medium Value,2718,2718
CUST04099,2,7,5804.19,2026-01-20,2026-09-17,2902.095,828.69,240,8.0,0.25,5804.19,725.52375,8706.285,Medium Value,2719,2719
CUST03044,3,6,5803.38,2025-06-09,2026-08-30,1934.46,937.2233333333334,447,14.9,0.20134228187919462,5803.38,389.48859060402685,4673.863087248323,Medium Value,2720,2720
CUST02142,3,6,5802.87,2025-01-22,2026-05-06,1934.29,800.3299999999999,469,15.633333333333333,0.19189765458422176,5802.87,371.1857142857143,4454.228571428572,Medium Value,2721,2721
CUST00929,2,5,5801.05,2024-12-30,2025-11-25,2900.525,1292.355,330,11.0,0.18181818181818182,5801.05,527.3681818181818,6328.418181818182,Medium Value,2722,2722
CUST01893,4,6,5799.35,2024-12-08,2025-06-03,1449.8375,992.9625000000001,177,5.9,0.6779661016949152,5799.35,982.9406779661017,11795.28813559322,Medium Value,2723,2723
CUST04823,3,7,5797.97,2025-03-23,2025-06-27,1932.6566666666668,811.5633333333334,96,3.2,0.9375,5797.97,1811.865625,21742.387499999997,Medium Value,2724,2724
CUST03062,3,6,5797.469999999999,2025-08-02,2026-08-18,1932.4899999999998,1103.56,381,12.7,0.2362204724409449,5797.469999999999,456.49370078740156,5477.924409448819,Medium Value,2725,2725
CUST01849,3,4,5795.51,2025-01-11,2025-02-15,1931.8366666666668,1262.0266666666666,35,1.1666666666666667,2.571428571428571,5795.51,4967.58,59610.96,Medium Value,2726,2726
CUST00084,2,6,5795.46,2025-06-12,2025-06-18,2897.73,965.91,6,0.2,2.0,5795.46,5795.46,69545.52,Medium Value,2727,2727
CUST04674,2,5,5794.54,2025-05-25,2026-10-19,2897.27,935.675,512,17.066666666666666,0.1171875,5794.54,339.523828125,4074.2859375000003,Medium Value,2728,2728
CUST00213,1,3,5793.09,2025-12-18,2025-12-18,5793.09,1931.03,0,0.0,1.0,5793.09,5793.09,69517.08,Medium Value,2729,2729
CUST04969,4,6,5791.43,2025-07-06,2026-11-16,1447.8575,917.2,498,16.6,0.24096385542168672,5791.43,348.8813253012048,4186.575903614457,Medium Value,2730,2730
CUST04142,5,8,5790.84,2025-08-04,2026-08-05,1158.1680000000001,786.574,366,12.2,0.4098360655737705,5790.84,474.65901639344264,5695.9081967213115,Medium Value,2731,2731
CUST03332,4,6,5788.1900000000005,2025-03-02,2026-07-09,1447.0475000000001,986.0350000000001,494,16.466666666666665,0.24291497975708504,5788.1900000000005,351.5095141700406,4218.114170040487,Medium Value,2732,2732
CUST02513,2,6,5787.46,2025-08-15,2025-12-23,2893.73,971.655,130,4.333333333333333,0.46153846153846156,5787.46,1335.5676923076924,16026.812307692308,Medium Value,2733,2733
CUST04045,3,7,5785.24,2025-02-18,2026-07-16,1928.4133333333332,930.87,513,17.1,0.17543859649122806,5785.24,338.31812865497074,4059.817543859649,Medium Value,2734,2734
CUST03708,3,7,5784.48,2024-12-13,2025-12-25,1928.1599999999999,814.1333333333333,377,12.566666666666666,0.2387267904509284,5784.48,460.303448275862,5523.641379310344,Medium Value,2735,2735
CUST04753,4,6,5784.09,2024-12-19,2026-09-03,1446.0225,1002.7275,623,20.766666666666666,0.1926163723916533,5784.09,278.5276083467095,3342.331300160514,Medium Value,2736,2736
CUST03478,4,6,5783.0,2025-03-02,2026-03-07,1445.75,792.6899999999999,370,12.333333333333334,0.3243243243243243,5783.0,468.8918918918919,5626.7027027027025,Medium Value,2737,2737
CUST00772,2,7,5778.28,2025-11-01,2026-08-24,2889.14,813.145,296,9.866666666666667,0.2027027027027027,5778.28,585.6364864864864,7027.637837837838,Medium Value,2738,2738
CUST03123,3,7,5777.34,2025-04-05,2025-08-03,1925.78,909.04,120,4.0,0.75,5777.34,1444.335,17332.02,Medium Value,2739,2739
CUST01594,3,7,5773.900000000001,2025-01-21,2026-09-18,1924.6333333333334,885.0733333333334,605,20.166666666666668,0.1487603305785124,5773.900000000001,286.3090909090909,3435.709090909091,Medium Value,2740,2740
CUST03264,4,5,5768.900000000001,2025-04-18,2026-10-17,1442.2250000000001,1033.595,547,18.233333333333334,0.21937842778793418,5768.900000000001,316.3930530164534,3796.7166361974405,Medium Value,2741,2741
CUST00546,3,5,5767.0,2025-01-22,2026-10-20,1922.3333333333333,910.4266666666666,636,21.2,0.14150943396226415,5767.0,272.02830188679246,3264.33962264151,Medium Value,2742,2742
CUST00069,2,4,5766.77,2026-04-19,2026-10-09,2883.385,1530.9650000000001,173,5.766666666666667,0.3468208092485549,5766.77,1000.0179190751446,12000.215028901735,Medium Value,2743,2743
CUST04248,2,4,5766.59,2024-12-12,2026-08-29,2883.295,1372.435,625,20.833333333333332,0.096,5766.59,276.79632000000004,3321.5558400000004,Medium Value,2744,2744
CUST00835,4,4,5766.32,2025-06-30,2026-11-14,1441.58,1441.58,502,16.733333333333334,0.2390438247011952,5766.32,344.60079681274897,4135.209561752988,Medium Value,2745,2745
CUST04134,2,4,5765.6,2025-06-01,2026-07-07,2882.8,1441.4,401,13.366666666666667,0.14962593516209477,5765.6,431.3416458852868,5176.099750623442,Medium Value,2746,2746
CUST00581,3,6,5761.99,2025-10-01,2026-08-04,1920.6633333333332,1091.1733333333334,307,10.233333333333333,0.2931596091205212,5761.99,563.0609120521173,6756.730944625408,Medium Value,2747,2747
CUST02906,5,5,5757.53,2025-07-06,2026-05-25,1151.5059999999999,1151.5059999999999,323,10.766666666666667,0.46439628482972134,5757.53,534.755108359133,6417.061300309597,Medium Value,2748,2748
CUST03641,2,4,5754.55,2025-05-20,2026-06-18,2877.275,1564.4850000000001,394,13.133333333333333,0.15228426395939088,5754.55,438.1637055837564,5257.964467005077,Medium Value,2749,2749
CUST02763,5,6,5751.96,2025-10-28,2026-11-03,1150.392,918.318,371,12.366666666666667,0.40431266846361186,5751.96,465.1180592991914,5581.4167115902965,Medium Value,2750,2750
CUST00955,4,6,5750.76,2026-04-18,2026-11-15,1437.69,1028.68,211,7.033333333333333,0.5687203791469194,5750.76,817.6436018957346,9811.723222748815,Medium Value,2751,2751
CUST04648,4,11,5747.25,2025-07-01,2026-04-10,1436.8125,619.1825,283,9.433333333333334,0.42402826855123676,5747.25,609.2491166077739,7310.989399293287,Medium Value,2752,2752
CUST03942,2,7,5743.32,2025-07-03,2026-03-22,2871.66,857.9950000000001,262,8.733333333333333,0.22900763358778628,5743.32,657.6320610687023,7891.584732824428,Medium Value,2753,2753
CUST00034,1,5,5739.6,2025-04-03,2025-04-03,5739.6,1147.92,0,0.0,1.0,5739.6,5739.6,68875.20000000001,Medium Value,2754,2754
CUST03033,3,6,5738.78,2025-04-17,2025-09-18,1912.9266666666665,1055.28,154,5.133333333333334,0.5844155844155844,5738.78,1117.9441558441556,13415.329870129866,Medium Value,2755,2755
CUST04168,2,5,5738.26,2025-08-01,2025-11-25,2869.13,1042.985,116,3.8666666666666667,0.5172413793103449,5738.26,1484.0327586206897,17808.393103448278,Medium Value,2756,2756
CUST02920,5,5,5738.139999999999,2025-03-26,2026-02-16,1147.628,1147.628,327,10.9,0.4587155963302752,5738.139999999999,526.434862385321,6317.218348623852,Medium Value,2757,2757
CUST00459,3,4,5730.0599999999995,2026-01-28,2026-08-19,1910.0199999999998,1354.1499999999999,203,6.766666666666667,0.4433497536945813,5730.0599999999995,846.8068965517241,10161.68275862069,Medium Value,2758,2758
CUST00939,3,5,5729.0599999999995,2025-11-10,2026-02-01,1909.6866666666665,1125.3,83,2.7666666666666666,1.0843373493975903,5729.0599999999995,2070.744578313253,24848.934939759034,Medium Value,2759,2759
CUST03856,5,8,5727.58,2025-04-26,2026-03-29,1145.516,919.1659999999999,337,11.233333333333333,0.4451038575667656,5727.58,509.87359050445104,6118.483086053413,Medium Value,2760,2760
CUST02206,4,9,5725.15,2025-02-15,2026-09-08,1431.2875,648.255,570,19.0,0.21052631578947367,5725.15,301.3236842105263,3615.8842105263157,Medium Value,2761,2761
CUST00982,2,6,5723.299999999999,2025-05-02,2025-10-17,2861.6499999999996,935.24,168,5.6,0.35714285714285715,5723.299999999999,1022.0178571428571,12264.214285714286,Medium Value,2762,2762
CUST01452,3,6,5722.9,2026-01-07,2026-11-20,1907.6333333333332,975.9933333333333,317,10.566666666666666,0.28391167192429023,5722.9,541.5993690851735,6499.192429022082,Medium Value,2763,2763
CUST02214,3,4,5719.29,2025-01-22,2026-03-31,1906.43,1486.5200000000002,433,14.433333333333334,0.20785219399538105,5719.29,396.2556581986143,4755.067898383371,Medium Value,2764,2764
CUST00673,3,5,5719.210000000001,2025-03-17,2026-03-30,1906.4033333333336,1186.28,378,12.6,0.2380952380952381,5719.210000000001,453.9055555555556,5446.866666666668,Medium Value,2765,2765
CUST04085,3,5,5718.78,2025-07-04,2026-12-01,1906.26,1165.4466666666667,515,17.166666666666668,0.17475728155339804,5718.78,333.13281553398053,3997.5937864077664,Medium Value,2766,2766
CUST02958,4,6,5716.48,2025-05-26,2026-11-02,1429.12,900.105,525,17.5,0.22857142857142856,5716.48,326.65599999999995,3919.8719999999994,Medium Value,2767,2767
CUST03817,4,6,5709.71,2025-05-03,2026-07-14,1427.4275,1040.4075,437,14.566666666666666,0.2745995423340961,5709.71,391.970938215103,4703.651258581236,Medium Value,2768,2768
CUST02696,3,7,5708.94,2025-05-30,2026-07-04,1902.9799999999998,885.6666666666666,400,13.333333333333334,0.22499999999999998,5708.94,428.17049999999995,5138.045999999999,Medium Value,2769,2769
CUST01891,3,6,5708.83,2025-01-23,2025-10-09,1902.9433333333334,956.43,259,8.633333333333333,0.3474903474903475,5708.83,661.2544401544402,7935.053281853283,Medium Value,2770,2770
CUST02192,2,5,5707.22,2024-12-23,2025-12-21,2853.61,1144.81,363,12.1,0.1652892561983471,5707.22,471.67107438016535,5660.052892561984,Medium Value,2771,2771
CUST04845,2,5,5704.92,2025-04-25,2025-09-14,2852.46,1226.62,142,4.733333333333333,0.4225352112676056,5704.92,1205.2647887323944,14463.177464788732,Medium Value,2772,2772
CUST03188,3,11,5704.0599999999995,2025-06-04,2026-07-04,1901.3533333333332,510.99,395,13.166666666666666,0.2278481012658228,5704.0599999999995,433.219746835443,5198.636962025316,Medium Value,2773,2773
CUST01108,2,6,5702.52,2025-06-08,2026-08-25,2851.26,950.4200000000001,443,14.766666666666667,0.13544018058690743,5702.52,386.1751693002257,4634.102031602709,Medium Value,2774,2774
CUST04504,2,6,5697.610000000001,2025-05-27,2025-08-21,2848.8050000000003,825.885,86,2.8666666666666667,0.6976744186046512,5697.610000000001,1987.5383720930233,23850.46046511628,Medium Value,2775,2775
CUST01424,4,6,5694.9400000000005,2025-05-10,2026-02-10,1423.7350000000001,979.7225000000001,276,9.2,0.4347826086956522,5694.9400000000005,619.0152173913044,7428.1826086956535,Medium Value,2776,2776
CUST00708,3,9,5691.96,2026-01-13,2026-06-11,1897.32,632.4399999999999,149,4.966666666666667,0.6040268456375839,5691.96,1146.0322147651007,13752.386577181209,Medium Value,2777,2777
CUST02635,5,7,5691.88,2025-03-11,2026-10-17,1138.376,868.4720000000001,585,19.5,0.2564102564102564,5691.88,291.8912820512821,3502.6953846153847,Medium Value,2778,2778
CUST02300,4,10,5690.16,2025-01-08,2026-11-12,1422.54,602.775,673,22.433333333333334,0.17830609212481427,5690.16,253.64754829123328,3043.770579494799,Medium Value,2779,2779
CUST03295,3,6,5687.75,2025-06-10,2026-06-17,1895.9166666666667,1106.8566666666666,372,12.4,0.24193548387096772,5687.75,458.68951612903226,5504.274193548387,Medium Value,2780,2780
CUST02230,4,7,5686.2,2025-03-09,2026-08-02,1421.55,978.0725,511,17.033333333333335,0.23483365949119372,5686.2,333.8277886497064,4005.9334637964766,Medium Value,2781,2781
CUST02273,2,7,5683.66,2024-12-19,2026-03-08,2841.83,826.255,444,14.8,0.13513513513513511,5683.66,384.031081081081,4608.372972972972,Medium Value,2782,2782
CUST00877,4,7,5682.71,2025-05-11,2026-07-21,1420.6775,837.5475,436,14.533333333333333,0.27522935779816515,5682.71,391.01215596330275,4692.145871559633,Medium Value,2783,2783
CUST02674,3,4,5676.33,2025-10-06,2026-01-28,1892.11,1366.0199999999998,114,3.8,0.7894736842105263,5676.33,1493.771052631579,17925.25263157895,Medium Value,2784,2784
CUST04090,2,5,5674.8,2025-06-01,2025-11-20,2837.4,1031.9250000000002,172,5.733333333333333,0.3488372093023256,5674.8,989.7906976744187,11877.488372093023,Medium Value,2785,2785
CUST03155,3,5,5674.6900000000005,2025-02-23,2026-05-27,1891.5633333333335,1097.9033333333334,458,15.266666666666667,0.1965065502183406,5674.6900000000005,371.70458515283843,4460.455021834061,Medium Value,2786,2786
CUST00259,3,6,5672.49,2025-06-25,2026-09-13,1890.83,928.3000000000001,445,14.833333333333334,0.20224719101123595,5672.49,382.41505617977526,4588.980674157303,Medium Value,2787,2787
CUST03739,3,6,5672.23,2025-08-31,2026-05-01,1890.743333333333,1006.98,243,8.1,0.3703703703703704,5672.23,700.2753086419752,8403.303703703703,Medium Value,2788,2788
CUST04502,3,7,5669.35,2025-05-15,2026-07-21,1889.7833333333335,934.0300000000001,432,14.4,0.20833333333333331,5669.35,393.70486111111114,4724.458333333334,Medium Value,2789,2789
CUST04467,3,7,5665.3,2025-02-19,2026-06-26,1888.4333333333334,856.2133333333333,492,16.4,0.1829268292682927,5665.3,345.44512195121956,4145.341463414635,Medium Value,2790,2790
CUST03363,3,5,5662.55,2025-11-21,2026-08-14,1887.5166666666667,1140.45,266,8.866666666666667,0.3383458646616541,5662.55,638.6334586466165,7663.601503759399,Medium Value,2791,2791
CUST02804,5,9,5660.33,2024-12-22,2026-10-17,1132.066,780.5719999999999,664,22.133333333333333,0.22590361445783133,5660.33,255.73780120481928,3068.853614457831,Medium Value,2792,2792
CUST04639,3,7,5657.04,2025-01-24,2026-08-20,1885.68,753.2633333333333,573,19.1,0.15706806282722513,5657.04,296.18010471204184,3554.161256544502,Medium Value,2793,2793
CUST01172,3,6,5656.55,2026-04-30,2026-08-24,1885.5166666666667,1023.1199999999999,116,3.8666666666666667,0.7758620689655172,5656.55,1462.9008620689656,17554.810344827587,Medium Value,2794,2794
CUST02124,1,4,5655.4,2026-08-16,2026-08-16,5655.4,1413.85,0,0.0,1.0,5655.4,5655.4,67864.79999999999,Medium Value,2795,2795
CUST01706,3,6,5654.59,2025-08-07,2026-08-11,1884.8633333333335,966.6833333333334,369,12.3,0.24390243902439024,5654.59,459.72276422764224,5516.673170731707,Medium Value,2796,2796
CUST01759,4,8,5653.35,2025-07-07,2026-07-26,1413.3375,746.3925,384,12.8,0.3125,5653.35,441.66796875,5300.015625,Medium Value,2797,2797
CUST01355,3,6,5650.27,2024-12-16,2026-09-25,1883.4233333333334,855.3299999999999,648,21.6,0.13888888888888887,5650.27,261.58657407407406,3139.038888888889,Medium Value,2798,2798
CUST04633,3,6,5648.860000000001,2025-01-16,2026-01-17,1882.9533333333336,1074.41,366,12.2,0.24590163934426232,5648.860000000001,463.0213114754099,5556.255737704919,Medium Value,2799,2799
CUST01391,2,4,5638.9400000000005,2025-01-29,2026-02-12,2819.4700000000003,1409.7350000000001,379,12.633333333333333,0.158311345646438,5638.9400000000005,446.3540897097626,5356.2490765171515,Medium Value,2800,2800
CUST03627,2,5,5635.46,2026-09-18,2026-09-28,2817.73,1073.365,10,0.3333333333333333,2.0,5635.46,5635.46,67625.52,Medium Value,2801,2801
CUST03589,5,10,5635.14,2025-10-20,2026-11-20,1127.028,678.5060000000001,396,13.2,0.3787878787878788,5635.14,426.9045454545455,5122.854545454546,Medium Value,2802,2802
CUST01600,2,5,5634.17,2025-07-02,2026-08-08,2817.085,1148.725,402,13.4,0.14925373134328357,5634.17,420.460447761194,5045.525373134328,Medium Value,2803,2803
CUST02105,2,5,5633.57,2025-03-18,2026-01-22,2816.785,1006.08,310,10.333333333333334,0.1935483870967742,5633.57,545.184193548387,6542.210322580644,Medium Value,2804,2804
CUST03359,3,6,5629.62,2025-02-18,2026-08-31,1876.54,1167.6299999999999,559,18.633333333333333,0.16100178890876565,5629.62,302.1262969588551,3625.515563506261,Medium Value,2805,2805
CUST00889,4,7,5625.2699999999995,2025-06-14,2026-02-20,1406.3174999999999,759.185,251,8.366666666666667,0.4780876494023904,5625.2699999999995,672.3430278884462,8068.116334661354,Medium Value,2806,2806
CUST04743,2,4,5623.01,2025-12-27,2026-01-11,2811.505,1531.635,15,0.5,2.0,5623.01,5623.01,67476.12,Medium Value,2807,2807
CUST04739,3,5,5619.46,2025-06-07,2026-03-26,1873.1533333333334,1203.95,292,9.733333333333333,0.3082191780821918,5619.46,577.3417808219178,6928.101369863014,Medium Value,2808,2808
CUST03029,3,10,5618.26,2025-01-12,2026-09-07,1872.7533333333333,612.91,603,20.1,0.14925373134328357,5618.26,279.51542288557215,3354.1850746268656,Medium Value,2809,2809
CUST00413,3,7,5617.75,2025-05-06,2025-12-05,1872.5833333333333,758.1566666666668,213,7.1,0.4225352112676057,5617.75,791.2323943661972,9494.788732394367,Medium Value,2810,2810
CUST01824,4,7,5616.16,2025-01-27,2026-10-31,1404.04,794.7049999999999,642,21.4,0.1869158878504673,5616.16,262.4373831775701,3149.248598130841,Medium Value,2811,2811
CUST04716,2,7,5615.35,2025-06-14,2026-03-16,2807.675,849.52,275,9.166666666666666,0.2181818181818182,5615.35,612.5836363636364,7351.003636363637,Medium Value,2812,2812
CUST03300,3,6,5615.1900000000005,2026-01-14,2026-10-16,1871.7300000000002,925.1,275,9.166666666666666,0.32727272727272727,5615.1900000000005,612.5661818181819,7350.794181818183,Medium Value,2813,2813
CUST03969,5,6,5612.3,2025-03-04,2026-06-27,1122.46,1042.042,480,16.0,0.3125,5612.3,350.76875,4209.225,Medium Value,2814,2814
CUST03228,4,6,5602.76,2026-03-10,2026-08-29,1400.69,899.13,172,5.733333333333333,0.6976744186046512,5602.76,977.2255813953489,11726.706976744186,Medium Value,2815,2815
CUST00511,4,7,5597.39,2025-02-02,2026-06-05,1399.3475,927.8675000000001,488,16.266666666666666,0.24590163934426232,5597.39,344.1018442622951,4129.222131147541,Medium Value,2816,2816
CUST04138,2,5,5596.48,2025-11-23,2026-06-23,2798.24,1340.915,212,7.066666666666666,0.2830188679245283,5596.48,791.954716981132,9503.456603773584,Medium Value,2817,2817
CUST00583,1,5,5588.9,2026-07-11,2026-07-11,5588.9,1117.78,0,0.0,1.0,5588.9,5588.9,67066.79999999999,Medium Value,2818,2818
CUST03400,2,6,5588.34,2025-04-27,2026-01-22,2794.17,931.39,270,9.0,0.2222222222222222,5588.34,620.9266666666667,7451.120000000001,Medium Value,2819,2819
CUST03582,4,7,5588.32,2025-05-08,2026-06-26,1397.08,843.4000000000001,414,13.8,0.2898550724637681,5588.32,404.9507246376811,4859.408695652173,Medium Value,2820,2820
CUST02946,2,6,5588.16,2025-09-13,2025-11-03,2794.08,915.25,51,1.7,1.1764705882352942,5588.16,3287.1529411764704,39445.83529411764,Medium Value,2821,2821
CUST01597,2,5,5587.5599999999995,2025-04-27,2025-06-24,2793.7799999999997,1386.3899999999999,58,1.9333333333333333,1.0344827586206897,5587.5599999999995,2890.11724137931,34681.40689655172,Medium Value,2822,2822
CUST02069,3,7,5585.34,2025-12-01,2026-11-08,1861.78,947.8000000000001,342,11.4,0.2631578947368421,5585.34,489.9421052631579,5879.305263157895,Medium Value,2823,2823
CUST00169,4,6,5575.21,2025-07-25,2026-10-04,1393.8025,877.0475,436,14.533333333333333,0.27522935779816515,5575.21,383.6153669724771,4603.384403669725,Medium Value,2824,2824
CUST00532,4,6,5574.83,2025-06-24,2026-09-09,1393.7075,973.835,442,14.733333333333333,0.2714932126696833,5574.83,378.3821266968326,4540.585520361991,Medium Value,2825,2825
CUST00466,2,4,5572.14,2025-04-16,2026-06-11,2786.07,1325.2199999999998,421,14.033333333333333,0.14251781472684086,5572.14,397.0646080760095,4764.775296912114,Medium Value,2826,2826
CUST01276,4,8,5568.97,2024-12-12,2026-08-07,1392.2425,835.3475000000001,603,20.1,0.1990049751243781,5568.97,277.06318407960197,3324.7582089552234,Medium Value,2827,2827
CUST01010,3,8,5567.1900000000005,2025-01-26,2026-05-01,1855.7300000000002,782.3333333333334,460,15.333333333333334,0.19565217391304346,5567.1900000000005,363.0776086956522,4356.931304347827,Medium Value,2828,2828
CUST03894,3,6,5566.01,2025-12-25,2026-07-06,1855.3366666666668,1044.5266666666666,193,6.433333333333334,0.46632124352331605,5566.01,865.1829015544041,10382.19481865285,Medium Value,2829,2829
CUST01053,2,6,5565.969999999999,2025-06-21,2026-06-21,2782.9849999999997,1108.525,365,12.166666666666666,0.16438356164383564,5565.969999999999,457.47698630136983,5489.723835616438,Medium Value,2830,2830
CUST00312,1,4,5564.36,2025-08-05,2025-08-05,5564.36,1391.09,0,0.0,1.0,5564.36,5564.36,66772.31999999999,Medium Value,2831,2831
CUST00869,4,10,5560.5599999999995,2025-01-08,2026-09-27,1390.1399999999999,830.1949999999999,627,20.9,0.19138755980861244,5560.5599999999995,266.05550239234447,3192.6660287081336,Medium Value,2832,2832
CUST04992,5,6,5560.55,2025-06-19,2026-07-07,1112.1100000000001,921.7379999999999,383,12.766666666666667,0.39164490861618795,5560.55,435.5522193211488,5226.6266318537855,Medium Value,2833,2833
CUST02265,2,5,5558.84,2025-02-11,2026-08-03,2779.42,867.61,538,17.933333333333334,0.11152416356877323,5558.84,309.9724907063197,3719.6698884758366,Medium Value,2834,2834
CUST02697,3,4,5556.73,2025-09-09,2026-09-04,1852.243333333333,1323.25,360,12.0,0.25,5556.73,463.0608333333333,5556.73,Medium Value,2835,2835
CUST02908,3,7,5550.08,2025-10-18,2026-08-03,1850.0266666666666,707.8533333333334,289,9.633333333333333,0.31141868512110726,5550.08,576.1328719723184,6913.594463667821,Medium Value,2836,2836
CUST02291,3,5,5549.46,2025-10-13,2026-07-15,1849.82,1283.66,275,9.166666666666666,0.32727272727272727,5549.46,605.3956363636364,7264.747636363637,Medium Value,2837,2837
CUST00489,4,7,5538.18,2025-02-19,2026-01-19,1384.545,805.0175,334,11.133333333333333,0.3592814371257485,5538.18,497.4413173652695,5969.2958083832345,Medium Value,2838,2838
CUST00948,2,5,5537.74,2026-06-08,2026-08-30,2768.87,1448.1950000000002,83,2.7666666666666666,0.7228915662650602,5537.74,2001.5927710843373,24019.11325301205,Medium Value,2839,2839
CUST01206,4,8,5534.81,2025-05-08,2026-03-02,1383.7025,857.0875,298,9.933333333333334,0.40268456375838924,5534.81,557.1956375838927,6686.347651006712,Medium Value,2840,2840
CUST03458,6,7,5531.09,2025-03-03,2026-09-29,921.8483333333334,845.6750000000001,575,19.166666666666668,0.31304347826086953,5531.09,288.5786086956522,3462.943304347826,Medium Value,2841,2841
CUST00293,2,6,5530.379999999999,2025-01-18,2025-03-05,2765.1899999999996,921.73,46,1.5333333333333334,1.3043478260869565,5530.379999999999,3606.7695652173907,43281.23478260869,Medium Value,2842,2842
CUST03111,4,5,5529.64,2025-05-25,2025-11-26,1382.41,1073.1100000000001,185,6.166666666666667,0.6486486486486486,5529.64,896.6983783783784,10760.38054054054,Medium Value,2843,2843
CUST00359,2,6,5528.74,2025-04-26,2025-05-14,2764.37,807.5899999999999,18,0.6,2.0,5528.74,5528.74,66344.88,Medium Value,2844,2844
CUST01336,3,6,5527.540000000001,2024-11-28,2025-04-03,1842.5133333333335,898.2366666666667,126,4.2,0.7142857142857143,5527.540000000001,1316.0809523809526,15792.97142857143,Medium Value,2845,2845
CUST00288,2,4,5514.88,2026-06-26,2026-10-17,2757.44,1448.45,113,3.7666666666666666,0.5309734513274337,5514.88,1464.1274336283186,17569.529203539823,Medium Value,2846,2846
CUST01606,3,6,5513.27,2025-02-12,2026-04-17,1837.756666666667,891.6666666666666,429,14.3,0.2097902097902098,5513.27,385.5433566433567,4626.52027972028,Medium Value,2847,2847
CUST00937,2,4,5512.78,2025-04-16,2026-01-02,2756.39,1378.195,261,8.7,0.2298850574712644,5512.78,633.6528735632185,7603.834482758622,Medium Value,2848,2848
CUST00227,3,10,5509.72,2025-06-30,2026-03-17,1836.5733333333335,744.7633333333333,260,8.666666666666666,0.3461538461538462,5509.72,635.7369230769232,7628.843076923078,Medium Value,2849,2849
CUST01264,4,7,5508.62,2025-01-07,2026-01-29,1377.155,802.005,387,12.9,0.31007751937984496,5508.62,427.02480620155035,5124.297674418604,Medium Value,2850,2850
CUST00587,4,8,5506.57,2025-11-17,2026-11-05,1376.6425,684.4875,353,11.766666666666667,0.3399433427762039,5506.57,467.9804532577903,5615.765439093484,Medium Value,2851,2851
CUST01656,2,5,5504.91,2024-12-18,2025-05-06,2752.455,1047.23,139,4.633333333333334,0.4316546762589928,5504.91,1188.110071942446,14257.320863309353,Medium Value,2852,2852
CUST04839,3,5,5504.11,2025-01-09,2025-04-29,1834.7033333333331,1095.1599999999999,110,3.6666666666666665,0.8181818181818182,5504.11,1501.120909090909,18013.45090909091,Medium Value,2853,2853
CUST04015,5,7,5502.37,2024-12-12,2026-01-07,1100.474,918.358,391,13.033333333333333,0.3836317135549872,5502.37,422.176726342711,5066.120716112532,Medium Value,2854,2854
CUST03306,4,4,5496.88,2025-07-31,2026-08-22,1374.22,1374.22,387,12.9,0.31007751937984496,5496.88,426.11472868217055,5113.376744186046,Medium Value,2855,2855
CUST02691,4,7,5490.62,2025-05-07,2026-12-07,1372.655,804.095,579,19.3,0.20725388601036268,5490.62,284.4880829015544,3413.8569948186523,Medium Value,2856,2856
CUST03340,3,8,5489.29,2025-12-16,2026-04-14,1829.7633333333333,891.7033333333333,119,3.966666666666667,0.7563025210084033,5489.29,1383.8546218487395,16606.255462184876,Medium Value,2857,2857
CUST02537,1,4,5489.08,2026-03-26,2026-03-26,5489.08,1372.27,0,0.0,1.0,5489.08,5489.08,65868.95999999999,Medium Value,2858,2858
CUST03088,2,5,5485.54,2024-12-22,2025-09-15,2742.77,1168.63,267,8.9,0.2247191011235955,5485.54,616.352808988764,7396.233707865167,Medium Value,2859,2859
CUST04347,4,7,5484.92,2025-01-26,2026-11-17,1371.23,772.2950000000001,660,22.0,0.18181818181818182,5484.92,249.31454545454545,2991.7745454545457,Medium Value,2860,2860
CUST01560,3,7,5484.31,2025-06-19,2026-08-01,1828.1033333333335,691.1766666666667,408,13.6,0.22058823529411764,5484.31,403.25808823529417,4839.0970588235305,Medium Value,2861,2861
CUST01542,2,5,5475.12,2026-01-11,2026-02-24,2737.56,838.86,44,1.4666666666666666,1.3636363636363638,5475.12,3733.0363636363636,44796.43636363636,Medium Value,2862,2862
CUST00318,3,7,5471.93,2025-02-04,2026-06-12,1823.9766666666667,1015.1633333333333,493,16.433333333333334,0.18255578093306288,5471.93,332.9774847870183,3995.7298174442194,Medium Value,2863,2863
CUST04264,4,8,5470.92,2025-05-08,2026-10-21,1367.73,733.645,531,17.7,0.22598870056497175,5470.92,309.09152542372885,3709.0983050847462,Medium Value,2864,2864
CUST01224,2,6,5469.4,2025-07-01,2026-08-23,2734.7,933.74,418,13.933333333333334,0.14354066985645933,5469.4,392.5406698564593,4710.488038277512,Medium Value,2865,2865
CUST04218,1,3,5465.16,2025-09-01,2025-09-01,5465.16,1821.72,0,0.0,1.0,5465.16,5465.16,65581.92,Medium Value,2866,2866
CUST03882,1,3,5464.26,2025-03-31,2025-03-31,5464.26,1821.42,0,0.0,1.0,5464.26,5464.26,65571.12,Medium Value,2867,2867
CUST01701,2,5,5464.19,2025-10-01,2026-07-14,2732.095,845.095,286,9.533333333333333,0.2097902097902098,5464.19,573.1667832167832,6878.001398601398,Medium Value,2868,2868
CUST04793,1,5,5463.75,2024-12-24,2024-12-24,5463.75,1092.75,0,0.0,1.0,5463.75,5463.75,65565.0,Medium Value,2869,2869
CUST02277,4,9,5459.28,2025-02-16,2026-04-29,1364.82,720.0775,437,14.566666666666666,0.2745995423340961,5459.28,374.77894736842103,4497.347368421052,Medium Value,2870,2870
CUST04196,5,6,5458.39,2024-12-17,2026-11-08,1091.678,900.4959999999999,691,23.033333333333335,0.2170767004341534,5458.39,236.9778581765557,2843.7342981186684,Medium Value,2871,2871
CUST01965,4,7,5454.65,2025-08-27,2026-10-11,1363.6625,686.775,410,13.666666666666666,0.29268292682926833,5454.65,399.1207317073171,4789.4487804878045,Medium Value,2872,2872
CUST03966,3,7,5452.469999999999,2025-05-16,2026-09-17,1817.4899999999998,882.2166666666667,489,16.3,0.18404907975460122,5452.469999999999,334.50736196319014,4014.088343558282,Medium Value,2873,2873
CUST02690,2,4,5447.4400000000005,2025-03-10,2026-11-05,2723.7200000000003,1274.27,605,20.166666666666668,0.09917355371900825,5447.4400000000005,270.1209917355372,3241.451900826446,Medium Value,2874,2874
CUST00944,2,4,5444.639999999999,2025-04-16,2026-07-31,2722.3199999999997,1436.53,471,15.7,0.12738853503184713,5444.639999999999,346.79235668789806,4161.508280254777,Medium Value,2875,2875
CUST04448,4,8,5442.97,2024-12-28,2025-04-02,1360.7425,632.7725,95,3.1666666666666665,1.2631578947368423,5442.97,1718.8326315789475,20625.99157894737,Medium Value,2876,2876
CUST03910,3,8,5440.68,2024-12-24,2026-02-03,1813.5600000000002,782.75,406,13.533333333333333,0.22167487684729065,5440.68,402.0206896551724,4824.248275862069,Medium Value,2877,2877
CUST02758,4,8,5435.53,2025-09-11,2026-01-15,1358.8825,723.365,126,4.2,0.9523809523809523,5435.53,1294.1738095238095,15530.085714285713,Medium Value,2878,2878
CUST04260,2,5,5429.0,2025-05-23,2025-06-14,2714.5,1128.1599999999999,22,0.7333333333333333,2.0,5429.0,5429.0,65148.0,Medium Value,2879,2879
CUST00009,4,5,5428.86,2025-05-16,2026-07-04,1357.215,1075.33,414,13.8,0.2898550724637681,5428.86,393.395652173913,4720.747826086956,Medium Value,2880,2880
CUST02852,4,10,5426.5599999999995,2024-11-19,2025-10-16,1356.6399999999999,672.8175,331,11.033333333333333,0.36253776435045315,5426.5599999999995,491.8332326283988,5901.9987915407855,Medium Value,2881,2881
CUST04286,3,9,5424.61,2025-06-30,2026-03-06,1808.2033333333331,732.1700000000001,249,8.3,0.36144578313253006,5424.61,653.567469879518,7842.809638554216,Medium Value,2882,2882
CUST03573,4,6,5420.77,2025-04-21,2026-07-23,1355.1925,913.0925,458,15.266666666666667,0.26200873362445415,5420.77,355.0722707423581,4260.867248908297,Medium Value,2883,2883
CUST04760,5,6,5418.42,2025-04-21,2026-11-08,1083.684,879.5540000000001,566,18.866666666666667,0.26501766784452296,5418.42,287.19540636042404,3446.3448763250885,Medium Value,2884,2884
CUST00393,3,7,5417.33,2025-04-09,2026-08-17,1805.7766666666666,892.4766666666666,495,16.5,0.18181818181818182,5417.33,328.3230303030303,3939.8763636363637,Medium Value,2885,2885
CUST01372,3,6,5415.89,2025-04-18,2025-06-06,1805.2966666666669,909.1066666666666,49,1.6333333333333333,1.836734693877551,5415.89,3315.8510204081635,39790.212244897964,Medium Value,2886,2886
CUST01217,4,6,5414.85,2025-01-07,2026-04-28,1353.7125,720.5825,476,15.866666666666667,0.25210084033613445,5414.85,341.27205882352945,4095.264705882353,Medium Value,2887,2887
CUST00946,2,4,5408.75,2026-03-26,2026-10-10,2704.375,1576.885,198,6.6,0.30303030303030304,5408.75,819.5075757575758,9834.090909090908,Medium Value,2888,2888
CUST01981,2,7,5408.1900000000005,2025-10-19,2026-06-13,2704.0950000000003,773.265,237,7.9,0.2531645569620253,5408.1900000000005,684.5810126582279,8214.972151898735,Medium Value,2889,2889
CUST03072,2,4,5407.02,2025-12-24,2026-06-02,2703.51,1256.52,160,5.333333333333333,0.375,5407.02,1013.8162500000001,12165.795000000002,Medium Value,2890,2890
CUST01732,4,6,5406.92,2025-09-14,2026-04-05,1351.73,914.885,203,6.766666666666667,0.5911330049261084,5406.92,799.0522167487685,9588.626600985222,Medium Value,2891,2891
CUST02829,4,6,5405.66,2025-11-30,2026-03-16,1351.415,1005.605,106,3.533333333333333,1.1320754716981132,5405.66,1529.9037735849056,18358.84528301887,Medium Value,2892,2892
CUST03576,4,5,5403.48,2025-05-25,2026-10-03,1350.87,1035.0349999999999,496,16.533333333333335,0.24193548387096772,5403.48,326.8233870967741,3921.8806451612895,Medium Value,2893,2893
CUST03031,3,7,5399.78,2025-01-30,2025-09-12,1799.9266666666665,750.66,225,7.5,0.4,5399.78,719.9706666666666,8639.648,Medium Value,2894,2894
CUST03141,4,6,5398.54,2026-03-27,2026-08-22,1349.635,984.73,148,4.933333333333334,0.8108108108108107,5398.54,1094.2986486486486,13131.583783783783,Medium Value,2895,2895
CUST04638,4,7,5398.22,2025-04-21,2026-06-10,1349.555,859.7825,415,13.833333333333334,0.2891566265060241,5398.22,390.23277108433734,4682.793253012048,Medium Value,2896,2896
CUST03152,3,6,5397.39,2025-04-22,2025-06-30,1799.13,831.83,69,2.3,1.3043478260869565,5397.39,2346.691304347826,28160.295652173914,Medium Value,2897,2897
CUST00150,6,9,5396.46,2025-06-08,2026-08-23,899.41,679.2766666666666,441,14.7,0.40816326530612246,5396.46,367.1061224489796,4405.2734693877555,Medium Value,2898,2898
CUST01530,4,7,5393.01,2024-11-25,2026-05-05,1348.2525,683.2125000000001,526,17.533333333333335,0.22813688212927755,5393.01,307.5861216730038,3691.0334600760452,Medium Value,2899,2899
CUST04928,3,9,5392.51,2025-07-07,2026-05-05,1797.5033333333333,594.49,302,10.066666666666666,0.2980132450331126,5392.51,535.6798013245034,6428.157615894041,Medium Value,2900,2900
CUST00254,3,6,5384.799999999999,2024-12-08,2025-06-04,1794.9333333333332,804.4366666666666,178,5.933333333333334,0.5056179775280899,5384.799999999999,907.5505617977526,10890.606741573032,Medium Value,2901,2901
CUST03691,1,4,5384.48,2026-09-30,2026-09-30,5384.48,1346.12,0,0.0,1.0,5384.48,5384.48,64613.759999999995,Medium Value,2902,2902
CUST03105,2,5,5380.84,2025-01-07,2026-07-26,2690.42,1145.15,565,18.833333333333332,0.10619469026548674,5380.84,285.7083185840708,3428.4998230088495,Medium Value,2903,2903
CUST02928,2,6,5380.65,2026-05-13,2026-10-09,2690.325,1008.845,149,4.966666666666667,0.40268456375838924,5380.65,1083.3523489932884,13000.22818791946,Medium Value,2904,2904
CUST02060,3,6,5380.43,2025-04-28,2026-04-05,1793.4766666666667,908.7933333333334,342,11.4,0.2631578947368421,5380.43,471.96754385964914,5663.61052631579,Medium Value,2905,2905
CUST03720,3,7,5378.21,2025-07-16,2026-04-05,1792.7366666666667,696.6366666666667,263,8.766666666666667,0.34220532319391633,5378.21,613.4840304182509,7361.808365019011,Medium Value,2906,2906
CUST02822,5,5,5378.15,2025-01-27,2025-12-04,1075.6299999999999,1075.6299999999999,311,10.366666666666667,0.4823151125401929,5378.15,518.7926045016077,6225.511254019292,Medium Value,2907,2907
CUST01944,3,6,5375.92,2025-02-19,2025-06-19,1791.9733333333334,895.9866666666667,120,4.0,0.75,5375.92,1343.98,16127.76,Medium Value,2908,2908
CUST04814,4,5,5373.13,2024-11-03,2026-07-22,1343.2825,1230.4825,626,20.866666666666667,0.19169329073482427,5373.13,257.4982428115016,3089.9789137380194,Medium Value,2909,2909
CUST01049,3,6,5372.08,2025-09-27,2026-10-06,1790.6933333333334,1037.3066666666666,374,12.466666666666667,0.24064171122994651,5372.08,430.91550802139034,5170.986096256684,Medium Value,2910,2910
CUST01636,3,6,5371.48,2024-12-15,2026-06-13,1790.493333333333,911.5466666666666,545,18.166666666666668,0.16513761467889906,5371.48,295.6777981651376,3548.133577981651,Medium Value,2911,2911
CUST01261,3,6,5369.54,2025-10-04,2026-04-05,1789.8466666666666,944.0533333333334,183,6.1,0.49180327868852464,5369.54,880.2524590163935,10563.029508196722,Medium Value,2912,2912
CUST00093,3,7,5367.42,2025-02-10,2026-07-30,1789.14,697.2733333333332,535,17.833333333333332,0.16822429906542058,5367.42,300.9768224299066,3611.7218691588787,Medium Value,2913,2913
CUST01220,2,5,5367.28,2025-02-21,2025-09-07,2683.64,1196.3600000000001,198,6.6,0.30303030303030304,5367.28,813.2242424242424,9758.69090909091,Medium Value,2914,2914
CUST01150,4,7,5367.19,2025-02-17,2026-11-02,1341.7975,786.91,623,20.766666666666666,0.1926163723916533,5367.19,258.4521669341894,3101.426003210273,Medium Value,2915,2915
CUST03048,2,5,5366.91,2025-01-25,2026-02-03,2683.455,1121.58,374,12.466666666666667,0.16042780748663102,5366.91,430.50080213903743,5166.009625668449,Medium Value,2916,2916
CUST03182,4,4,5365.86,2024-11-25,2026-04-05,1341.465,1341.465,496,16.533333333333335,0.24193548387096772,5365.86,324.5479838709677,3894.575806451612,Medium Value,2917,2917
CUST02708,4,7,5365.39,2025-12-26,2026-08-04,1341.3475,834.7025,221,7.366666666666666,0.5429864253393666,5365.39,728.333484162896,8740.001809954752,Medium Value,2918,2918
CUST03051,2,4,5364.900000000001,2024-12-26,2026-05-31,2682.4500000000003,1247.2800000000002,521,17.366666666666667,0.11516314779270632,5364.900000000001,308.9193857965451,3707.032629558541,Medium Value,2919,2919
CUST02008,2,7,5361.16,2026-06-19,2026-09-02,2680.58,643.375,75,2.5,0.8,5361.16,2144.464,25733.568,Medium Value,2920,2920
CUST00743,4,7,5357.6,2025-08-24,2026-04-06,1339.4,833.6199999999999,225,7.5,0.5333333333333333,5357.6,714.3466666666667,8572.16,Medium Value,2921,2921
CUST04559,3,6,5354.02,2024-12-15,2026-05-01,1784.6733333333334,880.0833333333334,502,16.733333333333334,0.1792828685258964,5354.02,319.96135458167333,3839.5362549800802,Medium Value,2922,2922
CUST03372,2,7,5346.43,2026-02-18,2026-08-22,2673.215,725.9,185,6.166666666666667,0.3243243243243243,5346.43,866.9886486486487,10403.863783783785,Medium Value,2923,2923
CUST00969,3,5,5343.74,2025-07-09,2026-07-21,1781.2466666666667,1110.82,377,12.566666666666666,0.2387267904509284,5343.74,425.231299734748,5102.775596816976,Medium Value,2924,2924
CUST04578,2,3,5342.82,2025-07-04,2026-09-01,2671.41,1511.345,424,14.133333333333333,0.14150943396226415,5342.82,378.0297169811321,4536.356603773585,Medium Value,2925,2925
CUST00831,3,9,5337.68,2025-01-03,2025-05-13,1779.2266666666667,535.1833333333334,130,4.333333333333333,0.6923076923076924,5337.68,1231.7723076923078,14781.267692307694,Medium Value,2926,2926
CUST03379,3,5,5335.79,2025-12-09,2026-07-16,1778.5966666666666,1034.5366666666666,219,7.3,0.4109589041095891,5335.79,730.9301369863014,8771.161643835616,Medium Value,2927,2927
CUST02362,2,6,5335.76,2025-02-20,2025-11-09,2667.88,986.105,262,8.733333333333333,0.22900763358778628,5335.76,610.9648854961833,7331.5786259542,Medium Value,2928,2928
CUST01593,3,5,5335.360000000001,2024-11-28,2026-10-02,1778.4533333333336,973.9333333333334,673,22.433333333333334,0.1337295690936107,5335.360000000001,237.8317979197623,2853.9815750371476,Medium Value,2929,2929
CUST00572,4,10,5334.62,2025-06-09,2026-06-16,1333.655,551.6800000000001,372,12.4,0.3225806451612903,5334.62,430.2112903225806,5162.535483870967,Medium Value,2930,2930
CUST00303,2,3,5331.17,2025-03-28,2025-06-07,2665.585,1847.2849999999999,71,2.3666666666666667,0.8450704225352113,5331.17,2252.6070422535213,27031.284507042255,Medium Value,2931,2931
CUST00748,2,5,5329.4400000000005,2025-01-10,2025-09-19,2664.7200000000003,998.76,252,8.4,0.23809523809523808,5329.4400000000005,634.4571428571429,7613.4857142857145,Medium Value,2932,2932
CUST00201,4,7,5326.26,2025-02-21,2026-04-10,1331.565,938.73,413,13.766666666666667,0.29055690072639223,5326.26,386.8953995157385,4642.744794188862,Medium Value,2933,2933
CUST02954,3,5,5325.389999999999,2026-01-21,2026-10-05,1775.1299999999999,1247.7433333333333,257,8.566666666666666,0.3501945525291829,5325.389999999999,621.6408560311284,7459.69027237354,Medium Value,2934,2934
CUST00884,2,10,5324.4,2026-02-13,2026-02-21,2662.2,532.44,8,0.26666666666666666,2.0,5324.4,5324.4,63892.799999999996,Medium Value,2935,2935
CUST00854,3,7,5323.24,2025-12-26,2026-11-03,1774.4133333333332,776.8800000000001,312,10.4,0.28846153846153844,5323.24,511.84999999999997,6142.2,Medium Value,2936,2936
CUST03518,3,7,5319.69,2025-03-22,2026-11-25,1773.2299999999998,1263.6833333333332,613,20.433333333333334,0.1468189233278956,5319.69,260.3437194127243,3124.124632952691,Medium Value,2937,2937
CUST01485,2,4,5317.41,2025-02-18,2025-05-31,2658.705,1121.845,102,3.4,0.5882352941176471,5317.41,1563.9441176470589,18767.329411764706,Medium Value,2938,2938
CUST02862,2,4,5312.09,2025-01-19,2025-08-04,2656.045,1427.345,197,6.566666666666666,0.30456852791878175,5312.09,808.9477157360407,9707.372588832488,Medium Value,2939,2939
CUST01358,5,7,5309.759999999999,2025-01-26,2026-08-23,1061.9519999999998,674.708,574,19.133333333333333,0.2613240418118467,5309.759999999999,277.5135888501742,3330.1630662020902,Medium Value,2940,2940
CUST03659,1,5,5308.3,2025-10-21,2025-10-21,5308.3,1061.66,0,0.0,1.0,5308.3,5308.3,63699.600000000006,Medium Value,2941,2941
CUST00623,3,6,5308.01,2025-01-10,2026-07-02,1769.3366666666668,840.7066666666666,538,17.933333333333334,0.16728624535315986,5308.01,295.985687732342,3551.828252788104,Medium Value,2942,2942
CUST02321,3,7,5296.45,2025-01-23,2026-03-07,1765.4833333333333,860.9366666666666,408,13.6,0.22058823529411764,5296.45,389.44485294117646,4673.338235294117,Medium Value,2943,2943
CUST03204,5,7,5295.41,2025-01-06,2026-09-30,1059.0819999999999,791.824,632,21.066666666666666,0.23734177215189875,5295.41,251.3643987341772,3016.372784810126,Medium Value,2944,2944
CUST02786,3,6,5294.8,2025-05-30,2026-10-01,1764.9333333333334,818.5,489,16.3,0.18404907975460122,5294.8,324.83435582822085,3898.01226993865,Medium Value,2945,2945
CUST02913,4,5,5291.28,2025-04-08,2026-11-22,1322.82,937.1175000000001,593,19.766666666666666,0.20236087689713322,5291.28,267.68701517706575,3212.244182124789,Medium Value,2946,2946
CUST03905,1,5,5288.95,2025-01-26,2025-01-26,5288.95,1057.79,0,0.0,1.0,5288.95,5288.95,63467.399999999994,Medium Value,2947,2947
CUST04278,3,4,5287.11,2025-02-03,2026-08-13,1762.37,1312.9433333333334,556,18.533333333333335,0.1618705035971223,5287.11,285.27571942446036,3423.3086330935243,Medium Value,2948,2948
CUST02254,4,6,5283.91,2025-02-05,2026-12-13,1320.9775,904.6875,676,22.533333333333335,0.17751479289940827,5283.91,234.49304733727809,2813.916568047337,Medium Value,2949,2949
CUST03386,2,4,5283.87,2025-11-10,2026-08-30,2641.935,1298.995,293,9.766666666666667,0.20477815699658702,5283.87,541.0105802047781,6492.126962457337,Medium Value,2950,2950
CUST03902,2,3,5283.52,2025-03-03,2025-05-01,2641.76,1795.68,59,1.9666666666666666,1.0169491525423728,5283.52,2686.5355932203393,32238.42711864407,Medium Value,2951,2951
CUST01250,6,8,5282.36,2024-12-24,2026-11-15,880.3933333333333,739.86,691,23.033333333333335,0.26049204052098407,5282.36,229.33545586107087,2752.0254703328505,Medium Value,2952,2952
CUST02219,4,7,5280.1,2025-05-09,2026-11-18,1320.025,710.6425,558,18.6,0.2150537634408602,5280.1,283.8763440860215,3406.516129032258,Medium Value,2953,2953
CUST01697,2,4,5279.71,2025-02-23,2025-07-21,2639.855,1174.855,148,4.933333333333334,0.4054054054054054,5279.71,1070.2114864864864,12842.537837837837,Medium Value,2954,2954
CUST02248,2,6,5278.62,2025-06-09,2026-11-26,2639.31,822.38,535,17.833333333333332,0.11214953271028039,5278.62,295.9973831775701,3551.968598130841,Medium Value,2955,2955
CUST02922,3,4,5276.43,2025-12-05,2026-07-12,1758.8100000000002,1340.1133333333332,219,7.3,0.4109589041095891,5276.43,722.7986301369864,8673.583561643836,Medium Value,2956,2956
CUST04653,3,6,5270.2699999999995,2025-04-02,2026-12-28,1756.7566666666664,927.9666666666667,635,21.166666666666668,0.14173228346456693,5270.2699999999995,248.98913385826768,2987.869606299212,Medium Value,2957,2957
CUST03867,3,6,5266.92,2025-12-04,2026-07-30,1755.64,1073.2066666666667,238,7.933333333333334,0.37815126050420167,5266.92,663.8974789915966,7966.7697478991595,Medium Value,2958,2958
CUST04526,3,4,5260.92,2025-04-12,2026-10-14,1753.64,1266.6899999999998,550,18.333333333333332,0.16363636363636364,5260.92,286.9592727272728,3443.5112727272735,Medium Value,2959,2959
CUST02143,3,6,5258.75,2024-11-23,2025-12-30,1752.9166666666667,777.0333333333333,402,13.4,0.22388059701492538,5258.75,392.44402985074623,4709.328358208955,Medium Value,2960,2960
CUST01211,3,5,5257.75,2025-12-06,2025-12-09,1752.5833333333333,1036.1766666666665,3,0.1,3.0,5257.75,5257.75,63093.0,Medium Value,2961,2961
CUST04028,5,6,5257.45,2025-03-12,2026-08-18,1051.49,970.3520000000001,524,17.466666666666665,0.28625954198473286,5257.45,300.99904580152673,3611.9885496183206,Medium Value,2962,2962
CUST03432,2,5,5250.8,2025-01-12,2026-01-18,2625.4,1019.3199999999999,371,12.366666666666667,0.16172506738544473,5250.8,424.59299191374663,5095.11590296496,Medium Value,2963,2963
CUST01406,2,4,5248.01,2025-12-23,2026-02-19,2624.005,1089.295,58,1.9333333333333333,1.0344827586206897,5248.01,2714.4879310344827,32573.855172413794,Medium Value,2964,2964
CUST01882,1,4,5245.8,2025-11-13,2025-11-13,5245.8,1311.45,0,0.0,1.0,5245.8,5245.8,62949.600000000006,Medium Value,2965,2965
CUST01006,3,7,5245.09,2025-01-11,2025-11-27,1748.3633333333335,675.7166666666667,320,10.666666666666666,0.28125,5245.09,491.7271875,5900.72625,Medium Value,2966,2966
CUST04579,3,6,5240.4,2024-12-29,2026-09-06,1746.8,713.9033333333333,616,20.533333333333335,0.1461038961038961,5240.4,255.21428571428567,3062.571428571428,Medium Value,2967,2967
CUST04761,2,5,5239.8099999999995,2026-02-20,2026-10-24,2619.9049999999997,824.285,246,8.2,0.24390243902439027,5239.8099999999995,639.0012195121951,7668.014634146341,Medium Value,2968,2968
CUST00301,2,5,5237.14,2025-08-11,2026-04-05,2618.57,818.615,237,7.9,0.2531645569620253,5237.14,662.9291139240506,7955.1493670886075,Medium Value,2969,2969
CUST00237,4,7,5235.799999999999,2024-12-11,2026-10-22,1308.9499999999998,623.2974999999999,680,22.666666666666668,0.1764705882352941,5235.799999999999,230.9911764705882,2771.894117647058,Medium Value,2970,2970
CUST04431,2,5,5234.76,2026-07-24,2026-09-02,2617.38,1163.835,40,1.3333333333333333,1.5,5234.76,3926.07,47112.840000000004,Medium Value,2971,2971
CUST02326,2,4,5232.22,2026-04-17,2026-08-15,2616.11,1498.06,120,4.0,0.5,5232.22,1308.055,15696.66,Medium Value,2972,2972
CUST00661,2,6,5230.139999999999,2025-04-12,2025-07-08,2615.0699999999997,871.69,87,2.9,0.6896551724137931,5230.139999999999,1803.4965517241378,21641.958620689653,Medium Value,2973,2973
CUST02212,2,5,5226.96,2025-05-26,2025-12-31,2613.48,1229.385,219,7.3,0.273972602739726,5226.96,716.0219178082192,8592.26301369863,Medium Value,2974,2974
CUST03574,3,11,5224.09,2025-08-18,2026-06-01,1741.3633333333335,610.75,287,9.566666666666666,0.31358885017421606,5224.09,546.0721254355401,6552.865505226481,Medium Value,2975,2975
CUST03754,3,5,5223.4,2025-02-25,2026-04-13,1741.1333333333332,1066.4733333333334,412,13.733333333333333,0.2184466019417476,5223.4,380.34466019417476,4564.135922330097,Medium Value,2976,2976
CUST01986,3,6,5223.37,2024-12-22,2025-05-19,1741.1233333333332,844.6666666666666,148,4.933333333333334,0.6081081081081081,5223.37,1058.791216216216,12705.494594594593,Medium Value,2977,2977
CUST03212,3,7,5219.42,2025-06-16,2026-08-17,1739.8066666666666,750.3333333333334,427,14.233333333333333,0.2107728337236534,5219.42,366.70398126463704,4400.447775175644,Medium Value,2978,2978
CUST03133,4,6,5219.200000000001,2025-12-03,2026-11-04,1304.8000000000002,818.9200000000001,336,11.2,0.35714285714285715,5219.200000000001,466.0000000000001,5592.000000000002,Medium Value,2979,2979
CUST00215,3,7,5213.26,2025-05-28,2026-07-08,1737.7533333333333,797.4,406,13.533333333333333,0.22167487684729065,5213.26,385.2162561576355,4622.595073891625,Medium Value,2980,2980
CUST04346,2,5,5209.400000000001,2025-06-01,2026-09-24,2604.7000000000003,957.82,480,16.0,0.125,5209.400000000001,325.58750000000003,3907.05,Medium Value,2981,2981
CUST02884,2,5,5209.3099999999995,2025-06-23,2025-09-02,2604.6549999999997,1031.065,71,2.3666666666666667,0.8450704225352113,5209.3099999999995,2201.1169014084503,26413.402816901405,Medium Value,2982,2982
CUST00426,5,11,5208.01,2025-01-16,2026-10-29,1041.602,542.042,651,21.7,0.2304147465437788,5208.01,240.0004608294931,2880.005529953917,Medium Value,2983,2983
CUST01478,3,6,5201.25,2024-12-21,2026-03-29,1733.75,823.5066666666667,463,15.433333333333334,0.19438444924406048,5201.25,337.01403887688986,4044.1684665226785,Medium Value,2984,2984
CUST03479,4,6,5200.52,2024-11-09,2026-10-21,1300.13,940.8925,711,23.7,0.16877637130801687,5200.52,219.431223628692,2633.174683544304,Medium Value,2985,2985
CUST01339,2,4,5196.84,2025-04-28,2026-11-05,2598.42,1299.21,556,18.533333333333335,0.1079136690647482,5196.84,280.405035971223,3364.860431654676,Medium Value,2986,2986
CUST01121,2,4,5196.7,2025-04-25,2025-07-22,2598.35,1299.175,88,2.933333333333333,0.6818181818181819,5196.7,1771.6022727272727,21259.227272727272,Medium Value,2987,2987
CUST00758,4,4,5193.0599999999995,2024-12-11,2026-06-23,1298.2649999999999,1298.2649999999999,559,18.633333333333333,0.21466905187835422,5193.0599999999995,278.6973166368515,3344.367799642218,Medium Value,2988,2988
CUST03339,3,5,5188.67,2025-05-05,2026-05-23,1729.5566666666666,873.2233333333334,383,12.766666666666667,0.23498694516971277,5188.67,406.4232375979112,4877.078851174934,Medium Value,2989,2989
CUST02535,3,9,5187.75,2025-08-22,2026-10-19,1729.25,703.6999999999999,423,14.1,0.2127659574468085,5187.75,367.9255319148936,4415.106382978724,Medium Value,2990,2990
CUST00843,3,8,5183.84,2025-04-04,2026-08-01,1727.9466666666667,806.3166666666666,484,16.133333333333333,0.18595041322314051,5183.84,321.3123966942149,3855.748760330579,Medium Value,2991,2991
CUST01698,4,8,5180.91,2024-12-04,2026-10-11,1295.2275,756.315,676,22.533333333333335,0.17751479289940827,5180.91,229.92204142011832,2759.0644970414196,Medium Value,2992,2992
CUST02740,4,5,5176.12,2025-04-02,2026-08-30,1294.03,902.9625,515,17.166666666666668,0.23300970873786406,5176.12,301.52155339805824,3618.258640776699,Medium Value,2993,2993
CUST04181,2,5,5175.92,2025-01-09,2026-07-21,2587.96,944.74,558,18.6,0.1075268817204301,5175.92,278.2752688172043,3339.3032258064513,Medium Value,2994,2994
CUST01104,4,7,5171.610000000001,2025-01-10,2026-06-07,1292.9025000000001,570.36,513,17.1,0.23391812865497075,5171.610000000001,302.43333333333334,3629.2,Medium Value,2995,2995
CUST03722,2,4,5171.219999999999,2025-08-06,2026-05-10,2585.6099999999997,1129.56,277,9.233333333333333,0.21660649819494587,5171.219999999999,560.0599277978339,6720.719133574006,Medium Value,2996,2996
CUST04956,3,5,5164.86,2025-04-16,2025-07-20,1721.62,1044.6566666666665,95,3.1666666666666665,0.9473684210526316,5164.86,1631.0084210526315,19572.10105263158,Medium Value,2997,2997
CUST04035,4,4,5160.82,2025-10-17,2026-07-30,1290.205,1290.205,286,9.533333333333333,0.4195804195804196,5160.82,541.3447552447552,6496.137062937063,Medium Value,2998,2998
CUST02899,2,5,5160.6900000000005,2026-07-26,2026-09-04,2580.3450000000003,1038.71,40,1.3333333333333333,1.5,5160.6900000000005,3870.5175000000004,46446.21000000001,Medium Value,2999,2999
CUST04146,1,3,5152.35,2025-03-04,2025-03-04,5152.35,1717.45,0,0.0,1.0,5152.35,5152.35,61828.200000000004,Medium Value,3000,3000
CUST04442,3,8,5150.049999999999,2025-04-30,2025-08-27,1716.6833333333332,805.68,119,3.966666666666667,0.7563025210084033,5150.049999999999,1298.331932773109,15579.983193277309,Medium Value,3001,3001
CUST02792,1,4,5148.96,2025-10-27,2025-10-27,5148.96,1287.24,0,0.0,1.0,5148.96,5148.96,61787.520000000004,Medium Value,3002,3002
CUST00549,2,4,5148.610000000001,2024-12-21,2025-04-17,2574.3050000000003,1009.995,117,3.9,0.5128205128205129,5148.610000000001,1320.1564102564105,15841.876923076925,Medium Value,3003,3003
CUST03197,2,7,5147.98,2025-04-10,2026-06-13,2573.99,802.62,429,14.3,0.13986013986013984,5147.98,359.99860139860135,4319.983216783216,Medium Value,3004,3004
CUST04122,4,7,5146.9,2025-02-10,2026-09-09,1286.725,808.9324999999999,576,19.2,0.20833333333333334,5146.9,268.0677083333333,3216.8125,Medium Value,3005,3005
CUST03839,3,4,5145.24,2024-12-02,2026-06-13,1715.08,1110.0533333333333,558,18.6,0.16129032258064516,5145.24,276.62580645161285,3319.5096774193544,Medium Value,3006,3006
CUST00550,4,6,5143.77,2025-01-20,2026-10-27,1285.9425,888.7275,645,21.5,0.18604651162790697,5143.77,239.24511627906978,2870.9413953488374,Medium Value,3007,3007
CUST01000,3,5,5143.68,2025-04-18,2026-10-02,1714.5600000000002,957.6300000000001,532,17.733333333333334,0.16917293233082706,5143.68,290.0571428571429,3480.6857142857143,Medium Value,3008,3008
CUST04561,2,4,5140.4400000000005,2024-12-27,2026-07-18,2570.2200000000003,1365.81,568,18.933333333333334,0.1056338028169014,5140.4400000000005,271.50211267605636,3258.025352112676,Medium Value,3009,3009
CUST03700,1,4,5140.08,2026-08-15,2026-08-15,5140.08,1285.02,0,0.0,1.0,5140.08,5140.08,61680.96,Medium Value,3010,3010
CUST00062,3,5,5139.360000000001,2024-12-13,2026-05-03,1713.1200000000001,929.7400000000001,506,16.866666666666667,0.17786561264822134,5139.360000000001,304.70513833992095,3656.4616600790514,Medium Value,3011,3011
CUST02522,1,3,5136.75,2025-08-22,2025-08-22,5136.75,1712.25,0,0.0,1.0,5136.75,5136.75,61641.0,Medium Value,3012,3012
CUST01769,4,5,5134.22,2025-06-29,2026-08-06,1283.555,1062.72,403,13.433333333333334,0.2977667493796526,5134.22,382.2,4586.4,Medium Value,3013,3013
CUST03891,2,7,5132.110000000001,2025-08-29,2026-03-31,2566.0550000000003,747.73,214,7.133333333333334,0.2803738317757009,5132.110000000001,719.4546728971962,8633.456074766355,Medium Value,3014,3014
CUST02159,3,5,5131.99,2025-01-17,2025-05-20,1710.6633333333332,937.9366666666666,123,4.1,0.7317073170731708,5131.99,1251.7048780487805,15020.458536585367,Medium Value,3015,3015
CUST02616,3,5,5129.31,2025-06-10,2026-08-09,1709.7700000000002,1014.2366666666667,425,14.166666666666666,0.21176470588235294,5129.31,362.0689411764706,4344.827294117647,Medium Value,3016,3016
CUST04384,3,9,5125.650000000001,2025-02-25,2026-10-09,1708.5500000000002,607.0266666666666,591,19.7,0.15228426395939088,5125.650000000001,260.1852791878173,3122.2233502538074,Medium Value,3017,3017
CUST01438,3,4,5120.78,2025-03-07,2026-09-01,1706.9266666666665,1200.5066666666667,543,18.1,0.16574585635359115,5120.78,282.9160220994475,3394.9922651933703,Medium Value,3018,3018
CUST01397,4,6,5105.79,2025-01-04,2026-05-15,1276.4475,905.5649999999999,496,16.533333333333335,0.24193548387096772,5105.79,308.81794354838706,3705.8153225806445,Medium Value,3019,3019
CUST03933,3,5,5104.3,2025-06-25,2026-12-24,1701.4333333333334,1146.9666666666667,547,18.233333333333334,0.16453382084095064,5104.3,279.9433272394881,3359.319926873857,Medium Value,3020,3020
CUST03360,2,7,5103.25,2026-08-02,2026-11-15,2551.625,750.69,105,3.5,0.5714285714285714,5103.25,1458.0714285714287,17496.857142857145,Medium Value,3021,3021
CUST04897,2,4,5093.46,2026-08-27,2026-09-13,2546.73,1342.71,17,0.5666666666666667,2.0,5093.46,5093.46,61121.520000000004,Medium Value,3022,3022
CUST01164,1,4,5092.08,2026-09-28,2026-09-28,5092.08,1273.02,0,0.0,1.0,5092.08,5092.08,61104.96,Medium Value,3023,3023
CUST01744,6,8,5086.030000000001,2025-05-17,2026-09-16,847.6716666666667,709.8850000000001,487,16.233333333333334,0.36960985626283366,5086.030000000001,313.30780287474335,3759.69363449692,Medium Value,3024,3024
CUST01751,3,4,5082.93,2024-11-12,2026-05-21,1694.3100000000002,1314.67,555,18.5,0.16216216216216217,5082.93,274.752972972973,3297.035675675676,Medium Value,3025,3025
CUST00689,1,3,5082.84,2025-09-14,2025-09-14,5082.84,1694.28,0,0.0,1.0,5082.84,5082.84,60994.08,Medium Value,3026,3026
CUST00321,4,5,5082.13,2025-01-09,2026-07-08,1270.5325,1120.8375,545,18.166666666666668,0.2201834862385321,5082.13,279.7502752293578,3357.003302752293,Medium Value,3027,3027
CUST01349,3,7,5082.03,2024-11-14,2026-12-07,1694.01,789.59,753,25.1,0.1195219123505976,5082.03,202.47131474103583,2429.65577689243,Medium Value,3028,3028
CUST03880,1,5,5081.6,2025-06-13,2025-06-13,5081.6,1016.32,0,0.0,1.0,5081.6,5081.6,60979.200000000004,Medium Value,3029,3029
CUST04032,2,5,5081.099999999999,2026-01-06,2026-09-04,2540.5499999999997,989.385,241,8.033333333333333,0.24896265560165975,5081.099999999999,632.5020746887966,7590.024896265559,Medium Value,3030,3030
CUST01897,2,4,5077.55,2026-08-10,2026-10-14,2538.775,1174.325,65,2.1666666666666665,0.9230769230769231,5077.55,2343.4846153846156,28121.815384615387,Medium Value,3031,3031
CUST02892,2,7,5075.74,2025-01-30,2026-06-22,2537.87,705.325,508,16.933333333333334,0.11811023622047244,5075.74,299.74842519685035,3596.981102362204,Medium Value,3032,3032
CUST04148,2,4,5075.7,2025-12-11,2026-07-05,2537.85,1268.925,206,6.866666666666666,0.29126213592233013,5075.7,739.1796116504854,8870.155339805824,Medium Value,3033,3033
CUST03354,4,6,5066.84,2024-11-26,2025-12-09,1266.71,799.995,378,12.6,0.31746031746031744,5066.84,402.13015873015877,4825.561904761906,Medium Value,3034,3034
CUST00165,3,8,5065.9400000000005,2025-04-09,2026-01-13,1688.6466666666668,752.6066666666667,279,9.3,0.3225806451612903,5065.9400000000005,544.7247311827957,6536.696774193549,Medium Value,3035,3035
CUST04360,3,6,5065.57,2025-09-15,2026-06-24,1688.5233333333333,621.5233333333333,282,9.4,0.3191489361702127,5065.57,538.8904255319148,6466.685106382978,Medium Value,3036,3036
CUST03291,3,5,5062.97,2025-01-10,2026-03-14,1687.6566666666668,1031.5166666666667,428,14.266666666666667,0.2102803738317757,5062.97,354.88107476635514,4258.572897196262,Medium Value,3037,3037
CUST00369,1,5,5060.2,2025-05-27,2025-05-27,5060.2,1012.04,0,0.0,1.0,5060.2,5060.2,60722.399999999994,Medium Value,3038,3038
CUST02385,4,5,5060.08,2025-03-11,2026-08-05,1265.02,1001.8050000000001,512,17.066666666666666,0.234375,5060.08,296.4890625,3557.8687499999996,Medium Value,3039,3039
CUST01111,2,4,5058.41,2025-11-26,2026-01-15,2529.205,1213.895,50,1.6666666666666667,1.2,5058.41,3035.046,36420.551999999996,Medium Value,3040,3040
CUST04728,3,6,5057.61,2026-04-18,2026-09-22,1685.87,885.57,157,5.233333333333333,0.5732484076433121,5057.61,966.4222929936305,11597.067515923567,Medium Value,3041,3041
CUST00421,3,5,5052.09,2025-01-01,2026-06-06,1684.03,956.3566666666667,521,17.366666666666667,0.1727447216890595,5052.09,290.9072936660269,3490.8875239923227,Medium Value,3042,3042
CUST01642,4,5,5051.88,2024-12-15,2026-04-20,1262.97,984.23,491,16.366666666666667,0.24439918533604887,5051.88,308.66883910386963,3704.0260692464353,Medium Value,3043,3043
CUST03651,2,6,5051.469999999999,2024-12-04,2026-08-19,2525.7349999999997,1071.455,623,20.766666666666666,0.09630818619582665,5051.469999999999,243.24895666131619,2918.987479935794,Medium Value,3044,3044
CUST03622,4,5,5048.87,2025-07-25,2026-08-19,1262.2175,1075.5025,390,13.0,0.3076923076923077,5048.87,388.37461538461537,4660.495384615384,Medium Value,3045,3045
CUST03215,4,8,5046.46,2025-03-07,2026-07-15,1261.615,790.94,495,16.5,0.24242424242424243,5046.46,305.84606060606063,3670.1527272727276,Medium Value,3046,3046
CUST03704,3,4,5045.71,2025-06-20,2025-12-08,1681.9033333333334,1382.9033333333334,171,5.7,0.5263157894736842,5045.71,885.2122807017544,10622.547368421052,Medium Value,3047,3047
CUST03780,2,3,5044.54,2025-03-09,2025-11-28,2522.27,1710.8899999999999,264,8.8,0.22727272727272727,5044.54,573.2431818181818,6878.918181818182,Medium Value,3048,3048
CUST02270,2,5,5040.36,2025-07-31,2026-11-03,2520.18,1004.2049999999999,460,15.333333333333334,0.13043478260869565,5040.36,328.7191304347826,3944.6295652173912,Medium Value,3049,3049
CUST04661,4,9,5040.32,2025-09-04,2026-06-16,1260.08,693.455,285,9.5,0.42105263157894735,5040.32,530.56,6366.719999999999,Medium Value,3050,3050
CUST01240,4,6,5031.549999999999,2025-08-21,2026-10-17,1257.8874999999998,905.4649999999999,422,14.066666666666666,0.2843601895734597,5031.549999999999,357.69312796208527,4292.317535545023,Medium Value,3051,3051
CUST02019,2,5,5031.219999999999,2025-02-05,2025-11-08,2515.6099999999997,947.66,276,9.2,0.2173913043478261,5031.219999999999,546.8717391304348,6562.460869565217,Medium Value,3052,3052
CUST01486,2,5,5030.84,2026-04-26,2026-08-22,2515.42,1342.3899999999999,118,3.933333333333333,0.5084745762711864,5030.84,1279.027118644068,15348.325423728817,Medium Value,3053,3053
CUST01746,2,4,5029.790000000001,2025-01-15,2026-02-24,2514.8950000000004,1135.3049999999998,405,13.5,0.14814814814814814,5029.790000000001,372.5770370370371,4470.924444444445,Medium Value,3054,3054
CUST01815,3,6,5029.51,2025-10-09,2026-11-11,1676.5033333333333,809.8533333333334,398,13.266666666666667,0.22613065326633164,5029.51,379.1087939698492,4549.305527638191,Medium Value,3055,3055
CUST02027,4,5,5029.32,2025-05-05,2026-08-19,1257.33,939.9449999999999,471,15.7,0.25477707006369427,5029.32,320.33885350318474,3844.066242038217,Medium Value,3056,3056
CUST01660,4,7,5028.79,2024-11-30,2026-11-01,1257.1975,768.2625,701,23.366666666666667,0.17118402282453637,5028.79,215.21212553495008,2582.545506419401,Medium Value,3057,3057
CUST02224,4,5,5025.56,2024-11-22,2026-12-29,1256.39,916.6075,767,25.566666666666666,0.15645371577574968,5025.56,196.56688396349415,2358.80260756193,Medium Value,3058,3058
CUST03852,6,7,5025.179999999999,2025-01-27,2026-09-27,837.5299999999999,694.055,608,20.266666666666666,0.2960526315789474,5025.179999999999,247.95296052631576,2975.435526315789,Medium Value,3059,3059
CUST03545,2,5,5023.14,2024-11-20,2025-03-02,2511.57,1037.9650000000001,102,3.4,0.5882352941176471,5023.14,1477.394117647059,17728.729411764707,Medium Value,3060,3060
CUST01460,2,6,5022.84,2025-01-10,2025-05-27,2511.42,837.14,137,4.566666666666666,0.43795620437956206,5022.84,1099.8919708029198,13198.703649635037,Medium Value,3061,3061
CUST00867,2,6,5021.9400000000005,2026-03-02,2026-10-18,2510.9700000000003,1263.95,230,7.666666666666667,0.2608695652173913,5021.9400000000005,655.035652173913,7860.427826086956,Medium Value,3062,3062
CUST00240,5,7,5020.27,2025-01-14,2026-07-01,1004.0540000000001,733.286,533,17.766666666666666,0.28142589118198874,5020.27,282.56679174484054,3390.8015009380865,Medium Value,3063,3063
CUST04208,3,5,5018.450000000001,2025-05-18,2026-02-19,1672.8166666666668,1090.75,277,9.233333333333333,0.3249097472924188,5018.450000000001,543.5144404332132,6522.173285198558,Medium Value,3064,3064
CUST01244,4,5,5017.46,2025-01-20,2026-09-04,1254.365,1000.325,592,19.733333333333334,0.2027027027027027,5017.46,254.26317567567565,3051.1581081081076,Medium Value,3065,3065
CUST01667,4,7,5014.9800000000005,2024-12-04,2026-09-05,1253.7450000000001,820.925,640,21.333333333333332,0.1875,5014.9800000000005,235.07718750000004,2820.9262500000004,Medium Value,3066,3066
CUST03050,1,4,5012.64,2025-11-05,2025-11-05,5012.64,1253.16,0,0.0,1.0,5012.64,5012.64,60151.68000000001,Medium Value,3067,3067
CUST00103,3,5,5010.75,2025-05-15,2026-04-22,1670.25,967.0366666666667,342,11.4,0.2631578947368421,5010.75,439.5394736842105,5274.473684210527,Medium Value,3068,3068
CUST04524,3,5,5010.57,2025-05-25,2026-07-06,1670.1899999999998,958.2766666666666,407,13.566666666666666,0.22113022113022113,5010.57,369.32948402948404,4431.953808353808,Medium Value,3069,3069
CUST02778,5,5,5008.68,2025-09-06,2026-05-16,1001.7360000000001,1001.7360000000001,252,8.4,0.5952380952380952,5008.68,596.2714285714286,7155.257142857143,Medium Value,3070,3070
CUST04503,3,5,5007.92,2024-12-05,2026-03-28,1669.3066666666666,1045.54,478,15.933333333333334,0.18828451882845187,5007.92,314.30460251046026,3771.6552301255233,Medium Value,3071,3071
CUST00615,5,6,5001.01,2025-03-23,2025-12-12,1000.202,926.5799999999999,264,8.8,0.5681818181818181,5001.01,568.2965909090909,6819.5590909090915,Medium Value,3072,3072
CUST00997,3,5,4999.8099999999995,2026-06-19,2026-11-03,1666.6033333333332,925.59,137,4.566666666666666,0.6569343065693432,4999.8099999999995,1094.848905109489,13138.186861313867,Medium Value,3073,3073
CUST01576,4,7,4994.469999999999,2025-10-14,2026-09-06,1248.6174999999998,938.29,327,10.9,0.36697247706422015,4994.469999999999,458.20825688073387,5498.499082568806,Medium Value,3074,3074
CUST04724,2,7,4992.15,2026-04-18,2026-06-19,2496.075,698.685,62,2.066666666666667,0.9677419354838709,4992.15,2415.556451612903,28986.677419354834,Medium Value,3075,3075
CUST04582,4,4,4991.38,2025-05-11,2026-08-08,1247.845,1247.845,454,15.133333333333333,0.2643171806167401,4991.38,329.82687224669604,3957.9224669603527,Medium Value,3076,3076
CUST01624,3,8,4991.27,2025-05-29,2026-06-08,1663.756666666667,547.1966666666667,375,12.5,0.24,4991.27,399.3016,4791.6192,Medium Value,3077,3077
CUST04156,4,10,4990.95,2025-01-09,2025-10-12,1247.7375,493.05249999999995,276,9.2,0.4347826086956522,4990.95,542.4945652173914,6509.934782608696,Medium Value,3078,3078
CUST04464,2,7,4985.4800000000005,2025-09-18,2026-10-02,2492.7400000000002,705.6500000000001,379,12.633333333333333,0.158311345646438,4985.4800000000005,394.6290237467019,4735.548284960422,Medium Value,3079,3079
CUST02542,3,4,4984.23,2025-03-29,2026-03-18,1661.4099999999999,1146.56,354,11.8,0.2542372881355932,4984.23,422.39237288135587,5068.70847457627,Medium Value,3080,3080
CUST00210,1,3,4983.75,2025-05-09,2025-05-09,4983.75,1661.25,0,0.0,1.0,4983.75,4983.75,59805.0,Medium Value,3081,3081
CUST04170,2,3,4980.67,2025-04-29,2026-04-09,2490.335,1622.9,345,11.5,0.17391304347826086,4980.67,433.1017391304348,5197.220869565217,Medium Value,3082,3082
CUST04978,4,4,4978.3,2025-06-26,2025-11-20,1244.575,1244.575,147,4.9,0.8163265306122448,4978.3,1015.9795918367347,12191.755102040817,Medium Value,3083,3083
CUST04411,3,6,4975.79,2025-11-19,2026-10-16,1658.5966666666666,1320.7066666666667,331,11.033333333333333,0.2719033232628399,4975.79,450.97794561933534,5411.735347432024,Medium Value,3084,3084
CUST04963,3,7,4970.639999999999,2025-05-06,2026-01-10,1656.8799999999999,886.4966666666666,249,8.3,0.36144578313253006,4970.639999999999,598.8722891566264,7186.467469879517,Medium Value,3085,3085
CUST03854,4,7,4970.4400000000005,2024-12-25,2026-11-25,1242.6100000000001,989.5675,700,23.333333333333332,0.17142857142857143,4970.4400000000005,213.01885714285717,2556.226285714286,Medium Value,3086,3086
CUST00364,4,5,4967.58,2024-12-15,2026-01-05,1241.895,984.52,386,12.866666666666667,0.31088082901554404,4967.58,386.08134715025903,4632.976165803108,Medium Value,3087,3087
CUST00718,4,7,4967.32,2025-02-11,2026-04-19,1241.83,829.8,432,14.4,0.2777777777777778,4967.32,344.9527777777777,4139.4333333333325,Medium Value,3088,3088
CUST00767,4,4,4965.450000000001,2026-01-07,2026-11-30,1241.3625000000002,1241.3625000000002,327,10.9,0.36697247706422015,4965.450000000001,455.5458715596331,5466.550458715597,Medium Value,3089,3089
CUST02545,5,5,4954.1900000000005,2025-01-30,2026-08-07,990.8380000000001,990.8380000000001,554,18.466666666666665,0.27075812274368233,4954.1900000000005,268.2774368231047,3219.3292418772567,Medium Value,3090,3090
CUST04495,4,5,4950.89,2026-01-16,2026-09-15,1237.7225,1139.645,242,8.066666666666666,0.49586776859504134,4950.89,613.7466942148761,7364.960330578513,Medium Value,3091,3091
CUST01872,2,4,4948.389999999999,2025-02-07,2025-05-16,2474.1949999999997,1250.635,98,3.2666666666666666,0.6122448979591837,4948.389999999999,1514.8132653061223,18177.75918367347,Medium Value,3092,3092
CUST04043,2,3,4945.43,2026-02-26,2026-05-31,2472.715,1684.38,94,3.1333333333333333,0.6382978723404256,4945.43,1578.3287234042555,18939.944680851066,Medium Value,3093,3093
CUST01770,3,6,4945.360000000001,2025-01-17,2026-08-17,1648.4533333333336,844.1233333333333,577,19.233333333333334,0.1559792027729636,4945.360000000001,257.1244367417678,3085.4932409012135,Medium Value,3094,3094
CUST02656,3,6,4945.110000000001,2026-03-13,2026-10-28,1648.3700000000001,715.2066666666666,229,7.633333333333334,0.3930131004366812,4945.110000000001,647.8310043668123,7773.9720524017475,Medium Value,3095,3095
CUST03260,2,4,4939.28,2025-02-24,2026-09-10,2469.64,1326.3899999999999,563,18.766666666666666,0.10657193605683837,4939.28,263.1943161634103,3158.3317939609233,Medium Value,3096,3096
CUST03718,2,3,4937.05,2025-07-28,2026-01-08,2468.525,1466.005,164,5.466666666666667,0.36585365853658536,4937.05,903.1189024390244,10837.426829268294,Medium Value,3097,3097
CUST03057,1,4,4936.4,2025-03-02,2025-03-02,4936.4,1234.1,0,0.0,1.0,4936.4,4936.4,59236.799999999996,Medium Value,3098,3098
CUST03625,3,6,4932.61,2025-05-14,2025-12-18,1644.2033333333331,683.6966666666666,218,7.266666666666667,0.41284403669724773,4932.61,678.7995412844036,8145.594495412844,Medium Value,3099,3099
CUST00397,3,6,4930.42,2025-07-01,2026-01-22,1643.4733333333334,819.2666666666668,205,6.833333333333333,0.43902439024390244,4930.42,721.5248780487806,8658.298536585367,Medium Value,3100,3100
CUST03695,2,6,4928.2,2025-07-28,2026-06-22,2464.1,916.8399999999999,329,10.966666666666667,0.182370820668693,4928.2,449.37993920972644,5392.559270516717,Medium Value,3101,3101
CUST03497,3,5,4927.76,2025-01-12,2026-07-20,1642.5866666666668,1039.1866666666667,554,18.466666666666665,0.1624548736462094,4927.76,266.8462093862816,3202.1545126353794,Medium Value,3102,3102
CUST03653,2,5,4921.4,2025-05-06,2025-12-03,2460.7,1006.2249999999999,211,7.033333333333333,0.2843601895734597,4921.4,699.7251184834123,8396.701421800948,Medium Value,3103,3103
CUST01595,2,4,4921.38,2024-12-28,2025-11-01,2460.69,1230.345,308,10.266666666666667,0.1948051948051948,4921.38,479.3551948051948,5752.262337662338,Medium Value,3104,3104
CUST04779,2,4,4921.1,2025-08-06,2025-09-08,2460.55,1230.275,33,1.1,1.8181818181818181,4921.1,4473.727272727273,53684.72727272728,Medium Value,3105,3105
CUST00568,4,10,4920.219999999999,2025-02-17,2026-06-27,1230.0549999999998,651.255,495,16.5,0.24242424242424243,4920.219999999999,298.19515151515145,3578.3418181818174,Medium Value,3106,3106
CUST00643,3,7,4918.68,2025-10-30,2026-07-15,1639.5600000000002,808.0133333333333,258,8.6,0.3488372093023256,4918.68,571.939534883721,6863.274418604651,Medium Value,3107,3107
CUST04509,2,3,4917.35,2024-11-24,2025-05-31,2458.675,1521.06,188,6.266666666666667,0.3191489361702128,4917.35,784.6835106382979,9416.202127659575,Medium Value,3108,3108
CUST01515,1,3,4916.55,2025-08-26,2025-08-26,4916.55,1638.85,0,0.0,1.0,4916.55,4916.55,58998.600000000006,Medium Value,3109,3109
CUST02583,5,6,4912.6,2025-01-19,2026-09-11,982.5200000000001,902.186,600,20.0,0.25,4912.6,245.63000000000002,2947.5600000000004,Medium Value,3110,3110
CUST00934,2,4,4910.02,2024-12-27,2026-11-10,2455.01,1227.505,683,22.766666666666666,0.08784773060029283,4910.02,215.6670571010249,2588.0046852122987,Medium Value,3111,3111
CUST04222,2,5,4907.110000000001,2025-08-08,2026-04-28,2453.5550000000003,885.4850000000001,263,8.766666666666667,0.22813688212927755,4907.110000000001,559.7463878326996,6716.956653992395,Medium Value,3112,3112
CUST00782,5,7,4906.75,2025-05-07,2026-10-02,981.35,595.21,513,17.1,0.29239766081871343,4906.75,286.9444444444444,3443.333333333333,Medium Value,3113,3113
CUST00385,2,5,4900.16,2025-02-19,2026-10-17,2450.08,940.495,605,20.166666666666668,0.09917355371900825,4900.16,242.98314049586776,2915.7976859504133,Medium Value,3114,3114
CUST04175,4,5,4893.53,2025-02-05,2026-11-07,1223.3825,919.8125,640,21.333333333333332,0.1875,4893.53,229.38421875,2752.6106250000003,Medium Value,3115,3115
CUST04726,4,5,4887.28,2025-12-04,2026-08-12,1221.82,1011.285,251,8.366666666666667,0.4780876494023904,4887.28,584.1370517928286,7009.644621513944,Medium Value,3116,3116
CUST04717,2,6,4886.18,2026-01-24,2026-07-13,2443.09,791.665,170,5.666666666666667,0.3529411764705882,4886.18,862.2670588235294,10347.204705882352,Medium Value,3117,3117
CUST03223,3,4,4881.96,2025-02-27,2026-12-12,1627.32,1131.2233333333334,653,21.766666666666666,0.13782542113323124,4881.96,224.28606431852987,2691.4327718223585,Medium Value,3118,3118
CUST03222,4,5,4879.19,2025-02-19,2026-10-07,1219.7975,928.145,595,19.833333333333332,0.20168067226890757,4879.19,246.00957983193277,2952.114957983193,Medium Value,3119,3119
CUST02054,2,4,4877.67,2025-03-06,2025-11-12,2438.835,1020.015,251,8.366666666666667,0.2390438247011952,4877.67,582.9884462151394,6995.861354581673,Medium Value,3120,3120
CUST02699,3,7,4876.41,2025-05-03,2026-04-22,1625.47,718.1233333333333,354,11.8,0.2542372881355932,4876.41,413.2550847457627,4959.061016949152,Medium Value,3121,3121
CUST04815,3,4,4873.14,2025-12-31,2026-04-11,1624.38,1120.05,101,3.3666666666666667,0.8910891089108911,4873.14,1447.4673267326734,17369.60792079208,Medium Value,3122,3122
CUST04137,1,4,4862.84,2026-09-30,2026-09-30,4862.84,1215.71,0,0.0,1.0,4862.84,4862.84,58354.08,Medium Value,3123,3123
CUST02486,4,7,4859.3,2025-01-30,2026-03-13,1214.825,753.21,407,13.566666666666666,0.29484029484029484,4859.3,358.1793611793612,4298.152334152334,Medium Value,3124,3124
CUST03951,4,5,4858.79,2025-01-31,2026-08-25,1214.6975,984.9725000000001,571,19.033333333333335,0.21015761821366022,4858.79,255.27793345008754,3063.3352014010507,Medium Value,3125,3125
CUST02885,1,4,4856.36,2025-09-07,2025-09-07,4856.36,1214.09,0,0.0,1.0,4856.36,4856.36,58276.31999999999,Medium Value,3126,3126
CUST04887,5,7,4855.22,2024-12-12,2026-01-09,971.0440000000001,791.456,393,13.1,0.3816793893129771,4855.22,370.62748091603055,4447.529770992367,Medium Value,3127,3127
CUST00882,4,6,4853.34,2025-04-13,2026-11-13,1213.335,778.7425000000001,579,19.3,0.20725388601036268,4853.34,251.46839378238343,3017.6207253886014,Medium Value,3128,3128
CUST04198,2,7,4852.82,2026-07-01,2026-07-25,2426.41,746.34,24,0.8,2.0,4852.82,4852.82,58233.84,Medium Value,3129,3129
CUST03097,2,5,4851.33,2025-11-07,2026-06-26,2425.665,983.72,231,7.7,0.2597402597402597,4851.33,630.0428571428571,7560.5142857142855,Medium Value,3130,3130
CUST00116,2,6,4846.0,2025-04-23,2026-05-29,2423.0,710.95,401,13.366666666666667,0.14962593516209477,4846.0,362.5436408977556,4350.523690773067,Medium Value,3131,3131
CUST03232,2,4,4845.25,2025-02-03,2026-05-19,2422.625,945.155,470,15.666666666666666,0.12765957446808512,4845.25,309.27127659574467,3711.255319148936,Medium Value,3132,3132
CUST02271,2,4,4841.02,2026-01-06,2026-06-30,2420.51,1210.255,175,5.833333333333333,0.34285714285714286,4841.02,829.8891428571429,9958.669714285716,Medium Value,3133,3133
CUST03404,1,5,4841.0,2026-07-14,2026-07-14,4841.0,968.2,0,0.0,1.0,4841.0,4841.0,58092.0,Medium Value,3134,3134
CUST04829,2,5,4840.73,2025-07-07,2025-11-02,2420.365,1075.15,118,3.933333333333333,0.5084745762711864,4840.73,1230.6940677966102,14768.328813559321,Medium Value,3135,3135
CUST01552,2,3,4833.82,2025-08-01,2026-11-05,2416.91,1510.76,461,15.366666666666667,0.1301518438177874,4833.82,314.56529284164856,3774.7835140997827,Medium Value,3136,3136
CUST01023,3,4,4831.79,2025-08-26,2025-11-12,1610.5966666666666,1114.97,78,2.6,1.1538461538461537,4831.79,1858.3807692307691,22300.56923076923,Medium Value,3137,3137
CUST02267,3,5,4829.700000000001,2025-07-12,2026-12-10,1609.9000000000003,972.8000000000001,516,17.2,0.1744186046511628,4829.700000000001,280.796511627907,3369.5581395348845,Medium Value,3138,3138
CUST04833,4,4,4825.87,2024-12-08,2026-08-23,1206.4675,1206.4675,623,20.766666666666666,0.1926163723916533,4825.87,232.38539325842697,2788.6247191011234,Medium Value,3139,3139
CUST04942,4,5,4825.65,2025-09-16,2026-11-06,1206.4125,1007.4925,416,13.866666666666667,0.28846153846153844,4825.65,348.0036057692307,4176.043269230769,Medium Value,3140,3140
CUST03764,2,6,4825.32,2025-04-04,2026-07-30,2412.66,723.02,482,16.066666666666666,0.12448132780082988,4825.32,300.3311203319502,3603.973443983403,Medium Value,3141,3141
CUST01005,2,6,4817.25,2025-04-11,2025-11-29,2408.625,647.325,232,7.733333333333333,0.25862068965517243,4817.25,622.9202586206897,7475.043103448275,Medium Value,3142,3142
CUST03315,1,5,4814.95,2025-02-17,2025-02-17,4814.95,962.99,0,0.0,1.0,4814.95,4814.95,57779.399999999994,Medium Value,3143,3143
CUST03448,3,7,4814.31,2025-06-08,2026-10-12,1604.7700000000002,616.4166666666666,491,16.366666666666667,0.18329938900203666,4814.31,294.1533604887984,3529.840325865581,Medium Value,3144,3144
CUST04687,4,5,4812.0,2025-10-25,2026-08-19,1203.0,984.885,298,9.933333333333334,0.40268456375838924,4812.0,484.4295302013423,5813.154362416108,Medium Value,3145,3145
CUST02499,1,4,4808.68,2026-01-30,2026-01-30,4808.68,1202.17,0,0.0,1.0,4808.68,4808.68,57704.16,Medium Value,3146,3146
CUST01144,3,4,4807.91,2025-12-06,2026-08-12,1602.6366666666665,1142.7166666666667,249,8.3,0.36144578313253006,4807.91,579.2662650602409,6951.195180722891,Medium Value,3147,3147
CUST03585,2,3,4805.780000000001,2024-11-25,2025-07-04,2402.8900000000003,1507.4250000000002,221,7.366666666666666,0.2714932126696833,4805.780000000001,652.3683257918553,7828.419909502264,Medium Value,3148,3148
CUST03961,3,5,4803.6900000000005,2025-05-30,2026-07-08,1601.2300000000002,823.0366666666667,404,13.466666666666667,0.22277227722772278,4803.6900000000005,356.70965346534655,4280.515841584159,Medium Value,3149,3149
CUST01654,4,5,4803.13,2025-01-03,2026-01-01,1200.7825,989.1125,363,12.1,0.3305785123966942,4803.13,396.9528925619835,4763.4347107438025,Medium Value,3150,3150
CUST01500,6,6,4796.87,2025-05-14,2026-08-09,799.4783333333334,799.4783333333334,452,15.066666666666666,0.39823008849557523,4796.87,318.3763274336283,3820.5159292035396,Medium Value,3151,3151
CUST04540,3,5,4792.83,2025-03-14,2026-06-24,1597.61,906.2833333333333,467,15.566666666666666,0.19271948608137046,4792.83,307.89057815845825,3694.686937901499,Medium Value,3152,3152
CUST00335,2,5,4791.5599999999995,2026-04-27,2026-09-08,2395.7799999999997,972.01,134,4.466666666666667,0.44776119402985076,4791.5599999999995,1072.7373134328357,12872.847761194029,Medium Value,3153,3153
CUST00693,3,6,4790.42,2025-07-15,2026-01-11,1596.8066666666666,749.0366666666667,180,6.0,0.5,4790.42,798.4033333333333,9580.84,Medium Value,3154,3154
CUST00577,2,4,4789.610000000001,2025-04-10,2025-09-16,2394.8050000000003,989.275,159,5.3,0.37735849056603776,4789.610000000001,903.7000000000002,10844.400000000001,Medium Value,3155,3155
CUST03007,2,4,4788.76,2025-05-19,2025-10-22,2394.38,1262.78,156,5.2,0.3846153846153846,4788.76,920.9153846153846,11050.984615384616,Medium Value,3156,3156
CUST04238,4,5,4786.19,2024-11-29,2026-08-17,1196.5475,891.8924999999999,626,20.866666666666667,0.19169329073482427,4786.19,229.37012779552714,2752.4415335463254,Medium Value,3157,3157
CUST02067,4,8,4785.62,2025-12-23,2026-09-07,1196.405,586.2925,258,8.6,0.46511627906976744,4785.62,556.4674418604651,6677.609302325582,Medium Value,3158,3158
CUST01929,2,4,4783.16,2025-05-10,2025-11-22,2391.58,1209.13,196,6.533333333333333,0.30612244897959184,4783.16,732.1163265306122,8785.395918367347,Medium Value,3159,3159
CUST02893,3,4,4777.24,2025-04-27,2026-07-19,1592.4133333333332,1132.5233333333333,448,14.933333333333334,0.20089285714285715,4777.24,319.90446428571425,3838.853571428571,Medium Value,3160,3160
CUST03028,3,8,4776.72,2025-02-22,2025-09-09,1592.24,586.0466666666666,199,6.633333333333334,0.4522613065326633,4776.72,720.1085427135679,8641.302512562816,Medium Value,3161,3161
CUST01501,2,3,4776.24,2025-11-18,2026-01-28,2388.12,1508.4050000000002,71,2.3666666666666667,0.8450704225352113,4776.24,2018.1295774647886,24217.55492957746,Medium Value,3162,3162
CUST03960,3,7,4776.01,2025-05-06,2026-04-12,1592.0033333333333,826.9433333333333,341,11.366666666666667,0.26392961876832843,4776.01,420.1768328445748,5042.121994134897,Medium Value,3163,3163
CUST01596,2,6,4774.88,2024-12-19,2026-07-08,2387.44,689.395,566,18.866666666666667,0.10600706713780919,4774.88,253.08551236749116,3037.0261484098937,Medium Value,3164,3164
CUST02528,3,5,4771.85,2025-02-26,2026-07-14,1590.6166666666668,931.0633333333334,503,16.766666666666666,0.17892644135188868,4771.85,284.60337972167,3415.24055666004,Medium Value,3165,3165
CUST04923,3,5,4768.99,2025-01-24,2026-02-07,1589.6633333333332,941.6166666666668,379,12.633333333333333,0.237467018469657,4768.99,377.49261213720314,4529.911345646437,Medium Value,3166,3166
CUST02377,3,5,4768.389999999999,2024-12-14,2025-03-06,1589.4633333333331,840.21,82,2.7333333333333334,1.0975609756097562,4768.389999999999,1744.532926829268,20934.395121951216,Medium Value,3167,3167
CUST01840,2,5,4762.950000000001,2025-02-17,2026-08-27,2381.4750000000004,865.32,556,18.533333333333335,0.1079136690647482,4762.950000000001,256.99370503597123,3083.9244604316546,Medium Value,3168,3168
CUST00342,2,5,4759.7699999999995,2025-09-17,2026-08-01,2379.8849999999998,915.045,318,10.6,0.18867924528301888,4759.7699999999995,449.0349056603773,5388.418867924528,Medium Value,3169,3169
CUST02213,3,6,4759.38,2025-11-24,2026-11-22,1586.46,832.52,363,12.1,0.24793388429752067,4759.38,393.33719008264467,4720.046280991736,Medium Value,3170,3170
CUST01957,2,3,4757.35,2026-02-09,2026-09-07,2378.675,1576.475,210,7.0,0.2857142857142857,4757.35,679.6214285714286,8155.4571428571435,Medium Value,3171,3171
CUST03816,3,8,4756.2,2024-12-24,2026-02-21,1585.3999999999999,555.4633333333333,424,14.133333333333333,0.21226415094339623,4756.2,336.52358490566036,4038.2830188679245,Medium Value,3172,3172
CUST01334,4,8,4751.8099999999995,2025-06-13,2026-10-31,1187.9524999999999,517.8675000000001,505,16.833333333333332,0.23762376237623764,4751.8099999999995,282.2857425742574,3387.428910891089,Medium Value,3173,3173
CUST00705,5,5,4747.860000000001,2025-06-13,2026-06-20,949.5720000000001,949.5720000000001,372,12.4,0.4032258064516129,4747.860000000001,382.891935483871,4594.703225806452,Medium Value,3174,3174
CUST01851,5,6,4745.219999999999,2025-03-04,2026-12-03,949.0439999999999,668.244,639,21.3,0.2347417840375587,4745.219999999999,222.7802816901408,2673.36338028169,Medium Value,3175,3175
CUST03953,3,4,4739.26,2025-03-19,2025-11-07,1579.7533333333333,1110.1966666666667,233,7.766666666666667,0.38626609442060084,4739.26,610.2051502145923,7322.461802575108,Medium Value,3176,3176
CUST00247,3,5,4737.93,2025-01-20,2026-01-27,1579.3100000000002,856.2400000000001,372,12.4,0.24193548387096772,4737.93,382.0911290322581,4585.093548387097,Medium Value,3177,3177
CUST00326,2,5,4737.52,2025-05-21,2026-10-26,2368.76,886.02,523,17.433333333333334,0.1147227533460803,4737.52,271.7506692160612,3261.008030592735,Medium Value,3178,3178
CUST03552,2,4,4736.26,2025-04-16,2025-09-06,2368.13,1184.065,143,4.766666666666667,0.4195804195804196,4736.26,993.6209790209791,11923.45174825175,Medium Value,3179,3179
CUST03311,2,4,4736.21,2025-01-18,2026-03-18,2368.105,1458.475,424,14.133333333333333,0.14150943396226415,4736.21,335.1091981132076,4021.3103773584908,Medium Value,3180,3180
CUST04179,1,3,4734.27,2026-01-01,2026-01-01,4734.27,1578.09,0,0.0,1.0,4734.27,4734.27,56811.240000000005,Medium Value,3181,3181
CUST02040,4,5,4732.67,2025-07-24,2026-04-01,1183.1675,822.815,251,8.366666666666667,0.4780876494023904,4732.67,565.6577689243028,6787.893227091634,Medium Value,3182,3182
CUST03437,4,6,4730.7699999999995,2025-04-02,2026-11-07,1182.6924999999999,809.7774999999999,584,19.466666666666665,0.20547945205479454,4730.7699999999995,243.01900684931508,2916.228082191781,Medium Value,3183,3183
CUST04651,2,5,4725.8099999999995,2025-06-29,2026-07-09,2362.9049999999997,874.305,375,12.5,0.16,4725.8099999999995,378.06479999999993,4536.777599999999,Medium Value,3184,3184
CUST01963,4,4,4725.28,2025-05-14,2026-06-10,1181.32,1181.32,392,13.066666666666666,0.30612244897959184,4725.28,361.62857142857143,4339.542857142857,Medium Value,3185,3185
CUST02275,2,6,4724.51,2025-01-19,2026-11-20,2362.255,624.475,670,22.333333333333332,0.08955223880597016,4724.51,211.54522388059704,2538.5426865671643,Medium Value,3186,3186
CUST00007,4,4,4721.51,2025-03-18,2026-04-02,1180.3775,1180.3775,380,12.666666666666666,0.31578947368421056,4721.51,372.7507894736842,4473.009473684211,Medium Value,3187,3187
CUST03896,3,4,4721.04,2025-06-08,2025-09-12,1573.68,1002.6533333333333,96,3.2,0.9375,4721.04,1475.3249999999998,17703.899999999998,Medium Value,3188,3188
CUST01151,2,4,4719.92,2025-10-11,2026-11-09,2359.96,1179.98,394,13.133333333333333,0.15228426395939088,4719.92,359.3847715736041,4312.617258883249,Medium Value,3189,3189
CUST03837,3,5,4719.2,2025-11-18,2026-08-14,1573.0666666666666,900.4333333333334,269,8.966666666666667,0.3345724907063197,4719.2,526.3048327137546,6315.657992565056,Medium Value,3190,3190
CUST01844,3,4,4716.71,2025-11-18,2026-01-01,1572.2366666666667,1261.8733333333332,44,1.4666666666666666,2.0454545454545454,4716.71,3215.9386363636368,38591.26363636364,Medium Value,3191,3191
CUST01639,4,7,4711.7,2025-01-21,2026-03-22,1177.925,842.3799999999999,425,14.166666666666666,0.2823529411764706,4711.7,332.5905882352941,3991.0870588235293,Medium Value,3192,3192
CUST03743,3,5,4710.05,2024-12-26,2026-03-17,1570.0166666666667,994.1566666666668,446,14.866666666666667,0.20179372197309417,4710.05,316.8195067264574,3801.834080717489,Medium Value,3193,3193
CUST00260,3,4,4709.81,2026-05-21,2026-07-30,1569.9366666666667,1237.7866666666666,70,2.3333333333333335,1.2857142857142856,4709.81,2018.49,24221.88,Medium Value,3194,3194
CUST04955,4,8,4708.14,2024-12-20,2025-12-23,1177.035,638.7375,368,12.266666666666667,0.32608695652173914,4708.14,383.8157608695652,4605.789130434783,Medium Value,3195,3195
CUST00855,3,6,4706.84,2025-08-30,2026-09-22,1568.9466666666667,784.4733333333334,388,12.933333333333334,0.23195876288659795,4706.84,363.93092783505153,4367.171134020618,Medium Value,3196,3196
CUST00416,2,4,4703.09,2024-12-22,2025-05-02,2351.545,1248.725,131,4.366666666666666,0.45801526717557256,4703.09,1077.0435114503819,12924.522137404583,Medium Value,3197,3197
CUST00286,3,4,4702.7,2025-02-23,2026-09-19,1567.5666666666666,1163.8633333333335,573,19.1,0.15706806282722513,4702.7,246.21465968586384,2954.575916230366,Medium Value,3198,3198
CUST00379,2,5,4702.2,2025-06-30,2026-04-16,2351.1,929.355,290,9.666666666666666,0.20689655172413796,4702.2,486.4344827586207,5837.213793103449,Medium Value,3199,3199
CUST00894,1,4,4701.12,2025-03-17,2025-03-17,4701.12,1175.28,0,0.0,1.0,4701.12,4701.12,56413.44,Medium Value,3200,3200
CUST00717,3,4,4700.38,2026-01-13,2026-11-27,1566.7933333333333,1041.48,318,10.6,0.2830188679245283,4700.38,443.4320754716981,5321.184905660377,Medium Value,3201,3201
CUST01983,4,8,4689.85,2024-12-09,2026-05-08,1172.4625,797.2925,515,17.166666666666668,0.23300970873786406,4689.85,273.195145631068,3278.3417475728156,Medium Value,3202,3202
CUST04527,2,4,4689.37,2025-03-17,2026-11-06,2344.685,1027.865,599,19.966666666666665,0.1001669449081803,4689.37,234.85993322203674,2818.319198664441,Medium Value,3203,3203
CUST01927,2,5,4688.5199999999995,2025-08-22,2025-10-30,2344.2599999999998,738.42,69,2.3,0.8695652173913044,4688.5199999999995,2038.486956521739,24461.843478260867,Medium Value,3204,3204
CUST00690,2,4,4687.12,2025-04-05,2026-05-03,2343.56,1163.21,393,13.1,0.15267175572519084,4687.12,357.7954198473282,4293.545038167938,Medium Value,3205,3205
CUST02735,2,3,4686.6,2025-12-11,2026-02-07,2343.3,1480.44,58,1.9333333333333333,1.0344827586206897,4686.6,2424.1034482758623,29089.241379310348,Medium Value,3206,3206
CUST03637,3,5,4682.8,2025-11-19,2026-02-02,1560.9333333333334,1083.8133333333333,75,2.5,1.2,4682.8,1873.1200000000001,22477.440000000002,Medium Value,3207,3207
CUST00079,3,5,4681.16,2026-02-03,2026-04-01,1560.3866666666665,1027.18,57,1.9,1.5789473684210527,4681.16,2463.7684210526318,29565.221052631583,Medium Value,3208,3208
CUST02594,3,7,4680.58,2025-01-15,2026-03-24,1560.1933333333334,618.5866666666666,433,14.433333333333334,0.20785219399538105,4680.58,324.2896073903002,3891.4752886836022,Medium Value,3209,3209
CUST02444,4,7,4677.21,2025-06-21,2026-06-12,1169.3025,817.395,356,11.866666666666667,0.33707865168539325,4677.21,394.14691011235954,4729.762921348314,Medium Value,3210,3210
CUST04253,3,5,4673.71,2025-10-28,2026-05-28,1557.9033333333334,938.1233333333333,212,7.066666666666666,0.42452830188679247,4673.71,661.3740566037736,7936.4886792452835,Medium Value,3211,3211
CUST01520,2,3,4655.6,2025-04-11,2026-04-11,2327.8,1570.525,365,12.166666666666666,0.16438356164383564,4655.6,382.6520547945206,4591.824657534247,Medium Value,3212,3212
CUST00427,2,7,4654.97,2025-02-09,2026-03-06,2327.485,858.5450000000001,390,13.0,0.15384615384615385,4654.97,358.0746153846154,4296.895384615385,Medium Value,3213,3213
CUST02296,4,6,4652.56,2024-12-19,2026-08-13,1163.14,801.175,602,20.066666666666666,0.19933554817275748,4652.56,231.85514950166115,2782.261794019934,Medium Value,3214,3214
CUST04673,3,6,4651.950000000001,2025-03-23,2026-11-19,1550.6500000000003,802.48,606,20.2,0.1485148514851485,4651.950000000001,230.2945544554456,2763.534653465347,Medium Value,3215,3215
CUST00420,3,6,4647.37,2025-01-09,2026-03-26,1549.1233333333332,734.6533333333333,441,14.7,0.20408163265306123,4647.37,316.14761904761906,3793.7714285714287,Medium Value,3216,3216
CUST02402,4,4,4644.59,2025-01-18,2026-06-23,1161.1475,1161.1475,521,17.366666666666667,0.23032629558541265,4644.59,267.44280230326297,3209.3136276391556,Medium Value,3217,3217
CUST02727,2,5,4642.16,2025-01-16,2026-05-26,2321.08,843.145,495,16.5,0.12121212121212122,4642.16,281.3430303030303,3376.1163636363635,Medium Value,3218,3218
CUST04748,4,8,4641.57,2024-11-30,2026-02-06,1160.3925,792.8025,433,14.433333333333334,0.27713625866050806,4641.57,321.5868360277136,3859.0420323325634,Medium Value,3219,3219
CUST00564,3,5,4640.8099999999995,2026-01-16,2026-09-21,1546.9366666666665,938.89,248,8.266666666666667,0.36290322580645157,4640.8099999999995,561.3883064516128,6736.659677419354,Medium Value,3220,3220
CUST00391,2,3,4635.87,2025-09-21,2026-09-19,2317.935,1478.8400000000001,363,12.1,0.1652892561983471,4635.87,383.1297520661157,4597.557024793388,Medium Value,3221,3221
CUST02005,3,5,4631.8,2025-03-25,2025-04-09,1543.9333333333334,889.8333333333334,15,0.5,3.0,4631.8,4631.8,55581.600000000006,Medium Value,3222,3222
CUST01333,3,4,4629.360000000001,2024-12-07,2025-07-26,1543.1200000000001,1190.3766666666668,231,7.7,0.38961038961038963,4629.360000000001,601.2155844155844,7214.587012987013,Medium Value,3223,3223
CUST03069,2,4,4628.37,2025-05-24,2025-12-12,2314.185,931.425,202,6.733333333333333,0.297029702970297,4628.37,687.3816831683168,8248.580198019801,Medium Value,3224,3224
CUST00898,2,5,4626.85,2026-08-09,2026-09-27,2313.425,1075.52,49,1.6333333333333333,1.2244897959183674,4626.85,2832.765306122449,33993.18367346939,Medium Value,3225,3225
CUST02660,2,3,4626.76,2025-08-18,2026-06-06,2313.38,1325.5500000000002,292,9.733333333333333,0.20547945205479454,4626.76,475.3520547945206,5704.224657534247,Medium Value,3226,3226
CUST04803,2,7,4624.45,2025-10-10,2026-10-07,2312.225,575.725,362,12.066666666666666,0.16574585635359115,4624.45,383.24171270718233,4598.900552486188,Medium Value,3227,3227
CUST01991,2,6,4623.46,2025-01-24,2026-07-06,2311.73,868.87,528,17.6,0.11363636363636363,4623.46,262.6965909090909,3152.359090909091,Medium Value,3228,3228
CUST02098,2,7,4619.24,2025-10-06,2026-08-09,2309.62,684.7249999999999,307,10.233333333333333,0.19543973941368079,4619.24,451.3915309446254,5416.698371335505,Medium Value,3229,3229
CUST01837,2,4,4619.21,2025-05-06,2026-04-22,2309.605,1122.355,351,11.7,0.17094017094017094,4619.21,394.8042735042735,4737.651282051282,Medium Value,3230,3230
CUST00353,4,4,4618.150000000001,2025-05-04,2026-07-22,1154.5375000000001,1154.5375000000001,444,14.8,0.27027027027027023,4618.150000000001,312.0371621621622,3744.4459459459463,Medium Value,3231,3231
CUST00493,3,5,4617.04,2026-01-18,2026-06-07,1539.0133333333333,889.7400000000001,140,4.666666666666667,0.6428571428571428,4617.04,989.3657142857143,11872.388571428572,Medium Value,3232,3232
CUST03797,4,6,4615.03,2025-06-08,2026-04-20,1153.7575,808.1925,316,10.533333333333333,0.379746835443038,4615.03,438.1357594936709,5257.629113924051,Medium Value,3233,3233
CUST03316,1,4,4611.64,2025-01-29,2025-01-29,4611.64,1152.91,0,0.0,1.0,4611.64,4611.64,55339.68000000001,Medium Value,3234,3234
CUST03532,3,6,4611.5,2024-12-23,2026-09-08,1537.1666666666667,768.5833333333334,624,20.8,0.14423076923076922,4611.5,221.70673076923077,2660.4807692307695,Medium Value,3235,3235
CUST03876,2,7,4606.16,2026-05-01,2026-06-13,2303.08,697.58,43,1.4333333333333333,1.3953488372093024,4606.16,3213.6,38563.2,Medium Value,3236,3236
CUST04609,1,5,4587.9,2026-01-16,2026-01-16,4587.9,917.58,0,0.0,1.0,4587.9,4587.9,55054.799999999996,Medium Value,3237,3237
CUST03075,2,7,4585.21,2025-05-04,2025-05-08,2292.605,856.45,4,0.13333333333333333,2.0,4585.21,4585.21,55022.520000000004,Medium Value,3238,3238
CUST02894,4,8,4584.96,2025-05-05,2026-07-16,1146.24,748.3325,437,14.566666666666666,0.2745995423340961,4584.96,314.7569794050343,3777.0837528604116,Medium Value,3239,3239
CUST03259,4,5,4583.64,2025-06-08,2026-08-03,1145.91,917.7825,421,14.033333333333333,0.2850356294536817,4583.64,326.62517814726846,3919.5021377672215,Medium Value,3240,3240
CUST03650,2,6,4579.02,2026-07-15,2026-07-29,2289.51,763.1700000000001,14,0.4666666666666667,2.0,4579.02,4579.02,54948.240000000005,Medium Value,3241,3241
CUST03812,2,4,4576.5,2025-06-01,2026-03-23,2288.25,1144.125,295,9.833333333333334,0.20338983050847456,4576.5,465.4067796610169,5584.8813559322025,Medium Value,3242,3242
CUST01861,2,4,4575.58,2025-05-14,2025-08-15,2287.79,1143.895,93,3.1,0.6451612903225806,4575.58,1475.9935483870968,17711.92258064516,Medium Value,3243,3243
CUST04306,2,4,4574.13,2025-11-18,2026-08-04,2287.065,1165.345,259,8.633333333333333,0.23166023166023167,4574.13,529.8220077220078,6357.864092664094,Medium Value,3244,3244
CUST02688,4,5,4571.12,2025-03-24,2025-08-16,1142.78,944.6075000000001,145,4.833333333333333,0.8275862068965518,4571.12,945.7489655172415,11348.987586206898,Medium Value,3245,3245
CUST00238,2,4,4570.25,2025-01-10,2025-07-21,2285.125,1177.635,192,6.4,0.3125,4570.25,714.1015625,8569.21875,Medium Value,3246,3246
CUST00005,3,5,4569.79,2026-08-11,2026-10-12,1523.2633333333333,898.3433333333332,62,2.066666666666667,1.4516129032258063,4569.79,2211.188709677419,26534.264516129027,Medium Value,3247,3247
CUST00700,3,7,4568.7300000000005,2025-08-08,2026-10-30,1522.91,628.3766666666667,448,14.933333333333334,0.20089285714285715,4568.7300000000005,305.9417410714286,3671.3008928571435,Medium Value,3248,3248
CUST04405,4,4,4568.110000000001,2025-08-17,2026-07-30,1142.0275000000001,1142.0275000000001,347,11.566666666666666,0.345821325648415,4568.110000000001,394.9374639769453,4739.249567723344,Medium Value,3249,3249
CUST00070,2,4,4566.969999999999,2024-11-18,2026-07-18,2283.4849999999997,1090.675,607,20.233333333333334,0.09884678747940691,4566.969999999999,225.71515650741347,2708.5818780889617,Medium Value,3250,3250
CUST00815,1,3,4565.52,2025-06-01,2025-06-01,4565.52,1521.84,0,0.0,1.0,4565.52,4565.52,54786.240000000005,Medium Value,3251,3251
CUST01879,2,4,4558.46,2025-03-11,2025-09-04,2279.23,1187.88,177,5.9,0.3389830508474576,4558.46,772.6203389830508,9271.44406779661,Medium Value,3252,3252
CUST03912,2,5,4552.55,2025-11-09,2026-02-18,2276.275,920.2,101,3.3666666666666667,0.594059405940594,4552.55,1352.2425742574258,16226.910891089108,Medium Value,3253,3253
CUST04805,4,5,4552.51,2024-12-08,2026-09-14,1138.1275,793.94,645,21.5,0.18604651162790697,4552.51,211.74465116279072,2540.935813953489,Medium Value,3254,3254
CUST00207,3,5,4550.37,2024-12-29,2025-05-15,1516.79,865.4233333333333,137,4.566666666666666,0.6569343065693432,4550.37,996.4313868613139,11957.176642335766,Medium Value,3255,3255
CUST03696,3,6,4547.35,2025-02-08,2025-11-01,1515.7833333333335,1177.2933333333333,266,8.866666666666667,0.3383458646616541,4547.35,512.859022556391,6154.308270676692,Medium Value,3256,3256
CUST01783,4,5,4546.9400000000005,2025-05-24,2026-06-16,1136.7350000000001,925.1125,388,12.933333333333334,0.30927835051546393,4546.9400000000005,351.5675257731959,4218.81030927835,Medium Value,3257,3257
CUST00784,3,5,4546.07,2025-02-08,2026-08-25,1515.3566666666666,821.4900000000001,563,18.766666666666666,0.15985790408525755,4546.07,242.2417406749556,2906.900888099467,Medium Value,3258,3258
CUST02178,4,6,4545.99,2025-07-06,2026-07-19,1136.4975,775.1575,378,12.6,0.31746031746031744,4545.99,360.79285714285714,4329.5142857142855,Medium Value,3259,3259
CUST03654,2,4,4544.9,2025-06-11,2026-05-06,2272.45,1153.17,329,10.966666666666667,0.182370820668693,4544.9,414.4285714285714,4973.142857142857,Medium Value,3260,3260
CUST01934,4,5,4537.32,2025-03-16,2026-09-21,1134.33,961.145,554,18.466666666666665,0.21660649819494587,4537.32,245.70324909747293,2948.438989169675,Medium Value,3261,3261
CUST04560,4,6,4536.509999999999,2024-12-21,2026-08-04,1134.1274999999998,750.17,591,19.7,0.20304568527918782,4536.509999999999,230.27969543147205,2763.3563451776645,Medium Value,3262,3262
CUST01203,5,5,4533.0199999999995,2024-12-03,2026-01-16,906.6039999999999,906.6039999999999,409,13.633333333333333,0.36674816625916873,4533.0199999999995,332.4953545232274,3989.9442542787283,Medium Value,3263,3263
CUST01901,3,7,4531.43,2025-12-27,2026-11-12,1510.4766666666667,586.6566666666666,320,10.666666666666666,0.28125,4531.43,424.8215625,5097.85875,Medium Value,3264,3264
CUST04182,2,5,4531.29,2025-02-12,2025-08-23,2265.645,786.165,192,6.4,0.3125,4531.29,708.0140624999999,8496.168749999999,Medium Value,3265,3265
CUST03331,3,4,4530.1900000000005,2025-01-30,2025-09-12,1510.0633333333335,1079.0633333333333,225,7.5,0.4,4530.1900000000005,604.0253333333334,7248.304,Medium Value,3266,3266
CUST02827,1,3,4529.73,2025-09-04,2025-09-04,4529.73,1509.91,0,0.0,1.0,4529.73,4529.73,54356.759999999995,Medium Value,3267,3267
CUST02492,2,7,4528.87,2026-07-23,2026-07-26,2264.435,698.93,3,0.1,2.0,4528.87,4528.87,54346.44,Medium Value,3268,3268
CUST04549,2,3,4522.889999999999,2025-06-01,2026-07-24,2261.4449999999997,1326.045,418,13.933333333333334,0.14354066985645933,4522.889999999999,324.6093301435406,3895.3119617224875,Medium Value,3269,3269
CUST04647,4,7,4521.36,2025-01-14,2026-12-13,1130.34,813.76,698,23.266666666666666,0.17191977077363899,4521.36,194.32779369627505,2331.9335243553005,Medium Value,3270,3270
CUST03741,2,4,4513.11,2025-03-08,2026-07-06,2256.555,880.585,485,16.166666666666668,0.12371134020618556,4513.11,279.161443298969,3349.937319587628,Medium Value,3271,3271
CUST00763,3,6,4509.41,2024-12-07,2025-10-26,1503.1366666666665,965.8966666666666,323,10.766666666666667,0.2786377708978328,4509.41,418.8306501547987,5025.967801857585,Medium Value,3272,3272
CUST00439,4,9,4505.71,2025-05-05,2026-04-01,1126.4275,538.5625,331,11.033333333333333,0.36253776435045315,4505.71,408.3725075528701,4900.4700906344415,Medium Value,3273,3273
CUST03433,3,6,4502.2,2025-02-14,2026-02-16,1500.7333333333333,739.9499999999999,367,12.233333333333333,0.2452316076294278,4502.2,368.0272479564033,4416.32697547684,Medium Value,3274,3274
CUST02602,2,5,4501.0599999999995,2025-01-10,2026-10-30,2250.5299999999997,701.645,658,21.933333333333334,0.0911854103343465,4501.0599999999995,205.21550151975683,2462.586018237082,Medium Value,3275,3275
CUST02509,1,2,4500.42,2026-08-08,2026-08-08,4500.42,2250.21,0,0.0,1.0,4500.42,4500.42,54005.04,Medium Value,3276,3276
CUST01035,4,4,4498.41,2025-02-13,2026-09-14,1124.6025,1124.6025,578,19.266666666666666,0.20761245674740486,4498.41,233.48148788927335,2801.7778546712802,Medium Value,3277,3277
CUST00766,3,4,4493.71,2025-03-29,2026-03-02,1497.9033333333334,1200.06,338,11.266666666666667,0.2662721893491124,4493.71,398.84999999999997,4786.2,Medium Value,3278,3278
CUST02319,2,5,4493.6,2026-05-12,2026-11-08,2246.8,826.435,180,6.0,0.3333333333333333,4493.6,748.9333333333334,8987.2,Medium Value,3279,3279
CUST02122,2,3,4493.24,2025-04-15,2026-10-04,2246.62,1471.745,537,17.9,0.111731843575419,4493.24,251.01899441340782,3012.2279329608937,Medium Value,3280,3280
CUST04895,3,8,4487.46,2024-12-11,2025-06-11,1495.82,590.2566666666667,182,6.066666666666666,0.4945054945054945,4487.46,739.6912087912089,8876.294505494507,Medium Value,3281,3281
CUST02003,2,4,4485.3,2025-07-07,2026-06-10,2242.65,992.65,338,11.266666666666667,0.17751479289940827,4485.3,398.103550295858,4777.242603550296,Medium Value,3282,3282
CUST03660,3,6,4482.53,2025-05-17,2025-09-07,1494.1766666666665,1148.7166666666667,113,3.7666666666666666,0.7964601769911505,4482.53,1190.0522123893804,14280.626548672564,Medium Value,3283,3283
CUST04086,5,5,4481.11,2025-06-20,2026-05-25,896.222,896.222,339,11.3,0.44247787610619466,4481.11,396.558407079646,4758.7008849557515,Medium Value,3284,3284
CUST01898,3,5,4480.07,2024-12-28,2026-07-02,1493.3566666666666,962.9566666666666,551,18.366666666666667,0.16333938294010888,4480.07,243.92395644283118,2927.087477313974,Medium Value,3285,3285
CUST02561,3,4,4476.33,2025-06-23,2026-08-14,1492.11,1099.6566666666665,417,13.9,0.2158273381294964,4476.33,322.03812949640286,3864.457553956834,Medium Value,3286,3286
CUST03517,4,5,4475.98,2025-04-24,2026-11-30,1118.995,968.81,585,19.5,0.20512820512820512,4475.98,229.53743589743587,2754.4492307692303,Medium Value,3287,3287
CUST02414,4,7,4466.7,2025-05-25,2026-08-04,1116.675,645.2925,436,14.533333333333333,0.27522935779816515,4466.7,307.341743119266,3688.100917431192,Medium Value,3288,3288
CUST03980,3,4,4464.63,2024-12-02,2026-02-24,1488.21,1170.1499999999999,449,14.966666666666667,0.20044543429844097,4464.63,298.30489977728286,3579.6587973273945,Medium Value,3289,3289
CUST04430,2,3,4463.25,2025-06-10,2025-12-20,2231.625,1279.81,193,6.433333333333334,0.31088082901554404,4463.25,693.7694300518134,8325.233160621761,Medium Value,3290,3290
CUST03757,1,4,4461.72,2025-04-29,2025-04-29,4461.72,1115.43,0,0.0,1.0,4461.72,4461.72,53540.64,Medium Value,3291,3291
CUST04220,4,5,4461.0599999999995,2025-09-23,2026-09-13,1115.2649999999999,1015.9475,355,11.833333333333334,0.3380281690140845,4461.0599999999995,376.9909859154929,4523.891830985915,Medium Value,3292,3292
CUST04891,3,7,4458.95,2025-05-29,2026-07-26,1486.3166666666666,637.65,423,14.1,0.2127659574468085,4458.95,316.23758865248226,3794.851063829787,Medium Value,3293,3293
CUST03149,4,10,4458.08,2024-11-24,2026-04-26,1114.52,549.655,518,17.266666666666666,0.23166023166023167,4458.08,258.1899613899614,3098.279536679537,Medium Value,3294,3294
CUST01093,3,5,4456.360000000001,2025-05-04,2025-11-25,1485.4533333333336,880.0633333333334,205,6.833333333333333,0.43902439024390244,4456.360000000001,652.1502439024391,7825.802926829269,Medium Value,3295,3295
CUST01550,1,3,4456.23,2025-08-28,2025-08-28,4456.23,1485.41,0,0.0,1.0,4456.23,4456.23,53474.759999999995,Medium Value,3296,3296
CUST01412,4,8,4456.13,2025-12-07,2026-10-31,1114.0325,738.5125,328,10.933333333333334,0.36585365853658536,4456.13,407.5728658536585,4890.874390243902,Medium Value,3297,3297
CUST02443,1,5,4454.25,2025-08-25,2025-08-25,4454.25,890.85,0,0.0,1.0,4454.25,4454.25,53451.0,Medium Value,3298,3298
CUST02601,3,5,4453.27,2025-06-29,2025-12-06,1484.4233333333334,800.2833333333333,160,5.333333333333333,0.5625,4453.27,834.9881250000001,10019.857500000002,Medium Value,3299,3299
CUST01068,2,6,4449.5599999999995,2025-04-20,2025-04-28,2224.7799999999997,723.38,8,0.26666666666666666,2.0,4449.5599999999995,4449.5599999999995,53394.719999999994,Medium Value,3300,3300
CUST02617,3,4,4444.99,2025-01-01,2026-06-21,1481.6633333333332,1073.8766666666668,536,17.866666666666667,0.16791044776119401,4444.99,248.78675373134325,2985.4410447761193,Medium Value,3301,3301
CUST01937,2,4,4444.19,2025-04-26,2025-07-05,2222.095,1242.7849999999999,70,2.3333333333333335,0.8571428571428571,4444.19,1904.6528571428569,22855.83428571428,Medium Value,3302,3302
CUST03875,3,5,4442.5,2025-04-18,2026-04-24,1480.8333333333333,777.4066666666668,371,12.366666666666667,0.2425876010781671,4442.5,359.2318059299191,4310.781671159029,Medium Value,3303,3303
CUST03877,1,3,4442.07,2026-02-16,2026-02-16,4442.07,1480.69,0,0.0,1.0,4442.07,4442.07,53304.84,Medium Value,3304,3304
CUST03711,2,3,4440.1,2025-10-10,2025-12-14,2220.05,1325.54,65,2.1666666666666665,0.9230769230769231,4440.1,2049.2769230769236,24591.323076923083,Medium Value,3305,3305
CUST03444,2,3,4438.8099999999995,2025-03-12,2026-07-14,2219.4049999999997,1298.27,489,16.3,0.12269938650306748,4438.8099999999995,272.31963190184047,3267.8355828220856,Medium Value,3306,3306
CUST04385,1,4,4432.48,2025-03-07,2025-03-07,4432.48,1108.12,0,0.0,1.0,4432.48,4432.48,53189.759999999995,Medium Value,3307,3307
CUST02501,4,6,4431.54,2025-07-16,2026-11-13,1107.885,586.0799999999999,485,16.166666666666668,0.24742268041237112,4431.54,274.11587628865976,3289.390515463917,Medium Value,3308,3308
CUST04203,2,5,4429.43,2025-02-04,2025-05-07,2214.715,758.23,92,3.066666666666667,0.6521739130434783,4429.43,1444.379347826087,17332.552173913045,Medium Value,3309,3309
CUST00033,2,3,4427.030000000001,2025-07-08,2025-09-12,2213.5150000000003,1476.0700000000002,66,2.2,0.9090909090909091,4427.030000000001,2012.2863636363638,24147.436363636367,Medium Value,3310,3310
CUST00441,2,6,4426.780000000001,2025-06-30,2025-07-10,2213.3900000000003,1328.2900000000002,10,0.3333333333333333,2.0,4426.780000000001,4426.780000000001,53121.36000000001,Medium Value,3311,3311
CUST01055,1,3,4425.24,2026-05-29,2026-05-29,4425.24,1475.08,0,0.0,1.0,4425.24,4425.24,53102.88,Medium Value,3312,3312
CUST01306,2,5,4424.089999999999,2025-07-24,2026-08-09,2212.0449999999996,669.145,381,12.7,0.15748031496062992,4424.089999999999,348.35354330708657,4180.242519685039,Medium Value,3313,3313
CUST00801,2,5,4423.29,2026-01-24,2026-04-02,2211.645,724.56,68,2.2666666666666666,0.8823529411764706,4423.29,1951.4514705882352,23417.41764705882,Medium Value,3314,3314
CUST00366,3,6,4419.62,2025-12-22,2026-12-03,1473.2066666666667,988.3366666666666,346,11.533333333333333,0.26011560693641617,4419.62,383.20404624277455,4598.448554913295,Medium Value,3315,3315
CUST04883,2,3,4415.88,2025-04-02,2026-01-19,2207.94,1243.51,292,9.733333333333333,0.20547945205479454,4415.88,453.6863013698631,5444.235616438357,Medium Value,3316,3316
CUST00479,4,7,4414.54,2025-09-02,2026-05-27,1103.635,786.925,267,8.9,0.449438202247191,4414.54,496.01573033707865,5952.188764044944,Medium Value,3317,3317
CUST01907,3,5,4414.34,2025-05-20,2026-06-22,1471.4466666666667,901.2400000000001,398,13.266666666666667,0.22613065326633164,4414.34,332.7391959798995,3992.8703517587937,Medium Value,3318,3318
CUST02430,5,7,4412.54,2025-01-26,2026-05-27,882.508,728.1279999999999,486,16.2,0.308641975308642,4412.54,272.37901234567903,3268.5481481481484,Medium Value,3319,3319
CUST03318,2,5,4410.280000000001,2025-06-22,2026-07-20,2205.1400000000003,1189.505,393,13.1,0.15267175572519084,4410.280000000001,336.6625954198474,4039.9511450381688,Medium Value,3320,3320
CUST02929,1,3,4409.61,2025-03-25,2025-03-25,4409.61,1469.87,0,0.0,1.0,4409.61,4409.61,52915.31999999999,Medium Value,3321,3321
CUST00552,2,4,4409.1,2025-11-19,2025-12-31,2204.55,1102.275,42,1.4,1.4285714285714286,4409.1,3149.357142857143,37792.28571428572,Medium Value,3322,3322
CUST01811,4,7,4408.59,2024-12-28,2026-05-29,1102.1475,779.9275,517,17.233333333333334,0.23210831721470018,4408.59,255.81760154738876,3069.811218568665,Medium Value,3323,3323
CUST00665,2,5,4402.94,2025-05-01,2026-01-05,2201.47,794.605,249,8.3,0.24096385542168672,4402.94,530.4746987951806,6365.696385542167,Medium Value,3324,3324
CUST00931,2,4,4396.29,2025-12-10,2026-04-20,2198.145,1166.565,131,4.366666666666666,0.45801526717557256,4396.29,1006.783969465649,12081.407633587787,Medium Value,3325,3325
CUST02663,3,6,4395.860000000001,2025-06-17,2026-07-28,1465.2866666666669,727.8033333333333,406,13.533333333333333,0.22167487684729065,4395.860000000001,324.8172413793104,3897.806896551725,Medium Value,3326,3326
CUST01584,2,5,4395.76,2026-02-15,2026-07-21,2197.88,984.74,156,5.2,0.3846153846153846,4395.76,845.3384615384615,10144.061538461538,Medium Value,3327,3327
CUST04858,2,4,4395.7300000000005,2025-01-12,2026-11-07,2197.8650000000002,859.5649999999999,664,22.133333333333333,0.09036144578313253,4395.7300000000005,198.6022590361446,2383.2271084337353,Medium Value,3328,3328
CUST03342,1,4,4395.08,2025-09-08,2025-09-08,4395.08,1098.77,0,0.0,1.0,4395.08,4395.08,52740.96,Medium Value,3329,3329
CUST04213,2,4,4391.18,2025-01-15,2025-08-25,2195.59,857.06,222,7.4,0.27027027027027023,4391.18,593.4027027027028,7120.832432432433,Medium Value,3330,3330
CUST04768,4,8,4388.21,2025-05-17,2026-01-12,1097.0525,621.5074999999999,240,8.0,0.5,4388.21,548.52625,6582.3150000000005,Medium Value,3331,3331
CUST01089,3,5,4387.66,2025-10-07,2026-10-02,1462.5533333333333,852.9499999999999,360,12.0,0.25,4387.66,365.6383333333333,4387.66,Medium Value,3332,3332
CUST02969,3,5,4381.71,2025-02-20,2026-08-30,1460.57,748.2566666666667,556,18.533333333333335,0.1618705035971223,4381.71,236.4232014388489,2837.078417266187,Medium Value,3333,3333
CUST02162,3,4,4379.14,2025-01-06,2026-01-01,1459.7133333333334,1081.22,360,12.0,0.25,4379.14,364.92833333333334,4379.14,Medium Value,3334,3334
CUST03520,2,6,4376.7,2026-04-08,2026-10-15,2188.35,704.37,190,6.333333333333333,0.31578947368421056,4376.7,691.0578947368421,8292.694736842104,Medium Value,3335,3335
CUST01947,2,5,4376.57,2025-10-17,2026-04-23,2188.285,1128.385,188,6.266666666666667,0.3191489361702128,4376.57,698.388829787234,8380.665957446809,Medium Value,3336,3336
CUST00861,3,4,4376.219999999999,2025-04-29,2026-10-16,1458.7399999999998,987.38,535,17.833333333333332,0.16822429906542058,4376.219999999999,245.39551401869156,2944.746168224299,Medium Value,3337,3337
CUST03971,2,4,4374.98,2026-04-09,2026-04-16,2187.49,1255.27,7,0.23333333333333334,2.0,4374.98,4374.98,52499.759999999995,Medium Value,3338,3338
CUST00890,3,5,4371.8,2025-04-09,2026-06-14,1457.2666666666667,829.8566666666666,431,14.366666666666667,0.2088167053364269,4371.8,304.3016241299304,3651.6194895591652,Medium Value,3339,3339
CUST04259,2,4,4369.52,2025-12-21,2026-03-31,2184.76,1008.32,100,3.3333333333333335,0.6,4369.52,1310.856,15730.272,Medium Value,3340,3340
CUST01051,3,4,4368.25,2024-12-10,2026-06-30,1456.0833333333333,1017.0633333333334,567,18.9,0.15873015873015875,4368.25,231.12433862433863,2773.4920634920636,Medium Value,3341,3341
CUST02520,2,5,4365.83,2024-12-07,2025-07-13,2182.915,689.815,218,7.266666666666667,0.27522935779816515,4365.83,600.8022935779817,7209.62752293578,Medium Value,3342,3342
CUST00250,1,3,4364.97,2025-11-09,2025-11-09,4364.97,1454.99,0,0.0,1.0,4364.97,4364.97,52379.64,Medium Value,3343,3343
CUST00731,2,4,4363.92,2025-06-14,2026-05-28,2181.96,1081.98,348,11.6,0.1724137931034483,4363.92,376.20000000000005,4514.400000000001,Medium Value,3344,3344
CUST04476,3,6,4359.110000000001,2025-07-24,2025-11-18,1453.0366666666669,832.65,117,3.9,0.7692307692307693,4359.110000000001,1117.720512820513,13412.646153846155,Medium Value,3345,3345
CUST02854,2,6,4353.030000000001,2026-04-28,2026-07-04,2176.5150000000003,1242.555,67,2.2333333333333334,0.8955223880597015,4353.030000000001,1949.1179104477615,23389.414925373138,Medium Value,3346,3346
CUST01967,3,8,4351.13,2025-06-21,2026-06-13,1450.3766666666668,767.67,357,11.9,0.25210084033613445,4351.13,365.6411764705882,4387.694117647059,Medium Value,3347,3347
CUST03639,2,4,4350.2699999999995,2025-01-29,2025-08-07,2175.1349999999998,850.7550000000001,190,6.333333333333333,0.31578947368421056,4350.2699999999995,686.8847368421052,8242.616842105263,Medium Value,3348,3348
CUST04424,2,3,4350.1,2025-07-10,2026-03-19,2175.05,1226.545,252,8.4,0.23809523809523808,4350.1,517.8690476190476,6214.428571428571,Medium Value,3349,3349
CUST00750,1,4,4347.84,2024-11-24,2024-11-24,4347.84,1086.96,0,0.0,1.0,4347.84,4347.84,52174.08,Medium Value,3350,3350
CUST04667,1,4,4339.2,2025-12-18,2025-12-18,4339.2,1084.8,0,0.0,1.0,4339.2,4339.2,52070.399999999994,Medium Value,3351,3351
CUST04808,4,6,4337.97,2025-06-11,2026-06-22,1084.4925,780.1325,376,12.533333333333333,0.3191489361702128,4337.97,346.11462765957447,4153.375531914893,Medium Value,3352,3352
CUST02524,2,5,4334.6900000000005,2025-06-02,2026-03-10,2167.3450000000003,1130.56,281,9.366666666666667,0.21352313167259784,4334.6900000000005,462.77829181494667,5553.33950177936,Medium Value,3353,3353
CUST02624,4,5,4333.86,2025-09-18,2026-10-14,1083.465,909.4375,391,13.033333333333333,0.3069053708439898,4333.86,332.5212276214834,3990.2547314578005,Medium Value,3354,3354
CUST02165,3,3,4333.04,2025-07-04,2026-11-06,1444.3466666666666,1444.3466666666666,490,16.333333333333332,0.1836734693877551,4333.04,265.28816326530614,3183.4579591836737,Medium Value,3355,3355
CUST03384,3,5,4330.4800000000005,2025-02-01,2026-06-01,1443.4933333333336,867.5633333333334,485,16.166666666666668,0.18556701030927833,4330.4800000000005,267.86474226804125,3214.376907216495,Medium Value,3356,3356
CUST01666,3,6,4316.5,2025-03-24,2026-08-28,1438.8333333333333,814.62,522,17.4,0.1724137931034483,4316.5,248.07471264367817,2976.896551724138,Medium Value,3357,3357
CUST00111,4,6,4313.42,2024-12-08,2025-10-11,1078.355,778.5550000000001,307,10.233333333333333,0.39087947882736157,4313.42,421.5068403908795,5058.082084690554,Medium Value,3358,3358
CUST00971,2,4,4311.530000000001,2025-01-13,2025-02-08,2155.7650000000003,1318.2150000000001,26,0.8666666666666667,2.0,4311.530000000001,4311.530000000001,51738.36000000001,Medium Value,3359,3359
CUST01304,2,4,4311.01,2025-05-01,2026-08-09,2155.505,1163.7649999999999,465,15.5,0.12903225806451613,4311.01,278.12967741935483,3337.556129032258,Medium Value,3360,3360
CUST03229,3,11,4310.72,2025-02-17,2026-08-06,1436.9066666666668,397.16,535,17.833333333333332,0.16822429906542058,4310.72,241.72261682242993,2900.671401869159,Medium Value,3361,3361
CUST04161,3,8,4309.93,2026-01-23,2026-08-13,1436.6433333333334,517.5133333333333,202,6.733333333333333,0.44554455445544555,4309.93,640.0886138613862,7681.063366336634,Medium Value,3362,3362
CUST03077,3,8,4309.43,2025-11-09,2026-09-28,1436.4766666666667,618.44,323,10.766666666666667,0.2786377708978328,4309.43,400.2566563467492,4803.07987616099,Medium Value,3363,3363
CUST02615,2,4,4305.87,2024-11-28,2025-01-25,2152.935,870.5849999999999,58,1.9333333333333333,1.0344827586206897,4305.87,2227.1741379310342,26726.08965517241,Medium Value,3364,3364
CUST01450,2,4,4301.88,2025-06-27,2026-10-19,2150.94,1075.47,479,15.966666666666667,0.12526096033402923,4301.88,269.4288100208768,3233.1457202505217,Medium Value,3365,3365
CUST00813,3,8,4300.57,2025-04-14,2026-01-13,1433.5233333333333,577.0433333333334,274,9.133333333333333,0.3284671532846716,4300.57,470.8653284671533,5650.38394160584,Medium Value,3366,3366
CUST02327,3,10,4298.7300000000005,2024-12-29,2026-07-23,1432.91,586.07,571,19.033333333333335,0.15761821366024517,4298.7300000000005,225.85271453590192,2710.232574430823,Medium Value,3367,3367
CUST03213,2,4,4295.08,2025-03-19,2025-05-02,2147.54,1073.77,44,1.4666666666666666,1.3636363636363638,4295.08,2928.4636363636364,35141.56363636364,Medium Value,3368,3368
CUST02774,2,3,4293.96,2025-04-25,2026-10-10,2146.98,1227.67,533,17.766666666666666,0.11257035647279551,4293.96,241.6863039399625,2900.23564727955,Medium Value,3369,3369
CUST03375,3,5,4293.46,2024-12-21,2025-07-18,1431.1533333333334,880.09,209,6.966666666666667,0.43062200956937796,4293.46,616.2861244019139,7395.433492822966,Medium Value,3370,3370
CUST01952,3,5,4293.36,2026-07-04,2026-10-05,1431.12,842.6733333333333,93,3.1,0.9677419354838709,4293.36,1384.9548387096772,16619.458064516126,Medium Value,3371,3371
CUST04709,2,6,4292.5199999999995,2025-09-06,2025-12-18,2146.2599999999998,715.42,103,3.433333333333333,0.5825242718446603,4292.5199999999995,1250.2485436893203,15002.982524271843,Medium Value,3372,3372
CUST03564,2,4,4292.09,2025-01-18,2025-05-30,2146.045,1208.065,132,4.4,0.45454545454545453,4292.09,975.4749999999999,11705.699999999999,Medium Value,3373,3373
CUST00608,3,4,4291.1,2025-01-14,2026-10-05,1430.3666666666668,1025.2,629,20.966666666666665,0.14308426073131958,4291.1,204.66295707472182,2455.955484896662,Medium Value,3374,3374
CUST02181,3,4,4291.07,2024-11-26,2026-04-25,1430.3566666666666,948.5833333333334,515,17.166666666666668,0.17475728155339804,4291.07,249.96524271844658,2999.582912621359,Medium Value,3375,3375
CUST04189,3,5,4289.950000000001,2024-12-15,2026-04-06,1429.9833333333336,1198.01,477,15.9,0.18867924528301885,4289.950000000001,269.808176100629,3237.698113207548,Medium Value,3376,3376
CUST02113,2,4,4289.1,2025-03-19,2026-05-13,2144.55,1072.275,420,14.0,0.14285714285714285,4289.1,306.36428571428576,3676.371428571429,Medium Value,3377,3377
CUST01776,1,5,4287.05,2026-08-16,2026-08-16,4287.05,857.41,0,0.0,1.0,4287.05,4287.05,51444.600000000006,Medium Value,3378,3378
CUST03361,3,4,4281.14,2025-05-26,2025-11-24,1427.0466666666669,1002.5,182,6.066666666666666,0.4945054945054945,4281.14,705.6824175824177,8468.189010989012,Medium Value,3379,3379
CUST04938,3,4,4280.16,2025-05-28,2026-06-24,1426.72,960.6566666666668,392,13.066666666666666,0.22959183673469388,4280.16,327.56326530612245,3930.759183673469,Medium Value,3380,3380
CUST03389,2,4,4279.25,2025-06-23,2025-09-08,2139.625,1233.565,77,2.566666666666667,0.7792207792207791,4279.25,1667.2402597402597,20006.883116883117,Medium Value,3381,3381
CUST00900,4,5,4272.97,2025-05-10,2026-10-01,1068.2425,783.4275,509,16.966666666666665,0.23575638506876231,4272.97,251.84499017681733,3022.139882121808,Medium Value,3382,3382
CUST03879,3,4,4271.1900000000005,2025-09-18,2026-05-11,1423.7300000000002,918.35,235,7.833333333333333,0.3829787234042553,4271.1900000000005,545.2582978723406,6543.099574468087,Medium Value,3383,3383
CUST01756,3,5,4269.7699999999995,2025-06-11,2026-05-20,1423.2566666666664,1153.93,343,11.433333333333334,0.26239067055393583,4269.7699999999995,373.4492711370262,4481.391253644314,Medium Value,3384,3384
CUST02471,4,9,4269.76,2025-01-03,2026-04-17,1067.44,517.9300000000001,469,15.633333333333333,0.255863539445629,4269.76,273.11897654584226,3277.427718550107,Medium Value,3385,3385
CUST02917,3,5,4268.85,2025-07-30,2026-05-12,1422.95,737.15,286,9.533333333333333,0.3146853146853147,4268.85,447.7814685314686,5373.377622377623,Medium Value,3386,3386
CUST04172,3,6,4268.49,2026-05-05,2026-11-21,1422.83,664.93,200,6.666666666666667,0.44999999999999996,4268.49,640.2734999999999,7683.281999999999,Medium Value,3387,3387
CUST00196,2,3,4263.73,2026-07-16,2026-09-18,2131.865,1372.725,64,2.1333333333333333,0.9375,4263.73,1998.6234375,23983.481249999997,Medium Value,3388,3388
CUST04886,2,6,4262.68,2025-06-18,2026-07-29,2131.34,626.84,406,13.533333333333333,0.1477832512315271,4262.68,314.97635467980297,3779.7162561576356,Medium Value,3389,3389
CUST04463,2,5,4257.969999999999,2026-06-20,2026-07-23,2128.9849999999997,932.51,33,1.1,1.8181818181818181,4257.969999999999,3870.8818181818174,46450.58181818181,Medium Value,3390,3390
CUST03103,3,6,4257.9,2025-09-14,2026-04-09,1419.3,854.1700000000001,207,6.9,0.43478260869565216,4257.9,617.086956521739,7405.043478260868,Medium Value,3391,3391
CUST01792,3,4,4255.47,2026-06-13,2026-11-11,1418.49,917.3133333333334,151,5.033333333333333,0.5960264900662252,4255.47,845.4576158940398,10145.491390728477,Medium Value,3392,3392
CUST00507,3,4,4251.82,2024-12-02,2026-06-09,1417.2733333333333,1137.7233333333334,554,18.466666666666665,0.1624548736462094,4251.82,230.24296028880866,2762.9155234657037,Medium Value,3393,3393
CUST00219,1,3,4242.18,2025-08-01,2025-08-01,4242.18,1414.06,0,0.0,1.0,4242.18,4242.18,50906.16,Medium Value,3394,3394
CUST03849,4,6,4239.9400000000005,2025-12-30,2026-10-22,1059.9850000000001,866.115,296,9.866666666666667,0.4054054054054054,4239.9400000000005,429.7236486486487,5156.683783783785,Medium Value,3395,3395
CUST04002,3,5,4235.88,2025-01-14,2025-09-06,1411.96,711.0466666666666,235,7.833333333333333,0.3829787234042553,4235.88,540.7506382978723,6489.007659574469,Medium Value,3396,3396
CUST04338,2,5,4230.35,2025-11-28,2026-04-08,2115.175,811.28,131,4.366666666666666,0.45801526717557256,4230.35,968.7824427480917,11625.3893129771,Medium Value,3397,3397
CUST00789,2,6,4217.55,2024-12-29,2025-08-21,2108.775,702.925,235,7.833333333333333,0.25531914893617025,4217.55,538.4106382978724,6460.927659574469,Medium Value,3398,3398
CUST00157,2,5,4216.63,2025-03-31,2026-04-25,2108.315,953.71,390,13.0,0.15384615384615385,4216.63,324.35615384615386,3892.2738461538465,Medium Value,3399,3399
CUST02089,2,4,4215.139999999999,2024-12-26,2025-10-01,2107.5699999999997,1087.44,279,9.3,0.2150537634408602,4215.139999999999,453.24086021505366,5438.890322580644,Medium Value,3400,3400
CUST01760,2,6,4200.360000000001,2026-04-12,2026-08-16,2100.1800000000003,1288.68,126,4.2,0.47619047619047616,4200.360000000001,1000.0857142857144,12001.028571428573,Medium Value,3401,3401
CUST03281,4,8,4200.110000000001,2025-09-13,2026-06-18,1050.0275000000001,626.545,278,9.266666666666667,0.4316546762589928,4200.110000000001,453.2492805755396,5438.991366906475,Medium Value,3402,3402
CUST01679,3,5,4197.7,2026-01-07,2026-07-18,1399.2333333333333,1138.6133333333335,192,6.4,0.46875,4197.7,655.8906249999999,7870.687499999998,Medium Value,3403,3403
CUST01200,3,5,4197.6900000000005,2026-03-19,2026-09-04,1399.2300000000002,922.9233333333333,169,5.633333333333334,0.5325443786982248,4197.6900000000005,745.1520710059172,8941.824852071006,Medium Value,3404,3404
CUST02233,3,9,4194.41,2025-04-02,2026-11-30,1398.1366666666665,485.41,607,20.233333333333334,0.14827018121911037,4194.41,207.30197693574956,2487.623723228995,Medium Value,3405,3405
CUST02081,4,5,4194.3,2024-11-15,2026-03-13,1048.575,808.51,483,16.1,0.24844720496894407,4194.3,260.51552795031057,3126.186335403727,Medium Value,3406,3406
CUST04843,4,5,4192.3,2025-03-05,2026-08-02,1048.075,935.135,515,17.166666666666668,0.23300970873786406,4192.3,244.21165048543688,2930.5398058252426,Medium Value,3407,3407
CUST01071,3,5,4191.3,2025-05-02,2026-08-11,1397.1000000000001,966.8800000000001,466,15.533333333333333,0.19313304721030042,4191.3,269.82618025751077,3237.9141630901295,Medium Value,3408,3408
CUST01652,1,4,4188.68,2026-08-07,2026-08-07,4188.68,1047.17,0,0.0,1.0,4188.68,4188.68,50264.16,Medium Value,3409,3409
CUST04429,2,4,4187.719999999999,2025-10-12,2026-01-02,2093.8599999999997,1340.6399999999999,82,2.7333333333333334,0.7317073170731707,4187.719999999999,1532.092682926829,18385.112195121947,Medium Value,3410,3410
CUST01688,3,7,4185.76,2024-11-11,2026-02-20,1395.2533333333333,870.36,466,15.533333333333333,0.19313304721030042,4185.76,269.4695278969957,3233.6343347639486,Medium Value,3411,3411
CUST03463,2,6,4183.41,2025-01-13,2025-03-20,2091.705,697.235,66,2.2,0.9090909090909091,4183.41,1901.5499999999997,22818.6,Medium Value,3412,3412
CUST04986,6,7,4182.8099999999995,2025-02-03,2026-05-16,697.1349999999999,626.2616666666667,467,15.566666666666666,0.3854389721627409,4182.8099999999995,268.70299785867235,3224.435974304068,Medium Value,3413,3413
CUST01077,4,5,4182.37,2025-02-16,2026-09-01,1045.5925,791.0,562,18.733333333333334,0.21352313167259784,4182.37,223.25818505338077,2679.0982206405693,Medium Value,3414,3414
CUST01705,3,4,4175.46,2025-06-10,2025-10-19,1391.82,957.02,131,4.366666666666666,0.6870229007633588,4175.46,956.2122137404581,11474.546564885497,Medium Value,3415,3415
CUST01056,2,5,4171.49,2025-04-13,2026-02-17,2085.745,1059.43,310,10.333333333333334,0.1935483870967742,4171.49,403.69258064516123,4844.310967741934,Medium Value,3416,3416
CUST01910,2,5,4170.22,2025-09-04,2026-09-29,2085.11,887.12,390,13.0,0.15384615384615385,4170.22,320.78615384615387,3849.4338461538464,Medium Value,3417,3417
CUST00271,2,6,4164.78,2026-03-19,2026-07-11,2082.39,887.99,114,3.8,0.5263157894736842,4164.78,1095.9947368421053,13151.936842105264,Medium Value,3418,3418
CUST00051,1,3,4161.24,2025-03-26,2025-03-26,4161.24,1387.08,0,0.0,1.0,4161.24,4161.24,49934.88,Medium Value,3419,3419
CUST03255,2,4,4159.01,2024-12-04,2026-04-09,2079.505,1132.435,491,16.366666666666667,0.12219959266802444,4159.01,254.11466395112018,3049.375967413442,Medium Value,3420,3420
CUST02396,3,5,4157.04,2025-08-13,2026-08-04,1385.68,1025.9433333333334,356,11.866666666666667,0.25280898876404495,4157.04,350.3123595505618,4203.748314606742,Medium Value,3421,3421
CUST03900,1,4,4155.68,2026-08-30,2026-08-30,4155.68,1038.92,0,0.0,1.0,4155.68,4155.68,49868.16,Medium Value,3422,3422
CUST04762,2,5,4154.16,2025-02-12,2026-08-30,2077.08,813.275,564,18.8,0.10638297872340426,4154.16,220.9659574468085,2651.591489361702,Medium Value,3423,3423
CUST02631,2,4,4153.94,2026-07-10,2026-08-06,2076.97,1358.73,27,0.9,2.0,4153.94,4153.94,49847.28,Medium Value,3424,3424
CUST00442,2,5,4153.4400000000005,2025-07-02,2026-04-11,2076.7200000000003,870.2750000000001,283,9.433333333333334,0.21201413427561838,4153.4400000000005,440.29399293286224,5283.527915194347,Medium Value,3425,3425
CUST04332,2,4,4153.2699999999995,2026-06-23,2026-09-16,2076.6349999999998,833.055,85,2.8333333333333335,0.7058823529411764,4153.2699999999995,1465.8599999999997,17590.319999999996,Medium Value,3426,3426
CUST04941,1,3,4150.68,2026-10-14,2026-10-14,4150.68,1383.56,0,0.0,1.0,4150.68,4150.68,49808.16,Medium Value,3427,3427
CUST03147,2,5,4150.57,2025-03-03,2026-07-18,2075.285,697.01,502,16.733333333333334,0.1195219123505976,4150.57,248.04203187250994,2976.5043824701193,Medium Value,3428,3428
CUST04624,2,5,4148.21,2025-01-16,2026-01-13,2074.105,848.4100000000001,362,12.066666666666666,0.16574585635359115,4148.21,343.7743093922652,4125.291712707182,Medium Value,3429,3429
CUST02418,5,6,4147.8,2024-12-02,2026-06-12,829.5600000000001,693.466,557,18.566666666666666,0.26929982046678635,4147.8,223.4003590664273,2680.8043087971278,Medium Value,3430,3430
CUST01165,3,4,4146.8,2025-01-19,2026-08-02,1382.2666666666667,1073.66,560,18.666666666666668,0.1607142857142857,4146.8,222.15,2665.8,Medium Value,3431,3431
CUST02551,2,4,4146.48,2026-06-04,2026-06-06,2073.24,925.15,2,0.06666666666666667,2.0,4146.48,4146.48,49757.759999999995,Medium Value,3432,3432
CUST04750,2,4,4143.3099999999995,2026-05-22,2026-09-11,2071.6549999999997,1110.325,112,3.7333333333333334,0.5357142857142857,4143.3099999999995,1109.8151785714283,13317.78214285714,Medium Value,3433,3433
CUST00170,3,4,4141.99,2025-05-26,2026-01-10,1380.6633333333332,1249.0833333333333,229,7.633333333333334,0.3930131004366812,4141.99,542.6187772925764,6511.425327510917,Medium Value,3434,3434
CUST01216,1,3,4132.98,2026-02-09,2026-02-09,4132.98,1377.66,0,0.0,1.0,4132.98,4132.98,49595.759999999995,Medium Value,3435,3435
CUST02399,3,6,4129.8099999999995,2025-08-30,2026-11-18,1376.6033333333332,638.8833333333333,445,14.833333333333334,0.20224719101123595,4129.8099999999995,278.41415730337076,3340.969887640449,Medium Value,3436,3436
CUST02433,2,3,4129.12,2025-01-11,2025-01-24,2064.56,1270.0900000000001,13,0.43333333333333335,2.0,4129.12,4129.12,49549.44,Medium Value,3437,3437
CUST04133,2,6,4125.66,2025-09-06,2025-10-03,2062.83,687.61,27,0.9,2.0,4125.66,4125.66,49507.92,Medium Value,3438,3438
CUST01680,2,4,4122.27,2025-04-01,2026-05-19,2061.135,938.885,413,13.766666666666667,0.14527845036319612,4122.27,299.4384987893463,3593.261985472155,Medium Value,3439,3439
CUST04288,2,5,4114.68,2025-01-21,2026-07-30,2057.34,849.88,555,18.5,0.10810810810810811,4114.68,222.41513513513516,2668.981621621622,Medium Value,3440,3440
CUST00520,4,6,4110.42,2025-05-18,2025-12-02,1027.605,819.2550000000001,198,6.6,0.6060606060606061,4110.42,622.7909090909092,7473.49090909091,Medium Value,3441,3441
CUST01160,3,9,4110.03,2025-04-23,2026-08-17,1370.01,635.79,481,16.033333333333335,0.1871101871101871,4110.03,256.3428274428274,3076.1139293139286,Medium Value,3442,3442
CUST00233,3,5,4103.530000000001,2024-12-23,2026-08-20,1367.8433333333335,778.5833333333334,605,20.166666666666668,0.1487603305785124,4103.530000000001,203.48082644628101,2441.769917355372,Medium Value,3443,3443
CUST02960,2,4,4102.57,2026-01-02,2026-01-15,2051.285,1149.455,13,0.43333333333333335,2.0,4102.57,4102.57,49230.84,Medium Value,3444,3444
CUST02584,3,10,4100.77,2025-02-04,2025-10-17,1366.9233333333334,406.69,255,8.5,0.35294117647058826,4100.77,482.44352941176476,5789.322352941177,Medium Value,3445,3445
CUST00719,3,3,4097.64,2025-08-28,2026-03-07,1365.88,1365.88,191,6.366666666666666,0.47120418848167545,4097.64,643.6083769633509,7723.30052356021,Medium Value,3446,3446
CUST00404,3,6,4090.22,2026-09-24,2026-11-17,1363.4066666666665,611.3833333333333,54,1.8,1.6666666666666665,4090.22,2272.3444444444444,27268.13333333333,Medium Value,3447,3447
CUST00275,4,4,4088.7,2025-06-19,2026-11-04,1022.175,1022.175,503,16.766666666666666,0.2385685884691849,4088.7,243.85884691848906,2926.306163021869,Medium Value,3448,3448
CUST04984,3,5,4085.2799999999997,2025-01-30,2025-07-15,1361.76,849.0033333333334,166,5.533333333333333,0.5421686746987951,4085.2799999999997,738.3036144578313,8859.643373493975,Medium Value,3449,3449
CUST03242,4,5,4083.32,2025-06-19,2026-04-17,1020.83,803.4,302,10.066666666666666,0.3973509933774835,4083.32,405.62781456953644,4867.533774834437,Medium Value,3450,3450
CUST02172,3,5,4078.13,2024-11-09,2025-10-26,1359.3766666666668,899.3766666666667,351,11.7,0.25641025641025644,4078.13,348.55811965811967,4182.697435897436,Medium Value,3451,3451
CUST01319,4,7,4077.96,2025-02-09,2026-09-13,1019.49,726.1125,581,19.366666666666667,0.20654044750430292,4077.96,210.5659208261618,2526.7910499139416,Medium Value,3452,3452
CUST01753,2,5,4077.2599999999998,2025-02-18,2026-05-16,2038.6299999999999,722.3499999999999,452,15.066666666666666,0.13274336283185842,4077.2599999999998,270.6146017699115,3247.3752212389377,Medium Value,3453,3453
CUST04396,3,4,4074.54,2026-01-04,2026-06-12,1358.18,1041.6933333333334,159,5.3,0.5660377358490566,4074.54,768.7811320754718,9225.373584905661,Medium Value,3454,3454
CUST01502,3,5,4070.17,2025-08-26,2026-11-04,1356.7233333333334,786.4033333333333,435,14.5,0.20689655172413793,4070.17,280.7013793103448,3368.4165517241377,Medium Value,3455,3455
CUST01016,3,6,4069.0000000000005,2025-02-05,2026-07-24,1356.3333333333335,694.0300000000001,534,17.8,0.16853932584269662,4069.0000000000005,228.59550561797755,2743.1460674157306,Medium Value,3456,3456
CUST00433,1,5,4066.6,2026-08-06,2026-08-06,4066.6,813.32,0,0.0,1.0,4066.6,4066.6,48799.2,Medium Value,3457,3457
CUST02156,2,3,4065.73,2025-01-08,2025-07-02,2032.865,1222.6,175,5.833333333333333,0.34285714285714286,4065.73,696.9822857142858,8363.78742857143,Medium Value,3458,3458
CUST04795,3,5,4059.92,2024-12-14,2026-03-13,1353.3066666666666,1041.8466666666666,454,15.133333333333333,0.19823788546255508,4059.92,268.2766519823789,3219.3198237885467,Medium Value,3459,3459
CUST02338,1,4,4059.56,2026-06-10,2026-06-10,4059.56,1014.89,0,0.0,1.0,4059.56,4059.56,48714.72,Medium Value,3460,3460
CUST03814,3,8,4052.78,2024-12-14,2026-12-09,1350.9266666666667,561.6633333333333,725,24.166666666666668,0.12413793103448276,4052.78,167.70124137931035,2012.4148965517243,Medium Value,3461,3461
CUST04875,3,5,4050.24,2024-11-26,2026-10-01,1350.08,832.32,674,22.466666666666665,0.13353115727002968,4050.24,180.27774480712168,2163.33293768546,Medium Value,3462,3462
CUST04737,2,4,4046.4799999999996,2025-02-25,2025-07-08,2023.2399999999998,1011.6199999999999,133,4.433333333333334,0.45112781954887216,4046.4799999999996,912.73984962406,10952.87819548872,Medium Value,3463,3463
CUST04508,3,5,4042.3200000000006,2025-04-28,2025-12-09,1347.4400000000003,864.6600000000002,225,7.5,0.4,4042.3200000000006,538.9760000000001,6467.712000000001,Medium Value,3464,3464
CUST00876,2,3,4041.94,2025-12-18,2026-06-16,2020.97,1194.39,180,6.0,0.3333333333333333,4041.94,673.6566666666666,8083.879999999999,Medium Value,3465,3465
CUST01586,2,4,4038.49,2026-03-17,2026-11-14,2019.245,1275.105,242,8.066666666666666,0.24793388429752067,4038.49,500.6392561983471,6007.671074380165,Medium Value,3466,3466
CUST02668,4,7,4038.01,2026-01-28,2026-07-27,1009.5025,708.325,180,6.0,0.6666666666666666,4038.01,673.0016666666667,8076.02,Medium Value,3467,3467
CUST01491,2,3,4035.63,2025-12-25,2026-07-23,2017.815,1467.47,210,7.0,0.2857142857142857,4035.63,576.5185714285715,6918.222857142858,Medium Value,3468,3468
CUST02395,2,4,4031.9,2025-02-17,2026-09-04,2015.95,1007.975,564,18.8,0.10638297872340426,4031.9,214.4627659574468,2573.553191489362,Medium Value,3469,3469
CUST03173,2,3,4027.94,2026-04-27,2026-05-04,2013.97,1162.2,7,0.23333333333333334,2.0,4027.94,4027.94,48335.28,Medium Value,3470,3470
CUST03337,3,4,4027.5600000000004,2025-03-31,2026-09-27,1342.5200000000002,1109.91,545,18.166666666666668,0.16513761467889906,4027.5600000000004,221.7005504587156,2660.4066055045873,Medium Value,3471,3471
CUST01535,3,3,4026.6,2024-11-19,2026-06-10,1342.2,1342.2,568,18.933333333333334,0.15845070422535212,4026.6,212.6725352112676,2552.070422535211,Medium Value,3472,3472
CUST02141,5,5,4026.4700000000003,2025-01-29,2026-06-25,805.2940000000001,805.2940000000001,512,17.066666666666666,0.29296875,4026.4700000000003,235.9259765625,2831.1117187500004,Medium Value,3473,3473
CUST00249,2,4,4025.4300000000003,2025-07-31,2025-12-24,2012.7150000000001,1006.595,146,4.866666666666666,0.4109589041095891,4025.4300000000003,827.1431506849316,9925.717808219179,Medium Value,3474,3474
CUST03693,2,3,4022.64,2025-12-31,2026-07-16,2011.32,1333.17,197,6.566666666666666,0.30456852791878175,4022.64,612.584771573604,7351.017258883248,Medium Value,3475,3475
CUST02990,3,5,4021.67,2025-06-02,2026-03-11,1340.5566666666666,1028.6366666666665,282,9.4,0.3191489361702127,4021.67,427.8372340425532,5134.046808510639,Medium Value,3476,3476
CUST01874,2,4,4011.63,2025-05-08,2025-05-25,2005.815,863.775,17,0.5666666666666667,2.0,4011.63,4011.63,48139.56,Medium Value,3477,3477
CUST02229,2,4,4011.38,2025-07-17,2025-08-26,2005.69,806.27,40,1.3333333333333333,1.5,4011.38,3008.5350000000003,36102.420000000006,Medium Value,3478,3478
CUST02720,2,5,4009.8,2025-02-07,2026-02-11,2004.9,877.995,369,12.3,0.16260162601626016,4009.8,326.0,3912.0,Medium Value,3479,3479
CUST02169,3,5,4008.9100000000003,2025-02-28,2026-07-02,1336.3033333333335,734.61,489,16.3,0.18404907975460122,4008.9100000000003,245.94539877300613,2951.3447852760737,Medium Value,3480,3480
CUST03189,4,6,4008.69,2025-04-11,2026-03-16,1002.1725,690.1949999999999,339,11.3,0.35398230088495575,4008.69,354.7513274336283,4257.01592920354,Medium Value,3481,3481
CUST01589,2,3,4008.05,2025-01-08,2025-06-06,2004.025,1351.625,149,4.966666666666667,0.40268456375838924,4008.05,806.9899328859061,9683.879194630874,Medium Value,3482,3482
CUST00255,2,7,3995.7200000000003,2025-10-02,2026-05-21,1997.8600000000001,595.275,231,7.7,0.2597402597402597,3995.7200000000003,518.9246753246754,6227.096103896105,Medium Value,3483,3483
CUST04451,2,5,3994.23,2025-05-01,2026-03-18,1997.115,719.655,321,10.7,0.1869158878504673,3994.23,373.292523364486,4479.510280373832,Medium Value,3484,3484
CUST01632,2,4,3990.75,2025-04-16,2026-05-17,1995.375,1013.4649999999999,396,13.2,0.15151515151515152,3990.75,302.3295454545455,3627.954545454546,Medium Value,3485,3485
CUST04240,2,6,3990.44,2025-01-11,2025-10-13,1995.22,775.095,275,9.166666666666666,0.2181818181818182,3990.44,435.3207272727273,5223.848727272728,Medium Value,3486,3486
CUST01198,2,7,3985.88,2025-07-23,2026-04-28,1992.94,713.945,279,9.3,0.2150537634408602,3985.88,428.58924731182793,5143.070967741935,Medium Value,3487,3487
CUST02058,3,4,3984.87,2025-06-03,2026-06-03,1328.29,1176.1200000000001,365,12.166666666666666,0.24657534246575344,3984.87,327.52356164383565,3930.282739726028,Medium Value,3488,3488
CUST00477,2,4,3984.2200000000003,2026-07-09,2026-07-21,1992.1100000000001,996.0550000000001,12,0.4,2.0,3984.2200000000003,3984.2200000000003,47810.64,Medium Value,3489,3489
CUST03158,2,5,3980.2299999999996,2024-11-22,2026-05-19,1990.1149999999998,786.095,543,18.1,0.11049723756906077,3980.2299999999996,219.90220994475135,2638.826519337016,Medium Value,3490,3490
CUST00626,3,5,3978.14,2024-12-29,2026-11-25,1326.0466666666666,883.6466666666666,696,23.2,0.12931034482758622,3978.14,171.47155172413792,2057.658620689655,Medium Value,3491,3491
CUST03904,2,6,3978.1000000000004,2026-03-21,2026-03-25,1989.0500000000002,1211.0900000000001,4,0.13333333333333333,2.0,3978.1000000000004,3978.1000000000004,47737.200000000004,Medium Value,3492,3492
CUST00214,3,4,3977.2,2025-08-04,2025-11-24,1325.7333333333333,1021.48,112,3.7333333333333334,0.8035714285714286,3977.2,1065.3214285714284,12783.857142857141,Medium Value,3493,3493
CUST00361,3,4,3975.84,2025-05-09,2026-05-20,1325.28,929.4466666666667,376,12.533333333333333,0.2393617021276596,3975.84,317.2212765957447,3806.6553191489365,Medium Value,3494,3494
CUST01269,3,6,3975.16,2026-01-15,2026-07-12,1325.0533333333333,960.7933333333334,178,5.933333333333334,0.5056179775280899,3975.16,669.9707865168539,8039.6494382022465,Medium Value,3495,3495
CUST03832,2,5,3967.57,2025-05-28,2026-08-27,1983.785,703.94,456,15.2,0.13157894736842105,3967.57,261.0243421052632,3132.292105263158,Medium Value,3496,3496
CUST00959,3,4,3962.96,2025-08-15,2026-06-02,1320.9866666666667,912.21,291,9.7,0.30927835051546393,3962.96,408.55257731958767,4902.630927835052,Medium Value,3497,3497
CUST02939,2,5,3955.4399999999996,2026-03-03,2026-07-21,1977.7199999999998,769.9300000000001,140,4.666666666666667,0.42857142857142855,3955.4399999999996,847.5942857142855,10171.131428571427,Medium Value,3498,3498
CUST04392,3,3,3954.29,2025-01-04,2025-05-31,1318.0966666666666,1318.0966666666666,147,4.9,0.6122448979591836,3954.29,806.9979591836734,9683.97551020408,Medium Value,3499,3499
CUST03791,4,4,3950.59,2025-04-25,2025-08-12,987.6475,987.6475,109,3.6333333333333333,1.1009174311926606,3950.59,1087.3183486238534,13047.820183486241,Medium Value,3500,3500
CUST02733,2,5,3949.1,2026-06-27,2026-11-01,1974.55,1056.13,127,4.233333333333333,0.47244094488188976,3949.1,932.8582677165354,11194.299212598424,Medium Value,3501,3501
CUST03604,2,3,3948.8100000000004,2025-09-09,2026-01-13,1974.4050000000002,1209.955,126,4.2,0.47619047619047616,3948.8100000000004,940.1928571428572,11282.314285714287,Medium Value,3502,3502
CUST00186,2,4,3939.76,2025-05-28,2025-08-21,1969.88,795.78,85,2.8333333333333335,0.7058823529411764,3939.76,1390.5035294117647,16686.04235294118,Medium Value,3503,3503
CUST03461,2,3,3939.5600000000004,2025-05-26,2025-12-09,1969.7800000000002,1506.085,197,6.566666666666666,0.30456852791878175,3939.5600000000004,599.9329949238579,7199.195939086295,Medium Value,3504,3504
CUST01146,2,5,3939.04,2025-10-26,2026-10-27,1969.52,808.71,366,12.2,0.1639344262295082,3939.04,322.872131147541,3874.4655737704916,Medium Value,3505,3505
CUST03452,2,3,3937.96,2025-06-16,2025-08-02,1968.98,1314.7150000000001,47,1.5666666666666667,1.2765957446808511,3937.96,2513.5914893617023,30163.097872340426,Medium Value,3506,3506
CUST00726,3,7,3935.9100000000003,2025-07-05,2026-04-19,1311.97,791.1966666666667,288,9.6,0.3125,3935.9100000000003,409.990625,4919.887500000001,Medium Value,3507,3507
CUST01495,4,7,3931.2,2025-02-20,2026-10-04,982.8,641.1975,591,19.7,0.20304568527918782,3931.2,199.55329949238578,2394.639593908629,Medium Value,3508,3508
CUST04414,2,3,3911.57,2025-05-30,2026-04-07,1955.785,1212.16,312,10.4,0.1923076923076923,3911.57,376.1125,4513.35,Medium Value,3509,3509
CUST04909,4,6,3911.1099999999997,2025-01-05,2026-10-18,977.7774999999999,753.5775,651,21.7,0.18433179723502305,3911.1099999999997,180.23548387096773,2162.8258064516126,Medium Value,3510,3510
CUST02337,3,4,3909.73,2025-11-06,2026-07-25,1303.2433333333333,1033.9166666666667,261,8.7,0.3448275862068966,3909.73,449.39425287356323,5392.731034482758,Medium Value,3511,3511
CUST04730,4,5,3907.74,2025-08-18,2026-09-10,976.935,738.24,388,12.933333333333334,0.30927835051546393,3907.74,302.1448453608247,3625.7381443298964,Medium Value,3512,3512
CUST03819,2,5,3903.27,2026-02-01,2026-12-02,1951.635,836.985,304,10.133333333333333,0.19736842105263158,3903.27,385.19111842105264,4622.293421052632,Medium Value,3513,3513
CUST02903,2,3,3902.5299999999997,2025-11-26,2026-08-06,1951.2649999999999,1249.46,253,8.433333333333334,0.23715415019762845,3902.5299999999997,462.75059288537545,5553.007114624505,Medium Value,3514,3514
CUST01192,1,3,3900.78,2025-10-20,2025-10-20,3900.78,1300.26,0,0.0,1.0,3900.78,3900.78,46809.36,Medium Value,3515,3515
CUST00319,4,8,3899.11,2025-04-30,2026-06-06,974.7775,543.47,402,13.4,0.29850746268656714,3899.11,290.9783582089552,3491.7402985074627,Medium Value,3516,3516
CUST00199,2,7,3899.06,2025-10-20,2026-05-28,1949.53,584.9649999999999,220,7.333333333333333,0.27272727272727276,3899.06,531.69,6380.280000000001,Medium Value,3517,3517
CUST04515,2,3,3894.55,2025-05-29,2026-09-27,1947.275,1267.13,486,16.2,0.1234567901234568,3894.55,240.40432098765433,2884.851851851852,Medium Value,3518,3518
CUST03685,3,5,3892.0099999999998,2025-04-26,2025-10-12,1297.3366666666666,817.5233333333334,169,5.633333333333334,0.5325443786982248,3892.0099999999998,690.889349112426,8290.672189349112,Medium Value,3519,3519
CUST03380,2,5,3891.2700000000004,2025-03-20,2026-08-13,1945.6350000000002,722.655,511,17.033333333333335,0.11741682974559686,3891.2700000000004,228.45029354207438,2741.4035225048924,Medium Value,3520,3520
CUST01841,3,4,3890.58,2025-02-10,2025-12-02,1296.86,842.2766666666666,295,9.833333333333334,0.30508474576271183,3890.58,395.6522033898305,4747.826440677966,Medium Value,3521,3521
CUST00403,2,3,3887.7700000000004,2025-01-08,2025-06-04,1943.8850000000002,1160.93,147,4.9,0.4081632653061224,3887.7700000000004,793.4224489795919,9521.069387755102,Medium Value,3522,3522
CUST02811,3,6,3886.84,2025-08-11,2026-01-11,1295.6133333333335,706.59,153,5.1,0.5882352941176471,3886.84,762.1254901960785,9145.505882352943,Medium Value,3523,3523
CUST02510,3,5,3885.74,2025-08-19,2026-07-18,1295.2466666666667,773.7333333333332,333,11.1,0.2702702702702703,3885.74,350.06666666666666,4200.8,Medium Value,3524,3524
CUST01274,2,4,3884.56,2026-03-23,2026-10-17,1942.28,1224.47,208,6.933333333333334,0.28846153846153844,3884.56,560.2730769230769,6723.276923076923,Medium Value,3525,3525
CUST02096,3,4,3874.37,2025-11-14,2026-07-21,1291.4566666666667,905.3333333333334,249,8.3,0.36144578313253006,3874.37,466.79156626506017,5601.498795180722,Medium Value,3526,3526
CUST02190,1,5,3870.7,2025-12-23,2025-12-23,3870.7,774.14,0,0.0,1.0,3870.7,3870.7,46448.399999999994,Medium Value,3527,3527
CUST01285,3,7,3869.66,2025-07-11,2025-10-09,1289.8866666666665,717.3133333333334,90,3.0,1.0,3869.66,1289.8866666666665,15478.64,Medium Value,3528,3528
CUST03216,2,4,3865.63,2025-02-04,2025-09-15,1932.815,1230.465,223,7.433333333333334,0.26905829596412556,3865.63,520.0399103139014,6240.4789237668165,Medium Value,3529,3529
CUST01875,2,4,3865.04,2025-08-24,2026-09-05,1932.52,1219.5,377,12.566666666666666,0.15915119363395225,3865.04,307.5628647214854,3690.754376657825,Medium Value,3530,3530
CUST01739,3,4,3865.03,2025-04-19,2025-12-20,1288.3433333333335,902.8733333333333,245,8.166666666666666,0.3673469387755102,3865.03,473.2689795918368,5679.227755102042,Medium Value,3531,3531
CUST02028,1,4,3864.8,2026-09-20,2026-09-20,3864.8,966.2,0,0.0,1.0,3864.8,3864.8,46377.600000000006,Medium Value,3532,3532
CUST00601,2,5,3863.0099999999998,2026-08-07,2026-08-12,1931.5049999999999,598.86,5,0.16666666666666666,2.0,3863.0099999999998,3863.0099999999998,46356.119999999995,Medium Value,3533,3533
CUST00504,3,7,3860.68,2025-03-11,2026-03-29,1286.8933333333332,587.5,383,12.766666666666667,0.23498694516971277,3860.68,302.4031331592689,3628.837597911227,Medium Value,3534,3534
CUST00306,3,5,3860.07,2025-08-15,2026-08-13,1286.69,823.1166666666667,363,12.1,0.24793388429752067,3860.07,319.0140495867769,3828.1685950413225,Medium Value,3535,3535
CUST01834,3,3,3858.04,2026-06-09,2026-08-22,1286.0133333333333,1286.0133333333333,74,2.466666666666667,1.2162162162162162,3858.04,1564.0702702702702,18768.843243243242,Medium Value,3536,3536
CUST00972,4,6,3857.24,2025-01-03,2026-02-17,964.31,778.065,410,13.666666666666666,0.29268292682926833,3857.24,282.2370731707317,3386.8448780487806,Medium Value,3537,3537
CUST00148,3,4,3849.2100000000005,2025-06-22,2026-06-06,1283.0700000000002,867.27,349,11.633333333333333,0.25787965616045844,3849.2100000000005,330.8776504297995,3970.5318051575937,Medium Value,3538,3538
CUST01528,2,3,3848.56,2025-09-05,2026-03-10,1924.28,1181.655,186,6.2,0.3225806451612903,3848.56,620.7354838709678,7448.825806451613,Medium Value,3539,3539
CUST02874,3,6,3847.6600000000003,2025-12-28,2026-10-06,1282.5533333333335,655.7233333333334,282,9.4,0.3191489361702127,3847.6600000000003,409.32553191489365,4911.906382978724,Medium Value,3540,3540
CUST01662,3,6,3847.49,2025-06-23,2026-08-29,1282.4966666666667,658.9566666666666,432,14.4,0.20833333333333331,3847.49,267.1868055555555,3206.241666666666,Medium Value,3541,3541
CUST03955,2,3,3845.54,2025-04-29,2025-09-06,1922.77,1055.985,130,4.333333333333333,0.46153846153846156,3845.54,887.4323076923077,10649.187692307692,Medium Value,3542,3542
CUST04519,3,3,3843.41,2025-06-28,2026-05-08,1281.1366666666665,1281.1366666666665,314,10.466666666666667,0.28662420382165604,3843.41,367.2047770700637,4406.457324840764,Medium Value,3543,3543
CUST02137,3,4,3837.02,2025-05-18,2026-07-26,1279.0066666666667,1132.5533333333333,434,14.466666666666667,0.2073732718894009,3837.02,265.23179723502307,3182.7815668202766,Medium Value,3544,3544
CUST01880,1,3,3828.6,2025-12-27,2025-12-27,3828.6,1276.2,0,0.0,1.0,3828.6,3828.6,45943.2,Medium Value,3545,3545
CUST02980,2,4,3823.44,2024-12-31,2026-08-08,1911.72,976.38,585,19.5,0.10256410256410256,3823.44,196.07384615384615,2352.886153846154,Medium Value,3546,3546
CUST01375,2,2,3818.73,2025-10-22,2025-12-02,1909.365,1909.365,41,1.3666666666666667,1.4634146341463414,3818.73,2794.192682926829,33530.31219512195,Medium Value,3547,3547
CUST02704,2,3,3818.43,2025-06-26,2026-02-24,1909.215,1070.57,243,8.1,0.2469135802469136,3818.43,471.4111111111111,5656.933333333333,Medium Value,3548,3548
CUST02187,3,7,3817.6499999999996,2026-01-11,2026-06-23,1272.55,549.7866666666666,163,5.433333333333334,0.5521472392638036,3817.6499999999996,702.6349693251533,8431.61963190184,Medium Value,3549,3549
CUST03956,2,6,3817.06,2025-06-02,2025-10-10,1908.53,776.755,130,4.333333333333333,0.46153846153846156,3817.06,880.86,10570.32,Medium Value,3550,3550
CUST01580,1,3,3813.51,2026-04-24,2026-04-24,3813.51,1271.17,0,0.0,1.0,3813.51,3813.51,45762.12,Medium Value,3551,3551
CUST02348,2,3,3807.84,2025-07-07,2025-08-24,1903.92,1143.03,48,1.6,1.25,3807.84,2379.9,28558.800000000003,Medium Value,3552,3552
CUST03086,4,4,3802.91,2025-05-07,2026-10-04,950.7275,950.7275,515,17.166666666666668,0.23300970873786406,3802.91,221.52873786407764,2658.344854368932,Medium Value,3553,3553
CUST03397,4,6,3802.62,2025-04-07,2026-08-12,950.655,671.345,492,16.4,0.24390243902439027,3802.62,231.86707317073171,2782.4048780487806,Medium Value,3554,3554
CUST01393,2,3,3801.9100000000003,2025-08-03,2026-07-05,1900.9550000000002,1286.3850000000002,336,11.2,0.17857142857142858,3801.9100000000003,339.45625000000007,4073.475000000001,Medium Value,3555,3555
CUST04979,1,3,3800.13,2025-04-07,2025-04-07,3800.13,1266.71,0,0.0,1.0,3800.13,3800.13,45601.56,Medium Value,3556,3556
CUST01995,2,8,3794.7200000000003,2025-01-20,2026-05-02,1897.3600000000001,505.17,467,15.566666666666666,0.1284796573875803,3794.7200000000003,243.77216274089938,2925.2659528907925,Medium Value,3557,3557
CUST02084,1,4,3792.6,2026-08-18,2026-08-18,3792.6,948.15,0,0.0,1.0,3792.6,3792.6,45511.2,Medium Value,3558,3558
CUST00334,1,3,3790.74,2026-07-01,2026-07-01,3790.74,1263.58,0,0.0,1.0,3790.74,3790.74,45488.88,Medium Value,3559,3559
CUST00995,2,6,3790.19,2026-02-26,2026-07-15,1895.095,750.495,139,4.633333333333334,0.4316546762589928,3790.19,818.026618705036,9816.319424460431,Medium Value,3560,3560
CUST03371,3,3,3790.17,2026-03-01,2026-10-12,1263.39,1263.39,225,7.5,0.4,3790.17,505.356,6064.272,Medium Value,3561,3561
CUST01657,3,5,3786.54,2025-10-10,2026-08-14,1262.18,616.9,308,10.266666666666667,0.2922077922077922,3786.54,368.81883116883114,4425.825974025974,Medium Value,3562,3562
CUST03224,2,6,3784.41,2025-07-05,2026-09-21,1892.205,630.735,443,14.766666666666667,0.13544018058690743,3784.41,256.28058690744916,3075.36704288939,Medium Value,3563,3563
CUST02342,4,4,3783.83,2025-05-05,2026-04-07,945.9575,945.9575,337,11.233333333333333,0.3560830860534125,3783.83,336.83946587537093,4042.073590504451,Medium Value,3564,3564
CUST04859,3,3,3783.76,2026-04-13,2026-12-22,1261.2533333333333,1261.2533333333333,253,8.433333333333334,0.3557312252964427,3783.76,448.66719367588934,5384.006324110672,Medium Value,3565,3565
CUST00832,1,3,3777.75,2025-02-01,2025-02-01,3777.75,1259.25,0,0.0,1.0,3777.75,3777.75,45333.0,Medium Value,3566,3566
CUST02866,3,4,3776.95,2025-01-14,2025-11-15,1258.9833333333333,866.96,305,10.166666666666666,0.29508196721311475,3776.95,371.5032786885246,4458.039344262295,Medium Value,3567,3567
CUST03241,3,5,3776.56,2025-02-01,2026-12-13,1258.8533333333332,961.6066666666666,680,22.666666666666668,0.1323529411764706,3776.56,166.61294117647057,1999.3552941176467,Medium Value,3568,3568
CUST00285,2,3,3776.3,2025-06-04,2026-02-13,1888.15,1277.38,254,8.466666666666667,0.23622047244094488,3776.3,446.0196850393701,5352.236220472441,Medium Value,3569,3569
CUST03329,1,2,3768.52,2026-07-10,2026-07-10,3768.52,1884.26,0,0.0,1.0,3768.52,3768.52,45222.24,Medium Value,3570,3570
CUST04902,2,3,3764.7300000000005,2024-12-30,2026-04-26,1882.3650000000002,1182.6750000000002,482,16.066666666666666,0.12448132780082988,3764.7300000000005,234.31929460580915,2811.83153526971,Medium Value,3571,3571
CUST01621,3,4,3763.67,2025-12-03,2026-05-26,1254.5566666666666,862.1766666666666,174,5.8,0.5172413793103449,3763.67,648.9086206896552,7786.9034482758625,Medium Value,3572,3572
CUST02558,2,3,3762.34,2025-12-13,2026-01-16,1881.17,1274.71,34,1.1333333333333333,1.7647058823529411,3762.34,3319.7117647058826,39836.54117647059,Medium Value,3573,3573
CUST02459,3,4,3761.24,2025-12-23,2026-06-01,1253.7466666666667,983.31,160,5.333333333333333,0.5625,3761.24,705.2325,8462.789999999999,Medium Value,3574,3574
CUST01785,2,3,3758.2799999999997,2025-04-15,2026-02-20,1879.1399999999999,1313.275,311,10.366666666666667,0.19292604501607716,3758.2799999999997,362.5350482315112,4350.420578778135,Medium Value,3575,3575
CUST02063,4,4,3745.4,2025-11-30,2026-08-31,936.35,936.35,274,9.133333333333333,0.43795620437956206,3745.4,410.08029197080293,4920.963503649635,Medium Value,3576,3576
CUST04273,4,5,3741.4700000000003,2025-08-14,2026-08-12,935.3675000000001,809.5274999999999,363,12.1,0.3305785123966942,3741.4700000000003,309.21239669421493,3710.548760330579,Medium Value,3577,3577
CUST00685,3,4,3741.3999999999996,2026-03-17,2026-08-31,1247.1333333333332,797.1233333333333,167,5.566666666666666,0.5389221556886228,3741.3999999999996,672.1077844311377,8065.293413173653,Medium Value,3578,3578
CUST04263,2,6,3741.0,2025-02-25,2026-11-20,1870.5,1033.1399999999999,633,21.1,0.0947867298578199,3741.0,177.29857819905212,2127.5829383886253,Medium Value,3579,3579
CUST02157,2,4,3740.37,2026-01-29,2026-10-08,1870.185,931.895,252,8.4,0.23809523809523808,3740.37,445.28214285714284,5343.385714285714,Medium Value,3580,3580
CUST01826,2,4,3738.2599999999998,2026-04-13,2026-10-19,1869.1299999999999,1043.75,189,6.3,0.31746031746031744,3738.2599999999998,593.3746031746032,7120.495238095238,Medium Value,3581,3581
CUST04671,3,3,3738.1099999999997,2024-12-31,2026-11-05,1246.0366666666666,1246.0366666666666,674,22.466666666666665,0.13353115727002968,3738.1099999999997,166.3847181008902,1996.6166172106825,Medium Value,3582,3582
CUST04150,2,3,3735.7599999999998,2025-11-13,2026-08-11,1867.8799999999999,1232.59,271,9.033333333333333,0.22140221402214022,3735.7599999999998,413.55276752767526,4962.633210332103,Medium Value,3583,3583
CUST01797,2,3,3733.3999999999996,2025-01-15,2025-11-22,1866.6999999999998,1164.175,311,10.366666666666667,0.19292604501607716,3733.3999999999996,360.1350482315112,4321.620578778135,Medium Value,3584,3584
CUST04044,2,3,3732.22,2025-01-15,2025-05-05,1866.11,1204.19,110,3.6666666666666665,0.5454545454545455,3732.22,1017.8781818181818,12214.538181818181,Medium Value,3585,3585
CUST00787,2,5,3728.6499999999996,2025-05-05,2025-06-08,1864.3249999999998,787.76,34,1.1333333333333333,1.7647058823529411,3728.6499999999996,3289.985294117647,39479.82352941176,Medium Value,3586,3586
CUST01075,2,3,3725.4900000000002,2025-02-22,2025-03-20,1862.7450000000001,1033.395,26,0.8666666666666667,2.0,3725.4900000000002,3725.4900000000002,44705.880000000005,Medium Value,3587,3587
CUST04655,3,3,3723.17,2025-05-03,2026-08-30,1241.0566666666666,1241.0566666666666,484,16.133333333333333,0.18595041322314051,3723.17,230.775,2769.3,Medium Value,3588,3588
CUST03392,2,4,3720.0800000000004,2025-06-26,2025-07-10,1860.0400000000002,805.6200000000001,14,0.4666666666666667,2.0,3720.0800000000004,3720.0800000000004,44640.96000000001,Medium Value,3589,3589
CUST02312,2,3,3719.86,2025-02-03,2025-06-11,1859.93,1320.71,128,4.266666666666667,0.46875,3719.86,871.8421875,10462.10625,Medium Value,3590,3590
CUST02645,2,2,3717.41,2025-05-27,2026-01-04,1858.705,1858.705,222,7.4,0.27027027027027023,3717.41,502.3527027027027,6028.232432432433,Medium Value,3591,3591
CUST00184,4,6,3715.4700000000003,2025-04-19,2026-07-25,928.8675000000001,573.515,462,15.4,0.2597402597402597,3715.4700000000003,241.26428571428573,2895.171428571429,Medium Value,3592,3592
CUST00779,3,4,3712.92,2025-05-20,2026-12-16,1237.64,982.5099999999999,575,19.166666666666668,0.15652173913043477,3712.92,193.7175652173913,2324.6107826086954,Medium Value,3593,3593
CUST02379,4,5,3712.56,2025-04-01,2026-04-10,928.14,805.4325,374,12.466666666666667,0.32085561497326204,3712.56,297.79893048128343,3573.5871657754014,Medium Value,3594,3594
CUST02372,1,2,3709.62,2025-12-11,2025-12-11,3709.62,1854.81,0,0.0,1.0,3709.62,3709.62,44515.44,Medium Value,3595,3595
CUST02902,3,4,3708.6200000000003,2025-07-01,2026-02-04,1236.2066666666667,1070.1433333333334,218,7.266666666666667,0.41284403669724773,3708.6200000000003,510.36055045871564,6124.326605504588,Medium Value,3596,3596
CUST00914,3,4,3706.75,2025-09-09,2026-09-05,1235.5833333333333,952.1033333333334,361,12.033333333333333,0.24930747922437674,3706.75,308.0401662049862,3696.481994459834,Medium Value,3597,3597
CUST00251,3,4,3705.6099999999997,2024-12-29,2026-08-23,1235.2033333333331,959.9200000000001,602,20.066666666666666,0.14950166112956811,3705.6099999999997,184.66495016611293,2215.979401993355,Medium Value,3598,3598
CUST00923,1,3,3704.25,2025-01-03,2025-01-03,3704.25,1234.75,0,0.0,1.0,3704.25,3704.25,44451.0,Medium Value,3599,3599
CUST04690,1,2,3702.8,2025-07-26,2025-07-26,3702.8,1851.4,0,0.0,1.0,3702.8,3702.8,44433.600000000006,Medium Value,3600,3600
CUST02930,1,2,3702.62,2025-01-17,2025-01-17,3702.62,1851.31,0,0.0,1.0,3702.62,3702.62,44431.44,Medium Value,3601,3601
CUST03866,3,4,3701.5299999999997,2025-02-15,2025-09-02,1233.8433333333332,944.59,199,6.633333333333334,0.4522613065326633,3701.5299999999997,558.0195979899497,6696.235175879397,Medium Value,3602,3602
CUST01539,2,4,3697.3399999999997,2025-04-22,2025-10-02,1848.6699999999998,893.4300000000001,163,5.433333333333334,0.36809815950920244,3697.3399999999997,680.4920245398772,8165.904294478527,Low Value,3603,3603
CUST01690,3,4,3694.85,2025-08-29,2026-07-30,1231.6166666666666,1071.26,335,11.166666666666666,0.26865671641791045,3694.85,330.8820895522388,3970.585074626866,Low Value,3604,3604
CUST00505,1,3,3690.75,2025-08-22,2025-08-22,3690.75,1230.25,0,0.0,1.0,3690.75,3690.75,44289.0,Low Value,3605,3605
CUST00141,2,3,3683.58,2025-06-30,2025-10-06,1841.79,1226.78,98,3.2666666666666666,0.6122448979591837,3683.58,1127.626530612245,13531.51836734694,Low Value,3606,3606
CUST00578,2,6,3682.53,2026-05-02,2026-05-28,1841.265,872.0050000000001,26,0.8666666666666667,2.0,3682.53,3682.53,44190.36,Low Value,3607,3607
CUST04461,3,5,3682.25,2024-11-25,2025-07-03,1227.4166666666667,945.4366666666666,220,7.333333333333333,0.4090909090909091,3682.25,502.125,6025.5,Low Value,3608,3608
CUST01090,3,3,3680.25,2025-06-14,2026-05-22,1226.75,1226.75,342,11.4,0.2631578947368421,3680.25,322.82894736842104,3873.9473684210525,Low Value,3609,3609
CUST03733,1,4,3678.44,2026-08-20,2026-08-20,3678.44,919.61,0,0.0,1.0,3678.44,3678.44,44141.28,Low Value,3610,3610
CUST03544,1,3,3676.95,2026-10-01,2026-10-01,3676.95,1225.65,0,0.0,1.0,3676.95,3676.95,44123.399999999994,Low Value,3611,3611
CUST04703,2,4,3674.6099999999997,2025-06-11,2026-10-29,1837.3049999999998,888.785,505,16.833333333333332,0.11881188118811882,3674.6099999999997,218.29366336633663,2619.5239603960395,Low Value,3612,3612
CUST03427,2,5,3674.2999999999997,2026-04-10,2026-07-24,1837.1499999999999,947.5749999999999,105,3.5,0.5714285714285714,3674.2999999999997,1049.8,12597.599999999999,Low Value,3613,3613
CUST00378,1,4,3674.2,2026-01-31,2026-01-31,3674.2,918.55,0,0.0,1.0,3674.2,3674.2,44090.399999999994,Low Value,3614,3614
CUST02812,2,2,3673.02,2025-06-07,2026-06-22,1836.51,1836.51,380,12.666666666666666,0.15789473684210528,3673.02,289.97526315789474,3479.703157894737,Low Value,3615,3615
CUST03154,4,4,3661.1,2025-10-09,2026-08-24,915.275,915.275,319,10.633333333333333,0.3761755485893417,3661.1,344.30407523510974,4131.648902821316,Low Value,3616,3616
CUST01692,2,3,3658.58,2025-07-05,2025-09-21,1829.29,1176.545,78,2.6,0.7692307692307692,3658.58,1407.1461538461538,16885.753846153846,Low Value,3617,3617
CUST03993,1,4,3657.96,2026-11-01,2026-11-01,3657.96,914.49,0,0.0,1.0,3657.96,3657.96,43895.520000000004,Low Value,3618,3618
CUST04853,3,5,3656.41,2025-01-09,2025-07-26,1218.8033333333333,904.2566666666667,198,6.6,0.4545454545454546,3656.41,554.0015151515152,6648.018181818182,Low Value,3619,3619
CUST01289,3,3,3655.74,2026-01-19,2026-09-11,1218.58,1218.58,235,7.833333333333333,0.3829787234042553,3655.74,466.6902127659574,5600.28255319149,Low Value,3620,3620
CUST03521,3,6,3651.5,2024-12-18,2026-05-21,1217.1666666666667,594.7366666666667,519,17.3,0.17341040462427745,3651.5,211.0693641618497,2532.8323699421962,Low Value,3621,3621
CUST01617,2,4,3650.8599999999997,2025-01-30,2025-08-30,1825.4299999999998,848.0699999999999,212,7.066666666666666,0.2830188679245283,3650.8599999999997,516.6311320754717,6199.57358490566,Low Value,3622,3622
CUST02373,3,3,3647.5699999999997,2025-05-11,2026-07-30,1215.8566666666666,1215.8566666666666,445,14.833333333333334,0.20224719101123595,3647.5699999999997,245.90359550561794,2950.8431460674155,Low Value,3623,3623
CUST01123,4,4,3644.5699999999997,2025-06-09,2026-06-07,911.1424999999999,911.1424999999999,363,12.1,0.3305785123966942,3644.5699999999997,301.20413223140497,3614.4495867768596,Low Value,3624,3624
CUST02131,1,3,3644.19,2025-05-26,2025-05-26,3644.19,1214.73,0,0.0,1.0,3644.19,3644.19,43730.28,Low Value,3625,3625
CUST01615,2,3,3643.23,2026-03-09,2026-08-26,1821.615,1168.13,170,5.666666666666667,0.3529411764705882,3643.23,642.9229411764705,7715.075294117647,Low Value,3626,3626
CUST02915,4,4,3641.66,2025-01-25,2026-03-09,910.415,910.415,408,13.6,0.29411764705882354,3641.66,267.7691176470588,3213.2294117647057,Low Value,3627,3627
CUST03278,2,3,3633.68,2026-03-23,2026-06-01,1816.84,1206.92,70,2.3333333333333335,0.8571428571428571,3633.68,1557.2914285714285,18687.49714285714,Low Value,3628,3628
CUST02004,4,6,3629.99,2025-02-17,2026-08-13,907.4975,701.3199999999999,542,18.066666666666666,0.22140221402214022,3629.99,200.9219557195572,2411.063468634686,Low Value,3629,3629
CUST03408,2,4,3629.0,2025-10-16,2025-12-05,1814.5,919.36,50,1.6666666666666667,1.2,3629.0,2177.4,26128.800000000003,Low Value,3630,3630
CUST02517,3,9,3628.6099999999997,2025-04-27,2026-10-30,1209.5366666666666,382.84999999999997,551,18.366666666666667,0.16333938294010888,3628.6099999999997,197.56497277676948,2370.7796733212335,Low Value,3631,3631
CUST00508,2,4,3625.78,2025-05-21,2026-11-15,1812.89,894.6600000000001,543,18.1,0.11049723756906077,3625.78,200.3193370165746,2403.8320441988953,Low Value,3632,3632
CUST04608,1,3,3624.99,2025-06-23,2025-06-23,3624.99,1208.33,0,0.0,1.0,3624.99,3624.99,43499.88,Low Value,3633,3633
CUST01066,3,5,3621.45,2025-06-17,2026-06-30,1207.1499999999999,907.89,378,12.6,0.2380952380952381,3621.45,287.4166666666667,3449.0,Low Value,3634,3634
CUST00633,2,4,3618.12,2025-02-04,2025-05-24,1809.06,809.02,109,3.6333333333333333,0.5504587155963303,3618.12,995.8128440366972,11949.754128440367,Low Value,3635,3635
CUST04985,2,3,3615.65,2025-03-14,2026-04-19,1807.825,1235.2150000000001,401,13.366666666666667,0.14962593516209477,3615.65,270.49750623441395,3245.970074812967,Low Value,3636,3636
CUST03119,3,7,3614.7200000000003,2025-10-12,2026-01-29,1204.9066666666668,627.9333333333333,109,3.6333333333333333,0.8256880733944955,3614.7200000000003,994.8770642201836,11938.524770642203,Low Value,3637,3637
CUST04352,2,4,3614.5099999999998,2026-03-23,2026-11-20,1807.2549999999999,861.625,242,8.066666666666666,0.24793388429752067,3614.5099999999998,448.0797520661157,5376.957024793388,Low Value,3638,3638
CUST01734,3,5,3613.54,2024-12-26,2026-06-13,1204.5133333333333,789.6600000000002,534,17.8,0.16853932584269662,3613.54,203.00786516853933,2436.094382022472,Low Value,3639,3639
CUST02576,2,4,3606.16,2025-07-30,2025-12-29,1803.08,878.27,152,5.066666666666666,0.39473684210526316,3606.16,711.7421052631579,8540.905263157894,Low Value,3640,3640
CUST03569,2,4,3605.96,2025-10-15,2025-11-20,1802.98,732.57,36,1.2,1.6666666666666667,3605.96,3004.9666666666667,36059.6,Low Value,3641,3641
CUST01850,2,3,3603.9700000000003,2026-07-07,2026-07-28,1801.9850000000001,1287.48,21,0.7,2.0,3603.9700000000003,3603.9700000000003,43247.64,Low Value,3642,3642
CUST04279,2,3,3602.8900000000003,2025-08-17,2025-08-23,1801.4450000000002,1005.625,6,0.2,2.0,3602.8900000000003,3602.8900000000003,43234.68000000001,Low Value,3643,3643
CUST03897,3,4,3598.91,2025-05-26,2026-07-04,1199.6366666666665,896.0466666666667,404,13.466666666666667,0.22277227722772278,3598.91,267.2457920792079,3206.949504950495,Low Value,3644,3644
CUST00390,3,4,3582.7200000000003,2025-01-06,2025-06-13,1194.24,863.8733333333333,158,5.266666666666667,0.569620253164557,3582.7200000000003,680.2632911392406,8163.159493670886,Low Value,3645,3645
CUST03076,4,6,3580.75,2025-01-22,2026-07-09,895.1875,671.8775,533,17.766666666666666,0.22514071294559101,3580.75,201.54315196998124,2418.517823639775,Low Value,3646,3646
CUST03992,2,4,3579.9,2025-08-14,2025-08-19,1789.95,894.975,5,0.16666666666666666,2.0,3579.9,3579.9,42958.8,Low Value,3647,3647
CUST00580,1,4,3579.36,2025-06-02,2025-06-02,3579.36,894.84,0,0.0,1.0,3579.36,3579.36,42952.32,Low Value,3648,3648
CUST00510,1,2,3578.64,2026-10-29,2026-10-29,3578.64,1789.32,0,0.0,1.0,3578.64,3578.64,42943.68,Low Value,3649,3649
CUST04584,3,5,3572.68,2025-04-11,2025-10-08,1190.8933333333332,866.2066666666666,180,6.0,0.5,3572.68,595.4466666666666,7145.359999999999,Low Value,3650,3650
CUST01054,1,2,3569.32,2026-07-29,2026-07-29,3569.32,1784.66,0,0.0,1.0,3569.32,3569.32,42831.840000000004,Low Value,3651,3651
CUST03275,3,4,3568.8,2025-07-13,2026-09-25,1189.6000000000001,950.0666666666667,439,14.633333333333333,0.2050113895216401,3568.8,243.8815489749431,2926.578587699317,Low Value,3652,3652
CUST00907,4,7,3568.6800000000003,2024-11-27,2026-06-21,892.1700000000001,569.5125,571,19.033333333333335,0.21015761821366022,3568.6800000000003,187.49632224168127,2249.9558669001754,Low Value,3653,3653
CUST04353,2,5,3567.61,2025-01-23,2026-01-01,1783.805,660.935,343,11.433333333333334,0.1749271137026239,3567.61,312.035860058309,3744.4303206997083,Low Value,3654,3654
CUST04009,2,4,3566.5699999999997,2025-07-20,2025-09-28,1783.2849999999999,966.425,70,2.3333333333333335,0.8571428571428571,3566.5699999999997,1528.5299999999997,18342.359999999997,Low Value,3655,3655
CUST00471,2,4,3563.64,2025-07-07,2026-06-14,1781.82,890.91,342,11.4,0.17543859649122806,3563.64,312.59999999999997,3751.2,Low Value,3656,3656
CUST00588,2,3,3562.92,2024-12-17,2025-06-13,1781.46,1270.495,178,5.933333333333334,0.33707865168539325,3562.92,600.4921348314607,7205.905617977529,Low Value,3657,3657
CUST03925,4,7,3562.1400000000003,2024-11-08,2026-04-28,890.5350000000001,648.0600000000001,536,17.866666666666667,0.22388059701492538,3562.1400000000003,199.37350746268658,2392.482089552239,Low Value,3658,3658
CUST01508,2,4,3560.9,2025-05-17,2026-06-30,1780.45,952.1100000000001,409,13.633333333333333,0.1466992665036675,3560.9,261.1907090464548,3134.2885085574576,Low Value,3659,3659
CUST04482,2,3,3555.71,2026-03-02,2026-08-19,1777.855,1119.71,170,5.666666666666667,0.3529411764705882,3555.71,627.4782352941177,7529.738823529412,Low Value,3660,3660
CUST04649,1,4,3555.0,2025-09-21,2025-09-21,3555.0,888.75,0,0.0,1.0,3555.0,3555.0,42660.0,Low Value,3661,3661
CUST04178,4,4,3550.8900000000003,2025-02-09,2026-05-14,887.7225000000001,887.7225000000001,459,15.3,0.26143790849673204,3550.8900000000003,232.0843137254902,2785.0117647058823,Low Value,3662,3662
CUST01637,4,5,3549.55,2025-08-02,2026-07-17,887.3875,782.155,349,11.633333333333333,0.34383954154727797,3549.55,305.1189111747851,3661.4269340974215,Low Value,3663,3663
CUST03655,3,3,3543.9,2025-01-08,2026-08-22,1181.3,1181.3,591,19.7,0.15228426395939088,3543.9,179.89340101522845,2158.7208121827416,Low Value,3664,3664
CUST04640,3,6,3543.51,2026-01-20,2026-10-22,1181.17,652.3233333333334,275,9.166666666666666,0.32727272727272727,3543.51,386.56472727272734,4638.776727272728,Low Value,3665,3665
CUST02947,4,4,3543.18,2025-06-04,2026-04-30,885.795,885.795,330,11.0,0.36363636363636365,3543.18,322.1072727272727,3865.2872727272725,Low Value,3666,3666
CUST01351,2,6,3542.56,2026-01-25,2026-08-25,1771.28,974.34,212,7.066666666666666,0.2830188679245283,3542.56,501.3056603773585,6015.667924528302,Low Value,3667,3667
CUST00375,1,3,3541.53,2025-11-10,2025-11-10,3541.53,1180.51,0,0.0,1.0,3541.53,3541.53,42498.36,Low Value,3668,3668
CUST04576,2,3,3540.65,2025-10-21,2026-03-13,1770.325,1390.155,143,4.766666666666667,0.4195804195804196,3540.65,742.7937062937064,8913.524475524477,Low Value,3669,3669
CUST02748,2,5,3538.17,2026-01-28,2026-06-30,1769.085,1190.565,153,5.1,0.3921568627450981,3538.17,693.7588235294119,8325.105882352942,Low Value,3670,3670
CUST01256,2,3,3537.92,2025-04-25,2026-01-02,1768.96,1212.255,252,8.4,0.23809523809523808,3537.92,421.18095238095236,5054.171428571428,Low Value,3671,3671
CUST00710,2,5,3535.4500000000003,2025-09-30,2025-12-23,1767.7250000000001,782.3050000000001,84,2.8,0.7142857142857143,3535.4500000000003,1262.6607142857144,15151.928571428572,Low Value,3672,3672
CUST02503,3,5,3534.93,2024-12-23,2026-08-18,1178.31,876.7833333333333,603,20.1,0.14925373134328357,3534.93,175.86716417910446,2110.4059701492533,Low Value,3673,3673
CUST02813,2,5,3534.61,2025-02-23,2025-10-04,1767.305,863.78,223,7.433333333333334,0.26905829596412556,3534.61,475.50807174887893,5706.096860986547,Low Value,3674,3674
CUST00986,1,3,3534.18,2025-07-15,2025-07-15,3534.18,1178.06,0,0.0,1.0,3534.18,3534.18,42410.159999999996,Low Value,3675,3675
CUST01037,4,5,3532.95,2025-09-03,2026-11-27,883.2375,805.43,450,15.0,0.26666666666666666,3532.95,235.53,2826.36,Low Value,3676,3676
CUST04747,3,4,3531.7,2025-03-27,2025-06-16,1177.2333333333333,922.5466666666666,81,2.7,1.111111111111111,3531.7,1308.037037037037,15696.444444444443,Low Value,3677,3677
CUST04976,3,3,3527.85,2025-03-13,2026-04-07,1175.95,1175.95,390,13.0,0.23076923076923078,3527.85,271.3730769230769,3256.4769230769225,Low Value,3678,3678
CUST04505,3,4,3525.36,2025-04-25,2026-01-01,1175.1200000000001,881.41,251,8.366666666666667,0.3585657370517928,3525.36,421.3577689243028,5056.2932270916335,Low Value,3679,3679
CUST00674,3,3,3524.16,2026-03-28,2026-08-25,1174.72,1174.72,150,5.0,0.6,3524.16,704.832,8457.984,Low Value,3680,3680
CUST00696,2,5,3523.9700000000003,2025-06-03,2025-12-15,1761.9850000000001,767.855,195,6.5,0.3076923076923077,3523.9700000000003,542.1492307692308,6505.79076923077,Low Value,3681,3681
CUST00614,2,4,3523.1600000000003,2025-01-12,2026-05-08,1761.5800000000002,807.55,481,16.033333333333335,0.12474012474012473,3523.1600000000003,219.73970893970895,2636.8765072765073,Low Value,3682,3682
CUST03753,2,4,3523.13,2025-08-27,2025-12-19,1761.565,957.285,114,3.8,0.5263157894736842,3523.13,927.1394736842105,11125.673684210527,Low Value,3683,3683
CUST01823,2,5,3521.7,2026-01-24,2026-02-04,1760.85,1118.295,11,0.36666666666666664,2.0,3521.7,3521.7,42260.399999999994,Low Value,3684,3684
CUST00290,5,6,3521.54,2025-07-22,2026-11-09,704.308,609.104,475,15.833333333333334,0.3157894736842105,3521.54,222.41305263157895,2668.9566315789475,Low Value,3685,3685
CUST02347,2,6,3521.42,2026-02-14,2026-08-15,1760.71,719.72,182,6.066666666666666,0.32967032967032966,3521.42,580.4538461538461,6965.446153846154,Low Value,3686,3686
CUST00189,2,5,3520.3599999999997,2025-12-04,2026-09-23,1760.1799999999998,713.665,293,9.766666666666667,0.20477815699658702,3520.3599999999997,360.4464163822525,4325.35699658703,Low Value,3687,3687
CUST02458,2,7,3514.91,2025-07-06,2026-11-13,1757.455,495.07500000000005,495,16.5,0.12121212121212122,3514.91,213.02484848484846,2556.2981818181815,Low Value,3688,3688
CUST02264,3,5,3514.76,2025-04-04,2025-09-15,1171.5866666666668,923.2933333333334,164,5.466666666666667,0.5487804878048781,3514.76,642.9439024390244,7715.326829268293,Low Value,3689,3689
CUST02731,2,3,3511.66,2025-02-06,2025-07-28,1755.83,997.3,172,5.733333333333333,0.3488372093023256,3511.66,612.4988372093023,7349.986046511628,Low Value,3690,3690
CUST01378,2,5,3511.51,2026-03-24,2026-08-06,1755.755,782.07,135,4.5,0.4444444444444444,3511.51,780.3355555555556,9364.026666666668,Low Value,3691,3691
CUST02582,2,3,3509.37,2025-06-04,2026-08-11,1754.685,1298.5349999999999,433,14.433333333333334,0.13856812933025403,3509.37,243.1434180138568,2917.7210161662815,Low Value,3692,3692
CUST03438,2,6,3506.7700000000004,2025-03-23,2026-12-14,1753.3850000000002,652.765,631,21.033333333333335,0.09508716323296354,3506.7700000000004,166.7244057052298,2000.6928684627576,Low Value,3693,3693
CUST02125,1,2,3499.4,2025-02-04,2025-02-04,3499.4,1749.7,0,0.0,1.0,3499.4,3499.4,41992.8,Low Value,3694,3694
CUST00576,2,5,3499.04,2024-12-06,2025-07-09,1749.52,796.2800000000001,215,7.166666666666667,0.27906976744186046,3499.04,488.2381395348837,5858.857674418605,Low Value,3695,3695
CUST00256,3,3,3496.12,2025-11-24,2026-08-06,1165.3733333333332,1165.3733333333332,255,8.5,0.35294117647058826,3496.12,411.30823529411765,4935.698823529412,Low Value,3696,3696
CUST02447,3,7,3496.1,2025-03-01,2026-03-18,1165.3666666666666,578.9133333333333,382,12.733333333333333,0.23560209424083772,3496.1,274.5628272251309,3294.753926701571,Low Value,3697,3697
CUST04908,4,6,3495.5299999999997,2025-06-30,2026-09-23,873.8824999999999,656.9325,450,15.0,0.26666666666666666,3495.5299999999997,233.0353333333333,2796.424,Low Value,3698,3698
CUST01933,2,9,3494.89,2025-07-07,2025-12-23,1747.445,388.11,169,5.633333333333334,0.35502958579881655,3494.89,620.394674556213,7444.736094674556,Low Value,3699,3699
CUST02200,2,6,3494.13,2025-07-24,2026-04-13,1747.065,722.265,263,8.766666666666667,0.22813688212927755,3494.13,398.56996197718627,4782.839543726235,Low Value,3700,3700
CUST03555,3,4,3493.4900000000002,2025-04-10,2026-01-06,1164.4966666666667,1026.6766666666667,271,9.033333333333333,0.33210332103321033,3493.4900000000002,386.73321033210334,4640.7985239852405,Low Value,3701,3701
CUST04078,3,4,3492.4,2025-03-12,2026-04-07,1164.1333333333334,830.5833333333334,391,13.033333333333333,0.23017902813299232,3492.4,267.9590792838875,3215.50895140665,Low Value,3702,3702
CUST00143,2,5,3491.1099999999997,2025-05-28,2026-01-13,1745.5549999999998,764.19,230,7.666666666666667,0.2608695652173913,3491.1099999999997,455.3621739130434,5464.346086956521,Low Value,3703,3703
CUST03292,3,4,3488.98,2025-05-05,2026-08-08,1162.9933333333333,825.2399999999999,460,15.333333333333334,0.19565217391304346,3488.98,227.54217391304348,2730.506086956522,Low Value,3704,3704
CUST00101,2,4,3488.88,2025-02-13,2025-12-02,1744.44,872.22,292,9.733333333333333,0.20547945205479454,3488.88,358.4465753424658,4301.358904109589,Low Value,3705,3705
CUST00744,2,4,3485.9,2025-11-19,2026-01-28,1742.95,1037.54,70,2.3333333333333335,0.8571428571428571,3485.9,1493.9571428571428,17927.485714285714,Low Value,3706,3706
CUST02664,5,5,3484.04,2025-04-09,2026-05-01,696.808,696.808,387,12.9,0.38759689922480617,3484.04,270.08062015503873,3240.9674418604645,Low Value,3707,3707
CUST00954,2,3,3480.34,2025-01-26,2026-02-19,1740.17,1327.5700000000002,389,12.966666666666667,0.15424164524421594,3480.34,268.4066838046273,3220.8802056555273,Low Value,3708,3708
CUST01993,2,3,3479.13,2025-06-10,2025-12-07,1739.565,1169.2350000000001,180,6.0,0.3333333333333333,3479.13,579.855,6958.26,Low Value,3709,3709
CUST01270,3,5,3477.48,2025-05-12,2026-05-09,1159.16,883.04,362,12.066666666666666,0.24861878453038674,3477.48,288.1889502762431,3458.267403314917,Low Value,3710,3710
CUST01286,2,4,3475.0499999999997,2025-06-23,2025-08-07,1737.5249999999999,720.125,45,1.5,1.3333333333333333,3475.0499999999997,2316.7,27800.399999999998,Low Value,3711,3711
CUST01365,2,4,3473.56,2026-05-21,2026-09-16,1736.78,824.03,118,3.933333333333333,0.5084745762711864,3473.56,883.1084745762712,10597.301694915255,Low Value,3712,3712
CUST04547,2,3,3471.1899999999996,2025-01-16,2025-09-11,1735.5949999999998,1321.815,238,7.933333333333334,0.25210084033613445,3471.1899999999996,437.5449579831932,5250.539495798319,Low Value,3713,3713
CUST04261,2,5,3470.8,2026-03-09,2026-06-18,1735.4,777.2850000000001,101,3.3666666666666667,0.594059405940594,3470.8,1030.930693069307,12371.168316831683,Low Value,3714,3714
CUST04256,3,3,3470.35,2026-02-04,2026-11-13,1156.7833333333333,1156.7833333333333,282,9.4,0.3191489361702127,3470.35,369.18617021276594,4430.234042553191,Low Value,3715,3715
CUST04479,3,6,3467.0699999999997,2025-04-20,2025-08-29,1155.6899999999998,729.89,131,4.366666666666666,0.6870229007633588,3467.0699999999997,793.9854961832061,9527.825954198473,Low Value,3716,3716
CUST00402,3,3,3465.92,2024-12-26,2026-05-03,1155.3066666666666,1155.3066666666666,493,16.433333333333334,0.18255578093306288,3465.92,210.9079107505071,2530.8949290060855,Low Value,3717,3717
CUST04621,4,4,3465.5,2024-12-02,2026-04-04,866.375,866.375,488,16.266666666666666,0.24590163934426232,3465.5,213.04303278688525,2556.5163934426228,Low Value,3718,3718
CUST03234,3,3,3463.13,2025-12-15,2026-10-13,1154.3766666666668,1154.3766666666668,302,10.066666666666666,0.2980132450331126,3463.13,344.0195364238411,4128.234437086093,Low Value,3719,3719
CUST00086,2,4,3461.0699999999997,2025-06-18,2026-02-07,1730.5349999999999,699.265,234,7.8,0.25641025641025644,3461.0699999999997,443.7269230769231,5324.723076923077,Low Value,3720,3720
CUST00438,2,2,3459.9700000000003,2025-03-18,2026-08-13,1729.9850000000001,1729.9850000000001,513,17.1,0.11695906432748537,3459.9700000000003,202.3374269005848,2428.0491228070177,Low Value,3721,3721
CUST04167,1,2,3458.84,2025-03-22,2025-03-22,3458.84,1729.42,0,0.0,1.0,3458.84,3458.84,41506.08,Low Value,3722,3722
CUST02305,2,5,3458.58,2025-05-02,2026-06-12,1729.29,762.39,406,13.533333333333333,0.1477832512315271,3458.58,255.5600985221675,3066.72118226601,Low Value,3723,3723
CUST03324,3,4,3457.82,2025-03-15,2026-08-24,1152.6066666666668,929.7633333333333,527,17.566666666666666,0.17077798861480076,3457.82,196.83984819734346,2362.0781783681214,Low Value,3724,3724
CUST02036,2,4,3457.5,2025-06-03,2026-04-29,1728.75,721.1899999999999,330,11.0,0.18181818181818182,3457.5,314.3181818181818,3771.818181818182,Low Value,3725,3725
CUST01368,2,3,3456.9300000000003,2025-04-19,2026-03-30,1728.4650000000001,1106.35,345,11.5,0.17391304347826086,3456.9300000000003,300.6026086956522,3607.231304347826,Low Value,3726,3726
CUST02626,2,4,3456.16,2025-02-05,2026-05-25,1728.08,836.85,474,15.8,0.12658227848101264,3456.16,218.74430379746835,2624.9316455696203,Low Value,3727,3727
CUST04865,3,3,3455.86,2025-04-06,2026-09-07,1151.9533333333334,1151.9533333333334,519,17.3,0.17341040462427745,3455.86,199.7606936416185,2397.1283236994223,Low Value,3728,3728
CUST03996,3,4,3454.4399999999996,2025-04-18,2026-08-26,1151.4799999999998,895.7599999999999,495,16.5,0.18181818181818182,3454.4399999999996,209.35999999999999,2512.3199999999997,Low Value,3729,3729
CUST02108,3,4,3447.8199999999997,2024-12-20,2026-12-02,1149.2733333333333,1001.4200000000001,712,23.733333333333334,0.12640449438202248,3447.8199999999997,145.27331460674156,1743.2797752808988,Low Value,3730,3730
CUST00537,2,5,3447.61,2025-11-08,2026-05-26,1723.805,683.5550000000001,199,6.633333333333334,0.3015075376884422,3447.61,519.7402010050251,6236.882412060302,Low Value,3731,3731
CUST03462,3,4,3445.25,2024-11-14,2025-10-18,1148.4166666666667,790.7966666666666,338,11.266666666666667,0.2662721893491124,3445.25,305.7914201183432,3669.497041420118,Low Value,3732,3732
CUST03869,2,5,3444.27,2025-06-30,2026-07-03,1722.135,582.1800000000001,368,12.266666666666667,0.16304347826086957,3444.27,280.7828804347826,3369.3945652173916,Low Value,3733,3733
CUST02848,1,3,3442.89,2026-02-16,2026-02-16,3442.89,1147.63,0,0.0,1.0,3442.89,3442.89,41314.68,Low Value,3734,3734
CUST04722,2,6,3438.28,2024-12-14,2026-11-27,1719.14,521.095,713,23.766666666666666,0.08415147265077139,3438.28,144.66816269284715,1736.0179523141658,Low Value,3735,3735
CUST02392,2,2,3429.76,2026-06-08,2026-10-17,1714.88,1714.88,131,4.366666666666666,0.45801526717557256,3429.76,785.4412213740459,9425.29465648855,Low Value,3736,3736
CUST02227,3,4,3428.04,2025-02-09,2026-06-13,1142.68,913.0966666666667,489,16.3,0.18404907975460122,3428.04,210.30920245398772,2523.7104294478527,Low Value,3737,3737
CUST00276,2,7,3426.3799999999997,2025-02-03,2025-12-01,1713.1899999999998,442.56499999999994,301,10.033333333333333,0.19933554817275748,3426.3799999999997,341.49966777408633,4097.996013289036,Low Value,3738,3738
CUST01249,1,4,3421.8,2026-06-06,2026-06-06,3421.8,855.45,0,0.0,1.0,3421.8,3421.8,41061.600000000006,Low Value,3739,3739
CUST02431,2,5,3420.4700000000003,2025-04-17,2026-08-10,1710.2350000000001,745.5,480,16.0,0.125,3420.4700000000003,213.77937500000002,2565.3525,Low Value,3740,3740
CUST00230,2,4,3419.67,2025-02-03,2026-06-08,1709.835,1239.545,490,16.333333333333332,0.12244897959183675,3419.67,209.36755102040817,2512.410612244898,Low Value,3741,3741
CUST02996,3,3,3415.24,2024-12-01,2026-09-27,1138.4133333333332,1138.4133333333332,665,22.166666666666668,0.13533834586466165,3415.24,154.070977443609,1848.851729323308,Low Value,3742,3742
CUST00166,3,5,3414.75,2025-04-05,2025-12-09,1138.25,847.79,248,8.266666666666667,0.36290322580645157,3414.75,413.0745967741935,4956.895161290322,Low Value,3743,3743
CUST04121,2,4,3411.59,2025-05-19,2026-06-14,1705.795,1147.965,391,13.033333333333333,0.1534526854219949,3411.59,261.75882352941176,3141.105882352941,Low Value,3744,3744
CUST04931,3,3,3411.2200000000003,2026-01-21,2026-09-11,1137.0733333333335,1137.0733333333335,233,7.766666666666667,0.38626609442060084,3411.2200000000003,439.21287553648074,5270.554506437769,Low Value,3745,3745
CUST03524,1,4,3410.76,2025-01-18,2025-01-18,3410.76,852.69,0,0.0,1.0,3410.76,3410.76,40929.12,Low Value,3746,3746
CUST04276,2,6,3409.8,2025-07-12,2025-08-25,1704.9,703.24,44,1.4666666666666666,1.3636363636363638,3409.8,2324.8636363636365,27898.36363636364,Low Value,3747,3747
CUST02714,2,3,3408.58,2025-04-02,2025-05-22,1704.29,1017.7449999999999,50,1.6666666666666667,1.2,3408.58,2045.148,24541.775999999998,Low Value,3748,3748
CUST03631,3,9,3408.4,2025-04-07,2026-02-21,1136.1333333333334,382.3666666666666,320,10.666666666666666,0.28125,3408.4,319.5375,3834.4500000000003,Low Value,3749,3749
CUST04813,2,4,3407.9800000000005,2025-04-25,2025-05-15,1703.9900000000002,763.8199999999999,20,0.6666666666666666,2.0,3407.9800000000005,3407.9800000000005,40895.76000000001,Low Value,3750,3750
CUST02484,2,3,3403.08,2025-02-19,2025-10-13,1701.54,1383.48,236,7.866666666666666,0.2542372881355932,3403.08,432.5949152542373,5191.138983050848,Low Value,3751,3751
CUST02599,2,5,3401.7599999999998,2025-01-22,2026-12-03,1700.8799999999999,663.54,680,22.666666666666668,0.08823529411764705,3401.7599999999998,150.07764705882352,1800.9317647058822,Low Value,3752,3752
CUST04401,3,5,3392.09,2025-06-23,2026-08-04,1130.6966666666667,756.43,407,13.566666666666666,0.22113022113022113,3392.09,250.03120393120395,3000.3744471744476,Low Value,3753,3753
CUST03179,3,3,3388.44,2025-08-29,2026-05-20,1129.48,1129.48,264,8.8,0.3409090909090909,3388.44,385.04999999999995,4620.599999999999,Low Value,3754,3754
CUST02757,3,6,3387.87,2025-12-22,2026-08-01,1129.29,726.33,222,7.4,0.4054054054054054,3387.87,457.8202702702702,5493.843243243243,Low Value,3755,3755
CUST01537,2,3,3387.04,2025-06-05,2026-08-15,1693.52,1261.27,436,14.533333333333333,0.13761467889908258,3387.04,233.0532110091743,2796.6385321100915,Low Value,3756,3756
CUST02847,3,5,3384.9,2025-06-04,2026-08-23,1128.3,834.1999999999999,445,14.833333333333334,0.20224719101123595,3384.9,228.19550561797752,2738.3460674157304,Low Value,3757,3757
CUST03335,1,3,3382.62,2025-04-18,2025-04-18,3382.62,1127.54,0,0.0,1.0,3382.62,3382.62,40591.44,Low Value,3758,3758
CUST02024,3,7,3381.98,2025-01-21,2026-06-24,1127.3266666666666,634.9666666666667,519,17.3,0.17341040462427745,3381.98,195.49017341040462,2345.8820809248555,Low Value,3759,3759
CUST04924,3,3,3380.52,2025-06-28,2025-09-07,1126.84,1126.84,71,2.3666666666666667,1.267605633802817,3380.52,1428.3887323943661,17140.664788732392,Low Value,3760,3760
CUST01982,3,3,3376.31,2026-05-07,2026-10-09,1125.4366666666667,1125.4366666666667,155,5.166666666666667,0.5806451612903225,3376.31,653.4793548387096,7841.7522580645145,Low Value,3761,3761
CUST04842,3,5,3372.58,2025-02-15,2026-08-25,1124.1933333333334,852.7733333333332,556,18.533333333333335,0.1618705035971223,3372.58,181.97374100719423,2183.684892086331,Low Value,3762,3762
CUST00521,1,3,3372.33,2026-10-25,2026-10-25,3372.33,1124.11,0,0.0,1.0,3372.33,3372.33,40467.96,Low Value,3763,3763
CUST01153,2,4,3370.5,2025-07-14,2026-11-03,1685.25,842.625,477,15.9,0.12578616352201258,3370.5,211.9811320754717,2543.7735849056603,Low Value,3764,3764
CUST02871,2,2,3370.0,2026-01-06,2026-03-28,1685.0,1685.0,81,2.7,0.7407407407407407,3370.0,1248.148148148148,14977.777777777777,Low Value,3765,3765
CUST04095,3,4,3368.9700000000003,2025-06-12,2026-04-13,1122.99,817.8266666666667,305,10.166666666666666,0.29508196721311475,3368.9700000000003,331.3740983606558,3976.4891803278697,Low Value,3766,3766
CUST04846,4,8,3368.54,2025-02-15,2026-03-06,842.135,421.295,384,12.8,0.3125,3368.54,263.16718749999995,3158.0062499999995,Low Value,3767,3767
CUST04348,3,4,3368.5,2025-04-15,2026-03-07,1122.8333333333333,839.8966666666666,326,10.866666666666667,0.2760736196319018,3368.5,309.9846625766871,3719.8159509202455,Low Value,3768,3768
CUST04267,4,5,3368.45,2025-04-15,2026-05-08,842.1125,643.385,388,12.933333333333334,0.30927835051546393,3368.45,260.4471649484536,3125.365979381443,Low Value,3769,3769
CUST03168,3,3,3367.9700000000003,2024-12-26,2026-09-28,1122.6566666666668,1122.6566666666668,641,21.366666666666667,0.14040561622464898,3367.9700000000003,157.6273010920437,1891.5276131045243,Low Value,3770,3770
CUST04611,4,4,3364.68,2026-04-14,2026-08-27,841.17,841.17,135,4.5,0.8888888888888888,3364.68,747.7066666666666,8972.48,Low Value,3771,3771
CUST01284,2,3,3360.36,2025-07-13,2026-01-22,1680.18,1174.935,193,6.433333333333334,0.31088082901554404,3360.36,522.3357512953368,6268.029015544042,Low Value,3772,3772
CUST04358,3,4,3360.04,2025-07-11,2026-10-03,1120.0133333333333,974.3733333333333,449,14.966666666666667,0.20044543429844097,3360.04,224.50155902004454,2694.0187082405346,Low Value,3773,3773
CUST01716,2,2,3359.34,2026-01-13,2026-10-10,1679.67,1679.67,270,9.0,0.2222222222222222,3359.34,373.26,4479.12,Low Value,3774,3774
CUST02586,3,4,3358.59,2025-07-23,2026-03-28,1119.53,968.7066666666666,248,8.266666666666667,0.36290322580645157,3358.59,406.28104838709675,4875.372580645161,Low Value,3775,3775
CUST00304,2,6,3357.22,2025-01-07,2025-04-22,1678.61,584.8299999999999,105,3.5,0.5714285714285714,3357.22,959.2057142857142,11510.46857142857,Low Value,3776,3776
CUST04818,2,3,3355.13,2025-06-25,2025-09-04,1677.565,950.78,71,2.3666666666666667,0.8450704225352113,3355.13,1417.6605633802817,17011.92676056338,Low Value,3777,3777
CUST04001,2,2,3351.6000000000004,2025-12-28,2026-02-03,1675.8000000000002,1675.8000000000002,37,1.2333333333333334,1.6216216216216215,3351.6000000000004,2717.5135135135138,32610.162162162167,Low Value,3778,3778
CUST02753,3,4,3348.9,2025-04-09,2026-12-03,1116.3,882.6333333333333,603,20.1,0.14925373134328357,3348.9,166.61194029850745,1999.3432835820895,Low Value,3779,3779
CUST00980,1,3,3332.7,2026-01-27,2026-01-27,3332.7,1110.9,0,0.0,1.0,3332.7,3332.7,39992.399999999994,Low Value,3780,3780
CUST02420,3,3,3331.3900000000003,2024-11-25,2025-08-20,1110.4633333333334,1110.4633333333334,268,8.933333333333334,0.33582089552238803,3331.3900000000003,372.9167910447761,4475.001492537313,Low Value,3781,3781
CUST01189,2,4,3325.76,2025-08-16,2026-11-15,1662.88,979.1800000000001,456,15.2,0.13157894736842105,3325.76,218.8,2625.6000000000004,Low Value,3782,3782
CUST01028,3,4,3325.1099999999997,2025-08-12,2026-06-29,1108.37,760.4166666666666,321,10.7,0.28037383177570097,3325.1099999999997,310.75794392523363,3729.095327102804,Low Value,3783,3783
CUST02610,3,4,3324.54,2025-07-24,2026-10-26,1108.18,973.85,459,15.3,0.19607843137254902,3324.54,217.29019607843136,2607.4823529411765,Low Value,3784,3784
CUST04538,2,3,3322.8,2025-04-11,2025-07-11,1661.4,1056.505,91,3.033333333333333,0.6593406593406593,3322.8,1095.4285714285716,13145.142857142859,Low Value,3785,3785
CUST02719,2,2,3319.77,2025-06-22,2026-06-07,1659.885,1659.885,350,11.666666666666666,0.17142857142857143,3319.77,284.5517142857143,3414.6205714285716,Low Value,3786,3786
CUST01436,3,3,3319.29,2025-08-15,2026-10-07,1106.43,1106.43,418,13.933333333333334,0.21531100478468898,3319.29,238.22655502392342,2858.718660287081,Low Value,3787,3787
CUST03362,3,6,3318.3099999999995,2024-12-30,2026-01-24,1106.1033333333332,532.0433333333333,390,13.0,0.23076923076923078,3318.3099999999995,255.25461538461533,3063.055384615384,Low Value,3788,3788
CUST02962,2,3,3313.19,2024-12-26,2026-09-16,1656.595,1154.7150000000001,629,20.966666666666665,0.09538950715421304,3313.19,158.02178060413357,1896.2613672496027,Low Value,3789,3789
CUST03663,3,5,3310.07,2025-02-19,2025-07-21,1103.3566666666668,620.52,152,5.066666666666666,0.5921052631578948,3310.07,653.3032894736842,7839.63947368421,Low Value,3790,3790
CUST04652,2,4,3306.02,2025-08-01,2026-03-25,1653.01,1215.64,236,7.866666666666666,0.2542372881355932,3306.02,420.256779661017,5043.081355932204,Low Value,3791,3791
CUST04387,2,6,3305.08,2025-01-13,2025-11-09,1652.54,506.105,300,10.0,0.2,3305.08,330.508,3966.0959999999995,Low Value,3792,3792
CUST03761,2,4,3304.72,2026-03-09,2026-07-22,1652.36,826.18,135,4.5,0.4444444444444444,3304.72,734.3822222222221,8812.586666666666,Low Value,3793,3793
CUST04494,2,3,3301.75,2025-03-24,2026-01-03,1650.875,1139.48,285,9.5,0.21052631578947367,3301.75,347.55263157894734,4170.631578947368,Low Value,3794,3794
CUST00830,3,5,3297.24,2026-03-02,2026-07-31,1099.08,531.2199999999999,151,5.033333333333333,0.5960264900662252,3297.24,655.0807947019867,7860.969536423841,Low Value,3795,3795
CUST02234,3,4,3294.7,2025-07-20,2026-01-26,1098.2333333333333,944.0300000000001,190,6.333333333333333,0.4736842105263158,3294.7,520.2157894736843,6242.589473684211,Low Value,3796,3796
CUST04135,2,3,3293.74,2025-02-27,2025-09-02,1646.87,1139.435,187,6.233333333333333,0.32085561497326204,3293.74,528.407486631016,6340.889839572192,Low Value,3797,3797
CUST03647,2,4,3292.95,2025-03-02,2026-06-25,1646.475,730.0250000000001,480,16.0,0.125,3292.95,205.809375,2469.7124999999996,Low Value,3798,3798
CUST01752,3,3,3285.4900000000002,2025-08-07,2026-08-29,1095.1633333333334,1095.1633333333334,387,12.9,0.23255813953488372,3285.4900000000002,254.6891472868217,3056.2697674418605,Low Value,3799,3799
CUST01941,2,3,3280.86,2026-01-08,2026-05-29,1640.43,1103.8200000000002,141,4.7,0.425531914893617,3280.86,698.0553191489362,8376.663829787234,Low Value,3800,3800
CUST01775,1,2,3280.46,2026-03-01,2026-03-01,3280.46,1640.23,0,0.0,1.0,3280.46,3280.46,39365.520000000004,Low Value,3801,3801
CUST02493,2,3,3275.89,2026-01-02,2026-03-23,1637.945,980.2649999999999,80,2.6666666666666665,0.75,3275.89,1228.45875,14741.505000000001,Low Value,3802,3802
CUST03167,2,4,3275.66,2025-06-27,2026-09-24,1637.83,763.54,454,15.133333333333333,0.13215859030837004,3275.66,216.4533039647577,2597.4396475770927,Low Value,3803,3803
CUST02746,2,7,3272.25,2026-03-10,2026-11-26,1636.125,454.53999999999996,261,8.7,0.2298850574712644,3272.25,376.12068965517244,4513.448275862069,Low Value,3804,3804
CUST01932,3,6,3271.19,2025-05-26,2026-09-15,1090.3966666666668,534.07,477,15.9,0.18867924528301885,3271.19,205.73522012578616,2468.822641509434,Low Value,3805,3805
CUST00046,3,6,3270.99,2025-12-13,2026-06-05,1090.33,701.9899999999999,174,5.8,0.5172413793103449,3270.99,563.9637931034482,6767.565517241379,Low Value,3806,3806
CUST04101,3,3,3270.95,2025-05-31,2026-03-30,1090.3166666666666,1090.3166666666666,303,10.1,0.297029702970297,3270.95,323.85643564356434,3886.2772277227723,Low Value,3807,3807
CUST03421,1,3,3265.38,2025-06-09,2025-06-09,3265.38,1088.46,0,0.0,1.0,3265.38,3265.38,39184.56,Low Value,3808,3808
CUST02138,2,3,3264.46,2025-09-09,2025-12-27,1632.23,1010.9000000000001,109,3.6333333333333333,0.5504587155963303,3264.46,898.4752293577982,10781.702752293579,Low Value,3809,3809
CUST04200,3,4,3263.9300000000003,2025-06-03,2026-06-14,1087.9766666666667,953.3299999999999,376,12.533333333333333,0.2393617021276596,3263.9300000000003,260.41994680851064,3125.0393617021277,Low Value,3810,3810
CUST01702,2,3,3262.77,2025-01-04,2025-11-30,1631.385,965.4849999999999,330,11.0,0.18181818181818182,3262.77,296.61545454545455,3559.3854545454546,Low Value,3811,3811
CUST04594,3,5,3250.23,2025-05-04,2026-04-20,1083.41,734.62,351,11.7,0.25641025641025644,3250.23,277.7974358974359,3333.5692307692307,Low Value,3812,3812
CUST03353,2,3,3249.63,2024-12-14,2025-08-07,1624.815,1115.3200000000002,236,7.866666666666666,0.2542372881355932,3249.63,413.0885593220339,4957.062711864407,Low Value,3813,3813
CUST02868,2,4,3247.64,2025-08-29,2025-10-25,1623.82,857.1,57,1.9,1.0526315789473684,3247.64,1709.2842105263157,20511.41052631579,Low Value,3814,3814
CUST01109,2,2,3247.24,2025-07-18,2026-05-03,1623.62,1623.62,289,9.633333333333333,0.20761245674740486,3247.24,337.0837370242214,4045.0048442906573,Low Value,3815,3815
CUST02393,1,2,3245.82,2026-07-07,2026-07-07,3245.82,1622.91,0,0.0,1.0,3245.82,3245.82,38949.840000000004,Low Value,3816,3816
CUST04901,2,4,3245.56,2025-01-09,2025-07-18,1622.78,811.39,190,6.333333333333333,0.31578947368421056,3245.56,512.4568421052631,6149.482105263158,Low Value,3817,3817
CUST02456,2,3,3241.32,2025-02-24,2026-04-10,1620.66,1048.69,410,13.666666666666666,0.14634146341463417,3241.32,237.169756097561,2846.0370731707317,Low Value,3818,3818
CUST02659,1,2,3233.84,2026-04-21,2026-04-21,3233.84,1616.92,0,0.0,1.0,3233.84,3233.84,38806.08,Low Value,3819,3819
CUST03239,3,6,3233.63,2025-03-18,2025-10-07,1077.8766666666668,589.5166666666667,203,6.766666666666667,0.4433497536945813,3233.63,477.876354679803,5734.516256157636,Low Value,3820,3820
CUST01974,2,5,3229.33,2025-07-12,2025-12-25,1614.665,716.5649999999999,166,5.533333333333333,0.3614457831325301,3229.33,583.6138554216867,7003.36626506024,Low Value,3821,3821
CUST04310,2,4,3227.81,2025-06-02,2025-11-16,1613.905,900.385,167,5.566666666666666,0.3592814371257485,3227.81,579.8461077844312,6958.153293413174,Low Value,3822,3822
CUST00746,2,2,3225.88,2025-01-30,2025-04-22,1612.94,1612.94,82,2.7333333333333334,0.7317073170731707,3225.88,1180.2,14162.400000000001,Low Value,3823,3823
CUST03447,3,3,3224.89,2025-02-12,2026-10-13,1074.9633333333334,1074.9633333333334,608,20.266666666666666,0.1480263157894737,3224.89,159.12286184210527,1909.474342105263,Low Value,3824,3824
CUST02717,3,6,3219.86,2025-01-09,2025-12-29,1073.2866666666666,535.9,354,11.8,0.2542372881355932,3219.86,272.8694915254237,3274.4338983050848,Low Value,3825,3825
CUST02374,2,3,3217.3100000000004,2025-08-17,2026-08-02,1608.6550000000002,1090.805,350,11.666666666666666,0.17142857142857143,3217.3100000000004,275.76942857142865,3309.233142857144,Low Value,3826,3826
CUST04234,2,3,3216.34,2025-05-19,2026-09-18,1608.17,910.65,487,16.233333333333334,0.12320328542094455,3216.34,198.1318275154004,2377.581930184805,Low Value,3827,3827
CUST04825,2,4,3211.98,2026-05-08,2026-09-08,1605.99,802.995,123,4.1,0.48780487804878053,3211.98,783.4097560975611,9400.917073170733,Low Value,3828,3828
CUST03016,3,4,3210.23,2025-05-20,2026-12-09,1070.0766666666666,799.8666666666667,568,18.933333333333334,0.15845070422535212,3210.23,169.5544014084507,2034.6528169014084,Low Value,3829,3829
CUST04533,2,3,3209.63,2025-07-07,2025-09-19,1604.815,1100.55,74,2.466666666666667,0.8108108108108107,3209.63,1301.2013513513514,15614.416216216217,Low Value,3830,3830
CUST01012,1,5,3207.3,2026-11-29,2026-11-29,3207.3,641.46,0,0.0,1.0,3207.3,3207.3,38487.600000000006,Low Value,3831,3831
CUST01978,3,5,3206.72,2025-03-07,2026-06-16,1068.9066666666665,748.0066666666667,466,15.533333333333333,0.19313304721030042,3206.72,206.4412017167382,2477.2944206008583,Low Value,3832,3832
CUST04434,3,5,3202.69,2025-01-09,2026-09-18,1067.5633333333333,771.7766666666666,617,20.566666666666666,0.14586709886547813,3202.69,155.7223662884927,1868.6683954619125,Low Value,3833,3833
CUST02833,1,3,3201.93,2025-12-24,2025-12-24,3201.93,1067.31,0,0.0,1.0,3201.93,3201.93,38423.159999999996,Low Value,3834,3834
CUST03999,2,3,3201.71,2025-04-16,2026-04-22,1600.855,1006.0150000000001,371,12.366666666666667,0.16172506738544473,3201.71,258.8983827493261,3106.780592991913,Low Value,3835,3835
CUST04154,3,5,3201.18,2025-11-09,2026-07-12,1067.06,629.3733333333333,245,8.166666666666666,0.3673469387755102,3201.18,391.9812244897959,4703.774693877551,Low Value,3836,3836
CUST02739,4,4,3199.9800000000005,2024-12-01,2026-01-01,799.9950000000001,799.9950000000001,396,13.2,0.30303030303030304,3199.9800000000005,242.42272727272731,2909.0727272727277,Low Value,3837,3837
CUST00298,3,5,3195.12,2025-05-05,2026-07-25,1065.04,766.0,446,14.866666666666667,0.20179372197309417,3195.12,214.9183856502242,2579.0206278026903,Low Value,3838,3838
CUST03921,2,3,3194.61,2025-01-20,2026-07-28,1597.305,1045.35,554,18.466666666666665,0.10830324909747294,3194.61,172.993321299639,2075.919855595668,Low Value,3839,3839
CUST00956,2,3,3193.5200000000004,2025-08-29,2025-11-16,1596.7600000000002,984.44,79,2.6333333333333333,0.759493670886076,3193.5200000000004,1212.7291139240508,14552.74936708861,Low Value,3840,3840
CUST01435,2,3,3192.38,2024-11-21,2026-01-09,1596.19,1112.1950000000002,414,13.8,0.14492753623188406,3192.38,231.33188405797102,2775.9826086956523,Low Value,3841,3841
CUST03003,1,2,3190.02,2026-09-04,2026-09-04,3190.02,1595.01,0,0.0,1.0,3190.02,3190.02,38280.24,Low Value,3842,3842
CUST00074,2,3,3189.2599999999998,2025-04-20,2026-10-12,1594.6299999999999,896.3499999999999,540,18.0,0.1111111111111111,3189.2599999999998,177.1811111111111,2126.173333333333,Low Value,3843,3843
CUST03296,1,3,3188.49,2025-04-09,2025-04-09,3188.49,1062.83,0,0.0,1.0,3188.49,3188.49,38261.88,Low Value,3844,3844
CUST01439,3,5,3185.49,2024-12-27,2026-04-04,1061.83,603.1999999999999,463,15.433333333333334,0.19438444924406048,3185.49,206.4032397408207,2476.8388768898485,Low Value,3845,3845
CUST03268,2,5,3184.6,2025-06-06,2026-07-10,1592.3,904.4599999999999,399,13.3,0.15037593984962405,3184.6,239.44360902255636,2873.3233082706765,Low Value,3846,3846
CUST04162,3,4,3182.2599999999998,2024-12-19,2025-06-24,1060.7533333333333,772.5300000000001,187,6.233333333333333,0.48128342245989303,3182.2599999999998,510.5229946524064,6126.275935828877,Low Value,3847,3847
CUST01793,3,3,3181.5,2025-11-18,2026-08-24,1060.5,1060.5,279,9.3,0.3225806451612903,3181.5,342.09677419354836,4105.1612903225805,Low Value,3848,3848
CUST01707,2,3,3179.62,2025-06-13,2026-02-15,1589.81,1178.46,247,8.233333333333333,0.24291497975708504,3179.62,386.1886639676114,4634.263967611337,Low Value,3849,3849
CUST02375,2,3,3171.01,2026-01-10,2026-01-24,1585.505,1129.3600000000001,14,0.4666666666666667,2.0,3171.01,3171.01,38052.12,Low Value,3850,3850
CUST00668,3,4,3170.12,2025-10-08,2026-08-02,1056.7066666666667,769.34,298,9.933333333333334,0.30201342281879195,3170.12,319.1395973154362,3829.6751677852344,Low Value,3851,3851
CUST00016,2,2,3168.25,2025-08-21,2026-08-03,1584.125,1584.125,347,11.566666666666666,0.1729106628242075,3168.25,273.9121037463977,3286.9452449567725,Low Value,3852,3852
CUST02100,3,6,3167.45,2026-02-17,2026-05-19,1055.8166666666666,611.65,91,3.033333333333333,0.989010989010989,3167.45,1044.2142857142858,12530.57142857143,Low Value,3853,3853
CUST00384,3,5,3162.9700000000003,2025-04-07,2026-03-26,1054.3233333333335,793.9833333333332,353,11.766666666666667,0.254957507082153,3162.9700000000003,268.80764872521246,3225.6917847025497,Low Value,3854,3854
CUST01526,3,3,3162.54,2025-08-14,2026-12-15,1054.18,1054.18,488,16.266666666666666,0.18442622950819673,3162.54,194.41844262295083,2333.02131147541,Low Value,3855,3855
CUST02204,1,4,3160.48,2025-09-14,2025-09-14,3160.48,790.12,0,0.0,1.0,3160.48,3160.48,37925.76,Low Value,3856,3856
CUST04605,4,4,3160.4399999999996,2025-01-02,2026-05-03,790.1099999999999,790.1099999999999,486,16.2,0.2469135802469136,3160.4399999999996,195.08888888888887,2341.0666666666666,Low Value,3857,3857
CUST03730,2,3,3147.9,2025-05-19,2025-06-14,1573.95,904.11,26,0.8666666666666667,2.0,3147.9,3147.9,37774.8,Low Value,3858,3858
CUST03046,4,4,3147.29,2025-06-08,2026-08-20,786.8225,786.8225,438,14.6,0.273972602739726,3147.29,215.5678082191781,2586.813698630137,Low Value,3859,3859
CUST01199,4,6,3143.17,2025-07-03,2026-04-06,785.7925,568.915,277,9.233333333333333,0.43321299638989175,3143.17,340.415523465704,4084.986281588448,Low Value,3860,3860
CUST04775,1,2,3138.34,2026-09-30,2026-09-30,3138.34,1569.17,0,0.0,1.0,3138.34,3138.34,37660.08,Low Value,3861,3861
CUST03935,2,4,3134.56,2025-04-23,2025-08-31,1567.28,783.64,130,4.333333333333333,0.46153846153846156,3134.56,723.36,8680.32,Low Value,3862,3862
CUST04683,2,4,3134.29,2025-12-03,2025-12-03,1567.145,762.415,0,0.0,2.0,3134.29,3134.29,37611.479999999996,Low Value,3863,3863
CUST01219,3,3,3129.6800000000003,2025-03-23,2026-04-02,1043.2266666666667,1043.2266666666667,375,12.5,0.24,3129.6800000000003,250.37440000000004,3004.4928000000004,Low Value,3864,3864
CUST00811,3,5,3127.26,2025-01-10,2026-06-01,1042.42,834.82,507,16.9,0.1775147928994083,3127.26,185.0449704142012,2220.5396449704144,Low Value,3865,3865
CUST04419,2,4,3126.46,2025-09-05,2025-09-17,1563.23,781.615,12,0.4,2.0,3126.46,3126.46,37517.520000000004,Low Value,3866,3866
CUST01575,2,4,3120.34,2025-07-29,2026-08-26,1560.17,885.04,393,13.1,0.15267175572519084,3120.34,238.193893129771,2858.326717557252,Low Value,3867,3867
CUST01103,2,3,3116.25,2025-06-29,2026-11-21,1558.125,981.645,510,17.0,0.11764705882352941,3116.25,183.30882352941177,2199.7058823529414,Low Value,3868,3868
CUST01117,1,4,3115.64,2026-06-18,2026-06-18,3115.64,778.91,0,0.0,1.0,3115.64,3115.64,37387.68,Low Value,3869,3869
CUST00828,3,3,3114.2799999999997,2026-04-11,2026-08-03,1038.0933333333332,1038.0933333333332,114,3.8,0.7894736842105263,3114.2799999999997,819.5473684210526,9834.56842105263,Low Value,3870,3870
CUST01476,2,5,3112.38,2025-04-16,2026-02-24,1556.19,702.87,314,10.466666666666667,0.19108280254777069,3112.38,297.3611464968153,3568.3337579617837,Low Value,3871,3871
CUST04393,3,4,3110.0,2025-02-24,2026-10-22,1036.6666666666667,843.2799999999999,605,20.166666666666668,0.1487603305785124,3110.0,154.21487603305783,1850.578512396694,Low Value,3872,3872
CUST00618,3,5,3108.09,2025-07-20,2026-05-04,1036.03,789.57,288,9.6,0.3125,3108.09,323.75937500000003,3885.1125,Low Value,3873,3873
CUST04486,2,2,3108.05,2025-12-07,2025-12-12,1554.025,1554.025,5,0.16666666666666666,2.0,3108.05,3108.05,37296.600000000006,Low Value,3874,3874
CUST00419,2,3,3106.37,2025-02-05,2025-07-03,1553.185,948.355,148,4.933333333333334,0.4054054054054054,3106.37,629.6695945945945,7556.035135135135,Low Value,3875,3875
CUST00494,3,3,3105.91,2025-09-18,2026-06-15,1035.3033333333333,1035.3033333333333,270,9.0,0.3333333333333333,3105.91,345.1011111111111,4141.213333333333,Low Value,3876,3876
CUST02807,2,3,3105.0299999999997,2024-12-25,2026-11-23,1552.5149999999999,1174.51,698,23.266666666666666,0.08595988538681949,3105.0299999999997,133.45401146131803,1601.4481375358164,Low Value,3877,3877
CUST01429,1,3,3097.08,2025-02-15,2025-02-15,3097.08,1032.36,0,0.0,1.0,3097.08,3097.08,37164.96,Low Value,3878,3878
CUST03071,3,3,3094.0699999999997,2025-05-19,2025-11-14,1031.3566666666666,1031.3566666666666,179,5.966666666666667,0.5027932960893855,3094.0699999999997,518.559217877095,6222.71061452514,Low Value,3879,3879
CUST00774,2,4,3093.68,2025-09-26,2026-08-17,1546.84,766.0699999999999,325,10.833333333333334,0.1846153846153846,3093.68,285.57046153846153,3426.845538461538,Low Value,3880,3880
CUST01423,2,4,3089.26,2025-07-29,2026-06-18,1544.63,772.315,324,10.8,0.18518518518518517,3089.26,286.0425925925926,3432.511111111111,Low Value,3881,3881
CUST00683,3,3,3087.3700000000003,2025-05-22,2026-05-01,1029.1233333333334,1029.1233333333334,344,11.466666666666667,0.2616279069767442,3087.3700000000003,269.24738372093026,3230.9686046511633,Low Value,3882,3882
CUST00352,2,3,3086.92,2025-03-31,2026-07-19,1543.46,941.12,475,15.833333333333334,0.12631578947368421,3086.92,194.96336842105262,2339.5604210526317,Low Value,3883,3883
CUST04410,3,7,3083.1800000000003,2025-06-21,2026-08-23,1027.7266666666667,466.0466666666666,428,14.266666666666667,0.2102803738317757,3083.1800000000003,216.11074766355142,2593.3289719626173,Low Value,3884,3884
CUST01521,1,2,3082.3,2025-08-06,2025-08-06,3082.3,1541.15,0,0.0,1.0,3082.3,3082.3,36987.600000000006,Low Value,3885,3885
CUST02202,3,3,3080.01,2024-12-29,2025-12-02,1026.67,1026.67,338,11.266666666666667,0.2662721893491124,3080.01,273.3736686390533,3280.4840236686396,Low Value,3886,3886
CUST04810,3,4,3072.49,2024-12-09,2026-07-11,1024.1633333333332,762.65,579,19.3,0.15544041450777202,3072.49,159.19637305699482,1910.3564766839377,Low Value,3887,3887
CUST00834,2,4,3069.64,2025-09-24,2025-11-18,1534.82,753.6700000000001,55,1.8333333333333333,1.090909090909091,3069.64,1674.3490909090908,20092.18909090909,Low Value,3888,3888
CUST03909,1,2,3067.16,2026-02-09,2026-02-09,3067.16,1533.58,0,0.0,1.0,3067.16,3067.16,36805.92,Low Value,3889,3889
CUST03368,2,3,3060.07,2025-07-19,2025-12-12,1530.035,1054.49,146,4.866666666666666,0.4109589041095891,3060.07,628.7815068493152,7545.378082191783,Low Value,3890,3890
CUST04191,3,6,3059.66,2025-04-09,2026-02-06,1019.8866666666667,647.1866666666666,303,10.1,0.297029702970297,3059.66,302.9366336633663,3635.2396039603955,Low Value,3891,3891
CUST04698,1,3,3059.64,2026-09-21,2026-09-21,3059.64,1019.88,0,0.0,1.0,3059.64,3059.64,36715.68,Low Value,3892,3892
CUST00458,2,2,3054.63,2025-07-09,2026-05-13,1527.315,1527.315,308,10.266666666666667,0.1948051948051948,3054.63,297.5288961038961,3570.346753246753,Low Value,3893,3893
CUST03411,2,2,3054.47,2025-05-28,2026-02-08,1527.235,1527.235,256,8.533333333333333,0.234375,3054.47,357.94570312499997,4295.3484375,Low Value,3894,3894
CUST04593,3,3,3052.39,2024-12-01,2026-10-03,1017.4633333333333,1017.4633333333333,671,22.366666666666667,0.13412816691505217,3052.39,136.4704918032787,1637.6459016393442,Low Value,3895,3895
CUST02927,2,4,3050.93,2026-06-06,2026-11-28,1525.465,726.625,175,5.833333333333333,0.34285714285714286,3050.93,523.0165714285714,6276.198857142857,Low Value,3896,3896
CUST01719,2,6,3050.8599999999997,2025-05-23,2026-08-09,1525.4299999999998,561.67,443,14.766666666666667,0.13544018058690743,3050.8599999999997,206.6045146726862,2479.2541760722343,Low Value,3897,3897
CUST03350,3,6,3050.1,2026-02-05,2026-11-12,1016.6999999999999,695.9200000000001,280,9.333333333333334,0.3214285714285714,3050.1,326.7964285714285,3921.557142857142,Low Value,3898,3898
CUST03557,2,2,3049.96,2026-02-17,2026-09-09,1524.98,1524.98,204,6.8,0.29411764705882354,3049.96,448.52352941176474,5382.282352941177,Low Value,3899,3899
CUST02101,3,3,3046.32,2025-09-06,2026-09-22,1015.44,1015.44,381,12.7,0.2362204724409449,3046.32,239.8677165354331,2878.412598425197,Low Value,3900,3900
CUST01613,2,3,3043.44,2025-08-22,2026-01-15,1521.72,1086.12,146,4.866666666666666,0.4109589041095891,3043.44,625.3643835616439,7504.372602739726,Low Value,3901,3901
CUST03626,4,5,3040.83,2025-01-21,2026-10-08,760.2075,644.3675000000001,625,20.833333333333332,0.192,3040.83,145.95984,1751.5180800000003,Low Value,3902,3902
CUST01060,3,5,3039.04,2025-05-16,2026-08-22,1013.0133333333333,748.2199999999999,463,15.433333333333334,0.19438444924406048,3039.04,196.91403887688983,2362.9684665226778,Low Value,3903,3903
CUST03796,3,4,3038.98,2024-12-27,2026-05-31,1012.9933333333333,749.6866666666666,520,17.333333333333332,0.1730769230769231,3038.98,175.32576923076925,2103.909230769231,Low Value,3904,3904
CUST01925,3,5,3038.09,2025-04-24,2026-02-07,1012.6966666666667,672.04,289,9.633333333333333,0.31141868512110726,3038.09,315.37266435986163,3784.47197231834,Low Value,3905,3905
CUST03369,3,4,3036.14,2024-12-19,2026-05-23,1012.0466666666666,736.3466666666667,520,17.333333333333332,0.1730769230769231,3036.14,175.16192307692307,2101.9430769230767,Low Value,3906,3906
CUST00591,3,5,3033.08,2025-01-01,2026-07-03,1011.0266666666666,797.5,548,18.266666666666666,0.1642335766423358,3033.08,166.04452554744526,1992.5343065693432,Low Value,3907,3907
CUST03494,1,2,3027.96,2025-05-27,2025-05-27,3027.96,1513.98,0,0.0,1.0,3027.96,3027.96,36335.520000000004,Low Value,3908,3908
CUST01149,2,3,3027.2999999999997,2025-08-09,2026-06-07,1513.6499999999999,991.355,302,10.066666666666666,0.19867549668874174,3027.2999999999997,300.7251655629139,3608.701986754967,Low Value,3909,3909
CUST01394,2,4,3013.75,2026-04-14,2026-08-29,1506.875,832.015,137,4.566666666666666,0.43795620437956206,3013.75,659.9452554744526,7919.343065693431,Low Value,3910,3910
CUST02152,1,4,3013.44,2026-05-07,2026-05-07,3013.44,753.36,0,0.0,1.0,3013.44,3013.44,36161.28,Low Value,3911,3911
CUST03293,2,3,3011.52,2026-03-02,2026-03-27,1505.76,1204.585,25,0.8333333333333334,2.0,3011.52,3011.52,36138.24,Low Value,3912,3912
CUST03527,3,4,3009.77,2026-07-21,2026-09-24,1003.2566666666667,767.9033333333333,65,2.1666666666666665,1.3846153846153848,3009.77,1389.1246153846155,16669.495384615388,Low Value,3913,3913
CUST02864,3,6,3008.71,2026-03-16,2026-07-28,1002.9033333333333,584.03,134,4.466666666666667,0.6716417910447761,3008.71,673.5917910447761,8083.101492537313,Low Value,3914,3914
CUST02571,1,3,3005.88,2025-05-17,2025-05-17,3005.88,1001.96,0,0.0,1.0,3005.88,3005.88,36070.56,Low Value,3915,3915
CUST03273,2,3,3004.9,2025-01-10,2025-12-01,1502.45,1029.73,325,10.833333333333334,0.1846153846153846,3004.9,277.37538461538463,3328.5046153846156,Low Value,3916,3916
CUST00003,1,3,3004.53,2025-11-07,2025-11-07,3004.53,1001.51,0,0.0,1.0,3004.53,3004.53,36054.36,Low Value,3917,3917
CUST04546,1,2,3004.28,2026-07-18,2026-07-18,3004.28,1502.14,0,0.0,1.0,3004.28,3004.28,36051.36,Low Value,3918,3918
CUST03251,2,2,3000.1499999999996,2026-04-02,2026-06-27,1500.0749999999998,1500.0749999999998,86,2.8666666666666667,0.6976744186046512,3000.1499999999996,1046.563953488372,12558.767441860462,Low Value,3919,3919
CUST04027,2,2,2999.15,2025-06-17,2025-07-31,1499.575,1499.575,44,1.4666666666666666,1.3636363636363638,2999.15,2044.8750000000002,24538.500000000004,Low Value,3920,3920
CUST03984,1,3,2996.46,2026-06-27,2026-06-27,2996.46,998.82,0,0.0,1.0,2996.46,2996.46,35957.520000000004,Low Value,3921,3921
CUST04089,2,4,2995.16,2025-07-25,2026-03-13,1497.58,864.09,231,7.7,0.2597402597402597,2995.16,388.98181818181814,4667.7818181818175,Low Value,3922,3922
CUST01316,2,4,2993.5099999999998,2024-12-28,2025-01-27,1496.7549999999999,702.625,30,1.0,2.0,2993.5099999999998,2993.5099999999998,35922.119999999995,Low Value,3923,3923
CUST04094,3,7,2992.52,2025-03-31,2026-08-31,997.5066666666667,507.82666666666665,518,17.266666666666666,0.17374517374517376,2992.52,173.31196911196912,2079.7436293436294,Low Value,3924,3924
CUST02173,1,2,2989.46,2025-05-08,2025-05-08,2989.46,1494.73,0,0.0,1.0,2989.46,2989.46,35873.520000000004,Low Value,3925,3925
CUST01577,3,4,2988.2,2026-07-23,2026-10-09,996.0666666666666,839.9200000000001,78,2.6,1.1538461538461537,2988.2,1149.3076923076922,13791.692307692305,Low Value,3926,3926
CUST03594,3,6,2986.65,2025-12-09,2026-05-05,995.5500000000001,560.26,147,4.9,0.6122448979591836,2986.65,609.5204081632653,7314.244897959184,Low Value,3927,3927
CUST01152,2,3,2979.08,2025-04-20,2025-12-23,1489.54,1171.045,247,8.233333333333333,0.24291497975708504,2979.08,361.8315789473684,4341.978947368421,Low Value,3928,3928
CUST01426,2,3,2978.23,2025-01-13,2025-05-06,1489.115,900.345,113,3.7666666666666666,0.5309734513274337,2978.23,790.6805309734514,9488.166371681416,Low Value,3929,3929
CUST01252,2,4,2977.2799999999997,2024-12-05,2025-03-16,1488.6399999999999,774.81,101,3.3666666666666667,0.594059405940594,2977.2799999999997,884.3405940594058,10612.08712871287,Low Value,3930,3930
CUST03482,3,5,2976.7200000000003,2025-06-07,2026-09-15,992.2400000000001,763.9,465,15.5,0.1935483870967742,2976.7200000000003,192.04645161290324,2304.557419354839,Low Value,3931,3931
CUST01154,2,2,2970.36,2025-05-04,2025-11-14,1485.18,1485.18,194,6.466666666666667,0.30927835051546393,2970.36,459.33402061855674,5512.008247422681,Low Value,3932,3932
CUST00027,3,4,2966.49,2025-03-21,2026-11-16,988.8299999999999,838.4799999999999,605,20.166666666666668,0.1487603305785124,2966.49,147.0986776859504,1765.1841322314049,Low Value,3933,3933
CUST01471,2,5,2966.26,2025-10-11,2026-09-23,1483.13,866.135,347,11.566666666666666,0.1729106628242075,2966.26,256.4489913544669,3077.387896253603,Low Value,3934,3934
CUST00400,3,3,2966.1400000000003,2026-06-29,2026-10-23,988.7133333333335,988.7133333333335,116,3.8666666666666667,0.7758620689655172,2966.1400000000003,767.1051724137932,9205.262068965518,Low Value,3935,3935
CUST03646,3,3,2962.92,2025-04-27,2025-08-23,987.64,987.64,118,3.933333333333333,0.7627118644067797,2962.92,753.284745762712,9039.416949152543,Low Value,3936,3936
CUST00090,2,3,2962.34,2025-06-26,2025-08-27,1481.17,1047.755,62,2.066666666666667,0.9677419354838709,2962.34,1433.390322580645,17200.68387096774,Low Value,3937,3937
CUST01238,3,6,2961.58,2025-06-13,2026-05-24,987.1933333333333,612.0233333333334,345,11.5,0.2608695652173913,2961.58,257.5286956521739,3090.344347826087,Low Value,3938,3938
CUST04173,2,3,2960.52,2026-01-17,2026-06-10,1480.26,1122.215,144,4.8,0.4166666666666667,2960.52,616.775,7401.299999999999,Low Value,3939,3939
CUST04153,2,4,2958.39,2025-02-10,2025-05-08,1479.195,692.725,87,2.9,0.6896551724137931,2958.39,1020.1344827586207,12241.613793103448,Low Value,3940,3940
CUST02563,3,3,2951.58,2025-08-16,2026-11-29,983.86,983.86,470,15.666666666666666,0.19148936170212766,2951.58,188.39872340425532,2260.784680851064,Low Value,3941,3941
CUST00315,1,3,2949.3,2025-06-07,2025-06-07,2949.3,983.1,0,0.0,1.0,2949.3,2949.3,35391.600000000006,Low Value,3942,3942
CUST00110,2,5,2946.87,2025-03-18,2026-07-12,1473.435,571.155,481,16.033333333333335,0.12474012474012473,2946.87,183.79646569646567,2205.557588357588,Low Value,3943,3943
CUST04328,2,5,2943.2,2024-12-31,2026-01-25,1471.6,740.275,390,13.0,0.15384615384615385,2943.2,226.39999999999998,2716.7999999999997,Low Value,3944,3944
CUST04404,2,2,2941.87,2025-05-30,2026-08-17,1470.935,1470.935,444,14.8,0.13513513513513511,2941.87,198.77499999999998,2385.2999999999997,Low Value,3945,3945
CUST02278,2,2,2941.67,2025-12-09,2026-08-20,1470.835,1470.835,254,8.466666666666667,0.23622047244094488,2941.67,347.4413385826772,4169.296062992126,Low Value,3946,3946
CUST01137,2,3,2939.67,2024-12-03,2025-12-21,1469.835,1060.54,383,12.766666666666667,0.15665796344647517,2939.67,230.26135770234987,2763.1362924281984,Low Value,3947,3947
CUST04229,3,3,2937.7200000000003,2024-11-21,2025-08-05,979.2400000000001,979.2400000000001,257,8.566666666666666,0.3501945525291829,2937.7200000000003,342.92451361867705,4115.094163424124,Low Value,3948,3948
CUST04663,3,4,2935.22,2025-11-29,2026-07-19,978.4066666666666,696.15,232,7.733333333333333,0.3879310344827586,2935.22,379.55431034482757,4554.651724137931,Low Value,3949,3949
CUST02176,2,4,2933.2200000000003,2025-11-22,2026-08-20,1466.6100000000001,896.01,271,9.033333333333333,0.22140221402214022,2933.2200000000003,324.7107011070111,3896.5284132841334,Low Value,3950,3950
CUST04904,3,7,2928.05,2025-08-04,2026-10-10,976.0166666666668,518.8566666666667,432,14.4,0.20833333333333331,2928.05,203.33680555555557,2440.041666666667,Low Value,3951,3951
CUST02048,3,4,2924.42,2025-01-23,2026-08-16,974.8066666666667,789.88,570,19.0,0.15789473684210525,2924.42,153.91684210526316,1847.0021052631578,Low Value,3952,3952
CUST03597,3,5,2918.77,2025-02-24,2026-10-13,972.9233333333333,707.9766666666668,596,19.866666666666667,0.15100671140939598,2918.77,146.91795302013423,1763.0154362416108,Low Value,3953,3953
CUST03734,1,2,2914.7,2026-05-20,2026-05-20,2914.7,1457.35,0,0.0,1.0,2914.7,2914.7,34976.399999999994,Low Value,3954,3954
CUST04341,2,7,2912.66,2026-04-01,2026-09-26,1456.33,409.01,178,5.933333333333334,0.33707865168539325,2912.66,490.89775280898874,5890.773033707865,Low Value,3955,3955
CUST00194,2,3,2910.25,2024-12-31,2025-03-07,1455.125,997.23,66,2.2,0.9090909090909091,2910.25,1322.840909090909,15874.090909090908,Low Value,3956,3956
CUST03511,2,4,2909.3,2026-01-01,2026-06-04,1454.65,727.325,154,5.133333333333334,0.3896103896103896,2909.3,566.7467532467532,6800.961038961039,Low Value,3957,3957
CUST01730,2,3,2900.46,2025-10-24,2026-07-16,1450.23,921.01,265,8.833333333333334,0.22641509433962262,2900.46,328.35396226415094,3940.2475471698112,Low Value,3958,3958
CUST02530,2,3,2900.2,2026-03-22,2026-10-31,1450.1,1152.28,223,7.433333333333334,0.26905829596412556,2900.2,390.16143497757844,4681.937219730941,Low Value,3959,3959
CUST04960,3,4,2899.65,2025-09-20,2026-11-09,966.5500000000001,784.19,415,13.833333333333334,0.21686746987951808,2899.65,209.6132530120482,2515.3590361445786,Low Value,3960,3960
CUST02882,3,3,2895.46,2025-03-25,2026-07-09,965.1533333333333,965.1533333333333,471,15.7,0.1910828025477707,2895.46,184.42420382165605,2213.0904458598725,Low Value,3961,3961
CUST03248,3,3,2895.0299999999997,2025-12-23,2026-10-15,965.0099999999999,965.0099999999999,296,9.866666666666667,0.30405405405405406,2895.0299999999997,293.4152027027027,3520.9824324324322,Low Value,3962,3962
CUST03347,3,3,2893.99,2024-12-27,2025-02-20,964.6633333333333,964.6633333333333,55,1.8333333333333333,1.6363636363636365,2893.99,1578.54,18942.48,Low Value,3963,3963
CUST04899,3,3,2890.66,2026-01-11,2026-11-06,963.5533333333333,963.5533333333333,299,9.966666666666667,0.3010033444816054,2890.66,290.03277591973244,3480.3933110367893,Low Value,3964,3964
CUST01858,2,2,2889.9700000000003,2025-11-20,2025-12-31,1444.9850000000001,1444.9850000000001,41,1.3666666666666667,1.4634146341463414,2889.9700000000003,2114.6121951219516,25375.346341463417,Low Value,3965,3965
CUST02408,2,3,2889.74,2025-12-21,2025-12-27,1444.87,1032.255,6,0.2,2.0,2889.74,2889.74,34676.88,Low Value,3966,3966
CUST03749,2,2,2879.17,2025-05-31,2026-09-23,1439.585,1439.585,480,16.0,0.125,2879.17,179.948125,2159.3775,Low Value,3967,3967
CUST04920,3,3,2876.71,2025-07-15,2026-04-24,958.9033333333333,958.9033333333333,283,9.433333333333334,0.31802120141342755,2876.71,304.9515901060071,3659.419081272085,Low Value,3968,3968
CUST04550,2,2,2875.44,2026-08-03,2026-09-11,1437.72,1437.72,39,1.3,1.5384615384615383,2875.44,2211.876923076923,26542.523076923077,Low Value,3969,3969
CUST01299,1,3,2873.91,2025-05-20,2025-05-20,2873.91,957.97,0,0.0,1.0,2873.91,2873.91,34486.92,Low Value,3970,3970
CUST04565,1,3,2871.51,2025-02-05,2025-02-05,2871.51,957.17,0,0.0,1.0,2871.51,2871.51,34458.12,Low Value,3971,3971
CUST01095,3,5,2870.69,2025-07-04,2025-11-26,956.8966666666666,667.4966666666667,145,4.833333333333333,0.6206896551724138,2870.69,593.9358620689655,7127.230344827587,Low Value,3972,3972
CUST00277,2,3,2865.45,2025-02-13,2026-03-16,1432.725,818.615,396,13.2,0.15151515151515152,2865.45,217.07954545454544,2604.954545454545,Low Value,3973,3973
CUST03496,3,4,2865.11,2024-11-22,2026-12-02,955.0366666666667,694.3333333333334,740,24.666666666666668,0.12162162162162161,2865.11,116.15310810810811,1393.8372972972975,Low Value,3974,3974
CUST01356,1,2,2864.24,2025-08-23,2025-08-23,2864.24,1432.12,0,0.0,1.0,2864.24,2864.24,34370.88,Low Value,3975,3975
CUST00881,1,2,2861.78,2025-04-27,2025-04-27,2861.78,1430.89,0,0.0,1.0,2861.78,2861.78,34341.36,Low Value,3976,3976
CUST00246,2,3,2860.8999999999996,2024-12-12,2026-03-16,1430.4499999999998,1033.86,459,15.3,0.13071895424836602,2860.8999999999996,186.98692810457513,2243.8431372549016,Low Value,3977,3977
CUST03272,3,3,2860.5199999999995,2024-12-22,2026-04-12,953.5066666666665,953.5066666666665,476,15.866666666666667,0.18907563025210083,2860.5199999999995,180.2848739495798,2163.4184873949575,Low Value,3978,3978
CUST04836,2,3,2859.5600000000004,2025-10-11,2026-01-05,1429.7800000000002,812.95,86,2.8666666666666667,0.6976744186046512,2859.5600000000004,997.5209302325583,11970.251162790699,Low Value,3979,3979
CUST01543,3,3,2856.0699999999997,2026-07-17,2026-11-13,952.0233333333332,952.0233333333332,119,3.966666666666667,0.7563025210084033,2856.0699999999997,720.0176470588234,8640.21176470588,Low Value,3980,3980
CUST00790,2,2,2853.3599999999997,2025-05-30,2026-07-11,1426.6799999999998,1426.6799999999998,407,13.566666666666666,0.14742014742014742,2853.3599999999997,210.3213759213759,2523.856511056511,Low Value,3981,3981
CUST03157,3,3,2852.21,2025-02-15,2026-05-24,950.7366666666667,950.7366666666667,463,15.433333333333334,0.19438444924406048,2852.21,184.80842332613392,2217.701079913607,Low Value,3982,3982
CUST00333,2,4,2851.54,2025-01-17,2025-08-16,1425.77,712.885,211,7.033333333333333,0.2843601895734597,2851.54,405.4322274881517,4865.18672985782,Low Value,3983,3983
CUST04250,2,2,2846.5699999999997,2026-01-08,2026-04-24,1423.2849999999999,1423.2849999999999,106,3.533333333333333,0.5660377358490566,2846.5699999999997,805.6330188679244,9667.596226415093,Low Value,3984,3984
CUST02237,2,4,2840.1499999999996,2025-05-12,2025-07-01,1420.0749999999998,838.375,50,1.6666666666666667,1.2,2840.1499999999996,1704.0899999999997,20449.079999999994,Low Value,3985,3985
CUST02907,2,2,2833.35,2025-06-13,2026-01-24,1416.675,1416.675,225,7.5,0.26666666666666666,2833.35,377.78,4533.36,Low Value,3986,3986
CUST00892,2,3,2819.74,2026-09-06,2026-11-03,1409.87,845.5799999999999,58,1.9333333333333333,1.0344827586206897,2819.74,1458.4862068965515,17501.83448275862,Low Value,3987,3987
CUST04806,2,2,2819.34,2025-12-02,2026-03-31,1409.67,1409.67,119,3.966666666666667,0.5042016806722689,2819.34,710.7579831932774,8529.09579831933,Low Value,3988,3988
CUST00376,3,3,2818.0299999999997,2025-03-06,2026-02-27,939.3433333333332,939.3433333333332,358,11.933333333333334,0.25139664804469275,2818.0299999999997,236.14776536312846,2833.7731843575416,Low Value,3989,3989
CUST00579,3,3,2814.54,2025-03-12,2026-09-04,938.18,938.18,541,18.033333333333335,0.16635859519408502,2814.54,156.07430683918668,1872.8916820702402,Low Value,3990,3990
CUST04342,2,3,2808.4300000000003,2025-02-22,2026-03-16,1404.2150000000001,1020.675,387,12.9,0.15503875968992248,2808.4300000000003,217.7077519379845,2612.493023255814,Low Value,3991,3991
CUST00548,2,2,2807.34,2025-06-14,2026-06-15,1403.67,1403.67,366,12.2,0.1639344262295082,2807.34,230.1098360655738,2761.318032786886,Low Value,3992,3992
CUST01325,3,4,2805.54,2025-01-16,2026-07-26,935.18,793.8000000000001,556,18.533333333333335,0.1618705035971223,2805.54,151.3780575539568,1816.5366906474817,Low Value,3993,3993
CUST04356,2,3,2802.88,2025-01-10,2025-07-27,1401.44,808.345,198,6.6,0.30303030303030304,2802.88,424.67878787878794,5096.145454545455,Low Value,3994,3994
CUST00524,3,4,2795.15,2025-06-30,2026-03-26,931.7166666666667,810.7366666666667,269,8.966666666666667,0.3345724907063197,2795.15,311.7267657992565,3740.7211895910777,Low Value,3995,3995
CUST02099,4,5,2794.52,2025-02-12,2025-12-10,698.63,591.97,301,10.033333333333333,0.39867109634551495,2794.52,278.5235880398671,3342.2830564784053,Low Value,3996,3996
CUST04205,2,4,2786.94,2025-11-22,2026-01-03,1393.47,707.0799999999999,42,1.4,1.4285714285714286,2786.94,1990.6714285714288,23888.057142857146,Low Value,3997,3997
CUST04005,3,3,2785.42,2024-11-29,2025-05-29,928.4733333333334,928.4733333333334,181,6.033333333333333,0.4972375690607735,2785.42,461.6718232044199,5540.061878453039,Low Value,3998,3998
CUST02460,3,3,2785.15,2025-10-05,2026-08-10,928.3833333333333,928.3833333333333,309,10.3,0.2912621359223301,2785.15,270.40291262135923,3244.8349514563106,Low Value,3999,3999
CUST00849,2,6,2783.5299999999997,2025-04-23,2026-05-19,1391.7649999999999,635.345,391,13.033333333333333,0.1534526854219949,2783.5299999999997,213.5700767263427,2562.8409207161126,Low Value,4000,4000
CUST01374,2,4,2783.1899999999996,2025-04-25,2025-06-12,1391.5949999999998,1004.7349999999999,48,1.6,1.25,2783.1899999999996,1739.4937499999996,20873.924999999996,Low Value,4001,4001
CUST01361,2,3,2779.29,2026-03-02,2026-07-04,1389.645,1050.975,124,4.133333333333334,0.48387096774193544,2779.29,672.4088709677419,8068.906451612903,Low Value,4002,4002
CUST01940,3,4,2778.35,2024-12-22,2026-07-17,926.1166666666667,588.5466666666667,572,19.066666666666666,0.15734265734265734,2778.35,145.71765734265733,1748.611888111888,Low Value,4003,4003
CUST02488,2,3,2777.2,2025-07-03,2026-01-19,1388.6,998.095,200,6.666666666666667,0.3,2777.2,416.5799999999999,4998.959999999999,Low Value,4004,4004
CUST02290,3,3,2776.1,2024-11-25,2026-10-12,925.3666666666667,925.3666666666667,686,22.866666666666667,0.13119533527696792,2776.1,121.40379008746355,1456.8454810495625,Low Value,4005,4005
CUST02620,1,3,2775.51,2026-05-04,2026-05-04,2775.51,925.17,0,0.0,1.0,2775.51,2775.51,33306.12,Low Value,4006,4006
CUST03388,2,3,2775.4,2025-06-08,2025-07-21,1387.7,1176.525,43,1.4333333333333333,1.3953488372093024,2775.4,1936.325581395349,23235.906976744187,Low Value,4007,4007
CUST04059,3,3,2773.7,2025-06-11,2026-07-15,924.5666666666666,924.5666666666666,399,13.3,0.22556390977443608,2773.7,208.5488721804511,2502.586466165413,Low Value,4008,4008
CUST04714,1,4,2767.28,2026-04-18,2026-04-18,2767.28,691.82,0,0.0,1.0,2767.28,2767.28,33207.36,Low Value,4009,4009
CUST02409,1,3,2766.09,2026-07-11,2026-07-11,2766.09,922.03,0,0.0,1.0,2766.09,2766.09,33193.08,Low Value,4010,4010
CUST02650,2,3,2764.26,2024-11-26,2026-04-10,1382.13,957.78,500,16.666666666666668,0.12,2764.26,165.8556,1990.2672000000002,Low Value,4011,4011
CUST03165,2,4,2757.86,2025-01-22,2025-08-15,1378.93,735.94,205,6.833333333333333,0.29268292682926833,2757.86,403.58926829268296,4843.071219512196,Low Value,4012,4012
CUST02166,2,2,2756.68,2025-03-31,2025-04-21,1378.34,1378.34,21,0.7,2.0,2756.68,2756.68,33080.159999999996,Low Value,4013,4013
CUST01638,2,6,2754.1499999999996,2025-07-10,2026-08-08,1377.0749999999998,439.495,394,13.133333333333333,0.15228426395939088,2754.1499999999996,209.70685279187816,2516.482233502538,Low Value,4014,4014
CUST02140,2,6,2750.05,2025-02-09,2026-06-14,1375.025,640.6850000000001,490,16.333333333333332,0.12244897959183675,2750.05,168.37040816326532,2020.444897959184,Low Value,4015,4015
CUST01258,1,2,2745.82,2026-03-03,2026-03-03,2745.82,1372.91,0,0.0,1.0,2745.82,2745.82,32949.840000000004,Low Value,4016,4016
CUST03210,1,3,2745.39,2025-09-06,2025-09-06,2745.39,915.13,0,0.0,1.0,2745.39,2745.39,32944.68,Low Value,4017,4017
CUST01635,3,3,2738.38,2025-02-07,2026-10-16,912.7933333333334,912.7933333333334,616,20.533333333333335,0.1461038961038961,2738.38,133.36266233766233,1600.351948051948,Low Value,4018,4018
CUST03006,4,4,2736.69,2025-01-06,2025-10-07,684.1725,684.1725,274,9.133333333333333,0.43795620437956206,2736.69,299.6375912408759,3595.6510948905106,Low Value,4019,4019
CUST03805,4,5,2736.49,2025-02-03,2025-12-05,684.1225,566.1775,305,10.166666666666666,0.3934426229508197,2736.49,269.1629508196721,3229.9554098360654,Low Value,4020,4020
CUST04455,4,4,2733.73,2025-10-22,2026-08-27,683.4325,683.4325,309,10.3,0.3883495145631068,2733.73,265.4106796116505,3184.928155339806,Low Value,4021,4021
CUST04330,2,3,2731.23,2025-01-21,2026-02-19,1365.615,927.2650000000001,394,13.133333333333333,0.15228426395939088,2731.23,207.96167512690357,2495.5401015228426,Low Value,4022,4022
CUST03774,3,3,2723.0,2026-03-21,2026-08-26,907.6666666666666,907.6666666666666,158,5.266666666666667,0.569620253164557,2723.0,517.0253164556962,6204.303797468354,Low Value,4023,4023
CUST00136,2,5,2721.0,2025-05-11,2025-09-24,1360.5,571.7149999999999,136,4.533333333333333,0.4411764705882353,2721.0,600.2205882352941,7202.64705882353,Low Value,4024,4024
CUST04934,2,2,2712.7,2025-06-11,2026-04-08,1356.35,1356.35,301,10.033333333333333,0.19933554817275748,2712.7,270.3687707641196,3244.425249169435,Low Value,4025,4025
CUST03199,1,3,2710.11,2025-02-05,2025-02-05,2710.11,903.37,0,0.0,1.0,2710.11,2710.11,32521.32,Low Value,4026,4026
CUST00128,2,2,2709.82,2026-07-14,2026-11-08,1354.91,1354.91,117,3.9,0.5128205128205129,2709.82,694.8256410256411,8337.907692307694,Low Value,4027,4027
CUST04209,2,2,2704.9700000000003,2025-01-18,2026-07-04,1352.4850000000001,1352.4850000000001,532,17.733333333333334,0.11278195488721804,2704.9700000000003,152.53590225563912,1830.4308270676693,Low Value,4028,4028
CUST00563,2,2,2699.8999999999996,2025-01-14,2025-03-20,1349.9499999999998,1349.9499999999998,65,2.1666666666666665,0.9230769230769231,2699.8999999999996,1246.1076923076923,14953.292307692307,Low Value,4029,4029
CUST02146,2,4,2699.04,2024-12-18,2025-08-13,1349.52,674.76,238,7.933333333333334,0.25210084033613445,2699.04,340.21512605042017,4082.581512605042,Low Value,4030,4030
CUST03831,3,3,2695.3700000000003,2025-06-22,2026-05-21,898.4566666666668,898.4566666666668,333,11.1,0.2702702702702703,2695.3700000000003,242.82612612612616,2913.913513513514,Low Value,4031,4031
CUST00049,3,4,2693.41,2025-04-04,2026-03-30,897.8033333333333,737.4366666666666,360,12.0,0.25,2693.41,224.45083333333332,2693.41,Low Value,4032,4032
CUST00365,2,3,2691.73,2025-05-05,2026-10-06,1345.865,834.115,519,17.3,0.11560693641618497,2691.73,155.59132947976877,1867.0959537572253,Low Value,4033,4033
CUST00447,2,2,2689.71,2025-03-11,2026-07-17,1344.855,1344.855,493,16.433333333333334,0.12170385395537525,2689.71,163.67403651115617,1964.0884381338742,Low Value,4034,4034
CUST01099,1,4,2688.96,2026-11-23,2026-11-23,2688.96,672.24,0,0.0,1.0,2688.96,2688.96,32267.52,Low Value,4035,4035
CUST01805,2,4,2686.05,2026-08-03,2026-09-14,1343.025,919.145,42,1.4,1.4285714285714286,2686.05,1918.6071428571431,23023.285714285717,Low Value,4036,4036
CUST02844,2,3,2683.87,2025-05-22,2025-08-14,1341.935,779.1299999999999,84,2.8,0.7142857142857143,2683.87,958.525,11502.3,Low Value,4037,4037
CUST03074,2,3,2683.59,2025-03-05,2026-07-30,1341.795,884.695,512,17.066666666666666,0.1171875,2683.59,157.24160156250002,1886.8992187500003,Low Value,4038,4038
CUST01133,3,3,2681.25,2025-09-18,2026-04-19,893.75,893.75,213,7.1,0.4225352112676057,2681.25,377.64084507042253,4531.69014084507,Low Value,4039,4039
CUST04970,2,4,2679.76,2025-10-18,2026-03-25,1339.88,669.94,158,5.266666666666667,0.379746835443038,2679.76,508.81518987341775,6105.782278481013,Low Value,4040,4040
CUST00221,1,4,2675.16,2025-10-18,2025-10-18,2675.16,668.79,0,0.0,1.0,2675.16,2675.16,32101.92,Low Value,4041,4041
CUST02642,2,4,2667.55,2026-04-03,2026-05-02,1333.775,909.135,29,0.9666666666666667,2.0,2667.55,2667.55,32010.600000000002,Low Value,4042,4042
CUST00004,2,7,2665.54,2024-11-22,2025-04-15,1332.77,380.05499999999995,144,4.8,0.4166666666666667,2665.54,555.3208333333333,6663.85,Low Value,4043,4043
CUST02619,2,2,2663.94,2025-09-04,2026-09-10,1331.97,1331.97,371,12.366666666666667,0.16172506738544473,2663.94,215.41293800539083,2584.95525606469,Low Value,4044,4044
CUST01389,2,4,2663.34,2024-12-29,2026-01-15,1331.67,665.835,382,12.733333333333333,0.15706806282722513,2663.34,209.1628272251309,2509.9539267015707,Low Value,4045,4045
CUST03418,3,3,2661.74,2024-11-15,2026-12-02,887.2466666666666,887.2466666666666,747,24.9,0.12048192771084339,2661.74,106.89718875502008,1282.766265060241,Low Value,4046,4046
CUST01529,3,3,2659.9700000000003,2026-04-10,2026-12-08,886.6566666666668,886.6566666666668,242,8.066666666666666,0.37190082644628103,2659.9700000000003,329.74834710743806,3956.9801652892565,Low Value,4047,4047
CUST02194,2,2,2652.02,2025-06-09,2026-09-04,1326.01,1326.01,452,15.066666666666666,0.13274336283185842,2652.02,176.01902654867257,2112.2283185840706,Low Value,4048,4048
CUST03784,3,5,2651.64,2024-12-24,2025-09-03,883.88,614.4399999999999,253,8.433333333333334,0.3557312252964427,2651.64,314.42371541501973,3773.0845849802367,Low Value,4049,4049
CUST04024,2,2,2650.52,2026-07-01,2026-09-12,1325.26,1325.26,73,2.433333333333333,0.8219178082191781,2650.52,1089.254794520548,13071.057534246578,Low Value,4050,4050
CUST02895,2,6,2649.8399999999997,2025-04-12,2026-07-05,1324.9199999999998,421.94,449,14.966666666666667,0.13363028953229397,2649.8399999999997,177.04944320712693,2124.593318485523,Low Value,4051,4051
CUST03853,3,4,2647.63,2025-05-09,2026-05-10,882.5433333333334,754.1366666666667,366,12.2,0.24590163934426232,2647.63,217.01885245901641,2604.226229508197,Low Value,4052,4052
CUST01031,3,3,2644.19,2025-11-08,2026-11-04,881.3966666666666,881.3966666666666,361,12.033333333333333,0.24930747922437674,2644.19,219.7387811634349,2636.865373961219,Low Value,4053,4053
CUST04299,2,2,2642.75,2026-01-10,2026-06-15,1321.375,1321.375,156,5.2,0.3846153846153846,2642.75,508.2211538461538,6098.653846153846,Low Value,4054,4054
CUST02389,3,4,2628.05,2025-07-05,2026-04-19,876.0166666666668,641.52,288,9.6,0.3125,2628.05,273.75520833333337,3285.0625000000005,Low Value,4055,4055
CUST01313,2,3,2624.97,2025-08-19,2026-07-01,1312.485,895.405,316,10.533333333333333,0.189873417721519,2624.97,249.20601265822782,2990.472151898734,Low Value,4056,4056
CUST04447,1,3,2621.31,2025-08-27,2025-08-27,2621.31,873.77,0,0.0,1.0,2621.31,2621.31,31455.72,Low Value,4057,4057
CUST02964,1,3,2618.25,2025-03-23,2025-03-23,2618.25,872.75,0,0.0,1.0,2618.25,2618.25,31419.0,Low Value,4058,4058
CUST03617,2,7,2614.73,2025-04-05,2025-04-19,1307.365,380.45,14,0.4666666666666667,2.0,2614.73,2614.73,31376.760000000002,Low Value,4059,4059
CUST02502,2,3,2613.16,2025-09-27,2026-10-16,1306.58,849.06,384,12.8,0.15625,2613.16,204.153125,2449.8374999999996,Low Value,4060,4060
CUST01877,3,5,2610.2799999999997,2024-12-10,2025-07-04,870.0933333333332,564.06,206,6.866666666666666,0.4368932038834952,2610.2799999999997,380.1378640776699,4561.654368932039,Low Value,4061,4061
CUST01312,2,2,2607.89,2025-03-09,2025-08-05,1303.945,1303.945,149,4.966666666666667,0.40268456375838924,2607.89,525.0785234899329,6300.9422818791945,Low Value,4062,4062
CUST02728,2,3,2607.0,2025-05-08,2026-03-16,1303.5,1096.49,312,10.4,0.1923076923076923,2607.0,250.6730769230769,3008.076923076923,Low Value,4063,4063
CUST00518,2,4,2605.7799999999997,2025-04-29,2026-11-01,1302.8899999999999,651.4449999999999,551,18.366666666666667,0.1088929219600726,2605.7799999999997,141.87549909255895,1702.5059891107076,Low Value,4064,4064
CUST04423,1,3,2601.6,2026-09-24,2026-09-24,2601.6,867.2,0,0.0,1.0,2601.6,2601.6,31219.199999999997,Low Value,4065,4065
CUST03563,1,2,2600.6,2026-01-20,2026-01-20,2600.6,1300.3,0,0.0,1.0,2600.6,2600.6,31207.199999999997,Low Value,4066,4066
CUST00324,2,3,2597.3199999999997,2025-11-16,2026-04-29,1298.6599999999999,806.505,164,5.466666666666667,0.36585365853658536,2597.3199999999997,475.1195121951219,5701.434146341463,Low Value,4067,4067
CUST01080,1,2,2596.22,2025-07-15,2025-07-15,2596.22,1298.11,0,0.0,1.0,2596.22,2596.22,31154.64,Low Value,4068,4068
CUST00048,2,2,2594.33,2024-12-19,2025-05-31,1297.165,1297.165,163,5.433333333333334,0.36809815950920244,2594.33,477.4840490797546,5729.808588957055,Low Value,4069,4069
CUST03883,3,6,2589.66,2024-11-15,2025-10-08,863.2199999999999,500.34666666666664,327,10.9,0.27522935779816515,2589.66,237.5834862385321,2851.0018348623853,Low Value,4070,4070
CUST02795,2,3,2587.81,2024-12-01,2026-06-03,1293.905,801.365,549,18.3,0.1092896174863388,2587.81,141.4103825136612,1696.9245901639345,Low Value,4071,4071
CUST01385,2,3,2586.6299999999997,2025-04-01,2026-09-23,1293.3149999999998,759.0049999999999,540,18.0,0.1111111111111111,2586.6299999999997,143.70166666666665,1724.4199999999998,Low Value,4072,4072
CUST02637,3,3,2585.25,2025-05-08,2026-04-15,861.75,861.75,342,11.4,0.2631578947368421,2585.25,226.77631578947367,2721.315789473684,Low Value,4073,4073
CUST00176,1,3,2583.51,2025-09-27,2025-09-27,2583.51,861.17,0,0.0,1.0,2583.51,2583.51,31002.120000000003,Low Value,4074,4074
CUST01227,2,3,2582.8,2025-01-15,2026-09-08,1291.4,829.73,601,20.033333333333335,0.09983361064891846,2582.8,128.92512479201332,1547.1014975041599,Low Value,4075,4075
CUST03634,2,2,2580.3599999999997,2025-12-12,2026-04-04,1290.1799999999998,1290.1799999999998,113,3.7666666666666666,0.5309734513274337,2580.3599999999997,685.0513274336282,8220.615929203539,Low Value,4076,4076
CUST04715,3,7,2578.74,2025-08-06,2026-07-16,859.5799999999999,385.8866666666667,344,11.466666666666667,0.2616279069767442,2578.74,224.89011627906976,2698.681395348837,Low Value,4077,4077
CUST02590,1,2,2574.52,2026-08-13,2026-08-13,2574.52,1287.26,0,0.0,1.0,2574.52,2574.52,30894.239999999998,Low Value,4078,4078
CUST00040,2,4,2573.46,2026-02-15,2026-10-05,1286.73,643.365,232,7.733333333333333,0.25862068965517243,2573.46,332.775,3993.2999999999997,Low Value,4079,4079
CUST04645,2,2,2573.41,2026-08-16,2026-08-21,1286.705,1286.705,5,0.16666666666666666,2.0,2573.41,2573.41,30880.92,Low Value,4080,4080
CUST00716,3,3,2571.83,2025-05-17,2026-08-15,857.2766666666666,857.2766666666666,455,15.166666666666666,0.19780219780219782,2571.83,169.5712087912088,2034.8545054945055,Low Value,4081,4081
CUST00840,2,3,2571.63,2025-02-27,2026-11-10,1285.815,1114.3049999999998,621,20.7,0.0966183574879227,2571.63,124.23333333333335,1490.8000000000002,Low Value,4082,4082
CUST03286,1,3,2566.77,2025-10-06,2025-10-06,2566.77,855.59,0,0.0,1.0,2566.77,2566.77,30801.239999999998,Low Value,4083,4083
CUST00155,1,2,2564.64,2025-08-01,2025-08-01,2564.64,1282.32,0,0.0,1.0,2564.64,2564.64,30775.68,Low Value,4084,4084
CUST02144,2,3,2559.93,2025-03-07,2026-06-14,1279.965,987.0,464,15.466666666666667,0.12931034482758622,2559.93,165.51271551724136,1986.1525862068963,Low Value,4085,4085
CUST04684,2,2,2556.8599999999997,2025-03-18,2026-11-22,1278.4299999999998,1278.4299999999998,614,20.466666666666665,0.09771986970684039,2556.8599999999997,124.92801302931595,1499.1361563517914,Low Value,4086,4086
CUST01683,2,2,2548.1,2025-05-26,2026-04-30,1274.05,1274.05,339,11.3,0.17699115044247787,2548.1,225.4955752212389,2705.946902654867,Low Value,4087,4087
CUST00041,2,3,2547.34,2025-02-10,2026-03-28,1273.67,951.05,411,13.7,0.14598540145985403,2547.34,185.93722627737228,2231.2467153284674,Low Value,4088,4088
CUST02308,2,2,2544.49,2025-07-10,2025-12-06,1272.245,1272.245,149,4.966666666666667,0.40268456375838924,2544.49,512.3134228187919,6147.7610738255025,Low Value,4089,4089
CUST04607,1,2,2543.96,2026-06-25,2026-06-25,2543.96,1271.98,0,0.0,1.0,2543.96,2543.96,30527.52,Low Value,4090,4090
CUST03911,3,5,2540.0,2025-09-03,2026-03-20,846.6666666666666,520.24,198,6.6,0.4545454545454546,2540.0,384.8484848484849,4618.181818181818,Low Value,4091,4091
CUST02738,2,5,2534.56,2025-03-20,2026-05-04,1267.28,538.22,410,13.666666666666666,0.14634146341463417,2534.56,185.45560975609757,2225.4673170731708,Low Value,4092,4092
CUST04166,3,3,2531.78,2025-12-11,2026-07-14,843.9266666666667,843.9266666666667,215,7.166666666666667,0.41860465116279066,2531.78,353.27162790697673,4239.25953488372,Low Value,4093,4093
CUST00121,1,4,2531.72,2025-02-26,2025-02-26,2531.72,632.93,0,0.0,1.0,2531.72,2531.72,30380.64,Low Value,4094,4094
CUST00344,3,4,2526.02,2026-09-02,2026-11-10,842.0066666666667,657.8866666666667,69,2.3,1.3043478260869565,2526.02,1098.2695652173913,13179.234782608695,Low Value,4095,4095
CUST03365,3,4,2525.82,2025-05-06,2026-08-21,841.94,702.6266666666667,472,15.733333333333333,0.19067796610169493,2525.82,160.53940677966105,1926.4728813559327,Low Value,4096,4096
CUST04420,2,5,2520.9700000000003,2025-02-04,2025-06-29,1260.4850000000001,703.835,145,4.833333333333333,0.4137931034482759,2520.9700000000003,521.58,6258.960000000001,Low Value,4097,4097
CUST03745,1,2,2520.84,2025-02-12,2025-02-12,2520.84,1260.42,0,0.0,1.0,2520.84,2520.84,30250.08,Low Value,4098,4098
CUST04319,2,3,2518.88,2025-01-30,2026-02-23,1259.44,1074.64,389,12.966666666666667,0.15424164524421594,2518.88,194.25809768637532,2331.097172236504,Low Value,4099,4099
CUST04966,2,2,2518.71,2025-10-22,2026-02-26,1259.355,1259.355,127,4.233333333333333,0.47244094488188976,2518.71,594.9708661417322,7139.650393700787,Low Value,4100,4100
CUST01951,2,2,2515.2200000000003,2025-08-05,2026-05-12,1257.6100000000001,1257.6100000000001,280,9.333333333333334,0.21428571428571427,2515.2200000000003,269.48785714285714,3233.8542857142857,Low Value,4101,4101
CUST00296,2,2,2513.9900000000002,2025-11-15,2026-08-24,1256.9950000000001,1256.9950000000001,282,9.4,0.2127659574468085,2513.9900000000002,267.4457446808511,3209.348936170213,Low Value,4102,4102
CUST02405,2,2,2510.69,2025-07-14,2026-06-20,1255.345,1255.345,341,11.366666666666667,0.1759530791788856,2510.69,220.88181818181818,2650.581818181818,Low Value,4103,4103
CUST03628,2,5,2510.35,2025-07-09,2026-10-23,1255.175,689.6,471,15.7,0.12738853503184713,2510.35,159.89490445859872,1918.7388535031846,Low Value,4104,4104
CUST02870,2,4,2507.6499999999996,2024-11-21,2025-02-28,1253.8249999999998,825.645,99,3.3,0.6060606060606061,2507.6499999999996,759.8939393939394,9118.727272727272,Low Value,4105,4105
CUST02000,1,2,2507.06,2025-02-02,2025-02-02,2507.06,1253.53,0,0.0,1.0,2507.06,2507.06,30084.72,Low Value,4106,4106
CUST04746,2,2,2505.27,2025-01-18,2025-12-28,1252.635,1252.635,344,11.466666666666667,0.1744186046511628,2505.27,218.4828488372093,2621.7941860465116,Low Value,4107,4107
CUST04847,2,5,2503.38,2025-06-03,2025-11-20,1251.69,650.115,170,5.666666666666667,0.3529411764705882,2503.38,441.77294117647057,5301.275294117647,Low Value,4108,4108
CUST01808,1,3,2499.39,2026-02-10,2026-02-10,2499.39,833.13,0,0.0,1.0,2499.39,2499.39,29992.68,Low Value,4109,4109
CUST04268,2,2,2495.9300000000003,2025-05-21,2026-07-10,1247.9650000000001,1247.9650000000001,415,13.833333333333334,0.14457831325301204,2495.9300000000003,180.4286746987952,2165.144096385542,Low Value,4110,4110
CUST02819,2,5,2480.62,2024-12-05,2026-06-06,1240.31,689.48,548,18.266666666666666,0.10948905109489052,2480.62,135.80036496350365,1629.604379562044,Low Value,4111,4111
CUST04936,2,4,2480.38,2024-12-14,2026-09-30,1240.19,686.03,655,21.833333333333332,0.0916030534351145,2480.38,113.60519083969467,1363.262290076336,Low Value,4112,4112
CUST01994,2,4,2477.96,2025-04-02,2026-11-07,1238.98,619.49,584,19.466666666666665,0.10273972602739727,2477.96,127.29246575342466,1527.509589041096,Low Value,4113,4113
CUST02516,2,5,2477.62,2025-10-31,2026-11-09,1238.81,667.52,374,12.466666666666667,0.16042780748663102,2477.62,198.73957219251335,2384.87486631016,Low Value,4114,4114
CUST00178,2,2,2469.45,2025-08-28,2026-07-14,1234.725,1234.725,320,10.666666666666666,0.1875,2469.45,231.51093749999998,2778.13125,Low Value,4115,4115
CUST00897,2,2,2468.83,2025-10-18,2026-07-24,1234.415,1234.415,279,9.3,0.2150537634408602,2468.83,265.46559139784944,3185.587096774193,Low Value,4116,4116
CUST04618,1,2,2466.32,2025-09-09,2025-09-09,2466.32,1233.16,0,0.0,1.0,2466.32,2466.32,29595.840000000004,Low Value,4117,4117
CUST04700,2,4,2453.7400000000002,2024-12-16,2026-11-04,1226.8700000000001,674.74,688,22.933333333333334,0.0872093023255814,2453.7400000000002,106.99447674418606,1283.9337209302328,Low Value,4118,4118
CUST00901,2,6,2453.25,2024-12-19,2025-04-09,1226.625,408.875,111,3.7,0.5405405405405405,2453.25,663.0405405405405,7956.486486486487,Low Value,4119,4119
CUST03370,2,2,2449.2799999999997,2025-01-10,2025-07-13,1224.6399999999999,1224.6399999999999,184,6.133333333333334,0.32608695652173914,2449.2799999999997,399.33913043478253,4792.069565217391,Low Value,4120,4120
CUST04080,1,2,2448.94,2025-05-13,2025-05-13,2448.94,1224.47,0,0.0,1.0,2448.94,2448.94,29387.28,Low Value,4121,4121
CUST00557,1,2,2448.88,2025-08-17,2025-08-17,2448.88,1224.44,0,0.0,1.0,2448.88,2448.88,29386.56,Low Value,4122,4122
CUST00663,3,3,2448.3,2026-03-25,2026-10-30,816.1,816.1,219,7.3,0.4109589041095891,2448.3,335.38356164383566,4024.6027397260277,Low Value,4123,4123
CUST00904,3,3,2446.42,2026-01-02,2026-05-06,815.4733333333334,815.4733333333334,124,4.133333333333334,0.7258064516129031,2446.42,591.8758064516129,7102.509677419355,Low Value,4124,4124
CUST04848,2,6,2441.46,2026-07-12,2026-10-11,1220.73,469.21,91,3.033333333333333,0.6593406593406593,2441.46,804.8769230769232,9658.523076923078,Low Value,4125,4125
CUST01899,2,2,2436.82,2025-03-14,2026-04-25,1218.41,1218.41,407,13.566666666666666,0.14742014742014742,2436.82,179.61818181818182,2155.418181818182,Low Value,4126,4126
CUST03968,2,2,2435.16,2024-12-11,2025-11-15,1217.58,1217.58,339,11.3,0.17699115044247787,2435.16,215.50088495575218,2586.010619469026,Low Value,4127,4127
CUST02130,1,3,2432.85,2026-05-01,2026-05-01,2432.85,810.95,0,0.0,1.0,2432.85,2432.85,29194.199999999997,Low Value,4128,4128
CUST01768,2,5,2429.25,2025-04-05,2026-03-17,1214.625,566.895,346,11.533333333333333,0.17341040462427745,2429.25,210.628612716763,2527.543352601156,Low Value,4129,4129
CUST01628,2,6,2428.56,2025-01-28,2025-11-14,1214.28,407.7,290,9.666666666666666,0.20689655172413796,2428.56,251.2303448275862,3014.7641379310344,Low Value,4130,4130
CUST01420,1,2,2428.06,2025-05-26,2025-05-26,2428.06,1214.03,0,0.0,1.0,2428.06,2428.06,29136.72,Low Value,4131,4131
CUST03681,1,5,2426.3,2025-11-28,2025-11-28,2426.3,485.26,0,0.0,1.0,2426.3,2426.3,29115.600000000002,Low Value,4132,4132
CUST04786,2,2,2424.2200000000003,2025-12-04,2026-05-21,1212.1100000000001,1212.1100000000001,168,5.6,0.35714285714285715,2424.2200000000003,432.89642857142866,5194.757142857144,Low Value,4133,4133
CUST01691,2,5,2423.0,2024-12-01,2026-05-29,1211.5,621.625,544,18.133333333333333,0.11029411764705882,2423.0,133.62132352941177,1603.4558823529412,Low Value,4134,4134
CUST00373,2,2,2415.46,2025-01-20,2026-05-24,1207.73,1207.73,489,16.3,0.12269938650306748,2415.46,148.1877300613497,1778.2527607361963,Low Value,4135,4135
CUST04860,3,3,2412.93,2025-04-04,2026-05-03,804.31,804.31,394,13.133333333333333,0.2284263959390863,2412.93,183.72563451776648,2204.7076142131978,Low Value,4136,4136
CUST04953,2,3,2409.2799999999997,2025-05-19,2025-10-26,1204.6399999999999,708.24,160,5.333333333333333,0.375,2409.2799999999997,451.73999999999995,5420.879999999999,Low Value,4137,4137
CUST02952,2,5,2407.45,2025-01-02,2025-09-30,1203.725,543.005,271,9.033333333333333,0.22140221402214022,2407.45,266.50738007380073,3198.088560885609,Low Value,4138,4138
CUST01322,2,3,2406.88,2025-06-03,2025-07-02,1203.44,768.365,29,0.9666666666666667,2.0,2406.88,2406.88,28882.56,Low Value,4139,4139
CUST00883,2,2,2403.75,2026-08-29,2026-09-10,1201.875,1201.875,12,0.4,2.0,2403.75,2403.75,28845.0,Low Value,4140,4140
CUST03820,2,2,2401.33,2025-06-29,2026-02-04,1200.665,1200.665,220,7.333333333333333,0.27272727272727276,2401.33,327.4540909090909,3929.449090909091,Low Value,4141,4141
CUST02195,3,3,2400.17,2024-12-11,2025-08-19,800.0566666666667,800.0566666666667,251,8.366666666666667,0.3585657370517928,2400.17,286.87290836653386,3442.474900398406,Low Value,4142,4142
CUST04993,2,4,2397.63,2025-05-24,2026-01-07,1198.815,785.815,228,7.6,0.2631578947368421,2397.63,315.4776315789474,3785.7315789473687,Low Value,4143,4143
CUST00565,2,3,2391.38,2024-12-18,2025-06-20,1195.69,816.58,184,6.133333333333334,0.32608695652173914,2391.38,389.8989130434783,4678.786956521739,Low Value,4144,4144
CUST00827,2,2,2391.3599999999997,2025-07-06,2026-06-27,1195.6799999999998,1195.6799999999998,356,11.866666666666667,0.16853932584269662,2391.3599999999997,201.51910112359548,2418.229213483146,Low Value,4145,4145
CUST02951,2,3,2382.09,2025-06-04,2025-09-28,1191.045,872.01,116,3.8666666666666667,0.5172413793103449,2382.09,616.0577586206897,7392.693103448277,Low Value,4146,4146
CUST02175,2,2,2378.45,2025-01-24,2025-01-30,1189.225,1189.225,6,0.2,2.0,2378.45,2378.45,28541.399999999998,Low Value,4147,4147
CUST04284,1,2,2376.06,2025-04-15,2025-04-15,2376.06,1188.03,0,0.0,1.0,2376.06,2376.06,28512.72,Low Value,4148,4148
CUST04136,2,2,2370.3,2025-08-04,2025-11-16,1185.15,1185.15,104,3.466666666666667,0.5769230769230769,2370.3,683.7403846153846,8204.884615384615,Low Value,4149,4149
CUST04980,2,2,2367.54,2026-02-11,2026-12-22,1183.77,1183.77,314,10.466666666666667,0.19108280254777069,2367.54,226.19808917197452,2714.377070063694,Low Value,4150,4150
CUST04383,3,5,2361.77,2025-01-01,2026-02-17,787.2566666666667,496.18333333333334,412,13.733333333333333,0.2184466019417476,2361.77,171.9735436893204,2063.6825242718446,Low Value,4151,4151
CUST03596,2,3,2358.09,2025-05-25,2026-07-15,1179.045,808.3399999999999,416,13.866666666666667,0.14423076923076922,2358.09,170.0545673076923,2040.6548076923077,Low Value,4152,4152
CUST00912,2,3,2355.8900000000003,2025-04-07,2025-12-20,1177.9450000000002,883.095,257,8.566666666666666,0.23346303501945526,2355.8900000000003,275.00661478599227,3300.0793774319072,Low Value,4153,4153
CUST00401,2,2,2352.7200000000003,2025-08-06,2026-08-17,1176.3600000000001,1176.3600000000001,376,12.533333333333333,0.1595744680851064,2352.7200000000003,187.71702127659577,2252.604255319149,Low Value,4154,4154
CUST02363,1,3,2352.54,2026-09-17,2026-09-17,2352.54,784.18,0,0.0,1.0,2352.54,2352.54,28230.48,Low Value,4155,4155
CUST04329,2,2,2347.3599999999997,2025-12-24,2026-01-29,1173.6799999999998,1173.6799999999998,36,1.2,1.6666666666666667,2347.3599999999997,1956.1333333333332,23473.6,Low Value,4156,4156
CUST00473,1,1,2345.22,2025-11-06,2025-11-06,2345.22,2345.22,0,0.0,1.0,2345.22,2345.22,28142.64,Low Value,4157,4157
CUST00475,2,3,2341.02,2025-11-24,2026-08-16,1170.51,987.895,265,8.833333333333334,0.22641509433962262,2341.02,265.02113207547166,3180.25358490566,Low Value,4158,4158
CUST02686,3,6,2336.41,2025-07-04,2026-02-26,778.8033333333333,378.4533333333334,237,7.9,0.37974683544303794,2336.41,295.74810126582275,3548.9772151898733,Low Value,4159,4159
CUST02413,1,2,2332.8,2026-06-23,2026-06-23,2332.8,1166.4,0,0.0,1.0,2332.8,2332.8,27993.600000000002,Low Value,4160,4160
CUST00592,3,3,2331.75,2025-05-21,2026-05-06,777.25,777.25,350,11.666666666666666,0.2571428571428572,2331.75,199.86428571428573,2398.3714285714286,Low Value,4161,4161
CUST04542,1,1,2325.43,2025-12-21,2025-12-21,2325.43,2325.43,0,0.0,1.0,2325.43,2325.43,27905.159999999996,Low Value,4162,4162
CUST04921,3,4,2324.97,2025-03-07,2026-05-01,774.9899999999999,579.1033333333334,420,14.0,0.21428571428571427,2324.97,166.0692857142857,1992.8314285714287,Low Value,4163,4163
CUST04239,2,4,2321.79,2025-03-18,2025-09-14,1160.895,694.885,180,6.0,0.3333333333333333,2321.79,386.965,4643.58,Low Value,4164,4164
CUST01145,3,5,2321.65,2025-02-06,2026-02-26,773.8833333333333,521.1433333333333,385,12.833333333333334,0.23376623376623376,2321.65,180.9077922077922,2170.8935064935063,Low Value,4165,4165
CUST00842,1,2,2320.42,2025-02-15,2025-02-15,2320.42,1160.21,0,0.0,1.0,2320.42,2320.42,27845.04,Low Value,4166,4166
CUST02661,1,2,2318.84,2025-06-14,2025-06-14,2318.84,1159.42,0,0.0,1.0,2318.84,2318.84,27826.08,Low Value,4167,4167
CUST00149,3,4,2313.25,2025-01-04,2025-11-24,771.0833333333334,624.8000000000001,324,10.8,0.27777777777777773,2313.25,214.1898148148148,2570.277777777778,Low Value,4168,4168
CUST04564,2,2,2311.05,2025-07-16,2026-05-06,1155.525,1155.525,294,9.8,0.2040816326530612,2311.05,235.82142857142858,2829.857142857143,Low Value,4169,4169
CUST01563,2,3,2307.13,2025-04-18,2026-05-12,1153.565,964.53,389,12.966666666666667,0.15424164524421594,2307.13,177.92776349614397,2135.1331619537277,Low Value,4170,4170
CUST01917,1,2,2294.42,2025-10-06,2025-10-06,2294.42,1147.21,0,0.0,1.0,2294.42,2294.42,27533.04,Low Value,4171,4171
CUST00933,2,6,2292.63,2026-04-12,2026-12-06,1146.315,395.895,238,7.933333333333334,0.25210084033613445,2292.63,288.98697478991596,3467.8436974789915,Low Value,4172,4172
CUST04604,2,4,2291.98,2026-03-02,2026-05-08,1145.99,749.4,67,2.2333333333333334,0.8955223880597015,2291.98,1026.2597014925373,12315.116417910447,Low Value,4173,4173
CUST02745,3,5,2288.81,2025-01-14,2025-07-10,762.9366666666666,468.27666666666664,177,5.9,0.5084745762711864,2288.81,387.9338983050847,4655.206779661016,Low Value,4174,4174
CUST01859,3,3,2288.7,2025-03-08,2026-03-23,762.9,762.9,380,12.666666666666666,0.2368421052631579,2288.7,180.68684210526314,2168.2421052631576,Low Value,4175,4175
CUST00974,2,3,2283.5,2025-05-21,2026-01-16,1141.75,951.51,240,8.0,0.25,2283.5,285.4375,3425.25,Low Value,4176,4176
CUST01483,2,3,2283.17,2025-03-25,2025-06-28,1141.585,937.465,95,3.1666666666666665,0.6315789473684211,2283.17,721.001052631579,8652.012631578948,Low Value,4177,4177
CUST02401,2,4,2281.58,2025-10-25,2026-02-26,1140.79,660.5699999999999,124,4.133333333333334,0.48387096774193544,2281.58,551.9951612903225,6623.94193548387,Low Value,4178,4178
CUST03536,2,2,2281.29,2025-05-25,2025-09-04,1140.645,1140.645,102,3.4,0.5882352941176471,2281.29,670.9676470588236,8051.611764705883,Low Value,4179,4179
CUST00159,1,3,2277.42,2025-12-28,2025-12-28,2277.42,759.14,0,0.0,1.0,2277.42,2277.42,27329.04,Low Value,4180,4180
CUST01081,1,2,2277.0,2025-07-21,2025-07-21,2277.0,1138.5,0,0.0,1.0,2277.0,2277.0,27324.0,Low Value,4181,4181
CUST00012,2,3,2276.35,2025-12-25,2026-09-11,1138.175,899.2349999999999,260,8.666666666666666,0.23076923076923078,2276.35,262.65576923076924,3151.869230769231,Low Value,4182,4182
CUST03186,1,1,2275.58,2026-10-28,2026-10-28,2275.58,2275.58,0,0.0,1.0,2275.58,2275.58,27306.96,Low Value,4183,4183
CUST04477,2,2,2268.52,2025-05-14,2025-06-10,1134.26,1134.26,27,0.9,2.0,2268.52,2268.52,27222.239999999998,Low Value,4184,4184
CUST00833,2,4,2266.26,2025-01-30,2026-07-10,1133.13,657.28,526,17.533333333333335,0.11406844106463877,2266.26,129.25437262357414,1551.0524714828898,Low Value,4185,4185
CUST04680,2,2,2266.19,2025-07-15,2025-12-22,1133.095,1133.095,160,5.333333333333333,0.375,2266.19,424.91062500000004,5098.927500000001,Low Value,4186,4186
CUST02066,1,3,2265.12,2026-08-10,2026-08-10,2265.12,755.04,0,0.0,1.0,2265.12,2265.12,27181.44,Low Value,4187,4187
CUST03207,1,3,2263.62,2026-06-06,2026-06-06,2263.62,754.54,0,0.0,1.0,2263.62,2263.62,27163.44,Low Value,4188,4188
CUST04079,2,3,2259.97,2026-04-07,2026-06-03,1129.985,750.15,57,1.9,1.0526315789473684,2259.97,1189.457894736842,14273.494736842105,Low Value,4189,4189
CUST04308,1,2,2255.9,2025-03-30,2025-03-30,2255.9,1127.95,0,0.0,1.0,2255.9,2255.9,27070.800000000003,Low Value,4190,4190
CUST01348,2,2,2252.16,2026-07-18,2026-09-13,1126.08,1126.08,57,1.9,1.0526315789473684,2252.16,1185.3473684210526,14224.168421052631,Low Value,4191,4191
CUST02207,2,3,2250.7200000000003,2025-04-29,2026-08-23,1125.3600000000001,736.385,481,16.033333333333335,0.12474012474012473,2250.7200000000003,140.37754677754677,1684.5305613305613,Low Value,4192,4192
CUST03624,3,5,2250.43,2025-02-19,2026-05-04,750.1433333333333,426.59666666666664,439,14.633333333333333,0.2050113895216401,2250.43,153.7879271070615,1845.4551252847382,Low Value,4193,4193
CUST00913,2,2,2248.49,2025-04-30,2026-01-16,1124.245,1124.245,261,8.7,0.2298850574712644,2248.49,258.4471264367816,3101.365517241379,Low Value,4194,4194
CUST01853,2,3,2248.4,2025-05-25,2026-03-15,1124.2,658.055,294,9.8,0.2040816326530612,2248.4,229.42857142857142,2753.142857142857,Low Value,4195,4195
CUST03327,2,3,2242.84,2025-10-03,2026-04-18,1121.42,669.8399999999999,197,6.566666666666666,0.30456852791878175,2242.84,341.5492385786802,4098.590862944163,Low Value,4196,4196
CUST04247,1,2,2240.3,2025-10-20,2025-10-20,2240.3,1120.15,0,0.0,1.0,2240.3,2240.3,26883.600000000002,Low Value,4197,4197
CUST03918,2,2,2237.44,2025-04-18,2026-05-12,1118.72,1118.72,389,12.966666666666667,0.15424164524421594,2237.44,172.55321336760926,2070.638560411311,Low Value,4198,4198
CUST03498,2,4,2236.5699999999997,2025-11-18,2026-06-03,1118.2849999999999,490.495,197,6.566666666666666,0.30456852791878175,2236.5699999999997,340.5944162436548,4087.1329949238575,Low Value,4199,4199
CUST04365,1,2,2232.68,2025-07-10,2025-07-10,2232.68,1116.34,0,0.0,1.0,2232.68,2232.68,26792.159999999996,Low Value,4200,4200
CUST01381,1,4,2229.76,2026-04-21,2026-04-21,2229.76,557.44,0,0.0,1.0,2229.76,2229.76,26757.120000000003,Low Value,4201,4201
CUST04314,2,2,2229.75,2025-02-13,2025-11-24,1114.875,1114.875,284,9.466666666666667,0.2112676056338028,2229.75,235.53697183098592,2826.443661971831,Low Value,4202,4202
CUST02304,2,2,2228.8599999999997,2025-10-04,2026-01-10,1114.4299999999998,1114.4299999999998,98,3.2666666666666666,0.6122448979591837,2228.8599999999997,682.3040816326529,8187.648979591835,Low Value,4203,4203
CUST00605,2,2,2228.64,2025-09-03,2026-03-10,1114.32,1114.32,188,6.266666666666667,0.3191489361702128,2228.64,355.6340425531915,4267.608510638298,Low Value,4204,4204
CUST01229,2,3,2225.95,2025-03-26,2026-10-06,1112.975,699.77,559,18.633333333333333,0.10733452593917711,2225.95,119.46064400715562,1433.5277280858675,Low Value,4205,4205
CUST01765,3,4,2224.01,2025-05-01,2026-02-24,741.3366666666667,611.65,299,9.966666666666667,0.3010033444816054,2224.01,223.14481605351173,2677.737792642141,Low Value,4206,4206
CUST00691,2,4,2221.17,2025-01-30,2026-05-19,1110.585,679.975,474,15.8,0.12658227848101264,2221.17,140.58037974683543,1686.9645569620252,Low Value,4207,4207
CUST04097,2,2,2220.34,2025-04-26,2026-09-16,1110.17,1110.17,508,16.933333333333334,0.11811023622047244,2220.34,131.1224409448819,1573.469291338583,Low Value,4208,4208
CUST04597,2,3,2214.7,2026-09-02,2026-10-17,1107.35,660.925,45,1.5,1.3333333333333333,2214.7,1476.4666666666665,17717.6,Low Value,4209,4209
CUST03920,2,2,2213.14,2025-09-06,2026-07-27,1106.57,1106.57,324,10.8,0.18518518518518517,2213.14,204.92037037037034,2459.044444444444,Low Value,4210,4210
CUST00639,3,3,2210.18,2026-04-27,2026-09-24,736.7266666666666,736.7266666666666,150,5.0,0.6,2210.18,442.03599999999994,5304.431999999999,Low Value,4211,4211
CUST01911,2,2,2208.96,2025-01-18,2025-04-29,1104.48,1104.48,101,3.3666666666666667,0.594059405940594,2208.96,656.1267326732674,7873.520792079209,Low Value,4212,4212
CUST01946,2,4,2200.73,2025-09-21,2026-08-10,1100.365,689.755,323,10.766666666666667,0.18575851393188852,2200.73,204.40216718266254,2452.8260061919505,Low Value,4213,4213
CUST01040,1,2,2198.98,2026-11-28,2026-11-28,2198.98,1099.49,0,0.0,1.0,2198.98,2198.98,26387.760000000002,Low Value,4214,4214
CUST04026,2,3,2197.1800000000003,2026-01-04,2026-01-22,1098.5900000000001,868.83,18,0.6,2.0,2197.1800000000003,2197.1800000000003,26366.160000000003,Low Value,4215,4215
CUST00792,1,3,2195.61,2026-02-11,2026-02-11,2195.61,731.87,0,0.0,1.0,2195.61,2195.61,26347.32,Low Value,4216,4216
CUST04529,1,3,2193.6,2026-08-12,2026-08-12,2193.6,731.2,0,0.0,1.0,2193.6,2193.6,26323.199999999997,Low Value,4217,4217
CUST01279,3,4,2184.7700000000004,2025-06-11,2026-05-04,728.2566666666668,623.6366666666667,327,10.9,0.27522935779816515,2184.7700000000004,200.4376146788991,2405.2513761467894,Low Value,4218,4218
CUST03010,1,4,2183.32,2026-11-08,2026-11-08,2183.32,545.83,0,0.0,1.0,2183.32,2183.32,26199.840000000004,Low Value,4219,4219
CUST03565,1,3,2182.26,2026-08-22,2026-08-22,2182.26,727.42,0,0.0,1.0,2182.26,2182.26,26187.120000000003,Low Value,4220,4220
CUST03426,1,2,2179.26,2026-01-07,2026-01-07,2179.26,1089.63,0,0.0,1.0,2179.26,2179.26,26151.120000000003,Low Value,4221,4221
CUST02718,1,2,2175.56,2026-09-29,2026-09-29,2175.56,1087.78,0,0.0,1.0,2175.56,2175.56,26106.72,Low Value,4222,4222
CUST03351,2,3,2169.33,2025-01-01,2025-08-15,1084.665,778.02,226,7.533333333333333,0.26548672566371684,2169.33,287.9641592920354,3455.5699115044245,Low Value,4223,4223
CUST00810,2,2,2168.83,2026-01-10,2026-07-01,1084.415,1084.415,172,5.733333333333333,0.3488372093023256,2168.83,378.2843023255814,4539.411627906977,Low Value,4224,4224
CUST04075,2,2,2168.2,2025-05-30,2026-02-20,1084.1,1084.1,266,8.866666666666667,0.22556390977443608,2168.2,244.53383458646613,2934.4060150375935,Low Value,4225,4225
CUST02648,1,2,2166.34,2026-01-01,2026-01-01,2166.34,1083.17,0,0.0,1.0,2166.34,2166.34,25996.08,Low Value,4226,4226
CUST03934,2,3,2164.32,2026-01-01,2026-01-06,1082.16,923.25,5,0.16666666666666666,2.0,2164.32,2164.32,25971.840000000004,Low Value,4227,4227
CUST01886,2,5,2162.22,2025-01-09,2025-02-12,1081.11,498.33,34,1.1333333333333333,1.7647058823529411,2162.22,1907.8411764705882,22894.09411764706,Low Value,4228,4228
CUST01561,2,2,2155.25,2025-11-29,2025-12-17,1077.625,1077.625,18,0.6,2.0,2155.25,2155.25,25863.0,Low Value,4229,4229
CUST03705,1,2,2153.3,2026-11-01,2026-11-01,2153.3,1076.65,0,0.0,1.0,2153.3,2153.3,25839.600000000002,Low Value,4230,4230
CUST02238,3,4,2149.64,2025-01-10,2026-06-05,716.5466666666666,589.2366666666667,511,17.033333333333335,0.1761252446183953,2149.64,126.2019569471624,1514.4234833659489,Low Value,4231,4231
CUST03297,2,2,2143.66,2025-09-23,2026-02-08,1071.83,1071.83,138,4.6,0.4347826086956522,2143.66,466.0130434782609,5592.156521739131,Low Value,4232,4232
CUST03872,2,2,2135.8,2026-03-08,2026-10-09,1067.9,1067.9,215,7.166666666666667,0.27906976744186046,2135.8,298.01860465116283,3576.223255813954,Low Value,4233,4233
CUST00145,2,2,2131.32,2025-08-15,2026-04-04,1065.66,1065.66,232,7.733333333333333,0.25862068965517243,2131.32,275.60172413793106,3307.2206896551725,Low Value,4234,4234
CUST04601,2,2,2131.3,2026-09-04,2026-09-20,1065.65,1065.65,16,0.5333333333333333,2.0,2131.3,2131.3,25575.600000000002,Low Value,4235,4235
CUST04603,2,2,2129.2799999999997,2026-01-19,2026-11-18,1064.6399999999999,1064.6399999999999,303,10.1,0.19801980198019803,2129.2799999999997,210.819801980198,2529.837623762376,Low Value,4236,4236
CUST03985,3,3,2128.53,2025-09-20,2025-11-20,709.5100000000001,709.5100000000001,61,2.033333333333333,1.4754098360655739,2128.53,1046.8180327868854,12561.816393442625,Low Value,4237,4237
CUST03890,2,3,2127.59,2026-03-02,2026-10-13,1063.795,866.145,225,7.5,0.26666666666666666,2127.59,283.6786666666667,3404.1440000000002,Low Value,4238,4238
CUST01292,3,3,2121.99,2025-12-16,2026-05-31,707.3299999999999,707.3299999999999,166,5.533333333333333,0.5421686746987951,2121.99,383.49216867469875,4601.9060240963845,Low Value,4239,4239
CUST00063,2,3,2121.83,2025-02-02,2026-07-12,1060.915,762.065,525,17.5,0.11428571428571428,2121.83,121.24742857142857,1454.9691428571427,Low Value,4240,4240
CUST00156,1,5,2121.6,2026-10-24,2026-10-24,2121.6,424.32,0,0.0,1.0,2121.6,2121.6,25459.199999999997,Low Value,4241,4241
CUST01139,2,3,2118.1099999999997,2025-12-30,2026-02-18,1059.0549999999998,894.3599999999999,50,1.6666666666666667,1.2,2118.1099999999997,1270.8659999999998,15250.391999999996,Low Value,4242,4242
CUST02921,2,3,2117.4700000000003,2026-04-26,2026-07-06,1058.7350000000001,633.375,71,2.3666666666666667,0.8450704225352113,2117.4700000000003,894.705633802817,10736.467605633805,Low Value,4243,4243
CUST04493,1,2,2116.26,2026-09-23,2026-09-23,2116.26,1058.13,0,0.0,1.0,2116.26,2116.26,25395.120000000003,Low Value,4244,4244
CUST04190,1,2,2111.56,2026-10-04,2026-10-04,2111.56,1055.78,0,0.0,1.0,2111.56,2111.56,25338.72,Low Value,4245,4245
CUST02665,3,5,2102.63,2025-04-18,2026-08-27,700.8766666666667,421.66333333333336,496,16.533333333333335,0.18145161290322578,2102.63,127.17520161290322,1526.1024193548387,Low Value,4246,4246
CUST02487,1,3,2098.29,2025-01-10,2025-01-10,2098.29,699.43,0,0.0,1.0,2098.29,2098.29,25179.48,Low Value,4247,4247
CUST03358,2,4,2096.28,2025-02-08,2026-04-22,1048.14,650.82,438,14.6,0.136986301369863,2096.28,143.58082191780824,1722.9698630136988,Low Value,4248,4248
CUST01738,2,2,2094.79,2025-08-12,2026-05-16,1047.395,1047.395,277,9.233333333333333,0.21660649819494587,2094.79,226.8725631768953,2722.470758122744,Low Value,4249,4249
CUST02151,2,2,2092.59,2026-04-17,2026-09-14,1046.295,1046.295,150,5.0,0.4,2092.59,418.51800000000003,5022.216,Low Value,4250,4250
CUST02145,2,3,2086.58,2026-01-22,2026-09-13,1043.29,881.44,234,7.8,0.25641025641025644,2086.58,267.51025641025643,3210.123076923077,Low Value,4251,4251
CUST04280,3,3,2085.49,2025-01-03,2025-06-11,695.1633333333333,695.1633333333333,159,5.3,0.5660377358490566,2085.49,393.488679245283,4721.8641509433955,Low Value,4252,4252
CUST04110,2,2,2085.04,2026-03-18,2026-07-25,1042.52,1042.52,129,4.3,0.46511627906976744,2085.04,484.89302325581394,5818.716279069768,Low Value,4253,4253
CUST02732,2,2,2084.6400000000003,2026-06-19,2026-11-25,1042.3200000000002,1042.3200000000002,159,5.3,0.37735849056603776,2084.6400000000003,393.32830188679253,4719.93962264151,Low Value,4254,4254
CUST04087,2,2,2084.5,2025-10-03,2026-08-17,1042.25,1042.25,318,10.6,0.18867924528301888,2084.5,196.6509433962264,2359.8113207547167,Low Value,4255,4255
CUST03736,2,4,2082.23,2026-04-30,2026-11-03,1041.115,657.025,187,6.233333333333333,0.32085561497326204,2082.23,334.0475935828877,4008.571122994653,Low Value,4256,4256
CUST04159,2,2,2076.2799999999997,2024-12-27,2026-01-26,1038.1399999999999,1038.1399999999999,395,13.166666666666666,0.1518987341772152,2076.2799999999997,157.69215189873415,1892.3058227848098,Low Value,4257,4257
CUST03735,3,4,2076.26,2025-01-28,2026-10-18,692.0866666666667,537.2066666666666,628,20.933333333333334,0.14331210191082802,2076.26,99.18439490445861,1190.2127388535034,Low Value,4258,4258
CUST01831,2,3,2069.82,2025-06-04,2025-10-05,1034.91,833.325,123,4.1,0.48780487804878053,2069.82,504.8341463414635,6058.009756097562,Low Value,4259,4259
CUST01553,1,3,2065.38,2026-09-20,2026-09-20,2065.38,688.46,0,0.0,1.0,2065.38,2065.38,24784.56,Low Value,4260,4260
CUST04488,2,2,2054.63,2024-12-21,2026-02-17,1027.315,1027.315,423,14.1,0.14184397163120568,2054.63,145.71843971631208,1748.6212765957448,Low Value,4261,4261
CUST04292,1,1,2052.28,2025-11-11,2025-11-11,2052.28,2052.28,0,0.0,1.0,2052.28,2052.28,24627.36,Low Value,4262,4262
CUST01545,1,2,2050.06,2025-08-21,2025-08-21,2050.06,1025.03,0,0.0,1.0,2050.06,2050.06,24600.72,Low Value,4263,4263
CUST00396,2,3,2048.9,2025-07-16,2026-04-10,1024.45,785.555,268,8.933333333333334,0.22388059701492538,2048.9,229.3544776119403,2752.2537313432836,Low Value,4264,4264
CUST03344,3,3,2048.7799999999997,2025-02-07,2025-07-24,682.9266666666666,682.9266666666666,167,5.566666666666666,0.5389221556886228,2048.7799999999997,368.0443113772455,4416.531736526946,Low Value,4265,4265
CUST04037,2,2,2048.6800000000003,2025-01-30,2026-02-18,1024.3400000000001,1024.3400000000001,384,12.8,0.15625,2048.6800000000003,160.05312500000002,1920.6375000000003,Low Value,4266,4266
CUST01331,2,3,2035.13,2026-08-30,2026-09-04,1017.565,617.435,5,0.16666666666666666,2.0,2035.13,2035.13,24421.56,Low Value,4267,4267
CUST04933,2,3,2030.0300000000002,2026-06-09,2026-10-08,1015.0150000000001,816.865,121,4.033333333333333,0.49586776859504134,2030.0300000000002,503.31322314049595,6039.758677685952,Low Value,4268,4268
CUST03018,1,3,2029.98,2026-10-01,2026-10-01,2029.98,676.66,0,0.0,1.0,2029.98,2029.98,24359.760000000002,Low Value,4269,4269
CUST00158,1,2,2023.9,2026-12-01,2026-12-01,2023.9,1011.95,0,0.0,1.0,2023.9,2023.9,24286.800000000003,Low Value,4270,4270
CUST01524,2,3,2023.4099999999999,2025-09-30,2026-09-15,1011.7049999999999,599.89,350,11.666666666666666,0.17142857142857143,2023.4099999999999,173.43514285714286,2081.2217142857144,Low Value,4271,4271
CUST03047,2,3,2020.63,2025-08-25,2026-10-08,1010.315,770.135,409,13.633333333333333,0.1466992665036675,2020.63,148.21246943765283,1778.549633251834,Low Value,4272,4272
CUST02808,1,1,2015.54,2025-07-28,2025-07-28,2015.54,2015.54,0,0.0,1.0,2015.54,2015.54,24186.48,Low Value,4273,4273
CUST03106,2,2,2013.2200000000003,2025-11-07,2026-06-05,1006.6100000000001,1006.6100000000001,210,7.0,0.2857142857142857,2013.2200000000003,287.6028571428572,3451.2342857142867,Low Value,4274,4274
CUST01408,1,1,2011.6,2025-07-11,2025-07-11,2011.6,2011.6,0,0.0,1.0,2011.6,2011.6,24139.199999999997,Low Value,4275,4275
CUST02148,2,2,2003.87,2025-07-14,2026-04-13,1001.935,1001.935,273,9.1,0.21978021978021978,2003.87,220.2054945054945,2642.465934065934,Low Value,4276,4276
CUST01647,2,4,2003.3,2025-02-26,2025-06-16,1001.65,552.8199999999999,110,3.6666666666666665,0.5454545454545455,2003.3,546.3545454545455,6556.254545454545,Low Value,4277,4277
CUST04835,1,2,2002.84,2025-07-01,2025-07-01,2002.84,1001.42,0,0.0,1.0,2002.84,2002.84,24034.079999999998,Low Value,4278,4278
CUST01821,1,2,2000.72,2025-08-17,2025-08-17,2000.72,1000.36,0,0.0,1.0,2000.72,2000.72,24008.64,Low Value,4279,4279
CUST03807,1,1,1992.04,2026-03-01,2026-03-01,1992.04,1992.04,0,0.0,1.0,1992.04,1992.04,23904.48,Low Value,4280,4280
CUST04995,2,3,1988.22,2025-06-26,2026-01-14,994.11,764.4200000000001,202,6.733333333333333,0.297029702970297,1988.22,295.28019801980196,3543.3623762376237,Low Value,4281,4281
CUST01591,1,1,1984.91,2026-04-25,2026-04-25,1984.91,1984.91,0,0.0,1.0,1984.91,1984.91,23818.920000000002,Low Value,4282,4282
CUST02860,2,3,1982.6200000000001,2024-12-14,2025-09-10,991.3100000000001,607.89,270,9.0,0.2222222222222222,1982.6200000000001,220.29111111111112,2643.4933333333333,Low Value,4283,4283
CUST03605,1,2,1981.38,2025-12-27,2025-12-27,1981.38,990.69,0,0.0,1.0,1981.38,1981.38,23776.56,Low Value,4284,4284
CUST04427,1,3,1981.02,2026-03-25,2026-03-25,1981.02,660.34,0,0.0,1.0,1981.02,1981.02,23772.239999999998,Low Value,4285,4285
CUST01466,2,2,1979.0700000000002,2025-05-22,2025-08-01,989.5350000000001,989.5350000000001,71,2.3666666666666667,0.8450704225352113,1979.0700000000002,836.2267605633804,10034.721126760563,Low Value,4286,4286
CUST03073,2,2,1978.5,2025-09-01,2025-11-17,989.25,989.25,77,2.566666666666667,0.7792207792207791,1978.5,770.8441558441558,9250.12987012987,Low Value,4287,4287
CUST01453,2,2,1974.6599999999999,2025-05-29,2026-05-09,987.3299999999999,987.3299999999999,345,11.5,0.17391304347826086,1974.6599999999999,171.7095652173913,2060.5147826086954,Low Value,4288,4288
CUST03325,2,4,1971.0,2026-01-28,2026-07-12,985.5,623.43,165,5.5,0.36363636363636365,1971.0,358.3636363636364,4300.363636363636,Low Value,4289,4289
CUST02107,2,2,1970.21,2025-06-15,2025-09-01,985.105,985.105,78,2.6,0.7692307692307692,1970.21,757.7730769230769,9093.276923076923,Low Value,4290,4290
CUST03283,2,4,1969.5800000000002,2026-05-19,2026-10-30,984.7900000000001,597.1600000000001,164,5.466666666666667,0.36585365853658536,1969.5800000000002,360.2890243902439,4323.468292682927,Low Value,4291,4291
CUST00197,1,5,1968.65,2026-03-11,2026-03-11,1968.65,393.73,0,0.0,1.0,1968.65,1968.65,23623.800000000003,Low Value,4292,4292
CUST00735,2,3,1967.35,2025-07-17,2025-08-19,983.675,735.535,33,1.1,1.8181818181818181,1967.35,1788.4999999999998,21461.999999999996,Low Value,4293,4293
CUST01839,1,3,1965.99,2026-04-21,2026-04-21,1965.99,655.33,0,0.0,1.0,1965.99,1965.99,23591.88,Low Value,4294,4294
CUST04660,2,2,1963.54,2026-03-15,2026-09-10,981.77,981.77,179,5.966666666666667,0.33519553072625696,1963.54,329.0849162011173,3949.018994413408,Low Value,4295,4295
CUST00300,2,4,1961.33,2025-09-20,2025-12-29,980.665,597.095,100,3.3333333333333335,0.6,1961.33,588.399,7060.7880000000005,Low Value,4296,4296
CUST04446,2,3,1961.1499999999999,2025-05-08,2026-12-01,980.5749999999999,792.5,572,19.066666666666666,0.1048951048951049,1961.1499999999999,102.85751748251748,1234.2902097902097,Low Value,4297,4297
CUST03144,2,2,1956.63,2025-12-04,2026-07-29,978.315,978.315,237,7.9,0.2531645569620253,1956.63,247.6746835443038,2972.0962025316458,Low Value,4298,4298
CUST03548,2,2,1956.45,2026-04-01,2026-07-16,978.225,978.225,106,3.533333333333333,0.5660377358490566,1956.45,553.7122641509434,6644.547169811321,Low Value,4299,4299
CUST03254,2,3,1955.75,2026-06-09,2026-10-26,977.875,634.655,139,4.633333333333334,0.4316546762589928,1955.75,422.10431654676256,5065.25179856115,Low Value,4300,4300
CUST01083,2,2,1951.0300000000002,2025-04-20,2026-05-14,975.5150000000001,975.5150000000001,389,12.966666666666667,0.15424164524421594,1951.0300000000002,150.46503856041133,1805.5804627249358,Low Value,4301,4301
CUST01282,1,1,1950.87,2026-02-27,2026-02-27,1950.87,1950.87,0,0.0,1.0,1950.87,1950.87,23410.44,Low Value,4302,4302
CUST03972,2,3,1945.3400000000001,2026-02-06,2026-11-14,972.6700000000001,662.06,281,9.366666666666667,0.21352313167259784,1945.3400000000001,207.68754448398576,2492.250533807829,Low Value,4303,4303
CUST00383,2,5,1940.99,2025-05-28,2026-03-24,970.495,413.89,300,10.0,0.2,1940.99,194.099,2329.188,Low Value,4304,4304
CUST04230,1,1,1937.93,2025-07-13,2025-07-13,1937.93,1937.93,0,0.0,1.0,1937.93,1937.93,23255.16,Low Value,4305,4305
CUST04321,2,2,1935.07,2026-01-08,2026-04-27,967.535,967.535,109,3.6333333333333333,0.5504587155963303,1935.07,532.5880733944954,6391.056880733944,Low Value,4306,4306
CUST01379,2,2,1933.57,2026-03-03,2026-07-11,966.785,966.785,130,4.333333333333333,0.46153846153846156,1933.57,446.20846153846156,5354.501538461539,Low Value,4307,4307
CUST02593,1,3,1933.11,2026-04-28,2026-04-28,1933.11,644.37,0,0.0,1.0,1933.11,1933.11,23197.32,Low Value,4308,4308
CUST01382,2,2,1930.8,2026-04-15,2026-07-17,965.4,965.4,93,3.1,0.6451612903225806,1930.8,622.8387096774193,7474.064516129031,Low Value,4309,4309
CUST04918,2,5,1930.1200000000001,2025-04-23,2026-10-05,965.0600000000001,397.985,530,17.666666666666668,0.11320754716981131,1930.1200000000001,109.2520754716981,1311.0249056603773,Low Value,4310,4310
CUST02881,2,2,1929.07,2025-01-06,2026-07-05,964.535,964.535,545,18.166666666666668,0.11009174311926605,1929.07,106.18733944954127,1274.2480733944953,Low Value,4311,4311
CUST01514,2,2,1928.3400000000001,2025-07-26,2026-01-26,964.1700000000001,964.1700000000001,184,6.133333333333334,0.32608695652173914,1928.3400000000001,314.4032608695652,3772.8391304347824,Low Value,4312,4312
CUST00299,1,4,1927.08,2025-10-15,2025-10-15,1927.08,481.77,0,0.0,1.0,1927.08,1927.08,23124.96,Low Value,4313,4313
CUST02850,2,2,1916.91,2024-12-04,2025-01-21,958.455,958.455,48,1.6,1.25,1916.91,1198.06875,14376.824999999999,Low Value,4314,4314
CUST00287,3,3,1914.13,2025-03-19,2026-11-17,638.0433333333334,638.0433333333334,608,20.266666666666666,0.1480263157894737,1914.13,94.44720394736844,1133.3664473684212,Low Value,4315,4315
CUST00407,3,3,1912.3600000000001,2025-03-26,2026-06-19,637.4533333333334,637.4533333333334,450,15.0,0.2,1912.3600000000001,127.49066666666667,1529.888,Low Value,4316,4316
CUST04322,1,1,1911.7,2025-10-23,2025-10-23,1911.7,1911.7,0,0.0,1.0,1911.7,1911.7,22940.4,Low Value,4317,4317
CUST02072,1,2,1910.52,2025-09-28,2025-09-28,1910.52,955.26,0,0.0,1.0,1910.52,1910.52,22926.239999999998,Low Value,4318,4318
CUST02425,1,2,1907.96,2026-04-06,2026-04-06,1907.96,953.98,0,0.0,1.0,1907.96,1907.96,22895.52,Low Value,4319,4319
CUST02468,2,3,1903.69,2025-05-28,2026-10-12,951.845,761.02,502,16.733333333333334,0.1195219123505976,1903.69,113.76633466135458,1365.196015936255,Low Value,4320,4320
CUST00764,2,2,1903.5100000000002,2026-05-15,2026-10-20,951.7550000000001,951.7550000000001,158,5.266666666666667,0.379746835443038,1903.5100000000002,361.42594936708866,4337.111392405064,Low Value,4321,4321
CUST03159,2,2,1902.5,2024-12-16,2026-07-24,951.25,951.25,585,19.5,0.10256410256410256,1902.5,97.56410256410257,1170.769230769231,Low Value,4322,4322
CUST04617,1,2,1902.3,2026-01-03,2026-01-03,1902.3,951.15,0,0.0,1.0,1902.3,1902.3,22827.6,Low Value,4323,4323
CUST03917,1,2,1901.96,2025-07-30,2025-07-30,1901.96,950.98,0,0.0,1.0,1901.96,1901.96,22823.52,Low Value,4324,4324
CUST00777,2,2,1898.47,2025-04-30,2025-06-04,949.235,949.235,35,1.1666666666666667,1.7142857142857142,1898.47,1627.26,19527.12,Low Value,4325,4325
CUST00522,1,2,1898.12,2026-06-22,2026-06-22,1898.12,949.06,0,0.0,1.0,1898.12,1898.12,22777.44,Low Value,4326,4326
CUST04876,2,4,1897.82,2025-02-17,2026-05-18,948.91,476.78999999999996,455,15.166666666666666,0.13186813186813187,1897.82,125.13098901098901,1501.571868131868,Low Value,4327,4327
CUST00925,2,3,1895.2600000000002,2026-04-27,2026-05-22,947.6300000000001,717.52,25,0.8333333333333334,2.0,1895.2600000000002,1895.2600000000002,22743.120000000003,Low Value,4328,4328
CUST02570,3,3,1892.71,2025-02-18,2026-07-27,630.9033333333333,630.9033333333333,524,17.466666666666665,0.1717557251908397,1892.71,108.36125954198475,1300.335114503817,Low Value,4329,4329
CUST00713,1,1,1889.56,2026-03-13,2026-03-13,1889.56,1889.56,0,0.0,1.0,1889.56,1889.56,22674.72,Low Value,4330,4330
CUST04233,2,2,1883.38,2026-01-23,2026-03-16,941.69,941.69,52,1.7333333333333334,1.1538461538461537,1883.38,1086.5653846153846,13038.784615384615,Low Value,4331,4331
CUST04733,2,4,1882.23,2026-07-04,2026-09-08,941.115,596.795,66,2.2,0.9090909090909091,1882.23,855.5590909090909,10266.709090909091,Low Value,4332,4332
CUST02679,2,4,1880.79,2025-03-09,2026-02-14,940.395,538.575,342,11.4,0.17543859649122806,1880.79,164.9815789473684,1979.7789473684209,Low Value,4333,4333
CUST01142,1,1,1879.76,2025-12-06,2025-12-06,1879.76,1879.76,0,0.0,1.0,1879.76,1879.76,22557.12,Low Value,4334,4334
CUST02199,2,2,1879.6,2025-11-18,2026-08-17,939.8,939.8,272,9.066666666666666,0.22058823529411764,1879.6,207.30882352941177,2487.7058823529414,Low Value,4335,4335
CUST04766,1,1,1877.73,2026-04-12,2026-04-12,1877.73,1877.73,0,0.0,1.0,1877.73,1877.73,22532.760000000002,Low Value,4336,4336
CUST04055,2,3,1870.78,2026-05-11,2026-05-27,935.39,749.51,16,0.5333333333333333,2.0,1870.78,1870.78,22449.36,Low Value,4337,4337
CUST04784,2,2,1870.08,2025-10-23,2026-09-20,935.04,935.04,332,11.066666666666666,0.18072289156626506,1870.08,168.98313253012049,2027.7975903614458,Low Value,4338,4338
CUST00973,1,1,1869.26,2026-03-26,2026-03-26,1869.26,1869.26,0,0.0,1.0,1869.26,1869.26,22431.12,Low Value,4339,4339
CUST02729,3,3,1865.71,2025-01-06,2026-04-16,621.9033333333333,621.9033333333333,465,15.5,0.1935483870967742,1865.71,120.3683870967742,1444.4206451612904,Low Value,4340,4340
CUST03308,1,1,1864.24,2025-12-14,2025-12-14,1864.24,1864.24,0,0.0,1.0,1864.24,1864.24,22370.88,Low Value,4341,4341
CUST01437,2,3,1860.44,2025-01-07,2025-02-26,930.22,747.75,50,1.6666666666666667,1.2,1860.44,1116.264,13395.167999999998,Low Value,4342,4342
CUST00346,2,4,1858.02,2025-05-02,2025-10-24,929.01,451.77,175,5.833333333333333,0.34285714285714286,1858.02,318.5177142857143,3822.2125714285717,Low Value,4343,4343
CUST02415,1,1,1857.66,2025-10-22,2025-10-22,1857.66,1857.66,0,0.0,1.0,1857.66,1857.66,22291.920000000002,Low Value,4344,4344
CUST01301,1,2,1853.7,2025-05-04,2025-05-04,1853.7,926.85,0,0.0,1.0,1853.7,1853.7,22244.4,Low Value,4345,4345
CUST01082,1,2,1852.9,2025-02-27,2025-02-27,1852.9,926.45,0,0.0,1.0,1852.9,1852.9,22234.800000000003,Low Value,4346,4346
CUST03145,2,4,1851.54,2025-05-01,2026-04-02,925.77,569.29,336,11.2,0.17857142857142858,1851.54,165.31607142857143,1983.7928571428572,Low Value,4347,4347
CUST03181,2,2,1846.48,2026-08-26,2026-10-14,923.24,923.24,49,1.6333333333333333,1.2244897959183674,1846.48,1130.4979591836734,13565.97551020408,Low Value,4348,4348
CUST02240,1,1,1845.88,2025-10-29,2025-10-29,1845.88,1845.88,0,0.0,1.0,1845.88,1845.88,22150.56,Low Value,4349,4349
CUST03640,2,2,1845.06,2024-12-18,2025-06-11,922.53,922.53,175,5.833333333333333,0.34285714285714286,1845.06,316.296,3795.5519999999997,Low Value,4350,4350
CUST03099,1,1,1844.73,2026-10-26,2026-10-26,1844.73,1844.73,0,0.0,1.0,1844.73,1844.73,22136.760000000002,Low Value,4351,4351
CUST04826,2,2,1842.3000000000002,2025-12-08,2026-09-06,921.1500000000001,921.1500000000001,272,9.066666666666666,0.22058823529411764,1842.3000000000002,203.1948529411765,2438.338235294118,Low Value,4352,4352
CUST02412,2,4,1839.24,2026-07-27,2026-10-30,919.62,591.21,95,3.1666666666666665,0.6315789473684211,1839.24,580.8126315789474,6969.751578947369,Low Value,4353,4353
CUST03590,2,2,1834.56,2026-01-26,2026-03-20,917.28,917.28,53,1.7666666666666666,1.1320754716981132,1834.56,1038.4301886792452,12461.162264150942,Low Value,4354,4354
CUST00405,2,2,1832.69,2025-04-13,2025-05-31,916.345,916.345,48,1.6,1.25,1832.69,1145.4312499999999,13745.175,Low Value,4355,4355
CUST02577,1,1,1831.91,2026-04-08,2026-04-08,1831.91,1831.91,0,0.0,1.0,1831.91,1831.91,21982.920000000002,Low Value,4356,4356
CUST02574,1,2,1830.24,2026-08-29,2026-08-29,1830.24,915.12,0,0.0,1.0,1830.24,1830.24,21962.88,Low Value,4357,4357
CUST00624,3,3,1829.07,2025-07-02,2026-08-03,609.6899999999999,609.6899999999999,397,13.233333333333333,0.22670025188916879,1829.07,138.21687657430732,1658.6025188916879,Low Value,4358,4358
CUST00928,2,4,1827.64,2025-02-12,2025-04-24,913.82,453.26,71,2.3666666666666667,0.8450704225352113,1827.64,772.2422535211268,9266.907042253522,Low Value,4359,4359
CUST02638,1,1,1827.42,2025-02-03,2025-02-03,1827.42,1827.42,0,0.0,1.0,1827.42,1827.42,21929.04,Low Value,4360,4360
CUST04588,2,3,1813.23,2025-05-18,2026-06-23,906.615,666.54,401,13.366666666666667,0.14962593516209477,1813.23,135.65311720698253,1627.8374064837903,Low Value,4361,4361
CUST01541,2,2,1812.75,2025-04-29,2025-08-11,906.375,906.375,104,3.466666666666667,0.5769230769230769,1812.75,522.9086538461538,6274.903846153846,Low Value,4362,4362
CUST01869,1,2,1811.92,2026-08-17,2026-08-17,1811.92,905.96,0,0.0,1.0,1811.92,1811.92,21743.04,Low Value,4363,4363
CUST02349,1,1,1808.63,2026-08-03,2026-08-03,1808.63,1808.63,0,0.0,1.0,1808.63,1808.63,21703.56,Low Value,4364,4364
CUST02639,2,2,1803.0700000000002,2025-02-17,2026-10-06,901.5350000000001,901.5350000000001,596,19.866666666666667,0.10067114093959731,1803.0700000000002,90.75855704697987,1089.1026845637584,Low Value,4365,4365
CUST02201,2,2,1796.8799999999999,2025-08-28,2025-09-20,898.4399999999999,898.4399999999999,23,0.7666666666666667,2.0,1796.8799999999999,1796.8799999999999,21562.559999999998,Low Value,4366,4366
CUST02918,2,2,1793.38,2026-09-07,2026-09-10,896.69,896.69,3,0.1,2.0,1793.38,1793.38,21520.56,Low Value,4367,4367
CUST01787,1,1,1790.47,2026-03-17,2026-03-17,1790.47,1790.47,0,0.0,1.0,1790.47,1790.47,21485.64,Low Value,4368,4368
CUST01293,2,2,1786.88,2025-09-02,2025-12-23,893.44,893.44,112,3.7333333333333334,0.5357142857142857,1786.88,478.62857142857143,5743.542857142857,Low Value,4369,4369
CUST02818,2,2,1786.48,2024-12-09,2026-07-21,893.24,893.24,589,19.633333333333333,0.10186757215619695,1786.48,90.99219015280136,1091.9062818336163,Low Value,4370,4370
CUST00641,2,2,1784.96,2025-11-26,2026-08-24,892.48,892.48,271,9.033333333333333,0.22140221402214022,1784.96,197.5970479704797,2371.1645756457565,Low Value,4371,4371
CUST02787,1,4,1784.76,2025-06-26,2025-06-26,1784.76,446.19,0,0.0,1.0,1784.76,1784.76,21417.12,Low Value,4372,4372
CUST02129,1,1,1784.37,2025-06-01,2025-06-01,1784.37,1784.37,0,0.0,1.0,1784.37,1784.37,21412.44,Low Value,4373,4373
CUST02643,2,3,1783.85,2025-01-01,2025-08-18,891.925,672.5,229,7.633333333333334,0.26200873362445415,1783.85,233.69213973799125,2804.305676855895,Low Value,4374,4374
CUST03687,2,2,1781.58,2025-03-20,2026-05-25,890.79,890.79,431,14.366666666666667,0.13921113689095127,1781.58,124.00788863109048,1488.0946635730857,Low Value,4375,4375
CUST03588,2,4,1776.61,2025-04-02,2026-11-13,888.305,428.265,590,19.666666666666668,0.10169491525423728,1776.61,90.33610169491524,1084.033220338983,Low Value,4376,4376
CUST02391,2,2,1767.57,2025-09-02,2025-09-21,883.785,883.785,19,0.6333333333333333,2.0,1767.57,1767.57,21210.84,Low Value,4377,4377
CUST03310,1,1,1761.44,2025-06-22,2025-06-22,1761.44,1761.44,0,0.0,1.0,1761.44,1761.44,21137.28,Low Value,4378,4378
CUST01362,1,3,1760.28,2025-11-11,2025-11-11,1760.28,586.76,0,0.0,1.0,1760.28,1760.28,21123.36,Low Value,4379,4379
CUST04041,1,1,1759.66,2026-07-06,2026-07-06,1759.66,1759.66,0,0.0,1.0,1759.66,1759.66,21115.920000000002,Low Value,4380,4380
CUST03253,2,2,1757.5300000000002,2025-01-20,2025-08-16,878.7650000000001,878.7650000000001,208,6.933333333333334,0.28846153846153844,1757.5300000000002,253.48990384615388,3041.8788461538466,Low Value,4381,4381
CUST03731,2,2,1751.9099999999999,2025-08-18,2025-12-08,875.9549999999999,875.9549999999999,112,3.7333333333333334,0.5357142857142857,1751.9099999999999,469.2616071428571,5631.1392857142855,Low Value,4382,4382
CUST02361,2,2,1751.46,2025-08-05,2025-11-21,875.73,875.73,108,3.6,0.5555555555555556,1751.46,486.51666666666665,5838.2,Low Value,4383,4383
CUST00386,1,1,1751.2,2025-10-29,2025-10-29,1751.2,1751.2,0,0.0,1.0,1751.2,1751.2,21014.4,Low Value,4384,4384
CUST00080,1,1,1749.44,2026-02-26,2026-02-26,1749.44,1749.44,0,0.0,1.0,1749.44,1749.44,20993.28,Low Value,4385,4385
CUST03374,1,4,1748.68,2025-10-04,2025-10-04,1748.68,437.17,0,0.0,1.0,1748.68,1748.68,20984.16,Low Value,4386,4386
CUST04834,2,2,1747.4299999999998,2026-07-27,2026-07-29,873.7149999999999,873.7149999999999,2,0.06666666666666667,2.0,1747.4299999999998,1747.4299999999998,20969.159999999996,Low Value,4387,4387
CUST01266,1,3,1743.72,2025-03-07,2025-03-07,1743.72,581.24,0,0.0,1.0,1743.72,1743.72,20924.64,Low Value,4388,4388
CUST03598,2,2,1741.44,2025-09-21,2025-11-27,870.72,870.72,67,2.2333333333333334,0.8955223880597015,1741.44,779.7492537313433,9356.99104477612,Low Value,4389,4389
CUST03135,1,4,1735.64,2025-05-25,2025-05-25,1735.64,433.91,0,0.0,1.0,1735.64,1735.64,20827.68,Low Value,4390,4390
CUST04718,2,2,1725.54,2024-11-24,2025-03-01,862.77,862.77,97,3.2333333333333334,0.6185567010309279,1725.54,533.6721649484535,6404.065979381443,Low Value,4391,4391
CUST02932,3,3,1717.47,2025-08-03,2025-09-02,572.49,572.49,30,1.0,3.0,1717.47,1717.47,20609.64,Low Value,4392,4392
CUST04592,1,1,1715.63,2025-05-09,2025-05-09,1715.63,1715.63,0,0.0,1.0,1715.63,1715.63,20587.56,Low Value,4393,4393
CUST00474,2,3,1715.4699999999998,2026-03-01,2026-07-15,857.7349999999999,541.9,136,4.533333333333333,0.4411764705882353,1715.4699999999998,378.41249999999997,4540.95,Low Value,4394,4394
CUST03120,2,3,1714.32,2026-01-10,2026-03-22,857.16,536.78,71,2.3666666666666667,0.8450704225352113,1714.32,724.3605633802816,8692.32676056338,Low Value,4395,4395
CUST02102,2,3,1712.3,2025-10-05,2025-12-18,856.15,513.275,74,2.466666666666667,0.8108108108108107,1712.3,694.1756756756756,8330.108108108107,Low Value,4396,4396
CUST00805,2,2,1711.67,2026-06-05,2026-07-09,855.835,855.835,34,1.1333333333333333,1.7647058823529411,1711.67,1510.2970588235296,18123.564705882356,Low Value,4397,4397
CUST01057,1,2,1711.52,2026-11-26,2026-11-26,1711.52,855.76,0,0.0,1.0,1711.52,1711.52,20538.239999999998,Low Value,4398,4398
CUST04465,2,4,1710.88,2025-02-24,2025-04-15,855.44,439.18,50,1.6666666666666667,1.2,1710.88,1026.528,12318.336,Low Value,4399,4399
CUST03243,2,3,1703.69,2025-05-23,2025-09-12,851.845,630.96,112,3.7333333333333334,0.5357142857142857,1703.69,456.34553571428575,5476.146428571429,Low Value,4400,4400
CUST04574,2,4,1701.85,2025-01-02,2026-09-13,850.925,437.565,619,20.633333333333333,0.09693053311793215,1701.85,82.48061389337641,989.767366720517,Low Value,4401,4401
CUST02834,2,3,1693.33,2025-01-22,2026-10-15,846.665,650.395,631,21.033333333333335,0.09508716323296354,1693.33,80.50697305863707,966.0836767036449,Low Value,4402,4402
CUST03183,2,2,1692.02,2025-09-07,2026-01-18,846.01,846.01,133,4.433333333333334,0.45112781954887216,1692.02,381.6586466165413,4579.903759398496,Low Value,4403,4403
CUST01820,2,2,1691.09,2024-11-24,2026-04-28,845.545,845.545,520,17.333333333333332,0.11538461538461539,1691.09,97.56288461538462,1170.7546153846154,Low Value,4404,4404
CUST04019,2,2,1690.44,2025-06-04,2026-06-08,845.22,845.22,369,12.3,0.16260162601626016,1690.44,137.43414634146342,1649.209756097561,Low Value,4405,4405
CUST01107,2,2,1689.1100000000001,2025-11-11,2026-04-21,844.5550000000001,844.5550000000001,161,5.366666666666666,0.3726708074534162,1689.1100000000001,314.74099378881994,3776.8919254658394,Low Value,4406,4406
CUST04042,2,4,1687.28,2025-03-01,2025-09-28,843.64,438.38,211,7.033333333333333,0.2843601895734597,1687.28,239.89763033175356,2878.7715639810426,Low Value,4407,4407
CUST01767,1,1,1686.86,2025-06-22,2025-06-22,1686.86,1686.86,0,0.0,1.0,1686.86,1686.86,20242.32,Low Value,4408,4408
CUST04379,1,2,1679.0,2026-02-08,2026-02-08,1679.0,839.5,0,0.0,1.0,1679.0,1679.0,20148.0,Low Value,4409,4409
CUST02628,2,2,1671.04,2025-08-11,2026-04-02,835.52,835.52,234,7.8,0.25641025641025644,1671.04,214.23589743589744,2570.8307692307694,Low Value,4410,4410
CUST04014,2,2,1663.6299999999999,2025-05-06,2026-01-16,831.8149999999999,831.8149999999999,255,8.5,0.23529411764705882,1663.6299999999999,195.72117647058823,2348.6541176470587,Low Value,4411,4411
CUST03053,1,1,1661.09,2026-04-13,2026-04-13,1661.09,1661.09,0,0.0,1.0,1661.09,1661.09,19933.079999999998,Low Value,4412,4412
CUST04003,2,4,1654.3700000000001,2025-06-14,2025-09-21,827.1850000000001,422.975,99,3.3,0.6060606060606061,1654.3700000000001,501.32424242424247,6015.890909090909,Low Value,4413,4413
CUST03357,1,4,1650.44,2026-06-15,2026-06-15,1650.44,412.61,0,0.0,1.0,1650.44,1650.44,19805.28,Low Value,4414,4414
CUST00585,2,3,1648.2800000000002,2024-12-22,2025-02-02,824.1400000000001,638.745,42,1.4,1.4285714285714286,1648.2800000000002,1177.3428571428574,14128.114285714288,Low Value,4415,4415
CUST03766,1,4,1641.4,2025-01-20,2025-01-20,1641.4,410.35,0,0.0,1.0,1641.4,1641.4,19696.800000000003,Low Value,4416,4416
CUST01045,1,4,1641.0,2026-01-07,2026-01-07,1641.0,410.25,0,0.0,1.0,1641.0,1641.0,19692.0,Low Value,4417,4417
CUST02216,2,4,1640.27,2025-06-08,2026-07-19,820.135,413.145,406,13.533333333333333,0.1477832512315271,1640.27,121.20221674876848,1454.4266009852217,Low Value,4418,4418
CUST04668,1,1,1639.17,2025-12-03,2025-12-03,1639.17,1639.17,0,0.0,1.0,1639.17,1639.17,19670.04,Low Value,4419,4419
CUST01001,3,3,1638.83,2025-01-24,2026-06-15,546.2766666666666,546.2766666666666,507,16.9,0.1775147928994083,1638.83,96.97218934911243,1163.666272189349,Low Value,4420,4420
CUST00984,1,4,1638.28,2025-06-02,2025-06-02,1638.28,409.57,0,0.0,1.0,1638.28,1638.28,19659.36,Low Value,4421,4421
CUST00417,3,4,1635.35,2025-05-08,2026-05-25,545.1166666666667,406.52,382,12.733333333333333,0.23560209424083772,1635.35,128.4306282722513,1541.1675392670159,Low Value,4422,4422
CUST04567,1,4,1630.48,2026-06-18,2026-06-18,1630.48,407.62,0,0.0,1.0,1630.48,1630.48,19565.760000000002,Low Value,4423,4423
CUST02896,2,4,1629.01,2024-12-18,2024-12-19,814.505,380.115,1,0.03333333333333333,2.0,1629.01,1629.01,19548.12,Low Value,4424,4424
CUST04521,1,2,1627.2,2026-06-10,2026-06-10,1627.2,813.6,0,0.0,1.0,1627.2,1627.2,19526.4,Low Value,4425,4425
CUST01794,2,4,1626.2800000000002,2025-07-21,2025-10-24,813.1400000000001,412.92,95,3.1666666666666665,0.6315789473684211,1626.2800000000002,513.562105263158,6162.745263157895,Low Value,4426,4426
CUST01996,2,3,1626.07,2025-03-23,2026-10-03,813.035,618.365,559,18.633333333333333,0.10733452593917711,1626.07,87.26672629695885,1047.2007155635063,Low Value,4427,4427
CUST01241,1,1,1624.95,2026-04-19,2026-04-19,1624.95,1624.95,0,0.0,1.0,1624.95,1624.95,19499.4,Low Value,4428,4428
CUST02726,1,4,1618.2,2025-10-30,2025-10-30,1618.2,404.55,0,0.0,1.0,1618.2,1618.2,19418.4,Low Value,4429,4429
CUST00179,2,4,1611.53,2025-11-25,2026-05-28,805.765,450.67499999999995,184,6.133333333333334,0.32608695652173914,1611.53,262.7494565217391,3152.993478260869,Low Value,4430,4430
CUST04128,2,3,1608.96,2025-01-01,2026-05-11,804.48,621.985,495,16.5,0.12121212121212122,1608.96,97.51272727272728,1170.1527272727274,Low Value,4431,4431
CUST00272,1,1,1608.53,2026-06-26,2026-06-26,1608.53,1608.53,0,0.0,1.0,1608.53,1608.53,19302.36,Low Value,4432,4432
CUST01202,2,2,1607.1999999999998,2025-04-09,2025-08-16,803.5999999999999,803.5999999999999,129,4.3,0.46511627906976744,1607.1999999999998,373.7674418604651,4485.209302325581,Low Value,4433,4433
CUST01605,2,2,1605.75,2025-11-15,2026-06-19,802.875,802.875,216,7.2,0.2777777777777778,1605.75,223.02083333333331,2676.25,Low Value,4434,4434
CUST02139,2,3,1604.49,2024-12-07,2025-01-29,802.245,574.22,53,1.7666666666666666,1.1320754716981132,1604.49,908.2018867924529,10898.422641509434,Low Value,4435,4435
CUST02320,1,1,1600.3,2025-06-26,2025-06-26,1600.3,1600.3,0,0.0,1.0,1600.3,1600.3,19203.6,Low Value,4436,4436
CUST04389,1,2,1599.44,2026-08-18,2026-08-18,1599.44,799.72,0,0.0,1.0,1599.44,1599.44,19193.28,Low Value,4437,4437
CUST04676,2,2,1596.77,2025-07-14,2026-06-18,798.385,798.385,339,11.3,0.17699115044247787,1596.77,141.30707964601768,1695.6849557522123,Low Value,4438,4438
CUST04113,1,1,1591.52,2026-07-06,2026-07-06,1591.52,1591.52,0,0.0,1.0,1591.52,1591.52,19098.239999999998,Low Value,4439,4439
CUST04699,2,2,1586.7900000000002,2025-12-28,2026-04-12,793.3950000000001,793.3950000000001,105,3.5,0.5714285714285714,1586.7900000000002,453.3685714285715,5440.4228571428575,Low Value,4440,4440
CUST04257,2,2,1584.6399999999999,2025-11-30,2026-09-15,792.3199999999999,792.3199999999999,289,9.633333333333333,0.20761245674740486,1584.6399999999999,164.4955017301038,1973.9460207612456,Low Value,4441,4441
CUST04606,2,2,1584.31,2025-02-18,2026-07-11,792.155,792.155,508,16.933333333333334,0.11811023622047244,1584.31,93.56161417322834,1122.73937007874,Low Value,4442,4442
CUST00052,1,1,1583.35,2025-10-16,2025-10-16,1583.35,1583.35,0,0.0,1.0,1583.35,1583.35,19000.199999999997,Low Value,4443,4443
CUST01337,1,1,1579.09,2026-06-21,2026-06-21,1579.09,1579.09,0,0.0,1.0,1579.09,1579.09,18949.079999999998,Low Value,4444,4444
CUST03947,1,1,1576.03,2025-12-23,2025-12-23,1576.03,1576.03,0,0.0,1.0,1576.03,1576.03,18912.36,Low Value,4445,4445
CUST02539,1,2,1574.12,2026-04-18,2026-04-18,1574.12,787.06,0,0.0,1.0,1574.12,1574.12,18889.44,Low Value,4446,4446
CUST02770,2,2,1573.6999999999998,2024-12-15,2026-03-16,786.8499999999999,786.8499999999999,456,15.2,0.13157894736842105,1573.6999999999998,103.5328947368421,1242.3947368421052,Low Value,4447,4447
CUST02453,2,2,1573.02,2025-10-13,2026-07-18,786.51,786.51,278,9.266666666666667,0.2158273381294964,1573.02,169.7503597122302,2037.0043165467623,Low Value,4448,4448
CUST00920,1,2,1571.0,2025-03-29,2025-03-29,1571.0,785.5,0,0.0,1.0,1571.0,1571.0,18852.0,Low Value,4449,4449
CUST01540,2,2,1564.53,2026-01-01,2026-08-05,782.265,782.265,216,7.2,0.2777777777777778,1564.53,217.29583333333332,2607.5499999999997,Low Value,4450,4450
CUST01890,2,2,1564.12,2026-07-01,2026-08-04,782.06,782.06,34,1.1333333333333333,1.7647058823529411,1564.12,1380.105882352941,16561.270588235293,Low Value,4451,4451
CUST03842,1,1,1561.26,2026-03-16,2026-03-16,1561.26,1561.26,0,0.0,1.0,1561.26,1561.26,18735.12,Low Value,4452,4452
CUST02883,2,3,1561.24,2025-02-13,2025-09-15,780.62,572.135,214,7.133333333333334,0.2803738317757009,1561.24,218.86542056074765,2626.3850467289717,Low Value,4453,4453
CUST02062,1,2,1560.16,2025-03-19,2025-03-19,1560.16,780.08,0,0.0,1.0,1560.16,1560.16,18721.920000000002,Low Value,4454,4454
CUST03908,2,2,1559.9899999999998,2024-12-21,2026-06-25,779.9949999999999,779.9949999999999,551,18.366666666666667,0.1088929219600726,1559.9899999999998,84.93593466424682,1019.2312159709618,Low Value,4455,4455
CUST01185,1,5,1559.4,2026-02-12,2026-02-12,1559.4,311.88,0,0.0,1.0,1559.4,1559.4,18712.800000000003,Low Value,4456,4456
CUST00559,1,2,1558.16,2025-12-08,2025-12-08,1558.16,779.08,0,0.0,1.0,1558.16,1558.16,18697.920000000002,Low Value,4457,4457
CUST02824,2,2,1556.81,2025-03-24,2026-11-02,778.405,778.405,588,19.6,0.1020408163265306,1556.81,79.42908163265305,953.1489795918367,Low Value,4458,4458
CUST01116,1,1,1549.09,2025-05-03,2025-05-03,1549.09,1549.09,0,0.0,1.0,1549.09,1549.09,18589.079999999998,Low Value,4459,4459
CUST01245,1,4,1546.8,2026-11-18,2026-11-18,1546.8,386.7,0,0.0,1.0,1546.8,1546.8,18561.6,Low Value,4460,4460
CUST04227,2,2,1545.82,2025-07-07,2025-10-02,772.91,772.91,87,2.9,0.6896551724137931,1545.82,533.0413793103448,6396.496551724138,Low Value,4461,4461
CUST04831,1,1,1544.95,2025-05-31,2025-05-31,1544.95,1544.95,0,0.0,1.0,1544.95,1544.95,18539.4,Low Value,4462,4462
CUST03510,2,2,1542.1499999999999,2025-07-07,2026-01-20,771.0749999999999,771.0749999999999,197,6.566666666666666,0.30456852791878175,1542.1499999999999,234.8451776649746,2818.1421319796955,Low Value,4463,4463
CUST03994,1,2,1540.06,2025-01-26,2025-01-26,1540.06,770.03,0,0.0,1.0,1540.06,1540.06,18480.72,Low Value,4464,4464
CUST04195,1,2,1540.02,2025-09-18,2025-09-18,1540.02,770.01,0,0.0,1.0,1540.02,1540.02,18480.239999999998,Low Value,4465,4465
CUST04643,1,4,1538.84,2025-06-08,2025-06-08,1538.84,384.71,0,0.0,1.0,1538.84,1538.84,18466.079999999998,Low Value,4466,4466
CUST01696,1,1,1532.94,2026-01-18,2026-01-18,1532.94,1532.94,0,0.0,1.0,1532.94,1532.94,18395.28,Low Value,4467,4467
CUST00360,1,1,1532.73,2025-04-07,2025-04-07,1532.73,1532.73,0,0.0,1.0,1532.73,1532.73,18392.760000000002,Low Value,4468,4468
CUST00617,1,1,1529.67,2025-04-25,2025-04-25,1529.67,1529.67,0,0.0,1.0,1529.67,1529.67,18356.04,Low Value,4469,4469
CUST02632,1,1,1529.67,2026-09-14,2026-09-14,1529.67,1529.67,0,0.0,1.0,1529.67,1529.67,18356.04,Low Value,4469,4469
CUST02078,2,2,1529.5300000000002,2026-06-23,2026-09-30,764.7650000000001,764.7650000000001,99,3.3,0.6060606060606061,1529.5300000000002,463.49393939393946,5561.927272727274,Low Value,4471,4471
CUST00013,3,3,1529.38,2025-01-17,2026-04-27,509.79333333333335,509.79333333333335,465,15.5,0.1935483870967742,1529.38,98.66967741935484,1184.036129032258,Low Value,4472,4472
CUST03551,1,2,1525.34,2025-11-11,2025-11-11,1525.34,762.67,0,0.0,1.0,1525.34,1525.34,18304.079999999998,Low Value,4473,4473
CUST04368,1,4,1517.04,2026-02-03,2026-02-03,1517.04,379.26,0,0.0,1.0,1517.04,1517.04,18204.48,Low Value,4474,4474
CUST00776,1,1,1515.11,2026-03-03,2026-03-03,1515.11,1515.11,0,0.0,1.0,1515.11,1515.11,18181.32,Low Value,4475,4475
CUST01268,3,3,1514.31,2025-04-25,2026-04-16,504.77,504.77,356,11.866666666666667,0.25280898876404495,1514.31,127.61039325842695,1531.3247191011235,Low Value,4476,4476
CUST01181,1,1,1503.79,2026-10-05,2026-10-05,1503.79,1503.79,0,0.0,1.0,1503.79,1503.79,18045.48,Low Value,4477,4477
CUST00885,1,2,1499.54,2025-09-25,2025-09-25,1499.54,749.77,0,0.0,1.0,1499.54,1499.54,17994.48,Low Value,4478,4478
CUST03870,1,1,1498.0,2026-06-17,2026-06-17,1498.0,1498.0,0,0.0,1.0,1498.0,1498.0,17976.0,Low Value,4479,4479
CUST00966,2,2,1491.71,2025-11-26,2026-02-15,745.855,745.855,81,2.7,0.7407407407407407,1491.71,552.4851851851852,6629.822222222222,Low Value,4480,4480
CUST04619,1,1,1474.77,2026-04-09,2026-04-09,1474.77,1474.77,0,0.0,1.0,1474.77,1474.77,17697.239999999998,Low Value,4481,4481
CUST04945,1,4,1472.12,2024-12-13,2024-12-13,1472.12,368.03,0,0.0,1.0,1472.12,1472.12,17665.44,Low Value,4482,4482
CUST00953,2,2,1468.62,2025-02-04,2026-10-17,734.31,734.31,620,20.666666666666668,0.0967741935483871,1468.62,71.06225806451612,852.7470967741933,Low Value,4483,4483
CUST00021,1,1,1467.07,2026-01-04,2026-01-04,1467.07,1467.07,0,0.0,1.0,1467.07,1467.07,17604.84,Low Value,4484,4484
CUST03642,2,2,1465.02,2025-07-13,2025-09-22,732.51,732.51,71,2.3666666666666667,0.8450704225352113,1465.02,619.0225352112676,7428.270422535212,Low Value,4485,4485
CUST03620,2,2,1464.2,2025-06-04,2025-06-29,732.1,732.1,25,0.8333333333333334,2.0,1464.2,1464.2,17570.4,Low Value,4486,4486
CUST02065,2,2,1460.24,2025-03-16,2025-09-17,730.12,730.12,185,6.166666666666667,0.3243243243243243,1460.24,236.79567567567565,2841.548108108108,Low Value,4487,4487
CUST04202,1,1,1457.84,2026-08-01,2026-08-01,1457.84,1457.84,0,0.0,1.0,1457.84,1457.84,17494.079999999998,Low Value,4488,4488
CUST02023,1,1,1457.11,2024-12-17,2024-12-17,1457.11,1457.11,0,0.0,1.0,1457.11,1457.11,17485.32,Low Value,4489,4489
CUST04741,1,1,1456.63,2026-01-28,2026-01-28,1456.63,1456.63,0,0.0,1.0,1456.63,1456.63,17479.56,Low Value,4490,4490
CUST00965,1,1,1456.22,2025-07-27,2025-07-27,1456.22,1456.22,0,0.0,1.0,1456.22,1456.22,17474.64,Low Value,4491,4491
CUST02605,1,1,1452.14,2026-03-31,2026-03-31,1452.14,1452.14,0,0.0,1.0,1452.14,1452.14,17425.68,Low Value,4492,4492
CUST04091,1,1,1451.5,2026-10-11,2026-10-11,1451.5,1451.5,0,0.0,1.0,1451.5,1451.5,17418.0,Low Value,4493,4493
CUST01786,2,2,1448.75,2025-01-24,2025-05-17,724.375,724.375,113,3.7666666666666666,0.5309734513274337,1448.75,384.62389380530976,4615.486725663717,Low Value,4494,4494
CUST00132,1,1,1441.87,2026-09-18,2026-09-18,1441.87,1441.87,0,0.0,1.0,1441.87,1441.87,17302.44,Low Value,4495,4495
CUST01138,1,1,1438.92,2025-05-19,2025-05-19,1438.92,1438.92,0,0.0,1.0,1438.92,1438.92,17267.04,Low Value,4496,4496
CUST03320,1,2,1432.4,2024-12-31,2024-12-31,1432.4,716.2,0,0.0,1.0,1432.4,1432.4,17188.800000000003,Low Value,4497,4497
CUST01047,1,3,1431.18,2025-05-22,2025-05-22,1431.18,477.06,0,0.0,1.0,1431.18,1431.18,17174.16,Low Value,4498,4498
CUST03907,3,3,1426.55,2025-05-13,2026-07-09,475.51666666666665,475.51666666666665,422,14.066666666666666,0.2132701421800948,1426.55,101.41350710900474,1216.9620853080569,Low Value,4499,4499
CUST00653,1,3,1423.98,2025-07-30,2025-07-30,1423.98,474.66,0,0.0,1.0,1423.98,1423.98,17087.760000000002,Low Value,4500,4500
CUST03751,1,1,1423.53,2026-03-28,2026-03-28,1423.53,1423.53,0,0.0,1.0,1423.53,1423.53,17082.36,Low Value,4501,4501
CUST01011,1,2,1418.7,2026-08-10,2026-08-10,1418.7,709.35,0,0.0,1.0,1418.7,1418.7,17024.4,Low Value,4502,4502
CUST03208,1,1,1412.82,2026-06-29,2026-06-29,1412.82,1412.82,0,0.0,1.0,1412.82,1412.82,16953.84,Low Value,4503,4503
CUST02782,1,1,1410.55,2026-09-09,2026-09-09,1410.55,1410.55,0,0.0,1.0,1410.55,1410.55,16926.6,Low Value,4504,4504
CUST00721,1,1,1408.17,2026-03-29,2026-03-29,1408.17,1408.17,0,0.0,1.0,1408.17,1408.17,16898.04,Low Value,4505,4505
CUST04483,1,2,1407.96,2025-07-03,2025-07-03,1407.96,703.98,0,0.0,1.0,1407.96,1407.96,16895.52,Low Value,4506,4506
CUST02050,2,2,1407.21,2025-07-24,2026-04-06,703.605,703.605,256,8.533333333333333,0.234375,1407.21,164.907421875,1978.8890625000001,Low Value,4507,4507
CUST04422,2,2,1392.6100000000001,2025-10-14,2026-03-04,696.3050000000001,696.3050000000001,141,4.7,0.425531914893617,1392.6100000000001,296.3,3555.6000000000004,Low Value,4508,4508
CUST00278,1,3,1382.76,2025-02-13,2025-02-13,1382.76,460.92,0,0.0,1.0,1382.76,1382.76,16593.12,Low Value,4509,4509
CUST00702,1,1,1382.46,2026-02-01,2026-02-01,1382.46,1382.46,0,0.0,1.0,1382.46,1382.46,16589.52,Low Value,4510,4510
CUST02971,2,2,1377.2,2025-05-26,2026-01-26,688.6,688.6,245,8.166666666666666,0.2448979591836735,1377.2,168.63673469387757,2023.640816326531,Low Value,4511,4511
CUST00566,1,1,1375.6,2025-06-22,2025-06-22,1375.6,1375.6,0,0.0,1.0,1375.6,1375.6,16507.199999999997,Low Value,4512,4512
CUST01413,1,2,1369.3,2025-11-15,2025-11-15,1369.3,684.65,0,0.0,1.0,1369.3,1369.3,16431.6,Low Value,4513,4513
CUST02568,2,2,1368.97,2025-01-26,2026-04-25,684.485,684.485,454,15.133333333333333,0.13215859030837004,1368.97,90.46057268722467,1085.526872246696,Low Value,4514,4514
CUST01052,1,1,1368.79,2025-12-21,2025-12-21,1368.79,1368.79,0,0.0,1.0,1368.79,1368.79,16425.48,Low Value,4515,4515
CUST02006,2,2,1364.1200000000001,2025-07-17,2025-08-29,682.0600000000001,682.0600000000001,43,1.4333333333333333,1.3953488372093024,1364.1200000000001,951.7116279069768,11420.539534883721,Low Value,4516,4516
CUST04840,2,3,1364.04,2024-12-28,2025-04-25,682.02,498.15,118,3.933333333333333,0.5084745762711864,1364.04,346.7898305084746,4161.4779661016955,Low Value,4517,4517
CUST04544,1,2,1360.52,2025-12-05,2025-12-05,1360.52,680.26,0,0.0,1.0,1360.52,1360.52,16326.24,Low Value,4518,4518
CUST01148,1,2,1358.98,2025-05-30,2025-05-30,1358.98,679.49,0,0.0,1.0,1358.98,1358.98,16307.76,Low Value,4519,4519
CUST00859,1,1,1356.01,2026-09-10,2026-09-10,1356.01,1356.01,0,0.0,1.0,1356.01,1356.01,16272.119999999999,Low Value,4520,4520
CUST02956,1,1,1345.57,2025-12-01,2025-12-01,1345.57,1345.57,0,0.0,1.0,1345.57,1345.57,16146.84,Low Value,4521,4521
CUST03090,2,3,1344.1299999999999,2026-05-11,2026-08-06,672.0649999999999,439.54999999999995,87,2.9,0.6896551724137931,1344.1299999999999,463.49310344827586,5561.91724137931,Low Value,4522,4522
CUST00866,1,2,1341.9,2026-02-28,2026-02-28,1341.9,670.95,0,0.0,1.0,1341.9,1341.9,16102.800000000001,Low Value,4523,4523
CUST01277,2,2,1341.28,2025-09-09,2025-12-22,670.64,670.64,104,3.466666666666667,0.5769230769230769,1341.28,386.9076923076923,4642.892307692307,Low Value,4524,4524
CUST00096,1,1,1338.7,2026-08-09,2026-08-09,1338.7,1338.7,0,0.0,1.0,1338.7,1338.7,16064.400000000001,Low Value,4525,4525
CUST03156,1,1,1334.85,2026-01-19,2026-01-19,1334.85,1334.85,0,0.0,1.0,1334.85,1334.85,16018.199999999999,Low Value,4526,4526
CUST01239,2,3,1331.67,2025-06-03,2026-01-25,665.835,429.505,236,7.866666666666666,0.2542372881355932,1331.67,169.28008474576274,2031.3610169491528,Low Value,4527,4527
CUST01973,1,1,1328.96,2025-05-01,2025-05-01,1328.96,1328.96,0,0.0,1.0,1328.96,1328.96,15947.52,Low Value,4528,4528
CUST04132,1,3,1324.35,2025-04-14,2025-04-14,1324.35,441.45,0,0.0,1.0,1324.35,1324.35,15892.199999999999,Low Value,4529,4529
CUST04144,2,2,1322.6999999999998,2025-02-19,2025-09-24,661.3499999999999,661.3499999999999,217,7.233333333333333,0.2764976958525346,1322.6999999999998,182.8617511520737,2194.3410138248846,Low Value,4530,4530
CUST02112,1,1,1322.48,2026-10-05,2026-10-05,1322.48,1322.48,0,0.0,1.0,1322.48,1322.48,15869.76,Low Value,4531,4531
CUST04231,1,1,1321.22,2026-05-10,2026-05-10,1321.22,1321.22,0,0.0,1.0,1321.22,1321.22,15854.64,Low Value,4532,4532
CUST02236,1,3,1320.51,2025-10-21,2025-10-21,1320.51,440.17,0,0.0,1.0,1320.51,1320.51,15846.119999999999,Low Value,4533,4533
CUST04243,2,3,1315.76,2025-05-20,2025-09-14,657.88,424.88,117,3.9,0.5128205128205129,1315.76,337.374358974359,4048.492307692308,Low Value,4534,4534
CUST02359,2,2,1312.18,2025-07-03,2026-02-07,656.09,656.09,219,7.3,0.273972602739726,1312.18,179.75068493150687,2157.0082191780825,Low Value,4535,4535
CUST04850,2,4,1310.1,2026-03-04,2026-03-15,655.05,327.88,11,0.36666666666666664,2.0,1310.1,1310.1,15721.199999999999,Low Value,4536,4536
CUST00482,1,1,1309.96,2026-09-23,2026-09-23,1309.96,1309.96,0,0.0,1.0,1309.96,1309.96,15719.52,Low Value,4537,4537
CUST01326,1,3,1308.33,2026-03-22,2026-03-22,1308.33,436.11,0,0.0,1.0,1308.33,1308.33,15699.96,Low Value,4538,4538
CUST04417,2,3,1307.1399999999999,2025-06-16,2026-06-25,653.5699999999999,441.16499999999996,374,12.466666666666667,0.16042780748663102,1307.1399999999999,104.85080213903743,1258.209625668449,Low Value,4539,4539
CUST03000,1,3,1306.56,2025-07-19,2025-07-19,1306.56,435.52,0,0.0,1.0,1306.56,1306.56,15678.72,Low Value,4540,4540
CUST03035,1,1,1305.32,2025-12-31,2025-12-31,1305.32,1305.32,0,0.0,1.0,1305.32,1305.32,15663.84,Low Value,4541,4541
CUST01309,1,3,1294.44,2025-06-08,2025-06-08,1294.44,431.48,0,0.0,1.0,1294.44,1294.44,15533.28,Low Value,4542,4542
CUST04917,1,3,1285.38,2026-10-13,2026-10-13,1285.38,428.46,0,0.0,1.0,1285.38,1285.38,15424.560000000001,Low Value,4543,4543
CUST00177,1,1,1284.61,2026-08-04,2026-08-04,1284.61,1284.61,0,0.0,1.0,1284.61,1284.61,15415.32,Low Value,4544,4544
CUST00464,2,2,1284.54,2025-10-06,2026-05-06,642.27,642.27,212,7.066666666666666,0.2830188679245283,1284.54,181.7745283018868,2181.2943396226415,Low Value,4545,4545
CUST01236,2,2,1284.25,2025-06-10,2026-09-05,642.125,642.125,452,15.066666666666666,0.13274336283185842,1284.25,85.23783185840708,1022.8539823008849,Low Value,4546,4546
CUST00694,1,2,1283.48,2025-01-23,2025-01-23,1283.48,641.74,0,0.0,1.0,1283.48,1283.48,15401.76,Low Value,4547,4547
CUST01300,1,1,1282.22,2026-06-12,2026-06-12,1282.22,1282.22,0,0.0,1.0,1282.22,1282.22,15386.64,Low Value,4548,4548
CUST00322,1,3,1280.88,2025-10-07,2025-10-07,1280.88,426.96,0,0.0,1.0,1280.88,1280.88,15370.560000000001,Low Value,4549,4549
CUST00985,2,3,1279.62,2025-09-22,2025-10-21,639.81,436.69,29,0.9666666666666667,2.0,1279.62,1279.62,15355.439999999999,Low Value,4550,4550
CUST02622,1,1,1275.64,2026-07-26,2026-07-26,1275.64,1275.64,0,0.0,1.0,1275.64,1275.64,15307.68,Low Value,4551,4551
CUST01725,1,1,1272.93,2026-07-08,2026-07-08,1272.93,1272.93,0,0.0,1.0,1272.93,1272.93,15275.16,Low Value,4552,4552
CUST04994,1,1,1271.29,2025-08-19,2025-08-19,1271.29,1271.29,0,0.0,1.0,1271.29,1271.29,15255.48,Low Value,4553,4553
CUST00099,1,1,1264.54,2026-01-13,2026-01-13,1264.54,1264.54,0,0.0,1.0,1264.54,1264.54,15174.48,Low Value,4554,4554
CUST01791,1,1,1264.43,2026-01-26,2026-01-26,1264.43,1264.43,0,0.0,1.0,1264.43,1264.43,15173.16,Low Value,4555,4555
CUST01449,1,1,1264.37,2025-08-05,2025-08-05,1264.37,1264.37,0,0.0,1.0,1264.37,1264.37,15172.439999999999,Low Value,4556,4556
CUST03593,1,1,1262.85,2026-04-02,2026-04-02,1262.85,1262.85,0,0.0,1.0,1262.85,1262.85,15154.199999999999,Low Value,4557,4557
CUST01694,2,2,1261.7,2025-01-24,2025-11-28,630.85,630.85,308,10.266666666666667,0.1948051948051948,1261.7,122.89285714285714,1474.7142857142858,Low Value,4558,4558
CUST00963,1,1,1259.9,2026-07-24,2026-07-24,1259.9,1259.9,0,0.0,1.0,1259.9,1259.9,15118.800000000001,Low Value,4559,4559
CUST01757,1,3,1259.37,2025-05-04,2025-05-04,1259.37,419.79,0,0.0,1.0,1259.37,1259.37,15112.439999999999,Low Value,4560,4560
CUST03768,1,1,1257.02,2025-01-23,2025-01-23,1257.02,1257.02,0,0.0,1.0,1257.02,1257.02,15084.24,Low Value,4561,4561
CUST03661,3,3,1255.35,2025-02-02,2026-04-08,418.45,418.45,430,14.333333333333334,0.20930232558139533,1255.35,87.58255813953487,1050.9906976744185,Low Value,4562,4562
CUST04949,1,2,1252.02,2025-03-03,2025-03-03,1252.02,626.01,0,0.0,1.0,1252.02,1252.02,15024.24,Low Value,4563,4563
CUST04294,1,1,1251.55,2025-08-02,2025-08-02,1251.55,1251.55,0,0.0,1.0,1251.55,1251.55,15018.599999999999,Low Value,4564,4564
CUST00137,2,3,1250.73,2025-07-03,2026-07-12,625.365,403.135,374,12.466666666666667,0.16042780748663102,1250.73,100.32593582887701,1203.9112299465241,Low Value,4565,4565
CUST02074,2,2,1246.06,2025-08-27,2026-10-20,623.03,623.03,419,13.966666666666667,0.1431980906921241,1246.06,89.21670644391408,1070.600477326969,Low Value,4566,4566
CUST01568,1,1,1242.34,2026-08-01,2026-08-01,1242.34,1242.34,0,0.0,1.0,1242.34,1242.34,14908.079999999998,Low Value,4567,4567
CUST03857,1,1,1241.31,2025-07-24,2025-07-24,1241.31,1241.31,0,0.0,1.0,1241.31,1241.31,14895.72,Low Value,4568,4568
CUST00412,1,2,1239.62,2025-03-10,2025-03-10,1239.62,619.81,0,0.0,1.0,1239.62,1239.62,14875.439999999999,Low Value,4569,4569
CUST03538,1,1,1227.26,2025-06-09,2025-06-09,1227.26,1227.26,0,0.0,1.0,1227.26,1227.26,14727.119999999999,Low Value,4570,4570
CUST04783,1,1,1226.7,2025-07-16,2025-07-16,1226.7,1226.7,0,0.0,1.0,1226.7,1226.7,14720.400000000001,Low Value,4571,4571
CUST01465,1,1,1226.67,2026-08-30,2026-08-30,1226.67,1226.67,0,0.0,1.0,1226.67,1226.67,14720.04,Low Value,4572,4572
CUST00875,1,1,1225.28,2025-07-12,2025-07-12,1225.28,1225.28,0,0.0,1.0,1225.28,1225.28,14703.36,Low Value,4573,4573
CUST00081,2,2,1223.42,2024-11-20,2026-11-02,611.71,611.71,712,23.733333333333334,0.08426966292134831,1223.42,51.54859550561798,618.5831460674158,Low Value,4574,4574
CUST03138,1,2,1221.02,2026-03-15,2026-03-15,1221.02,610.51,0,0.0,1.0,1221.02,1221.02,14652.24,Low Value,4575,4575
CUST03694,1,1,1219.2,2026-07-11,2026-07-11,1219.2,1219.2,0,0.0,1.0,1219.2,1219.2,14630.400000000001,Low Value,4576,4576
CUST03290,1,2,1216.2,2025-11-27,2025-11-27,1216.2,608.1,0,0.0,1.0,1216.2,1216.2,14594.400000000001,Low Value,4577,4577
CUST02335,1,2,1214.96,2026-08-27,2026-08-27,1214.96,607.48,0,0.0,1.0,1214.96,1214.96,14579.52,Low Value,4578,4578
CUST03419,1,3,1211.43,2025-08-24,2025-08-24,1211.43,403.81,0,0.0,1.0,1211.43,1211.43,14537.16,Low Value,4579,4579
CUST03901,1,1,1209.43,2025-04-24,2025-04-24,1209.43,1209.43,0,0.0,1.0,1209.43,1209.43,14513.16,Low Value,4580,4580
CUST03164,2,2,1201.5,2025-10-09,2026-06-01,600.75,600.75,235,7.833333333333333,0.25531914893617025,1201.5,153.38297872340425,1840.595744680851,Low Value,4581,4581
CUST00092,2,2,1197.98,2025-10-13,2026-02-26,598.99,598.99,136,4.533333333333333,0.4411764705882353,1197.98,264.26029411764705,3171.1235294117646,Low Value,4582,4582
CUST01717,1,1,1195.01,2025-12-08,2025-12-08,1195.01,1195.01,0,0.0,1.0,1195.01,1195.01,14340.119999999999,Low Value,4583,4583
CUST01416,2,2,1190.24,2026-04-07,2026-07-06,595.12,595.12,90,3.0,0.6666666666666666,1190.24,396.74666666666667,4760.96,Low Value,4584,4584
CUST04837,1,3,1187.16,2025-07-08,2025-07-08,1187.16,395.72,0,0.0,1.0,1187.16,1187.16,14245.920000000002,Low Value,4585,4585
CUST01454,2,2,1184.59,2025-02-10,2026-08-28,592.295,592.295,564,18.8,0.10638297872340426,1184.59,63.01010638297872,756.1212765957446,Low Value,4586,4586
CUST01388,1,3,1181.22,2026-09-08,2026-09-08,1181.22,393.74,0,0.0,1.0,1181.22,1181.22,14174.64,Low Value,4587,4587
CUST04456,1,3,1178.34,2025-01-15,2025-01-15,1178.34,392.78,0,0.0,1.0,1178.34,1178.34,14140.079999999998,Low Value,4588,4588
CUST02640,1,1,1176.58,2025-05-04,2025-05-04,1176.58,1176.58,0,0.0,1.0,1176.58,1176.58,14118.96,Low Value,4589,4589
CUST02452,1,1,1173.81,2026-04-14,2026-04-14,1173.81,1173.81,0,0.0,1.0,1173.81,1173.81,14085.72,Low Value,4590,4590
CUST04585,2,2,1170.48,2025-07-14,2025-09-07,585.24,585.24,55,1.8333333333333333,1.090909090909091,1170.48,638.4436363636364,7661.323636363637,Low Value,4591,4591
CUST02215,1,1,1166.61,2024-11-29,2024-11-29,1166.61,1166.61,0,0.0,1.0,1166.61,1166.61,13999.32,Low Value,4592,4592
CUST04460,1,1,1164.72,2025-12-25,2025-12-25,1164.72,1164.72,0,0.0,1.0,1164.72,1164.72,13976.64,Low Value,4593,4593
CUST02287,2,2,1156.92,2025-02-05,2026-08-05,578.46,578.46,546,18.2,0.10989010989010989,1156.92,63.56703296703297,762.8043956043957,Low Value,4594,4594
CUST04950,2,2,1156.09,2025-05-06,2026-10-18,578.045,578.045,530,17.666666666666668,0.11320754716981131,1156.09,65.43905660377358,785.268679245283,Low Value,4595,4595
CUST03446,1,1,1149.58,2025-09-01,2025-09-01,1149.58,1149.58,0,0.0,1.0,1149.58,1149.58,13794.96,Low Value,4596,4596
CUST02505,2,2,1145.77,2025-04-13,2026-05-13,572.885,572.885,395,13.166666666666666,0.1518987341772152,1145.77,87.02050632911393,1044.2460759493672,Low Value,4597,4597
CUST03274,1,1,1141.43,2025-05-14,2025-05-14,1141.43,1141.43,0,0.0,1.0,1141.43,1141.43,13697.16,Low Value,4598,4598
CUST00274,1,1,1136.81,2025-09-03,2025-09-03,1136.81,1136.81,0,0.0,1.0,1136.81,1136.81,13641.72,Low Value,4599,4599
CUST03669,2,2,1135.2,2025-05-22,2025-05-25,567.6,567.6,3,0.1,2.0,1135.2,1135.2,13622.400000000001,Low Value,4600,4600
CUST00975,1,2,1129.22,2026-04-17,2026-04-17,1129.22,564.61,0,0.0,1.0,1129.22,1129.22,13550.64,Low Value,4601,4601
CUST01761,1,1,1123.62,2025-11-21,2025-11-21,1123.62,1123.62,0,0.0,1.0,1123.62,1123.62,13483.439999999999,Low Value,4602,4602
CUST00534,1,1,1122.17,2024-12-08,2024-12-08,1122.17,1122.17,0,0.0,1.0,1122.17,1122.17,13466.04,Low Value,4603,4603
CUST02476,1,1,1114.37,2025-05-08,2025-05-08,1114.37,1114.37,0,0.0,1.0,1114.37,1114.37,13372.439999999999,Low Value,4604,4604
CUST00880,1,3,1112.49,2025-02-16,2025-02-16,1112.49,370.83,0,0.0,1.0,1112.49,1112.49,13349.880000000001,Low Value,4605,4605
CUST01354,1,1,1111.7,2025-09-14,2025-09-14,1111.7,1111.7,0,0.0,1.0,1111.7,1111.7,13340.400000000001,Low Value,4606,4606
CUST04864,2,3,1107.97,2025-06-07,2026-10-31,553.985,380.43,511,17.033333333333335,0.11741682974559686,1107.97,65.04716242661448,780.5659491193737,Low Value,4607,4607
CUST01569,1,3,1106.67,2025-01-13,2025-01-13,1106.67,368.89,0,0.0,1.0,1106.67,1106.67,13280.04,Low Value,4608,4608
CUST04516,1,1,1104.89,2025-08-15,2025-08-15,1104.89,1104.89,0,0.0,1.0,1104.89,1104.89,13258.68,Low Value,4609,4609
CUST01357,1,3,1099.62,2026-11-05,2026-11-05,1099.62,366.54,0,0.0,1.0,1099.62,1099.62,13195.439999999999,Low Value,4610,4610
CUST01749,1,1,1097.5,2026-08-20,2026-08-20,1097.5,1097.5,0,0.0,1.0,1097.5,1097.5,13170.0,Low Value,4611,4611
CUST03823,1,1,1089.38,2026-01-01,2026-01-01,1089.38,1089.38,0,0.0,1.0,1089.38,1089.38,13072.560000000001,Low Value,4612,4612
CUST00257,2,2,1088.79,2025-04-18,2025-07-08,544.395,544.395,81,2.7,0.7407407407407407,1088.79,403.25555555555553,4839.066666666667,Low Value,4613,4613
CUST03829,2,2,1082.24,2025-04-23,2025-08-16,541.12,541.12,115,3.8333333333333335,0.5217391304347826,1082.24,282.32347826086954,3387.8817391304347,Low Value,4614,4614
CUST04869,1,3,1080.6,2024-12-26,2024-12-26,1080.6,360.2,0,0.0,1.0,1080.6,1080.6,12967.199999999999,Low Value,4615,4615
CUST03098,1,3,1075.83,2025-06-16,2025-06-16,1075.83,358.61,0,0.0,1.0,1075.83,1075.83,12909.96,Low Value,4616,4616
CUST03491,1,3,1075.08,2026-05-31,2026-05-31,1075.08,358.36,0,0.0,1.0,1075.08,1075.08,12900.96,Low Value,4617,4617
CUST00794,2,2,1054.26,2025-03-12,2026-11-03,527.13,527.13,601,20.033333333333335,0.09983361064891846,1054.26,52.62529118136439,631.5034941763727,Low Value,4618,4618
CUST04367,1,1,1042.66,2025-07-31,2025-07-31,1042.66,1042.66,0,0.0,1.0,1042.66,1042.66,12511.920000000002,Low Value,4619,4619
CUST01469,1,1,1042.49,2025-12-13,2025-12-13,1042.49,1042.49,0,0.0,1.0,1042.49,1042.49,12509.880000000001,Low Value,4620,4620
CUST02912,2,2,1042.42,2025-02-04,2026-03-05,521.21,521.21,394,13.133333333333333,0.15228426395939088,1042.42,79.37208121827412,952.4649746192895,Low Value,4621,4621
CUST04069,2,2,1041.35,2025-04-17,2025-04-29,520.675,520.675,12,0.4,2.0,1041.35,1041.35,12496.199999999999,Low Value,4622,4622
CUST02094,2,2,1040.83,2025-05-18,2025-09-07,520.415,520.415,112,3.7333333333333334,0.5357142857142857,1040.83,278.79375,3345.5249999999996,Low Value,4623,4623
CUST01470,2,2,1036.06,2025-06-11,2025-10-25,518.03,518.03,136,4.533333333333333,0.4411764705882353,1036.06,228.54264705882352,2742.5117647058823,Low Value,4624,4624
CUST03116,1,1,1033.62,2026-01-28,2026-01-28,1033.62,1033.62,0,0.0,1.0,1033.62,1033.62,12403.439999999999,Low Value,4625,4625
CUST01290,1,1,1031.73,2026-02-14,2026-02-14,1031.73,1031.73,0,0.0,1.0,1031.73,1031.73,12380.76,Low Value,4626,4626
CUST00125,2,2,1020.27,2025-02-10,2025-06-11,510.135,510.135,121,4.033333333333333,0.49586776859504134,1020.27,252.95950413223142,3035.514049586777,Low Value,4627,4627
CUST04981,1,1,1018.55,2025-09-07,2025-09-07,1018.55,1018.55,0,0.0,1.0,1018.55,1018.55,12222.599999999999,Low Value,4628,4628
CUST03247,1,1,1015.25,2025-05-30,2025-05-30,1015.25,1015.25,0,0.0,1.0,1015.25,1015.25,12183.0,Low Value,4629,4629
CUST01136,1,1,1012.71,2025-08-24,2025-08-24,1012.71,1012.71,0,0.0,1.0,1012.71,1012.71,12152.52,Low Value,4630,4630
CUST04844,2,3,1012.49,2025-04-29,2025-12-12,506.245,347.365,227,7.566666666666666,0.2643171806167401,1012.49,133.8092511013216,1605.711013215859,Low Value,4631,4631
CUST04382,1,1,1012.08,2025-07-26,2025-07-26,1012.08,1012.08,0,0.0,1.0,1012.08,1012.08,12144.960000000001,Low Value,4632,4632
CUST01061,1,1,1011.11,2024-12-27,2024-12-27,1011.11,1011.11,0,0.0,1.0,1011.11,1011.11,12133.32,Low Value,4633,4633
CUST03317,1,1,1010.74,2025-07-22,2025-07-22,1010.74,1010.74,0,0.0,1.0,1010.74,1010.74,12128.880000000001,Low Value,4634,4634
CUST00786,1,1,1007.58,2026-04-21,2026-04-21,1007.58,1007.58,0,0.0,1.0,1007.58,1007.58,12090.960000000001,Low Value,4635,4635
CUST04930,2,2,1005.2,2025-07-23,2025-10-06,502.6,502.6,75,2.5,0.8,1005.2,402.08000000000004,4824.960000000001,Low Value,4636,4636
CUST01970,1,1,1000.31,2026-11-23,2026-11-23,1000.31,1000.31,0,0.0,1.0,1000.31,1000.31,12003.72,Low Value,4637,4637
CUST04871,1,1,996.51,2025-05-07,2025-05-07,996.51,996.51,0,0.0,1.0,996.51,996.51,11958.119999999999,Low Value,4638,4638
CUST03198,1,1,991.43,2026-06-24,2026-06-24,991.43,991.43,0,0.0,1.0,991.43,991.43,11897.16,Low Value,4639,4639
CUST03547,1,1,990.48,2025-06-17,2025-06-17,990.48,990.48,0,0.0,1.0,990.48,990.48,11885.76,Low Value,4640,4640
CUST04888,1,1,983.38,2025-07-13,2025-07-13,983.38,983.38,0,0.0,1.0,983.38,983.38,11800.56,Low Value,4641,4641
CUST03889,1,1,976.68,2026-01-16,2026-01-16,976.68,976.68,0,0.0,1.0,976.68,976.68,11720.16,Low Value,4642,4642
CUST03185,1,1,970.79,2025-02-12,2025-02-12,970.79,970.79,0,0.0,1.0,970.79,970.79,11649.48,Low Value,4643,4643
CUST02853,1,1,970.72,2026-03-16,2026-03-16,970.72,970.72,0,0.0,1.0,970.72,970.72,11648.64,Low Value,4644,4644
CUST03456,1,1,970.26,2026-11-03,2026-11-03,970.26,970.26,0,0.0,1.0,970.26,970.26,11643.119999999999,Low Value,4645,4645
CUST02279,1,1,967.66,2026-05-11,2026-05-11,967.66,967.66,0,0.0,1.0,967.66,967.66,11611.92,Low Value,4646,4646
CUST03899,1,2,966.8,2026-11-09,2026-11-09,966.8,483.4,0,0.0,1.0,966.8,966.8,11601.599999999999,Low Value,4647,4647
CUST03553,1,1,965.46,2024-12-21,2024-12-21,965.46,965.46,0,0.0,1.0,965.46,965.46,11585.52,Low Value,4648,4648
CUST01461,1,2,962.86,2025-01-29,2025-01-29,962.86,481.43,0,0.0,1.0,962.86,962.86,11554.32,Low Value,4649,4649
CUST01565,1,2,959.48,2024-12-24,2024-12-24,959.48,479.74,0,0.0,1.0,959.48,959.48,11513.76,Low Value,4650,4650
CUST01998,1,1,957.5,2025-08-22,2025-08-22,957.5,957.5,0,0.0,1.0,957.5,957.5,11490.0,Low Value,4651,4651
CUST02754,1,1,957.04,2025-04-09,2025-04-09,957.04,957.04,0,0.0,1.0,957.04,957.04,11484.48,Low Value,4652,4652
CUST04283,1,2,955.24,2025-11-10,2025-11-10,955.24,477.62,0,0.0,1.0,955.24,955.24,11462.880000000001,Low Value,4653,4653
CUST02589,1,1,953.74,2026-05-10,2026-05-10,953.74,953.74,0,0.0,1.0,953.74,953.74,11444.880000000001,Low Value,4654,4654
CUST00535,1,1,950.48,2025-06-21,2025-06-21,950.48,950.48,0,0.0,1.0,950.48,950.48,11405.76,Low Value,4655,4655
CUST01070,1,1,945.93,2025-04-13,2025-04-13,945.93,945.93,0,0.0,1.0,945.93,945.93,11351.16,Low Value,4656,4656
CUST04725,1,1,944.81,2026-08-22,2026-08-22,944.81,944.81,0,0.0,1.0,944.81,944.81,11337.72,Low Value,4657,4657
CUST02109,1,1,932.51,2025-10-11,2025-10-11,932.51,932.51,0,0.0,1.0,932.51,932.51,11190.119999999999,Low Value,4658,4658
CUST02185,1,1,929.86,2025-06-06,2025-06-06,929.86,929.86,0,0.0,1.0,929.86,929.86,11158.32,Low Value,4659,4659
CUST04654,2,2,928.28,2024-12-11,2025-02-27,464.14,464.14,78,2.6,0.7692307692307692,928.28,357.0307692307692,4284.36923076923,Low Value,4660,4660
CUST02923,1,2,927.98,2025-01-30,2025-01-30,927.98,463.99,0,0.0,1.0,927.98,927.98,11135.76,Low Value,4661,4661
CUST01458,1,1,924.02,2025-08-11,2025-08-11,924.02,924.02,0,0.0,1.0,924.02,924.02,11088.24,Low Value,4662,4662
CUST03607,1,1,923.83,2025-12-03,2025-12-03,923.83,923.83,0,0.0,1.0,923.83,923.83,11085.960000000001,Low Value,4663,4663
CUST00595,1,2,923.52,2024-12-27,2024-12-27,923.52,461.76,0,0.0,1.0,923.52,923.52,11082.24,Low Value,4664,4664
CUST00418,1,1,923.1,2026-04-05,2026-04-05,923.1,923.1,0,0.0,1.0,923.1,923.1,11077.2,Low Value,4665,4665
CUST03192,1,1,919.2,2026-01-16,2026-01-16,919.2,919.2,0,0.0,1.0,919.2,919.2,11030.400000000001,Low Value,4666,4666
CUST02210,1,1,918.56,2025-05-13,2025-05-13,918.56,918.56,0,0.0,1.0,918.56,918.56,11022.72,Low Value,4667,4667
CUST04877,1,1,908.73,2025-04-19,2025-04-19,908.73,908.73,0,0.0,1.0,908.73,908.73,10904.76,Low Value,4668,4668
CUST02042,1,1,905.56,2025-02-14,2025-02-14,905.56,905.56,0,0.0,1.0,905.56,905.56,10866.72,Low Value,4669,4669
CUST02657,1,1,903.09,2025-09-28,2025-09-28,903.09,903.09,0,0.0,1.0,903.09,903.09,10837.08,Low Value,4670,4670
CUST03658,1,1,902.56,2026-02-25,2026-02-25,902.56,902.56,0,0.0,1.0,902.56,902.56,10830.72,Low Value,4671,4671
CUST00203,1,2,901.7,2026-02-22,2026-02-22,901.7,450.85,0,0.0,1.0,901.7,901.7,10820.400000000001,Low Value,4672,4672
CUST02977,1,1,898.58,2024-11-21,2024-11-21,898.58,898.58,0,0.0,1.0,898.58,898.58,10782.960000000001,Low Value,4673,4673
CUST04428,1,1,897.19,2026-08-06,2026-08-06,897.19,897.19,0,0.0,1.0,897.19,897.19,10766.28,Low Value,4674,4674
CUST04612,1,1,897.16,2024-11-08,2024-11-08,897.16,897.16,0,0.0,1.0,897.16,897.16,10765.92,Low Value,4675,4675
CUST01294,1,2,894.86,2025-05-04,2025-05-04,894.86,447.43,0,0.0,1.0,894.86,894.86,10738.32,Low Value,4676,4676
CUST04790,1,1,892.64,2025-06-15,2025-06-15,892.64,892.64,0,0.0,1.0,892.64,892.64,10711.68,Low Value,4677,4677
CUST03809,1,2,888.9,2026-04-04,2026-04-04,888.9,444.45,0,0.0,1.0,888.9,888.9,10666.8,Low Value,4678,4678
CUST00697,1,2,887.1,2026-09-27,2026-09-27,887.1,443.55,0,0.0,1.0,887.1,887.1,10645.2,Low Value,4679,4679
CUST02325,1,1,884.85,2026-12-13,2026-12-13,884.85,884.85,0,0.0,1.0,884.85,884.85,10618.2,Low Value,4680,4680
CUST01405,1,1,881.93,2025-12-10,2025-12-10,881.93,881.93,0,0.0,1.0,881.93,881.93,10583.16,Low Value,4681,4681
CUST03863,1,1,871.01,2025-12-13,2025-12-13,871.01,871.01,0,0.0,1.0,871.01,871.01,10452.119999999999,Low Value,4682,4682
CUST04112,1,2,867.9,2025-12-10,2025-12-10,867.9,433.95,0,0.0,1.0,867.9,867.9,10414.8,Low Value,4683,4683
CUST00115,1,1,866.53,2024-11-14,2024-11-14,866.53,866.53,0,0.0,1.0,866.53,866.53,10398.36,Low Value,4684,4684
CUST03954,1,1,865.66,2025-08-20,2025-08-20,865.66,865.66,0,0.0,1.0,865.66,865.66,10387.92,Low Value,4685,4685
CUST00666,1,1,860.96,2025-09-02,2025-09-02,860.96,860.96,0,0.0,1.0,860.96,860.96,10331.52,Low Value,4686,4686
CUST04057,1,2,859.14,2025-06-09,2025-06-09,859.14,429.57,0,0.0,1.0,859.14,859.14,10309.68,Low Value,4687,4687
CUST01915,1,1,858.09,2026-01-26,2026-01-26,858.09,858.09,0,0.0,1.0,858.09,858.09,10297.08,Low Value,4688,4688
CUST02011,1,2,856.08,2025-02-12,2025-02-12,856.08,428.04,0,0.0,1.0,856.08,856.08,10272.960000000001,Low Value,4689,4689
CUST02604,1,1,853.41,2026-06-18,2026-06-18,853.41,853.41,0,0.0,1.0,853.41,853.41,10240.92,Low Value,4690,4690
CUST01441,2,2,844.6500000000001,2026-04-12,2026-06-09,422.32500000000005,422.32500000000005,58,1.9333333333333333,1.0344827586206897,844.6500000000001,436.8879310344828,5242.6551724137935,Low Value,4691,4691
CUST04742,1,1,842.96,2025-12-21,2025-12-21,842.96,842.96,0,0.0,1.0,842.96,842.96,10115.52,Low Value,4692,4692
CUST03102,1,1,835.73,2025-11-18,2025-11-18,835.73,835.73,0,0.0,1.0,835.73,835.73,10028.76,Low Value,4693,4693
CUST02716,1,1,829.06,2026-03-25,2026-03-25,829.06,829.06,0,0.0,1.0,829.06,829.06,9948.72,Low Value,4694,4694
CUST02798,1,1,826.11,2026-05-16,2026-05-16,826.11,826.11,0,0.0,1.0,826.11,826.11,9913.32,Low Value,4695,4695
CUST00015,1,1,823.55,2025-11-18,2025-11-18,823.55,823.55,0,0.0,1.0,823.55,823.55,9882.599999999999,Low Value,4696,4696
CUST02585,1,1,821.93,2026-10-31,2026-10-31,821.93,821.93,0,0.0,1.0,821.93,821.93,9863.16,Low Value,4697,4697
CUST01399,1,1,813.15,2025-08-08,2025-08-08,813.15,813.15,0,0.0,1.0,813.15,813.15,9757.8,Low Value,4698,4698
CUST04570,1,1,811.42,2025-03-28,2025-03-28,811.42,811.42,0,0.0,1.0,811.42,811.42,9737.039999999999,Low Value,4699,4699
CUST02724,1,1,810.99,2025-07-22,2025-07-22,810.99,810.99,0,0.0,1.0,810.99,810.99,9731.880000000001,Low Value,4700,4700
CUST03906,1,2,804.78,2024-12-15,2024-12-15,804.78,402.39,0,0.0,1.0,804.78,804.78,9657.36,Low Value,4701,4701
CUST00825,1,1,803.25,2025-07-25,2025-07-25,803.25,803.25,0,0.0,1.0,803.25,803.25,9639.0,Low Value,4702,4702
CUST04296,1,2,802.92,2025-09-13,2025-09-13,802.92,401.46,0,0.0,1.0,802.92,802.92,9635.039999999999,Low Value,4703,4703
CUST02343,1,2,801.54,2025-04-18,2025-04-18,801.54,400.77,0,0.0,1.0,801.54,801.54,9618.48,Low Value,4704,4704
CUST00527,1,1,801.16,2026-09-16,2026-09-16,801.16,801.16,0,0.0,1.0,801.16,801.16,9613.92,Low Value,4705,4705
CUST04252,1,2,799.38,2025-09-02,2025-09-02,799.38,399.69,0,0.0,1.0,799.38,799.38,9592.56,Low Value,4706,4706
CUST04756,1,1,795.13,2026-05-27,2026-05-27,795.13,795.13,0,0.0,1.0,795.13,795.13,9541.56,Low Value,4707,4707
CUST04236,1,1,793.39,2025-08-07,2025-08-07,793.39,793.39,0,0.0,1.0,793.39,793.39,9520.68,Low Value,4708,4708
CUST02961,1,1,787.94,2026-07-30,2026-07-30,787.94,787.94,0,0.0,1.0,787.94,787.94,9455.28,Low Value,4709,4709
CUST00133,1,1,786.83,2026-05-19,2026-05-19,786.83,786.83,0,0.0,1.0,786.83,786.83,9441.960000000001,Low Value,4710,4710
CUST01695,1,2,784.6,2026-01-27,2026-01-27,784.6,392.3,0,0.0,1.0,784.6,784.6,9415.2,Low Value,4711,4711
CUST03245,1,1,776.16,2025-06-26,2025-06-26,776.16,776.16,0,0.0,1.0,776.16,776.16,9313.92,Low Value,4712,4712
CUST03038,1,1,771.3,2026-04-22,2026-04-22,771.3,771.3,0,0.0,1.0,771.3,771.3,9255.599999999999,Low Value,4713,4713
CUST01608,1,2,768.82,2026-05-30,2026-05-30,768.82,384.41,0,0.0,1.0,768.82,768.82,9225.84,Low Value,4714,4714
CUST03037,2,2,761.1300000000001,2025-06-01,2026-01-09,380.56500000000005,380.56500000000005,222,7.4,0.27027027027027023,761.1300000000001,102.85540540540542,1234.264864864865,Low Value,4715,4715
CUST02220,1,2,760.62,2025-03-09,2025-03-09,760.62,380.31,0,0.0,1.0,760.62,760.62,9127.44,Low Value,4716,4716
CUST00313,1,1,759.16,2025-11-15,2025-11-15,759.16,759.16,0,0.0,1.0,759.16,759.16,9109.92,Low Value,4717,4717
CUST04707,1,1,756.43,2025-04-25,2025-04-25,756.43,756.43,0,0.0,1.0,756.43,756.43,9077.16,Low Value,4718,4718
CUST04235,1,1,756.18,2025-12-21,2025-12-21,756.18,756.18,0,0.0,1.0,756.18,756.18,9074.16,Low Value,4719,4719
CUST04922,1,1,746.32,2026-03-23,2026-03-23,746.32,746.32,0,0.0,1.0,746.32,746.32,8955.84,Low Value,4720,4720
CUST00921,1,1,744.49,2025-07-18,2025-07-18,744.49,744.49,0,0.0,1.0,744.49,744.49,8933.880000000001,Low Value,4721,4721
CUST02703,1,1,739.47,2026-04-01,2026-04-01,739.47,739.47,0,0.0,1.0,739.47,739.47,8873.64,Low Value,4722,4722
CUST00762,1,1,733.49,2025-11-25,2025-11-25,733.49,733.49,0,0.0,1.0,733.49,733.49,8801.880000000001,Low Value,4723,4723
CUST00629,1,1,730.5,2025-12-04,2025-12-04,730.5,730.5,0,0.0,1.0,730.5,730.5,8766.0,Low Value,4724,4724
CUST00161,1,1,728.4,2025-12-02,2025-12-02,728.4,728.4,0,0.0,1.0,728.4,728.4,8740.8,Low Value,4725,4725
CUST03467,1,1,724.98,2025-04-26,2025-04-26,724.98,724.98,0,0.0,1.0,724.98,724.98,8699.76,Low Value,4726,4726
CUST04412,1,1,721.91,2025-08-19,2025-08-19,721.91,721.91,0,0.0,1.0,721.91,721.91,8662.92,Low Value,4727,4727
CUST03595,1,1,718.54,2025-01-28,2025-01-28,718.54,718.54,0,0.0,1.0,718.54,718.54,8622.48,Low Value,4728,4728
CUST01315,1,1,713.7,2026-08-02,2026-08-02,713.7,713.7,0,0.0,1.0,713.7,713.7,8564.400000000001,Low Value,4729,4729
CUST00291,1,2,705.58,2026-10-16,2026-10-16,705.58,352.79,0,0.0,1.0,705.58,705.58,8466.960000000001,Low Value,4730,4730
CUST04459,1,1,698.97,2025-03-29,2025-03-29,698.97,698.97,0,0.0,1.0,698.97,698.97,8387.64,Low Value,4731,4731
CUST00878,1,2,698.32,2026-06-04,2026-06-04,698.32,349.16,0,0.0,1.0,698.32,698.32,8379.84,Low Value,4732,4732
CUST02025,1,1,691.46,2025-06-08,2025-06-08,691.46,691.46,0,0.0,1.0,691.46,691.46,8297.52,Low Value,4733,4733
CUST02416,1,2,682.18,2025-01-11,2025-01-11,682.18,341.09,0,0.0,1.0,682.18,682.18,8186.16,Low Value,4734,4734
CUST01985,1,1,679.81,2025-11-30,2025-11-30,679.81,679.81,0,0.0,1.0,679.81,679.81,8157.719999999999,Low Value,4735,4735
CUST02838,1,1,674.55,2025-04-06,2025-04-06,674.55,674.55,0,0.0,1.0,674.55,674.55,8094.599999999999,Low Value,4736,4736
CUST03670,1,1,674.03,2025-06-21,2025-06-21,674.03,674.03,0,0.0,1.0,674.03,674.03,8088.36,Low Value,4737,4737
CUST01583,1,2,656.86,2024-12-31,2024-12-31,656.86,328.43,0,0.0,1.0,656.86,656.86,7882.32,Low Value,4738,4738
CUST02587,1,1,656.17,2026-11-25,2026-11-25,656.17,656.17,0,0.0,1.0,656.17,656.17,7874.039999999999,Low Value,4739,4739
CUST02174,1,1,648.99,2026-03-13,2026-03-13,648.99,648.99,0,0.0,1.0,648.99,648.99,7787.88,Low Value,4740,4740
CUST00858,1,1,640.17,2025-01-30,2025-01-30,640.17,640.17,0,0.0,1.0,640.17,640.17,7682.039999999999,Low Value,4741,4741
CUST02286,1,1,640.09,2025-08-29,2025-08-29,640.09,640.09,0,0.0,1.0,640.09,640.09,7681.08,Low Value,4742,4742
CUST02245,1,1,639.67,2025-10-10,2025-10-10,639.67,639.67,0,0.0,1.0,639.67,639.67,7676.039999999999,Low Value,4743,4743
CUST03326,1,1,637.91,2025-09-25,2025-09-25,637.91,637.91,0,0.0,1.0,637.91,637.91,7654.92,Low Value,4744,4744
CUST01314,1,1,636.56,2026-04-26,2026-04-26,636.56,636.56,0,0.0,1.0,636.56,636.56,7638.719999999999,Low Value,4745,4745
CUST04372,1,1,631.56,2025-03-21,2025-03-21,631.56,631.56,0,0.0,1.0,631.56,631.56,7578.719999999999,Low Value,4746,4746
CUST02500,1,1,630.72,2025-05-01,2025-05-01,630.72,630.72,0,0.0,1.0,630.72,630.72,7568.64,Low Value,4747,4747
CUST04350,1,1,630.27,2026-06-02,2026-06-02,630.27,630.27,0,0.0,1.0,630.27,630.27,7563.24,Low Value,4748,4748
CUST04400,1,1,622.99,2025-05-17,2025-05-17,622.99,622.99,0,0.0,1.0,622.99,622.99,7475.88,Low Value,4749,4749
CUST01766,1,1,614.44,2025-01-27,2025-01-27,614.44,614.44,0,0.0,1.0,614.44,614.44,7373.280000000001,Low Value,4750,4750
CUST03801,1,1,612.05,2026-03-17,2026-03-17,612.05,612.05,0,0.0,1.0,612.05,612.05,7344.599999999999,Low Value,4751,4751
CUST04351,1,1,603.31,2026-05-04,2026-05-04,603.31,603.31,0,0.0,1.0,603.31,603.31,7239.719999999999,Low Value,4752,4752
CUST03226,1,1,601.22,2025-09-26,2025-09-26,601.22,601.22,0,0.0,1.0,601.22,601.22,7214.64,Low Value,4753,4753
CUST00768,1,1,595.36,2025-09-10,2025-09-10,595.36,595.36,0,0.0,1.0,595.36,595.36,7144.32,Low Value,4754,4754
CUST02891,1,1,594.98,2025-05-12,2025-05-12,594.98,594.98,0,0.0,1.0,594.98,594.98,7139.76,Low Value,4755,4755
CUST01665,1,1,576.55,2025-05-09,2025-05-09,576.55,576.55,0,0.0,1.0,576.55,576.55,6918.599999999999,Low Value,4756,4756
CUST00377,1,1,568.2,2026-03-09,2026-03-09,568.2,568.2,0,0.0,1.0,568.2,568.2,6818.400000000001,Low Value,4757,4757
CUST01273,1,1,558.43,2026-10-08,2026-10-08,558.43,558.43,0,0.0,1.0,558.43,558.43,6701.16,Low Value,4758,4758
CUST01329,1,1,541.03,2025-06-02,2025-06-02,541.03,541.03,0,0.0,1.0,541.03,541.03,6492.36,Low Value,4759,4759
CUST04197,1,1,530.85,2025-03-17,2025-03-17,530.85,530.85,0,0.0,1.0,530.85,530.85,6370.200000000001,Low Value,4760,4760
CUST03206,1,1,511.09,2026-02-27,2026-02-27,511.09,511.09,0,0.0,1.0,511.09,511.09,6133.08,Low Value,4761,4761
CUST02371,1,1,476.04,2025-03-04,2025-03-04,476.04,476.04,0,0.0,1.0,476.04,476.04,5712.4800000000005,Low Value,4762,4762
CUST04406,1,1,468.72,2025-03-04,2025-03-04,468.72,468.72,0,0.0,1.0,468.72,468.72,5624.64,Low Value,4763,4763
CUST03270,1,1,468.02,2026-01-04,2026-01-04,468.02,468.02,0,0.0,1.0,468.02,468.02,5616.24,Low Value,4764,4764
CUST02926,1,1,465.6,2025-11-16,2025-11-16,465.6,465.6,0,0.0,1.0,465.6,465.6,5587.200000000001,Low Value,4765,4765
CUST04241,1,1,464.51,2026-02-25,2026-02-25,464.51,464.51,0,0.0,1.0,464.51,464.51,5574.12,Low Value,4766,4766
CUST03023,1,1,463.08,2025-08-11,2025-08-11,463.08,463.08,0,0.0,1.0,463.08,463.08,5556.96,Low Value,4767,4767
CUST03740,1,1,462.74,2026-04-25,2026-04-25,462.74,462.74,0,0.0,1.0,462.74,462.74,5552.88,Low Value,4768,4768
CUST00826,1,1,457.53,2026-09-02,2026-09-02,457.53,457.53,0,0.0,1.0,457.53,457.53,5490.36,Low Value,4769,4769
CUST00138,1,1,447.25,2025-09-27,2025-09-27,447.25,447.25,0,0.0,1.0,447.25,447.25,5367.0,Low Value,4770,4770
CUST01939,1,1,445.42,2026-10-13,2026-10-13,445.42,445.42,0,0.0,1.0,445.42,445.42,5345.04,Low Value,4771,4771
CUST04440,1,1,444.46,2025-12-30,2025-12-30,444.46,444.46,0,0.0,1.0,444.46,444.46,5333.5199999999995,Low Value,4772,4772
CUST01863,1,1,442.58,2025-04-20,2025-04-20,442.58,442.58,0,0.0,1.0,442.58,442.58,5310.96,Low Value,4773,4773
CUST00602,1,1,442.44,2026-07-12,2026-07-12,442.44,442.44,0,0.0,1.0,442.44,442.44,5309.28,Low Value,4774,4774
CUST00182,1,1,442.01,2025-09-10,2025-09-10,442.01,442.01,0,0.0,1.0,442.01,442.01,5304.12,Low Value,4775,4775
CUST04821,1,1,438.7,2026-09-22,2026-09-22,438.7,438.7,0,0.0,1.0,438.7,438.7,5264.4,Low Value,4776,4776
CUST04636,1,1,435.05,2025-07-18,2025-07-18,435.05,435.05,0,0.0,1.0,435.05,435.05,5220.6,Low Value,4777,4777
CUST03989,1,1,431.71,2026-04-02,2026-04-02,431.71,431.71,0,0.0,1.0,431.71,431.71,5180.5199999999995,Low Value,4778,4778
CUST00910,1,1,431.08,2025-06-25,2025-06-25,431.08,431.08,0,0.0,1.0,431.08,431.08,5172.96,Low Value,4779,4779
CUST00486,1,1,431.07,2026-08-01,2026-08-01,431.07,431.07,0,0.0,1.0,431.07,431.07,5172.84,Low Value,4780,4780
CUST03469,1,1,430.86,2026-04-10,2026-04-10,430.86,430.86,0,0.0,1.0,430.86,430.86,5170.32,Low Value,4781,4781
CUST04006,1,1,428.93,2026-10-08,2026-10-08,428.93,428.93,0,0.0,1.0,428.93,428.93,5147.16,Low Value,4782,4782
CUST02442,1,1,428.87,2025-02-06,2025-02-06,428.87,428.87,0,0.0,1.0,428.87,428.87,5146.4400000000005,Low Value,4783,4783
CUST03713,1,1,424.71,2026-03-05,2026-03-05,424.71,424.71,0,0.0,1.0,424.71,424.71,5096.5199999999995,Low Value,4784,4784
CUST01479,1,1,424.2,2025-10-06,2025-10-06,424.2,424.2,0,0.0,1.0,424.2,424.2,5090.4,Low Value,4785,4785
CUST02618,1,1,420.6,2025-10-11,2025-10-11,420.6,420.6,0,0.0,1.0,420.6,420.6,5047.200000000001,Low Value,4786,4786
CUST02051,1,1,419.3,2025-01-11,2025-01-11,419.3,419.3,0,0.0,1.0,419.3,419.3,5031.6,Low Value,4787,4787
CUST01623,1,1,411.7,2026-05-02,2026-05-02,411.7,411.7,0,0.0,1.0,411.7,411.7,4940.4,Low Value,4788,4788
CUST03786,1,1,411.61,2026-10-13,2026-10-13,411.61,411.61,0,0.0,1.0,411.61,411.61,4939.32,Low Value,4789,4789
CUST02480,1,1,410.9,2024-12-09,2024-12-09,410.9,410.9,0,0.0,1.0,410.9,410.9,4930.799999999999,Low Value,4790,4790
CUST02751,1,1,409.99,2026-11-11,2026-11-11,409.99,409.99,0,0.0,1.0,409.99,409.99,4919.88,Low Value,4791,4791
CUST00703,1,1,408.05,2026-02-25,2026-02-25,408.05,408.05,0,0.0,1.0,408.05,408.05,4896.6,Low Value,4792,4792
CUST04426,1,1,404.78,2025-02-22,2025-02-22,404.78,404.78,0,0.0,1.0,404.78,404.78,4857.36,Low Value,4793,4793
CUST01558,1,1,402.96,2026-08-29,2026-08-29,402.96,402.96,0,0.0,1.0,402.96,402.96,4835.5199999999995,Low Value,4794,4794
CUST04738,1,1,402.13,2026-10-10,2026-10-10,402.13,402.13,0,0.0,1.0,402.13,402.13,4825.5599999999995,Low Value,4795,4795
CUST02474,1,1,397.08,2026-07-05,2026-07-05,397.08,397.08,0,0.0,1.0,397.08,397.08,4764.96,Low Value,4796,4796
CUST01546,1,1,383.2,2025-04-11,2025-04-11,383.2,383.2,0,0.0,1.0,383.2,383.2,4598.4,Low Value,4797,4797
CUST04487,1,1,375.0,2026-10-26,2026-10-26,375.0,375.0,0,0.0,1.0,375.0,375.0,4500.0,Low Value,4798,4798
CUST03644,1,1,366.03,2025-08-19,2025-08-19,366.03,366.03,0,0.0,1.0,366.03,366.03,4392.36,Low Value,4799,4799
CUST04693,1,1,356.91,2026-07-09,2026-07-09,356.91,356.91,0,0.0,1.0,356.91,356.91,4282.92,Low Value,4800,4800
CUST02653,1,1,355.73,2026-05-30,2026-05-30,355.73,355.73,0,0.0,1.0,355.73,355.73,4268.76,Low Value,4801,4801
CUST04903,1,1,352.58,2025-04-20,2025-04-20,352.58,352.58,0,0.0,1.0,352.58,352.58,4230.96,Low Value,4802,4802
CUST03367,1,1,333.03,2025-10-27,2025-10-27,333.03,333.03,0,0.0,1.0,333.03,333.03,3996.3599999999997,Low Value,4803,4803
