customer_id,total_bookings,total_tickets,total_spend,average_booking_value,first_booking_date,last_booking_date,customer_name,gender,age,city,registration_date,customer_lifetime_days,is_repeat_customer
CUST00001,6,14,15583.970000000001,2597.3283333333334,2025-06-26,2026-09-17,Customer 1,Male,19,Pondicherry,2025-10-16,448,True
CUST00002,5,11,10140.220000000001,2028.0440000000003,2024-12-05,2026-11-15,Customer 2,Male,32,Madurai,2024-10-08,710,True
CUST00003,2,6,5254.98,2627.49,2025-11-07,2026-11-30,Customer 3,Male,61,Pondicherry,2026-01-24,388,True
CUST00004,3,12,12376.79,4125.596666666667,2024-11-22,2026-04-10,Customer 4,Male,55,Tirunelveli,2025-07-12,504,True
CUST00005,5,10,10050.51,2010.102,2024-12-23,2026-10-12,Customer 5,Male,23,Trichy,2024-02-02,658,True
CUST00006,7,13,10184.5,1454.9285714285713,2025-01-20,2026-09-09,Customer 6,Other,56,Chennai,2024-08-26,597,True
CUST00007,6,10,10456.35,1742.7250000000001,2025-01-21,2026-04-02,Customer 7,Male,63,Hyderabad,2025-07-28,436,True
CUST00008,8,12,12045.1,1505.6375,2025-02-05,2026-11-05,Customer 8,Other,44,Trichy,2025-12-19,638,True
CUST00009,4,5,5428.86,1357.215,2025-05-16,2026-07-04,Customer 9,Other,35,Chennai,2025-04-04,414,True
CUST00010,4,9,8266.800000000001,2066.7000000000003,2025-03-05,2026-12-29,Customer 10,Male,62,Tirunelveli,2026-02-16,664,True
CUST00011,6,12,10239.11,1706.5183333333334,2025-02-20,2026-03-18,Customer 11,Female,27,Trichy,2024-12-14,391,True
CUST00012,4,8,5513.860000000001,1378.4650000000001,2025-12-25,2026-09-21,Customer 12,Female,24,Coimbatore,2026-02-20,270,True
CUST00013,3,3,1529.38,509.79333333333335,2025-01-17,2026-04-27,Customer 13,Male,40,Thanjavur,2025-01-24,465,True
CUST00014,5,9,8017.47,1603.4940000000001,2025-02-28,2026-03-06,Customer 14,Female,20,Pondicherry,2025-09-10,371,True
CUST00015,1,1,823.55,823.55,2025-11-18,2025-11-18,Customer 15,Other,25,Tirunelveli,2025-04-15,0,False
CUST00016,4,7,8929.32,2232.33,2025-07-29,2026-08-07,Customer 16,Other,36,Hyderabad,2024-03-21,374,True
CUST00017,3,9,7377.75,2459.25,2025-02-01,2026-04-20,Customer 17,Female,54,Trichy,2025-09-25,443,True
CUST00018,2,9,6536.77,3268.385,2025-10-17,2026-02-18,Customer 18,Male,20,Hyderabad,2025-12-22,124,True
CUST00019,2,4,3733.2799999999997,1866.6399999999999,2025-05-27,2025-06-06,Customer 19,Female,23,Trichy,2024-08-21,10,True
CUST00020,6,12,10341.6,1723.6000000000001,2025-01-11,2026-10-04,Customer 20,Male,42,Salem,2026-06-06,631,True
CUST00021,1,1,1467.07,1467.07,2026-01-04,2026-01-04,Customer 21,Other,41,Madurai,2025-04-09,0,False
CUST00023,6,11,12923.63,2153.938333333333,2025-07-21,2026-08-30,Customer 23,Other,61,Hyderabad,2024-09-30,405,True
CUST00024,6,13,17058.760000000002,2843.126666666667,2025-02-27,2026-10-17,Customer 24,Other,58,Madurai,2024-03-14,597,True
CUST00025,2,6,8528.16,4264.08,2025-01-13,2026-09-08,Customer 25,Other,33,Madurai,2025-06-30,603,True
CUST00026,3,8,6645.96,2215.32,2025-01-18,2026-11-17,Customer 26,Female,35,Hyderabad,2025-04-18,668,True
CUST00027,4,5,4665.2699999999995,1166.3174999999999,2025-03-21,2026-11-16,Customer 27,Other,32,Hyderabad,2025-12-05,605,True
CUST00028,4,6,8186.32,2046.58,2025-03-14,2026-09-13,Customer 28,Male,32,Chennai,2024-11-28,548,True
CUST00029,6,14,11171.640000000001,1861.9400000000003,2024-12-16,2026-09-15,Customer 29,Female,43,Salem,2026-04-04,638,True
CUST00030,6,16,14910.109999999999,2485.018333333333,2024-12-10,2026-12-01,Customer 30,Male,54,Pondicherry,2024-03-08,721,True
CUST00031,4,8,10530.93,2632.7325,2025-09-19,2026-10-15,Customer 31,Male,59,Erode,2024-11-18,391,True
CUST00032,4,9,7610.32,1902.58,2024-12-30,2026-09-23,Customer 32,Other,47,Madurai,2025-02-09,632,True
CUST00033,4,6,6716.89,1679.2225,2025-07-08,2026-08-30,Customer 33,Male,33,Pondicherry,2024-09-28,418,True
CUST00034,1,5,5739.6,5739.6,2025-04-03,2025-04-03,Customer 34,Other,34,Pondicherry,2025-07-28,0,False
CUST00035,7,12,8420.65,1202.95,2025-01-20,2026-02-20,Customer 35,Female,55,Tirunelveli,2025-08-21,396,True
CUST00036,7,18,22068.13,3152.59,2024-12-08,2026-08-12,Customer 36,Male,26,Vellore,2025-01-05,612,True
CUST00037,4,6,6235.21,1558.8025,2025-04-16,2026-01-01,Customer 37,Male,21,Coimbatore,2025-05-20,260,True
CUST00038,3,9,6965.67,2321.89,2025-06-29,2025-12-03,Customer 38,Other,28,Hyderabad,2024-06-05,157,True
CUST00039,4,7,11409.130000000001,2852.2825000000003,2025-08-14,2026-08-23,Customer 39,Other,22,Tirunelveli,2025-03-08,374,True
CUST00040,2,4,2573.46,1286.73,2026-02-15,2026-10-05,Customer 40,Other,47,Vellore,2025-01-25,232,True
CUST00041,3,4,4517.04,1505.68,2025-02-10,2026-06-29,Customer 41,Other,18,Hyderabad,2024-09-14,504,True
CUST00044,2,2,2336.8,1168.4,2026-04-26,2026-08-06,Customer 44,Female,45,Madurai,2024-04-24,102,True
CUST00045,5,10,10101.18,2020.236,2024-11-19,2026-07-26,Customer 45,Male,64,Pondicherry,2025-04-09,614,True
CUST00046,4,10,8662.630000000001,2165.6575000000003,2025-08-29,2026-06-05,Customer 46,Other,29,Vellore,2024-09-26,280,True
CUST00047,4,15,16478.78,4119.695,2025-05-13,2026-06-27,Customer 47,Other,37,Hyderabad,2024-04-18,410,True
CUST00048,3,3,3007.63,1002.5433333333334,2024-12-19,2026-08-20,Customer 48,Other,30,Madurai,2025-06-03,609,True
CUST00049,3,4,2693.41,897.8033333333333,2025-04-04,2026-03-30,Customer 49,Male,52,Vellore,2025-01-17,360,True
CUST00050,5,11,10430.34,2086.068,2025-02-14,2026-08-22,Customer 50,Other,38,Erode,2024-01-01,554,True
CUST00051,1,3,4161.24,4161.24,2025-03-26,2025-03-26,Customer 51,Male,41,Salem,2024-01-20,0,False
CUST00052,1,1,1583.35,1583.35,2025-10-16,2025-10-16,Customer 52,Male,33,Bengaluru,2024-09-02,0,False
CUST00053,8,21,21162.95,2645.36875,2025-02-20,2026-03-22,Customer 53,Male,64,Erode,2024-03-21,395,True
CUST00054,4,9,10551.08,2637.77,2025-02-20,2025-09-26,Customer 54,Male,52,Madurai,2026-04-15,218,True
CUST00055,4,11,14653.279999999999,3663.3199999999997,2025-05-03,2026-10-08,Customer 55,Other,48,Vellore,2024-05-11,523,True
CUST00056,4,7,6678.88,1669.72,2025-02-08,2026-08-16,Customer 56,Female,51,Bengaluru,2024-06-18,554,True
CUST00057,4,9,8593.7,2148.425,2025-05-29,2026-10-05,Customer 57,Male,52,Pondicherry,2025-03-09,494,True
CUST00058,7,15,13631.300000000001,1947.3285714285716,2025-03-08,2026-08-19,Customer 58,Male,63,Salem,2025-12-07,529,True
CUST00059,5,7,5873.429999999999,1174.686,2024-11-30,2026-01-29,Customer 59,Other,59,Thanjavur,2025-02-12,425,True
CUST00060,1,3,2084.7,2084.7,2026-10-24,2026-10-24,Customer 60,Other,46,Coimbatore,2025-03-24,0,False
CUST00061,8,18,18344.38,2293.0475,2025-02-16,2026-08-03,Customer 61,Male,22,Thanjavur,2024-09-10,533,True
CUST00062,3,5,5139.360000000001,1713.1200000000001,2024-12-13,2026-05-03,Customer 62,Other,53,Trichy,2024-01-22,506,True
CUST00063,3,8,5782.13,1927.3766666666668,2025-02-02,2026-07-12,Customer 63,Male,18,Coimbatore,2025-08-25,525,True
CUST00064,1,1,1497.89,1497.89,2026-08-05,2026-08-05,Customer 64,Other,21,Trichy,2025-12-25,0,False
CUST00065,4,9,8234.52,2058.63,2025-01-03,2026-12-27,Customer 65,Male,39,Coimbatore,2024-03-10,723,True
CUST00066,5,9,9635.8,1927.1599999999999,2024-12-31,2026-06-11,Customer 66,Male,35,Hyderabad,2025-06-10,527,True
CUST00067,6,17,14695.69,2449.2816666666668,2024-11-18,2026-08-18,Customer 67,Male,52,Madurai,2025-05-12,638,True
CUST00068,6,16,11346.61,1891.1016666666667,2024-12-03,2026-05-15,Customer 68,Other,54,Erode,2026-01-10,528,True
CUST00069,2,4,5766.77,2883.385,2026-04-19,2026-10-09,Customer 69,Female,44,Trichy,2024-09-05,173,True
CUST00070,2,4,4566.969999999999,2283.4849999999997,2024-11-18,2026-07-18,Customer 70,Male,60,Tirunelveli,2024-04-06,607,True
CUST00071,4,7,6903.3099999999995,1725.8274999999999,2025-08-04,2026-05-13,Customer 71,Female,44,Erode,2024-12-28,282,True
CUST00072,4,11,13720.36,3430.09,2025-12-04,2026-03-31,Customer 72,Other,21,Hyderabad,2026-06-03,117,True
CUST00073,5,11,10280.960000000001,2056.192,2025-05-09,2026-09-06,Customer 73,Other,24,Chennai,2025-10-31,485,True
CUST00074,2,3,3189.2599999999998,1594.6299999999999,2025-04-20,2026-10-12,Customer 74,Other,39,Coimbatore,2025-02-16,540,True
CUST00075,4,10,12219.66,3054.915,2025-03-14,2026-07-06,Customer 75,Male,30,Vellore,2024-09-11,479,True
CUST00076,6,11,11850.42,1975.07,2025-01-31,2026-09-08,Customer 76,Male,45,Madurai,2025-04-04,585,True
CUST00077,3,12,8156.19,2718.73,2024-11-22,2025-03-31,Customer 77,Female,33,Coimbatore,2024-10-12,129,True
CUST00078,5,7,7359.15,1471.83,2025-01-25,2026-09-14,Customer 78,Other,24,Chennai,2025-03-29,597,True
CUST00079,4,8,6836.45,1709.1125,2025-08-06,2026-04-01,Customer 79,Other,18,Coimbatore,2025-10-29,238,True
CUST00080,3,8,9787.62,3262.5400000000004,2025-08-15,2026-02-26,Customer 80,Male,28,Tirunelveli,2026-02-10,195,True
CUST00081,3,5,5676.74,1892.2466666666667,2024-11-20,2026-11-02,Customer 81,Female,31,Tirunelveli,2025-05-12,712,True
CUST00082,4,11,14259.65,3564.9125,2025-02-27,2025-06-25,Customer 82,Male,42,Chennai,2024-03-01,118,True
CUST00083,6,20,22818.32,3803.0533333333333,2025-12-13,2026-09-14,Customer 83,Female,47,Salem,2025-02-03,275,True
CUST00084,3,7,7149.87,2383.29,2025-01-01,2025-06-18,Customer 84,Other,64,Vellore,2025-03-09,168,True
CUST00085,5,13,13307.17,2661.434,2025-04-08,2026-10-09,Customer 85,Other,49,Madurai,2025-11-08,549,True
CUST00086,3,5,4367.77,1455.9233333333334,2025-06-18,2026-02-07,Customer 86,Female,31,Chennai,2024-07-13,234,True
CUST00087,4,9,10446.81,2611.7025,2024-11-20,2026-09-29,Customer 87,Other,52,Chennai,2025-08-16,678,True
CUST00088,6,15,20207.2,3367.866666666667,2025-04-30,2026-09-10,Customer 88,Female,21,Chennai,2026-02-04,498,True
CUST00089,4,9,10423.18,2605.795,2025-01-31,2026-10-09,Customer 89,Female,50,Vellore,2025-08-21,616,True
CUST00090,3,6,7157.75,2385.9166666666665,2025-06-26,2025-12-27,Customer 90,Male,50,Coimbatore,2024-06-10,184,True
CUST00091,6,8,8273.6,1378.9333333333334,2025-02-20,2026-09-22,Customer 91,Male,22,Bengaluru,2026-05-21,579,True
CUST00092,2,2,1197.98,598.99,2025-10-13,2026-02-26,Customer 92,Other,33,Tirunelveli,2024-03-10,136,True
CUST00093,4,8,5833.45,1458.3625,2025-02-10,2026-07-30,Customer 93,Other,33,Bengaluru,2024-05-02,535,True
CUST00095,3,7,12752.490000000002,4250.830000000001,2025-02-19,2025-12-26,Customer 95,Other,55,Bengaluru,2025-03-05,310,True
CUST00096,4,6,10028.4,2507.1,2025-03-03,2026-08-09,Customer 96,Female,34,Trichy,2025-06-19,524,True
CUST00097,4,10,7841.53,1960.3825,2025-01-28,2025-09-18,Customer 97,Other,38,Trichy,2025-11-16,233,True
CUST00098,3,8,6478.58,2159.5266666666666,2024-12-10,2026-03-10,Customer 98,Female,26,Hyderabad,2024-09-28,455,True
CUST00099,1,1,1264.54,1264.54,2026-01-13,2026-01-13,Customer 99,Female,47,Thanjavur,2025-10-22,0,False
CUST00100,3,9,8287.82,2762.6066666666666,2025-01-07,2025-12-12,Customer 100,Male,18,Erode,2026-02-08,339,True
CUST00101,3,7,6390.03,2130.0099999999998,2025-02-13,2025-12-02,Customer 101,Other,24,Coimbatore,2025-09-28,292,True
CUST00102,4,7,9288.47,2322.1175,2025-05-18,2026-08-29,Customer 102,Male,50,Salem,2025-07-04,468,True
CUST00103,4,7,6596.35,1649.0875,2025-05-15,2026-04-22,Customer 103,Female,22,Trichy,2024-05-15,342,True
CUST00104,3,5,8546.09,2848.6966666666667,2025-08-07,2026-11-04,Customer 104,Female,28,Erode,2025-01-13,454,True
CUST00105,5,5,6125.639999999999,1225.128,2024-12-28,2026-10-19,Customer 105,Other,63,Salem,2026-05-03,660,True
CUST00106,6,10,14138.28,2356.38,2025-01-25,2026-09-15,Customer 106,Other,51,Chennai,2025-09-18,598,True
CUST00107,4,9,11849.16,2962.29,2025-01-11,2026-12-20,Customer 107,Other,37,Hyderabad,2025-11-14,708,True
CUST00108,4,8,6969.58,1742.395,2024-12-23,2026-09-11,Customer 108,Male,34,Coimbatore,2024-04-16,627,True
CUST00110,3,8,8219.07,2739.69,2025-03-18,2026-07-12,Customer 110,Female,56,Trichy,2024-10-05,481,True
CUST00111,5,8,7258.280000000001,1451.6560000000002,2024-12-08,2025-10-11,Customer 111,Female,31,Hyderabad,2026-01-04,307,True
CUST00112,4,10,11693.48,2923.37,2025-01-23,2026-11-03,Customer 112,Female,50,Erode,2025-10-11,649,True
CUST00113,4,8,7247.74,1811.935,2025-01-24,2025-12-20,Customer 113,Male,23,Hyderabad,2024-09-14,330,True
CUST00114,4,10,8589.92,2147.48,2025-01-24,2025-12-19,Customer 114,Female,20,Chennai,2025-03-09,329,True
CUST00115,1,1,866.53,866.53,2024-11-14,2024-11-14,Customer 115,Male,58,Salem,2024-12-07,0,False
CUST00116,4,11,7268.03,1817.0075,2025-04-23,2026-05-29,Customer 116,Other,46,Vellore,2024-06-14,401,True
CUST00117,5,12,7312.27,1462.4540000000002,2024-11-21,2026-01-31,Customer 117,Female,53,Chennai,2025-12-23,436,True
CUST00118,5,10,11568.91,2313.782,2025-01-08,2026-09-14,Customer 118,Male,62,Madurai,2024-04-24,614,True
CUST00119,7,18,23899.11,3414.1585714285716,2025-04-18,2026-10-18,Customer 119,Male,41,Bengaluru,2025-07-12,548,True
CUST00120,4,12,12302.470000000001,3075.6175000000003,2025-05-27,2026-09-01,Customer 120,Male,45,Madurai,2025-07-19,462,True
CUST00121,2,8,7197.719999999999,3598.8599999999997,2025-02-26,2025-07-05,Customer 121,Female,41,Chennai,2024-02-12,129,True
CUST00122,3,5,7851.59,2617.1966666666667,2025-03-04,2026-09-22,Customer 122,Male,61,Trichy,2025-01-01,567,True
CUST00123,6,15,17947.83,2991.3050000000003,2025-08-07,2026-10-10,Customer 123,Male,40,Vellore,2025-11-13,429,True
CUST00124,4,9,8467.88,2116.97,2025-11-02,2026-11-24,Customer 124,Female,57,Pondicherry,2026-06-14,387,True
CUST00125,5,9,10478.76,2095.752,2025-02-10,2026-11-21,Customer 125,Male,28,Madurai,2024-06-07,649,True
CUST00126,5,8,11933.560000000001,2386.7120000000004,2025-04-18,2026-10-05,Customer 126,Male,29,Pondicherry,2025-02-26,535,True
CUST00127,6,15,11993.48,1998.9133333333332,2025-01-27,2026-09-23,Customer 127,Female,60,Pondicherry,2024-12-06,604,True
CUST00128,3,4,4758.62,1586.2066666666667,2024-12-20,2026-11-08,Customer 128,Male,35,Madurai,2026-04-10,688,True
CUST00129,6,16,17455.9,2909.316666666667,2025-05-07,2026-11-02,Customer 129,Other,24,Tirunelveli,2026-03-17,544,True
CUST00130,4,10,9633.77,2408.4425,2025-02-02,2026-05-31,Customer 130,Male,48,Trichy,2026-06-12,483,True
CUST00131,2,6,5132.17,2566.085,2024-11-17,2026-02-08,Customer 131,Female,40,Salem,2024-07-23,448,True
CUST00132,2,2,1864.29,932.145,2025-01-09,2026-09-18,Customer 132,Male,32,Chennai,2026-04-20,617,True
CUST00133,1,1,786.83,786.83,2026-05-19,2026-05-19,Customer 133,Male,43,Thanjavur,2025-11-06,0,False
CUST00134,5,14,14819.45,2963.8900000000003,2025-01-03,2025-12-17,Customer 134,Male,35,Thanjavur,2024-10-12,348,True
CUST00135,5,8,7957.48,1591.4959999999999,2025-10-20,2026-08-01,Customer 135,Other,43,Hyderabad,2025-10-18,285,True
CUST00136,3,7,3656.08,1218.6933333333334,2025-05-11,2025-09-24,Customer 136,Other,39,Chennai,2026-05-13,136,True
CUST00137,3,4,2083.23,694.41,2025-04-22,2026-07-12,Customer 137,Female,29,Bengaluru,2024-04-28,446,True
CUST00138,1,1,447.25,447.25,2025-09-27,2025-09-27,Customer 138,Male,24,Bengaluru,2024-09-28,0,False
CUST00139,7,20,11283.41,1611.9157142857143,2025-01-26,2026-03-17,Customer 139,Female,64,Thanjavur,2025-03-20,415,True
CUST00140,7,14,17044.04,2434.862857142857,2024-12-11,2025-10-27,Customer 140,Other,50,Coimbatore,2025-03-22,320,True
CUST00141,3,4,4288.12,1429.3733333333332,2025-04-26,2025-10-06,Customer 141,Other,30,Salem,2025-01-29,163,True
CUST00142,4,9,8973.15,2243.2875,2025-07-10,2026-02-26,Customer 142,Other,45,Chennai,2024-02-15,231,True
CUST00143,2,5,3491.1099999999997,1745.5549999999998,2025-05-28,2026-01-13,Customer 143,Other,61,Pondicherry,2025-06-16,230,True
CUST00144,7,18,13044.54,1863.5057142857145,2025-05-12,2026-09-10,Customer 144,Other,60,Trichy,2026-01-29,486,True
CUST00145,2,2,2131.32,1065.66,2025-08-15,2026-04-04,Customer 145,Female,22,Hyderabad,2025-01-07,232,True
CUST00146,5,9,10562.58,2112.516,2025-04-30,2026-12-26,Customer 146,Other,38,Hyderabad,2024-12-04,605,True
CUST00147,5,11,11650.11,2330.022,2025-01-13,2026-04-11,Customer 147,Male,64,Salem,2026-05-18,453,True
CUST00148,3,4,3849.2100000000005,1283.0700000000002,2025-06-22,2026-06-06,Customer 148,Female,60,Tirunelveli,2025-06-03,349,True
CUST00149,4,9,7077.4,1769.35,2025-01-04,2025-11-24,Customer 149,Female,62,Salem,2024-11-30,324,True
CUST00150,7,10,6965.63,995.09,2025-06-08,2026-09-05,Customer 150,Male,30,Tirunelveli,2025-07-21,454,True
CUST00151,1,1,1033.95,1033.95,2026-07-08,2026-07-08,Customer 151,Female,61,Pondicherry,2025-11-11,0,False
CUST00152,4,6,7005.41,1751.3525,2025-06-19,2026-11-21,Customer 152,Other,54,Salem,2024-06-27,520,True
CUST00153,8,18,20255.0,2531.875,2024-12-18,2026-10-22,Customer 153,Other,18,Salem,2025-02-19,673,True
CUST00154,7,15,19318.85,2759.835714285714,2025-03-04,2026-11-02,Customer 154,Male,45,Bengaluru,2024-10-20,608,True
CUST00155,1,2,2564.64,2564.64,2025-08-01,2025-08-01,Customer 155,Other,38,Erode,2025-09-13,0,False
CUST00156,2,7,4504.92,2252.46,2025-05-29,2026-10-24,Customer 156,Female,61,Trichy,2025-03-28,513,True
CUST00157,3,7,7431.57,2477.19,2025-03-31,2026-04-25,Customer 157,Female,65,Madurai,2025-06-07,390,True
CUST00158,2,6,6287.620000000001,3143.8100000000004,2025-06-22,2026-12-01,Customer 158,Male,36,Vellore,2025-11-05,527,True
CUST00159,1,3,2277.42,2277.42,2025-12-28,2025-12-28,Customer 159,Other,57,Thanjavur,2025-11-10,0,False
CUST00160,3,6,7912.39,2637.4633333333336,2025-04-12,2026-07-27,Customer 160,Male,61,Salem,2024-04-05,471,True
CUST00161,1,1,728.4,728.4,2025-12-02,2025-12-02,Customer 161,Male,27,Chennai,2024-08-18,0,False
CUST00162,5,9,9963.029999999999,1992.6059999999998,2025-07-08,2026-05-04,Customer 162,Male,48,Bengaluru,2024-02-17,300,True
CUST00163,5,10,9961.86,1992.372,2025-05-02,2026-07-26,Customer 163,Male,47,Tirunelveli,2026-05-20,450,True
CUST00164,1,4,5888.2,5888.2,2026-08-04,2026-08-04,Customer 164,Other,30,Pondicherry,2025-10-06,0,False
CUST00165,4,9,6856.2,1714.05,2025-04-09,2026-07-02,Customer 165,Female,49,Tirunelveli,2025-12-14,449,True
CUST00166,3,5,3414.75,1138.25,2025-04-05,2025-12-09,Customer 166,Male,59,Pondicherry,2024-09-06,248,True
CUST00167,3,8,10961.85,3653.9500000000003,2025-04-18,2025-09-12,Customer 167,Male,45,Trichy,2024-01-06,147,True
CUST00168,5,14,13939.29,2787.858,2025-12-28,2026-12-19,Customer 168,Other,51,Erode,2024-06-29,356,True
CUST00169,6,12,8434.89,1405.8149999999998,2025-03-22,2026-10-04,Customer 169,Other,33,Coimbatore,2024-02-21,561,True
CUST00170,4,6,6599.67,1649.9175,2025-05-26,2026-09-02,Customer 170,Male,47,Hyderabad,2025-04-12,464,True
CUST00171,6,10,12721.65,2120.275,2025-04-30,2026-04-02,Customer 171,Other,56,Thanjavur,2025-06-27,337,True
CUST00172,3,7,10831.39,3610.463333333333,2025-04-18,2025-05-08,Customer 172,Female,57,Pondicherry,2026-02-12,20,True
CUST00173,4,12,9173.18,2293.295,2025-02-24,2026-05-25,Customer 173,Female,53,Erode,2025-05-31,455,True
CUST00174,5,8,8699.51,1739.902,2025-05-02,2026-10-01,Customer 174,Other,48,Erode,2024-06-11,517,True
CUST00175,5,10,11017.96,2203.5919999999996,2024-12-13,2026-08-05,Customer 175,Male,58,Salem,2024-09-22,600,True
CUST00176,1,3,2583.51,2583.51,2025-09-27,2025-09-27,Customer 176,Other,49,Hyderabad,2026-02-23,0,False
CUST00177,1,1,1284.61,1284.61,2026-08-04,2026-08-04,Customer 177,Female,46,Coimbatore,2024-09-01,0,False
CUST00178,2,2,2469.45,1234.725,2025-08-28,2026-07-14,Customer 178,Female,33,Salem,2025-12-31,320,True
CUST00179,3,9,5839.93,1946.6433333333334,2025-11-25,2026-07-09,Customer 179,Female,52,Coimbatore,2024-12-09,226,True
CUST00180,6,17,18924.510000000002,3154.0850000000005,2024-11-24,2026-01-13,Customer 180,Male,32,Tirunelveli,2024-05-21,415,True
CUST00181,6,14,16510.26,2751.7099999999996,2025-06-08,2026-11-11,Customer 181,Male,63,Trichy,2025-12-11,521,True
CUST00182,1,1,442.01,442.01,2025-09-10,2025-09-10,Customer 182,Female,44,Thanjavur,2024-03-06,0,False
CUST00183,5,12,11508.34,2301.668,2025-01-28,2026-08-20,Customer 183,Female,44,Chennai,2025-07-09,569,True
CUST00184,5,8,5820.79,1164.158,2025-04-19,2026-07-25,Customer 184,Female,42,Bengaluru,2024-07-30,462,True
CUST00185,6,13,12406.470000000001,2067.7450000000003,2025-01-02,2026-09-22,Customer 185,Male,54,Tirunelveli,2025-12-13,628,True
CUST00186,2,4,3939.76,1969.88,2025-05-28,2025-08-21,Customer 186,Male,40,Salem,2025-05-03,85,True
CUST00187,3,9,8162.34,2720.78,2025-02-03,2025-10-17,Customer 187,Female,44,Vellore,2026-02-10,256,True
CUST00188,4,6,6144.91,1536.2275,2025-02-25,2026-10-17,Customer 188,Other,52,Bengaluru,2026-02-04,599,True
CUST00189,5,13,13345.15,2669.0299999999997,2025-08-13,2026-09-23,Customer 189,Female,32,Salem,2024-08-13,406,True
CUST00190,7,18,18212.71,2601.815714285714,2025-01-19,2026-09-16,Customer 190,Female,19,Tirunelveli,2025-03-22,605,True
CUST00191,7,12,16622.87,2374.695714285714,2025-02-19,2026-08-14,Customer 191,Other,61,Tirunelveli,2024-12-10,541,True
CUST00192,7,17,16819.329999999998,2402.7614285714285,2024-12-31,2026-08-25,Customer 192,Male,47,Madurai,2026-01-11,602,True
CUST00193,6,10,11315.22,1885.87,2024-12-03,2025-12-16,Customer 193,Other,19,Tirunelveli,2025-09-29,378,True
CUST00194,2,3,2910.25,1455.125,2024-12-31,2025-03-07,Customer 194,Other,60,Chennai,2025-08-29,66,True
CUST00195,2,7,8867.33,4433.665,2025-05-13,2026-01-14,Customer 195,Other,45,Madurai,2024-03-26,246,True
CUST00196,2,3,4263.73,2131.865,2026-07-16,2026-09-18,Customer 196,Female,29,Chennai,2026-06-06,64,True
CUST00197,1,5,1968.65,1968.65,2026-03-11,2026-03-11,Customer 197,Female,38,Trichy,2024-09-23,0,False
CUST00198,4,9,15284.68,3821.17,2025-04-20,2026-06-06,Customer 198,Female,39,Tirunelveli,2025-04-10,412,True
CUST00199,3,9,7068.74,2356.2466666666664,2025-06-08,2026-05-28,Customer 199,Female,34,Coimbatore,2024-10-11,354,True
CUST00200,5,13,10316.93,2063.386,2025-05-15,2026-08-15,Customer 200,Male,65,Vellore,2025-04-26,457,True
CUST00201,4,7,5326.26,1331.565,2025-02-21,2026-04-10,Customer 201,Female,32,Hyderabad,2024-02-23,413,True
CUST00202,6,16,9542.31,1590.385,2025-05-04,2026-07-30,Customer 202,Other,20,Chennai,2024-03-11,452,True
CUST00203,2,3,1925.96,962.98,2025-02-06,2026-02-22,Customer 203,Male,19,Bengaluru,2024-09-10,381,True
CUST00204,6,15,10777.75,1796.2916666666667,2024-11-24,2026-09-01,Customer 204,Male,26,Erode,2024-06-05,646,True
CUST00205,4,13,13477.099999999999,3369.2749999999996,2025-02-08,2026-07-17,Customer 205,Male,54,Trichy,2025-11-16,524,True
CUST00206,9,10,11649.69,1294.41,2025-05-19,2026-10-07,Customer 206,Other,34,Thanjavur,2025-04-21,506,True
CUST00207,4,10,7594.02,1898.505,2024-12-29,2026-09-04,Customer 207,Other,56,Pondicherry,2024-06-20,614,True
CUST00208,3,8,8943.17,2981.056666666667,2025-02-22,2026-09-04,Customer 208,Male,28,Salem,2026-01-05,559,True
CUST00209,6,12,8585.57,1430.9283333333333,2025-01-27,2026-09-09,Customer 209,Other,19,Salem,2024-04-20,590,True
CUST00210,1,3,4983.75,4983.75,2025-05-09,2025-05-09,Customer 210,Other,42,Tirunelveli,2025-08-12,0,False
CUST00211,1,4,5823.84,5823.84,2025-12-14,2025-12-14,Customer 211,Male,22,Bengaluru,2026-01-02,0,False
CUST00212,8,21,20247.98,2530.9975,2025-01-27,2026-04-25,Customer 212,Other,33,Coimbatore,2025-12-08,453,True
CUST00213,1,3,5793.09,5793.09,2025-12-18,2025-12-18,Customer 213,Female,61,Bengaluru,2025-12-14,0,False
CUST00214,5,6,6170.8099999999995,1234.1619999999998,2025-08-04,2026-04-24,Customer 214,Male,54,Chennai,2026-04-04,263,True
CUST00215,3,7,5213.26,1737.7533333333333,2025-05-28,2026-07-08,Customer 215,Other,45,Hyderabad,2024-12-21,406,True
CUST00216,1,4,4383.04,4383.04,2025-07-26,2025-07-26,Customer 216,Male,50,Hyderabad,2025-01-14,0,False
CUST00217,6,9,10030.77,1671.795,2024-12-10,2026-10-04,Customer 217,Male,44,Erode,2024-12-15,663,True
CUST00218,6,16,16691.86,2781.976666666667,2025-01-31,2026-09-05,Customer 218,Female,41,Hyderabad,2024-04-18,582,True
CUST00219,2,7,6896.34,3448.17,2025-08-01,2026-03-20,Customer 219,Female,63,Madurai,2026-04-28,231,True
CUST00220,3,5,7625.91,2541.97,2025-08-27,2026-08-19,Customer 220,Male,64,Vellore,2025-03-21,357,True
CUST00221,1,4,2675.16,2675.16,2025-10-18,2025-10-18,Customer 221,Female,57,Vellore,2025-10-28,0,False
CUST00222,5,13,16437.85,3287.5699999999997,2025-01-27,2026-09-04,Customer 222,Female,47,Tirunelveli,2026-03-04,585,True
CUST00223,7,18,25111.699999999997,3587.3857142857137,2025-07-25,2026-02-05,Customer 223,Other,55,Salem,2026-04-25,195,True
CUST00224,4,10,13145.25,3286.3125,2024-12-30,2025-07-27,Customer 224,Male,23,Salem,2024-11-26,209,True
CUST00225,6,14,13260.69,2210.1150000000002,2025-05-02,2026-05-14,Customer 225,Male,47,Bengaluru,2025-04-06,377,True
CUST00226,3,6,5943.45,1981.1499999999999,2025-06-22,2026-07-10,Customer 226,Other,42,Thanjavur,2025-09-16,383,True
CUST00227,8,19,17307.33,2163.41625,2024-12-27,2026-08-03,Customer 227,Female,38,Madurai,2024-01-30,584,True
CUST00228,5,12,10068.11,2013.622,2025-02-20,2026-09-20,Customer 228,Male,40,Salem,2025-05-14,577,True
CUST00229,4,6,6783.66,1695.915,2025-10-10,2026-07-01,Customer 229,Female,56,Pondicherry,2024-12-14,264,True
CUST00230,3,5,4367.77,1455.9233333333334,2025-02-03,2026-10-11,Customer 230,Other,18,Vellore,2024-10-09,615,True
CUST00231,7,15,17976.97,2568.1385714285716,2025-05-27,2026-10-20,Customer 231,Male,33,Pondicherry,2024-07-14,511,True
CUST00232,7,12,9010.74,1287.2485714285715,2025-03-11,2026-09-15,Customer 232,Female,53,Trichy,2025-02-20,553,True
CUST00233,3,5,4103.530000000001,1367.8433333333335,2024-12-23,2026-08-20,Customer 233,Female,59,Pondicherry,2025-12-08,605,True
CUST00234,6,14,11348.49,1891.415,2024-12-30,2026-10-31,Customer 234,Female,19,Coimbatore,2025-05-17,670,True
CUST00235,4,6,7298.43,1824.6075,2025-04-29,2026-08-16,Customer 235,Male,43,Pondicherry,2024-10-28,474,True
CUST00236,6,15,11917.27,1986.2116666666668,2024-11-15,2025-12-04,Customer 236,Female,60,Bengaluru,2024-09-06,384,True
CUST00237,4,7,5235.799999999999,1308.9499999999998,2024-12-11,2026-10-22,Customer 237,Female,53,Vellore,2025-01-12,680,True
CUST00238,2,4,4570.25,2285.125,2025-01-10,2025-07-21,Customer 238,Female,65,Vellore,2024-12-18,192,True
CUST00239,7,12,13605.02,1943.5742857142857,2025-05-04,2026-11-11,Customer 239,Female,62,Erode,2024-12-04,556,True
CUST00240,5,7,5020.27,1004.0540000000001,2025-01-14,2026-07-01,Customer 240,Female,34,Trichy,2024-10-04,533,True
CUST00241,4,8,10309.73,2577.4325,2024-12-30,2026-08-21,Customer 241,Other,30,Thanjavur,2024-05-03,599,True
CUST00242,6,16,15832.95,2638.8250000000003,2025-03-24,2026-09-05,Customer 242,Other,52,Pondicherry,2024-05-02,530,True
CUST00243,5,11,11524.45,2304.8900000000003,2024-12-02,2026-07-15,Customer 243,Male,31,Pondicherry,2024-07-08,590,True
CUST00244,2,7,7674.6,3837.3,2024-12-12,2025-05-30,Customer 244,Female,64,Bengaluru,2025-05-10,169,True
CUST00245,5,12,15268.06,3053.612,2024-12-18,2026-06-09,Customer 245,Other,56,Salem,2026-02-17,538,True
CUST00246,2,3,2860.8999999999996,1430.4499999999998,2024-12-12,2026-03-16,Customer 246,Male,36,Trichy,2024-04-12,459,True
CUST00247,4,6,5840.65,1460.1625,2025-01-20,2026-01-27,Customer 247,Male,37,Chennai,2025-01-04,372,True
CUST00248,4,7,10843.19,2710.7975,2025-05-10,2026-07-16,Customer 248,Other,26,Salem,2025-12-26,432,True
CUST00249,2,4,4025.4300000000003,2012.7150000000001,2025-07-31,2025-12-24,Customer 249,Male,53,Salem,2024-02-16,146,True
CUST00250,3,7,7757.93,2585.976666666667,2025-11-09,2026-12-04,Customer 250,Male,58,Erode,2025-12-15,390,True
CUST00251,3,4,3705.6099999999997,1235.2033333333331,2024-12-29,2026-08-23,Customer 251,Male,54,Salem,2024-04-15,602,True
CUST00252,5,17,17309.76,3461.9519999999998,2025-08-27,2026-05-25,Customer 252,Female,46,Thanjavur,2025-04-25,271,True
CUST00253,4,13,6062.17,1515.5425,2025-01-02,2025-05-08,Customer 253,Male,34,Erode,2024-07-07,126,True
CUST00254,3,6,5384.799999999999,1794.9333333333332,2024-12-08,2025-06-04,Customer 254,Male,43,Erode,2024-04-26,178,True
CUST00255,2,7,3995.7200000000003,1997.8600000000001,2025-10-02,2026-05-21,Customer 255,Other,58,Hyderabad,2024-03-16,231,True
CUST00256,3,3,3496.12,1165.3733333333332,2025-11-24,2026-08-06,Customer 256,Male,27,Bengaluru,2024-02-24,255,True
CUST00257,4,7,9859.89,2464.9725,2025-04-18,2026-03-15,Customer 257,Male,33,Coimbatore,2024-11-07,331,True
CUST00258,8,17,18413.28,2301.66,2025-02-05,2026-01-23,Customer 258,Female,56,Bengaluru,2025-07-25,352,True
CUST00259,4,7,7300.86,1825.215,2025-06-25,2026-09-13,Customer 259,Other,32,Vellore,2026-03-20,445,True
CUST00260,4,5,5670.05,1417.5125,2026-05-21,2026-10-05,Customer 260,Female,46,Salem,2025-01-24,137,True
CUST00261,1,1,1086.56,1086.56,2026-09-14,2026-09-14,Customer 261,Other,45,Salem,2026-05-30,0,False
CUST00262,7,11,13032.51,1861.787142857143,2025-01-02,2026-08-06,Customer 262,Other,21,Bengaluru,2025-08-05,581,True
CUST00263,6,20,15677.36,2612.8933333333334,2025-05-05,2026-09-04,Customer 263,Male,31,Hyderabad,2026-01-27,487,True
CUST00264,4,9,7184.08,1796.02,2025-02-11,2026-05-19,Customer 264,Female,60,Coimbatore,2024-08-04,462,True
CUST00265,6,17,22428.03,3738.0049999999997,2025-04-03,2026-08-01,Customer 265,Male,29,Vellore,2024-06-09,485,True
CUST00266,6,12,12284.42,2047.4033333333334,2025-01-08,2026-09-06,Customer 266,Male,18,Tirunelveli,2024-03-17,606,True
CUST00267,6,13,8718.76,1453.1266666666668,2025-03-08,2026-08-27,Customer 267,Other,56,Erode,2025-04-06,537,True
CUST00268,4,9,8945.95,2236.4875,2024-12-20,2026-02-19,Customer 268,Male,32,Salem,2024-10-25,426,True
CUST00269,4,6,6906.719999999999,1726.6799999999998,2025-12-18,2026-11-09,Customer 269,Female,62,Erode,2025-12-24,326,True
CUST00270,2,3,4486.5,2243.25,2025-05-05,2026-03-17,Customer 270,Other,32,Salem,2024-03-13,316,True
CUST00271,2,6,4164.78,2082.39,2026-03-19,2026-07-11,Customer 271,Other,55,Hyderabad,2026-03-17,114,True
CUST00272,1,1,1608.53,1608.53,2026-06-26,2026-06-26,Customer 272,Male,45,Coimbatore,2026-04-03,0,False
CUST00273,8,16,12912.4,1614.05,2024-11-28,2026-11-01,Customer 273,Male,59,Madurai,2025-07-11,703,True
CUST00274,1,1,1136.81,1136.81,2025-09-03,2025-09-03,Customer 274,Male,22,Chennai,2024-09-29,0,False
CUST00275,4,4,4088.7,1022.175,2025-06-19,2026-11-04,Customer 275,Female,56,Pondicherry,2024-06-18,503,True
CUST00276,2,7,3426.3799999999997,1713.1899999999998,2025-02-03,2025-12-01,Customer 276,Other,36,Erode,2026-04-24,301,True
CUST00277,3,4,4294.77,1431.5900000000001,2025-02-13,2026-03-16,Customer 277,Female,62,Salem,2024-05-07,396,True
CUST00278,1,3,1382.76,1382.76,2025-02-13,2025-02-13,Customer 278,Female,35,Vellore,2025-12-17,0,False
CUST00279,3,7,6404.57,2134.8566666666666,2025-04-17,2026-05-11,Customer 279,Female,46,Coimbatore,2025-07-06,389,True
CUST00280,5,8,9270.59,1854.118,2024-11-14,2026-10-02,Customer 280,Male,45,Pondicherry,2025-09-04,687,True
CUST00281,3,9,8455.11,2818.3700000000003,2024-12-22,2026-10-23,Customer 281,Other,34,Chennai,2024-11-26,670,True
CUST00282,3,7,6885.83,2295.2766666666666,2025-06-06,2026-09-28,Customer 282,Male,61,Bengaluru,2024-04-03,479,True
CUST00283,5,10,9498.99,1899.798,2025-09-09,2026-08-10,Customer 283,Male,61,Salem,2025-08-24,335,True
CUST00284,6,14,16305.78,2717.63,2025-01-20,2026-04-20,Customer 284,Male,29,Erode,2025-08-13,455,True
CUST00285,2,3,3776.3,1888.15,2025-06-04,2026-02-13,Customer 285,Other,46,Salem,2025-06-15,254,True
CUST00286,5,12,12295.94,2459.188,2025-02-23,2026-09-19,Customer 286,Other,45,Hyderabad,2024-07-04,573,True
CUST00287,4,4,2386.9700000000003,596.7425000000001,2025-03-19,2026-11-17,Customer 287,Female,23,Erode,2026-04-13,608,True
CUST00288,2,4,5514.88,2757.44,2026-06-26,2026-10-17,Customer 288,Female,39,Thanjavur,2024-12-22,113,True
CUST00289,6,15,13734.74,2289.1233333333334,2025-02-06,2026-06-21,Customer 289,Male,28,Thanjavur,2025-11-17,500,True
CUST00290,5,6,3521.54,704.308,2025-07-22,2026-11-09,Customer 290,Other,49,Salem,2025-02-25,475,True
CUST00291,4,7,4330.87,1082.7175,2025-01-29,2026-10-16,Customer 291,Female,53,Chennai,2025-11-09,625,True
CUST00292,5,11,10655.09,2131.018,2025-05-08,2026-08-05,Customer 292,Male,38,Salem,2025-04-10,454,True
CUST00293,2,6,5530.379999999999,2765.1899999999996,2025-01-18,2025-03-05,Customer 293,Male,43,Vellore,2024-11-27,46,True
CUST00294,5,16,14125.82,2825.1639999999998,2025-03-31,2025-07-21,Customer 294,Male,60,Vellore,2026-04-24,112,True
CUST00295,4,16,15127.85,3781.9625,2025-02-06,2026-09-06,Customer 295,Female,21,Trichy,2025-04-18,577,True
CUST00296,3,3,4432.96,1477.6533333333334,2025-11-15,2026-08-24,Customer 296,Female,57,Erode,2025-06-14,282,True
CUST00297,3,13,15395.880000000001,5131.96,2025-04-10,2026-11-11,Customer 297,Female,21,Trichy,2025-10-02,580,True
CUST00298,4,8,6310.77,1577.6925,2025-05-05,2026-07-25,Customer 298,Other,26,Salem,2024-09-30,446,True
CUST00299,2,7,5147.16,2573.58,2025-10-15,2026-08-09,Customer 299,Other,49,Coimbatore,2025-03-24,298,True
CUST00300,2,4,1961.33,980.665,2025-09-20,2025-12-29,Customer 300,Other,56,Trichy,2024-01-30,100,True
CUST00301,4,7,7288.3,1822.075,2025-08-11,2026-08-02,Customer 301,Male,37,Vellore,2025-12-27,356,True
CUST00302,3,7,7965.27,2655.09,2025-01-12,2026-11-12,Customer 302,Other,44,Coimbatore,2024-01-15,669,True
CUST00303,2,3,5331.17,2665.585,2025-03-28,2025-06-07,Customer 303,Male,47,Coimbatore,2024-08-18,71,True
CUST00304,3,10,8075.219999999999,2691.74,2025-01-07,2025-08-29,Customer 304,Male,49,Pondicherry,2025-10-25,234,True
CUST00305,5,10,11223.82,2244.764,2025-09-09,2026-11-11,Customer 305,Other,63,Salem,2024-10-25,428,True
CUST00306,3,5,3860.07,1286.69,2025-08-15,2026-08-13,Customer 306,Female,48,Trichy,2025-03-01,363,True
CUST00307,5,11,8914.01,1782.8020000000001,2025-05-29,2026-08-30,Customer 307,Other,27,Tirunelveli,2025-04-12,458,True
CUST00308,8,13,8944.4,1118.05,2025-04-28,2026-11-10,Customer 308,Other,50,Pondicherry,2024-07-14,561,True
CUST00309,9,23,21261.010000000002,2362.3344444444447,2025-01-29,2026-10-03,Customer 309,Male,22,Salem,2026-06-19,612,True
CUST00310,4,11,10236.69,2559.1725,2025-05-17,2026-07-11,Customer 310,Female,39,Vellore,2026-03-02,420,True
CUST00311,4,10,17221.59,4305.3975,2025-02-02,2026-10-21,Customer 311,Male,36,Pondicherry,2024-09-30,626,True
CUST00312,1,4,5564.36,5564.36,2025-08-05,2025-08-05,Customer 312,Other,55,Hyderabad,2024-11-01,0,False
CUST00313,2,6,5372.0599999999995,2686.0299999999997,2025-11-15,2026-02-03,Customer 313,Male,46,Vellore,2025-05-16,80,True
CUST00314,4,8,7879.89,1969.9725,2025-01-06,2026-01-21,Customer 314,Female,39,Vellore,2025-05-10,380,True
CUST00315,2,4,4000.9900000000002,2000.4950000000001,2025-06-07,2025-08-15,Customer 315,Other,42,Erode,2026-02-20,69,True
CUST00316,5,7,7329.950000000001,1465.9900000000002,2025-04-07,2026-01-30,Customer 316,Male,62,Trichy,2024-11-25,298,True
CUST00317,6,14,10246.619999999999,1707.7699999999998,2024-11-29,2026-10-06,Customer 317,Female,32,Tirunelveli,2025-08-08,676,True
CUST00318,4,8,6076.48,1519.12,2025-02-04,2026-06-24,Customer 318,Female,65,Erode,2024-02-14,505,True
CUST00319,6,12,7684.17,1280.695,2025-04-30,2026-09-04,Customer 319,Female,42,Hyderabad,2025-12-23,492,True
CUST00320,5,6,7721.41,1544.282,2025-05-13,2026-08-22,Customer 320,Other,27,Erode,2026-03-22,466,True
CUST00321,4,5,5082.13,1270.5325,2025-01-09,2026-07-08,Customer 321,Male,50,Bengaluru,2024-02-07,545,True
CUST00322,2,4,2530.46,1265.23,2025-10-07,2026-11-05,Customer 322,Male,46,Coimbatore,2024-12-05,394,True
CUST00323,6,10,8941.22,1490.2033333333331,2025-01-31,2026-09-23,Customer 323,Female,18,Pondicherry,2025-06-22,600,True
CUST00324,4,9,5998.0599999999995,1499.5149999999999,2025-11-16,2026-10-04,Customer 324,Female,59,Madurai,2024-05-27,322,True
CUST00325,8,17,19634.66,2454.3325,2025-04-03,2026-11-28,Customer 325,Female,34,Thanjavur,2024-03-17,604,True
CUST00326,3,6,5643.79,1881.2633333333333,2025-05-21,2026-10-26,Customer 326,Other,43,Hyderabad,2025-09-30,523,True
CUST00327,4,8,11601.76,2900.44,2025-06-30,2025-08-31,Customer 327,Female,61,Vellore,2024-03-23,62,True
CUST00329,4,7,7848.639999999999,1962.1599999999999,2024-11-13,2026-01-04,Customer 329,Female,52,Chennai,2026-02-16,417,True
CUST00330,5,14,14621.0,2924.2,2025-04-11,2026-06-10,Customer 330,Male,33,Hyderabad,2025-09-24,425,True
CUST00331,4,11,10414.619999999999,2603.6549999999997,2025-01-11,2026-06-18,Customer 331,Female,32,Pondicherry,2025-12-01,523,True
CUST00332,1,1,621.84,621.84,2025-08-26,2025-08-26,Customer 332,Female,24,Hyderabad,2024-04-02,0,False
CUST00333,3,5,4253.48,1417.8266666666666,2025-01-17,2025-08-16,Customer 333,Male,46,Madurai,2025-12-21,211,True
CUST00334,1,3,3790.74,3790.74,2026-07-01,2026-07-01,Customer 334,Female,19,Chennai,2025-12-11,0,False
CUST00335,2,5,4791.5599999999995,2395.7799999999997,2026-04-27,2026-09-08,Customer 335,Male,36,Thanjavur,2024-11-28,134,True
CUST00336,4,9,6915.3099999999995,1728.8274999999999,2025-01-22,2026-08-28,Customer 336,Female,27,Trichy,2025-01-18,583,True
CUST00337,9,24,21067.87,2340.874444444444,2025-01-17,2026-10-01,Customer 337,Female,54,Hyderabad,2025-06-27,622,True
CUST00338,2,5,5159.59,2579.795,2025-12-27,2026-03-22,Customer 338,Male,28,Madurai,2026-03-22,85,True
CUST00340,7,14,17962.15,2566.0214285714287,2024-11-26,2026-08-05,Customer 340,Male,49,Bengaluru,2025-11-30,617,True
CUST00341,6,13,18453.06,3075.51,2025-01-28,2026-09-26,Customer 341,Male,47,Hyderabad,2024-05-26,606,True
CUST00342,3,8,11041.02,3680.34,2025-09-17,2026-10-05,Customer 342,Female,34,Hyderabad,2024-09-17,383,True
CUST00343,7,14,11481.31,1640.1871428571428,2025-01-14,2026-10-01,Customer 343,Female,36,Hyderabad,2024-01-10,625,True
CUST00344,3,4,2526.02,842.0066666666667,2026-09-02,2026-11-10,Customer 344,Male,22,Erode,2025-07-13,69,True
CUST00345,5,8,8801.75,1760.35,2025-01-21,2026-09-29,Customer 345,Other,37,Hyderabad,2024-12-19,616,True
CUST00346,4,6,3075.63,768.9075,2025-04-10,2025-10-24,Customer 346,Other,34,Erode,2025-03-10,197,True
CUST00347,14,28,24701.78,1764.412857142857,2024-12-19,2026-11-19,Customer 347,Female,30,Tirunelveli,2026-05-15,700,True
CUST00348,6,11,9583.4,1597.2333333333333,2024-12-07,2026-08-27,Customer 348,Female,24,Trichy,2026-05-23,628,True
CUST00349,4,8,8858.23,2214.5575,2025-03-14,2026-08-07,Customer 349,Other,40,Bengaluru,2025-01-25,511,True
CUST00350,7,14,15618.73,2231.247142857143,2025-04-21,2026-07-26,Customer 350,Other,36,Chennai,2024-10-29,461,True
CUST00351,3,9,11496.29,3832.096666666667,2025-05-07,2025-11-27,Customer 351,Other,43,Salem,2026-04-29,204,True
CUST00352,3,4,4165.17,1388.39,2025-01-14,2026-07-19,Customer 352,Other,61,Pondicherry,2024-01-09,551,True
CUST00353,4,4,4618.150000000001,1154.5375000000001,2025-05-04,2026-07-22,Customer 353,Other,65,Erode,2024-02-20,444,True
CUST00354,4,10,9690.85,2422.7125,2025-05-24,2026-05-03,Customer 354,Female,32,Bengaluru,2026-05-02,344,True
CUST00355,6,13,15743.51,2623.9183333333335,2025-02-08,2026-01-09,Customer 355,Female,32,Hyderabad,2026-04-01,335,True
CUST00356,9,22,17793.87,1977.0966666666666,2024-12-09,2026-10-20,Customer 356,Other,34,Hyderabad,2024-07-13,680,True
CUST00357,4,9,9406.710000000001,2351.6775000000002,2025-11-20,2026-10-19,Customer 357,Other,60,Hyderabad,2026-02-12,333,True
CUST00358,5,12,10866.17,2173.234,2025-01-21,2026-06-15,Customer 358,Male,58,Coimbatore,2026-05-08,510,True
CUST00359,3,8,6178.4,2059.4666666666667,2025-04-26,2026-03-10,Customer 359,Other,20,Salem,2025-10-04,318,True
CUST00360,2,4,7384.889999999999,3692.4449999999997,2025-04-07,2025-09-18,Customer 360,Female,20,Bengaluru,2026-03-18,164,True
CUST00361,3,4,3975.84,1325.28,2025-05-09,2026-05-20,Customer 361,Other,26,Coimbatore,2025-01-08,376,True
CUST00362,1,2,864.48,864.48,2025-02-16,2025-02-16,Customer 362,Female,65,Tirunelveli,2024-10-29,0,False
CUST00363,4,10,9101.58,2275.395,2025-02-18,2025-12-12,Customer 363,Male,26,Vellore,2024-06-28,297,True
CUST00364,5,8,10819.86,2163.972,2024-12-15,2026-03-14,Customer 364,Female,51,Vellore,2026-06-16,454,True
CUST00365,2,3,2691.73,1345.865,2025-05-05,2026-10-06,Customer 365,Male,34,Erode,2024-10-06,519,True
CUST00366,3,6,4419.62,1473.2066666666667,2025-12-22,2026-12-03,Customer 366,Female,65,Thanjavur,2026-04-05,346,True
CUST00367,5,7,7220.0599999999995,1444.012,2025-09-17,2026-07-27,Customer 367,Male,47,Coimbatore,2026-04-03,313,True
CUST00368,5,17,16327.66,3265.532,2026-04-21,2026-11-06,Customer 368,Male,61,Pondicherry,2024-05-24,199,True
CUST00369,1,5,5060.2,5060.2,2025-05-27,2025-05-27,Customer 369,Female,53,Thanjavur,2025-11-21,0,False
CUST00372,7,14,13956.369999999999,1993.7671428571427,2025-01-11,2026-08-15,Customer 372,Other,61,Salem,2025-11-19,581,True
CUST00373,4,4,4445.82,1111.455,2025-01-10,2026-05-24,Customer 373,Female,58,Thanjavur,2025-08-21,499,True
CUST00374,6,16,14310.33,2385.055,2025-01-25,2026-05-26,Customer 374,Other,32,Erode,2024-04-20,486,True
CUST00375,2,8,10958.73,5479.365,2025-05-29,2025-11-10,Customer 375,Other,53,Thanjavur,2024-01-26,165,True
CUST00376,3,3,2818.0299999999997,939.3433333333332,2025-03-06,2026-02-27,Customer 376,Male,59,Coimbatore,2025-09-16,358,True
CUST00377,2,3,4153.94,2076.97,2026-03-09,2026-03-31,Customer 377,Female,62,Salem,2025-10-12,22,True
CUST00378,1,4,3674.2,3674.2,2026-01-31,2026-01-31,Customer 378,Female,25,Madurai,2025-10-26,0,False
CUST00379,3,6,6171.22,2057.0733333333333,2025-06-30,2026-05-22,Customer 379,Male,37,Erode,2024-02-16,326,True
CUST00380,8,18,19562.07,2445.25875,2025-06-22,2026-10-20,Customer 380,Male,33,Vellore,2024-04-28,485,True
CUST00381,6,18,16019.95,2669.991666666667,2024-11-24,2026-04-19,Customer 381,Female,47,Thanjavur,2024-05-18,511,True
CUST00382,5,7,8140.92,1628.184,2025-05-20,2026-09-18,Customer 382,Other,62,Vellore,2025-11-17,486,True
CUST00383,2,5,1940.99,970.495,2025-05-28,2026-03-24,Customer 383,Other,65,Pondicherry,2025-03-05,300,True
CUST00384,4,8,6547.99,1636.9975,2025-04-07,2026-03-26,Customer 384,Female,59,Coimbatore,2024-06-07,353,True
CUST00385,2,5,4900.16,2450.08,2025-02-19,2026-10-17,Customer 385,Female,57,Tirunelveli,2026-05-03,605,True
CUST00386,1,1,1751.2,1751.2,2025-10-29,2025-10-29,Customer 386,Male,62,Thanjavur,2024-10-13,0,False
CUST00387,5,8,7659.32,1531.864,2025-04-12,2026-02-18,Customer 387,Female,46,Trichy,2024-08-10,312,True
CUST00388,3,5,8522.01,2840.67,2025-03-09,2026-08-06,Customer 388,Female,24,Hyderabad,2026-05-25,515,True
CUST00389,4,8,9487.78,2371.945,2024-12-30,2026-08-28,Customer 389,Other,59,Thanjavur,2025-01-11,606,True
CUST00390,3,4,3582.7200000000003,1194.24,2025-01-06,2025-06-13,Customer 390,Female,35,Trichy,2024-03-03,158,True
CUST00391,2,3,4635.87,2317.935,2025-09-21,2026-09-19,Customer 391,Female,23,Hyderabad,2024-05-05,363,True
CUST00392,3,7,8813.36,2937.786666666667,2025-07-08,2026-09-26,Customer 392,Other,58,Bengaluru,2024-08-05,445,True
CUST00393,4,10,7718.87,1929.7175,2025-04-09,2026-08-17,Customer 393,Male,39,Trichy,2024-01-22,495,True
CUST00394,7,18,15168.71,2166.9585714285713,2025-02-16,2026-11-09,Customer 394,Other,31,Coimbatore,2024-05-08,631,True
CUST00395,4,13,18636.41,4659.1025,2025-01-10,2026-03-02,Customer 395,Other,31,Bengaluru,2026-04-29,416,True
CUST00396,2,3,2048.9,1024.45,2025-07-16,2026-04-10,Customer 396,Male,39,Madurai,2024-08-09,268,True
CUST00397,3,6,4930.42,1643.4733333333334,2025-07-01,2026-01-22,Customer 397,Other,18,Salem,2026-03-18,205,True
CUST00398,4,8,10028.77,2507.1925,2025-05-01,2026-10-23,Customer 398,Male,26,Vellore,2026-05-29,540,True
CUST00399,7,14,11498.08,1642.5828571428572,2025-03-31,2026-09-26,Customer 399,Male,25,Hyderabad,2024-09-13,544,True
CUST00400,4,6,5231.2,1307.8,2026-06-29,2026-12-14,Customer 400,Male,26,Chennai,2026-06-06,168,True
CUST00401,3,3,3283.82,1094.6066666666668,2025-08-06,2026-08-17,Customer 401,Male,55,Thanjavur,2025-01-01,376,True
CUST00402,5,5,5326.57,1065.3139999999999,2024-12-26,2026-05-03,Customer 402,Male,34,Chennai,2024-01-17,493,True
CUST00403,2,3,3887.7700000000004,1943.8850000000002,2025-01-08,2025-06-04,Customer 403,Other,44,Vellore,2024-05-09,147,True
CUST00404,3,6,4090.22,1363.4066666666665,2026-09-24,2026-11-17,Customer 404,Other,22,Erode,2024-04-26,54,True
CUST00405,2,2,1832.69,916.345,2025-04-13,2025-05-31,Customer 405,Female,50,Bengaluru,2025-04-04,48,True
CUST00406,6,12,8176.65,1362.7749999999999,2025-02-22,2026-11-03,Customer 406,Female,50,Trichy,2024-04-21,619,True
CUST00407,4,5,5609.14,1402.285,2025-03-26,2026-07-06,Customer 407,Male,64,Hyderabad,2025-09-21,467,True
CUST00408,9,16,12771.66,1419.0733333333333,2025-02-10,2026-12-19,Customer 408,Female,47,Hyderabad,2025-06-17,677,True
CUST00409,3,10,12220.57,4073.523333333333,2025-07-26,2026-08-13,Customer 409,Male,48,Tirunelveli,2024-02-01,383,True
CUST00410,3,7,11147.34,3715.78,2025-03-06,2026-10-30,Customer 410,Other,24,Erode,2025-03-12,603,True
CUST00411,4,8,10483.0,2620.75,2025-04-11,2026-07-26,Customer 411,Female,22,Coimbatore,2025-12-30,471,True
CUST00412,1,2,1239.62,1239.62,2025-03-10,2025-03-10,Customer 412,Other,27,Coimbatore,2024-11-25,0,False
CUST00413,3,7,5617.75,1872.5833333333333,2025-05-06,2025-12-05,Customer 413,Female,57,Hyderabad,2024-05-09,213,True
CUST00414,4,7,6529.59,1632.3975,2025-01-25,2026-08-09,Customer 414,Other,63,Thanjavur,2025-08-22,561,True
CUST00415,6,17,16622.989999999998,2770.498333333333,2024-12-13,2026-07-28,Customer 415,Other,51,Salem,2025-01-25,592,True
CUST00416,4,7,7487.1900000000005,1871.7975000000001,2024-12-22,2026-01-25,Customer 416,Other,56,Tirunelveli,2025-04-09,399,True
CUST00417,4,7,4949.6,1237.4,2025-05-08,2026-05-25,Customer 417,Other,25,Hyderabad,2024-04-11,382,True
CUST00418,1,1,923.1,923.1,2026-04-05,2026-04-05,Customer 418,Other,64,Trichy,2025-10-28,0,False
CUST00419,2,3,3106.37,1553.185,2025-02-05,2025-07-03,Customer 419,Female,32,Tirunelveli,2025-03-16,148,True
CUST00420,3,6,4647.37,1549.1233333333332,2025-01-09,2026-03-26,Customer 420,Female,43,Tirunelveli,2024-12-13,441,True
CUST00421,4,10,10632.69,2658.1725,2025-01-01,2026-06-06,Customer 421,Male,38,Tirunelveli,2026-01-17,521,True
CUST00422,5,9,7791.25,1558.25,2025-02-08,2026-11-04,Customer 422,Other,34,Thanjavur,2024-11-16,634,True
CUST00423,2,5,9980.130000000001,4990.0650000000005,2026-01-02,2026-10-20,Customer 423,Other,48,Coimbatore,2024-06-05,291,True
CUST00425,8,15,18092.879999999997,2261.6099999999997,2025-01-05,2026-08-18,Customer 425,Other,65,Thanjavur,2024-04-08,590,True
CUST00426,5,11,5208.01,1041.602,2025-01-16,2026-10-29,Customer 426,Male,53,Chennai,2026-04-11,651,True
CUST00427,2,7,4654.97,2327.485,2025-02-09,2026-03-06,Customer 427,Other,53,Thanjavur,2025-08-23,390,True
CUST00428,6,10,11163.75,1860.625,2024-12-28,2026-08-02,Customer 428,Male,44,Thanjavur,2025-11-17,582,True
CUST00429,5,14,11414.83,2282.966,2025-05-30,2026-12-06,Customer 429,Other,45,Pondicherry,2026-06-13,555,True
CUST00431,5,11,8286.42,1657.284,2025-11-03,2026-10-05,Customer 431,Male,54,Vellore,2024-12-26,336,True
CUST00432,4,8,8612.1,2153.025,2025-04-19,2026-01-28,Customer 432,Male,60,Erode,2024-08-05,284,True
CUST00433,2,9,6744.16,3372.08,2026-07-21,2026-08-06,Customer 433,Male,40,Vellore,2024-08-17,16,True
CUST00434,3,10,12914.26,4304.753333333333,2024-11-28,2025-11-02,Customer 434,Male,35,Bengaluru,2025-01-11,339,True
CUST00435,4,8,8108.759999999999,2027.1899999999998,2025-05-07,2026-06-24,Customer 435,Female,53,Bengaluru,2024-08-19,413,True
CUST00436,8,23,22932.89,2866.61125,2025-06-10,2026-09-19,Customer 436,Other,59,Vellore,2025-09-20,466,True
CUST00437,3,4,6312.18,2104.06,2025-07-11,2026-10-16,Customer 437,Other,60,Pondicherry,2024-01-27,462,True
CUST00438,2,2,3459.9700000000003,1729.9850000000001,2025-03-18,2026-08-13,Customer 438,Male,29,Salem,2024-09-30,513,True
CUST00439,4,9,4505.71,1126.4275,2025-05-05,2026-04-01,Customer 439,Female,39,Thanjavur,2025-12-20,331,True
CUST00440,6,15,17344.93,2890.8216666666667,2025-06-03,2026-08-27,Customer 440,Male,27,Bengaluru,2024-01-07,450,True
CUST00441,2,6,4426.780000000001,2213.3900000000003,2025-06-30,2025-07-10,Customer 441,Female,22,Madurai,2025-11-04,10,True
CUST00442,3,7,5707.76,1902.5866666666668,2025-07-02,2026-06-01,Customer 442,Other,19,Coimbatore,2026-01-28,334,True
CUST00443,7,10,8639.33,1234.19,2024-12-12,2026-09-28,Customer 443,Other,31,Tirunelveli,2026-02-03,655,True
CUST00444,4,5,5830.82,1457.705,2025-05-14,2026-11-29,Customer 444,Female,39,Madurai,2025-03-05,564,True
CUST00445,5,11,7207.14,1441.428,2024-11-27,2026-10-13,Customer 445,Female,64,Thanjavur,2025-01-13,685,True
CUST00446,6,12,11941.939999999999,1990.323333333333,2025-01-01,2026-10-23,Customer 446,Other,56,Coimbatore,2026-03-06,660,True
CUST00447,2,2,2689.71,1344.855,2025-03-11,2026-07-17,Customer 447,Male,28,Bengaluru,2024-02-23,493,True
CUST00448,5,13,10589.029999999999,2117.8059999999996,2025-05-10,2026-10-27,Customer 448,Other,23,Salem,2024-02-20,535,True
CUST00449,6,16,11449.18,1908.1966666666667,2025-01-19,2026-10-21,Customer 449,Other,45,Erode,2025-03-29,640,True
CUST00450,5,9,11734.210000000001,2346.842,2024-11-25,2026-10-18,Customer 450,Female,44,Salem,2025-09-13,692,True
CUST00451,5,6,5887.72,1177.544,2024-12-28,2025-09-11,Customer 451,Other,25,Thanjavur,2024-08-08,257,True
CUST00452,4,14,14118.24,3529.56,2025-04-22,2026-05-29,Customer 452,Male,36,Hyderabad,2025-03-16,402,True
CUST00453,6,15,15580.35,2596.725,2025-01-07,2026-04-27,Customer 453,Other,49,Vellore,2025-11-25,475,True
CUST00454,5,12,16020.699999999999,3204.14,2025-01-31,2026-08-13,Customer 454,Female,20,Trichy,2025-11-14,559,True
CUST00455,6,14,14979.1,2496.516666666667,2025-01-18,2026-08-08,Customer 455,Other,21,Chennai,2025-02-08,567,True
CUST00456,4,9,14053.66,3513.415,2024-12-02,2026-07-13,Customer 456,Female,31,Madurai,2024-07-28,588,True
CUST00457,4,8,6104.780000000001,1526.1950000000002,2025-12-01,2026-10-28,Customer 457,Female,36,Thanjavur,2026-02-21,331,True
CUST00458,5,7,7914.49,1582.898,2025-06-05,2026-06-19,Customer 458,Male,49,Pondicherry,2024-05-02,379,True
CUST00459,3,4,5730.0599999999995,1910.0199999999998,2026-01-28,2026-08-19,Customer 459,Male,26,Tirunelveli,2025-03-16,203,True
CUST00461,9,15,15467.35,1718.5944444444444,2025-04-17,2026-10-10,Customer 461,Other,40,Coimbatore,2025-07-26,541,True
CUST00462,3,10,9446.02,3148.6733333333336,2025-08-19,2026-05-21,Customer 462,Other,20,Tirunelveli,2025-02-10,275,True
CUST00463,7,16,14652.2,2093.171428571429,2024-11-30,2026-06-01,Customer 463,Female,22,Thanjavur,2024-01-20,548,True
CUST00464,3,6,8104.06,2701.3533333333335,2025-10-06,2026-05-06,Customer 464,Female,54,Tirunelveli,2025-08-12,212,True
CUST00465,4,9,9007.24,2251.81,2025-02-12,2026-07-03,Customer 465,Other,44,Salem,2025-12-27,506,True
CUST00466,4,9,8501.02,2125.255,2025-04-16,2026-06-11,Customer 466,Female,19,Thanjavur,2024-04-27,421,True
CUST00467,5,14,15245.84,3049.168,2025-02-13,2026-11-10,Customer 467,Other,47,Pondicherry,2024-06-24,635,True
CUST00468,5,10,14977.16,2995.432,2025-05-12,2026-09-18,Customer 468,Male,45,Coimbatore,2025-01-05,494,True
CUST00469,5,14,14202.66,2840.532,2024-12-12,2026-07-30,Customer 469,Female,55,Tirunelveli,2024-09-06,595,True
CUST00470,5,12,13107.73,2621.546,2025-02-21,2026-07-13,Customer 470,Male,43,Salem,2025-06-20,507,True
CUST00471,2,4,3563.64,1781.82,2025-07-07,2026-06-14,Customer 471,Female,32,Thanjavur,2026-02-02,342,True
CUST00472,5,11,10209.01,2041.8020000000001,2025-01-16,2026-04-15,Customer 472,Male,22,Vellore,2026-03-08,454,True
CUST00473,1,1,2345.22,2345.22,2025-11-06,2025-11-06,Customer 473,Male,51,Vellore,2025-10-10,0,False
CUST00474,2,3,1715.4699999999998,857.7349999999999,2026-03-01,2026-07-15,Customer 474,Female,40,Pondicherry,2024-07-17,136,True
CUST00475,2,3,2341.02,1170.51,2025-11-24,2026-08-16,Customer 475,Other,27,Trichy,2026-04-18,265,True
CUST00476,2,7,8310.28,4155.14,2025-01-30,2025-07-13,Customer 476,Male,34,Trichy,2024-04-15,164,True
CUST00477,3,7,7220.59,2406.8633333333332,2026-07-09,2026-08-28,Customer 477,Other,27,Hyderabad,2024-06-26,50,True
CUST00478,4,9,11327.64,2831.91,2025-03-27,2026-09-23,Customer 478,Male,58,Erode,2024-03-18,545,True
CUST00479,5,10,8055.7,1611.1399999999999,2025-09-02,2026-05-27,Customer 479,Other,55,Erode,2025-04-20,267,True
CUST00480,4,7,7313.01,1828.2525,2025-04-19,2026-08-08,Customer 480,Other,59,Hyderabad,2025-11-28,476,True
CUST00481,6,14,13729.0,2288.1666666666665,2024-12-22,2026-10-20,Customer 481,Female,58,Thanjavur,2025-10-01,667,True
CUST00482,5,7,8977.92,1795.584,2025-02-09,2026-09-23,Customer 482,Female,22,Erode,2024-06-03,591,True
CUST00483,4,7,8300.269999999999,2075.0674999999997,2025-03-09,2026-09-03,Customer 483,Other,37,Salem,2025-03-28,543,True
CUST00484,3,8,6342.66,2114.22,2024-12-12,2025-10-23,Customer 484,Male,40,Vellore,2025-08-28,315,True
CUST00485,11,24,22607.95,2055.268181818182,2025-01-27,2026-09-13,Customer 485,Female,47,Erode,2024-03-16,594,True
CUST00486,3,6,4065.54,1355.18,2026-04-01,2026-08-01,Customer 486,Male,41,Salem,2024-02-08,122,True
CUST00487,4,8,6568.5599999999995,1642.1399999999999,2025-07-12,2026-09-27,Customer 487,Other,23,Bengaluru,2024-03-19,442,True
CUST00488,2,6,9506.67,4753.335,2026-06-22,2026-11-07,Customer 488,Other,42,Erode,2025-08-31,138,True
CUST00489,4,7,5538.18,1384.545,2025-02-19,2026-01-19,Customer 489,Other,65,Chennai,2025-08-17,334,True
CUST00490,6,13,10019.84,1669.9733333333334,2025-01-19,2026-05-08,Customer 490,Other,59,Trichy,2025-04-05,474,True
CUST00491,5,12,10916.26,2183.252,2025-04-26,2026-01-21,Customer 491,Other,48,Vellore,2024-11-25,270,True
CUST00493,4,6,5659.15,1414.7875,2024-11-30,2026-06-07,Customer 493,Female,63,Coimbatore,2026-04-10,554,True
CUST00494,3,3,3105.91,1035.3033333333333,2025-09-18,2026-06-15,Customer 494,Other,29,Chennai,2025-05-31,270,True
CUST00495,5,8,11845.93,2369.186,2025-10-25,2026-07-11,Customer 495,Other,46,Erode,2024-09-10,259,True
CUST00496,3,9,11370.029999999999,3790.0099999999998,2025-01-30,2026-02-18,Customer 496,Other,57,Madurai,2025-06-20,384,True
CUST00497,8,18,17741.75,2217.71875,2025-03-23,2026-08-18,Customer 497,Female,36,Tirunelveli,2025-01-07,513,True
CUST00498,6,14,8926.29,1487.7150000000001,2025-08-20,2026-10-03,Customer 498,Female,61,Bengaluru,2025-02-22,409,True
CUST00499,7,14,13002.72,1857.5314285714285,2024-12-07,2026-07-12,Customer 499,Other,59,Thanjavur,2024-02-23,582,True
CUST00500,5,13,11717.38,2343.4759999999997,2024-12-10,2026-07-14,Customer 500,Female,24,Vellore,2024-03-08,581,True
CUST00501,8,20,16403.02,2050.3775,2024-12-10,2026-02-20,Customer 501,Female,36,Salem,2025-11-25,437,True
CUST00502,4,9,11497.51,2874.3775,2025-04-17,2026-11-26,Customer 502,Other,56,Madurai,2026-01-11,588,True
CUST00504,4,8,5099.3099999999995,1274.8274999999999,2025-03-11,2026-03-29,Customer 504,Female,37,Hyderabad,2024-05-24,383,True
CUST00505,1,3,3690.75,3690.75,2025-08-22,2025-08-22,Customer 505,Other,43,Madurai,2025-12-16,0,False
CUST00506,5,10,8070.05,1614.01,2025-06-23,2026-08-31,Customer 506,Other,23,Salem,2025-09-01,434,True
CUST00507,4,8,7830.82,1957.705,2024-12-02,2026-06-19,Customer 507,Female,59,Thanjavur,2025-07-26,564,True
CUST00508,2,4,3625.78,1812.89,2025-05-21,2026-11-15,Customer 508,Male,60,Pondicherry,2026-04-12,543,True
CUST00509,4,10,6549.78,1637.445,2025-04-03,2025-12-28,Customer 509,Other,61,Vellore,2026-04-28,269,True
CUST00510,3,4,6460.49,2153.4966666666664,2026-07-17,2026-10-29,Customer 510,Other,60,Tirunelveli,2024-04-05,104,True
CUST00511,4,7,5597.39,1399.3475,2025-02-02,2026-06-05,Customer 511,Female,19,Thanjavur,2025-06-04,488,True
CUST00512,3,10,11729.830000000002,3909.943333333334,2025-04-20,2026-03-23,Customer 512,Male,31,Thanjavur,2024-11-12,337,True
CUST00513,4,8,8138.49,2034.6225,2025-02-11,2026-10-04,Customer 513,Female,30,Trichy,2026-02-23,600,True
CUST00514,5,13,15732.59,3146.518,2025-01-15,2026-07-07,Customer 514,Male,22,Salem,2024-05-20,538,True
CUST00515,4,12,20729.41,5182.3525,2024-11-15,2026-07-16,Customer 515,Male,50,Vellore,2026-05-14,608,True
CUST00516,3,7,6817.14,2272.38,2025-09-09,2026-10-01,Customer 516,Other,51,Chennai,2026-05-05,387,True
CUST00517,6,11,10022.35,1670.3916666666667,2025-08-12,2026-05-20,Customer 517,Female,57,Madurai,2025-11-08,281,True
CUST00518,3,5,4063.49,1354.4966666666667,2025-04-29,2026-11-01,Customer 518,Female,27,Madurai,2025-09-03,551,True
CUST00519,7,14,15410.95,2201.5642857142857,2025-01-12,2026-10-23,Customer 519,Other,57,Madurai,2024-07-04,649,True
CUST00520,4,6,4110.42,1027.605,2025-05-18,2025-12-02,Customer 520,Female,20,Tirunelveli,2026-01-08,198,True
CUST00521,2,5,4153.27,2076.635,2025-01-04,2026-10-25,Customer 521,Other,64,Trichy,2025-01-08,659,True
CUST00522,1,2,1898.12,1898.12,2026-06-22,2026-06-22,Customer 522,Other,36,Pondicherry,2025-03-30,0,False
CUST00523,4,13,11411.96,2852.99,2025-01-15,2026-08-27,Customer 523,Female,32,Vellore,2026-03-13,589,True
CUST00524,4,6,4246.19,1061.5475,2025-06-30,2026-03-26,Customer 524,Female,48,Trichy,2024-09-01,269,True
CUST00525,5,14,13412.09,2682.418,2025-03-10,2026-08-17,Customer 525,Other,54,Erode,2025-01-11,525,True
CUST00526,5,7,6241.4400000000005,1248.288,2025-04-28,2026-10-30,Customer 526,Female,42,Vellore,2025-04-17,550,True
CUST00527,3,3,2860.16,953.3866666666667,2025-11-05,2026-09-16,Customer 527,Female,28,Trichy,2025-06-24,315,True
CUST00528,6,19,18003.45,3000.5750000000003,2024-12-11,2026-09-29,Customer 528,Other,26,Salem,2026-03-31,657,True
CUST00529,7,8,8360.02,1194.2885714285715,2025-01-25,2025-06-29,Customer 529,Other,48,Thanjavur,2024-02-23,155,True
CUST00530,6,15,11677.19,1946.1983333333335,2025-02-15,2025-10-25,Customer 530,Male,63,Vellore,2025-07-21,252,True
CUST00531,5,12,9901.67,1980.334,2025-04-03,2026-07-12,Customer 531,Male,36,Coimbatore,2026-05-21,465,True
CUST00532,6,8,7473.4,1245.5666666666666,2025-06-24,2026-09-09,Customer 532,Male,35,Erode,2026-02-20,442,True
CUST00533,3,5,7868.120000000001,2622.706666666667,2026-02-13,2026-08-31,Customer 533,Male,45,Coimbatore,2025-06-09,199,True
CUST00534,1,1,1122.17,1122.17,2024-12-08,2024-12-08,Customer 534,Female,40,Chennai,2024-08-15,0,False
CUST00535,2,4,2308.9700000000003,1154.4850000000001,2025-06-21,2026-04-13,Customer 535,Male,43,Vellore,2025-02-28,296,True
CUST00536,6,14,10347.32,1724.5533333333333,2025-04-29,2026-10-06,Customer 536,Male,42,Coimbatore,2025-01-17,525,True
CUST00537,2,5,3447.61,1723.805,2025-11-08,2026-05-26,Customer 537,Male,19,Thanjavur,2025-01-18,199,True
CUST00538,3,9,7984.4800000000005,2661.4933333333333,2024-12-08,2026-12-09,Customer 538,Other,59,Thanjavur,2024-04-11,731,True
CUST00539,4,8,8939.59,2234.8975,2025-06-07,2025-09-26,Customer 539,Male,26,Chennai,2026-03-21,111,True
CUST00540,3,6,7801.82,2600.6066666666666,2025-05-19,2026-01-21,Customer 540,Female,62,Madurai,2024-10-20,247,True
CUST00542,3,7,8397.46,2799.153333333333,2025-05-13,2026-05-08,Customer 542,Male,23,Chennai,2025-09-22,360,True
CUST00543,7,15,11266.57,1609.51,2025-05-18,2026-09-17,Customer 543,Male,27,Vellore,2024-09-19,487,True
CUST00544,7,14,17721.05,2531.578571428571,2025-01-10,2026-05-27,Customer 544,Other,51,Tirunelveli,2026-01-14,502,True
CUST00545,6,18,21750.73,3625.1216666666664,2025-05-29,2026-10-06,Customer 545,Female,33,Salem,2024-04-23,495,True
CUST00546,3,5,5767.0,1922.3333333333333,2025-01-22,2026-10-20,Customer 546,Male,33,Tirunelveli,2024-05-04,636,True
CUST00547,5,11,13967.9,2793.58,2025-02-14,2026-03-17,Customer 547,Other,47,Coimbatore,2025-10-16,396,True
CUST00548,3,3,3620.1800000000003,1206.7266666666667,2025-06-14,2026-06-15,Customer 548,Female,56,Vellore,2024-04-23,366,True
CUST00549,2,4,5148.610000000001,2574.3050000000003,2024-12-21,2025-04-17,Customer 549,Other,50,Bengaluru,2024-01-17,117,True
CUST00550,4,6,5143.77,1285.9425,2025-01-20,2026-10-27,Customer 550,Other,27,Salem,2024-09-04,645,True
CUST00551,3,5,8078.370000000001,2692.7900000000004,2026-03-04,2026-10-04,Customer 551,Male,57,Thanjavur,2025-03-15,214,True
CUST00552,2,4,4409.1,2204.55,2025-11-19,2025-12-31,Customer 552,Other,44,Madurai,2024-09-03,42,True
CUST00553,7,15,13476.62,1925.2314285714288,2024-12-22,2026-12-25,Customer 553,Other,23,Vellore,2025-11-11,733,True
CUST00554,4,12,16498.2,4124.55,2025-01-17,2026-10-15,Customer 554,Male,51,Vellore,2025-01-04,636,True
CUST00555,6,13,16187.94,2697.9900000000002,2025-07-20,2026-08-03,Customer 555,Other,53,Chennai,2025-06-03,379,True
CUST00556,2,5,9991.73,4995.865,2025-06-10,2025-10-16,Customer 556,Female,20,Hyderabad,2025-02-03,128,True
CUST00557,2,4,3597.16,1798.58,2025-01-02,2025-08-17,Customer 557,Female,34,Pondicherry,2025-01-31,227,True
CUST00558,3,5,6799.4,2266.4666666666667,2026-02-09,2026-08-07,Customer 558,Female,22,Thanjavur,2024-01-17,179,True
CUST00559,3,9,9845.21,3281.736666666666,2025-07-04,2026-07-28,Customer 559,Other,60,Hyderabad,2024-09-03,389,True
CUST00560,7,13,11595.76,1656.537142857143,2024-12-23,2026-10-14,Customer 560,Other,65,Thanjavur,2024-04-16,660,True
CUST00561,5,10,10438.32,2087.6639999999998,2024-12-19,2026-09-09,Customer 561,Male,40,Vellore,2024-05-16,629,True
CUST00562,6,11,12488.08,2081.346666666667,2025-06-02,2026-06-17,Customer 562,Other,29,Hyderabad,2024-12-12,380,True
CUST00563,2,2,2699.8999999999996,1349.9499999999998,2025-01-14,2025-03-20,Customer 563,Other,48,Hyderabad,2025-04-20,65,True
CUST00564,5,10,9495.42,1899.084,2025-05-01,2026-09-21,Customer 564,Male,22,Pondicherry,2024-07-05,508,True
CUST00565,4,6,5310.780000000001,1327.6950000000002,2024-12-18,2026-10-28,Customer 565,Female,20,Salem,2026-03-05,679,True
CUST00566,1,1,1375.6,1375.6,2025-06-22,2025-06-22,Customer 566,Male,30,Chennai,2024-07-25,0,False
CUST00567,6,14,16302.04,2717.0066666666667,2025-01-20,2026-10-12,Customer 567,Female,50,Tirunelveli,2024-11-19,630,True
CUST00568,4,10,4920.219999999999,1230.0549999999998,2025-02-17,2026-06-27,Customer 568,Other,48,Salem,2026-04-14,495,True
CUST00569,5,13,14755.18,2951.036,2025-02-08,2026-02-19,Customer 569,Other,30,Salem,2024-02-07,376,True
CUST00570,2,5,6455.79,3227.895,2025-07-28,2025-09-06,Customer 570,Male,59,Thanjavur,2024-12-31,40,True
CUST00571,9,25,20988.510000000002,2332.056666666667,2025-01-11,2026-11-13,Customer 571,Male,41,Tirunelveli,2024-10-06,671,True
CUST00572,4,10,5334.62,1333.655,2025-06-09,2026-06-16,Customer 572,Other,46,Tirunelveli,2025-02-13,372,True
CUST00573,8,16,14130.86,1766.3575,2025-03-06,2026-09-09,Customer 573,Male,49,Pondicherry,2024-12-13,552,True
CUST00574,4,6,9535.490000000002,2383.8725000000004,2025-07-02,2026-03-31,Customer 574,Female,51,Salem,2025-05-24,272,True
CUST00575,7,10,9776.03,1396.5757142857144,2024-11-14,2026-06-23,Customer 575,Male,64,Tirunelveli,2026-03-31,586,True
CUST00576,2,5,3499.04,1749.52,2024-12-06,2025-07-09,Customer 576,Female,56,Madurai,2024-03-21,215,True
CUST00577,2,4,4789.610000000001,2394.8050000000003,2025-04-10,2025-09-16,Customer 577,Female,38,Coimbatore,2025-07-12,159,True
CUST00578,4,12,6739.34,1684.835,2025-12-04,2026-11-06,Customer 578,Female,60,Salem,2024-03-22,337,True
CUST00579,3,3,2814.54,938.18,2025-03-12,2026-09-04,Customer 579,Female,56,Pondicherry,2024-11-09,541,True
CUST00580,1,4,3579.36,3579.36,2025-06-02,2025-06-02,Customer 580,Male,62,Erode,2025-03-12,0,False
CUST00581,4,7,7266.8099999999995,1816.7024999999999,2025-10-01,2026-08-04,Customer 581,Female,20,Pondicherry,2024-12-25,307,True
CUST00582,5,13,12707.119999999999,2541.424,2025-05-30,2026-10-07,Customer 582,Female,57,Tirunelveli,2026-06-09,495,True
CUST00583,1,5,5588.9,5588.9,2026-07-11,2026-07-11,Customer 583,Other,21,Coimbatore,2024-10-08,0,False
CUST00584,5,12,13202.2,2640.44,2025-06-22,2026-10-02,Customer 584,Other,43,Thanjavur,2025-11-18,467,True
CUST00585,2,3,1648.2800000000002,824.1400000000001,2024-12-22,2025-02-02,Customer 585,Other,61,Madurai,2025-06-09,42,True
CUST00586,3,6,6653.339999999999,2217.7799999999997,2025-09-21,2026-09-04,Customer 586,Male,56,Hyderabad,2024-02-01,348,True
CUST00587,6,11,6999.28,1166.5466666666666,2025-03-20,2026-11-05,Customer 587,Female,20,Madurai,2026-03-11,595,True
CUST00588,3,4,4873.66,1624.5533333333333,2024-12-17,2025-11-18,Customer 588,Male,59,Thanjavur,2024-03-09,336,True
CUST00589,5,17,17618.93,3523.786,2025-09-10,2026-07-24,Customer 589,Female,54,Chennai,2025-01-05,317,True
CUST00590,4,8,8901.14,2225.285,2025-04-06,2026-08-04,Customer 590,Male,61,Erode,2025-09-11,485,True
CUST00591,3,5,3033.08,1011.0266666666666,2025-01-01,2026-07-03,Customer 591,Female,46,Coimbatore,2025-01-14,548,True
CUST00592,4,6,3462.09,865.5225,2025-01-30,2026-05-06,Customer 592,Male,51,Thanjavur,2025-08-10,461,True
CUST00593,5,9,9556.32,1911.264,2025-04-23,2026-10-02,Customer 593,Female,59,Salem,2025-02-11,527,True
CUST00594,4,6,6618.87,1654.7175,2025-07-26,2026-11-15,Customer 594,Male,19,Pondicherry,2024-09-12,477,True
CUST00595,4,5,2871.8500000000004,717.9625000000001,2024-12-27,2026-08-11,Customer 595,Female,51,Tirunelveli,2024-07-09,592,True
CUST00596,3,8,13237.74,4412.58,2025-03-14,2026-01-23,Customer 596,Male,34,Salem,2025-07-29,315,True
CUST00597,5,7,6329.879999999999,1265.9759999999999,2026-02-07,2026-07-28,Customer 597,Female,31,Bengaluru,2025-12-21,171,True
CUST00598,3,10,15963.460000000001,5321.153333333334,2025-02-09,2026-01-06,Customer 598,Other,49,Trichy,2024-10-19,331,True
CUST00599,5,12,13353.69,2670.7380000000003,2024-11-28,2026-05-26,Customer 599,Male,22,Erode,2024-05-05,544,True
CUST00600,2,5,6767.35,3383.675,2026-01-09,2026-02-11,Customer 600,Other,46,Coimbatore,2024-06-25,33,True
CUST00601,3,6,4344.65,1448.2166666666665,2025-06-24,2026-08-12,Customer 601,Other,38,Hyderabad,2026-04-09,414,True
CUST00602,4,7,5945.21,1486.3025,2024-12-22,2026-09-22,Customer 602,Other,22,Vellore,2024-12-21,639,True
CUST00604,5,14,10774.23,2154.846,2025-08-23,2026-06-24,Customer 604,Other,62,Hyderabad,2025-12-29,305,True
CUST00605,2,2,2228.64,1114.32,2025-09-03,2026-03-10,Customer 605,Female,50,Trichy,2024-06-27,188,True
CUST00606,4,7,5912.73,1478.1825,2025-01-02,2026-07-29,Customer 606,Male,26,Trichy,2024-05-04,573,True
CUST00607,3,7,5925.74,1975.2466666666667,2024-11-23,2026-07-18,Customer 607,Female,19,Thanjavur,2026-03-20,602,True
CUST00608,3,4,4291.1,1430.3666666666668,2025-01-14,2026-10-05,Customer 608,Other,41,Erode,2025-07-21,629,True
CUST00609,1,3,5465.04,5465.04,2025-06-24,2025-06-24,Customer 609,Other,26,Bengaluru,2026-04-02,0,False
CUST00610,7,12,10385.37,1483.6242857142859,2025-02-02,2026-08-04,Customer 610,Male,37,Tirunelveli,2024-03-29,548,True
CUST00611,7,13,12564.15,1794.8785714285714,2025-04-19,2026-07-13,Customer 611,Other,48,Vellore,2026-01-04,450,True
CUST00612,2,5,6361.33,3180.665,2025-04-19,2026-07-11,Customer 612,Female,54,Coimbatore,2025-02-24,448,True
CUST00613,4,13,18195.71,4548.9275,2025-02-04,2026-09-28,Customer 613,Female,59,Coimbatore,2024-05-08,601,True
CUST00614,3,7,8946.29,2982.096666666667,2025-01-12,2026-05-08,Customer 614,Female,61,Vellore,2025-04-05,481,True
CUST00615,7,11,8725.32,1246.4742857142858,2025-03-23,2026-07-03,Customer 615,Male,53,Hyderabad,2024-12-18,467,True
CUST00616,2,9,12057.119999999999,6028.5599999999995,2025-08-26,2026-04-17,Customer 616,Male,26,Tirunelveli,2025-08-24,234,True
CUST00617,1,1,1529.67,1529.67,2025-04-25,2025-04-25,Customer 617,Male,25,Vellore,2025-05-29,0,False
CUST00618,4,8,4298.07,1074.5175,2025-04-14,2026-05-04,Customer 618,Female,28,Madurai,2024-06-05,385,True
CUST00619,4,10,11356.35,2839.0875,2025-05-26,2026-11-17,Customer 619,Other,32,Thanjavur,2024-11-26,540,True
CUST00620,5,15,16101.35,3220.27,2025-03-31,2026-10-13,Customer 620,Female,23,Salem,2025-06-15,561,True
CUST00621,5,9,12067.43,2413.486,2025-05-30,2026-11-23,Customer 621,Other,53,Salem,2024-07-20,542,True
CUST00622,2,9,6625.51,3312.755,2026-03-10,2026-07-21,Customer 622,Other,37,Bengaluru,2024-05-08,133,True
CUST00623,3,6,5308.01,1769.3366666666668,2025-01-10,2026-07-02,Customer 623,Male,50,Hyderabad,2025-06-30,538,True
CUST00624,3,3,1829.07,609.6899999999999,2025-07-02,2026-08-03,Customer 624,Other,55,Madurai,2024-06-21,397,True
CUST00625,6,16,13858.310000000001,2309.7183333333337,2025-01-21,2026-03-04,Customer 625,Other,57,Pondicherry,2024-06-24,407,True
CUST00626,3,5,3978.14,1326.0466666666666,2024-12-29,2026-11-25,Customer 626,Female,54,Chennai,2025-09-11,696,True
CUST00627,3,9,8851.029999999999,2950.343333333333,2025-04-29,2025-11-10,Customer 627,Male,23,Chennai,2026-04-25,195,True
CUST00628,5,12,12095.75,2419.15,2024-11-22,2026-05-01,Customer 628,Other,34,Hyderabad,2025-10-18,525,True
CUST00629,1,1,730.5,730.5,2025-12-04,2025-12-04,Customer 629,Other,44,Bengaluru,2024-08-03,0,False
CUST00630,6,8,7589.1,1264.8500000000001,2025-08-18,2026-10-24,Customer 630,Male,49,Hyderabad,2025-10-16,432,True
CUST00631,3,8,10496.22,3498.74,2025-01-26,2025-08-02,Customer 631,Female,59,Salem,2025-07-12,188,True
CUST00633,3,7,6666.0599999999995,2222.02,2025-02-04,2025-05-24,Customer 633,Female,22,Pondicherry,2024-10-31,109,True
CUST00634,5,10,10142.34,2028.468,2024-12-19,2026-08-12,Customer 634,Male,46,Tirunelveli,2024-03-02,601,True
CUST00635,3,8,11420.380000000001,3806.7933333333335,2025-06-01,2026-09-15,Customer 635,Female,31,Thanjavur,2025-05-10,471,True
CUST00636,7,18,17283.239999999998,2469.0342857142855,2025-02-12,2026-09-30,Customer 636,Male,38,Pondicherry,2025-09-13,595,True
CUST00637,2,5,5997.54,2998.77,2025-02-01,2026-04-13,Customer 637,Other,40,Tirunelveli,2024-11-22,436,True
CUST00638,4,8,10156.01,2539.0025,2025-01-19,2026-07-06,Customer 638,Female,50,Vellore,2024-05-13,533,True
CUST00639,4,4,3087.05,771.7625,2025-12-05,2026-09-24,Customer 639,Female,33,Erode,2024-04-18,293,True
CUST00640,5,13,15385.14,3077.028,2025-02-19,2025-08-06,Customer 640,Female,46,Trichy,2024-05-05,168,True
CUST00641,3,4,4391.44,1463.8133333333333,2025-07-18,2026-08-24,Customer 641,Male,21,Salem,2024-05-24,402,True
CUST00642,4,11,8570.48,2142.62,2025-01-29,2026-08-29,Customer 642,Other,44,Trichy,2025-01-28,577,True
CUST00643,4,8,6314.13,1578.5325,2025-05-27,2026-07-15,Customer 643,Male,38,Bengaluru,2026-06-05,414,True
CUST00644,4,7,6013.3,1503.325,2024-12-02,2025-08-04,Customer 644,Female,30,Madurai,2026-01-08,245,True
CUST00645,5,8,13394.6,2678.92,2025-01-26,2026-08-07,Customer 645,Other,47,Erode,2025-05-25,558,True
CUST00646,4,11,10587.51,2646.8775,2026-02-01,2026-10-23,Customer 646,Female,49,Chennai,2026-06-19,264,True
CUST00647,4,8,9482.699999999999,2370.6749999999997,2024-12-26,2026-03-08,Customer 647,Female,50,Erode,2024-04-02,437,True
CUST00648,5,12,8968.07,1793.614,2025-03-25,2026-03-15,Customer 648,Male,55,Thanjavur,2024-09-03,355,True
CUST00649,3,6,8653.52,2884.5066666666667,2025-05-25,2026-02-25,Customer 649,Male,36,Erode,2024-02-19,276,True
CUST00650,10,18,14394.779999999999,1439.4779999999998,2025-01-11,2026-09-22,Customer 650,Other,61,Erode,2025-09-03,619,True
CUST00651,6,13,18516.77,3086.1283333333336,2026-01-17,2026-08-28,Customer 651,Other,18,Coimbatore,2024-10-19,223,True
CUST00652,4,9,10715.830000000002,2678.9575000000004,2025-01-23,2026-10-02,Customer 652,Male,34,Pondicherry,2025-03-17,617,True
CUST00653,2,7,2907.34,1453.67,2025-07-30,2026-10-11,Customer 653,Female,41,Chennai,2025-01-09,438,True
CUST00654,3,7,6337.27,2112.4233333333336,2025-08-06,2026-09-03,Customer 654,Male,54,Vellore,2025-02-14,393,True
CUST00655,4,12,12267.18,3066.795,2025-04-10,2026-01-04,Customer 655,Female,53,Salem,2024-07-18,269,True
CUST00656,5,7,10677.01,2135.402,2024-11-30,2026-09-20,Customer 656,Female,50,Erode,2024-03-16,659,True
CUST00657,3,10,6231.41,2077.1366666666668,2025-03-03,2026-06-19,Customer 657,Other,35,Bengaluru,2026-02-21,473,True
CUST00658,3,11,8947.210000000001,2982.4033333333336,2025-03-08,2025-12-09,Customer 658,Other,25,Madurai,2025-11-27,276,True
CUST00659,5,11,11586.720000000001,2317.344,2024-12-27,2026-08-08,Customer 659,Female,41,Thanjavur,2024-04-09,589,True
CUST00660,6,11,10051.72,1675.2866666666666,2025-08-15,2026-04-28,Customer 660,Female,27,Trichy,2025-07-25,256,True
CUST00661,2,6,5230.139999999999,2615.0699999999997,2025-04-12,2025-07-08,Customer 661,Other,43,Vellore,2025-09-08,87,True
CUST00662,4,6,6778.63,1694.6575,2025-12-09,2026-09-07,Customer 662,Male,20,Madurai,2024-02-11,272,True
CUST00663,3,3,2448.3,816.1,2026-03-25,2026-10-30,Customer 663,Female,48,Vellore,2025-12-31,219,True
CUST00664,9,15,16301.19,1811.2433333333333,2025-02-23,2026-12-15,Customer 664,Male,56,Vellore,2025-04-12,660,True
CUST00665,4,9,9070.43,2267.6075,2025-05-01,2026-05-30,Customer 665,Female,57,Thanjavur,2024-05-23,394,True
CUST00666,1,1,860.96,860.96,2025-09-02,2025-09-02,Customer 666,Female,57,Pondicherry,2024-06-15,0,False
CUST00668,4,6,3863.84,965.96,2025-10-08,2026-08-02,Customer 668,Other,52,Erode,2025-06-03,298,True
CUST00669,5,8,8854.98,1770.9959999999999,2025-10-11,2026-08-11,Customer 669,Other,37,Erode,2025-12-26,304,True
CUST00670,5,6,9226.19,1845.238,2025-01-02,2026-10-08,Customer 670,Male,41,Thanjavur,2026-04-15,644,True
CUST00671,4,14,18452.75,4613.1875,2025-04-18,2026-08-10,Customer 671,Male,44,Bengaluru,2025-11-20,479,True
CUST00672,2,6,6839.65,3419.825,2025-08-06,2026-07-19,Customer 672,Other,62,Hyderabad,2024-11-11,347,True
CUST00673,5,11,14807.26,2961.452,2025-03-17,2026-03-30,Customer 673,Other,48,Salem,2024-01-28,378,True
CUST00674,3,3,3524.16,1174.72,2026-03-28,2026-08-25,Customer 674,Other,54,Trichy,2025-11-02,150,True
CUST00675,4,14,12387.61,3096.9025,2025-01-28,2026-09-11,Customer 675,Male,55,Erode,2026-01-08,591,True
CUST00676,4,11,18107.2,4526.8,2025-05-22,2026-08-14,Customer 676,Other,58,Pondicherry,2024-06-23,449,True
CUST00677,7,14,14551.92,2078.845714285714,2025-05-04,2026-10-18,Customer 677,Female,27,Hyderabad,2025-09-26,532,True
CUST00678,3,6,7786.889999999999,2595.6299999999997,2025-07-16,2026-07-26,Customer 678,Male,54,Pondicherry,2024-09-05,375,True
CUST00679,5,8,7035.22,1407.044,2025-06-27,2026-06-29,Customer 679,Male,19,Erode,2024-04-22,367,True
CUST00680,6,11,10908.91,1818.1516666666666,2025-06-03,2026-08-21,Customer 680,Female,27,Tirunelveli,2024-11-17,444,True
CUST00681,2,7,6782.200000000001,3391.1000000000004,2025-02-18,2025-07-02,Customer 681,Male,44,Vellore,2025-12-08,134,True
CUST00682,7,18,20220.76,2888.68,2025-03-28,2026-08-10,Customer 682,Other,48,Pondicherry,2026-03-04,500,True
CUST00683,3,3,3087.3700000000003,1029.1233333333334,2025-05-22,2026-05-01,Customer 683,Male,63,Madurai,2026-01-14,344,True
CUST00684,5,10,8702.7,1740.5400000000002,2025-06-12,2026-04-05,Customer 684,Male,53,Thanjavur,2025-06-15,297,True
CUST00685,3,4,3741.3999999999996,1247.1333333333332,2026-03-17,2026-08-31,Customer 685,Female,51,Tirunelveli,2025-11-09,167,True
CUST00686,6,15,11368.17,1894.695,2025-03-22,2026-08-02,Customer 686,Male,47,Vellore,2024-11-17,498,True
CUST00687,4,9,6580.639999999999,1645.1599999999999,2025-01-24,2026-08-12,Customer 687,Other,40,Hyderabad,2024-12-16,565,True
CUST00688,5,13,13109.67,2621.934,2025-01-10,2026-04-17,Customer 688,Other,61,Hyderabad,2026-03-01,462,True
CUST00689,1,3,5082.84,5082.84,2025-09-14,2025-09-14,Customer 689,Other,34,Bengaluru,2026-04-02,0,False
CUST00690,2,4,4687.12,2343.56,2025-04-05,2026-05-03,Customer 690,Male,33,Salem,2025-05-10,393,True
CUST00691,2,4,2221.17,1110.585,2025-01-30,2026-05-19,Customer 691,Female,32,Salem,2025-07-25,474,True
CUST00692,4,9,8860.35,2215.0875,2025-01-01,2026-06-26,Customer 692,Female,63,Trichy,2026-02-28,541,True
CUST00693,4,10,7268.02,1817.005,2025-07-15,2026-11-02,Customer 693,Other,49,Thanjavur,2025-12-07,475,True
CUST00694,2,3,2695.35,1347.675,2025-01-07,2025-01-23,Customer 694,Female,53,Pondicherry,2025-05-06,16,True
CUST00695,3,6,7847.6,2615.866666666667,2025-05-21,2025-06-30,Customer 695,Female,25,Bengaluru,2024-10-07,40,True
CUST00696,3,8,7451.63,2483.8766666666666,2025-06-03,2025-12-15,Customer 696,Other,42,Tirunelveli,2025-11-23,195,True
CUST00697,1,2,887.1,887.1,2026-09-27,2026-09-27,Customer 697,Female,27,Salem,2026-04-18,0,False
CUST00698,5,11,15276.77,3055.3540000000003,2025-01-29,2026-04-07,Customer 698,Female,63,Coimbatore,2024-02-13,433,True
CUST00699,6,15,17927.44,2987.9066666666663,2024-11-20,2026-07-16,Customer 699,Female,59,Salem,2024-12-20,603,True
CUST00700,4,11,9571.89,2392.9725,2025-05-19,2026-10-30,Customer 700,Female,31,Trichy,2026-02-04,529,True
CUST00701,9,19,20791.88,2310.208888888889,2025-03-06,2026-10-22,Customer 701,Other,35,Vellore,2026-04-27,595,True
CUST00702,2,5,3151.42,1575.71,2026-02-01,2026-07-31,Customer 702,Female,26,Coimbatore,2025-12-13,180,True
CUST00703,1,1,408.05,408.05,2026-02-25,2026-02-25,Customer 703,Other,55,Trichy,2025-09-22,0,False
CUST00704,3,8,7668.32,2556.1066666666666,2025-08-31,2026-02-19,Customer 704,Male,60,Vellore,2024-09-05,172,True
CUST00705,5,5,4747.860000000001,949.5720000000001,2025-06-13,2026-06-20,Customer 705,Other,32,Chennai,2024-08-19,372,True
CUST00706,7,21,20460.27,2922.8957142857143,2024-11-29,2026-06-29,Customer 706,Female,39,Pondicherry,2024-04-12,577,True
CUST00707,3,10,12890.779999999999,4296.926666666666,2025-08-28,2026-08-22,Customer 707,Male,61,Madurai,2025-04-28,359,True
CUST00708,3,9,5691.96,1897.32,2026-01-13,2026-06-11,Customer 708,Other,28,Tirunelveli,2024-01-06,149,True
CUST00709,5,6,7586.78,1517.356,2025-03-24,2026-07-02,Customer 709,Female,48,Hyderabad,2025-10-30,465,True
CUST00710,2,5,3535.4500000000003,1767.7250000000001,2025-09-30,2025-12-23,Customer 710,Female,38,Salem,2024-07-23,84,True
CUST00711,4,8,9651.02,2412.755,2025-10-31,2026-10-09,Customer 711,Male,23,Hyderabad,2025-10-23,343,True
CUST00712,3,8,8859.64,2953.213333333333,2024-12-21,2026-05-20,Customer 712,Male,52,Pondicherry,2025-08-10,515,True
CUST00713,2,2,3579.43,1789.715,2026-03-13,2026-04-08,Customer 713,Male,29,Tirunelveli,2026-01-10,26,True
CUST00714,3,7,7537.5,2512.5,2025-03-08,2025-11-20,Customer 714,Male,20,Tirunelveli,2026-05-07,257,True
CUST00715,3,6,9233.68,3077.8933333333334,2024-12-05,2026-09-13,Customer 715,Female,29,Pondicherry,2026-03-17,647,True
CUST00716,4,6,5626.58,1406.645,2025-05-17,2026-10-28,Customer 716,Female,20,Chennai,2026-06-12,529,True
CUST00717,3,4,4700.38,1566.7933333333333,2026-01-13,2026-11-27,Customer 717,Other,56,Coimbatore,2024-11-01,318,True
CUST00718,4,7,4967.32,1241.83,2025-02-11,2026-04-19,Customer 718,Female,47,Hyderabad,2024-12-09,432,True
CUST00719,3,3,4097.64,1365.88,2025-08-28,2026-03-07,Customer 719,Other,49,Madurai,2025-07-10,191,True
CUST00720,3,10,7817.3,2605.766666666667,2025-01-17,2025-11-27,Customer 720,Other,47,Salem,2026-05-21,314,True
CUST00721,1,1,1408.17,1408.17,2026-03-29,2026-03-29,Customer 721,Male,39,Madurai,2024-07-16,0,False
CUST00722,5,8,6100.28,1220.056,2025-05-23,2026-06-21,Customer 722,Female,59,Salem,2026-01-18,394,True
CUST00723,4,13,9956.32,2489.08,2025-05-10,2026-10-03,Customer 723,Male,18,Pondicherry,2026-01-05,511,True
CUST00724,4,9,11229.48,2807.37,2025-04-24,2026-07-25,Customer 724,Female,54,Hyderabad,2024-12-11,457,True
CUST00725,4,12,13675.03,3418.7575,2025-04-21,2026-05-30,Customer 725,Male,29,Bengaluru,2026-02-14,404,True
CUST00726,4,8,4341.2300000000005,1085.3075000000001,2025-01-23,2026-04-19,Customer 726,Other,43,Tirunelveli,2026-05-26,451,True
CUST00727,10,22,26812.010000000002,2681.201,2025-03-17,2026-09-04,Customer 727,Female,23,Tirunelveli,2025-06-11,536,True
CUST00728,5,14,17023.440000000002,3404.6880000000006,2025-08-08,2026-09-25,Customer 728,Male,29,Madurai,2025-11-16,413,True
CUST00729,10,23,30919.940000000002,3091.994,2025-05-01,2026-11-09,Customer 729,Female,33,Chennai,2025-05-03,557,True
CUST00731,3,5,5036.9,1678.9666666666665,2025-05-30,2026-05-28,Customer 731,Female,39,Salem,2026-02-10,363,True
CUST00732,6,14,19806.21,3301.035,2025-06-26,2026-07-22,Customer 732,Other,54,Chennai,2025-08-19,391,True
CUST00734,5,9,11336.75,2267.35,2025-01-20,2026-04-20,Customer 734,Male,60,Coimbatore,2024-08-29,455,True
CUST00735,3,5,4838.07,1612.6899999999998,2025-04-13,2025-08-19,Customer 735,Female,28,Tirunelveli,2025-04-21,128,True
CUST00736,6,17,12926.220000000001,2154.3700000000003,2025-09-06,2026-08-25,Customer 736,Other,63,Salem,2025-12-03,353,True
CUST00737,5,13,9063.92,1812.784,2025-02-07,2026-01-11,Customer 737,Male,58,Salem,2025-12-07,338,True
CUST00738,4,9,8827.02,2206.755,2024-12-25,2025-05-26,Customer 738,Other,32,Trichy,2025-01-11,152,True
CUST00739,6,14,13627.31,2271.2183333333332,2025-11-24,2026-10-10,Customer 739,Female,27,Erode,2024-05-16,320,True
CUST00740,4,9,11675.41,2918.8525,2025-01-03,2026-07-11,Customer 740,Other,41,Tirunelveli,2026-02-04,554,True
CUST00742,6,11,13812.869999999999,2302.145,2024-12-01,2026-08-25,Customer 742,Other,31,Trichy,2026-04-01,632,True
CUST00743,4,7,5357.6,1339.4,2025-08-24,2026-04-06,Customer 743,Other,23,Vellore,2025-11-27,225,True
CUST00744,5,12,8827.66,1765.532,2024-11-29,2026-01-28,Customer 744,Other,63,Thanjavur,2025-04-02,425,True
CUST00745,1,2,2008.46,2008.46,2025-06-19,2025-06-19,Customer 745,Other,25,Chennai,2024-03-20,0,False
CUST00746,2,2,3225.88,1612.94,2025-01-30,2025-04-22,Customer 746,Other,50,Trichy,2026-04-28,82,True
CUST00747,5,9,7914.88,1582.976,2025-02-05,2026-06-02,Customer 747,Other,27,Madurai,2025-08-09,482,True
CUST00748,3,6,6440.400000000001,2146.8,2025-01-10,2026-04-12,Customer 748,Other,46,Coimbatore,2024-12-01,457,True
CUST00749,4,11,8852.92,2213.23,2025-01-26,2026-08-16,Customer 749,Male,63,Bengaluru,2025-11-27,567,True
CUST00750,3,8,10541.560000000001,3513.853333333334,2024-11-24,2026-01-26,Customer 750,Male,50,Erode,2025-05-15,428,True
CUST00751,5,9,10655.1,2131.02,2025-07-12,2026-05-22,Customer 751,Male,47,Madurai,2026-04-08,314,True
CUST00752,7,13,12770.22,1824.3171428571427,2024-12-30,2025-11-30,Customer 752,Female,47,Bengaluru,2025-06-09,335,True
CUST00753,2,6,7290.06,3645.03,2026-01-18,2026-02-01,Customer 753,Other,47,Hyderabad,2024-02-29,14,True
CUST00754,4,8,5882.370000000001,1470.5925000000002,2025-02-11,2026-06-01,Customer 754,Female,64,Chennai,2026-04-06,475,True
CUST00755,4,11,6647.77,1661.9425,2024-12-04,2026-07-20,Customer 755,Female,18,Pondicherry,2025-02-09,593,True
CUST00756,6,14,17221.29,2870.215,2025-06-05,2026-07-22,Customer 756,Other,22,Chennai,2024-08-11,412,True
CUST00757,6,16,19070.84,3178.4733333333334,2025-02-25,2026-08-29,Customer 757,Female,62,Coimbatore,2025-03-09,550,True
CUST00758,6,8,9732.82,1622.1366666666665,2024-12-11,2026-07-08,Customer 758,Male,22,Erode,2025-07-08,574,True
CUST00759,7,16,13703.95,1957.707142857143,2024-12-17,2025-12-02,Customer 759,Female,44,Madurai,2024-02-02,350,True
CUST00760,4,12,14216.6,3554.15,2025-05-29,2026-11-10,Customer 760,Male,59,Pondicherry,2026-02-26,530,True
CUST00761,6,19,22588.21,3764.7016666666664,2025-01-11,2026-03-19,Customer 761,Female,41,Tirunelveli,2025-10-23,432,True
CUST00762,2,5,6459.05,3229.525,2025-07-17,2025-11-25,Customer 762,Female,42,Coimbatore,2025-04-04,131,True
CUST00763,3,6,4509.41,1503.1366666666665,2024-12-07,2025-10-26,Customer 763,Other,52,Madurai,2025-11-30,323,True
CUST00764,3,3,2976.4300000000003,992.1433333333334,2026-05-12,2026-10-20,Customer 764,Female,25,Madurai,2025-10-31,161,True
CUST00765,8,25,18730.87,2341.35875,2024-11-27,2026-08-11,Customer 765,Female,51,Madurai,2025-07-04,622,True
CUST00766,4,5,5944.219999999999,1486.0549999999998,2025-03-29,2026-03-02,Customer 766,Male,18,Chennai,2026-01-15,338,True
CUST00767,5,6,8220.07,1644.014,2026-01-07,2026-11-30,Customer 767,Female,61,Pondicherry,2024-11-01,327,True
CUST00768,2,2,1330.0,665.0,2025-09-10,2026-04-01,Customer 768,Female,52,Tirunelveli,2025-07-11,203,True
CUST00769,5,12,11036.779999999999,2207.3559999999998,2025-01-10,2026-06-22,Customer 769,Male,33,Erode,2026-04-23,528,True
CUST00770,5,14,20023.63,4004.726,2025-01-15,2026-10-17,Customer 770,Male,35,Trichy,2024-12-20,640,True
CUST00771,4,10,13178.88,3294.72,2025-05-20,2026-07-30,Customer 771,Other,25,Chennai,2026-06-15,436,True
CUST00772,3,8,7255.8099999999995,2418.603333333333,2025-11-01,2026-08-24,Customer 772,Other,44,Bengaluru,2026-04-08,296,True
CUST00773,2,5,5882.8099999999995,2941.4049999999997,2025-06-14,2026-08-07,Customer 773,Male,33,Trichy,2026-02-23,419,True
CUST00774,3,7,10107.47,3369.1566666666663,2025-09-26,2026-08-17,Customer 774,Male,56,Chennai,2024-03-09,325,True
CUST00775,5,15,18732.23,3746.446,2024-12-15,2026-05-13,Customer 775,Other,61,Pondicherry,2025-04-02,514,True
CUST00776,4,4,5063.719999999999,1265.9299999999998,2025-01-18,2026-03-03,Customer 776,Male,33,Pondicherry,2026-06-12,409,True
CUST00777,3,7,8351.32,2783.773333333333,2025-04-04,2025-06-04,Customer 777,Female,46,Trichy,2024-02-15,61,True
CUST00778,3,8,7666.75,2555.5833333333335,2025-01-25,2026-06-23,Customer 778,Male,21,Madurai,2025-07-06,514,True
CUST00779,3,4,3712.92,1237.64,2025-05-20,2026-12-16,Customer 779,Female,32,Pondicherry,2025-05-30,575,True
CUST00780,7,23,16205.619999999999,2315.0885714285714,2025-01-09,2026-06-21,Customer 780,Female,54,Bengaluru,2025-08-12,528,True
CUST00781,4,9,8808.13,2202.0325,2025-04-23,2025-09-11,Customer 781,Other,38,Trichy,2026-03-02,141,True
CUST00782,8,13,10691.69,1336.46125,2025-05-07,2026-10-26,Customer 782,Male,60,Vellore,2024-11-05,537,True
CUST00783,5,10,9978.93,1995.786,2024-12-20,2026-09-30,Customer 783,Female,37,Salem,2024-08-14,649,True
CUST00784,4,6,6157.18,1539.295,2025-02-08,2026-08-25,Customer 784,Other,55,Pondicherry,2024-03-03,563,True
CUST00785,3,10,8537.89,2845.963333333333,2025-08-11,2026-02-27,Customer 785,Other,61,Tirunelveli,2024-06-28,200,True
CUST00786,1,1,1007.58,1007.58,2026-04-21,2026-04-21,Customer 786,Female,21,Thanjavur,2025-07-23,0,False
CUST00787,3,8,7999.0599999999995,2666.353333333333,2025-05-05,2025-06-08,Customer 787,Other,42,Vellore,2025-10-20,34,True
CUST00788,8,13,14131.16,1766.395,2024-11-20,2026-05-20,Customer 788,Other,44,Tirunelveli,2024-11-22,546,True
CUST00789,2,6,4217.55,2108.775,2024-12-29,2025-08-21,Customer 789,Female,42,Madurai,2024-06-01,235,True
CUST00790,6,11,13612.72,2268.7866666666664,2025-04-28,2026-08-25,Customer 790,Other,48,Trichy,2026-02-11,484,True
CUST00791,6,13,12496.65,2082.775,2025-01-17,2026-05-31,Customer 791,Male,37,Pondicherry,2026-05-19,499,True
CUST00792,2,5,5417.71,2708.855,2025-04-13,2026-02-11,Customer 792,Female,21,Vellore,2024-05-27,304,True
CUST00793,7,16,17587.46,2512.4942857142855,2025-01-31,2026-10-08,Customer 793,Female,53,Vellore,2025-02-26,615,True
CUST00794,3,5,4373.52,1457.8400000000001,2025-03-12,2026-11-03,Customer 794,Female,33,Salem,2024-05-17,601,True
CUST00795,5,12,13009.8,2601.96,2024-12-27,2026-04-09,Customer 795,Female,59,Coimbatore,2024-07-27,468,True
CUST00796,4,8,11337.25,2834.3125,2024-12-09,2026-07-30,Customer 796,Female,23,Vellore,2025-04-05,598,True
CUST00797,4,8,10162.86,2540.715,2025-06-20,2026-10-15,Customer 797,Male,21,Salem,2026-01-11,482,True
CUST00798,3,11,11771.97,3923.99,2025-02-07,2026-07-10,Customer 798,Other,56,Bengaluru,2025-01-21,518,True
CUST00799,6,13,12238.42,2039.7366666666667,2025-04-24,2026-02-26,Customer 799,Male,30,Bengaluru,2024-02-10,308,True
CUST00800,3,8,8103.85,2701.2833333333333,2025-05-27,2026-10-10,Customer 800,Other,53,Trichy,2026-01-11,501,True
CUST00801,3,6,4819.61,1606.5366666666666,2024-12-26,2026-04-02,Customer 801,Male,39,Salem,2025-05-05,462,True
CUST00802,4,12,12469.199999999999,3117.2999999999997,2025-01-09,2025-06-08,Customer 802,Male,30,Pondicherry,2024-01-16,150,True
CUST00804,8,19,15040.87,1880.10875,2024-12-07,2026-09-30,Customer 804,Other,63,Trichy,2025-12-13,662,True
CUST00805,2,2,1711.67,855.835,2026-06-05,2026-07-09,Customer 805,Male,53,Thanjavur,2025-02-10,34,True
CUST00807,4,12,11726.16,2931.54,2024-11-21,2026-02-02,Customer 807,Other,40,Salem,2025-06-30,438,True
CUST00808,8,17,22782.82,2847.8525,2025-06-24,2026-11-21,Customer 808,Female,50,Erode,2024-09-24,515,True
CUST00809,6,13,12040.41,2006.735,2025-05-19,2025-09-12,Customer 809,Male,64,Erode,2025-04-22,116,True
CUST00810,2,2,2168.83,1084.415,2026-01-10,2026-07-01,Customer 810,Female,31,Thanjavur,2026-02-18,172,True
CUST00811,6,12,13892.439999999999,2315.4066666666663,2025-01-10,2026-06-01,Customer 811,Female,20,Bengaluru,2024-11-16,507,True
CUST00812,5,11,9211.4,1842.28,2025-01-24,2026-09-30,Customer 812,Male,65,Madurai,2026-06-03,614,True
CUST00813,3,8,4300.57,1433.5233333333333,2025-04-14,2026-01-13,Customer 813,Female,53,Bengaluru,2024-01-17,274,True
CUST00814,8,17,18339.64,2292.455,2025-03-14,2026-03-26,Customer 814,Other,44,Salem,2025-08-16,377,True
CUST00815,2,4,5439.290000000001,2719.6450000000004,2025-06-01,2026-04-10,Customer 815,Male,39,Trichy,2024-06-05,313,True
CUST00816,5,11,12707.46,2541.4919999999997,2025-07-14,2026-08-06,Customer 816,Other,33,Erode,2025-01-23,388,True
CUST00817,1,3,6840.42,6840.42,2026-08-01,2026-08-01,Customer 817,Other,61,Thanjavur,2025-07-17,0,False
CUST00818,7,13,16233.02,2319.002857142857,2025-06-16,2026-10-19,Customer 818,Female,64,Hyderabad,2024-09-20,490,True
CUST00819,2,8,7634.73,3817.365,2025-01-23,2025-05-15,Customer 819,Female,47,Madurai,2026-01-27,112,True
CUST00820,5,11,12927.92,2585.584,2025-06-08,2026-05-12,Customer 820,Female,28,Madurai,2026-01-20,338,True
CUST00821,11,29,30506.26,2773.2963636363634,2025-01-04,2026-10-12,Customer 821,Other,49,Madurai,2026-01-07,646,True
CUST00822,4,8,10711.91,2677.9775,2025-04-25,2026-03-21,Customer 822,Other,21,Vellore,2025-07-09,330,True
CUST00823,5,15,20142.64,4028.528,2025-01-20,2026-04-29,Customer 823,Male,60,Chennai,2024-02-04,464,True
CUST00824,8,15,11174.94,1396.8675,2025-03-25,2026-07-09,Customer 824,Male,44,Madurai,2026-02-21,471,True
CUST00825,1,1,803.25,803.25,2025-07-25,2025-07-25,Customer 825,Other,32,Coimbatore,2026-05-12,0,False
CUST00826,4,9,7940.31,1985.0775,2025-10-02,2026-09-02,Customer 826,Male,18,Trichy,2025-12-25,335,True
CUST00827,3,3,4221.44,1407.1466666666665,2025-07-06,2026-06-27,Customer 827,Female,41,Chennai,2025-06-01,356,True
CUST00828,4,5,4691.34,1172.835,2026-04-11,2026-10-27,Customer 828,Other,60,Bengaluru,2025-09-24,199,True
CUST00829,5,8,8854.03,1770.806,2024-11-26,2025-12-26,Customer 829,Other,49,Chennai,2025-05-09,395,True
CUST00830,4,7,4253.92,1063.48,2025-11-25,2026-07-31,Customer 830,Other,53,Tirunelveli,2024-01-07,248,True
CUST00831,4,10,5934.18,1483.545,2025-01-03,2025-05-23,Customer 831,Male,51,Pondicherry,2024-01-13,140,True
CUST00832,1,3,3777.75,3777.75,2025-02-01,2025-02-01,Customer 832,Other,36,Chennai,2024-10-08,0,False
CUST00833,2,4,2266.26,1133.13,2025-01-30,2026-07-10,Customer 833,Other,61,Tirunelveli,2025-05-29,526,True
CUST00834,2,4,3069.64,1534.82,2025-09-24,2025-11-18,Customer 834,Male,24,Coimbatore,2026-04-05,55,True
CUST00835,4,4,5766.32,1441.58,2025-06-30,2026-11-14,Customer 835,Male,33,Trichy,2025-06-20,502,True
CUST00836,6,10,8579.31,1429.885,2025-01-06,2025-10-05,Customer 836,Other,34,Thanjavur,2025-09-26,272,True
CUST00837,4,10,10226.91,2556.7275,2025-04-17,2026-01-17,Customer 837,Female,23,Thanjavur,2024-09-30,275,True
CUST00838,3,6,6769.02,2256.34,2025-05-15,2026-05-31,Customer 838,Female,54,Trichy,2025-02-19,381,True
CUST00839,3,5,6353.9800000000005,2117.9933333333333,2025-09-08,2026-07-07,Customer 839,Male,37,Hyderabad,2025-12-14,302,True
CUST00840,2,3,2571.63,1285.815,2025-02-27,2026-11-10,Customer 840,Male,59,Hyderabad,2026-04-27,621,True
CUST00841,7,19,12915.92,1845.1314285714286,2024-12-11,2026-11-15,Customer 841,Male,23,Tirunelveli,2026-02-16,704,True
CUST00842,1,2,2320.42,2320.42,2025-02-15,2025-02-15,Customer 842,Female,53,Erode,2025-01-23,0,False
CUST00843,3,8,5183.84,1727.9466666666667,2025-04-04,2026-08-01,Customer 843,Other,18,Pondicherry,2024-02-27,484,True
CUST00844,5,13,7496.43,1499.286,2025-06-05,2026-09-19,Customer 844,Male,49,Tirunelveli,2024-06-24,471,True
CUST00845,3,7,6297.01,2099.0033333333336,2025-05-31,2026-01-24,Customer 845,Female,54,Coimbatore,2025-10-22,238,True
CUST00846,5,10,8974.369999999999,1794.8739999999998,2025-03-05,2026-02-19,Customer 846,Male,32,Trichy,2025-06-24,351,True
CUST00847,3,8,10929.359999999999,3643.1199999999994,2025-03-14,2025-08-23,Customer 847,Other,54,Erode,2026-06-07,162,True
CUST00848,4,9,9335.49,2333.8725,2025-01-15,2026-09-27,Customer 848,Male,22,Hyderabad,2024-10-04,620,True
CUST00849,3,10,10107.17,3369.056666666667,2025-04-23,2026-05-19,Customer 849,Other,54,Hyderabad,2024-10-14,391,True
CUST00850,6,14,16101.66,2683.61,2025-04-26,2026-12-08,Customer 850,Male,38,Chennai,2024-02-03,591,True
CUST00851,3,7,6697.01,2232.3366666666666,2024-11-24,2025-10-02,Customer 851,Other,27,Pondicherry,2024-07-31,312,True
CUST00852,3,11,11132.82,3710.94,2025-02-08,2025-12-02,Customer 852,Female,22,Salem,2026-04-20,297,True
CUST00853,7,15,13996.66,1999.5228571428572,2024-11-27,2026-09-29,Customer 853,Other,33,Bengaluru,2024-06-15,671,True
CUST00854,3,7,5323.24,1774.4133333333332,2025-12-26,2026-11-03,Customer 854,Female,61,Vellore,2026-05-04,312,True
CUST00855,5,9,7266.34,1453.268,2025-06-25,2026-09-22,Customer 855,Female,65,Madurai,2024-12-05,454,True
CUST00856,5,9,8341.869999999999,1668.3739999999998,2024-11-27,2026-06-17,Customer 856,Other,64,Coimbatore,2026-03-20,567,True
CUST00857,2,4,7159.429999999999,3579.7149999999997,2026-09-01,2026-09-11,Customer 857,Other,40,Chennai,2025-05-27,10,True
CUST00858,2,2,1866.6799999999998,933.3399999999999,2025-01-30,2026-04-26,Customer 858,Female,32,Coimbatore,2024-04-10,451,True
CUST00859,1,1,1356.01,1356.01,2026-09-10,2026-09-10,Customer 859,Other,57,Bengaluru,2024-12-14,0,False
CUST00860,7,16,17758.989999999998,2536.9985714285713,2025-11-04,2026-10-23,Customer 860,Female,19,Hyderabad,2025-02-10,353,True
CUST00861,4,7,6353.25,1588.3125,2025-04-29,2026-10-16,Customer 861,Female,49,Trichy,2024-10-06,535,True
CUST00862,7,12,12322.03,1760.2900000000002,2025-07-15,2026-11-29,Customer 862,Other,42,Tirunelveli,2024-12-30,502,True
CUST00863,8,21,20316.71,2539.58875,2024-12-29,2026-08-31,Customer 863,Other,55,Hyderabad,2024-07-09,610,True
CUST00864,2,5,2602.84,1301.42,2026-01-28,2026-10-11,Customer 864,Male,57,Salem,2025-01-24,256,True
CUST00865,4,10,6916.700000000001,1729.1750000000002,2025-07-04,2026-10-20,Customer 865,Male,63,Coimbatore,2026-03-28,473,True
CUST00866,1,2,1341.9,1341.9,2026-02-28,2026-02-28,Customer 866,Female,27,Tirunelveli,2024-03-25,0,False
CUST00867,2,6,5021.9400000000005,2510.9700000000003,2026-03-02,2026-10-18,Customer 867,Other,27,Pondicherry,2025-12-29,230,True
CUST00868,4,7,6722.66,1680.665,2025-09-13,2026-03-28,Customer 868,Female,41,Coimbatore,2025-02-02,196,True
CUST00869,6,17,12157.54,2026.256666666667,2025-01-08,2026-09-27,Customer 869,Male,37,Erode,2024-04-03,627,True
CUST00870,4,11,7456.53,1864.1325,2025-02-02,2026-12-22,Customer 870,Female,24,Madurai,2025-01-03,688,True
CUST00871,4,7,6192.47,1548.1175,2025-04-02,2026-09-28,Customer 871,Male,45,Erode,2024-03-30,544,True
CUST00872,5,9,9628.11,1925.622,2025-08-30,2026-06-09,Customer 872,Other,50,Tirunelveli,2025-07-24,283,True
CUST00873,9,17,16961.86,1884.6511111111113,2025-05-24,2026-06-20,Customer 873,Male,23,Thanjavur,2024-04-15,392,True
CUST00874,6,10,14359.72,2393.2866666666664,2025-03-08,2026-07-14,Customer 874,Male,56,Bengaluru,2025-07-21,493,True
CUST00875,2,4,3545.54,1772.77,2025-03-01,2025-07-12,Customer 875,Female,42,Chennai,2026-03-14,133,True
CUST00876,2,3,4041.94,2020.97,2025-12-18,2026-06-16,Customer 876,Female,42,Coimbatore,2024-10-25,180,True
CUST00877,4,7,5682.71,1420.6775,2025-05-11,2026-07-21,Customer 877,Other,33,Bengaluru,2026-01-12,436,True
CUST00878,2,5,1794.4299999999998,897.2149999999999,2025-05-15,2026-06-04,Customer 878,Male,61,Tirunelveli,2025-06-17,385,True
CUST00879,8,20,24195.67,3024.45875,2025-04-04,2026-12-16,Customer 879,Male,35,Salem,2024-06-22,621,True
CUST00880,1,3,1112.49,1112.49,2025-02-16,2025-02-16,Customer 880,Female,27,Coimbatore,2024-10-01,0,False
CUST00881,1,2,2861.78,2861.78,2025-04-27,2025-04-27,Customer 881,Female,35,Tirunelveli,2024-06-20,0,False
CUST00882,4,6,4853.34,1213.335,2025-04-13,2026-11-13,Customer 882,Female,22,Thanjavur,2024-11-02,579,True
CUST00883,2,2,2403.75,1201.875,2026-08-29,2026-09-10,Customer 883,Male,64,Hyderabad,2024-09-14,12,True
CUST00884,2,10,5324.4,2662.2,2026-02-13,2026-02-21,Customer 884,Other,57,Trichy,2025-05-22,8,True
CUST00885,1,2,1499.54,1499.54,2025-09-25,2025-09-25,Customer 885,Male,26,Salem,2025-04-13,0,False
CUST00886,6,16,16067.02,2677.8366666666666,2025-05-29,2026-06-17,Customer 886,Female,39,Bengaluru,2024-01-07,384,True
CUST00887,4,10,9812.24,2453.06,2025-07-10,2026-11-11,Customer 887,Female,46,Thanjavur,2025-01-24,489,True
CUST00888,7,13,12806.07,1829.4385714285713,2024-11-12,2026-05-29,Customer 888,Other,56,Madurai,2025-03-16,563,True
CUST00889,4,7,5625.2699999999995,1406.3174999999999,2025-06-14,2026-02-20,Customer 889,Female,56,Pondicherry,2024-11-03,251,True
CUST00890,3,5,4371.8,1457.2666666666667,2025-04-09,2026-06-14,Customer 890,Female,38,Madurai,2024-07-24,431,True
CUST00891,5,16,13887.02,2777.404,2025-01-30,2026-04-28,Customer 891,Female,36,Pondicherry,2025-02-11,453,True
CUST00892,2,3,2819.74,1409.87,2026-09-06,2026-11-03,Customer 892,Other,49,Bengaluru,2025-12-12,58,True
CUST00893,4,9,11243.23,2810.8075,2024-12-02,2025-11-23,Customer 893,Male,38,Tirunelveli,2026-03-11,356,True
CUST00894,2,7,7302.15,3651.075,2025-03-17,2025-09-26,Customer 894,Female,41,Coimbatore,2024-10-14,193,True
CUST00895,3,8,8842.25,2947.4166666666665,2025-06-09,2026-06-10,Customer 895,Male,55,Vellore,2025-07-31,366,True
CUST00896,5,9,10236.98,2047.396,2024-12-15,2026-04-06,Customer 896,Other,53,Chennai,2024-07-03,477,True
CUST00897,2,2,2468.83,1234.415,2025-10-18,2026-07-24,Customer 897,Female,63,Trichy,2026-01-14,279,True
CUST00898,2,5,4626.85,2313.425,2026-08-09,2026-09-27,Customer 898,Female,62,Coimbatore,2025-03-24,49,True
CUST00899,9,22,25869.74,2874.415555555556,2025-01-16,2026-07-30,Customer 899,Female,61,Erode,2026-04-18,560,True
CUST00900,5,7,6771.39,1354.278,2025-01-17,2026-10-01,Customer 900,Other,37,Trichy,2024-05-22,622,True
CUST00901,4,10,5618.95,1404.7375,2024-12-19,2026-02-21,Customer 901,Other,27,Pondicherry,2024-09-15,429,True
CUST00902,5,7,6131.63,1226.326,2025-06-21,2026-01-05,Customer 902,Female,22,Erode,2025-03-09,198,True
CUST00903,3,8,10453.65,3484.5499999999997,2025-05-27,2026-07-05,Customer 903,Female,55,Tirunelveli,2025-09-04,404,True
CUST00904,4,6,5946.58,1486.645,2025-05-31,2026-05-06,Customer 904,Other,62,Tirunelveli,2025-07-01,340,True
CUST00905,4,13,13897.630000000001,3474.4075000000003,2024-12-25,2026-07-17,Customer 905,Male,41,Pondicherry,2025-07-10,569,True
CUST00906,4,10,11921.93,2980.4825,2025-01-30,2026-01-09,Customer 906,Other,56,Hyderabad,2026-04-11,344,True
CUST00907,4,7,3568.6800000000003,892.1700000000001,2024-11-27,2026-06-21,Customer 907,Male,33,Hyderabad,2024-03-28,571,True
CUST00908,2,9,10967.869999999999,5483.9349999999995,2025-09-28,2026-02-25,Customer 908,Female,28,Hyderabad,2025-11-11,150,True
CUST00909,7,17,14307.550000000001,2043.9357142857145,2025-01-05,2026-09-19,Customer 909,Male,54,Hyderabad,2025-09-19,622,True
CUST00910,2,3,2976.7,1488.35,2025-06-25,2025-07-06,Customer 910,Other,43,Thanjavur,2025-11-24,11,True
CUST00911,8,20,18629.13,2328.64125,2025-04-22,2026-08-11,Customer 911,Female,24,Chennai,2026-03-26,476,True
CUST00912,2,3,2355.8900000000003,1177.9450000000002,2025-04-07,2025-12-20,Customer 912,Female,32,Vellore,2024-04-10,257,True
CUST00913,2,2,2248.49,1124.245,2025-04-30,2026-01-16,Customer 913,Other,53,Bengaluru,2026-02-03,261,True
CUST00914,3,4,3706.75,1235.5833333333333,2025-09-09,2026-09-05,Customer 914,Other,32,Erode,2025-12-05,361,True
CUST00915,4,8,7192.65,1798.1625,2025-04-06,2026-10-14,Customer 915,Female,47,Hyderabad,2025-01-18,556,True
CUST00916,5,12,11213.24,2242.648,2025-02-11,2026-08-04,Customer 916,Other,50,Madurai,2025-08-25,539,True
CUST00917,2,6,5768.34,2884.17,2025-03-15,2025-11-07,Customer 917,Male,48,Coimbatore,2024-12-19,237,True
CUST00918,4,13,10833.4,2708.35,2025-01-06,2026-12-05,Customer 918,Female,23,Coimbatore,2024-10-29,698,True
CUST00919,4,12,11921.130000000001,2980.2825000000003,2025-01-15,2026-08-28,Customer 919,Other,27,Thanjavur,2026-05-01,590,True
CUST00920,1,2,1571.0,1571.0,2025-03-29,2025-03-29,Customer 920,Female,47,Trichy,2024-11-15,0,False
CUST00921,1,1,744.49,744.49,2025-07-18,2025-07-18,Customer 921,Female,40,Erode,2025-06-17,0,False
CUST00922,7,22,31639.43,4519.918571428571,2025-03-23,2026-05-21,Customer 922,Female,64,Pondicherry,2024-04-09,424,True
CUST00923,2,4,4362.41,2181.205,2025-01-03,2025-03-08,Customer 923,Female,22,Salem,2025-04-08,64,True
CUST00925,5,12,12821.630000000001,2564.326,2024-12-04,2026-08-14,Customer 925,Female,59,Coimbatore,2026-05-19,618,True
CUST00926,5,8,7679.95,1535.99,2025-01-10,2025-07-27,Customer 926,Male,65,Trichy,2025-11-24,198,True
CUST00927,6,14,13565.01,2260.835,2025-09-24,2026-10-26,Customer 927,Male,53,Madurai,2025-06-12,397,True
CUST00928,4,11,8255.289999999999,2063.8224999999998,2025-01-24,2025-12-24,Customer 928,Other,45,Erode,2024-12-04,334,True
CUST00929,4,8,9387.76,2346.94,2024-12-23,2026-10-10,Customer 929,Female,58,Madurai,2024-08-25,656,True
CUST00930,3,8,7278.139999999999,2426.0466666666666,2025-12-07,2026-04-27,Customer 930,Other,60,Tirunelveli,2024-07-09,141,True
CUST00931,2,4,4396.29,2198.145,2025-12-10,2026-04-20,Customer 931,Male,65,Bengaluru,2025-02-09,131,True
CUST00932,5,14,7862.63,1572.526,2025-01-29,2025-07-04,Customer 932,Female,55,Tirunelveli,2024-07-21,156,True
CUST00933,2,6,2292.63,1146.315,2026-04-12,2026-12-06,Customer 933,Male,63,Trichy,2025-02-02,238,True
CUST00934,2,4,4910.02,2455.01,2024-12-27,2026-11-10,Customer 934,Female,63,Coimbatore,2024-07-29,683,True
CUST00935,5,11,12478.81,2495.7619999999997,2025-03-30,2025-08-30,Customer 935,Male,52,Madurai,2025-08-14,153,True
CUST00936,4,12,18552.45,4638.1125,2025-08-20,2026-09-01,Customer 936,Female,30,Erode,2025-01-09,377,True
CUST00937,3,7,8979.189999999999,2993.063333333333,2025-04-16,2026-07-24,Customer 937,Female,60,Erode,2024-04-26,464,True
CUST00938,3,6,8747.22,2915.74,2025-06-15,2026-04-29,Customer 938,Other,38,Bengaluru,2025-06-24,318,True
CUST00939,4,6,6631.57,1657.8925,2025-11-10,2026-10-06,Customer 939,Other,43,Bengaluru,2025-02-01,330,True
CUST00940,8,18,20879.28,2609.91,2025-02-16,2026-09-26,Customer 940,Female,40,Erode,2024-04-26,587,True
CUST00941,9,25,22884.69,2542.7433333333333,2024-11-28,2026-11-21,Customer 941,Male,61,Pondicherry,2025-09-24,723,True
CUST00942,1,4,3648.24,3648.24,2025-05-01,2025-05-01,Customer 942,Female,57,Bengaluru,2026-03-30,0,False
CUST00943,2,5,8549.84,4274.92,2024-11-29,2025-10-13,Customer 943,Other,26,Thanjavur,2024-03-27,318,True
CUST00944,3,5,5811.86,1937.2866666666666,2025-04-16,2026-07-31,Customer 944,Male,37,Coimbatore,2024-04-30,471,True
CUST00945,5,11,14148.7,2829.7400000000002,2025-08-05,2026-08-18,Customer 945,Female,62,Madurai,2024-07-06,378,True
CUST00946,3,6,8437.71,2812.5699999999997,2026-03-26,2026-10-28,Customer 946,Female,44,Bengaluru,2025-06-07,216,True
CUST00947,5,13,7380.52,1476.104,2025-03-01,2026-09-28,Customer 947,Other,42,Tirunelveli,2024-05-21,576,True
CUST00948,4,7,8913.85,2228.4625,2025-06-15,2026-08-30,Customer 948,Female,58,Vellore,2024-07-09,441,True
CUST00949,6,13,12991.11,2165.185,2025-02-07,2025-12-06,Customer 949,Other,29,Vellore,2025-12-11,302,True
CUST00950,3,7,8437.76,2812.5866666666666,2025-01-04,2026-05-28,Customer 950,Female,36,Madurai,2024-06-19,509,True
CUST00951,4,11,13615.470000000001,3403.8675000000003,2025-05-25,2026-02-10,Customer 951,Female,46,Bengaluru,2024-07-10,261,True
CUST00952,4,10,12397.289999999999,3099.3224999999998,2025-08-28,2026-11-03,Customer 952,Female,18,Erode,2024-02-24,432,True
CUST00953,3,4,4545.38,1515.1266666666668,2025-02-01,2026-10-17,Customer 953,Male,42,Vellore,2024-05-19,623,True
CUST00954,4,8,6409.8,1602.45,2025-01-26,2026-02-19,Customer 954,Other,49,Tirunelveli,2025-06-01,389,True
CUST00955,5,9,8639.91,1727.982,2026-01-04,2026-11-15,Customer 955,Female,44,Pondicherry,2025-12-02,315,True
CUST00956,2,3,3193.5200000000004,1596.7600000000002,2025-08-29,2025-11-16,Customer 956,Female,49,Madurai,2026-05-10,79,True
CUST00957,6,12,12604.32,2100.72,2025-01-27,2026-09-30,Customer 957,Other,19,Trichy,2024-03-25,611,True
CUST00958,6,18,17229.7,2871.616666666667,2025-04-18,2026-03-26,Customer 958,Male,35,Trichy,2024-10-26,342,True
CUST00959,5,8,8756.82,1751.364,2025-03-14,2026-09-22,Customer 959,Female,28,Erode,2025-07-04,557,True
CUST00960,4,8,6565.63,1641.4075,2025-09-19,2026-05-01,Customer 960,Other,49,Vellore,2025-08-02,224,True
CUST00961,2,6,7940.24,3970.12,2026-03-05,2026-03-15,Customer 961,Male,54,Coimbatore,2025-06-07,10,True
CUST00962,7,15,14513.06,2073.2942857142857,2025-04-26,2026-10-26,Customer 962,Other,41,Vellore,2024-10-01,548,True
CUST00963,3,5,3763.49,1254.4966666666667,2025-01-25,2026-07-24,Customer 963,Male,64,Erode,2026-04-22,545,True
CUST00964,8,15,18359.0,2294.875,2025-03-10,2026-05-31,Customer 964,Male,45,Coimbatore,2025-07-13,447,True
CUST00965,2,3,5823.38,2911.69,2025-07-27,2026-10-13,Customer 965,Other,33,Salem,2026-01-23,443,True
CUST00966,3,4,2428.5299999999997,809.5099999999999,2025-05-30,2026-02-15,Customer 966,Male,46,Salem,2026-06-14,261,True
CUST00967,5,21,22459.43,4491.886,2025-01-01,2026-11-24,Customer 967,Male,46,Coimbatore,2024-12-22,692,True
CUST00968,5,7,7196.48,1439.2959999999998,2024-12-05,2026-06-26,Customer 968,Male,31,Pondicherry,2026-03-05,568,True
CUST00969,3,5,5343.74,1781.2466666666667,2025-07-09,2026-07-21,Customer 969,Other,40,Pondicherry,2025-08-25,377,True
CUST00970,9,16,12455.24,1383.9155555555556,2024-12-17,2026-08-08,Customer 970,Other,45,Madurai,2025-09-16,599,True
CUST00971,2,4,4311.530000000001,2155.7650000000003,2025-01-13,2025-02-08,Customer 971,Male,31,Trichy,2025-09-22,26,True
CUST00972,4,6,3857.24,964.31,2025-01-03,2026-02-17,Customer 972,Male,54,Thanjavur,2026-04-04,410,True
CUST00973,2,2,4073.7,2036.85,2025-06-14,2026-03-26,Customer 973,Female,56,Vellore,2025-06-29,285,True
CUST00974,2,3,2283.5,1141.75,2025-05-21,2026-01-16,Customer 974,Female,63,Salem,2024-06-21,240,True
CUST00975,3,4,2971.05,990.35,2025-07-23,2026-04-17,Customer 975,Other,35,Vellore,2024-10-23,268,True
CUST00976,2,2,1517.3300000000002,758.6650000000001,2026-06-26,2026-08-24,Customer 976,Male,26,Tirunelveli,2025-11-26,59,True
CUST00977,1,4,4804.44,4804.44,2026-07-21,2026-07-21,Customer 977,Female,59,Madurai,2024-03-01,0,False
CUST00978,4,10,8666.91,2166.7275,2025-11-16,2026-09-21,Customer 978,Male,33,Madurai,2025-12-19,309,True
CUST00979,3,10,12470.05,4156.683333333333,2025-04-09,2025-08-06,Customer 979,Female,33,Hyderabad,2025-12-29,119,True
CUST00980,3,6,5117.099999999999,1705.6999999999998,2025-06-07,2026-01-27,Customer 980,Female,27,Bengaluru,2025-02-06,234,True
CUST00981,5,6,6164.74,1232.9479999999999,2025-07-14,2026-11-25,Customer 981,Female,58,Tirunelveli,2025-10-09,499,True
CUST00982,2,6,5723.299999999999,2861.6499999999996,2025-05-02,2025-10-17,Customer 982,Female,22,Hyderabad,2025-01-19,168,True
CUST00983,9,16,17131.64,1903.5155555555555,2025-03-06,2026-10-28,Customer 983,Male,43,Vellore,2026-03-24,601,True
CUST00984,3,7,5483.33,1827.7766666666666,2024-12-21,2026-03-01,Customer 984,Female,62,Thanjavur,2026-02-06,435,True
CUST00985,3,4,2548.34,849.4466666666667,2025-09-22,2026-02-07,Customer 985,Female,38,Bengaluru,2025-04-10,138,True
CUST00986,1,3,3534.18,3534.18,2025-07-15,2025-07-15,Customer 986,Other,23,Pondicherry,2024-01-03,0,False
CUST00987,4,11,8446.71,2111.6775,2024-12-15,2026-08-23,Customer 987,Other,60,Pondicherry,2025-04-14,616,True
CUST00988,9,16,16656.16,1850.6844444444444,2025-04-28,2026-07-06,Customer 988,Male,52,Tirunelveli,2025-01-01,434,True
CUST00989,6,18,19106.92,3184.486666666666,2025-04-10,2026-05-28,Customer 989,Female,31,Erode,2024-08-11,413,True
CUST00990,1,1,620.02,620.02,2025-06-11,2025-06-11,Customer 990,Female,36,Thanjavur,2024-10-01,0,False
CUST00991,4,8,7494.29,1873.5725,2024-11-03,2025-07-08,Customer 991,Other,26,Bengaluru,2025-07-14,247,True
CUST00992,5,12,12352.8,2470.56,2025-04-24,2026-08-06,Customer 992,Female,39,Hyderabad,2026-05-22,469,True
CUST00993,4,9,8933.06,2233.265,2025-03-18,2026-08-14,Customer 993,Male,20,Coimbatore,2026-02-19,514,True
CUST00994,7,15,17269.58,2467.0828571428574,2025-04-24,2026-05-02,Customer 994,Female,19,Coimbatore,2025-10-03,373,True
CUST00995,3,7,5986.38,1995.46,2026-02-26,2026-08-02,Customer 995,Male,46,Erode,2026-05-28,157,True
CUST00996,9,27,29217.32,3246.3688888888887,2025-05-22,2026-11-17,Customer 996,Female,30,Pondicherry,2024-01-01,544,True
CUST00997,4,6,6495.91,1623.9775,2026-04-11,2026-11-03,Customer 997,Other,37,Madurai,2024-05-15,206,True
CUST00999,5,10,8390.41,1678.0819999999999,2025-01-07,2026-01-12,Customer 999,Female,23,Thanjavur,2025-01-04,370,True
CUST01000,5,9,7812.38,1562.476,2025-04-18,2026-10-02,Customer 1000,Other,28,Chennai,2025-11-11,532,True
CUST01001,3,3,1638.83,546.2766666666666,2025-01-24,2026-06-15,Customer 1001,Other,37,Pondicherry,2025-02-09,507,True
CUST01002,3,10,9974.67,3324.89,2025-08-01,2025-11-24,Customer 1002,Male,45,Hyderabad,2025-12-17,115,True
CUST01003,3,7,9381.62,3127.206666666667,2025-09-26,2026-10-04,Customer 1003,Other,24,Chennai,2024-04-03,373,True
CUST01004,5,11,11568.869999999999,2313.774,2025-08-22,2026-10-25,Customer 1004,Female,22,Madurai,2024-08-06,429,True
CUST01005,4,9,9369.97,2342.4925,2025-04-11,2026-10-17,Customer 1005,Male,51,Hyderabad,2025-08-30,554,True
CUST01006,3,7,5245.09,1748.3633333333335,2025-01-11,2025-11-27,Customer 1006,Male,18,Pondicherry,2025-03-31,320,True
CUST01007,5,9,8011.17,1602.234,2025-01-18,2026-06-02,Customer 1007,Male,45,Pondicherry,2024-12-17,500,True
CUST01008,4,10,13996.92,3499.23,2025-07-17,2026-09-15,Customer 1008,Female,22,Trichy,2024-05-15,425,True
CUST01009,3,7,7910.13,2636.71,2025-02-23,2026-09-08,Customer 1009,Male,64,Coimbatore,2025-01-27,562,True
CUST01010,3,8,5567.1900000000005,1855.7300000000002,2025-01-26,2026-05-01,Customer 1010,Female,41,Salem,2024-04-15,460,True
CUST01011,1,2,1418.7,1418.7,2026-08-10,2026-08-10,Customer 1011,Female,26,Hyderabad,2024-05-20,0,False
CUST01012,1,5,3207.3,3207.3,2026-11-29,2026-11-29,Customer 1012,Male,22,Vellore,2025-11-24,0,False
CUST01013,6,18,16416.79,2736.1316666666667,2025-01-07,2026-10-03,Customer 1013,Male,57,Hyderabad,2025-07-30,634,True
CUST01014,7,15,14320.89,2045.8414285714284,2024-12-27,2026-09-26,Customer 1014,Female,40,Pondicherry,2024-06-17,638,True
CUST01015,9,26,28233.82,3137.091111111111,2025-03-06,2026-10-11,Customer 1015,Other,65,Madurai,2024-08-06,584,True
CUST01016,6,16,13654.560000000001,2275.76,2025-02-05,2026-11-22,Customer 1016,Other,61,Erode,2025-02-25,655,True
CUST01017,4,8,7889.24,1972.31,2025-03-05,2026-08-18,Customer 1017,Male,23,Coimbatore,2026-05-30,531,True
CUST01018,5,13,17292.969999999998,3458.5939999999996,2024-12-20,2026-01-15,Customer 1018,Male,55,Pondicherry,2024-05-23,391,True
CUST01019,6,14,11213.91,1868.985,2024-12-29,2026-08-03,Customer 1019,Female,45,Thanjavur,2025-01-28,582,True
CUST01020,3,5,6457.719999999999,2152.5733333333333,2026-06-01,2026-08-04,Customer 1020,Male,33,Salem,2026-03-21,64,True
CUST01021,6,14,11820.1,1970.0166666666667,2025-09-11,2026-11-19,Customer 1021,Male,33,Vellore,2025-10-22,434,True
CUST01022,5,13,9525.02,1905.0040000000001,2025-03-29,2026-10-16,Customer 1022,Other,64,Bengaluru,2025-09-07,566,True
CUST01023,4,5,5752.35,1438.0875,2025-08-26,2025-11-12,Customer 1023,Other,19,Hyderabad,2024-10-18,78,True
CUST01024,5,9,9581.12,1916.2240000000002,2024-12-14,2026-10-30,Customer 1024,Female,31,Vellore,2026-06-15,685,True
CUST01025,9,19,11784.7,1309.4111111111113,2024-12-27,2026-10-05,Customer 1025,Other,30,Pondicherry,2025-09-13,647,True
CUST01026,5,14,11801.69,2360.338,2025-02-28,2026-12-02,Customer 1026,Female,59,Chennai,2025-02-05,642,True
CUST01027,6,15,13996.619999999999,2332.77,2025-05-11,2026-10-10,Customer 1027,Male,49,Tirunelveli,2026-03-13,517,True
CUST01028,3,4,3325.1099999999997,1108.37,2025-08-12,2026-06-29,Customer 1028,Male,49,Hyderabad,2024-04-25,321,True
CUST01029,2,3,3297.4500000000003,1648.7250000000001,2025-09-11,2026-01-30,Customer 1029,Male,51,Chennai,2025-08-31,141,True
CUST01031,4,5,4701.570000000001,1175.3925000000002,2024-12-07,2026-11-04,Customer 1031,Other,44,Thanjavur,2026-05-31,697,True
CUST01032,4,6,6533.55,1633.3875,2025-11-24,2026-08-22,Customer 1032,Other,29,Erode,2025-07-13,271,True
CUST01033,6,18,15990.96,2665.16,2025-05-05,2026-11-10,Customer 1033,Male,19,Bengaluru,2026-02-27,554,True
CUST01034,5,8,6743.94,1348.788,2025-04-26,2026-09-01,Customer 1034,Male,34,Trichy,2024-03-10,493,True
CUST01035,5,5,6030.42,1206.084,2025-02-13,2026-09-14,Customer 1035,Male,43,Vellore,2024-02-10,578,True
CUST01036,1,3,6144.42,6144.42,2025-05-04,2025-05-04,Customer 1036,Other,63,Vellore,2024-10-20,0,False
CUST01037,5,6,3974.87,794.9739999999999,2025-09-03,2026-11-27,Customer 1037,Female,45,Pondicherry,2026-02-24,450,True
CUST01038,4,8,11946.6,2986.65,2025-06-16,2026-10-16,Customer 1038,Male,58,Vellore,2025-02-15,487,True
CUST01039,9,18,19444.27,2160.4744444444445,2025-04-21,2026-08-27,Customer 1039,Other,27,Salem,2025-07-04,493,True
CUST01040,2,3,2631.14,1315.57,2025-08-16,2026-11-28,Customer 1040,Female,23,Vellore,2024-03-26,469,True
CUST01041,4,9,12220.45,3055.1125,2024-12-28,2026-08-20,Customer 1041,Male,52,Thanjavur,2024-07-27,600,True
CUST01042,5,13,12324.47,2464.894,2025-03-26,2026-03-27,Customer 1042,Other,58,Hyderabad,2025-02-04,366,True
CUST01043,3,6,7750.25,2583.4166666666665,2025-03-11,2026-03-08,Customer 1043,Other,22,Salem,2025-11-28,362,True
CUST01044,5,13,15727.85,3145.57,2025-05-01,2026-11-28,Customer 1044,Female,64,Trichy,2025-12-16,576,True
CUST01045,1,4,1641.0,1641.0,2026-01-07,2026-01-07,Customer 1045,Male,23,Tirunelveli,2024-02-29,0,False
CUST01046,6,13,14360.21,2393.3683333333333,2025-01-08,2026-10-25,Customer 1046,Female,57,Bengaluru,2024-04-28,655,True
CUST01047,3,7,5180.63,1726.8766666666668,2025-02-11,2025-05-22,Customer 1047,Female,60,Pondicherry,2024-02-26,100,True
CUST01048,3,8,10035.57,3345.19,2025-08-22,2026-10-16,Customer 1048,Other,29,Coimbatore,2025-11-04,420,True
CUST01049,4,8,9026.9,2256.725,2025-06-19,2026-10-06,Customer 1049,Other,26,Pondicherry,2024-01-13,474,True
CUST01050,5,8,9344.16,1868.8319999999999,2025-01-11,2026-10-01,Customer 1050,Male,49,Thanjavur,2024-01-12,628,True
CUST01051,4,7,7261.9,1815.475,2024-12-10,2026-06-30,Customer 1051,Other,64,Salem,2025-06-19,567,True
CUST01052,2,2,2957.33,1478.665,2025-06-28,2025-12-21,Customer 1052,Female,26,Pondicherry,2024-06-19,176,True
CUST01053,3,9,6626.379999999999,2208.793333333333,2025-06-21,2026-06-21,Customer 1053,Female,64,Coimbatore,2026-03-10,365,True
CUST01054,3,4,5366.42,1788.8066666666666,2025-01-17,2026-07-29,Customer 1054,Male,39,Tirunelveli,2026-02-28,558,True
CUST01055,1,3,4425.24,4425.24,2026-05-29,2026-05-29,Customer 1055,Other,22,Salem,2024-10-05,0,False
CUST01056,3,6,6081.1,2027.0333333333335,2025-04-13,2026-03-15,Customer 1056,Other,58,Coimbatore,2025-12-30,336,True
CUST01057,3,4,3434.85,1144.95,2024-11-18,2026-11-26,Customer 1057,Female,50,Thanjavur,2025-05-23,738,True
CUST01058,7,13,11145.86,1592.2657142857145,2024-12-03,2026-08-17,Customer 1058,Female,54,Madurai,2024-02-26,622,True
CUST01059,3,8,8030.99,2676.9966666666664,2025-08-03,2025-11-27,Customer 1059,Male,34,Coimbatore,2025-01-11,116,True
CUST01060,5,8,5184.58,1036.916,2025-01-07,2026-09-16,Customer 1060,Other,64,Coimbatore,2025-08-10,617,True
CUST01061,1,1,1011.11,1011.11,2024-12-27,2024-12-27,Customer 1061,Other,50,Chennai,2024-08-21,0,False
CUST01062,3,9,8643.65,2881.2166666666667,2025-07-16,2026-07-22,Customer 1062,Male,33,Chennai,2024-02-15,371,True
CUST01063,6,16,15714.65,2619.108333333333,2025-01-30,2026-12-23,Customer 1063,Female,42,Madurai,2025-04-28,692,True
CUST01064,5,9,11709.17,2341.834,2026-04-16,2026-09-08,Customer 1064,Male,53,Pondicherry,2024-07-02,145,True
CUST01065,5,11,10321.619999999999,2064.3239999999996,2024-12-05,2026-09-29,Customer 1065,Other,44,Trichy,2026-01-28,663,True
CUST01066,4,7,6292.2300000000005,1573.0575000000001,2025-06-17,2026-06-30,Customer 1066,Male,44,Pondicherry,2024-11-25,378,True
CUST01067,4,11,12252.55,3063.1375,2025-01-05,2026-10-04,Customer 1067,Female,22,Bengaluru,2024-11-23,637,True
CUST01068,3,7,6681.389999999999,2227.1299999999997,2025-04-20,2025-11-07,Customer 1068,Male,50,Hyderabad,2025-01-16,201,True
CUST01069,5,10,9205.29,1841.0580000000002,2025-03-03,2026-04-20,Customer 1069,Male,32,Vellore,2024-02-23,413,True
CUST01070,5,11,14143.34,2828.668,2025-02-26,2026-11-01,Customer 1070,Female,22,Erode,2024-02-17,613,True
CUST01071,5,12,9960.599999999999,1992.1199999999997,2025-05-02,2026-08-11,Customer 1071,Female,37,Thanjavur,2026-06-05,466,True
CUST01072,3,9,7413.6,2471.2000000000003,2025-02-11,2026-11-20,Customer 1072,Other,47,Chennai,2024-03-29,647,True
CUST01073,5,13,14235.88,2847.176,2026-03-24,2026-09-11,Customer 1073,Male,36,Bengaluru,2025-01-12,171,True
CUST01074,6,12,7119.32,1186.5533333333333,2025-10-31,2026-09-27,Customer 1074,Female,65,Bengaluru,2026-03-14,331,True
CUST01075,3,6,4840.08,1613.36,2025-02-22,2026-10-12,Customer 1075,Female,41,Bengaluru,2024-09-05,597,True
CUST01076,5,11,10775.65,2155.13,2025-01-28,2026-05-23,Customer 1076,Male,64,Vellore,2025-05-20,480,True
CUST01077,4,5,4182.37,1045.5925,2025-02-16,2026-09-01,Customer 1077,Male,27,Chennai,2026-02-17,562,True
CUST01078,3,7,7639.5,2546.5,2025-01-06,2025-06-28,Customer 1078,Male,32,Vellore,2025-02-23,173,True
CUST01079,6,16,11394.710000000001,1899.1183333333336,2025-01-26,2026-07-28,Customer 1079,Other,62,Chennai,2024-12-20,548,True
CUST01080,2,5,6276.799999999999,3138.3999999999996,2025-07-15,2026-11-02,Customer 1080,Male,60,Tirunelveli,2024-12-09,475,True
CUST01081,1,2,2277.0,2277.0,2025-07-21,2025-07-21,Customer 1081,Other,64,Salem,2026-05-19,0,False
CUST01082,1,2,1852.9,1852.9,2025-02-27,2025-02-27,Customer 1082,Male,51,Trichy,2024-04-16,0,False
CUST01083,3,4,4093.4500000000003,1364.4833333333333,2025-04-20,2026-05-14,Customer 1083,Female,21,Madurai,2025-03-05,389,True
CUST01084,2,5,6819.33,3409.665,2025-07-24,2026-05-29,Customer 1084,Female,23,Chennai,2025-12-29,309,True
CUST01085,5,10,12995.890000000001,2599.1780000000003,2025-03-06,2026-11-19,Customer 1085,Other,44,Pondicherry,2024-08-25,623,True
CUST01086,7,18,12223.970000000001,1746.2814285714287,2025-05-17,2026-10-24,Customer 1086,Female,65,Coimbatore,2025-01-16,525,True
CUST01087,3,8,6128.5,2042.8333333333333,2025-12-06,2026-06-16,Customer 1087,Male,50,Madurai,2025-08-17,192,True
CUST01088,4,11,6382.610000000001,1595.6525000000001,2025-01-28,2026-07-28,Customer 1088,Female,22,Bengaluru,2025-10-14,546,True
CUST01089,3,5,4387.66,1462.5533333333333,2025-10-07,2026-10-02,Customer 1089,Male,45,Hyderabad,2025-08-04,360,True
CUST01090,5,5,5736.47,1147.294,2025-06-14,2026-05-22,Customer 1090,Male,36,Salem,2024-05-13,342,True
CUST01091,2,4,5942.99,2971.495,2025-07-17,2025-08-04,Customer 1091,Female,43,Pondicherry,2026-05-21,18,True
CUST01092,1,2,1476.7,1476.7,2026-03-23,2026-03-23,Customer 1092,Other,38,Thanjavur,2026-05-01,0,False
CUST01093,4,6,5261.67,1315.4175,2025-05-04,2025-11-25,Customer 1093,Female,32,Coimbatore,2025-04-08,205,True
CUST01094,3,6,6099.11,2033.0366666666666,2025-04-21,2026-09-01,Customer 1094,Male,55,Coimbatore,2024-07-26,498,True
CUST01095,3,5,2870.69,956.8966666666666,2025-07-04,2025-11-26,Customer 1095,Male,28,Erode,2024-06-08,145,True
CUST01096,4,10,13658.11,3414.5275,2025-01-25,2026-06-26,Customer 1096,Female,44,Coimbatore,2025-04-22,517,True
CUST01097,8,13,10141.220000000001,1267.6525000000001,2025-03-03,2026-11-29,Customer 1097,Female,31,Erode,2025-07-02,636,True
CUST01098,7,15,11872.54,1696.077142857143,2025-06-29,2026-06-26,Customer 1098,Female,34,Coimbatore,2024-11-11,362,True
CUST01099,3,6,4417.39,1472.4633333333334,2026-01-14,2026-11-23,Customer 1099,Male,61,Salem,2024-04-02,313,True
CUST01100,5,11,14117.380000000001,2823.476,2024-12-24,2026-10-12,Customer 1100,Other,62,Bengaluru,2026-04-26,657,True
CUST01101,6,13,12308.99,2051.4983333333334,2024-11-17,2026-09-14,Customer 1101,Male,38,Madurai,2024-02-11,666,True
CUST01102,6,16,19261.56,3210.26,2025-02-14,2025-08-17,Customer 1102,Other,33,Thanjavur,2024-04-03,184,True
CUST01103,3,4,3884.18,1294.7266666666667,2025-06-29,2026-11-21,Customer 1103,Other,21,Hyderabad,2025-02-09,510,True
CUST01104,4,7,5171.610000000001,1292.9025000000001,2025-01-10,2026-06-07,Customer 1104,Female,29,Chennai,2024-11-02,513,True
CUST01105,5,10,10204.59,2040.9180000000001,2025-05-17,2026-04-22,Customer 1105,Female,53,Pondicherry,2025-02-18,340,True
CUST01106,4,15,20126.43,5031.6075,2025-06-18,2026-08-08,Customer 1106,Male,24,Erode,2025-07-17,416,True
CUST01107,3,3,2127.83,709.2766666666666,2025-06-18,2026-04-21,Customer 1107,Male,25,Chennai,2024-04-14,307,True
CUST01108,3,10,7185.4,2395.133333333333,2025-06-08,2026-08-25,Customer 1108,Male,26,Trichy,2024-03-04,443,True
CUST01109,3,6,6911.44,2303.813333333333,2025-07-18,2026-07-29,Customer 1109,Female,41,Hyderabad,2026-04-23,376,True
CUST01110,6,13,14145.6,2357.6,2024-12-26,2026-09-01,Customer 1110,Other,23,Bengaluru,2025-10-07,614,True
CUST01111,3,8,7492.8099999999995,2497.603333333333,2025-11-26,2026-04-05,Customer 1111,Female,22,Chennai,2025-08-23,130,True
CUST01112,5,8,12232.910000000002,2446.5820000000003,2025-04-29,2026-10-12,Customer 1112,Male,59,Erode,2024-03-07,531,True
CUST01113,5,16,12343.61,2468.722,2025-03-20,2026-10-20,Customer 1113,Male,23,Thanjavur,2026-04-08,579,True
CUST01114,4,11,7641.56,1910.39,2025-06-01,2026-11-15,Customer 1114,Male,47,Chennai,2024-05-05,532,True
CUST01115,5,13,13357.619999999999,2671.524,2025-01-29,2026-06-01,Customer 1115,Other,45,Pondicherry,2024-06-21,488,True
CUST01116,2,5,3867.8500000000004,1933.9250000000002,2025-05-03,2026-11-02,Customer 1116,Female,19,Tirunelveli,2025-02-08,548,True
CUST01117,3,7,8096.93,2698.976666666667,2025-04-15,2026-06-18,Customer 1117,Female,29,Thanjavur,2025-11-30,429,True
CUST01118,6,18,20848.78,3474.7966666666666,2024-12-23,2026-10-11,Customer 1118,Male,35,Salem,2024-08-07,657,True
CUST01119,4,7,5873.7300000000005,1468.4325000000001,2024-12-11,2026-01-20,Customer 1119,Male,20,Bengaluru,2025-04-01,405,True
CUST01121,2,4,5196.7,2598.35,2025-04-25,2025-07-22,Customer 1121,Female,44,Vellore,2024-10-29,88,True
CUST01122,3,5,5810.59,1936.8633333333335,2025-01-02,2025-05-04,Customer 1122,Male,23,Salem,2025-05-05,122,True
CUST01123,5,6,5299.15,1059.83,2025-06-09,2026-06-07,Customer 1123,Male,44,Trichy,2025-01-27,363,True
CUST01125,4,11,9381.53,2345.3825,2025-07-14,2026-11-26,Customer 1125,Other,19,Tirunelveli,2026-04-01,500,True
CUST01126,8,20,18926.08,2365.76,2025-08-07,2026-10-25,Customer 1126,Other,40,Erode,2026-03-11,444,True
CUST01127,6,8,11686.42,1947.7366666666667,2025-03-03,2026-01-28,Customer 1127,Female,40,Bengaluru,2025-07-11,331,True
CUST01128,5,11,10801.5,2160.3,2025-04-24,2026-01-26,Customer 1128,Female,42,Salem,2025-05-29,277,True
CUST01129,7,20,17873.73,2553.39,2025-05-31,2026-10-31,Customer 1129,Male,38,Bengaluru,2024-07-03,518,True
CUST01130,4,11,12894.779999999999,3223.6949999999997,2025-02-21,2026-01-16,Customer 1130,Male,35,Chennai,2024-08-12,329,True
CUST01131,4,10,9064.46,2266.115,2025-01-06,2025-09-20,Customer 1131,Female,51,Thanjavur,2026-04-08,257,True
CUST01132,3,10,13468.86,4489.62,2024-12-21,2026-08-20,Customer 1132,Other,32,Madurai,2026-02-24,607,True
CUST01133,3,3,2681.25,893.75,2025-09-18,2026-04-19,Customer 1133,Male,60,Trichy,2024-04-12,213,True
CUST01134,6,17,15563.48,2593.9133333333334,2025-07-12,2026-02-05,Customer 1134,Other,65,Chennai,2024-09-29,208,True
CUST01135,1,1,1449.27,1449.27,2025-01-26,2025-01-26,Customer 1135,Male,54,Tirunelveli,2026-02-21,0,False
CUST01136,1,1,1012.71,1012.71,2025-08-24,2025-08-24,Customer 1136,Male,29,Trichy,2024-12-29,0,False
CUST01137,2,3,2939.67,1469.835,2024-12-03,2025-12-21,Customer 1137,Female,65,Pondicherry,2025-08-29,383,True
CUST01138,2,2,1803.95,901.975,2025-03-01,2025-05-19,Customer 1138,Other,19,Pondicherry,2025-01-02,79,True
CUST01139,2,3,2118.1099999999997,1059.0549999999998,2025-12-30,2026-02-18,Customer 1139,Female,54,Bengaluru,2025-12-18,50,True
CUST01140,2,5,6793.280000000001,3396.6400000000003,2025-04-18,2026-04-03,Customer 1140,Other,30,Erode,2024-05-25,350,True
CUST01142,2,3,3739.46,1869.73,2025-02-25,2025-12-06,Customer 1142,Male,21,Trichy,2024-02-08,284,True
CUST01143,3,6,7668.16,2556.0533333333333,2025-10-23,2026-05-19,Customer 1143,Male,19,Vellore,2025-09-08,208,True
CUST01144,3,4,4807.91,1602.6366666666665,2025-12-06,2026-08-12,Customer 1144,Male,39,Bengaluru,2025-05-04,249,True
CUST01145,4,6,3247.02,811.755,2024-12-13,2026-02-26,Customer 1145,Male,39,Pondicherry,2024-07-25,440,True
CUST01146,3,6,5124.86,1708.2866666666666,2025-10-26,2026-10-27,Customer 1146,Female,21,Chennai,2024-06-30,366,True
CUST01147,4,13,15041.140000000001,3760.2850000000003,2024-12-09,2026-03-26,Customer 1147,Other,63,Madurai,2024-05-31,472,True
CUST01148,2,3,2865.4700000000003,1432.7350000000001,2025-04-29,2025-05-30,Customer 1148,Male,51,Thanjavur,2026-03-03,31,True
CUST01149,4,11,11265.279999999999,2816.3199999999997,2025-07-15,2026-06-07,Customer 1149,Female,63,Hyderabad,2024-03-15,327,True
CUST01150,5,8,6930.28,1386.056,2025-02-17,2026-11-02,Customer 1150,Other,24,Thanjavur,2025-02-09,623,True
CUST01151,3,7,5975.42,1991.8066666666666,2025-02-01,2026-11-09,Customer 1151,Female,26,Madurai,2024-11-05,646,True
CUST01152,3,4,3444.45,1148.1499999999999,2025-04-20,2026-08-14,Customer 1152,Female,58,Erode,2026-01-19,481,True
CUST01153,4,8,10813.93,2703.4825,2025-05-24,2026-11-03,Customer 1153,Female,29,Pondicherry,2025-10-26,528,True
CUST01154,2,2,2970.36,1485.18,2025-05-04,2025-11-14,Customer 1154,Other,57,Thanjavur,2025-07-29,194,True
CUST01155,5,10,8489.16,1697.8319999999999,2024-11-29,2026-12-24,Customer 1155,Other,55,Madurai,2024-08-16,755,True
CUST01156,4,12,8672.98,2168.245,2026-01-21,2026-07-14,Customer 1156,Female,64,Pondicherry,2025-01-22,174,True
CUST01157,5,10,10183.39,2036.6779999999999,2024-11-26,2026-07-27,Customer 1157,Male,29,Pondicherry,2024-10-28,608,True
CUST01158,4,13,7482.89,1870.7225,2025-10-04,2026-09-04,Customer 1158,Other,54,Tirunelveli,2024-01-02,335,True
CUST01159,9,17,18683.2,2075.911111111111,2025-04-21,2026-10-18,Customer 1159,Other,20,Madurai,2026-05-21,545,True
CUST01160,5,14,10357.85,2071.57,2025-04-23,2026-08-17,Customer 1160,Female,57,Trichy,2025-09-08,481,True
CUST01161,6,16,23965.92,3994.3199999999997,2025-03-30,2026-10-09,Customer 1161,Other,24,Erode,2025-10-16,558,True
CUST01162,5,15,17704.98,3540.996,2025-05-24,2026-09-27,Customer 1162,Female,65,Coimbatore,2024-05-24,491,True
CUST01163,3,6,7463.87,2487.9566666666665,2025-01-21,2026-04-06,Customer 1163,Female,38,Madurai,2024-08-31,440,True
CUST01164,2,7,11269.380000000001,5634.6900000000005,2025-12-28,2026-09-28,Customer 1164,Male,63,Hyderabad,2025-10-13,274,True
CUST01165,6,10,10770.029999999999,1795.0049999999999,2025-01-19,2026-08-02,Customer 1165,Other,39,Erode,2025-10-16,560,True
CUST01166,3,9,6573.47,2191.1566666666668,2025-01-20,2025-11-27,Customer 1166,Female,31,Trichy,2024-01-12,311,True
CUST01167,6,11,10741.619999999999,1790.2699999999998,2025-07-09,2026-04-13,Customer 1167,Male,40,Salem,2025-12-10,278,True
CUST01168,4,8,12718.189999999999,3179.5474999999997,2024-12-13,2026-05-27,Customer 1168,Male,64,Chennai,2026-03-16,530,True
CUST01169,4,11,8781.99,2195.4975,2025-05-11,2026-10-13,Customer 1169,Female,46,Pondicherry,2024-02-19,520,True
CUST01170,8,18,14676.95,1834.61875,2024-12-21,2026-10-22,Customer 1170,Male,44,Erode,2025-03-05,670,True
CUST01171,4,11,13186.16,3296.54,2025-05-09,2026-09-01,Customer 1171,Female,52,Tirunelveli,2025-01-22,480,True
CUST01172,3,6,5656.55,1885.5166666666667,2026-04-30,2026-08-24,Customer 1172,Female,54,Hyderabad,2024-04-13,116,True
CUST01173,4,9,6606.7,1651.675,2024-12-06,2026-02-26,Customer 1173,Other,32,Madurai,2026-02-15,447,True
CUST01174,6,9,12818.85,2136.475,2025-02-25,2025-12-07,Customer 1174,Male,20,Salem,2025-04-07,285,True
CUST01175,4,13,10839.35,2709.8375,2024-12-29,2025-09-05,Customer 1175,Female,34,Coimbatore,2024-01-21,250,True
CUST01176,8,20,21430.56,2678.82,2025-04-15,2026-11-20,Customer 1176,Female,28,Tirunelveli,2024-03-16,584,True
CUST01177,6,10,8399.58,1399.93,2025-12-24,2026-09-13,Customer 1177,Other,22,Vellore,2024-06-13,263,True
CUST01178,1,3,3886.92,3886.92,2026-04-25,2026-04-25,Customer 1178,Female,56,Bengaluru,2024-04-05,0,False
CUST01179,4,8,7772.8,1943.2,2025-07-05,2026-09-04,Customer 1179,Other,19,Tirunelveli,2025-05-09,426,True
CUST01180,6,11,11228.13,1871.3549999999998,2025-07-30,2026-11-07,Customer 1180,Male,56,Tirunelveli,2025-10-31,465,True
CUST01181,4,7,7830.860000000001,1957.7150000000001,2025-05-15,2026-10-05,Customer 1181,Male,24,Thanjavur,2024-06-09,508,True
CUST01182,7,12,10862.33,1551.7614285714285,2025-02-13,2026-09-03,Customer 1182,Male,44,Pondicherry,2024-07-29,567,True
CUST01183,5,8,10006.810000000001,2001.3620000000003,2024-12-13,2026-06-15,Customer 1183,Other,64,Vellore,2025-07-21,549,True
CUST01185,1,5,1559.4,1559.4,2026-02-12,2026-02-12,Customer 1185,Male,21,Tirunelveli,2024-08-31,0,False
CUST01186,6,17,16922.84,2820.4733333333334,2025-07-09,2026-08-15,Customer 1186,Other,49,Madurai,2025-08-08,402,True
CUST01187,3,5,6517.88,2172.6266666666666,2025-07-10,2026-11-04,Customer 1187,Female,18,Tirunelveli,2024-02-25,482,True
CUST01188,5,10,12838.650000000001,2567.7300000000005,2025-02-07,2026-10-02,Customer 1188,Female,60,Hyderabad,2024-03-30,602,True
CUST01189,4,9,8388.0,2097.0,2025-02-16,2026-11-15,Customer 1189,Female,30,Coimbatore,2025-09-06,637,True
CUST01190,3,6,9364.14,3121.3799999999997,2025-04-16,2025-12-30,Customer 1190,Male,28,Hyderabad,2024-01-27,258,True
CUST01191,5,9,10113.35,2022.67,2024-11-23,2026-11-02,Customer 1191,Male,48,Coimbatore,2024-10-25,709,True
CUST01192,1,3,3900.78,3900.78,2025-10-20,2025-10-20,Customer 1192,Female,48,Erode,2024-11-11,0,False
CUST01193,4,9,8557.210000000001,2139.3025000000002,2024-12-20,2026-09-27,Customer 1193,Female,23,Hyderabad,2025-11-07,646,True
CUST01194,3,7,8958.04,2986.013333333334,2025-02-25,2026-09-12,Customer 1194,Female,29,Thanjavur,2025-07-11,564,True
CUST01195,5,14,18301.7,3660.34,2024-12-22,2026-12-08,Customer 1195,Female,29,Erode,2025-01-25,716,True
CUST01196,3,6,7114.459999999999,2371.486666666666,2025-01-05,2026-06-04,Customer 1196,Female,46,Erode,2024-02-15,515,True
CUST01197,8,14,11597.27,1449.65875,2025-03-05,2026-11-26,Customer 1197,Male,35,Bengaluru,2024-09-26,631,True
CUST01198,3,10,4945.82,1648.6066666666666,2025-07-23,2026-04-28,Customer 1198,Male,62,Hyderabad,2024-03-04,279,True
CUST01199,4,6,3143.17,785.7925,2025-07-03,2026-04-06,Customer 1199,Male,60,Thanjavur,2024-04-09,277,True
CUST01200,3,5,4197.6900000000005,1399.2300000000002,2026-03-19,2026-09-04,Customer 1200,Other,44,Bengaluru,2026-04-07,169,True
CUST01201,4,10,8184.57,2046.1425,2025-06-05,2026-08-26,Customer 1201,Other,21,Tirunelveli,2024-08-20,447,True
CUST01202,2,2,1607.1999999999998,803.5999999999999,2025-04-09,2025-08-16,Customer 1202,Other,44,Vellore,2026-04-18,129,True
CUST01203,6,6,5555.639999999999,925.9399999999999,2024-12-03,2026-01-16,Customer 1203,Female,54,Trichy,2025-12-04,409,True
CUST01204,4,7,8706.94,2176.735,2025-07-16,2026-08-22,Customer 1204,Female,23,Tirunelveli,2025-05-02,402,True
CUST01206,4,8,5534.81,1383.7025,2025-05-08,2026-03-02,Customer 1206,Other,54,Hyderabad,2025-08-07,298,True
CUST01207,6,12,13845.060000000001,2307.51,2025-02-12,2026-07-30,Customer 1207,Male,25,Erode,2025-09-27,533,True
CUST01208,6,15,11176.66,1862.7766666666666,2025-02-16,2026-08-15,Customer 1208,Male,31,Trichy,2024-06-26,545,True
CUST01209,4,7,7424.84,1856.21,2024-12-15,2026-06-22,Customer 1209,Male,45,Coimbatore,2024-05-09,554,True
CUST01210,5,8,6564.2,1312.84,2025-01-15,2025-10-24,Customer 1210,Female,30,Hyderabad,2025-11-30,282,True
CUST01211,3,5,5257.75,1752.5833333333333,2025-12-06,2025-12-09,Customer 1211,Other,34,Thanjavur,2024-05-31,3,True
CUST01212,5,14,12580.59,2516.118,2025-03-19,2026-09-28,Customer 1212,Male,23,Tirunelveli,2026-01-14,558,True
CUST01213,9,17,18765.01,2085.0011111111107,2025-02-09,2026-03-13,Customer 1213,Female,53,Thanjavur,2025-07-23,397,True
CUST01214,4,10,14382.76,3595.69,2024-12-15,2026-09-01,Customer 1214,Female,51,Erode,2026-05-27,625,True
CUST01216,1,3,4132.98,4132.98,2026-02-09,2026-02-09,Customer 1216,Other,44,Coimbatore,2025-08-24,0,False
CUST01217,4,6,5414.85,1353.7125,2025-01-07,2026-04-28,Customer 1217,Male,27,Bengaluru,2025-02-28,476,True
CUST01218,7,17,17712.22,2530.317142857143,2024-11-27,2026-08-11,Customer 1218,Other,24,Coimbatore,2025-08-25,622,True
CUST01219,3,3,3129.6800000000003,1043.2266666666667,2025-03-23,2026-04-02,Customer 1219,Male,36,Vellore,2025-07-30,375,True
CUST01220,3,9,7151.8,2383.9333333333334,2025-02-21,2025-10-29,Customer 1220,Female,34,Tirunelveli,2024-12-18,250,True
CUST01221,6,13,15906.5,2651.0833333333335,2024-12-20,2026-03-24,Customer 1221,Female,54,Bengaluru,2025-11-01,459,True
CUST01222,4,12,17138.6,4284.65,2025-01-11,2026-07-29,Customer 1222,Male,29,Salem,2025-04-29,564,True
CUST01223,3,9,7766.4,2588.7999999999997,2025-12-18,2026-09-13,Customer 1223,Male,57,Bengaluru,2025-02-16,269,True
CUST01224,4,13,13786.68,3446.67,2025-01-23,2026-08-23,Customer 1224,Other,43,Chennai,2025-11-28,577,True
CUST01225,6,13,16142.0,2690.3333333333335,2025-05-06,2026-10-06,Customer 1225,Female,62,Trichy,2025-02-09,518,True
CUST01226,7,14,11604.130000000001,1657.7328571428573,2025-02-07,2026-11-01,Customer 1226,Other,48,Salem,2024-02-20,632,True
CUST01227,2,3,2582.8,1291.4,2025-01-15,2026-09-08,Customer 1227,Male,39,Salem,2025-01-16,601,True
CUST01228,5,11,11361.02,2272.204,2025-01-19,2026-11-26,Customer 1228,Female,49,Pondicherry,2024-11-14,676,True
CUST01229,3,5,3535.83,1178.61,2025-03-26,2026-11-26,Customer 1229,Male,32,Madurai,2025-12-02,610,True
CUST01231,4,12,9902.289999999999,2475.5724999999998,2025-04-14,2026-08-29,Customer 1231,Other,44,Bengaluru,2024-10-02,502,True
CUST01232,1,1,1650.63,1650.63,2026-02-14,2026-02-14,Customer 1232,Male,30,Erode,2025-10-23,0,False
CUST01233,4,8,9847.76,2461.94,2025-08-04,2026-06-04,Customer 1233,Female,65,Erode,2024-08-04,304,True
CUST01234,3,8,10821.61,3607.2033333333334,2026-02-24,2026-07-02,Customer 1234,Other,41,Chennai,2026-02-16,128,True
CUST01235,4,6,7817.78,1954.445,2026-01-24,2026-12-02,Customer 1235,Male,22,Salem,2025-06-11,312,True
CUST01236,2,2,1284.25,642.125,2025-06-10,2026-09-05,Customer 1236,Other,43,Madurai,2025-12-27,452,True
CUST01237,6,14,14580.86,2430.1433333333334,2025-01-15,2026-11-05,Customer 1237,Other,54,Chennai,2026-03-10,659,True
CUST01238,3,6,2961.58,987.1933333333333,2025-06-13,2026-05-24,Customer 1238,Male,30,Chennai,2024-06-26,345,True
CUST01239,3,6,3433.38,1144.46,2025-06-03,2026-01-25,Customer 1239,Male,47,Chennai,2024-09-12,236,True
CUST01240,5,7,6013.34,1202.6680000000001,2025-08-21,2026-10-17,Customer 1240,Other,30,Salem,2025-01-04,422,True
CUST01241,4,9,12569.57,3142.3925,2025-04-01,2026-04-19,Customer 1241,Female,50,Tirunelveli,2025-01-12,383,True
CUST01242,6,10,9915.1,1652.5166666666667,2024-12-17,2026-10-29,Customer 1242,Male,61,Chennai,2025-10-12,681,True
CUST01243,7,15,16002.619999999999,2286.0885714285714,2024-12-26,2026-11-02,Customer 1243,Female,49,Bengaluru,2024-09-04,676,True
CUST01244,4,5,5017.46,1254.365,2025-01-20,2026-09-04,Customer 1244,Male,48,Bengaluru,2025-04-01,592,True
CUST01245,2,6,2432.6,1216.3,2026-09-15,2026-11-18,Customer 1245,Female,40,Madurai,2025-07-18,64,True
CUST01246,7,23,20393.61,2913.3728571428574,2025-01-05,2026-11-02,Customer 1246,Female,65,Pondicherry,2026-05-07,666,True
CUST01247,6,11,9813.72,1635.62,2025-02-08,2026-08-17,Customer 1247,Female,19,Tirunelveli,2024-04-02,555,True
CUST01248,7,13,12472.44,1781.777142857143,2024-11-26,2026-07-14,Customer 1248,Male,54,Trichy,2024-02-20,595,True
CUST01249,2,6,5373.4,2686.7,2025-06-29,2026-06-06,Customer 1249,Male,59,Trichy,2026-05-27,342,True
CUST01250,6,8,5282.36,880.3933333333333,2024-12-24,2026-11-15,Customer 1250,Male,35,Hyderabad,2025-11-24,691,True
CUST01251,7,15,19548.06,2792.5800000000004,2024-12-21,2026-12-25,Customer 1251,Other,19,Hyderabad,2025-02-23,734,True
CUST01252,2,4,2977.2799999999997,1488.6399999999999,2024-12-05,2025-03-16,Customer 1252,Female,26,Hyderabad,2024-01-10,101,True
CUST01253,4,8,11236.800000000001,2809.2000000000003,2024-12-19,2026-05-28,Customer 1253,Other,18,Trichy,2024-06-26,525,True
CUST01254,5,6,6391.19,1278.2379999999998,2025-04-10,2026-04-21,Customer 1254,Other,37,Pondicherry,2024-09-15,376,True
CUST01255,5,17,12751.57,2550.314,2025-01-30,2026-06-13,Customer 1255,Other,35,Tirunelveli,2025-12-27,499,True
CUST01256,3,4,3944.5,1314.8333333333333,2025-04-25,2026-01-02,Customer 1256,Female,47,Salem,2025-01-20,252,True
CUST01257,1,1,1780.15,1780.15,2026-04-04,2026-04-04,Customer 1257,Female,37,Hyderabad,2024-08-11,0,False
CUST01258,2,6,7678.9,3839.45,2026-03-03,2026-05-20,Customer 1258,Other,43,Bengaluru,2025-06-17,78,True
CUST01259,6,14,11905.84,1984.3066666666666,2024-12-24,2026-08-25,Customer 1259,Male,50,Hyderabad,2024-04-14,609,True
CUST01260,8,13,11995.75,1499.46875,2025-04-05,2026-11-09,Customer 1260,Female,53,Hyderabad,2026-05-13,583,True
CUST01261,3,6,5369.54,1789.8466666666666,2025-10-04,2026-04-05,Customer 1261,Other,36,Salem,2025-08-31,183,True
CUST01262,2,3,3449.07,1724.535,2025-04-22,2026-02-22,Customer 1262,Male,48,Coimbatore,2025-12-01,306,True
CUST01263,10,24,22564.13,2256.413,2025-03-26,2026-08-12,Customer 1263,Female,58,Thanjavur,2024-12-10,504,True
CUST01264,4,7,5508.62,1377.155,2025-01-07,2026-01-29,Customer 1264,Female,34,Hyderabad,2026-06-01,387,True
CUST01265,5,13,16692.72,3338.5440000000003,2025-04-03,2026-09-12,Customer 1265,Other,37,Trichy,2025-12-29,527,True
CUST01266,2,4,3400.21,1700.105,2025-03-07,2026-04-11,Customer 1266,Other,33,Chennai,2024-06-02,400,True
CUST01267,3,6,7528.68,2509.56,2025-01-05,2026-03-01,Customer 1267,Other,43,Hyderabad,2026-04-04,420,True
CUST01268,3,3,1514.31,504.77,2025-04-25,2026-04-16,Customer 1268,Other,26,Pondicherry,2024-11-23,356,True
CUST01269,4,7,5248.67,1312.1675,2025-11-25,2026-07-12,Customer 1269,Other,49,Salem,2024-01-27,229,True
CUST01270,3,5,3477.48,1159.16,2025-05-12,2026-05-09,Customer 1270,Female,43,Tirunelveli,2024-09-22,362,True
CUST01271,3,8,7112.6,2370.866666666667,2025-04-10,2026-02-12,Customer 1271,Male,55,Pondicherry,2026-01-24,308,True
CUST01272,2,8,7900.92,3950.46,2024-12-21,2025-11-26,Customer 1272,Male,39,Pondicherry,2025-08-08,340,True
CUST01273,1,1,558.43,558.43,2026-10-08,2026-10-08,Customer 1273,Male,61,Vellore,2025-12-31,0,False
CUST01274,2,4,3884.56,1942.28,2026-03-23,2026-10-17,Customer 1274,Female,60,Thanjavur,2025-10-15,208,True
CUST01275,7,18,10296.03,1470.8614285714286,2025-01-08,2026-07-23,Customer 1275,Female,28,Hyderabad,2025-06-03,561,True
CUST01276,6,14,11646.63,1941.1049999999998,2024-12-12,2026-08-07,Customer 1276,Other,29,Salem,2026-06-16,603,True
CUST01277,2,2,1341.28,670.64,2025-09-09,2025-12-22,Customer 1277,Female,26,Pondicherry,2024-04-09,104,True
CUST01278,2,2,2222.46,1111.23,2026-04-25,2026-07-26,Customer 1278,Other,53,Madurai,2024-09-21,92,True
CUST01279,3,4,2184.7700000000004,728.2566666666668,2025-06-11,2026-05-04,Customer 1279,Female,59,Coimbatore,2025-11-27,327,True
CUST01280,4,13,8311.84,2077.96,2025-01-16,2026-04-29,Customer 1280,Female,32,Pondicherry,2024-08-15,468,True
CUST01281,5,9,6507.78,1301.556,2025-02-01,2026-03-27,Customer 1281,Female,44,Thanjavur,2026-06-11,419,True
CUST01282,3,6,6802.28,2267.4266666666667,2025-05-27,2026-02-27,Customer 1282,Female,55,Salem,2025-01-15,276,True
CUST01283,6,18,20149.02,3358.17,2024-12-08,2026-12-25,Customer 1283,Male,48,Chennai,2025-04-19,747,True
CUST01284,2,3,3360.36,1680.18,2025-07-13,2026-01-22,Customer 1284,Other,55,Bengaluru,2026-06-06,193,True
CUST01285,5,13,9103.52,1820.7040000000002,2025-01-26,2026-07-03,Customer 1285,Male,48,Trichy,2025-09-27,523,True
CUST01286,3,5,4645.86,1548.62,2025-06-23,2025-08-21,Customer 1286,Male,61,Tirunelveli,2025-05-27,59,True
CUST01287,5,10,10630.67,2126.134,2025-07-07,2026-11-01,Customer 1287,Female,44,Chennai,2025-06-26,482,True
CUST01288,5,7,6630.5,1326.1,2024-11-23,2026-09-06,Customer 1288,Male,26,Trichy,2026-06-10,652,True
CUST01289,3,3,3655.74,1218.58,2026-01-19,2026-09-11,Customer 1289,Female,54,Erode,2024-12-16,235,True
CUST01290,1,1,1031.73,1031.73,2026-02-14,2026-02-14,Customer 1290,Female,63,Madurai,2024-05-26,0,False
CUST01291,5,11,12215.0,2443.0,2025-05-25,2026-03-13,Customer 1291,Male,49,Thanjavur,2026-03-08,292,True
CUST01292,3,3,2121.99,707.3299999999999,2025-12-16,2026-05-31,Customer 1292,Male,38,Hyderabad,2025-10-08,166,True
CUST01293,2,2,1786.88,893.44,2025-09-02,2025-12-23,Customer 1293,Male,46,Salem,2024-02-29,112,True
CUST01294,2,3,1294.8400000000001,647.4200000000001,2025-05-04,2026-10-31,Customer 1294,Male,54,Madurai,2024-08-02,545,True
CUST01295,8,13,12383.29,1547.91125,2024-12-15,2026-10-31,Customer 1295,Male,26,Bengaluru,2025-05-16,685,True
CUST01296,4,9,10299.470000000001,2574.8675000000003,2024-11-27,2025-09-27,Customer 1296,Other,45,Tirunelveli,2025-03-20,304,True
CUST01297,5,12,9314.279999999999,1862.8559999999998,2025-01-23,2026-07-15,Customer 1297,Female,42,Chennai,2025-03-15,538,True
CUST01298,4,8,10096.42,2524.105,2025-01-06,2026-06-21,Customer 1298,Other,30,Pondicherry,2024-02-08,531,True
CUST01299,2,5,5333.41,2666.705,2025-05-20,2025-12-17,Customer 1299,Male,38,Vellore,2025-01-17,211,True
CUST01300,2,4,4364.21,2182.105,2025-02-27,2026-06-12,Customer 1300,Male,61,Chennai,2024-07-14,470,True
CUST01301,2,6,8155.179999999999,4077.5899999999997,2025-05-04,2026-07-18,Customer 1301,Other,33,Trichy,2025-10-03,440,True
CUST01302,3,8,8954.4,2984.7999999999997,2025-04-20,2026-11-14,Customer 1302,Female,37,Madurai,2025-12-11,573,True
CUST01303,7,25,25042.190000000002,3577.4557142857147,2025-03-25,2026-12-01,Customer 1303,Female,50,Bengaluru,2024-04-15,616,True
CUST01304,5,14,10931.939999999999,2186.388,2025-05-01,2026-08-09,Customer 1304,Male,22,Chennai,2024-11-09,465,True
CUST01305,3,11,12067.58,4022.5266666666666,2025-05-16,2026-03-15,Customer 1305,Female,47,Pondicherry,2024-11-01,303,True
CUST01306,3,6,5943.42,1981.14,2025-07-24,2026-08-09,Customer 1306,Other,51,Thanjavur,2025-06-16,381,True
CUST01307,4,9,9015.54,2253.885,2025-01-29,2026-08-20,Customer 1307,Other,26,Thanjavur,2025-03-20,568,True
CUST01308,3,10,7005.9400000000005,2335.3133333333335,2025-01-22,2026-09-28,Customer 1308,Female,30,Madurai,2025-05-16,614,True
CUST01309,2,4,1934.02,967.01,2025-06-08,2026-03-06,Customer 1309,Female,19,Trichy,2026-04-11,271,True
CUST01310,2,6,7654.32,3827.16,2025-04-13,2025-12-06,Customer 1310,Other,26,Trichy,2024-08-17,237,True
CUST01311,4,10,13602.38,3400.595,2025-04-14,2026-04-27,Customer 1311,Male,55,Vellore,2026-01-21,378,True
CUST01312,3,3,3173.3500000000004,1057.7833333333335,2025-03-02,2025-08-05,Customer 1312,Male,41,Pondicherry,2024-06-22,156,True
CUST01313,2,3,2624.97,1312.485,2025-08-19,2026-07-01,Customer 1313,Male,42,Hyderabad,2025-10-28,316,True
CUST01314,3,5,5553.8,1851.2666666666667,2025-05-02,2026-04-26,Customer 1314,Other,57,Chennai,2024-09-18,359,True
CUST01315,2,4,5485.139999999999,2742.5699999999997,2025-05-18,2026-08-02,Customer 1315,Male,60,Coimbatore,2025-08-31,441,True
CUST01316,2,4,2993.5099999999998,1496.7549999999999,2024-12-28,2025-01-27,Customer 1316,Male,21,Pondicherry,2025-10-31,30,True
CUST01317,5,13,9966.27,1993.2540000000001,2025-05-16,2026-09-07,Customer 1317,Female,46,Tirunelveli,2024-04-28,479,True
CUST01318,6,15,13835.4,2305.9,2025-01-21,2026-11-26,Customer 1318,Other,34,Erode,2024-05-06,674,True
CUST01319,5,9,5801.0,1160.2,2025-02-09,2026-10-23,Customer 1319,Male,31,Pondicherry,2025-12-19,621,True
CUST01320,5,7,6923.43,1384.6860000000001,2025-01-19,2026-09-29,Customer 1320,Other,18,Salem,2025-12-03,618,True
CUST01321,6,9,10923.880000000001,1820.6466666666668,2025-04-20,2026-11-02,Customer 1321,Other,24,Hyderabad,2025-03-06,561,True
CUST01322,3,7,9772.76,3257.5866666666666,2025-02-09,2025-07-02,Customer 1322,Female,57,Bengaluru,2025-06-16,143,True
CUST01323,5,12,9992.53,1998.506,2024-12-04,2026-10-04,Customer 1323,Male,44,Coimbatore,2025-12-18,669,True
CUST01324,6,14,19214.6,3202.433333333333,2025-02-04,2026-09-07,Customer 1324,Other,57,Coimbatore,2025-06-07,580,True
CUST01325,4,5,3497.72,874.43,2025-01-16,2026-07-26,Customer 1325,Male,24,Erode,2024-10-16,556,True
CUST01326,1,3,1308.33,1308.33,2026-03-22,2026-03-22,Customer 1326,Other,30,Salem,2024-07-22,0,False
CUST01327,4,6,6291.62,1572.905,2025-02-12,2026-02-09,Customer 1327,Other,30,Thanjavur,2026-05-01,362,True
CUST01328,4,7,8214.44,2053.61,2024-11-19,2026-08-04,Customer 1328,Female,36,Madurai,2025-12-21,623,True
CUST01329,1,1,541.03,541.03,2025-06-02,2025-06-02,Customer 1329,Other,49,Trichy,2024-02-10,0,False
CUST01330,1,4,3789.16,3789.16,2025-05-07,2025-05-07,Customer 1330,Female,39,Trichy,2025-12-05,0,False
CUST01331,2,3,2035.13,1017.565,2026-08-30,2026-09-04,Customer 1331,Male,60,Coimbatore,2024-01-03,5,True
CUST01332,5,10,10906.51,2181.302,2025-01-13,2026-07-23,Customer 1332,Other,60,Erode,2024-04-23,556,True
CUST01333,3,4,4629.360000000001,1543.1200000000001,2024-12-07,2025-07-26,Customer 1333,Male,50,Coimbatore,2024-06-01,231,True
CUST01334,4,8,4751.8099999999995,1187.9524999999999,2025-06-13,2026-10-31,Customer 1334,Other,24,Salem,2026-01-10,505,True
CUST01335,9,18,20626.019999999997,2291.7799999999997,2025-05-10,2026-11-17,Customer 1335,Male,47,Salem,2025-10-21,556,True
CUST01336,3,6,5527.540000000001,1842.5133333333335,2024-11-28,2025-04-03,Customer 1336,Female,21,Coimbatore,2024-09-27,126,True
CUST01337,1,1,1579.09,1579.09,2026-06-21,2026-06-21,Customer 1337,Male,20,Salem,2026-04-12,0,False
CUST01338,4,9,12690.439999999999,3172.6099999999997,2025-01-12,2026-01-29,Customer 1338,Other,38,Tirunelveli,2025-01-03,382,True
CUST01339,2,4,5196.84,2598.42,2025-04-28,2026-11-05,Customer 1339,Male,24,Chennai,2026-01-26,556,True
CUST01340,6,10,11557.55,1926.2583333333332,2025-04-06,2026-11-03,Customer 1340,Male,60,Hyderabad,2024-01-10,576,True
CUST01341,8,19,26804.22,3350.5275,2025-06-23,2026-06-14,Customer 1341,Female,40,Erode,2024-06-23,356,True
CUST01342,1,2,949.52,949.52,2025-05-07,2025-05-07,Customer 1342,Female,64,Coimbatore,2025-09-28,0,False
CUST01343,4,8,6884.6,1721.15,2025-05-14,2026-04-14,Customer 1343,Female,29,Coimbatore,2025-01-16,335,True
CUST01344,6,19,17735.0,2955.8333333333335,2025-03-12,2026-02-11,Customer 1344,Female,47,Salem,2025-02-14,336,True
CUST01346,6,12,11384.22,1897.37,2025-07-22,2026-10-27,Customer 1346,Female,59,Madurai,2026-03-30,462,True
CUST01347,8,17,16175.23,2021.90375,2025-01-06,2026-05-31,Customer 1347,Male,62,Pondicherry,2024-04-25,510,True
CUST01348,2,2,2252.16,1126.08,2026-07-18,2026-09-13,Customer 1348,Male,24,Tirunelveli,2024-03-01,57,True
CUST01349,3,7,5082.03,1694.01,2024-11-14,2026-12-07,Customer 1349,Female,54,Hyderabad,2025-08-27,753,True
CUST01350,6,19,14742.21,2457.035,2025-01-10,2026-07-18,Customer 1350,Male,57,Tirunelveli,2025-03-24,554,True
CUST01351,3,7,4821.74,1607.2466666666667,2026-01-25,2026-09-26,Customer 1351,Female,57,Chennai,2026-03-08,244,True
CUST01352,5,14,17019.37,3403.874,2025-05-11,2026-08-03,Customer 1352,Other,64,Madurai,2026-06-02,449,True
CUST01353,7,13,10715.529999999999,1530.7899999999997,2025-02-11,2026-11-26,Customer 1353,Female,25,Tirunelveli,2025-05-09,653,True
CUST01354,2,2,1988.37,994.185,2025-05-05,2025-09-14,Customer 1354,Male,22,Salem,2025-03-27,132,True
CUST01355,5,12,13901.86,2780.3720000000003,2024-12-16,2026-09-25,Customer 1355,Female,18,Pondicherry,2025-11-01,648,True
CUST01356,2,6,5385.52,2692.76,2025-08-23,2026-09-01,Customer 1356,Other,51,Pondicherry,2026-06-08,374,True
CUST01357,1,3,1099.62,1099.62,2026-11-05,2026-11-05,Customer 1357,Other,54,Trichy,2025-08-13,0,False
CUST01358,6,12,9209.91,1534.985,2025-01-26,2026-08-23,Customer 1358,Female,51,Vellore,2025-11-16,574,True
CUST01359,8,20,17842.73,2230.34125,2024-12-18,2026-12-13,Customer 1359,Other,57,Coimbatore,2025-12-05,725,True
CUST01360,6,14,13655.24,2275.8733333333334,2024-12-02,2026-10-27,Customer 1360,Other,64,Trichy,2025-03-19,694,True
CUST01361,2,3,2779.29,1389.645,2026-03-02,2026-07-04,Customer 1361,Female,60,Hyderabad,2025-05-08,124,True
CUST01362,1,3,1760.28,1760.28,2025-11-11,2025-11-11,Customer 1362,Female,27,Vellore,2025-10-18,0,False
CUST01363,5,11,16887.54,3377.5080000000003,2025-07-15,2026-08-25,Customer 1363,Male,18,Hyderabad,2025-09-19,406,True
CUST01364,5,11,11200.63,2240.1259999999997,2025-01-11,2026-04-02,Customer 1364,Other,48,Erode,2024-06-09,446,True
CUST01365,2,4,3473.56,1736.78,2026-05-21,2026-09-16,Customer 1365,Male,22,Erode,2026-06-09,118,True
CUST01366,4,10,7500.77,1875.1925,2025-01-29,2026-07-23,Customer 1366,Male,39,Salem,2024-11-24,540,True
CUST01367,5,10,10439.56,2087.912,2025-04-14,2026-06-02,Customer 1367,Other,32,Vellore,2024-02-21,414,True
CUST01368,3,4,4706.26,1568.7533333333333,2025-04-19,2026-05-02,Customer 1368,Female,43,Trichy,2025-10-20,378,True
CUST01369,4,11,14824.550000000001,3706.1375000000003,2025-12-07,2026-05-23,Customer 1369,Female,46,Bengaluru,2024-03-21,167,True
CUST01370,5,9,15393.31,3078.662,2024-12-08,2026-07-29,Customer 1370,Male,49,Erode,2025-04-03,598,True
CUST01371,4,8,9398.529999999999,2349.6324999999997,2025-02-27,2025-08-31,Customer 1371,Male,49,Pondicherry,2024-11-19,185,True
CUST01372,4,9,7716.35,1929.0875,2025-02-02,2025-06-06,Customer 1372,Male,24,Tirunelveli,2025-10-31,124,True
CUST01373,6,18,23788.56,3964.76,2025-01-19,2026-08-10,Customer 1373,Male,53,Vellore,2025-02-26,568,True
CUST01374,3,7,5590.8,1863.6000000000001,2025-04-25,2025-12-15,Customer 1374,Male,56,Bengaluru,2024-01-01,234,True
CUST01375,3,4,6143.35,2047.7833333333335,2025-10-22,2026-06-14,Customer 1375,Female,50,Vellore,2025-10-14,235,True
CUST01376,5,8,9023.650000000001,1804.7300000000002,2025-05-25,2026-07-22,Customer 1376,Other,60,Erode,2024-07-30,423,True
CUST01377,8,18,16331.75,2041.46875,2024-12-05,2026-05-04,Customer 1377,Female,21,Trichy,2024-12-15,515,True
CUST01378,2,5,3511.51,1755.755,2026-03-24,2026-08-06,Customer 1378,Female,39,Vellore,2026-05-14,135,True
CUST01379,3,4,2801.27,933.7566666666667,2025-04-19,2026-07-11,Customer 1379,Other,56,Erode,2026-02-24,448,True
CUST01380,4,7,6922.3099999999995,1730.5774999999999,2024-11-30,2026-07-03,Customer 1380,Other,41,Pondicherry,2026-01-03,580,True
CUST01381,2,6,3132.36,1566.18,2026-01-21,2026-04-21,Customer 1381,Male,24,Hyderabad,2025-04-08,90,True
CUST01382,3,3,2801.44,933.8133333333334,2025-08-26,2026-07-17,Customer 1382,Male,39,Thanjavur,2024-08-15,325,True
CUST01383,4,9,6806.31,1701.5775,2025-03-06,2026-05-20,Customer 1383,Other,36,Vellore,2026-04-29,440,True
CUST01384,3,8,6598.0,2199.3333333333335,2024-12-25,2025-01-25,Customer 1384,Female,62,Coimbatore,2025-06-18,31,True
CUST01385,4,6,7588.48,1897.12,2025-04-01,2026-09-23,Customer 1385,Male,49,Madurai,2024-02-16,540,True
CUST01386,5,8,8668.65,1733.73,2025-04-28,2026-02-16,Customer 1386,Other,65,Pondicherry,2026-04-21,294,True
CUST01387,5,8,9621.61,1924.3220000000001,2025-06-22,2026-08-06,Customer 1387,Male,34,Bengaluru,2025-02-23,410,True
CUST01388,1,3,1181.22,1181.22,2026-09-08,2026-09-08,Customer 1388,Male,25,Tirunelveli,2024-07-19,0,False
CUST01389,3,7,4371.99,1457.33,2024-12-28,2026-01-15,Customer 1389,Female,30,Pondicherry,2024-08-08,383,True
CUST01390,5,7,8077.55,1615.51,2025-03-06,2026-07-27,Customer 1390,Male,44,Chennai,2024-12-12,508,True
CUST01391,3,8,9055.7,3018.566666666667,2025-01-29,2026-02-12,Customer 1391,Other,55,Coimbatore,2025-10-10,379,True
CUST01392,6,17,23309.14,3884.8566666666666,2025-01-09,2026-09-11,Customer 1392,Female,47,Hyderabad,2026-03-01,610,True
CUST01393,2,3,3801.9100000000003,1900.9550000000002,2025-08-03,2026-07-05,Customer 1393,Other,26,Erode,2025-08-26,336,True
CUST01394,3,6,3827.41,1275.8033333333333,2026-01-09,2026-08-29,Customer 1394,Other,65,Chennai,2024-01-05,232,True
CUST01395,5,9,6766.32,1353.264,2025-02-21,2026-10-02,Customer 1395,Female,55,Erode,2025-07-20,588,True
CUST01396,5,9,12409.300000000001,2481.86,2026-01-08,2026-08-28,Customer 1396,Male,62,Bengaluru,2025-06-04,232,True
CUST01397,4,6,5105.79,1276.4475,2025-01-04,2026-05-15,Customer 1397,Other,26,Coimbatore,2024-06-26,496,True
CUST01398,6,13,13691.199999999999,2281.8666666666663,2025-05-14,2026-09-15,Customer 1398,Other,56,Bengaluru,2025-01-31,489,True
CUST01399,1,1,813.15,813.15,2025-08-08,2025-08-08,Customer 1399,Other,42,Tirunelveli,2024-11-25,0,False
CUST01400,5,13,10462.34,2092.468,2025-02-18,2026-09-03,Customer 1400,Other,33,Salem,2025-09-15,562,True
CUST01401,4,11,13630.77,3407.6925,2025-06-30,2026-07-14,Customer 1401,Female,36,Erode,2025-02-11,379,True
CUST01402,4,7,6457.21,1614.3025,2025-02-23,2026-09-15,Customer 1402,Male,26,Tirunelveli,2026-04-04,569,True
CUST01403,7,16,12717.71,1816.8157142857142,2024-12-05,2026-09-27,Customer 1403,Other,65,Vellore,2025-09-08,661,True
CUST01404,4,11,10510.23,2627.5575,2025-05-20,2026-08-14,Customer 1404,Other,53,Thanjavur,2024-11-02,451,True
CUST01405,2,3,1901.17,950.585,2025-12-10,2026-03-12,Customer 1405,Other,53,Hyderabad,2025-12-29,92,True
CUST01406,2,4,5248.01,2624.005,2025-12-23,2026-02-19,Customer 1406,Male,31,Bengaluru,2024-08-10,58,True
CUST01407,2,5,5976.8,2988.4,2025-05-31,2025-08-22,Customer 1407,Female,61,Thanjavur,2026-01-01,83,True
CUST01408,1,1,2011.6,2011.6,2025-07-11,2025-07-11,Customer 1408,Male,63,Hyderabad,2025-11-19,0,False
CUST01409,4,12,15520.12,3880.03,2025-03-03,2026-08-25,Customer 1409,Other,52,Pondicherry,2024-07-01,540,True
CUST01410,5,15,18787.03,3757.406,2025-04-28,2026-02-21,Customer 1410,Female,63,Coimbatore,2025-10-14,299,True
CUST01411,5,12,15915.82,3183.1639999999998,2025-04-09,2026-07-11,Customer 1411,Female,53,Erode,2026-02-18,458,True
CUST01412,5,9,5753.68,1150.736,2025-07-22,2026-10-31,Customer 1412,Other,60,Pondicherry,2025-08-19,466,True
CUST01413,1,2,1369.3,1369.3,2025-11-15,2025-11-15,Customer 1413,Other,65,Vellore,2025-03-03,0,False
CUST01414,8,20,23636.65,2954.58125,2025-05-07,2026-07-02,Customer 1414,Female,18,Vellore,2024-10-19,421,True
CUST01415,4,8,6186.1,1546.525,2025-07-31,2026-10-24,Customer 1415,Male,42,Madurai,2024-04-19,450,True
CUST01416,3,5,6545.54,2181.846666666667,2025-02-05,2026-07-06,Customer 1416,Other,21,Trichy,2024-02-24,516,True
CUST01417,5,10,9622.54,1924.5080000000003,2024-11-30,2026-07-11,Customer 1417,Male,36,Hyderabad,2024-09-30,588,True
CUST01418,3,7,7673.47,2557.8233333333333,2025-10-03,2026-09-09,Customer 1418,Male,21,Pondicherry,2024-09-13,341,True
CUST01419,4,7,8016.92,2004.23,2025-01-30,2026-11-07,Customer 1419,Female,31,Vellore,2026-03-14,646,True
CUST01420,2,5,4854.07,2427.035,2025-05-26,2025-06-24,Customer 1420,Female,46,Coimbatore,2024-02-03,29,True
CUST01421,7,14,16923.96,2417.7085714285713,2025-01-10,2026-11-17,Customer 1421,Other,65,Vellore,2025-09-22,676,True
CUST01422,4,7,6341.610000000001,1585.4025000000001,2025-10-01,2026-08-25,Customer 1422,Male,65,Hyderabad,2026-06-04,328,True
CUST01423,2,4,3089.26,1544.63,2025-07-29,2026-06-18,Customer 1423,Female,33,Vellore,2025-07-28,324,True
CUST01424,4,6,5694.9400000000005,1423.7350000000001,2025-05-10,2026-02-10,Customer 1424,Other,36,Pondicherry,2026-03-14,276,True
CUST01425,4,8,11234.36,2808.59,2025-04-29,2026-11-30,Customer 1425,Male,42,Tirunelveli,2025-11-11,580,True
CUST01426,3,4,4879.33,1626.4433333333334,2025-01-13,2026-10-21,Customer 1426,Other,38,Vellore,2025-03-02,646,True
CUST01427,4,10,10766.79,2691.6975,2025-04-20,2026-02-20,Customer 1427,Male,65,Salem,2024-02-25,306,True
CUST01428,4,7,10059.619999999999,2514.9049999999997,2025-04-18,2026-09-01,Customer 1428,Other,46,Trichy,2024-07-26,501,True
CUST01429,2,4,4472.72,2236.36,2025-02-15,2026-10-07,Customer 1429,Other,63,Hyderabad,2025-10-10,599,True
CUST01430,6,14,15805.54,2634.2566666666667,2025-01-20,2026-09-29,Customer 1430,Other,52,Pondicherry,2025-01-11,617,True
CUST01431,4,12,12157.5,3039.375,2025-03-08,2025-07-14,Customer 1431,Male,64,Trichy,2025-09-09,128,True
CUST01432,4,9,6330.2,1582.55,2024-11-23,2026-02-10,Customer 1432,Female,29,Hyderabad,2024-10-28,444,True
CUST01433,4,9,7543.88,1885.97,2025-06-16,2026-04-15,Customer 1433,Male,29,Pondicherry,2024-03-17,303,True
CUST01434,5,12,10707.369999999999,2141.4739999999997,2025-09-26,2026-09-05,Customer 1434,Male,42,Chennai,2025-06-10,344,True
CUST01435,2,3,3192.38,1596.19,2024-11-21,2026-01-09,Customer 1435,Female,53,Salem,2025-03-14,414,True
CUST01436,3,3,3319.29,1106.43,2025-08-15,2026-10-07,Customer 1436,Male,55,Salem,2024-05-13,418,True
CUST01437,2,3,1860.44,930.22,2025-01-07,2025-02-26,Customer 1437,Female,47,Pondicherry,2024-01-06,50,True
CUST01438,4,5,6359.05,1589.7625,2025-01-03,2026-09-01,Customer 1438,Male,27,Thanjavur,2024-06-07,606,True
CUST01439,3,5,3185.49,1061.83,2024-12-27,2026-04-04,Customer 1439,Male,58,Bengaluru,2025-09-03,463,True
CUST01440,5,7,8667.76,1733.5520000000001,2025-04-03,2026-06-28,Customer 1440,Other,37,Erode,2026-05-13,451,True
CUST01441,2,2,844.6500000000001,422.32500000000005,2026-04-12,2026-06-09,Customer 1441,Other,53,Thanjavur,2026-03-19,58,True
CUST01442,7,12,10505.47,1500.7814285714285,2024-12-06,2026-08-30,Customer 1442,Other,38,Vellore,2024-03-15,632,True
CUST01443,5,11,13228.029999999999,2645.6059999999998,2025-04-22,2026-09-05,Customer 1443,Male,51,Coimbatore,2024-08-13,501,True
CUST01445,2,5,5874.52,2937.26,2025-01-17,2026-02-09,Customer 1445,Other,43,Coimbatore,2025-07-10,388,True
CUST01446,4,13,11643.25,2910.8125,2025-07-26,2026-03-22,Customer 1446,Male,31,Hyderabad,2024-12-23,239,True
CUST01447,3,6,12075.39,4025.1299999999997,2025-06-02,2026-06-20,Customer 1447,Female,41,Salem,2024-12-05,383,True
CUST01448,1,1,1232.06,1232.06,2024-11-29,2024-11-29,Customer 1448,Other,51,Erode,2024-08-11,0,False
CUST01449,1,1,1264.37,1264.37,2025-08-05,2025-08-05,Customer 1449,Other,18,Coimbatore,2025-07-28,0,False
CUST01450,3,5,5051.71,1683.9033333333334,2025-06-27,2026-10-19,Customer 1450,Female,46,Trichy,2025-11-15,479,True
CUST01451,5,10,12877.130000000001,2575.4260000000004,2025-04-27,2025-12-03,Customer 1451,Other,57,Trichy,2025-10-19,220,True
CUST01452,5,13,11837.03,2367.406,2024-11-22,2026-11-20,Customer 1452,Other,38,Tirunelveli,2024-02-10,728,True
CUST01453,3,6,8128.94,2709.6466666666665,2025-05-29,2026-05-09,Customer 1453,Male,42,Salem,2026-03-26,345,True
CUST01454,4,6,4452.95,1113.2375,2025-02-10,2026-08-28,Customer 1454,Other,36,Chennai,2025-07-07,564,True
CUST01455,9,19,16587.71,1843.0788888888887,2025-02-06,2026-07-09,Customer 1455,Female,50,Vellore,2025-06-13,518,True
CUST01456,3,7,7135.81,2378.6033333333335,2025-01-08,2026-10-31,Customer 1456,Female,20,Salem,2025-04-01,661,True
CUST01457,5,11,9085.39,1817.078,2025-08-26,2026-10-21,Customer 1457,Male,38,Vellore,2025-10-29,421,True
CUST01458,1,1,924.02,924.02,2025-08-11,2025-08-11,Customer 1458,Male,28,Vellore,2024-03-25,0,False
CUST01459,9,17,19259.11,2139.9011111111113,2024-11-29,2026-09-11,Customer 1459,Male,58,Coimbatore,2025-06-30,651,True
CUST01460,2,6,5022.84,2511.42,2025-01-10,2025-05-27,Customer 1460,Other,58,Trichy,2024-08-03,137,True
CUST01461,1,2,962.86,962.86,2025-01-29,2025-01-29,Customer 1461,Other,45,Coimbatore,2026-06-04,0,False
CUST01462,4,12,14038.69,3509.6725,2025-01-26,2026-07-02,Customer 1462,Other,62,Pondicherry,2024-07-29,522,True
CUST01463,8,15,13728.369999999999,1716.0462499999999,2024-12-14,2026-11-29,Customer 1463,Female,59,Coimbatore,2026-03-04,715,True
CUST01464,6,14,17100.21,2850.035,2025-01-09,2025-11-28,Customer 1464,Other,27,Chennai,2026-02-03,323,True
CUST01465,1,1,1226.67,1226.67,2026-08-30,2026-08-30,Customer 1465,Other,39,Chennai,2025-04-15,0,False
CUST01466,3,4,3190.15,1063.3833333333334,2025-05-22,2025-10-05,Customer 1466,Male,21,Madurai,2024-03-30,136,True
CUST01467,4,7,8814.52,2203.63,2025-08-19,2026-06-23,Customer 1467,Female,53,Coimbatore,2026-03-24,308,True
CUST01468,4,12,11746.9,2936.725,2025-02-07,2026-03-18,Customer 1468,Male,34,Tirunelveli,2025-08-11,404,True
CUST01469,1,1,1042.49,1042.49,2025-12-13,2025-12-13,Customer 1469,Female,58,Tirunelveli,2025-02-01,0,False
CUST01470,2,2,1036.06,518.03,2025-06-11,2025-10-25,Customer 1470,Female,19,Tirunelveli,2025-03-19,136,True
CUST01471,2,5,2966.26,1483.13,2025-10-11,2026-09-23,Customer 1471,Male,52,Chennai,2025-11-20,347,True
CUST01472,4,12,10552.21,2638.0525,2025-04-15,2026-02-08,Customer 1472,Other,57,Coimbatore,2025-10-18,299,True
CUST01473,7,13,14575.04,2082.1485714285714,2025-01-06,2026-08-26,Customer 1473,Other,55,Chennai,2026-02-13,597,True
CUST01474,3,8,11398.89,3799.6299999999997,2025-06-30,2026-01-14,Customer 1474,Male,40,Vellore,2025-12-18,198,True
CUST01475,4,10,9377.18,2344.295,2025-06-17,2026-10-20,Customer 1475,Female,61,Salem,2024-04-18,490,True
CUST01476,3,6,3501.0299999999997,1167.01,2025-04-16,2026-03-16,Customer 1476,Male,36,Erode,2025-09-13,334,True
CUST01477,5,14,13139.83,2627.966,2025-01-03,2026-09-07,Customer 1477,Female,60,Chennai,2025-01-25,612,True
CUST01478,5,10,8321.87,1664.3740000000003,2024-12-21,2026-03-29,Customer 1478,Male,52,Trichy,2025-04-30,463,True
CUST01479,4,13,14644.11,3661.0275,2025-02-27,2025-10-06,Customer 1479,Other,43,Vellore,2024-05-19,221,True
CUST01480,7,7,8398.44,1199.777142857143,2025-06-08,2026-07-15,Customer 1480,Other,27,Salem,2024-10-29,402,True
CUST01481,5,9,12386.029999999999,2477.2059999999997,2024-11-30,2026-01-17,Customer 1481,Other,59,Thanjavur,2025-11-24,413,True
CUST01482,4,12,9733.03,2433.2575,2025-03-22,2026-08-24,Customer 1482,Other,53,Madurai,2024-01-12,520,True
CUST01483,3,6,7662.62,2554.2066666666665,2025-03-25,2026-08-31,Customer 1483,Male,18,Bengaluru,2024-05-06,524,True
CUST01484,4,13,13824.96,3456.24,2025-05-23,2026-06-15,Customer 1484,Female,52,Vellore,2025-09-02,388,True
CUST01485,4,6,7343.18,1835.795,2025-02-18,2026-09-04,Customer 1485,Female,31,Pondicherry,2024-03-28,563,True
CUST01486,2,5,5030.84,2515.42,2026-04-26,2026-08-22,Customer 1486,Other,40,Trichy,2026-01-29,118,True
CUST01487,4,9,13755.0,3438.75,2025-07-16,2026-01-31,Customer 1487,Other,50,Madurai,2025-02-26,199,True
CUST01488,7,17,14961.17,2137.31,2024-11-24,2025-11-20,Customer 1488,Male,32,Bengaluru,2024-06-13,361,True
CUST01489,4,10,9960.11,2490.0275,2024-11-21,2026-08-07,Customer 1489,Female,30,Coimbatore,2026-05-04,624,True
CUST01490,6,15,18363.59,3060.5983333333334,2025-01-12,2026-03-17,Customer 1490,Other,54,Chennai,2024-07-04,429,True
CUST01491,3,4,4740.34,1580.1133333333335,2025-12-25,2026-07-23,Customer 1491,Other,47,Hyderabad,2026-05-21,210,True
CUST01492,8,15,17976.13,2247.01625,2024-12-30,2026-12-18,Customer 1492,Male,36,Hyderabad,2025-07-16,718,True
CUST01493,6,17,12540.51,2090.085,2025-04-16,2026-10-27,Customer 1493,Female,24,Trichy,2024-03-09,559,True
CUST01494,9,22,21559.84,2395.5377777777776,2025-02-10,2026-07-16,Customer 1494,Other,49,Thanjavur,2026-01-13,521,True
CUST01495,5,11,8367.84,1673.568,2025-02-20,2026-10-04,Customer 1495,Male,60,Hyderabad,2024-12-31,591,True
CUST01496,4,6,7688.219999999999,1922.0549999999998,2025-04-17,2026-10-10,Customer 1496,Male,36,Bengaluru,2024-08-28,541,True
CUST01497,4,7,6585.68,1646.42,2025-01-26,2026-08-18,Customer 1497,Male,38,Erode,2024-03-12,569,True
CUST01498,4,9,8916.41,2229.1025,2025-03-01,2026-01-03,Customer 1498,Female,57,Hyderabad,2025-04-06,308,True
CUST01499,3,11,14016.37,4672.123333333334,2026-02-03,2026-07-25,Customer 1499,Other,55,Madurai,2024-11-09,172,True
CUST01500,6,6,4796.87,799.4783333333334,2025-05-14,2026-08-09,Customer 1500,Other,41,Thanjavur,2025-08-02,452,True
CUST01501,3,6,8542.380000000001,2847.4600000000005,2025-11-18,2026-06-17,Customer 1501,Male,18,Thanjavur,2025-03-14,211,True
CUST01502,4,7,5708.31,1427.0775,2025-06-02,2026-11-04,Customer 1502,Male,63,Pondicherry,2024-09-09,520,True
CUST01503,5,7,7320.69,1464.138,2025-02-07,2026-06-25,Customer 1503,Female,35,Thanjavur,2025-10-18,503,True
CUST01504,4,13,18792.489999999998,4698.1224999999995,2025-04-20,2025-06-17,Customer 1504,Other,64,Thanjavur,2024-05-17,58,True
CUST01505,4,9,9938.66,2484.665,2025-04-27,2025-06-23,Customer 1505,Female,47,Erode,2026-06-17,57,True
CUST01506,4,9,6322.99,1580.7475,2025-01-13,2026-08-25,Customer 1506,Female,49,Vellore,2025-01-02,589,True
CUST01507,4,10,9148.77,2287.1925,2025-04-21,2026-08-15,Customer 1507,Male,59,Bengaluru,2024-04-21,481,True
CUST01508,2,4,3560.9,1780.45,2025-05-17,2026-06-30,Customer 1508,Female,26,Vellore,2024-03-24,409,True
CUST01509,5,11,12651.57,2530.314,2026-02-21,2026-08-02,Customer 1509,Female,64,Hyderabad,2024-07-20,162,True
CUST01510,2,6,9942.720000000001,4971.360000000001,2024-11-26,2026-03-20,Customer 1510,Other,22,Chennai,2024-03-19,479,True
CUST01511,3,6,7231.35,2410.4500000000003,2025-05-06,2026-03-06,Customer 1511,Other,58,Chennai,2026-05-19,304,True
CUST01512,6,13,11458.11,1909.6850000000002,2025-04-26,2026-09-17,Customer 1512,Other,55,Tirunelveli,2026-04-12,509,True
CUST01513,6,24,31406.07,5234.345,2025-02-14,2026-04-29,Customer 1513,Other,31,Chennai,2026-02-26,439,True
CUST01514,2,2,1928.3400000000001,964.1700000000001,2025-07-26,2026-01-26,Customer 1514,Female,52,Vellore,2025-07-18,184,True
CUST01515,2,7,6685.39,3342.695,2025-07-31,2025-08-26,Customer 1515,Other,27,Thanjavur,2025-04-28,26,True
CUST01517,1,2,1508.82,1508.82,2025-12-03,2025-12-03,Customer 1517,Female,26,Erode,2026-05-27,0,False
CUST01518,7,23,21180.03,3025.718571428571,2024-12-24,2026-11-16,Customer 1518,Other,23,Tirunelveli,2025-05-28,692,True
CUST01519,5,13,9412.66,1882.532,2025-04-19,2026-11-09,Customer 1519,Other,18,Hyderabad,2025-01-07,569,True
CUST01520,4,7,8164.94,2041.235,2025-04-11,2026-04-11,Customer 1520,Other,61,Madurai,2024-09-01,365,True
CUST01521,1,2,3082.3,3082.3,2025-08-06,2025-08-06,Customer 1521,Other,26,Erode,2026-02-14,0,False
CUST01522,7,19,17899.55,2557.078571428571,2024-12-26,2026-11-18,Customer 1522,Male,54,Bengaluru,2024-06-12,692,True
CUST01523,4,9,9277.1,2319.275,2025-07-20,2026-06-11,Customer 1523,Male,65,Pondicherry,2025-11-06,326,True
CUST01524,2,3,2023.4099999999999,1011.7049999999999,2025-09-30,2026-09-15,Customer 1524,Female,20,Trichy,2025-05-10,350,True
CUST01525,4,8,8699.64,2174.91,2025-06-13,2026-09-08,Customer 1525,Female,32,Coimbatore,2026-02-18,452,True
CUST01526,3,3,3162.54,1054.18,2025-08-14,2026-12-15,Customer 1526,Female,32,Chennai,2024-09-27,488,True
CUST01527,7,11,10689.3,1527.042857142857,2024-12-14,2026-05-24,Customer 1527,Male,51,Thanjavur,2025-11-15,526,True
CUST01528,2,3,3848.56,1924.28,2025-09-05,2026-03-10,Customer 1528,Female,47,Chennai,2025-02-01,186,True
CUST01529,3,3,2659.9700000000003,886.6566666666668,2026-04-10,2026-12-08,Customer 1529,Other,38,Coimbatore,2024-02-10,242,True
CUST01530,4,7,5393.01,1348.2525,2024-11-25,2026-05-05,Customer 1530,Other,58,Salem,2025-12-21,526,True
CUST01531,7,13,16062.91,2294.7014285714286,2025-05-02,2026-10-31,Customer 1531,Other,34,Bengaluru,2026-05-04,547,True
CUST01532,6,13,11573.710000000001,1928.9516666666668,2025-10-19,2026-08-25,Customer 1532,Other,29,Tirunelveli,2025-07-11,310,True
CUST01533,5,9,13850.060000000001,2770.012,2025-07-03,2026-10-01,Customer 1533,Female,41,Bengaluru,2025-10-31,455,True
CUST01534,7,16,14026.26,2003.7514285714285,2025-06-27,2026-06-03,Customer 1534,Male,51,Salem,2025-10-31,341,True
CUST01535,4,6,5159.61,1289.9025,2024-11-19,2026-06-10,Customer 1535,Male,51,Tirunelveli,2025-01-20,568,True
CUST01536,4,13,14706.5,3676.625,2025-07-28,2026-11-11,Customer 1536,Female,49,Erode,2024-12-27,471,True
CUST01537,3,6,6951.79,2317.2633333333333,2025-06-05,2026-09-08,Customer 1537,Male,50,Madurai,2025-09-10,460,True
CUST01538,1,1,767.39,767.39,2026-07-18,2026-07-18,Customer 1538,Male,32,Coimbatore,2025-03-26,0,False
CUST01539,3,8,5156.22,1718.74,2025-04-22,2026-02-22,Customer 1539,Other,35,Trichy,2025-06-10,306,True
CUST01540,2,2,1564.53,782.265,2026-01-01,2026-08-05,Customer 1540,Male,28,Thanjavur,2024-06-02,216,True
CUST01541,2,2,1812.75,906.375,2025-04-29,2025-08-11,Customer 1541,Other,25,Hyderabad,2025-09-08,104,True
CUST01542,2,5,5475.12,2737.56,2026-01-11,2026-02-24,Customer 1542,Female,39,Pondicherry,2024-08-23,44,True
CUST01543,4,7,5910.35,1477.5875,2025-11-20,2026-11-13,Customer 1543,Female,61,Erode,2024-04-26,358,True
CUST01544,5,9,9543.84,1908.768,2025-11-10,2026-10-09,Customer 1544,Male,55,Madurai,2025-05-05,333,True
CUST01545,1,2,2050.06,2050.06,2025-08-21,2025-08-21,Customer 1545,Female,19,Trichy,2025-10-24,0,False
CUST01546,2,3,3022.7999999999997,1511.3999999999999,2025-04-11,2025-05-11,Customer 1546,Male,54,Bengaluru,2024-02-14,30,True
CUST01547,4,8,8234.1,2058.525,2025-03-25,2026-06-19,Customer 1547,Male,58,Vellore,2024-06-13,451,True
CUST01548,7,15,14158.48,2022.6399999999999,2024-12-17,2026-10-12,Customer 1548,Other,27,Chennai,2024-02-10,664,True
CUST01549,4,10,18966.0,4741.5,2025-05-19,2026-02-21,Customer 1549,Female,29,Vellore,2024-06-19,278,True
CUST01550,1,3,4456.23,4456.23,2025-08-28,2025-08-28,Customer 1550,Other,54,Hyderabad,2025-02-19,0,False
CUST01551,2,7,9112.75,4556.375,2025-01-20,2026-04-04,Customer 1551,Other,64,Hyderabad,2024-01-20,439,True
CUST01552,3,4,6014.49,2004.83,2025-08-01,2026-11-05,Customer 1552,Female,23,Trichy,2026-04-21,461,True
CUST01553,1,3,2065.38,2065.38,2026-09-20,2026-09-20,Customer 1553,Other,48,Erode,2025-04-04,0,False
CUST01554,7,11,15364.69,2194.9557142857143,2025-01-30,2026-11-01,Customer 1554,Male,44,Bengaluru,2024-06-23,640,True
CUST01555,6,11,15908.749999999998,2651.458333333333,2025-02-14,2026-07-16,Customer 1555,Other,29,Bengaluru,2024-05-26,517,True
CUST01556,6,9,7868.89,1311.4816666666668,2025-01-29,2026-08-11,Customer 1556,Other,34,Madurai,2025-11-06,559,True
CUST01557,4,16,11356.68,2839.17,2025-01-22,2025-06-11,Customer 1557,Other,39,Erode,2026-01-11,140,True
CUST01558,1,1,402.96,402.96,2026-08-29,2026-08-29,Customer 1558,Other,22,Trichy,2025-09-02,0,False
CUST01559,8,21,17702.4,2212.8,2025-04-17,2026-10-03,Customer 1559,Female,26,Coimbatore,2025-01-22,534,True
CUST01560,3,7,5484.31,1828.1033333333335,2025-06-19,2026-08-01,Customer 1560,Male,51,Vellore,2024-01-17,408,True
CUST01561,3,4,4489.3099999999995,1496.4366666666665,2025-11-29,2026-04-22,Customer 1561,Female,27,Bengaluru,2025-12-01,144,True
CUST01562,3,11,7343.0,2447.6666666666665,2026-03-25,2026-08-24,Customer 1562,Male,48,Bengaluru,2024-04-08,152,True
CUST01563,2,3,2307.13,1153.565,2025-04-18,2026-05-12,Customer 1563,Male,52,Vellore,2025-09-06,389,True
CUST01564,6,13,15539.52,2589.92,2024-11-15,2026-05-18,Customer 1564,Male,23,Erode,2026-02-09,549,True
CUST01565,2,3,1797.5,898.75,2024-12-24,2025-12-17,Customer 1565,Male,56,Vellore,2025-11-06,358,True
CUST01566,5,8,7528.360000000001,1505.672,2024-12-20,2026-10-02,Customer 1566,Male,61,Hyderabad,2026-04-27,651,True
CUST01567,2,8,7300.24,3650.12,2026-07-17,2026-09-21,Customer 1567,Other,44,Thanjavur,2025-03-17,66,True
CUST01568,1,1,1242.34,1242.34,2026-08-01,2026-08-01,Customer 1568,Male,62,Vellore,2026-06-14,0,False
CUST01569,1,3,1106.67,1106.67,2025-01-13,2025-01-13,Customer 1569,Male,48,Tirunelveli,2025-03-15,0,False
CUST01572,5,12,11462.93,2292.5860000000002,2025-06-25,2026-08-11,Customer 1572,Female,32,Coimbatore,2024-09-17,412,True
CUST01573,6,17,15667.14,2611.19,2025-08-11,2026-07-12,Customer 1573,Other,52,Tirunelveli,2024-10-17,335,True
CUST01574,6,14,12732.46,2122.0766666666664,2025-03-11,2026-08-24,Customer 1574,Male,18,Pondicherry,2024-09-20,531,True
CUST01575,2,4,3120.34,1560.17,2025-07-29,2026-08-26,Customer 1575,Male,54,Vellore,2026-01-31,393,True
CUST01576,6,10,6800.01,1133.335,2025-05-01,2026-09-06,Customer 1576,Other,18,Tirunelveli,2024-04-30,493,True
CUST01577,3,4,2988.2,996.0666666666666,2026-07-23,2026-10-09,Customer 1577,Male,62,Thanjavur,2025-11-01,78,True
CUST01578,7,12,13314.44,1902.0628571428572,2025-07-02,2026-09-27,Customer 1578,Female,24,Madurai,2025-02-22,452,True
CUST01579,4,11,10392.41,2598.1025,2025-01-21,2025-12-17,Customer 1579,Other,55,Salem,2025-03-12,330,True
CUST01580,1,3,3813.51,3813.51,2026-04-24,2026-04-24,Customer 1580,Other,45,Bengaluru,2024-09-24,0,False
CUST01581,3,8,9911.72,3303.9066666666663,2026-01-28,2026-09-20,Customer 1581,Other,35,Hyderabad,2025-01-09,235,True
CUST01582,4,11,6846.34,1711.585,2025-02-21,2026-10-18,Customer 1582,Male,44,Vellore,2025-02-10,604,True
CUST01583,1,2,656.86,656.86,2024-12-31,2024-12-31,Customer 1583,Other,48,Madurai,2026-03-13,0,False
CUST01584,2,5,4395.76,2197.88,2026-02-15,2026-07-21,Customer 1584,Other,53,Erode,2025-01-14,156,True
CUST01585,8,14,10301.119999999999,1287.6399999999999,2025-04-02,2026-09-06,Customer 1585,Female,54,Thanjavur,2024-09-16,522,True
CUST01586,2,4,4038.49,2019.245,2026-03-17,2026-11-14,Customer 1586,Other,43,Pondicherry,2026-03-03,242,True
CUST01587,7,17,18915.13,2702.1614285714286,2025-05-26,2026-10-11,Customer 1587,Other,25,Pondicherry,2024-05-21,503,True
CUST01588,4,8,11670.84,2917.71,2025-10-24,2026-08-28,Customer 1588,Female,62,Madurai,2024-08-23,308,True
CUST01589,2,3,4008.05,2004.025,2025-01-08,2025-06-06,Customer 1589,Male,50,Tirunelveli,2024-04-12,149,True
CUST01590,6,12,14202.73,2367.1216666666664,2024-12-10,2026-06-05,Customer 1590,Female,53,Bengaluru,2026-03-15,542,True
CUST01591,1,1,1984.91,1984.91,2026-04-25,2026-04-25,Customer 1591,Other,63,Chennai,2025-12-14,0,False
CUST01592,5,12,11371.62,2274.324,2025-01-27,2026-10-04,Customer 1592,Female,58,Chennai,2024-06-13,615,True
CUST01593,3,5,5335.360000000001,1778.4533333333336,2024-11-28,2026-10-02,Customer 1593,Male,27,Erode,2026-04-03,673,True
CUST01594,3,7,5773.900000000001,1924.6333333333334,2025-01-21,2026-09-18,Customer 1594,Female,23,Coimbatore,2025-09-06,605,True
CUST01595,3,8,6532.7,2177.5666666666666,2024-12-28,2025-11-01,Customer 1595,Male,41,Coimbatore,2024-09-26,308,True
CUST01596,3,7,6627.28,2209.0933333333332,2024-12-19,2026-07-24,Customer 1596,Male,64,Tirunelveli,2025-09-15,582,True
CUST01597,2,5,5587.5599999999995,2793.7799999999997,2025-04-27,2025-06-24,Customer 1597,Other,59,Vellore,2025-02-14,58,True
CUST01598,4,12,13470.23,3367.5575,2025-01-20,2026-02-04,Customer 1598,Other,56,Chennai,2024-10-20,380,True
CUST01599,7,15,20756.97,2965.281428571429,2024-11-20,2026-08-27,Customer 1599,Male,58,Erode,2026-03-03,645,True
CUST01600,3,7,8051.63,2683.8766666666666,2025-07-02,2026-08-08,Customer 1600,Male,30,Hyderabad,2025-03-25,402,True
CUST01601,5,10,7914.92,1582.984,2025-03-26,2025-10-31,Customer 1601,Other,36,Trichy,2026-04-03,219,True
CUST01602,4,9,7542.6,1885.65,2025-05-16,2025-12-06,Customer 1602,Other,50,Vellore,2024-02-04,204,True
CUST01603,6,13,13929.18,2321.53,2025-02-20,2026-03-03,Customer 1603,Male,57,Madurai,2025-12-16,376,True
CUST01604,3,10,7679.0599999999995,2559.6866666666665,2026-02-25,2026-07-26,Customer 1604,Male,41,Trichy,2025-11-21,151,True
CUST01605,3,3,2172.37,724.1233333333333,2025-11-15,2026-06-29,Customer 1605,Male,28,Coimbatore,2025-11-01,226,True
CUST01606,3,6,5513.27,1837.756666666667,2025-02-12,2026-04-17,Customer 1606,Female,40,Hyderabad,2024-10-09,429,True
CUST01607,4,13,14858.890000000001,3714.7225000000003,2025-06-10,2026-08-11,Customer 1607,Female,55,Trichy,2025-02-08,427,True
CUST01608,1,2,768.82,768.82,2026-05-30,2026-05-30,Customer 1608,Male,65,Pondicherry,2025-06-14,0,False
CUST01609,11,25,22764.4,2069.490909090909,2025-03-08,2026-11-26,Customer 1609,Male,53,Salem,2024-03-11,628,True
CUST01610,4,11,8603.32,2150.83,2025-10-14,2026-10-02,Customer 1610,Other,55,Thanjavur,2026-01-13,353,True
CUST01611,1,4,7184.56,7184.56,2025-06-08,2025-06-08,Customer 1611,Female,32,Bengaluru,2024-12-21,0,False
CUST01612,9,23,32101.239999999998,3566.804444444444,2025-04-15,2026-09-17,Customer 1612,Female,43,Bengaluru,2024-07-18,520,True
CUST01613,2,3,3043.44,1521.72,2025-08-22,2026-01-15,Customer 1613,Female,29,Tirunelveli,2024-01-05,146,True
CUST01614,2,8,8596.21,4298.105,2026-01-13,2026-09-23,Customer 1614,Male,53,Coimbatore,2025-06-02,253,True
CUST01615,3,6,6281.49,2093.83,2025-09-05,2026-08-26,Customer 1615,Female,39,Coimbatore,2025-05-30,355,True
CUST01616,6,13,11993.6,1998.9333333333334,2025-01-25,2026-07-12,Customer 1616,Other,34,Vellore,2026-04-02,533,True
CUST01617,3,8,5510.62,1836.8733333333332,2025-01-30,2025-08-30,Customer 1617,Other,34,Pondicherry,2026-04-12,212,True
CUST01618,6,11,9400.32,1566.72,2025-04-22,2026-11-07,Customer 1618,Female,54,Erode,2025-03-29,564,True
CUST01619,7,14,12577.08,1796.7257142857143,2025-05-06,2026-08-24,Customer 1619,Male,39,Erode,2026-02-27,475,True
CUST01620,3,9,9395.9,3131.9666666666667,2025-01-07,2026-07-15,Customer 1620,Female,55,Chennai,2025-11-28,554,True
CUST01621,4,6,4507.450000000001,1126.8625000000002,2025-08-25,2026-05-26,Customer 1621,Male,34,Coimbatore,2025-05-08,274,True
CUST01622,5,8,8439.77,1687.9540000000002,2025-09-11,2026-03-23,Customer 1622,Other,32,Hyderabad,2025-01-26,193,True
CUST01623,1,1,411.7,411.7,2026-05-02,2026-05-02,Customer 1623,Male,38,Tirunelveli,2025-12-19,0,False
CUST01624,7,17,13162.25,1880.3214285714287,2025-04-18,2026-07-19,Customer 1624,Other,52,Chennai,2024-12-27,457,True
CUST01625,5,12,15710.0,3142.0,2025-03-16,2026-06-16,Customer 1625,Female,33,Salem,2025-12-18,457,True
CUST01626,3,9,7961.8099999999995,2653.9366666666665,2024-11-27,2026-03-25,Customer 1626,Female,61,Pondicherry,2024-04-05,483,True
CUST01627,6,9,7543.57,1257.2616666666665,2025-04-30,2026-01-05,Customer 1627,Female,22,Vellore,2026-04-20,250,True
CUST01628,5,10,8570.14,1714.0279999999998,2025-01-28,2026-03-12,Customer 1628,Female,38,Thanjavur,2024-07-01,408,True
CUST01629,4,9,8251.85,2062.9625,2024-11-29,2026-04-10,Customer 1629,Other,35,Madurai,2024-08-11,497,True
CUST01630,6,11,8215.24,1369.2066666666667,2025-01-27,2026-12-14,Customer 1630,Other,30,Erode,2026-02-03,686,True
CUST01631,2,8,13085.509999999998,6542.754999999999,2025-04-27,2025-05-24,Customer 1631,Male,33,Pondicherry,2026-01-24,27,True
CUST01632,2,4,3990.75,1995.375,2025-04-16,2026-05-17,Customer 1632,Female,31,Trichy,2024-09-04,396,True
CUST01633,5,9,10408.970000000001,2081.7940000000003,2025-01-29,2026-11-06,Customer 1633,Male,57,Thanjavur,2024-07-26,646,True
CUST01634,5,15,17046.79,3409.358,2024-12-20,2026-07-30,Customer 1634,Male,25,Coimbatore,2024-06-08,587,True
CUST01635,3,3,2738.38,912.7933333333334,2025-02-07,2026-10-16,Customer 1635,Other,49,Bengaluru,2025-11-23,616,True
CUST01636,3,6,5371.48,1790.493333333333,2024-12-15,2026-06-13,Customer 1636,Other,20,Erode,2024-01-07,545,True
CUST01637,4,5,3549.55,887.3875,2025-08-02,2026-07-17,Customer 1637,Other,38,Erode,2025-01-15,349,True
CUST01638,3,9,8451.869999999999,2817.2899999999995,2025-06-06,2026-08-08,Customer 1638,Female,49,Madurai,2025-08-11,428,True
CUST01639,4,7,4711.7,1177.925,2025-01-21,2026-03-22,Customer 1639,Other,35,Tirunelveli,2026-02-21,425,True
CUST01640,4,6,7626.12,1906.53,2025-04-14,2026-09-19,Customer 1640,Other,26,Chennai,2024-08-15,523,True
CUST01641,5,13,16198.37,3239.674,2025-01-09,2026-07-12,Customer 1641,Female,48,Vellore,2025-06-22,549,True
CUST01642,4,5,5051.88,1262.97,2024-12-15,2026-04-20,Customer 1642,Other,40,Tirunelveli,2024-02-03,491,True
CUST01643,7,15,11340.24,1620.0342857142857,2025-04-06,2026-10-06,Customer 1643,Other,29,Erode,2026-05-31,548,True
CUST01644,5,13,14594.34,2918.868,2025-02-05,2026-10-07,Customer 1644,Other,51,Erode,2024-05-03,609,True
CUST01645,3,7,7231.57,2410.523333333333,2025-04-20,2025-08-15,Customer 1645,Other,18,Chennai,2024-11-19,117,True
CUST01646,4,10,9708.08,2427.02,2025-04-29,2026-09-04,Customer 1646,Male,42,Bengaluru,2025-11-21,493,True
CUST01647,3,5,2615.73,871.91,2025-02-22,2025-06-16,Customer 1647,Female,41,Bengaluru,2024-04-13,114,True
CUST01648,4,9,9921.74,2480.435,2025-04-30,2026-09-17,Customer 1648,Female,29,Vellore,2026-06-01,505,True
CUST01649,6,18,23357.06,3892.8433333333337,2025-03-07,2026-08-31,Customer 1649,Male,35,Erode,2024-09-26,542,True
CUST01650,6,12,14214.43,2369.0716666666667,2025-08-30,2026-11-21,Customer 1650,Female,41,Madurai,2025-09-19,448,True
CUST01651,7,16,14730.03,2104.29,2024-12-24,2026-08-16,Customer 1651,Female,31,Tirunelveli,2025-05-25,600,True
CUST01652,1,4,4188.68,4188.68,2026-08-07,2026-08-07,Customer 1652,Female,41,Tirunelveli,2025-12-18,0,False
CUST01653,10,18,18972.68,1897.268,2025-03-11,2026-09-19,Customer 1653,Female,29,Bengaluru,2024-10-13,557,True
CUST01654,5,9,11362.21,2272.442,2025-01-03,2026-01-01,Customer 1654,Other,61,Trichy,2024-05-14,363,True
CUST01655,4,9,8917.92,2229.48,2025-04-18,2026-08-22,Customer 1655,Male,64,Salem,2026-04-13,491,True
CUST01656,2,5,5504.91,2752.455,2024-12-18,2025-05-06,Customer 1656,Male,53,Tirunelveli,2026-04-03,139,True
CUST01657,3,5,3786.54,1262.18,2025-10-10,2026-08-14,Customer 1657,Female,30,Madurai,2026-05-26,308,True
CUST01658,4,7,7720.33,1930.0825,2025-09-01,2026-07-25,Customer 1658,Other,27,Erode,2026-03-30,327,True
CUST01659,8,19,15943.16,1992.895,2025-01-24,2026-09-28,Customer 1659,Male,29,Tirunelveli,2026-04-05,612,True
CUST01660,4,7,5028.79,1257.1975,2024-11-30,2026-11-01,Customer 1660,Male,58,Vellore,2025-05-26,701,True
CUST01661,6,17,21413.27,3568.8783333333336,2025-12-26,2026-12-10,Customer 1661,Other,38,Erode,2025-06-30,349,True
CUST01662,4,9,7351.73,1837.9325,2024-12-10,2026-08-29,Customer 1662,Female,53,Bengaluru,2024-11-03,627,True
CUST01663,6,18,15929.02,2654.8366666666666,2025-01-31,2026-02-02,Customer 1663,Female,24,Pondicherry,2024-02-18,367,True
CUST01664,6,15,22767.42,3794.5699999999997,2025-05-20,2026-08-19,Customer 1664,Male,31,Salem,2024-06-16,456,True
CUST01665,1,1,576.55,576.55,2025-05-09,2025-05-09,Customer 1665,Other,24,Erode,2025-05-02,0,False
CUST01666,4,7,5368.98,1342.245,2025-03-24,2026-08-28,Customer 1666,Female,34,Thanjavur,2026-02-01,522,True
CUST01667,4,7,5014.9800000000005,1253.7450000000001,2024-12-04,2026-09-05,Customer 1667,Other,53,Salem,2025-01-03,640,True
CUST01668,3,8,7001.2,2333.733333333333,2026-02-12,2026-08-24,Customer 1668,Male,44,Coimbatore,2024-12-18,193,True
CUST01669,6,13,21289.23,3548.205,2025-02-17,2026-06-26,Customer 1669,Other,56,Trichy,2024-12-25,494,True
CUST01670,4,10,7162.889999999999,1790.7224999999999,2025-02-05,2026-02-02,Customer 1670,Other,59,Hyderabad,2025-08-13,362,True
CUST01671,3,9,9900.15,3300.0499999999997,2025-01-11,2026-08-08,Customer 1671,Male,36,Thanjavur,2025-07-05,574,True
CUST01672,11,23,21893.9,1990.3545454545456,2024-11-26,2026-10-22,Customer 1672,Other,50,Erode,2024-11-28,695,True
CUST01673,7,19,26411.16,3773.022857142857,2025-01-15,2026-08-07,Customer 1673,Other,46,Coimbatore,2026-03-04,569,True
CUST01674,7,15,14880.86,2125.837142857143,2024-12-26,2026-07-11,Customer 1674,Other,36,Erode,2025-01-25,562,True
CUST01675,4,11,6473.72,1618.43,2025-06-24,2026-03-14,Customer 1675,Male,28,Hyderabad,2025-10-08,263,True
CUST01676,6,10,12136.29,2022.7150000000001,2025-01-21,2026-11-03,Customer 1676,Female,44,Hyderabad,2026-04-07,651,True
CUST01677,6,13,11460.369999999999,1910.0616666666665,2025-06-11,2026-10-27,Customer 1677,Other,43,Coimbatore,2025-09-19,503,True
CUST01678,4,11,15381.96,3845.49,2025-03-20,2026-02-05,Customer 1678,Male,39,Trichy,2024-03-22,322,True
CUST01679,3,5,4197.7,1399.2333333333333,2026-01-07,2026-07-18,Customer 1679,Female,59,Salem,2024-11-17,192,True
CUST01680,4,10,11774.16,2943.54,2024-12-20,2026-08-28,Customer 1680,Female,56,Hyderabad,2025-12-28,616,True
CUST01681,6,14,16718.44,2786.4066666666663,2025-01-14,2026-09-06,Customer 1681,Female,46,Thanjavur,2025-02-08,600,True
CUST01682,4,10,7650.54,1912.635,2025-05-17,2026-05-29,Customer 1682,Other,51,Erode,2026-02-04,377,True
CUST01683,4,4,4293.8,1073.45,2025-05-26,2026-04-30,Customer 1683,Male,29,Chennai,2025-02-27,339,True
CUST01684,3,7,6599.58,2199.86,2025-02-12,2025-11-05,Customer 1684,Other,33,Hyderabad,2024-05-08,266,True
CUST01685,7,16,16925.55,2417.9357142857143,2025-05-26,2026-10-27,Customer 1685,Other,62,Pondicherry,2024-09-14,519,True
CUST01686,5,10,8509.89,1701.9779999999998,2025-01-29,2026-06-27,Customer 1686,Male,28,Tirunelveli,2024-03-22,514,True
CUST01687,4,9,10395.560000000001,2598.8900000000003,2025-06-25,2026-03-31,Customer 1687,Male,22,Erode,2024-04-15,279,True
CUST01688,5,9,6393.55,1278.71,2024-11-11,2026-05-17,Customer 1688,Male,19,Tirunelveli,2025-07-15,552,True
CUST01689,5,11,14486.279999999999,2897.256,2024-12-29,2025-10-17,Customer 1689,Male,24,Salem,2025-06-20,292,True
CUST01690,3,4,3694.85,1231.6166666666666,2025-08-29,2026-07-30,Customer 1690,Male,23,Hyderabad,2025-09-24,335,True
CUST01691,3,6,3030.43,1010.1433333333333,2024-12-01,2026-07-13,Customer 1691,Female,32,Trichy,2025-02-03,589,True
CUST01692,5,8,6769.92,1353.984,2024-11-25,2026-01-23,Customer 1692,Female,46,Hyderabad,2026-01-25,424,True
CUST01693,7,19,18257.739999999998,2608.2485714285713,2025-05-14,2026-07-26,Customer 1693,Male,51,Madurai,2024-05-09,438,True
CUST01694,2,2,1261.7,630.85,2025-01-24,2025-11-28,Customer 1694,Male,60,Thanjavur,2024-01-30,308,True
CUST01695,1,2,784.6,784.6,2026-01-27,2026-01-27,Customer 1695,Female,48,Erode,2026-05-31,0,False
CUST01696,4,5,4619.150000000001,1154.7875000000001,2025-03-13,2026-06-09,Customer 1696,Other,35,Vellore,2026-06-10,453,True
CUST01697,3,5,5736.01,1912.0033333333333,2025-02-23,2025-10-31,Customer 1697,Male,62,Vellore,2025-03-31,250,True
CUST01698,7,18,12847.730000000001,1835.39,2024-12-04,2026-10-11,Customer 1698,Other,56,Erode,2024-06-30,676,True
CUST01699,4,9,12953.16,3238.29,2025-04-17,2026-08-09,Customer 1699,Other,58,Bengaluru,2025-10-08,479,True
CUST01700,2,6,6319.74,3159.87,2025-01-15,2025-12-21,Customer 1700,Other,58,Hyderabad,2025-03-21,340,True
CUST01701,3,6,6525.919999999999,2175.3066666666664,2025-09-10,2026-07-14,Customer 1701,Female,40,Erode,2025-06-30,307,True
CUST01702,2,3,3262.77,1631.385,2025-01-04,2025-11-30,Customer 1702,Male,23,Erode,2025-07-06,330,True
CUST01703,5,9,8410.92,1682.184,2025-02-02,2026-08-18,Customer 1703,Female,44,Salem,2024-11-11,562,True
CUST01704,4,10,14011.61,3502.9025,2025-04-04,2026-01-04,Customer 1704,Female,18,Chennai,2024-06-08,275,True
CUST01705,5,7,8404.3,1680.86,2025-06-10,2026-04-06,Customer 1705,Male,40,Salem,2025-06-19,300,True
CUST01706,4,7,7508.13,1877.0325,2025-08-07,2026-11-23,Customer 1706,Other,18,Pondicherry,2025-04-25,473,True
CUST01707,4,6,7180.51,1795.1275,2025-01-18,2026-02-15,Customer 1707,Female,37,Chennai,2025-05-18,393,True
CUST01708,4,8,7942.41,1985.6025,2025-01-05,2026-08-28,Customer 1708,Female,36,Bengaluru,2026-02-23,600,True
CUST01709,2,9,9964.45,4982.225,2025-09-15,2025-10-06,Customer 1709,Male,53,Thanjavur,2024-08-24,21,True
CUST01710,6,10,11305.46,1884.243333333333,2025-02-05,2026-05-13,Customer 1710,Female,53,Tirunelveli,2024-07-12,462,True
CUST01711,6,14,11978.2,1996.3666666666668,2024-11-30,2026-10-22,Customer 1711,Male,28,Pondicherry,2025-02-08,691,True
CUST01712,8,17,22810.5,2851.3125,2025-02-25,2026-08-20,Customer 1712,Other,42,Tirunelveli,2026-01-24,541,True
CUST01713,4,11,13688.3,3422.075,2025-06-14,2026-10-12,Customer 1713,Female,23,Tirunelveli,2024-08-13,485,True
CUST01714,4,7,10244.05,2561.0125,2025-06-23,2026-12-12,Customer 1714,Male,51,Bengaluru,2025-10-02,537,True
CUST01715,5,9,8661.64,1732.328,2025-06-03,2026-06-21,Customer 1715,Other,61,Salem,2026-04-06,383,True
CUST01716,2,2,3359.34,1679.67,2026-01-13,2026-10-10,Customer 1716,Other,65,Vellore,2024-10-18,270,True
CUST01717,1,1,1195.01,1195.01,2025-12-08,2025-12-08,Customer 1717,Female,44,Trichy,2026-04-08,0,False
CUST01718,5,11,8437.45,1687.4900000000002,2025-07-20,2026-05-26,Customer 1718,Male,29,Madurai,2026-05-23,310,True
CUST01719,2,6,3050.8599999999997,1525.4299999999998,2025-05-23,2026-08-09,Customer 1719,Male,58,Erode,2024-10-23,443,True
CUST01720,9,18,17182.45,1909.1611111111113,2025-02-11,2026-09-23,Customer 1720,Female,35,Pondicherry,2025-09-24,589,True
CUST01721,2,6,6655.860000000001,3327.9300000000003,2025-11-01,2026-08-20,Customer 1721,Female,30,Thanjavur,2025-09-29,292,True
CUST01723,4,7,9065.42,2266.355,2025-01-24,2026-05-17,Customer 1723,Male,24,Salem,2024-01-23,478,True
CUST01724,4,7,7580.95,1895.2375,2024-12-01,2026-06-03,Customer 1724,Male,63,Erode,2024-10-02,549,True
CUST01725,1,1,1272.93,1272.93,2026-07-08,2026-07-08,Customer 1725,Male,32,Coimbatore,2026-01-14,0,False
CUST01726,4,8,10021.72,2505.43,2025-06-01,2026-03-22,Customer 1726,Male,49,Trichy,2024-06-03,294,True
CUST01727,6,10,10102.75,1683.7916666666667,2025-07-07,2026-07-27,Customer 1727,Female,37,Erode,2024-12-16,385,True
CUST01728,5,9,8764.01,1752.8020000000001,2025-07-27,2026-12-16,Customer 1728,Female,62,Chennai,2025-01-15,507,True
CUST01729,8,17,13435.97,1679.49625,2024-11-29,2026-06-14,Customer 1729,Male,27,Chennai,2024-12-04,562,True
CUST01730,3,5,5061.08,1687.0266666666666,2025-10-24,2026-07-16,Customer 1730,Female,22,Vellore,2024-09-29,265,True
CUST01731,9,17,16253.62,1805.957777777778,2024-12-04,2026-09-19,Customer 1731,Male,30,Salem,2025-04-26,654,True
CUST01732,4,6,5406.92,1351.73,2025-09-14,2026-04-05,Customer 1732,Female,18,Coimbatore,2026-04-16,203,True
CUST01733,3,9,13518.529999999999,4506.176666666666,2025-06-07,2026-09-29,Customer 1733,Other,33,Tirunelveli,2026-02-25,479,True
CUST01734,3,5,3613.54,1204.5133333333333,2024-12-26,2026-06-13,Customer 1734,Female,33,Pondicherry,2026-02-28,534,True
CUST01735,5,9,13884.48,2776.8959999999997,2025-06-12,2026-10-27,Customer 1735,Male,47,Pondicherry,2024-02-04,502,True
CUST01736,3,6,9570.81,3190.27,2026-05-01,2026-09-02,Customer 1736,Male,51,Hyderabad,2026-02-28,124,True
CUST01737,6,16,17060.05,2843.3416666666667,2024-12-08,2026-11-05,Customer 1737,Female,42,Hyderabad,2024-08-01,697,True
CUST01738,2,2,2094.79,1047.395,2025-08-12,2026-05-16,Customer 1738,Female,28,Hyderabad,2024-11-15,277,True
CUST01739,4,5,5141.97,1285.4925,2025-04-08,2025-12-20,Customer 1739,Male,65,Vellore,2026-01-15,256,True
CUST01740,7,11,12229.44,1747.0628571428572,2025-03-30,2025-12-25,Customer 1740,Male,34,Erode,2025-06-17,270,True
CUST01741,5,14,16375.1,3275.02,2024-12-31,2026-06-01,Customer 1741,Female,30,Thanjavur,2025-10-15,517,True
CUST01742,7,20,17395.42,2485.06,2024-12-03,2026-08-31,Customer 1742,Other,31,Coimbatore,2024-02-23,636,True
CUST01743,6,11,10891.24,1815.2066666666667,2025-02-08,2026-08-13,Customer 1743,Other,45,Thanjavur,2024-08-29,551,True
CUST01744,6,8,5086.030000000001,847.6716666666667,2025-05-17,2026-09-16,Customer 1744,Male,35,Bengaluru,2024-01-16,487,True
CUST01745,4,9,7363.1900000000005,1840.7975000000001,2025-08-31,2026-07-21,Customer 1745,Female,33,Chennai,2024-05-02,324,True
CUST01746,3,5,5763.3,1921.1000000000001,2025-01-15,2026-02-24,Customer 1746,Other,62,Erode,2024-02-13,405,True
CUST01747,4,12,15902.31,3975.5775,2024-12-25,2026-04-11,Customer 1747,Other,27,Thanjavur,2025-12-05,472,True
CUST01749,2,2,1995.67,997.835,2026-05-14,2026-08-20,Customer 1749,Male,61,Bengaluru,2025-05-26,98,True
CUST01750,2,6,10201.740000000002,5100.870000000001,2025-02-02,2026-02-28,Customer 1750,Other,21,Chennai,2024-12-12,391,True
CUST01751,4,6,7904.65,1976.1625,2024-11-12,2026-05-21,Customer 1751,Other,27,Pondicherry,2024-12-30,555,True
CUST01752,4,4,4569.57,1142.3925,2025-08-07,2026-09-30,Customer 1752,Male,26,Erode,2025-07-03,419,True
CUST01753,2,5,4077.2599999999998,2038.6299999999999,2025-02-18,2026-05-16,Customer 1753,Female,53,Hyderabad,2024-08-26,452,True
CUST01754,6,11,11964.8,1994.1333333333332,2025-01-20,2026-02-19,Customer 1754,Female,46,Pondicherry,2026-02-13,395,True
CUST01755,7,11,8885.44,1269.3485714285714,2025-05-29,2026-06-10,Customer 1755,Male,62,Tirunelveli,2024-07-16,377,True
CUST01756,3,5,4269.7699999999995,1423.2566666666664,2025-06-11,2026-05-20,Customer 1756,Other,26,Salem,2025-01-01,343,True
CUST01757,1,3,1259.37,1259.37,2025-05-04,2025-05-04,Customer 1757,Female,63,Erode,2024-02-10,0,False
CUST01758,4,14,12492.380000000001,3123.0950000000003,2025-04-10,2026-03-21,Customer 1758,Female,52,Pondicherry,2025-07-26,345,True
CUST01759,4,8,5653.35,1413.3375,2025-07-07,2026-07-26,Customer 1759,Male,54,Madurai,2025-05-16,384,True
CUST01760,4,9,6342.01,1585.5025,2025-05-13,2026-08-16,Customer 1760,Female,38,Pondicherry,2025-07-10,460,True
CUST01761,1,1,1123.62,1123.62,2025-11-21,2025-11-21,Customer 1761,Female,56,Vellore,2025-04-24,0,False
CUST01763,4,7,6712.39,1678.0975,2025-08-21,2026-07-03,Customer 1763,Female,34,Vellore,2025-04-05,316,True
CUST01764,6,16,10326.59,1721.0983333333334,2025-02-06,2026-06-15,Customer 1764,Female,18,Hyderabad,2025-01-10,494,True
CUST01765,3,4,2224.01,741.3366666666667,2025-05-01,2026-02-24,Customer 1765,Female,64,Madurai,2025-06-02,299,True
CUST01766,2,5,3892.92,1946.46,2025-01-27,2025-10-17,Customer 1766,Other,41,Bengaluru,2024-01-20,263,True
CUST01767,3,5,4282.78,1427.5933333333332,2025-01-13,2025-11-15,Customer 1767,Female,64,Coimbatore,2024-09-01,306,True
CUST01768,2,5,2429.25,1214.625,2025-04-05,2026-03-17,Customer 1768,Other,42,Trichy,2025-11-05,346,True
CUST01769,4,5,5134.22,1283.555,2025-06-29,2026-08-06,Customer 1769,Other,49,Vellore,2025-06-20,403,True
CUST01770,4,8,6241.0,1560.25,2025-01-17,2026-10-09,Customer 1770,Other,36,Thanjavur,2024-06-06,630,True
CUST01771,5,12,17019.4,3403.88,2026-01-16,2026-11-12,Customer 1771,Other,38,Coimbatore,2025-02-23,300,True
CUST01772,6,18,25057.370000000003,4176.2283333333335,2025-02-01,2026-03-21,Customer 1772,Other,60,Coimbatore,2024-04-08,413,True
CUST01773,7,20,19431.690000000002,2775.9557142857147,2025-02-22,2026-09-16,Customer 1773,Male,29,Chennai,2024-02-14,571,True
CUST01774,5,10,7633.400000000001,1526.68,2024-12-11,2026-10-09,Customer 1774,Male,49,Trichy,2024-07-25,667,True
CUST01775,1,2,3280.46,3280.46,2026-03-01,2026-03-01,Customer 1775,Male,54,Hyderabad,2024-04-11,0,False
CUST01776,2,6,5141.01,2570.505,2026-04-18,2026-08-16,Customer 1776,Female,60,Erode,2026-05-06,120,True
CUST01777,7,15,16310.02,2330.002857142857,2025-06-24,2026-10-13,Customer 1777,Other,62,Bengaluru,2025-06-22,476,True
CUST01778,5,15,14398.73,2879.746,2025-04-07,2026-10-10,Customer 1778,Male,41,Trichy,2024-09-19,551,True
CUST01779,3,7,12959.03,4319.676666666667,2025-05-24,2025-12-11,Customer 1779,Other,22,Chennai,2025-09-12,201,True
CUST01780,3,6,6943.51,2314.5033333333336,2025-12-25,2026-10-03,Customer 1780,Other,49,Coimbatore,2024-08-01,282,True
CUST01781,4,14,11119.51,2779.8775,2025-04-26,2025-06-18,Customer 1781,Other,21,Thanjavur,2025-04-24,53,True
CUST01782,7,13,12163.25,1737.607142857143,2025-01-20,2026-10-04,Customer 1782,Other,44,Thanjavur,2025-07-25,622,True
CUST01783,4,5,4546.9400000000005,1136.7350000000001,2025-05-24,2026-06-16,Customer 1783,Other,21,Bengaluru,2026-03-24,388,True
CUST01784,10,16,14015.34,1401.534,2024-11-18,2026-08-12,Customer 1784,Other,20,Pondicherry,2024-09-29,632,True
CUST01785,2,3,3758.2799999999997,1879.1399999999999,2025-04-15,2026-02-20,Customer 1785,Female,22,Trichy,2024-03-13,311,True
CUST01786,3,4,3326.15,1108.7166666666667,2025-01-24,2026-09-17,Customer 1786,Male,24,Pondicherry,2025-06-15,601,True
CUST01787,1,1,1790.47,1790.47,2026-03-17,2026-03-17,Customer 1787,Other,42,Trichy,2024-08-24,0,False
CUST01788,4,7,6160.32,1540.08,2025-09-12,2026-11-14,Customer 1788,Other,60,Trichy,2024-07-16,428,True
CUST01789,5,9,9753.39,1950.6779999999999,2025-08-30,2026-09-06,Customer 1789,Other,29,Vellore,2025-08-06,372,True
CUST01790,5,9,7284.67,1456.934,2026-04-12,2026-08-27,Customer 1790,Other,44,Pondicherry,2026-02-06,137,True
CUST01791,3,3,2227.67,742.5566666666667,2025-01-18,2026-01-26,Customer 1791,Other,54,Thanjavur,2024-04-18,373,True
CUST01792,3,4,4255.47,1418.49,2026-06-13,2026-11-11,Customer 1792,Female,62,Hyderabad,2025-11-21,151,True
CUST01793,4,6,6466.2,1616.55,2025-07-24,2026-08-24,Customer 1793,Male,28,Madurai,2025-03-13,396,True
CUST01794,2,4,1626.2800000000002,813.1400000000001,2025-07-21,2025-10-24,Customer 1794,Female,50,Thanjavur,2025-07-17,95,True
CUST01795,4,7,8910.72,2227.68,2025-01-09,2026-09-27,Customer 1795,Male,52,Bengaluru,2025-11-04,626,True
CUST01796,4,9,9153.59,2288.3975,2025-03-06,2026-07-22,Customer 1796,Female,38,Vellore,2025-03-29,503,True
CUST01797,2,3,3733.3999999999996,1866.6999999999998,2025-01-15,2025-11-22,Customer 1797,Female,44,Hyderabad,2024-11-28,311,True
CUST01798,2,5,6812.049999999999,3406.0249999999996,2025-03-23,2026-02-09,Customer 1798,Other,38,Bengaluru,2025-03-16,323,True
CUST01799,7,18,14801.56,2114.5085714285715,2024-11-18,2026-08-16,Customer 1799,Other,52,Trichy,2024-09-03,636,True
CUST01800,4,8,11175.37,2793.8425,2025-01-12,2026-10-11,Customer 1800,Other,65,Salem,2025-01-19,637,True
CUST01801,8,13,11054.98,1381.8725,2025-04-10,2026-06-22,Customer 1801,Female,46,Tirunelveli,2025-01-03,438,True
CUST01802,4,9,16347.91,4086.9775,2025-06-06,2026-09-02,Customer 1802,Other,20,Salem,2024-01-01,453,True
CUST01803,9,23,32945.909999999996,3660.6566666666663,2024-11-15,2026-01-29,Customer 1803,Male,51,Madurai,2025-09-02,440,True
CUST01804,5,11,12977.82,2595.564,2025-01-17,2026-08-22,Customer 1804,Male,37,Trichy,2024-11-05,582,True
CUST01805,2,4,2686.05,1343.025,2026-08-03,2026-09-14,Customer 1805,Female,19,Pondicherry,2024-08-07,42,True
CUST01806,3,7,7068.550000000001,2356.183333333334,2024-12-23,2026-10-12,Customer 1806,Female,53,Vellore,2026-04-22,658,True
CUST01807,8,19,15249.84,1906.23,2025-06-10,2026-10-16,Customer 1807,Other,54,Madurai,2025-07-23,493,True
CUST01808,1,3,2499.39,2499.39,2026-02-10,2026-02-10,Customer 1808,Male,47,Thanjavur,2024-04-06,0,False
CUST01809,3,5,7229.08,2409.693333333333,2025-11-16,2026-03-08,Customer 1809,Male,34,Thanjavur,2024-06-08,112,True
CUST01810,4,8,9017.759999999998,2254.4399999999996,2025-01-13,2026-07-12,Customer 1810,Male,32,Salem,2025-08-19,545,True
CUST01811,4,7,4408.59,1102.1475,2024-12-28,2026-05-29,Customer 1811,Female,23,Bengaluru,2026-04-10,517,True
CUST01812,6,12,14788.939999999999,2464.8233333333333,2025-02-02,2026-08-29,Customer 1812,Other,31,Pondicherry,2025-02-13,573,True
CUST01813,4,11,13422.05,3355.5125,2025-03-03,2026-02-27,Customer 1813,Other,38,Erode,2024-03-20,361,True
CUST01814,3,7,7230.450000000001,2410.15,2025-09-24,2026-03-10,Customer 1814,Female,62,Pondicherry,2024-06-26,167,True
CUST01815,4,11,8321.81,2080.4525,2025-10-09,2026-11-11,Customer 1815,Male,56,Hyderabad,2025-08-13,398,True
CUST01816,3,8,7880.44,2626.813333333333,2025-10-28,2026-12-13,Customer 1816,Male,64,Bengaluru,2024-11-03,411,True
CUST01818,7,12,12482.59,1783.2271428571428,2024-12-18,2026-11-02,Customer 1818,Female,44,Coimbatore,2024-12-22,684,True
CUST01819,4,10,9765.5,2441.375,2025-01-05,2025-12-31,Customer 1819,Male,65,Hyderabad,2026-06-09,360,True
CUST01820,2,2,1691.09,845.545,2024-11-24,2026-04-28,Customer 1820,Other,18,Hyderabad,2026-05-19,520,True
CUST01821,1,2,2000.72,2000.72,2025-08-17,2025-08-17,Customer 1821,Other,42,Chennai,2026-03-07,0,False
CUST01822,9,20,17015.32,1890.591111111111,2025-01-13,2026-01-30,Customer 1822,Other,20,Thanjavur,2024-11-08,382,True
CUST01823,2,5,3521.7,1760.85,2026-01-24,2026-02-04,Customer 1823,Other,27,Thanjavur,2025-07-06,11,True
CUST01824,4,7,5616.16,1404.04,2025-01-27,2026-10-31,Customer 1824,Other,32,Madurai,2025-05-29,642,True
CUST01825,8,17,25720.31,3215.03875,2025-01-21,2026-03-29,Customer 1825,Other,64,Tirunelveli,2024-02-21,432,True
CUST01826,2,4,3738.2599999999998,1869.1299999999999,2026-04-13,2026-10-19,Customer 1826,Other,54,Vellore,2025-04-01,189,True
CUST01828,5,10,12172.23,2434.446,2025-05-26,2026-08-20,Customer 1828,Female,27,Madurai,2026-03-16,451,True
CUST01829,2,5,6772.84,3386.42,2026-09-01,2026-09-27,Customer 1829,Male,48,Bengaluru,2024-12-10,26,True
CUST01830,4,11,9783.59,2445.8975,2024-12-04,2026-01-23,Customer 1830,Male,53,Tirunelveli,2026-02-02,415,True
CUST01831,2,3,2069.82,1034.91,2025-06-04,2025-10-05,Customer 1831,Male,43,Vellore,2024-09-25,123,True
CUST01832,8,19,19903.9,2487.9875,2025-08-23,2026-09-29,Customer 1832,Other,26,Madurai,2025-03-20,402,True
CUST01833,7,13,17921.239999999998,2560.1771428571424,2024-12-27,2025-07-16,Customer 1833,Other,30,Erode,2025-05-07,201,True
CUST01834,4,4,4255.71,1063.9275,2025-06-10,2026-08-22,Customer 1834,Other,54,Trichy,2025-02-08,438,True
CUST01835,6,17,20938.33,3489.721666666667,2024-12-21,2026-10-02,Customer 1835,Other,65,Vellore,2025-07-28,650,True
CUST01836,4,11,16472.92,4118.23,2024-12-16,2026-10-17,Customer 1836,Male,22,Salem,2024-09-09,670,True
CUST01837,2,4,4619.21,2309.605,2025-05-06,2026-04-22,Customer 1837,Female,38,Hyderabad,2026-03-06,351,True
CUST01838,3,8,6049.02,2016.3400000000001,2025-11-11,2026-10-20,Customer 1838,Male,25,Hyderabad,2025-08-12,343,True
CUST01839,1,3,1965.99,1965.99,2026-04-21,2026-04-21,Customer 1839,Female,41,Thanjavur,2025-02-27,0,False
CUST01840,2,5,4762.950000000001,2381.4750000000004,2025-02-17,2026-08-27,Customer 1840,Female,40,Bengaluru,2024-07-14,556,True
CUST01841,4,5,4715.29,1178.8225,2025-02-10,2026-03-13,Customer 1841,Male,37,Madurai,2025-11-02,396,True
CUST01842,5,9,10684.76,2136.952,2025-04-03,2026-08-05,Customer 1842,Other,46,Bengaluru,2024-12-24,489,True
CUST01843,5,18,19910.690000000002,3982.1380000000004,2025-05-27,2026-12-04,Customer 1843,Female,20,Trichy,2024-05-29,556,True
CUST01844,5,7,8828.0,1765.6,2025-04-07,2026-01-01,Customer 1844,Other,41,Madurai,2024-07-23,269,True
CUST01845,6,12,14004.689999999999,2334.115,2025-01-15,2026-04-08,Customer 1845,Other,23,Coimbatore,2026-02-14,448,True
CUST01846,6,19,20706.36,3451.06,2025-05-02,2026-09-04,Customer 1846,Male,33,Bengaluru,2026-01-27,490,True
CUST01847,3,6,9197.79,3065.9300000000003,2025-01-16,2026-08-03,Customer 1847,Female,18,Thanjavur,2024-05-31,564,True
CUST01848,3,8,8452.36,2817.4533333333334,2024-12-23,2026-07-25,Customer 1848,Male,37,Erode,2025-12-11,579,True
CUST01849,4,5,6200.65,1550.1625,2025-01-11,2025-05-31,Customer 1849,Male,39,Trichy,2025-04-27,140,True
CUST01850,3,6,8111.650000000001,2703.8833333333337,2025-05-04,2026-07-28,Customer 1850,Other,31,Trichy,2026-01-27,450,True
CUST01851,6,10,8916.86,1486.1433333333334,2025-03-04,2026-12-03,Customer 1851,Other,34,Vellore,2025-07-13,639,True
CUST01852,5,9,10783.05,2156.6099999999997,2024-11-16,2025-07-24,Customer 1852,Other,64,Madurai,2025-05-09,250,True
CUST01853,3,4,3066.0,1022.0,2025-03-23,2026-03-15,Customer 1853,Other,60,Chennai,2025-12-12,357,True
CUST01854,6,11,7882.320000000001,1313.72,2025-01-20,2026-10-26,Customer 1854,Other,60,Vellore,2025-01-20,644,True
CUST01855,6,9,11100.54,1850.0900000000001,2025-11-05,2026-09-26,Customer 1855,Female,28,Chennai,2024-02-14,325,True
CUST01857,3,7,10453.9,3484.633333333333,2025-05-22,2026-07-12,Customer 1857,Male,47,Hyderabad,2024-10-04,416,True
CUST01858,3,3,4574.68,1524.8933333333334,2025-08-21,2025-12-31,Customer 1858,Male,42,Hyderabad,2024-01-09,132,True
CUST01859,6,7,6099.32,1016.5533333333333,2025-03-08,2026-04-27,Customer 1859,Other,60,Thanjavur,2024-10-04,415,True
CUST01860,4,14,21180.38,5295.095,2025-03-24,2026-09-20,Customer 1860,Male,19,Salem,2026-06-04,545,True
CUST01861,2,4,4575.58,2287.79,2025-05-14,2025-08-15,Customer 1861,Other,42,Trichy,2026-06-07,93,True
CUST01862,5,13,11341.95,2268.3900000000003,2025-01-11,2026-02-06,Customer 1862,Other,63,Coimbatore,2025-01-24,391,True
CUST01863,2,2,1254.96,627.48,2025-04-20,2025-10-28,Customer 1863,Female,56,Vellore,2024-11-19,191,True
CUST01864,6,18,18454.91,3075.818333333333,2025-11-01,2026-11-17,Customer 1864,Male,30,Vellore,2024-03-31,381,True
CUST01865,5,12,9196.07,1839.214,2025-05-24,2026-06-25,Customer 1865,Other,63,Chennai,2025-04-13,397,True
CUST01866,6,16,10378.89,1729.8149999999998,2025-05-02,2026-03-07,Customer 1866,Male,51,Salem,2024-02-10,309,True
CUST01867,3,10,10857.23,3619.0766666666664,2025-09-11,2026-11-08,Customer 1867,Female,43,Pondicherry,2024-12-07,423,True
CUST01868,3,9,9852.85,3284.2833333333333,2025-01-01,2026-06-13,Customer 1868,Male,40,Hyderabad,2024-06-09,528,True
CUST01869,1,2,1811.92,1811.92,2026-08-17,2026-08-17,Customer 1869,Female,58,Salem,2024-12-26,0,False
CUST01870,5,15,12105.16,2421.032,2025-01-15,2026-03-30,Customer 1870,Other,35,Chennai,2024-08-29,439,True
CUST01871,2,5,7023.57,3511.785,2025-06-29,2026-07-25,Customer 1871,Female,42,Chennai,2025-10-02,391,True
CUST01872,2,4,4948.389999999999,2474.1949999999997,2025-02-07,2025-05-16,Customer 1872,Female,32,Madurai,2025-07-22,98,True
CUST01873,2,5,6711.0,3355.5,2025-01-20,2025-03-25,Customer 1873,Female,60,Madurai,2024-12-15,64,True
CUST01874,2,4,4011.63,2005.815,2025-05-08,2025-05-25,Customer 1874,Other,42,Vellore,2024-03-30,17,True
CUST01875,2,4,3865.04,1932.52,2025-08-24,2026-09-05,Customer 1875,Other,58,Hyderabad,2025-11-25,377,True
CUST01876,2,4,3263.02,1631.51,2025-11-26,2026-10-21,Customer 1876,Female,33,Bengaluru,2024-08-20,329,True
CUST01877,5,10,6397.83,1279.566,2024-12-10,2026-08-01,Customer 1877,Female,37,Bengaluru,2024-06-05,599,True
CUST01878,4,12,12309.57,3077.3925,2025-07-21,2026-06-28,Customer 1878,Female,52,Madurai,2024-12-03,342,True
CUST01879,3,7,6870.95,2290.3166666666666,2025-03-11,2025-11-17,Customer 1879,Other,26,Bengaluru,2024-07-30,251,True
CUST01880,3,5,5693.76,1897.92,2025-04-23,2026-09-14,Customer 1880,Other,30,Madurai,2025-07-08,509,True
CUST01881,7,17,20318.5,2902.6428571428573,2025-01-10,2026-10-28,Customer 1881,Other,63,Vellore,2024-11-12,656,True
CUST01882,2,7,9492.720000000001,4746.360000000001,2025-02-20,2025-11-13,Customer 1882,Female,27,Hyderabad,2024-05-18,266,True
CUST01883,7,20,21683.16,3097.594285714286,2025-03-22,2026-09-29,Customer 1883,Male,38,Coimbatore,2025-08-01,556,True
CUST01884,9,22,20264.04,2251.56,2025-01-21,2026-09-28,Customer 1884,Other,64,Coimbatore,2025-07-24,615,True
CUST01885,4,9,7475.93,1868.9825,2025-07-18,2026-06-10,Customer 1885,Female,27,Pondicherry,2024-07-07,327,True
CUST01886,3,7,3816.7,1272.2333333333333,2025-01-09,2026-07-30,Customer 1886,Female,44,Tirunelveli,2024-01-31,567,True
CUST01887,5,8,10273.880000000001,2054.7760000000003,2025-02-01,2026-09-13,Customer 1887,Female,65,Hyderabad,2024-11-06,589,True
CUST01888,4,13,15327.12,3831.78,2025-07-05,2025-08-29,Customer 1888,Female,27,Trichy,2026-01-26,55,True
CUST01889,3,4,5560.45,1853.4833333333333,2025-01-28,2026-02-19,Customer 1889,Male,29,Chennai,2024-04-19,387,True
CUST01890,2,2,1564.12,782.06,2026-07-01,2026-08-04,Customer 1890,Other,57,Salem,2026-02-19,34,True
CUST01891,4,7,6659.51,1664.8775,2025-01-23,2025-10-09,Customer 1891,Other,57,Trichy,2025-09-12,259,True
CUST01892,5,7,8068.28,1613.656,2025-03-08,2026-01-19,Customer 1892,Male,32,Hyderabad,2025-09-02,317,True
CUST01893,6,11,8567.98,1427.9966666666667,2024-12-08,2025-06-03,Customer 1893,Female,23,Pondicherry,2024-01-27,177,True
CUST01894,5,12,13363.44,2672.688,2025-04-09,2026-10-07,Customer 1894,Female,26,Vellore,2026-03-09,546,True
CUST01895,5,10,9861.13,1972.2259999999999,2025-05-13,2026-10-11,Customer 1895,Other,48,Pondicherry,2026-05-16,516,True
CUST01896,6,11,10909.48,1818.2466666666667,2025-04-08,2026-07-18,Customer 1896,Female,29,Tirunelveli,2025-10-27,466,True
CUST01897,3,5,5810.28,1936.76,2025-12-16,2026-10-14,Customer 1897,Female,26,Madurai,2025-05-18,302,True
CUST01898,4,6,5604.47,1401.1175,2024-12-28,2026-07-02,Customer 1898,Male,20,Tirunelveli,2024-07-16,551,True
CUST01899,2,2,2436.82,1218.41,2025-03-14,2026-04-25,Customer 1899,Male,35,Tirunelveli,2026-02-21,407,True
CUST01900,3,9,10494.22,3498.0733333333333,2025-05-29,2026-03-08,Customer 1900,Other,60,Trichy,2024-08-15,283,True
CUST01901,3,7,4531.43,1510.4766666666667,2025-12-27,2026-11-12,Customer 1901,Male,22,Madurai,2026-02-14,320,True
CUST01902,5,10,15492.099999999999,3098.4199999999996,2025-04-16,2026-09-17,Customer 1902,Other,49,Pondicherry,2025-03-25,519,True
CUST01903,5,17,15462.09,3092.418,2025-02-22,2026-07-20,Customer 1903,Female,33,Tirunelveli,2024-11-28,513,True
CUST01904,3,10,14157.18,4719.06,2025-08-03,2026-08-01,Customer 1904,Male,56,Pondicherry,2025-02-18,363,True
CUST01905,7,16,11755.39,1679.3414285714284,2025-02-27,2026-03-30,Customer 1905,Female,64,Thanjavur,2026-04-24,396,True
CUST01906,4,12,9716.619999999999,2429.1549999999997,2025-06-11,2026-10-08,Customer 1906,Other,65,Bengaluru,2025-02-07,484,True
CUST01907,4,6,5749.57,1437.3925,2025-05-20,2026-06-22,Customer 1907,Other,51,Hyderabad,2025-08-31,398,True
CUST01908,5,12,13916.48,2783.296,2025-02-17,2026-07-31,Customer 1908,Other,20,Vellore,2026-06-15,529,True
CUST01909,2,8,9895.36,4947.68,2025-06-02,2026-04-01,Customer 1909,Female,47,Chennai,2024-04-21,303,True
CUST01910,3,9,10505.34,3501.78,2025-09-04,2026-09-29,Customer 1910,Male,51,Vellore,2026-06-17,390,True
CUST01911,4,8,8700.46,2175.115,2025-01-18,2026-09-19,Customer 1911,Other,20,Vellore,2025-02-09,609,True
CUST01912,2,7,8338.44,4169.22,2025-01-31,2025-04-21,Customer 1912,Other,58,Chennai,2025-01-31,80,True
CUST01913,3,9,12849.210000000001,4283.070000000001,2025-08-20,2026-08-01,Customer 1913,Female,46,Tirunelveli,2024-07-13,346,True
CUST01914,4,14,11591.31,2897.8275,2025-10-04,2026-09-29,Customer 1914,Female,47,Madurai,2024-11-07,360,True
CUST01915,1,1,858.09,858.09,2026-01-26,2026-01-26,Customer 1915,Female,57,Chennai,2025-03-08,0,False
CUST01916,6,10,8821.33,1470.2216666666666,2024-12-05,2026-10-22,Customer 1916,Other,27,Erode,2025-12-07,686,True
CUST01917,3,6,5241.39,1747.13,2025-01-30,2025-10-06,Customer 1917,Other,46,Coimbatore,2026-04-29,249,True
CUST01918,10,22,22062.309999999998,2206.2309999999998,2024-11-11,2026-09-11,Customer 1918,Other,25,Madurai,2026-01-09,669,True
CUST01919,1,4,2893.36,2893.36,2026-07-15,2026-07-15,Customer 1919,Other,62,Vellore,2026-03-08,0,False
CUST01920,5,8,7803.79,1560.758,2024-12-31,2026-10-14,Customer 1920,Female,44,Thanjavur,2024-05-18,652,True
CUST01921,5,11,9074.42,1814.884,2025-02-28,2026-10-29,Customer 1921,Male,29,Erode,2025-04-06,608,True
CUST01922,4,14,15688.279999999999,3922.0699999999997,2025-08-28,2026-08-13,Customer 1922,Other,30,Erode,2025-08-27,350,True
CUST01923,9,15,20347.23,2260.8033333333333,2024-12-25,2026-09-22,Customer 1923,Female,38,Pondicherry,2024-04-02,636,True
CUST01924,8,21,20734.46,2591.8075,2024-12-02,2026-10-07,Customer 1924,Other,28,Pondicherry,2025-10-26,674,True
CUST01925,3,5,3038.09,1012.6966666666667,2025-04-24,2026-02-07,Customer 1925,Male,23,Coimbatore,2026-01-20,289,True
CUST01926,9,17,15378.92,1708.7688888888888,2025-07-27,2026-09-16,Customer 1926,Female,58,Thanjavur,2025-12-24,416,True
CUST01927,2,5,4688.5199999999995,2344.2599999999998,2025-08-22,2025-10-30,Customer 1927,Other,63,Tirunelveli,2024-03-28,69,True
CUST01928,5,10,9450.880000000001,1890.1760000000002,2025-07-26,2026-06-07,Customer 1928,Other,57,Madurai,2026-01-14,316,True
CUST01929,3,6,6633.68,2211.226666666667,2025-01-05,2025-11-22,Customer 1929,Other,42,Chennai,2025-01-22,321,True
CUST01930,5,8,8706.36,1741.2720000000002,2024-12-10,2026-01-01,Customer 1930,Male,39,Bengaluru,2026-02-25,387,True
CUST01931,10,21,19331.16,1933.116,2024-12-18,2026-12-02,Customer 1931,Other,27,Madurai,2026-06-11,714,True
CUST01932,4,10,10608.03,2652.0075,2025-05-26,2026-09-15,Customer 1932,Male,29,Pondicherry,2026-06-08,477,True
CUST01933,3,11,4297.69,1432.5633333333333,2025-02-06,2025-12-23,Customer 1933,Female,37,Salem,2024-02-22,320,True
CUST01934,5,8,5896.08,1179.216,2025-03-16,2026-09-21,Customer 1934,Female,36,Hyderabad,2026-01-17,554,True
CUST01935,3,8,10232.08,3410.693333333333,2024-11-22,2026-03-08,Customer 1935,Male,26,Trichy,2024-07-04,471,True
CUST01936,7,14,13958.609999999999,1994.0871428571427,2025-04-16,2026-06-10,Customer 1936,Other,34,Chennai,2024-01-04,420,True
CUST01937,3,7,6627.71,2209.2366666666667,2025-04-26,2025-10-14,Customer 1937,Female,49,Vellore,2025-04-14,171,True
CUST01938,3,10,13653.52,4551.173333333333,2025-06-15,2026-08-16,Customer 1938,Male,56,Erode,2026-04-06,427,True
CUST01939,1,1,445.42,445.42,2026-10-13,2026-10-13,Customer 1939,Male,55,Hyderabad,2024-08-31,0,False
CUST01940,4,5,3873.37,968.3425,2024-12-22,2026-07-17,Customer 1940,Female,44,Erode,2025-05-02,572,True
CUST01941,5,12,9529.87,1905.9740000000002,2025-09-15,2026-11-14,Customer 1941,Other,56,Chennai,2024-03-22,425,True
CUST01942,4,12,16005.19,4001.2975,2025-02-27,2026-01-07,Customer 1942,Other,35,Bengaluru,2024-09-07,314,True
CUST01944,3,6,5375.92,1791.9733333333334,2025-02-19,2025-06-19,Customer 1944,Male,21,Hyderabad,2024-07-08,120,True
CUST01945,4,9,8723.35,2180.8375,2024-12-04,2026-01-27,Customer 1945,Male,27,Chennai,2024-12-23,419,True
CUST01946,3,5,2913.44,971.1466666666666,2025-03-23,2026-08-10,Customer 1946,Other,56,Salem,2025-11-14,505,True
CUST01947,3,6,5220.04,1740.0133333333333,2025-09-29,2026-04-23,Customer 1947,Male,21,Coimbatore,2024-12-05,206,True
CUST01948,3,6,9191.09,3063.6966666666667,2025-01-31,2026-04-22,Customer 1948,Male,28,Hyderabad,2025-03-02,446,True
CUST01949,6,8,7879.48,1313.2466666666667,2025-01-27,2026-04-27,Customer 1949,Other,60,Pondicherry,2024-10-18,455,True
CUST01950,9,16,11895.26,1321.6955555555555,2024-12-23,2026-10-04,Customer 1950,Other,54,Vellore,2025-12-17,650,True
CUST01951,2,2,2515.2200000000003,1257.6100000000001,2025-08-05,2026-05-12,Customer 1951,Female,65,Bengaluru,2024-06-30,280,True
CUST01952,5,9,8270.06,1654.012,2025-02-24,2026-10-05,Customer 1952,Male,23,Salem,2025-01-03,588,True
CUST01953,7,14,12061.28,1723.0400000000002,2024-12-01,2026-09-30,Customer 1953,Female,42,Coimbatore,2024-11-26,668,True
CUST01954,4,9,8167.79,2041.9475,2024-12-11,2026-06-06,Customer 1954,Female,53,Coimbatore,2026-02-15,542,True
CUST01955,5,8,8152.17,1630.434,2025-04-28,2026-08-12,Customer 1955,Female,26,Coimbatore,2024-10-26,471,True
CUST01956,5,12,7840.15,1568.03,2024-12-19,2026-09-14,Customer 1956,Female,39,Vellore,2025-12-12,634,True
CUST01957,3,7,8116.39,2705.4633333333336,2025-12-22,2026-09-07,Customer 1957,Other,31,Pondicherry,2025-02-27,259,True
CUST01958,8,18,17227.629999999997,2153.4537499999997,2024-12-08,2026-05-27,Customer 1958,Other,21,Coimbatore,2024-08-02,535,True
CUST01959,2,4,7261.9,3630.95,2025-05-22,2026-04-05,Customer 1959,Other,58,Vellore,2025-08-08,318,True
CUST01960,2,6,6173.820000000001,3086.9100000000003,2025-05-09,2025-08-26,Customer 1960,Female,64,Pondicherry,2024-03-30,109,True
CUST01961,4,7,7920.08,1980.02,2025-11-14,2026-09-06,Customer 1961,Other,36,Tirunelveli,2025-09-11,296,True
CUST01962,4,7,9318.23,2329.5575,2025-02-01,2026-06-28,Customer 1962,Female,34,Vellore,2025-09-15,512,True
CUST01963,7,7,8088.849999999999,1155.55,2025-05-14,2026-09-30,Customer 1963,Other,40,Madurai,2025-08-11,504,True
CUST01964,6,16,15147.67,2524.6116666666667,2024-11-28,2026-09-02,Customer 1964,Other,49,Vellore,2025-09-21,643,True
CUST01965,4,7,5454.65,1363.6625,2025-08-27,2026-10-11,Customer 1965,Other,49,Erode,2026-01-16,410,True
CUST01966,2,2,2038.6,1019.3,2026-02-11,2026-02-24,Customer 1966,Male,57,Trichy,2026-04-07,13,True
CUST01967,4,12,5606.889999999999,1401.7224999999999,2025-06-21,2026-11-05,Customer 1967,Female,30,Chennai,2025-12-26,502,True
CUST01968,7,16,20580.72,2940.1028571428574,2025-04-23,2026-09-27,Customer 1968,Male,47,Hyderabad,2024-05-01,522,True
CUST01969,5,12,12329.39,2465.8779999999997,2025-09-07,2026-08-12,Customer 1969,Male,65,Trichy,2026-03-26,339,True
CUST01970,2,2,2200.89,1100.445,2026-09-27,2026-11-23,Customer 1970,Other,44,Tirunelveli,2026-03-29,57,True
CUST01971,5,11,16086.36,3217.272,2025-06-10,2026-11-04,Customer 1971,Female,40,Vellore,2024-02-16,512,True
CUST01972,4,8,6867.45,1716.8625,2024-12-26,2026-11-20,Customer 1972,Other,31,Chennai,2026-04-05,694,True
CUST01973,1,1,1328.96,1328.96,2025-05-01,2025-05-01,Customer 1973,Male,62,Salem,2025-10-17,0,False
CUST01974,3,6,4561.57,1520.5233333333333,2025-07-12,2026-01-25,Customer 1974,Male,37,Salem,2024-09-17,197,True
CUST01975,4,8,7801.469999999999,1950.3674999999998,2025-01-09,2026-07-19,Customer 1975,Other,38,Chennai,2025-06-02,556,True
CUST01976,1,4,6444.32,6444.32,2026-10-02,2026-10-02,Customer 1976,Other,39,Thanjavur,2024-04-26,0,False
CUST01977,6,18,13667.42,2277.903333333333,2025-01-05,2026-08-13,Customer 1977,Other,54,Bengaluru,2025-02-09,585,True
CUST01978,6,11,8617.75,1436.2916666666667,2025-03-07,2026-06-16,Customer 1978,Male,30,Thanjavur,2024-01-30,466,True
CUST01979,4,9,8713.49,2178.3725,2025-01-10,2026-08-08,Customer 1979,Female,61,Erode,2026-05-03,575,True
CUST01980,7,14,11577.0,1653.857142857143,2025-01-11,2026-01-15,Customer 1980,Male,59,Madurai,2025-04-30,369,True
CUST01981,2,7,5408.1900000000005,2704.0950000000003,2025-10-19,2026-06-13,Customer 1981,Male,58,Erode,2025-05-08,237,True
CUST01982,3,3,3376.31,1125.4366666666667,2026-05-07,2026-10-09,Customer 1982,Other,39,Erode,2026-06-04,155,True
CUST01983,5,10,6071.469999999999,1214.2939999999999,2024-12-09,2026-05-08,Customer 1983,Female,65,Chennai,2026-03-13,515,True
CUST01984,6,12,9826.12,1637.6866666666667,2025-01-11,2026-10-07,Customer 1984,Other,37,Bengaluru,2026-05-05,634,True
CUST01985,1,1,679.81,679.81,2025-11-30,2025-11-30,Customer 1985,Other,38,Vellore,2026-01-12,0,False
CUST01986,3,6,5223.37,1741.1233333333332,2024-12-22,2025-05-19,Customer 1986,Male,31,Bengaluru,2025-07-02,148,True
CUST01987,4,8,7117.87,1779.4675,2025-05-08,2026-09-04,Customer 1987,Female,40,Coimbatore,2025-12-02,484,True
CUST01988,9,22,23781.1,2642.3444444444444,2024-12-07,2026-10-21,Customer 1988,Female,19,Thanjavur,2024-06-01,683,True
CUST01989,3,11,11015.650000000001,3671.8833333333337,2025-05-30,2026-06-14,Customer 1989,Other,52,Madurai,2025-01-19,380,True
CUST01990,3,12,11855.61,3951.8700000000003,2024-12-15,2026-09-19,Customer 1990,Other,42,Madurai,2025-08-07,643,True
CUST01991,3,7,5541.09,1847.03,2025-01-24,2026-07-06,Customer 1991,Male,37,Pondicherry,2025-09-01,528,True
CUST01992,7,15,9801.869999999999,1400.2671428571427,2025-05-10,2026-08-30,Customer 1992,Female,63,Chennai,2026-05-28,477,True
CUST01993,2,3,3479.13,1739.565,2025-06-10,2025-12-07,Customer 1993,Female,23,Erode,2024-10-05,180,True
CUST01994,2,4,2477.96,1238.98,2025-04-02,2026-11-07,Customer 1994,Male,41,Erode,2026-06-17,584,True
CUST01995,2,8,3794.7200000000003,1897.3600000000001,2025-01-20,2026-05-02,Customer 1995,Female,31,Vellore,2026-04-29,467,True
CUST01996,3,5,3742.45,1247.4833333333333,2024-11-29,2026-10-03,Customer 1996,Male,25,Thanjavur,2024-11-05,673,True
CUST01997,5,12,10860.99,2172.198,2024-12-01,2026-09-15,Customer 1997,Male,30,Coimbatore,2026-03-14,653,True
CUST01998,1,1,957.5,957.5,2025-08-22,2025-08-22,Customer 1998,Other,19,Erode,2025-03-30,0,False
CUST01999,8,16,15054.56,1881.82,2025-01-23,2026-05-22,Customer 1999,Male,30,Thanjavur,2025-05-27,484,True
CUST02000,1,2,2507.06,2507.06,2025-02-02,2025-02-02,Customer 2000,Other,51,Salem,2025-05-10,0,False
CUST02001,8,16,15133.33,1891.66625,2025-01-14,2026-09-07,Customer 2001,Female,27,Coimbatore,2026-03-05,601,True
CUST02002,5,15,14346.789999999999,2869.3579999999997,2025-01-10,2026-08-11,Customer 2002,Other,61,Madurai,2026-04-21,578,True
CUST02003,6,17,18384.05,3064.008333333333,2025-04-08,2026-06-22,Customer 2003,Other,20,Erode,2024-07-29,440,True
CUST02004,4,6,3629.99,907.4975,2025-02-17,2026-08-13,Customer 2004,Other,51,Coimbatore,2025-01-31,542,True
CUST02005,5,9,7803.76,1560.752,2025-03-25,2026-03-15,Customer 2005,Female,20,Hyderabad,2024-01-05,355,True
CUST02006,3,5,3603.29,1201.0966666666666,2025-07-17,2026-12-27,Customer 2006,Other,23,Thanjavur,2026-05-18,528,True
CUST02007,5,14,16681.17,3336.2339999999995,2025-08-17,2026-08-01,Customer 2007,Male,24,Vellore,2025-04-23,349,True
CUST02008,2,7,5361.16,2680.58,2026-06-19,2026-09-02,Customer 2008,Other,65,Salem,2026-02-23,75,True
CUST02009,1,4,6310.48,6310.48,2026-07-29,2026-07-29,Customer 2009,Other,37,Hyderabad,2024-01-24,0,False
CUST02010,5,11,13592.119999999999,2718.424,2025-08-30,2026-09-01,Customer 2010,Female,30,Trichy,2024-08-02,367,True
CUST02011,1,2,856.08,856.08,2025-02-12,2025-02-12,Customer 2011,Female,52,Thanjavur,2024-10-20,0,False
CUST02012,7,20,23547.52,3363.9314285714286,2025-01-15,2026-09-24,Customer 2012,Female,60,Coimbatore,2026-03-02,617,True
CUST02013,8,17,22398.079999999998,2799.7599999999998,2024-12-24,2026-07-15,Customer 2013,Male,28,Salem,2024-10-06,568,True
CUST02014,3,11,10570.3,3523.433333333333,2025-06-23,2026-04-27,Customer 2014,Male,57,Vellore,2024-04-27,308,True
CUST02015,5,12,14293.21,2858.642,2025-02-20,2026-09-26,Customer 2015,Male,31,Vellore,2025-06-10,583,True
CUST02016,7,9,8392.8,1198.9714285714285,2025-01-31,2026-07-18,Customer 2016,Other,38,Salem,2024-12-24,533,True
CUST02017,5,14,10614.68,2122.936,2025-06-20,2026-06-08,Customer 2017,Other,36,Bengaluru,2024-05-24,353,True
CUST02018,4,10,11005.470000000001,2751.3675000000003,2025-05-07,2026-10-19,Customer 2018,Male,22,Salem,2024-09-07,530,True
CUST02019,3,7,6660.68,2220.226666666667,2025-02-05,2026-04-11,Customer 2019,Female,52,Erode,2025-09-19,430,True
CUST02021,4,10,7581.01,1895.2525,2025-03-10,2026-11-05,Customer 2021,Male,24,Tirunelveli,2025-11-22,605,True
CUST02022,3,8,7288.21,2429.403333333333,2025-01-07,2026-10-07,Customer 2022,Male,45,Tirunelveli,2024-02-25,638,True
CUST02023,1,1,1457.11,1457.11,2024-12-17,2024-12-17,Customer 2023,Other,56,Bengaluru,2024-07-02,0,False
CUST02024,3,7,3381.98,1127.3266666666666,2025-01-21,2026-06-24,Customer 2024,Other,62,Erode,2025-10-06,519,True
CUST02025,3,4,4156.4400000000005,1385.4800000000002,2025-06-08,2026-03-15,Customer 2025,Female,37,Thanjavur,2025-09-23,280,True
CUST02026,5,12,11102.2,2220.44,2025-01-15,2026-10-08,Customer 2026,Male,63,Hyderabad,2026-04-17,631,True
CUST02027,4,5,5029.32,1257.33,2025-05-05,2026-08-19,Customer 2027,Other,23,Erode,2026-04-08,471,True
CUST02028,1,4,3864.8,3864.8,2026-09-20,2026-09-20,Customer 2028,Male,23,Pondicherry,2025-08-04,0,False
CUST02029,10,18,19722.85,1972.2849999999999,2024-11-24,2026-10-06,Customer 2029,Male,47,Salem,2025-04-24,681,True
CUST02030,8,15,12924.56,1615.57,2025-01-25,2026-08-11,Customer 2030,Other,63,Erode,2025-12-01,563,True
CUST02031,7,16,13819.92,1974.2742857142857,2024-11-24,2026-05-22,Customer 2031,Male,32,Madurai,2025-04-26,544,True
CUST02032,8,15,16239.79,2029.97375,2025-01-01,2026-04-17,Customer 2032,Other,34,Thanjavur,2026-05-31,471,True
CUST02033,4,8,7995.280000000001,1998.8200000000002,2024-12-18,2025-08-23,Customer 2033,Male,62,Hyderabad,2025-02-05,248,True
CUST02034,2,6,10308.64,5154.32,2025-09-05,2025-10-13,Customer 2034,Female,47,Erode,2024-12-04,38,True
CUST02035,4,8,9576.0,2394.0,2025-05-26,2026-11-10,Customer 2035,Male,48,Coimbatore,2024-01-31,533,True
CUST02036,2,4,3457.5,1728.75,2025-06-03,2026-04-29,Customer 2036,Female,47,Madurai,2024-12-25,330,True
CUST02037,6,12,7901.639999999999,1316.9399999999998,2024-12-05,2026-05-20,Customer 2037,Female,56,Bengaluru,2024-10-16,531,True
CUST02038,3,7,6186.95,2062.3166666666666,2025-06-03,2026-07-11,Customer 2038,Other,24,Tirunelveli,2024-05-10,403,True
CUST02039,3,6,5873.27,1957.756666666667,2025-05-12,2026-01-09,Customer 2039,Other,24,Thanjavur,2026-04-17,242,True
CUST02040,4,5,4732.67,1183.1675,2025-07-24,2026-04-01,Customer 2040,Other,22,Salem,2025-07-23,251,True
CUST02041,3,6,8166.0599999999995,2722.02,2025-07-09,2026-04-16,Customer 2041,Female,43,Bengaluru,2025-06-29,281,True
CUST02042,1,1,905.56,905.56,2025-02-14,2025-02-14,Customer 2042,Male,57,Trichy,2025-02-27,0,False
CUST02043,5,9,8905.810000000001,1781.1620000000003,2025-05-15,2026-12-27,Customer 2043,Male,48,Tirunelveli,2025-07-15,591,True
CUST02044,7,15,17422.33,2488.904285714286,2024-12-18,2026-10-19,Customer 2044,Female,31,Pondicherry,2024-03-08,670,True
CUST02045,3,11,13021.0,4340.333333333333,2025-02-07,2026-09-25,Customer 2045,Female,45,Bengaluru,2025-08-28,595,True
CUST02046,4,12,10381.17,2595.2925,2025-01-07,2025-11-30,Customer 2046,Female,52,Pondicherry,2026-03-17,327,True
CUST02047,7,17,20972.26,2996.0371428571425,2025-02-19,2026-02-12,Customer 2047,Male,60,Hyderabad,2024-08-29,358,True
CUST02048,4,5,4538.32,1134.58,2025-01-23,2026-08-16,Customer 2048,Other,63,Bengaluru,2024-03-20,570,True
CUST02049,5,9,7260.639999999999,1452.128,2025-01-02,2026-04-16,Customer 2049,Female,25,Bengaluru,2026-05-06,469,True
CUST02050,2,2,1407.21,703.605,2025-07-24,2026-04-06,Customer 2050,Female,38,Vellore,2025-09-02,256,True
CUST02051,1,1,419.3,419.3,2025-01-11,2025-01-11,Customer 2051,Female,29,Salem,2024-04-09,0,False
CUST02053,4,12,9145.53,2286.3825,2025-01-29,2026-10-23,Customer 2053,Other,42,Thanjavur,2025-12-02,632,True
CUST02054,4,6,7601.88,1900.47,2025-03-06,2025-12-23,Customer 2054,Other,60,Chennai,2025-05-21,292,True
CUST02055,5,8,8470.88,1694.176,2025-02-21,2026-10-14,Customer 2055,Male,26,Bengaluru,2024-04-02,600,True
CUST02056,5,11,8214.59,1642.9180000000001,2025-02-12,2026-05-31,Customer 2056,Other,18,Madurai,2026-02-12,473,True
CUST02057,4,12,7821.790000000001,1955.4475000000002,2025-06-10,2026-03-24,Customer 2057,Male,46,Vellore,2025-11-07,287,True
CUST02058,3,4,3984.87,1328.29,2025-06-03,2026-06-03,Customer 2058,Female,57,Bengaluru,2024-10-25,365,True
CUST02059,4,9,8922.98,2230.745,2025-04-12,2026-05-19,Customer 2059,Male,31,Hyderabad,2025-04-02,402,True
CUST02060,4,9,7776.2,1944.05,2025-04-28,2026-04-05,Customer 2060,Female,37,Bengaluru,2026-06-17,342,True
CUST02061,6,15,21915.53,3652.588333333333,2025-04-26,2026-04-13,Customer 2061,Other,37,Tirunelveli,2026-03-24,352,True
CUST02062,2,5,5766.58,2883.29,2025-03-19,2026-09-03,Customer 2062,Female,23,Bengaluru,2026-01-05,533,True
CUST02063,4,4,3745.4,936.35,2025-11-30,2026-08-31,Customer 2063,Other,50,Tirunelveli,2024-01-09,274,True
CUST02064,4,9,6977.8,1744.45,2025-02-04,2026-01-05,Customer 2064,Male,36,Chennai,2026-05-17,335,True
CUST02065,3,4,2170.5,723.5,2025-03-16,2026-03-13,Customer 2065,Other,21,Chennai,2025-01-13,362,True
CUST02066,1,3,2265.12,2265.12,2026-08-10,2026-08-10,Customer 2066,Other,40,Coimbatore,2025-12-21,0,False
CUST02067,5,12,8278.5,1655.7,2025-05-23,2026-09-07,Customer 2067,Female,19,Trichy,2026-05-31,472,True
CUST02068,5,11,12079.220000000001,2415.844,2025-01-15,2026-09-10,Customer 2068,Other,55,Tirunelveli,2025-03-18,603,True
CUST02069,3,7,5585.34,1861.78,2025-12-01,2026-11-08,Customer 2069,Female,63,Tirunelveli,2025-10-02,342,True
CUST02070,9,20,17618.5,1957.611111111111,2025-03-22,2026-10-21,Customer 2070,Female,45,Vellore,2025-02-19,578,True
CUST02071,4,6,6724.070000000001,1681.0175000000002,2025-08-20,2026-11-04,Customer 2071,Other,29,Erode,2024-08-04,441,True
CUST02072,3,7,6957.61,2319.2033333333334,2025-09-28,2026-09-22,Customer 2072,Male,53,Tirunelveli,2024-05-22,359,True
CUST02074,3,4,3927.16,1309.0533333333333,2025-08-27,2026-10-20,Customer 2074,Other,26,Madurai,2024-10-22,419,True
CUST02075,5,10,15249.42,3049.884,2025-07-30,2026-07-08,Customer 2075,Male,59,Chennai,2024-01-12,343,True
CUST02076,3,6,8890.92,2963.64,2025-06-10,2026-07-01,Customer 2076,Other,49,Hyderabad,2024-05-27,386,True
CUST02077,7,14,10185.95,1455.1357142857144,2024-12-29,2026-08-28,Customer 2077,Male,23,Madurai,2025-03-23,607,True
CUST02078,2,2,1529.5300000000002,764.7650000000001,2026-06-23,2026-09-30,Customer 2078,Female,47,Pondicherry,2025-10-19,99,True
CUST02079,7,13,10377.99,1482.57,2025-02-09,2026-08-16,Customer 2079,Female,57,Madurai,2025-09-10,553,True
CUST02081,6,10,8761.96,1460.3266666666666,2024-11-15,2026-03-13,Customer 2081,Female,42,Thanjavur,2026-04-19,483,True
CUST02082,2,6,6955.539999999999,3477.7699999999995,2024-12-08,2026-08-12,Customer 2082,Male,45,Bengaluru,2024-08-19,612,True
CUST02083,1,3,1679.4,1679.4,2026-03-19,2026-03-19,Customer 2083,Other,49,Pondicherry,2024-01-08,0,False
CUST02084,2,6,5190.92,2595.46,2025-01-29,2026-08-18,Customer 2084,Other,50,Salem,2024-08-30,566,True
CUST02085,6,14,7717.23,1286.205,2024-12-18,2026-08-22,Customer 2085,Other,54,Thanjavur,2025-02-24,612,True
CUST02086,10,20,21610.29,2161.029,2025-01-01,2026-11-09,Customer 2086,Male,54,Erode,2024-02-04,677,True
CUST02087,6,10,9980.42,1663.4033333333334,2025-05-21,2026-04-30,Customer 2087,Female,25,Bengaluru,2025-12-22,344,True
CUST02088,6,15,18530.899999999998,3088.483333333333,2025-03-07,2026-10-13,Customer 2088,Other,23,Madurai,2025-05-08,585,True
CUST02089,2,4,4215.139999999999,2107.5699999999997,2024-12-26,2025-10-01,Customer 2089,Other,51,Salem,2026-01-17,279,True
CUST02090,6,16,12971.97,2161.995,2025-02-13,2026-10-27,Customer 2090,Other,23,Vellore,2025-04-21,621,True
CUST02091,6,14,13959.11,2326.5183333333334,2025-01-14,2026-09-01,Customer 2091,Male,33,Erode,2025-09-16,595,True
CUST02092,5,12,12518.27,2503.654,2024-12-19,2026-08-24,Customer 2092,Other,60,Hyderabad,2025-10-07,613,True
CUST02093,6,13,15437.26,2572.8766666666666,2025-02-03,2026-05-10,Customer 2093,Other,58,Vellore,2024-03-20,461,True
CUST02094,2,2,1040.83,520.415,2025-05-18,2025-09-07,Customer 2094,Other,37,Bengaluru,2026-03-28,112,True
CUST02095,3,5,6407.65,2135.883333333333,2025-06-30,2026-07-30,Customer 2095,Female,52,Chennai,2024-02-24,395,True
CUST02096,5,6,5396.51,1079.3020000000001,2025-11-14,2026-07-21,Customer 2096,Female,50,Erode,2025-04-25,249,True
CUST02097,4,9,12090.57,3022.6425,2025-05-31,2026-07-10,Customer 2097,Other,39,Tirunelveli,2025-08-10,405,True
CUST02098,4,12,7945.86,1986.465,2025-02-08,2026-08-09,Customer 2098,Female,36,Madurai,2024-12-27,547,True
CUST02099,5,9,6917.76,1383.5520000000001,2025-02-12,2026-10-04,Customer 2099,Other,56,Pondicherry,2024-02-06,599,True
CUST02100,3,6,3167.45,1055.8166666666666,2026-02-17,2026-05-19,Customer 2100,Other,54,Salem,2024-11-07,91,True
CUST02101,4,4,4065.36,1016.34,2025-07-04,2026-09-22,Customer 2101,Other,48,Bengaluru,2024-03-03,445,True
CUST02102,4,8,10521.8,2630.45,2025-10-05,2026-05-15,Customer 2102,Other,21,Hyderabad,2024-06-22,222,True
CUST02103,8,16,19617.62,2452.2025,2025-06-01,2026-08-09,Customer 2103,Other,57,Chennai,2024-10-25,434,True
CUST02104,4,17,22422.52,5605.63,2025-01-04,2025-07-15,Customer 2104,Female,23,Madurai,2024-10-20,192,True
CUST02105,2,5,5633.57,2816.785,2025-03-18,2026-01-22,Customer 2105,Male,35,Salem,2025-06-01,310,True
CUST02106,9,25,18211.34,2023.4822222222222,2024-12-12,2026-10-18,Customer 2106,Other,35,Salem,2024-05-15,675,True
CUST02107,3,3,3297.15,1099.05,2025-06-15,2026-10-05,Customer 2107,Female,18,Pondicherry,2026-05-28,477,True
CUST02108,4,6,4166.6,1041.65,2024-12-20,2026-12-02,Customer 2108,Other,29,Bengaluru,2024-04-24,712,True
CUST02109,1,1,932.51,932.51,2025-10-11,2025-10-11,Customer 2109,Male,60,Erode,2026-01-26,0,False
CUST02110,4,12,14910.33,3727.5825,2025-08-11,2026-08-31,Customer 2110,Male,34,Pondicherry,2025-01-13,385,True
CUST02111,4,7,6213.41,1553.3525,2025-07-01,2026-11-03,Customer 2111,Female,29,Vellore,2024-08-29,490,True
CUST02112,1,1,1322.48,1322.48,2026-10-05,2026-10-05,Customer 2112,Male,39,Coimbatore,2026-06-01,0,False
CUST02113,4,7,7693.7,1923.425,2025-03-19,2026-07-31,Customer 2113,Other,27,Erode,2024-05-28,499,True
CUST02114,4,13,18290.41,4572.6025,2025-05-24,2026-07-03,Customer 2114,Female,42,Trichy,2026-02-09,405,True
CUST02115,5,12,18207.010000000002,3641.4020000000005,2025-06-27,2026-08-10,Customer 2115,Female,64,Hyderabad,2025-11-07,409,True
CUST02116,5,11,14991.04,2998.208,2025-01-29,2026-08-19,Customer 2116,Male,54,Pondicherry,2024-06-20,567,True
CUST02117,6,19,17003.38,2833.896666666667,2025-01-06,2026-06-09,Customer 2117,Female,21,Hyderabad,2026-05-12,519,True
CUST02118,4,13,16041.86,4010.465,2025-04-24,2026-06-15,Customer 2118,Male,21,Madurai,2024-09-27,417,True
CUST02119,4,9,10069.27,2517.3175,2025-05-09,2026-08-14,Customer 2119,Female,48,Salem,2025-04-20,462,True
CUST02120,4,14,10449.71,2612.4275,2025-02-25,2026-02-07,Customer 2120,Other,52,Trichy,2025-05-02,347,True
CUST02121,5,12,10029.03,2005.806,2025-05-19,2026-07-11,Customer 2121,Other,63,Tirunelveli,2025-01-23,418,True
CUST02122,3,5,7518.06,2506.02,2025-04-15,2026-10-04,Customer 2122,Female,27,Vellore,2025-04-30,537,True
CUST02123,6,11,9431.41,1571.9016666666666,2024-12-25,2026-06-23,Customer 2123,Female,18,Salem,2026-06-10,545,True
CUST02124,2,5,6950.82,3475.41,2025-05-10,2026-08-16,Customer 2124,Female,42,Hyderabad,2026-03-27,463,True
CUST02125,1,2,3499.4,3499.4,2025-02-04,2025-02-04,Customer 2125,Other,61,Chennai,2024-11-19,0,False
CUST02126,8,21,28843.53,3605.44125,2025-03-11,2026-11-24,Customer 2126,Other,58,Thanjavur,2024-04-09,623,True
CUST02127,5,9,10495.8,2099.16,2024-12-20,2026-04-03,Customer 2127,Female,57,Hyderabad,2026-05-14,469,True
CUST02128,3,6,8467.34,2822.4466666666667,2025-12-17,2026-09-13,Customer 2128,Female,39,Salem,2026-05-28,270,True
CUST02129,3,4,4972.12,1657.3733333333332,2025-05-30,2025-12-28,Customer 2129,Male,34,Hyderabad,2024-09-30,212,True
CUST02130,2,7,7931.889999999999,3965.9449999999997,2026-02-15,2026-05-01,Customer 2130,Female,47,Hyderabad,2025-08-21,75,True
CUST02131,1,3,3644.19,3644.19,2025-05-26,2025-05-26,Customer 2131,Male,64,Hyderabad,2026-02-06,0,False
CUST02132,4,14,9463.43,2365.8575,2025-03-27,2026-08-18,Customer 2132,Male,51,Thanjavur,2025-08-25,509,True
CUST02133,7,13,18146.87,2592.41,2025-01-07,2026-06-10,Customer 2133,Other,29,Thanjavur,2025-11-24,519,True
CUST02134,3,9,12972.61,4324.203333333334,2025-10-20,2026-08-15,Customer 2134,Male,61,Chennai,2025-07-14,299,True
CUST02135,2,6,6897.450000000001,3448.7250000000004,2025-01-18,2025-02-17,Customer 2135,Male,18,Tirunelveli,2026-05-01,30,True
CUST02136,3,6,7372.23,2457.41,2025-05-04,2026-01-10,Customer 2136,Other,24,Hyderabad,2024-04-10,251,True
CUST02137,5,6,5527.57,1105.514,2025-05-18,2026-07-26,Customer 2137,Female,32,Pondicherry,2025-04-01,434,True
CUST02138,3,6,6233.29,2077.7633333333333,2025-06-17,2025-12-27,Customer 2138,Female,30,Chennai,2024-10-17,193,True
CUST02139,2,3,1604.49,802.245,2024-12-07,2025-01-29,Customer 2139,Other,23,Chennai,2024-01-25,53,True
CUST02140,2,6,2750.05,1375.025,2025-02-09,2026-06-14,Customer 2140,Other,31,Bengaluru,2025-08-31,490,True
CUST02141,7,9,10865.8,1552.2571428571428,2025-01-29,2026-06-25,Customer 2141,Male,63,Coimbatore,2025-10-15,512,True
CUST02142,3,6,5802.87,1934.29,2025-01-22,2026-05-06,Customer 2142,Other,26,Tirunelveli,2024-03-29,469,True
CUST02143,3,6,5258.75,1752.9166666666667,2024-11-23,2025-12-30,Customer 2143,Other,54,Madurai,2025-11-03,402,True
CUST02144,2,3,2559.93,1279.965,2025-03-07,2026-06-14,Customer 2144,Other,29,Salem,2024-04-23,464,True
CUST02145,3,5,4028.06,1342.6866666666667,2025-04-21,2026-09-13,Customer 2145,Female,60,Coimbatore,2024-10-28,510,True
CUST02146,2,4,2699.04,1349.52,2024-12-18,2025-08-13,Customer 2146,Female,35,Tirunelveli,2025-10-16,238,True
CUST02147,5,14,9282.79,1856.5580000000002,2025-01-22,2026-10-25,Customer 2147,Other,38,Salem,2025-12-09,641,True
CUST02148,4,11,10500.84,2625.21,2025-03-21,2026-04-13,Customer 2148,Male,35,Chennai,2024-06-14,388,True
CUST02149,3,6,3421.6299999999997,1140.5433333333333,2025-08-27,2026-04-06,Customer 2149,Female,39,Chennai,2025-01-26,222,True
CUST02150,5,10,16981.86,3396.3720000000003,2025-02-18,2026-08-23,Customer 2150,Female,29,Erode,2024-09-21,551,True
CUST02151,2,2,2092.59,1046.295,2026-04-17,2026-09-14,Customer 2151,Female,30,Bengaluru,2024-03-12,150,True
CUST02152,2,5,4317.62,2158.81,2026-05-07,2026-07-21,Customer 2152,Male,59,Erode,2025-02-06,75,True
CUST02153,8,12,15876.43,1984.55375,2025-04-27,2026-09-08,Customer 2153,Male,52,Tirunelveli,2024-04-21,499,True
CUST02154,4,9,9331.6,2332.9,2025-03-12,2025-11-22,Customer 2154,Other,59,Coimbatore,2024-08-11,255,True
CUST02155,4,7,6209.5,1552.375,2025-12-30,2026-08-17,Customer 2155,Other,34,Coimbatore,2025-03-28,230,True
CUST02156,2,3,4065.73,2032.865,2025-01-08,2025-07-02,Customer 2156,Male,22,Bengaluru,2024-02-05,175,True
CUST02157,3,5,4585.9,1528.6333333333332,2026-01-13,2026-10-08,Customer 2157,Female,46,Chennai,2026-01-15,268,True
CUST02158,3,6,7277.82,2425.94,2025-05-14,2026-10-15,Customer 2158,Male,59,Hyderabad,2025-05-24,519,True
CUST02159,3,5,5131.99,1710.6633333333332,2025-01-17,2025-05-20,Customer 2159,Male,60,Tirunelveli,2024-01-01,123,True
CUST02160,2,4,4033.2200000000003,2016.6100000000001,2025-02-27,2025-07-07,Customer 2160,Male,62,Thanjavur,2024-09-29,130,True
CUST02161,4,12,13436.04,3359.01,2025-06-24,2026-08-14,Customer 2161,Other,18,Vellore,2025-02-04,416,True
CUST02162,3,4,4379.14,1459.7133333333334,2025-01-06,2026-01-01,Customer 2162,Female,48,Tirunelveli,2025-12-25,360,True
CUST02163,5,13,12256.949999999999,2451.39,2025-02-04,2026-03-09,Customer 2163,Other,22,Vellore,2025-02-17,398,True
CUST02164,1,4,1525.6,1525.6,2026-03-29,2026-03-29,Customer 2164,Male,42,Pondicherry,2024-08-19,0,False
CUST02165,6,8,12086.01,2014.335,2025-06-24,2026-11-06,Customer 2165,Female,25,Bengaluru,2026-04-17,500,True
CUST02166,2,2,2756.68,1378.34,2025-03-31,2025-04-21,Customer 2166,Female,39,Hyderabad,2025-07-02,21,True
CUST02167,3,9,7790.57,2596.8566666666666,2024-12-29,2025-09-26,Customer 2167,Female,21,Hyderabad,2024-11-06,271,True
CUST02168,3,8,6434.7,2144.9,2025-03-15,2026-06-02,Customer 2168,Male,41,Vellore,2025-10-24,444,True
CUST02169,4,7,6475.99,1618.9975,2025-02-28,2026-07-02,Customer 2169,Female,23,Erode,2026-05-23,489,True
CUST02170,4,10,10963.33,2740.8325,2025-03-05,2026-07-01,Customer 2170,Female,59,Trichy,2026-02-17,483,True
CUST02171,5,12,17748.22,3549.6440000000002,2025-01-29,2026-08-27,Customer 2171,Other,20,Tirunelveli,2024-06-29,575,True
CUST02172,5,8,5556.5,1111.3,2024-11-09,2025-10-26,Customer 2172,Male,37,Pondicherry,2025-11-07,351,True
CUST02173,2,4,4347.5599999999995,2173.7799999999997,2025-05-08,2026-03-30,Customer 2173,Male,58,Pondicherry,2025-02-03,326,True
CUST02174,2,4,1910.79,955.395,2026-03-13,2026-09-21,Customer 2174,Female,23,Hyderabad,2025-01-02,192,True
CUST02175,2,2,2378.45,1189.225,2025-01-24,2025-01-30,Customer 2175,Other,30,Madurai,2025-03-24,6,True
CUST02176,3,8,7810.1,2603.366666666667,2025-11-12,2026-08-20,Customer 2176,Male,19,Pondicherry,2024-02-06,281,True
CUST02177,4,12,11916.09,2979.0225,2024-11-17,2026-08-27,Customer 2177,Male,49,Tirunelveli,2025-08-30,648,True
CUST02178,5,8,6972.47,1394.4940000000001,2025-07-06,2026-07-19,Customer 2178,Other,59,Salem,2024-03-05,378,True
CUST02179,3,7,7633.55,2544.516666666667,2025-04-13,2025-10-14,Customer 2179,Other,46,Chennai,2025-05-26,184,True
CUST02180,2,7,7896.72,3948.36,2025-03-19,2026-07-14,Customer 2180,Female,21,Thanjavur,2024-02-07,482,True
CUST02181,3,4,4291.07,1430.3566666666666,2024-11-26,2026-04-25,Customer 2181,Other,20,Tirunelveli,2026-03-17,515,True
CUST02182,4,12,10377.15,2594.2875,2024-12-30,2026-09-10,Customer 2182,Male,59,Hyderabad,2024-05-01,619,True
CUST02183,5,10,8874.65,1774.9299999999998,2025-01-12,2026-08-20,Customer 2183,Female,61,Vellore,2025-06-19,585,True
CUST02184,4,8,12676.460000000001,3169.1150000000002,2025-06-20,2025-12-21,Customer 2184,Other,55,Trichy,2024-06-01,184,True
CUST02185,1,1,929.86,929.86,2025-06-06,2025-06-06,Customer 2185,Male,65,Madurai,2024-03-14,0,False
CUST02186,6,12,13364.71,2227.4516666666664,2024-12-31,2026-05-03,Customer 2186,Other,19,Erode,2025-05-15,488,True
CUST02187,3,7,3817.6499999999996,1272.55,2026-01-11,2026-06-23,Customer 2187,Male,33,Pondicherry,2025-09-25,163,True
CUST02188,7,14,11637.179999999998,1662.4542857142856,2025-01-19,2026-11-14,Customer 2188,Male,18,Madurai,2025-10-26,664,True
CUST02189,4,7,6066.43,1516.6075,2025-01-24,2026-12-21,Customer 2189,Male,37,Coimbatore,2025-10-09,696,True
CUST02190,1,5,3870.7,3870.7,2025-12-23,2025-12-23,Customer 2190,Other,28,Bengaluru,2025-04-12,0,False
CUST02191,3,7,9683.58,3227.86,2025-04-19,2026-01-03,Customer 2191,Male,25,Erode,2024-03-06,259,True
CUST02192,2,5,5707.22,2853.61,2024-12-23,2025-12-21,Customer 2192,Other,32,Coimbatore,2025-09-01,363,True
CUST02193,7,17,11682.85,1668.9785714285715,2025-03-05,2026-09-03,Customer 2193,Male,45,Thanjavur,2026-04-03,547,True
CUST02194,3,3,4473.21,1491.07,2025-06-09,2026-09-04,Customer 2194,Other,61,Tirunelveli,2026-04-10,452,True
CUST02195,3,3,2400.17,800.0566666666667,2024-12-11,2025-08-19,Customer 2195,Male,61,Bengaluru,2024-11-28,251,True
CUST02196,5,13,14067.54,2813.5080000000003,2025-01-03,2026-08-30,Customer 2196,Male,38,Trichy,2025-07-12,604,True
CUST02197,9,19,15913.39,1768.1544444444444,2025-03-22,2026-09-25,Customer 2197,Male,55,Madurai,2026-02-21,552,True
CUST02198,5,16,15755.08,3151.016,2025-01-16,2026-06-05,Customer 2198,Male,25,Salem,2024-12-09,505,True
CUST02199,3,4,2732.68,910.8933333333333,2025-03-20,2026-08-17,Customer 2199,Female,28,Pondicherry,2024-05-24,515,True
CUST02200,2,6,3494.13,1747.065,2025-07-24,2026-04-13,Customer 2200,Other,28,Erode,2025-01-13,263,True
CUST02201,2,2,1796.8799999999999,898.4399999999999,2025-08-28,2025-09-20,Customer 2201,Other,20,Madurai,2024-09-06,23,True
CUST02202,5,10,9703.099999999999,1940.6199999999997,2024-12-29,2025-12-02,Customer 2202,Other,57,Tirunelveli,2024-04-12,338,True
CUST02203,5,9,7187.58,1437.516,2025-10-03,2026-12-03,Customer 2203,Male,19,Erode,2026-03-07,426,True
CUST02204,2,5,4077.8,2038.9,2025-09-12,2025-09-14,Customer 2204,Male,18,Madurai,2024-03-23,2,True
CUST02205,1,4,5642.48,5642.48,2026-01-19,2026-01-19,Customer 2205,Other,59,Bengaluru,2024-04-01,0,False
CUST02206,4,9,5725.15,1431.2875,2025-02-15,2026-09-08,Customer 2206,Female,62,Erode,2024-10-17,570,True
CUST02207,4,8,9027.02,2256.755,2025-04-29,2026-10-26,Customer 2207,Male,31,Madurai,2025-12-09,545,True
CUST02208,1,4,7888.44,7888.44,2026-02-04,2026-02-04,Customer 2208,Female,51,Erode,2025-10-17,0,False
CUST02209,4,9,12289.849999999999,3072.4624999999996,2025-07-10,2026-09-03,Customer 2209,Male,29,Bengaluru,2025-02-25,420,True
CUST02210,2,3,1550.1,775.05,2025-05-13,2025-09-12,Customer 2210,Male,56,Madurai,2025-12-09,122,True
CUST02211,4,8,11946.7,2986.675,2025-05-08,2026-04-25,Customer 2211,Female,57,Coimbatore,2026-01-04,352,True
CUST02212,2,5,5226.96,2613.48,2025-05-26,2025-12-31,Customer 2212,Female,40,Tirunelveli,2025-10-04,219,True
CUST02213,4,9,7342.08,1835.52,2025-04-26,2026-11-22,Customer 2213,Other,33,Trichy,2024-01-05,575,True
CUST02214,4,6,8367.130000000001,2091.7825000000003,2025-01-22,2026-03-31,Customer 2214,Other,24,Bengaluru,2024-04-30,433,True
CUST02215,1,1,1166.61,1166.61,2024-11-29,2024-11-29,Customer 2215,Other,50,Trichy,2025-01-05,0,False
CUST02216,3,5,2050.71,683.57,2025-06-08,2026-07-19,Customer 2216,Other,60,Trichy,2025-04-20,406,True
CUST02217,9,18,15722.33,1746.9255555555555,2025-04-07,2026-09-03,Customer 2217,Male,30,Coimbatore,2024-10-10,514,True
CUST02218,3,6,6675.29,2225.096666666667,2025-07-10,2025-09-11,Customer 2218,Male,61,Erode,2026-03-26,63,True
CUST02219,5,8,6277.400000000001,1255.48,2025-05-09,2026-11-18,Customer 2219,Male,28,Hyderabad,2025-05-24,558,True
CUST02220,1,2,760.62,760.62,2025-03-09,2025-03-09,Customer 2220,Male,59,Thanjavur,2024-02-14,0,False
CUST02221,7,15,19863.24,2837.6057142857144,2025-01-27,2026-04-04,Customer 2221,Male,45,Salem,2024-10-18,432,True
CUST02222,7,15,11499.9,1642.8428571428572,2024-12-28,2026-11-14,Customer 2222,Other,47,Chennai,2024-12-08,686,True
CUST02223,7,11,11194.66,1599.2371428571428,2024-11-16,2026-10-11,Customer 2223,Other,21,Vellore,2024-04-16,694,True
CUST02224,4,5,5025.56,1256.39,2024-11-22,2026-12-29,Customer 2224,Male,19,Erode,2024-06-29,767,True
CUST02225,3,7,8773.78,2924.5933333333337,2025-02-11,2026-04-15,Customer 2225,Male,22,Trichy,2025-06-11,428,True
CUST02226,9,21,26230.72,2914.5244444444447,2024-11-26,2026-10-19,Customer 2226,Female,55,Bengaluru,2026-01-08,692,True
CUST02227,3,4,3428.04,1142.68,2025-02-09,2026-06-13,Customer 2227,Female,30,Pondicherry,2024-11-29,489,True
CUST02228,6,19,18809.45,3134.9083333333333,2025-03-06,2026-09-30,Customer 2228,Female,32,Coimbatore,2025-11-24,573,True
CUST02229,3,8,7231.46,2410.4866666666667,2025-07-17,2026-07-29,Customer 2229,Male,24,Trichy,2024-11-29,377,True
CUST02230,5,8,6112.15,1222.4299999999998,2025-03-09,2026-08-02,Customer 2230,Female,30,Tirunelveli,2026-01-25,511,True
CUST02231,8,18,14880.29,1860.03625,2024-12-18,2026-09-17,Customer 2231,Male,48,Bengaluru,2024-08-13,638,True
CUST02232,5,10,11176.36,2235.272,2025-04-03,2026-01-10,Customer 2232,Male,45,Madurai,2025-05-11,282,True
CUST02233,3,9,4194.41,1398.1366666666665,2025-04-02,2026-11-30,Customer 2233,Other,47,Madurai,2024-08-09,607,True
CUST02234,3,4,3294.7,1098.2333333333333,2025-07-20,2026-01-26,Customer 2234,Female,26,Erode,2025-01-31,190,True
CUST02235,4,12,12248.68,3062.17,2025-02-04,2026-09-24,Customer 2235,Male,58,Thanjavur,2026-01-07,597,True
CUST02236,3,7,4925.57,1641.8566666666666,2025-01-21,2025-12-28,Customer 2236,Male,39,Madurai,2024-10-03,341,True
CUST02237,4,6,4985.8099999999995,1246.4524999999999,2025-05-12,2026-06-20,Customer 2237,Other,54,Chennai,2024-02-02,404,True
CUST02238,3,4,2149.64,716.5466666666666,2025-01-10,2026-06-05,Customer 2238,Male,25,Erode,2024-10-14,511,True
CUST02239,8,19,15469.89,1933.73625,2024-12-28,2026-02-21,Customer 2239,Female,28,Thanjavur,2025-04-14,420,True
CUST02240,1,1,1845.88,1845.88,2025-10-29,2025-10-29,Customer 2240,Female,56,Madurai,2024-08-13,0,False
CUST02241,4,7,9041.33,2260.3325,2025-02-05,2026-09-12,Customer 2241,Other,57,Madurai,2026-03-19,584,True
CUST02242,6,18,14535.970000000001,2422.661666666667,2025-04-07,2026-08-18,Customer 2242,Other,32,Coimbatore,2025-08-14,498,True
CUST02243,7,17,23443.940000000002,3349.134285714286,2025-05-01,2026-09-08,Customer 2243,Other,49,Trichy,2025-02-25,495,True
CUST02244,4,9,8658.23,2164.5575,2025-01-21,2026-02-01,Customer 2244,Female,47,Salem,2025-08-28,376,True
CUST02245,2,2,1059.77,529.885,2025-06-26,2025-10-10,Customer 2245,Other,45,Pondicherry,2024-01-15,106,True
CUST02246,3,9,7623.33,2541.11,2026-02-07,2026-12-04,Customer 2246,Male,33,Thanjavur,2026-06-12,300,True
CUST02247,12,27,28294.88,2357.9066666666668,2025-06-05,2026-12-24,Customer 2247,Other,32,Bengaluru,2025-03-20,567,True
CUST02248,2,6,5278.62,2639.31,2025-06-09,2026-11-26,Customer 2248,Other,18,Tirunelveli,2024-06-01,535,True
CUST02249,4,9,9593.939999999999,2398.4849999999997,2025-09-08,2026-08-15,Customer 2249,Male,48,Pondicherry,2024-02-15,341,True
CUST02250,4,9,11336.95,2834.2375,2025-12-23,2026-10-09,Customer 2250,Other,20,Tirunelveli,2026-02-26,290,True
CUST02251,6,15,19176.79,3196.1316666666667,2025-05-29,2026-08-05,Customer 2251,Female,48,Pondicherry,2025-06-27,433,True
CUST02252,4,7,7206.120000000001,1801.5300000000002,2025-05-26,2026-07-02,Customer 2252,Male,46,Erode,2026-04-21,402,True
CUST02253,7,19,14063.61,2009.087142857143,2025-04-18,2026-07-24,Customer 2253,Male,53,Chennai,2024-09-03,462,True
CUST02254,5,9,10176.789999999999,2035.3579999999997,2025-02-05,2026-12-13,Customer 2254,Other,44,Trichy,2025-12-10,676,True
CUST02255,7,14,13055.44,1865.0628571428572,2025-01-20,2026-10-20,Customer 2255,Female,36,Trichy,2024-05-15,638,True
CUST02256,7,14,13430.9,1918.7,2025-06-12,2026-08-28,Customer 2256,Male,19,Erode,2025-10-25,442,True
CUST02257,3,7,10036.0,3345.3333333333335,2025-03-19,2026-08-02,Customer 2257,Female,28,Pondicherry,2025-11-16,501,True
CUST02258,10,22,21485.88,2148.588,2024-12-24,2026-10-30,Customer 2258,Other,65,Bengaluru,2025-04-15,675,True
CUST02259,5,9,7991.63,1598.326,2024-12-29,2026-07-29,Customer 2259,Female,47,Madurai,2024-01-25,577,True
CUST02260,6,11,10503.27,1750.545,2024-11-09,2026-11-22,Customer 2260,Other,43,Madurai,2026-06-14,743,True
CUST02261,6,17,18087.2,3014.5333333333333,2025-01-26,2026-03-03,Customer 2261,Female,58,Erode,2026-03-19,401,True
CUST02262,8,19,19089.1,2386.1375,2024-11-16,2026-07-08,Customer 2262,Other,18,Hyderabad,2025-12-21,599,True
CUST02263,4,8,9985.650000000001,2496.4125000000004,2025-04-28,2026-08-17,Customer 2263,Female,62,Thanjavur,2024-03-13,476,True
CUST02264,3,5,3514.76,1171.5866666666668,2025-04-04,2025-09-15,Customer 2264,Male,36,Tirunelveli,2025-06-27,164,True
CUST02265,2,5,5558.84,2779.42,2025-02-11,2026-08-03,Customer 2265,Female,62,Bengaluru,2026-02-09,538,True
CUST02266,4,8,8064.859999999999,2016.2149999999997,2025-01-27,2026-05-06,Customer 2266,Other,31,Hyderabad,2025-07-09,464,True
CUST02267,4,10,11040.550000000001,2760.1375000000003,2025-07-12,2026-12-10,Customer 2267,Other,39,Pondicherry,2024-03-23,516,True
CUST02268,5,15,20886.31,4177.262000000001,2025-04-07,2026-09-21,Customer 2268,Other,61,Thanjavur,2024-02-26,532,True
CUST02269,4,10,7934.81,1983.7025,2025-09-25,2026-08-29,Customer 2269,Male,42,Thanjavur,2024-02-22,338,True
CUST02270,3,7,7142.539999999999,2380.8466666666664,2025-07-31,2026-11-03,Customer 2270,Other,20,Thanjavur,2025-04-21,460,True
CUST02271,2,4,4841.02,2420.51,2026-01-06,2026-06-30,Customer 2271,Male,59,Vellore,2025-01-10,175,True
CUST02272,4,7,9608.27,2402.0675,2026-01-30,2026-11-10,Customer 2272,Male,53,Pondicherry,2025-12-22,284,True
CUST02273,3,11,7158.1,2386.0333333333333,2024-12-19,2026-06-26,Customer 2273,Male,26,Thanjavur,2026-03-03,554,True
CUST02275,2,6,4724.51,2362.255,2025-01-19,2026-11-20,Customer 2275,Other,55,Pondicherry,2025-05-04,670,True
CUST02276,6,14,9624.39,1604.0649999999998,2024-12-07,2026-09-12,Customer 2276,Other,32,Thanjavur,2024-08-02,644,True
CUST02277,4,9,5459.28,1364.82,2025-02-16,2026-04-29,Customer 2277,Female,50,Hyderabad,2024-12-27,437,True
CUST02278,2,2,2941.67,1470.835,2025-12-09,2026-08-20,Customer 2278,Female,21,Coimbatore,2025-03-09,254,True
CUST02279,2,4,2278.6,1139.3,2026-05-11,2026-07-14,Customer 2279,Female,46,Erode,2025-01-16,64,True
CUST02280,6,16,11804.05,1967.3416666666665,2025-01-17,2026-09-25,Customer 2280,Other,25,Erode,2025-05-28,616,True
CUST02281,3,7,6459.02,2153.0066666666667,2025-02-02,2025-05-14,Customer 2281,Other,61,Vellore,2025-12-27,101,True
CUST02282,6,12,17985.57,2997.595,2025-06-10,2026-08-11,Customer 2282,Female,57,Thanjavur,2024-10-26,427,True
CUST02283,2,6,6441.98,3220.99,2026-02-10,2026-08-28,Customer 2283,Other,62,Coimbatore,2026-03-30,199,True
CUST02284,4,8,7620.49,1905.1225,2025-04-30,2026-11-18,Customer 2284,Female,23,Coimbatore,2024-07-11,567,True
CUST02285,3,8,8225.22,2741.74,2026-05-26,2026-10-08,Customer 2285,Male,36,Coimbatore,2025-02-04,135,True
CUST02286,1,1,640.09,640.09,2025-08-29,2025-08-29,Customer 2286,Male,35,Coimbatore,2024-04-21,0,False
CUST02287,4,5,4281.700000000001,1070.4250000000002,2024-12-17,2026-08-05,Customer 2287,Male,49,Madurai,2025-12-14,596,True
CUST02288,3,7,6570.62,2190.2066666666665,2025-10-15,2026-11-04,Customer 2288,Male,51,Hyderabad,2026-06-14,385,True
CUST02289,6,12,9883.46,1647.243333333333,2024-12-22,2025-11-07,Customer 2289,Female,44,Hyderabad,2024-01-24,320,True
CUST02290,3,3,2776.1,925.3666666666667,2024-11-25,2026-10-12,Customer 2290,Male,48,Thanjavur,2025-07-08,686,True
CUST02291,3,5,5549.46,1849.82,2025-10-13,2026-07-15,Customer 2291,Female,65,Hyderabad,2025-03-06,275,True
CUST02292,7,14,15270.92,2181.56,2024-11-25,2026-07-12,Customer 2292,Female,30,Coimbatore,2024-01-22,594,True
CUST02293,3,8,7390.0599999999995,2463.353333333333,2025-02-15,2026-08-26,Customer 2293,Male,51,Hyderabad,2024-01-23,557,True
CUST02294,7,12,11013.94,1573.42,2025-05-13,2026-04-18,Customer 2294,Female,55,Thanjavur,2024-12-09,340,True
CUST02295,4,11,8859.8,2214.95,2025-05-19,2026-07-06,Customer 2295,Other,38,Erode,2025-11-02,413,True
CUST02296,6,12,8868.25,1478.0416666666667,2024-12-19,2026-08-13,Customer 2296,Other,62,Vellore,2025-08-30,602,True
CUST02297,4,8,10714.990000000002,2678.7475000000004,2024-12-06,2026-01-07,Customer 2297,Other,46,Erode,2026-05-12,397,True
CUST02298,5,11,11131.099999999999,2226.22,2025-04-18,2026-11-18,Customer 2298,Other,26,Salem,2024-11-07,579,True
CUST02299,8,10,9762.24,1220.28,2025-01-11,2026-09-21,Customer 2299,Female,32,Erode,2024-06-24,618,True
CUST02300,4,10,5690.16,1422.54,2025-01-08,2026-11-12,Customer 2300,Female,21,Madurai,2025-01-15,673,True
CUST02301,8,16,16650.57,2081.32125,2025-03-07,2026-06-12,Customer 2301,Female,47,Madurai,2024-12-27,462,True
CUST02302,6,9,9320.369999999999,1553.3949999999998,2025-08-22,2026-09-25,Customer 2302,Male,63,Vellore,2025-09-25,399,True
CUST02303,9,16,13343.64,1482.6266666666666,2025-01-04,2026-06-25,Customer 2303,Male,29,Pondicherry,2024-10-19,537,True
CUST02304,3,3,3117.19,1039.0633333333333,2025-08-24,2026-01-10,Customer 2304,Other,27,Madurai,2025-12-10,139,True
CUST02305,3,9,6886.54,2295.5133333333333,2025-05-02,2026-06-12,Customer 2305,Male,20,Thanjavur,2024-08-31,406,True
CUST02306,5,10,9395.35,1879.0700000000002,2024-11-29,2026-02-28,Customer 2306,Male,46,Salem,2025-08-11,456,True
CUST02307,6,11,10375.27,1729.2116666666668,2025-03-29,2026-01-20,Customer 2307,Male,31,Vellore,2025-01-13,297,True
CUST02308,2,2,2544.49,1272.245,2025-07-10,2025-12-06,Customer 2308,Male,60,Thanjavur,2025-12-25,149,True
CUST02309,5,15,15660.88,3132.176,2024-12-06,2026-07-22,Customer 2309,Male,41,Erode,2024-12-18,593,True
CUST02310,4,5,6219.0599999999995,1554.7649999999999,2025-09-06,2026-11-29,Customer 2310,Male,52,Salem,2025-07-06,449,True
CUST02311,4,6,6192.59,1548.1475,2025-01-01,2026-10-06,Customer 2311,Male,43,Erode,2024-05-04,643,True
CUST02312,2,3,3719.86,1859.93,2025-02-03,2025-06-11,Customer 2312,Male,47,Thanjavur,2026-02-25,128,True
CUST02313,6,12,11653.63,1942.2716666666665,2024-11-21,2026-10-22,Customer 2313,Male,65,Vellore,2024-06-08,700,True
CUST02314,4,7,9438.07,2359.5175,2025-02-05,2026-03-25,Customer 2314,Female,59,Pondicherry,2025-06-03,413,True
CUST02315,2,5,6579.87,3289.935,2025-05-29,2025-10-04,Customer 2315,Female,36,Bengaluru,2024-10-29,128,True
CUST02316,6,17,17783.26,2963.8766666666666,2025-02-20,2026-01-24,Customer 2316,Male,54,Pondicherry,2025-11-13,338,True
CUST02317,4,7,7760.04,1940.01,2025-08-08,2026-10-24,Customer 2317,Female,62,Coimbatore,2025-03-28,442,True
CUST02318,5,12,9100.77,1820.154,2025-01-04,2026-07-05,Customer 2318,Female,20,Madurai,2026-01-19,547,True
CUST02319,3,10,8094.15,2698.0499999999997,2026-03-11,2026-11-08,Customer 2319,Other,25,Salem,2025-11-25,242,True
CUST02320,1,1,1600.3,1600.3,2025-06-26,2025-06-26,Customer 2320,Female,57,Trichy,2024-01-26,0,False
CUST02321,3,7,5296.45,1765.4833333333333,2025-01-23,2026-03-07,Customer 2321,Female,23,Thanjavur,2025-04-01,408,True
CUST02322,3,7,6512.91,2170.97,2025-09-09,2026-06-05,Customer 2322,Other,59,Trichy,2024-02-26,269,True
CUST02323,3,6,6955.01,2318.3366666666666,2025-05-04,2026-05-26,Customer 2323,Other,32,Salem,2025-08-20,387,True
CUST02324,5,12,9740.26,1948.0520000000001,2024-12-09,2026-10-10,Customer 2324,Male,23,Vellore,2024-07-19,670,True
CUST02325,1,1,884.85,884.85,2026-12-13,2026-12-13,Customer 2325,Female,61,Hyderabad,2026-05-19,0,False
CUST02326,2,4,5232.22,2616.11,2026-04-17,2026-08-15,Customer 2326,Other,43,Trichy,2024-03-30,120,True
CUST02327,4,11,5546.21,1386.5525,2024-12-29,2026-07-23,Customer 2327,Female,56,Bengaluru,2025-05-17,571,True
CUST02328,9,28,28763.84,3195.9822222222224,2025-01-26,2026-10-06,Customer 2328,Male,60,Thanjavur,2025-06-07,618,True
CUST02329,5,12,15150.06,3030.0119999999997,2025-01-05,2026-08-16,Customer 2329,Male,63,Tirunelveli,2025-02-11,588,True
CUST02330,5,16,23204.89,4640.978,2025-02-09,2026-12-02,Customer 2330,Female,41,Chennai,2025-01-13,661,True
CUST02331,7,9,10653.29,1521.8985714285716,2025-08-12,2026-07-11,Customer 2331,Female,40,Salem,2024-10-18,333,True
CUST02332,4,6,8670.74,2167.685,2025-02-28,2026-12-29,Customer 2332,Other,23,Trichy,2025-04-01,669,True
CUST02333,3,8,8672.04,2890.6800000000003,2025-04-27,2025-10-13,Customer 2333,Female,65,Tirunelveli,2026-01-15,169,True
CUST02334,6,14,11360.1,1893.3500000000001,2025-06-14,2026-08-26,Customer 2334,Female,36,Madurai,2026-04-02,438,True
CUST02335,2,3,1679.6200000000001,839.8100000000001,2026-08-27,2026-11-03,Customer 2335,Other,45,Pondicherry,2026-04-05,68,True
CUST02336,3,9,7904.07,2634.69,2026-07-17,2026-08-09,Customer 2336,Male,55,Bengaluru,2025-02-28,23,True
CUST02337,3,4,3909.73,1303.2433333333333,2025-11-06,2026-07-25,Customer 2337,Male,31,Salem,2024-03-29,261,True
CUST02338,2,6,7029.4400000000005,3514.7200000000003,2024-12-08,2026-06-10,Customer 2338,Other,39,Coimbatore,2025-05-01,549,True
CUST02339,6,15,16930.010000000002,2821.6683333333335,2024-12-13,2026-10-17,Customer 2339,Female,23,Chennai,2025-08-27,673,True
CUST02340,6,15,12227.25,2037.875,2025-02-01,2026-09-02,Customer 2340,Other,35,Tirunelveli,2025-02-23,578,True
CUST02341,5,9,7860.91,1572.182,2025-08-10,2026-10-07,Customer 2341,Other,47,Pondicherry,2024-06-28,423,True
CUST02342,4,4,3783.83,945.9575,2025-05-05,2026-04-07,Customer 2342,Male,30,Madurai,2025-08-04,337,True
CUST02343,3,4,2036.73,678.91,2025-03-31,2025-10-26,Customer 2343,Female,36,Vellore,2026-05-02,209,True
CUST02344,5,14,15887.47,3177.4939999999997,2025-01-21,2026-03-03,Customer 2344,Male,37,Bengaluru,2025-05-17,406,True
CUST02345,8,20,27692.23,3461.52875,2025-01-04,2026-11-08,Customer 2345,Female,53,Pondicherry,2024-11-07,673,True
CUST02346,6,14,15762.55,2627.0916666666667,2025-08-24,2026-11-30,Customer 2346,Male,19,Chennai,2025-04-19,463,True
CUST02347,2,6,3521.42,1760.71,2026-02-14,2026-08-15,Customer 2347,Female,37,Hyderabad,2024-06-06,182,True
CUST02348,3,5,5569.3,1856.4333333333334,2025-04-02,2025-08-24,Customer 2348,Other,48,Coimbatore,2026-05-04,144,True
CUST02349,3,3,3718.95,1239.6499999999999,2025-05-27,2026-08-03,Customer 2349,Other,36,Tirunelveli,2025-10-31,433,True
CUST02350,7,14,21042.57,3006.0814285714287,2025-04-01,2026-09-08,Customer 2350,Female,62,Hyderabad,2024-07-02,525,True
CUST02351,2,6,7071.6,3535.8,2026-06-17,2026-08-19,Customer 2351,Male,25,Salem,2024-09-07,63,True
CUST02352,3,5,8172.87,2724.29,2025-08-27,2025-10-27,Customer 2352,Male,56,Pondicherry,2025-05-19,61,True
CUST02353,4,7,6585.66,1646.415,2025-02-24,2026-04-03,Customer 2353,Other,48,Bengaluru,2025-01-05,403,True
CUST02354,1,1,802.58,802.58,2025-10-05,2025-10-05,Customer 2354,Female,58,Hyderabad,2025-03-22,0,False
CUST02355,6,13,12379.560000000001,2063.26,2025-01-01,2026-11-06,Customer 2355,Other,25,Thanjavur,2025-05-02,674,True
CUST02356,8,13,13622.84,1702.855,2024-12-20,2026-08-25,Customer 2356,Other,54,Chennai,2025-06-08,613,True
CUST02357,3,9,11913.58,3971.193333333333,2024-12-30,2026-10-29,Customer 2357,Female,28,Bengaluru,2026-05-15,668,True
CUST02358,6,11,14995.37,2499.2283333333335,2025-06-02,2026-09-29,Customer 2358,Male,38,Erode,2024-02-29,484,True
CUST02359,4,6,3696.64,924.16,2025-04-13,2026-02-07,Customer 2359,Other,26,Thanjavur,2026-06-18,300,True
CUST02360,4,8,5974.429999999999,1493.6074999999998,2025-05-20,2026-04-29,Customer 2360,Male,35,Thanjavur,2024-06-16,344,True
CUST02361,3,6,8389.939999999999,2796.646666666666,2025-08-05,2026-01-04,Customer 2361,Other,40,Chennai,2025-03-05,152,True
CUST02362,2,6,5335.76,2667.88,2025-02-20,2025-11-09,Customer 2362,Female,51,Hyderabad,2024-10-23,262,True
CUST02363,2,4,3525.31,1762.655,2025-08-06,2026-09-17,Customer 2363,Other,30,Hyderabad,2024-03-19,407,True
CUST02364,5,13,14696.99,2939.398,2025-04-22,2026-11-16,Customer 2364,Male,56,Madurai,2024-07-06,573,True
CUST02365,2,6,6925.0,3462.5,2025-08-18,2026-02-08,Customer 2365,Female,38,Hyderabad,2025-07-10,174,True
CUST02366,3,10,7758.4,2586.133333333333,2025-07-26,2026-10-18,Customer 2366,Female,35,Hyderabad,2026-03-30,449,True
CUST02367,4,8,7669.37,1917.3425,2025-02-15,2026-02-25,Customer 2367,Other,41,Coimbatore,2025-12-15,375,True
CUST02368,4,7,9089.66,2272.415,2025-07-05,2026-07-17,Customer 2368,Other,40,Madurai,2025-07-01,377,True
CUST02369,5,13,10032.95,2006.5900000000001,2025-04-10,2026-10-30,Customer 2369,Male,51,Salem,2024-01-14,568,True
CUST02370,6,13,16283.42,2713.903333333333,2025-01-11,2026-11-23,Customer 2370,Female,44,Thanjavur,2025-01-16,681,True
CUST02371,1,1,476.04,476.04,2025-03-04,2025-03-04,Customer 2371,Male,31,Madurai,2024-06-15,0,False
CUST02372,1,2,3709.62,3709.62,2025-12-11,2025-12-11,Customer 2372,Male,30,Vellore,2025-05-30,0,False
CUST02373,3,3,3647.5699999999997,1215.8566666666666,2025-05-11,2026-07-30,Customer 2373,Other,51,Vellore,2025-09-20,445,True
CUST02374,3,6,6546.08,2182.0266666666666,2025-08-17,2026-08-02,Customer 2374,Other,62,Coimbatore,2025-12-30,350,True
CUST02375,3,6,5339.47,1779.8233333333335,2026-01-10,2026-02-19,Customer 2375,Female,22,Coimbatore,2025-03-03,40,True
CUST02376,7,18,21555.38,3079.34,2025-04-02,2026-11-04,Customer 2376,Male,19,Erode,2026-04-18,581,True
CUST02377,4,8,6670.9,1667.725,2024-12-14,2026-08-20,Customer 2377,Female,62,Thanjavur,2024-12-22,614,True
CUST02378,2,6,8673.44,4336.72,2025-08-30,2026-07-03,Customer 2378,Female,56,Vellore,2024-05-22,307,True
CUST02379,4,5,3712.56,928.14,2025-04-01,2026-04-10,Customer 2379,Female,29,Pondicherry,2026-02-20,374,True
CUST02380,4,10,8935.22,2233.805,2025-07-13,2026-11-14,Customer 2380,Male,65,Coimbatore,2024-11-07,489,True
CUST02381,4,8,7054.65,1763.6625,2025-05-15,2026-09-05,Customer 2381,Male,62,Madurai,2024-08-15,478,True
CUST02382,4,9,8423.66,2105.915,2025-07-22,2026-11-20,Customer 2382,Male,37,Madurai,2025-12-05,486,True
CUST02383,2,5,6219.67,3109.835,2025-04-21,2025-04-28,Customer 2383,Male,23,Tirunelveli,2024-08-02,7,True
CUST02384,1,4,5962.2,5962.2,2025-05-09,2025-05-09,Customer 2384,Male,22,Chennai,2025-12-08,0,False
CUST02385,4,5,5060.08,1265.02,2025-03-11,2026-08-05,Customer 2385,Female,45,Chennai,2026-03-04,512,True
CUST02386,1,1,1583.6,1583.6,2026-07-21,2026-07-21,Customer 2386,Male,20,Hyderabad,2024-07-20,0,False
CUST02387,5,9,7183.76,1436.752,2025-03-12,2026-09-19,Customer 2387,Other,21,Erode,2025-06-09,556,True
CUST02388,2,8,6113.92,3056.96,2024-12-14,2026-09-21,Customer 2388,Female,20,Coimbatore,2024-05-01,646,True
CUST02389,3,4,2628.05,876.0166666666668,2025-07-05,2026-04-19,Customer 2389,Other,18,Coimbatore,2024-11-04,288,True
CUST02390,9,20,19606.45,2178.4944444444445,2025-06-20,2026-10-20,Customer 2390,Male,56,Trichy,2026-03-12,487,True
CUST02391,2,2,1767.57,883.785,2025-09-02,2025-09-21,Customer 2391,Male,29,Hyderabad,2025-08-24,19,True
CUST02392,4,7,6095.3099999999995,1523.8274999999999,2025-04-21,2026-10-17,Customer 2392,Male,23,Madurai,2024-12-25,544,True
CUST02393,1,2,3245.82,3245.82,2026-07-07,2026-07-07,Customer 2393,Other,35,Bengaluru,2026-05-16,0,False
CUST02394,5,11,11897.150000000001,2379.4300000000003,2024-11-26,2026-10-14,Customer 2394,Female,28,Vellore,2024-12-22,687,True
CUST02395,2,4,4031.9,2015.95,2025-02-17,2026-09-04,Customer 2395,Other,57,Trichy,2026-03-10,564,True
CUST02396,4,8,8498.43,2124.6075,2025-05-26,2026-08-04,Customer 2396,Other,22,Coimbatore,2025-06-01,435,True
CUST02397,5,12,11318.789999999999,2263.758,2024-12-26,2026-09-04,Customer 2397,Other,18,Vellore,2026-04-19,617,True
CUST02398,5,10,10751.869999999999,2150.374,2025-02-06,2026-03-23,Customer 2398,Other,30,Salem,2024-08-10,410,True
CUST02399,5,8,6575.38,1315.076,2025-08-30,2026-11-18,Customer 2399,Other,18,Pondicherry,2024-06-24,445,True
CUST02400,5,10,11577.51,2315.502,2025-02-07,2026-08-16,Customer 2400,Male,50,Pondicherry,2024-04-11,555,True
CUST02401,3,5,3625.0200000000004,1208.3400000000001,2025-10-25,2026-02-26,Customer 2401,Female,62,Bengaluru,2025-05-01,124,True
CUST02402,4,4,4644.59,1161.1475,2025-01-18,2026-06-23,Customer 2402,Female,61,Coimbatore,2024-07-08,521,True
CUST02403,3,8,11479.71,3826.5699999999997,2025-04-27,2026-05-23,Customer 2403,Female,42,Tirunelveli,2024-07-04,391,True
CUST02404,3,5,7648.4800000000005,2549.4933333333333,2025-05-03,2025-07-23,Customer 2404,Other,32,Tirunelveli,2024-08-07,81,True
CUST02405,3,3,3767.3500000000004,1255.7833333333335,2025-07-14,2026-06-20,Customer 2405,Female,25,Erode,2024-04-25,341,True
CUST02406,4,11,13438.53,3359.6325,2025-05-29,2026-10-18,Customer 2406,Other,26,Erode,2024-04-22,507,True
CUST02407,6,16,15048.14,2508.023333333333,2025-01-27,2026-07-09,Customer 2407,Female,63,Salem,2026-02-19,528,True
CUST02408,3,4,3895.2,1298.3999999999999,2025-12-21,2026-01-23,Customer 2408,Other,20,Coimbatore,2025-07-24,33,True
CUST02409,1,3,2766.09,2766.09,2026-07-11,2026-07-11,Customer 2409,Female,25,Tirunelveli,2024-12-01,0,False
CUST02410,6,12,9267.48,1544.58,2024-12-24,2026-01-22,Customer 2410,Female,56,Pondicherry,2024-10-17,394,True
CUST02411,3,9,9740.54,3246.846666666667,2025-03-06,2026-10-26,Customer 2411,Other,46,Trichy,2024-11-15,599,True
CUST02412,2,4,1839.24,919.62,2026-07-27,2026-10-30,Customer 2412,Female,36,Tirunelveli,2025-07-21,95,True
CUST02413,2,3,3056.1800000000003,1528.0900000000001,2025-12-16,2026-06-23,Customer 2413,Male,48,Hyderabad,2024-07-12,189,True
CUST02414,4,7,4466.7,1116.675,2025-05-25,2026-08-04,Customer 2414,Male,18,Hyderabad,2025-01-11,436,True
CUST02415,1,1,1857.66,1857.66,2025-10-22,2025-10-22,Customer 2415,Other,24,Tirunelveli,2025-05-18,0,False
CUST02416,1,2,682.18,682.18,2025-01-11,2025-01-11,Customer 2416,Other,60,Hyderabad,2025-03-24,0,False
CUST02417,3,5,7267.07,2422.3566666666666,2024-12-11,2026-08-01,Customer 2417,Male,27,Tirunelveli,2024-03-28,598,True
CUST02418,7,12,13579.380000000001,1939.9114285714288,2024-12-02,2026-06-12,Customer 2418,Other,55,Coimbatore,2025-02-14,557,True
CUST02419,4,11,13135.06,3283.765,2025-01-09,2026-11-20,Customer 2419,Male,22,Thanjavur,2026-01-29,680,True
CUST02420,3,3,3331.3900000000003,1110.4633333333334,2024-11-25,2025-08-20,Customer 2420,Female,30,Bengaluru,2024-07-22,268,True
CUST02421,7,20,17327.28,2475.325714285714,2025-01-24,2026-09-21,Customer 2421,Female,25,Trichy,2026-05-14,605,True
CUST02422,6,13,10454.92,1742.4866666666667,2024-11-17,2026-08-14,Customer 2422,Female,64,Erode,2026-05-08,635,True
CUST02423,6,12,14516.960000000001,2419.4933333333333,2025-05-13,2026-04-01,Customer 2423,Other,55,Bengaluru,2024-10-12,323,True
CUST02425,1,2,1907.96,1907.96,2026-04-06,2026-04-06,Customer 2425,Other,56,Tirunelveli,2025-05-02,0,False
CUST02426,3,7,7648.870000000001,2549.6233333333334,2025-04-23,2026-10-19,Customer 2426,Other,35,Madurai,2025-05-11,544,True
CUST02427,3,7,7066.06,2355.3533333333335,2024-12-31,2026-09-21,Customer 2427,Female,24,Coimbatore,2026-02-25,629,True
CUST02428,4,12,15318.65,3829.6625,2025-08-01,2026-04-05,Customer 2428,Female,49,Trichy,2024-09-13,247,True
CUST02429,5,18,17424.65,3484.9300000000003,2024-12-13,2026-10-09,Customer 2429,Male,19,Coimbatore,2025-10-05,665,True
CUST02430,8,13,9643.75,1205.46875,2025-01-26,2026-05-27,Customer 2430,Male,22,Erode,2026-01-25,486,True
CUST02431,2,5,3420.4700000000003,1710.2350000000001,2025-04-17,2026-08-10,Customer 2431,Male,29,Tirunelveli,2025-11-25,480,True
CUST02432,5,9,10519.82,2103.964,2025-02-03,2026-09-06,Customer 2432,Other,38,Madurai,2025-09-11,580,True
CUST02433,2,3,4129.12,2064.56,2025-01-11,2025-01-24,Customer 2433,Other,57,Coimbatore,2024-11-06,13,True
CUST02434,1,2,2282.64,2282.64,2026-06-21,2026-06-21,Customer 2434,Male,60,Vellore,2026-02-17,0,False
CUST02435,5,12,10665.63,2133.1259999999997,2024-12-03,2026-06-03,Customer 2435,Female,47,Trichy,2026-02-24,547,True
CUST02436,4,10,8968.2,2242.05,2025-01-07,2026-07-20,Customer 2436,Other,49,Erode,2024-10-27,559,True
CUST02437,1,5,6389.75,6389.75,2025-07-11,2025-07-11,Customer 2437,Female,52,Thanjavur,2025-05-31,0,False
CUST02438,7,12,12996.35,1856.6214285714286,2025-01-14,2026-09-08,Customer 2438,Other,52,Chennai,2026-04-08,602,True
CUST02439,5,7,8049.42,1609.884,2025-01-11,2026-08-02,Customer 2439,Male,45,Coimbatore,2026-02-21,568,True
CUST02440,5,9,9107.82,1821.5639999999999,2025-08-18,2026-05-26,Customer 2440,Female,38,Tirunelveli,2025-01-27,281,True
CUST02441,6,22,14705.28,2450.88,2025-01-18,2026-05-08,Customer 2441,Female,20,Chennai,2025-03-29,475,True
CUST02442,2,4,1718.63,859.315,2024-12-27,2025-02-06,Customer 2442,Other,60,Salem,2024-06-30,41,True
CUST02443,1,5,4454.25,4454.25,2025-08-25,2025-08-25,Customer 2443,Male,49,Tirunelveli,2025-12-24,0,False
CUST02444,6,9,6363.26,1060.5433333333333,2024-12-29,2026-06-12,Customer 2444,Female,63,Tirunelveli,2024-05-17,530,True
CUST02445,4,9,8607.02,2151.755,2025-02-12,2026-09-13,Customer 2445,Male,54,Hyderabad,2025-05-14,578,True
CUST02446,6,10,8971.41,1495.235,2025-02-20,2026-03-26,Customer 2446,Other,53,Hyderabad,2025-05-17,399,True
CUST02447,3,7,3496.1,1165.3666666666666,2025-03-01,2026-03-18,Customer 2447,Other,48,Erode,2025-07-06,382,True
CUST02448,4,6,7459.75,1864.9375,2025-07-04,2026-10-04,Customer 2448,Male,50,Chennai,2025-07-29,457,True
CUST02449,5,8,8758.56,1751.712,2025-04-22,2026-10-14,Customer 2449,Female,49,Bengaluru,2025-02-04,540,True
CUST02450,7,10,8938.01,1276.8585714285714,2025-04-10,2026-10-16,Customer 2450,Other,61,Thanjavur,2025-01-21,554,True
CUST02451,3,9,8804.76,2934.92,2025-03-12,2025-12-20,Customer 2451,Female,38,Chennai,2026-02-23,283,True
CUST02452,2,5,5109.21,2554.605,2026-04-14,2026-07-09,Customer 2452,Other,20,Madurai,2024-01-29,86,True
CUST02453,2,2,1573.02,786.51,2025-10-13,2026-07-18,Customer 2453,Female,40,Pondicherry,2026-05-07,278,True
CUST02454,6,15,12747.220000000001,2124.536666666667,2025-01-17,2026-07-08,Customer 2454,Male,58,Thanjavur,2025-08-20,537,True
CUST02455,9,19,19191.23,2132.358888888889,2024-12-01,2026-09-26,Customer 2455,Male,45,Thanjavur,2025-01-24,664,True
CUST02456,3,4,4125.700000000001,1375.2333333333336,2025-02-24,2026-04-10,Customer 2456,Female,40,Chennai,2024-12-31,410,True
CUST02457,4,7,9513.380000000001,2378.3450000000003,2025-12-08,2026-06-15,Customer 2457,Male,33,Trichy,2025-11-08,189,True
CUST02458,4,11,9017.71,2254.4275,2025-07-06,2026-11-13,Customer 2458,Female,55,Coimbatore,2025-10-25,495,True
CUST02459,5,7,5984.66,1196.932,2024-11-16,2026-06-07,Customer 2459,Male,37,Coimbatore,2025-12-05,568,True
CUST02460,4,6,3921.34,980.335,2025-10-05,2026-08-10,Customer 2460,Male,19,Vellore,2024-12-11,309,True
CUST02461,7,22,24485.989999999998,3497.9985714285713,2025-04-19,2026-09-19,Customer 2461,Male,47,Hyderabad,2024-11-29,518,True
CUST02462,7,11,11795.099999999999,1685.0142857142855,2024-12-13,2026-09-01,Customer 2462,Female,54,Vellore,2026-06-03,627,True
CUST02463,6,10,13446.69,2241.1150000000002,2025-04-20,2026-11-29,Customer 2463,Female,19,Pondicherry,2025-03-07,588,True
CUST02464,4,8,9912.69,2478.1725,2025-08-28,2026-10-09,Customer 2464,Other,19,Thanjavur,2025-04-25,407,True
CUST02465,5,16,14928.62,2985.724,2025-03-24,2026-01-05,Customer 2465,Other,42,Thanjavur,2025-01-21,287,True
CUST02466,7,14,16919.72,2417.1028571428574,2024-12-12,2026-09-28,Customer 2466,Male,49,Coimbatore,2025-08-09,655,True
CUST02467,5,6,6696.63,1339.326,2024-12-15,2026-05-17,Customer 2467,Other,31,Thanjavur,2025-12-08,518,True
CUST02468,4,5,4432.67,1108.1675,2025-05-28,2026-10-12,Customer 2468,Other,60,Thanjavur,2025-05-23,502,True
CUST02469,4,7,6126.52,1531.63,2025-07-27,2026-10-31,Customer 2469,Other,37,Thanjavur,2024-06-19,461,True
CUST02470,8,15,15792.29,1974.03625,2024-12-28,2026-10-23,Customer 2470,Male,49,Hyderabad,2025-03-22,664,True
CUST02471,4,9,4269.76,1067.44,2025-01-03,2026-04-17,Customer 2471,Male,52,Trichy,2026-05-17,469,True
CUST02472,4,9,7354.97,1838.7425,2025-07-05,2026-09-26,Customer 2472,Female,21,Salem,2024-10-21,448,True
CUST02473,9,18,18583.08,2064.786666666667,2024-12-24,2026-08-25,Customer 2473,Female,32,Bengaluru,2025-08-10,609,True
CUST02474,1,1,397.08,397.08,2026-07-05,2026-07-05,Customer 2474,Male,63,Bengaluru,2026-01-30,0,False
CUST02475,5,15,15975.09,3195.018,2025-02-20,2026-02-17,Customer 2475,Other,39,Salem,2024-04-07,362,True
CUST02476,2,4,3522.5299999999997,1761.2649999999999,2025-05-08,2026-09-18,Customer 2476,Other,51,Erode,2024-03-09,498,True
CUST02477,3,5,6878.33,2292.7766666666666,2025-06-01,2026-08-17,Customer 2477,Male,40,Coimbatore,2025-03-13,442,True
CUST02478,3,7,7466.97,2488.9900000000002,2025-07-24,2026-06-19,Customer 2478,Female,50,Salem,2025-10-29,330,True
CUST02479,7,17,19529.82,2789.9742857142855,2025-02-06,2026-10-12,Customer 2479,Other,52,Thanjavur,2025-03-19,613,True
CUST02480,1,1,410.9,410.9,2024-12-09,2024-12-09,Customer 2480,Female,43,Salem,2024-07-23,0,False
CUST02482,6,15,13802.44,2300.4066666666668,2025-01-27,2026-08-28,Customer 2482,Other,29,Chennai,2026-02-20,578,True
CUST02483,5,12,17326.66,3465.332,2025-01-19,2026-03-15,Customer 2483,Other,51,Madurai,2025-10-04,420,True
CUST02484,3,6,6053.43,2017.8100000000002,2025-02-19,2026-09-22,Customer 2484,Female,31,Hyderabad,2025-08-13,580,True
CUST02485,6,12,9981.41,1663.5683333333334,2025-01-10,2026-08-29,Customer 2485,Other,47,Salem,2026-04-23,596,True
CUST02486,4,7,4859.3,1214.825,2025-01-30,2026-03-13,Customer 2486,Other,57,Tirunelveli,2025-10-15,407,True
CUST02487,2,4,3179.5699999999997,1589.7849999999999,2025-01-10,2025-05-24,Customer 2487,Other,58,Chennai,2025-08-02,134,True
CUST02488,4,8,7730.280000000001,1932.5700000000002,2025-02-11,2026-09-21,Customer 2488,Male,41,Erode,2025-06-18,587,True
CUST02489,4,7,7425.05,1856.2625,2025-05-07,2026-08-09,Customer 2489,Male,27,Pondicherry,2024-05-31,459,True
CUST02490,3,7,6917.280000000001,2305.76,2025-10-22,2026-05-26,Customer 2490,Female,45,Tirunelveli,2025-12-02,216,True
CUST02491,2,4,6044.24,3022.12,2025-05-01,2025-05-17,Customer 2491,Male,58,Trichy,2024-11-22,16,True
CUST02492,3,8,5822.62,1940.8733333333332,2026-06-29,2026-07-26,Customer 2492,Female,35,Salem,2026-05-16,27,True
CUST02493,4,8,10749.11,2687.2775,2024-12-31,2026-10-20,Customer 2493,Male,34,Hyderabad,2025-10-23,658,True
CUST02494,7,16,19915.3,2845.042857142857,2024-12-25,2026-02-10,Customer 2494,Male,43,Trichy,2025-09-07,412,True
CUST02495,6,11,6434.78,1072.4633333333334,2025-02-01,2026-10-06,Customer 2495,Male,30,Chennai,2024-04-26,612,True
CUST02496,4,9,9288.8,2322.2,2024-11-07,2025-07-25,Customer 2496,Female,47,Erode,2024-09-08,260,True
CUST02497,5,10,9825.88,1965.176,2024-12-04,2026-03-05,Customer 2497,Female,45,Hyderabad,2025-07-27,456,True
CUST02498,4,6,9366.619999999999,2341.6549999999997,2025-03-11,2025-10-02,Customer 2498,Male,28,Salem,2024-02-07,205,True
CUST02499,1,4,4808.68,4808.68,2026-01-30,2026-01-30,Customer 2499,Male,34,Salem,2024-05-19,0,False
CUST02500,1,1,630.72,630.72,2025-05-01,2025-05-01,Customer 2500,Other,29,Hyderabad,2025-11-05,0,False
CUST02501,4,6,4431.54,1107.885,2025-07-16,2026-11-13,Customer 2501,Male,64,Erode,2026-05-22,485,True
CUST02502,2,3,2613.16,1306.58,2025-09-27,2026-10-16,Customer 2502,Male,21,Coimbatore,2026-03-12,384,True
CUST02503,4,6,4752.46,1188.115,2024-12-23,2026-08-18,Customer 2503,Other,37,Coimbatore,2024-11-17,603,True
CUST02504,5,9,8017.49,1603.498,2025-01-03,2026-08-14,Customer 2504,Female,60,Hyderabad,2025-02-20,588,True
CUST02505,2,2,1145.77,572.885,2025-04-13,2026-05-13,Customer 2505,Female,64,Madurai,2024-04-02,395,True
CUST02506,10,18,14397.140000000001,1439.7140000000002,2024-11-28,2026-04-24,Customer 2506,Male,54,Pondicherry,2024-08-29,512,True
CUST02507,8,18,20908.27,2613.53375,2024-12-13,2026-10-28,Customer 2507,Male,51,Hyderabad,2025-05-27,684,True
CUST02508,4,8,13596.52,3399.13,2026-01-24,2026-09-05,Customer 2508,Other,51,Salem,2026-04-28,224,True
CUST02509,1,2,4500.42,4500.42,2026-08-08,2026-08-08,Customer 2509,Male,33,Bengaluru,2025-05-23,0,False
CUST02510,5,7,6317.36,1263.472,2025-08-08,2026-07-18,Customer 2510,Female,39,Bengaluru,2024-05-05,344,True
CUST02511,5,9,10526.869999999999,2105.374,2025-12-30,2026-08-24,Customer 2511,Female,65,Pondicherry,2026-01-24,237,True
CUST02512,4,12,10300.22,2575.055,2025-01-11,2026-11-27,Customer 2512,Female,31,Madurai,2024-08-29,685,True
CUST02513,2,6,5787.46,2893.73,2025-08-15,2025-12-23,Customer 2513,Male,31,Salem,2024-04-19,130,True
CUST02514,5,8,6671.8,1334.3600000000001,2025-01-02,2026-05-09,Customer 2514,Female,34,Bengaluru,2025-03-26,492,True
CUST02515,2,7,6300.0599999999995,3150.0299999999997,2025-02-17,2026-02-13,Customer 2515,Female,52,Thanjavur,2024-02-27,361,True
CUST02516,4,11,6081.19,1520.2975,2025-05-06,2026-11-09,Customer 2516,Male,38,Vellore,2025-12-17,552,True
CUST02517,4,12,7307.09,1826.7725,2025-04-27,2026-10-30,Customer 2517,Female,61,Trichy,2025-03-09,551,True
CUST02518,3,6,8157.71,2719.2366666666667,2025-05-08,2026-07-31,Customer 2518,Male,41,Erode,2024-10-11,449,True
CUST02519,3,7,6723.6,2241.2000000000003,2025-03-17,2026-09-01,Customer 2519,Female,37,Chennai,2026-01-02,533,True
CUST02520,3,8,5666.87,1888.9566666666667,2024-12-07,2026-07-01,Customer 2520,Other,20,Pondicherry,2025-10-22,571,True
CUST02521,6,15,14767.71,2461.285,2025-02-25,2026-10-04,Customer 2521,Male,62,Hyderabad,2025-11-09,586,True
CUST02522,1,3,5136.75,5136.75,2025-08-22,2025-08-22,Customer 2522,Female,53,Tirunelveli,2024-09-02,0,False
CUST02523,4,8,7229.26,1807.315,2025-01-25,2026-05-15,Customer 2523,Other,62,Thanjavur,2024-11-12,475,True
CUST02524,2,5,4334.6900000000005,2167.3450000000003,2025-06-02,2026-03-10,Customer 2524,Other,25,Vellore,2026-04-11,281,True
CUST02525,7,14,16953.559999999998,2421.9371428571426,2025-01-07,2026-09-29,Customer 2525,Male,46,Tirunelveli,2026-06-06,630,True
CUST02526,5,11,10540.3,2108.06,2024-12-20,2026-04-07,Customer 2526,Female,34,Salem,2024-01-09,473,True
CUST02527,5,9,7717.8099999999995,1543.562,2024-12-29,2026-09-28,Customer 2527,Male,37,Trichy,2024-04-02,638,True
CUST02528,3,5,4771.85,1590.6166666666668,2025-02-26,2026-07-14,Customer 2528,Male,46,Hyderabad,2026-05-30,503,True
CUST02529,4,13,12115.5,3028.875,2024-11-21,2026-09-16,Customer 2529,Other,44,Chennai,2024-11-20,664,True
CUST02530,2,3,2900.2,1450.1,2026-03-22,2026-10-31,Customer 2530,Male,49,Erode,2024-10-07,223,True
CUST02531,2,9,12991.02,6495.51,2025-08-19,2025-09-03,Customer 2531,Female,39,Pondicherry,2026-01-24,15,True
CUST02532,2,9,11631.85,5815.925,2024-11-25,2026-03-01,Customer 2532,Male,28,Pondicherry,2025-03-08,461,True
CUST02533,4,10,7858.14,1964.535,2025-04-21,2026-05-02,Customer 2533,Other,22,Thanjavur,2024-09-24,376,True
CUST02534,7,12,14819.07,2117.0099999999998,2025-02-02,2026-05-22,Customer 2534,Other,64,Vellore,2025-03-06,474,True
CUST02535,4,10,5570.93,1392.7325,2025-08-22,2026-10-19,Customer 2535,Female,47,Pondicherry,2026-01-25,423,True
CUST02536,4,8,9834.279999999999,2458.5699999999997,2025-05-05,2026-05-18,Customer 2536,Male,59,Hyderabad,2024-01-29,378,True
CUST02537,1,4,5489.08,5489.08,2026-03-26,2026-03-26,Customer 2537,Other,46,Hyderabad,2024-07-07,0,False
CUST02538,5,10,8289.18,1657.836,2024-12-09,2026-07-18,Customer 2538,Male,43,Trichy,2024-05-19,586,True
CUST02539,2,6,7831.72,3915.86,2025-03-08,2026-04-18,Customer 2539,Female,38,Bengaluru,2025-10-05,406,True
CUST02540,5,11,11193.42,2238.684,2025-03-03,2026-10-03,Customer 2540,Male,28,Trichy,2024-03-25,579,True
CUST02541,6,10,9995.74,1665.9566666666667,2025-02-01,2026-06-18,Customer 2541,Other,59,Madurai,2025-06-12,502,True
CUST02542,3,4,4984.23,1661.4099999999999,2025-03-29,2026-03-18,Customer 2542,Other,61,Tirunelveli,2026-05-17,354,True
CUST02543,2,6,6069.8099999999995,3034.9049999999997,2025-08-14,2025-12-20,Customer 2543,Female,46,Erode,2026-03-22,128,True
CUST02544,4,10,7325.280000000001,1831.3200000000002,2024-11-30,2026-01-20,Customer 2544,Other,26,Salem,2026-06-13,416,True
CUST02545,5,5,4954.1900000000005,990.8380000000001,2025-01-30,2026-08-07,Customer 2545,Other,55,Thanjavur,2024-06-26,554,True
CUST02546,4,6,8846.019999999999,2211.5049999999997,2025-10-21,2026-11-22,Customer 2546,Female,30,Coimbatore,2026-03-29,397,True
CUST02547,5,9,8919.68,1783.9360000000001,2025-05-24,2026-05-24,Customer 2547,Female,29,Tirunelveli,2025-02-28,365,True
CUST02548,5,10,5887.58,1177.516,2024-12-30,2026-09-07,Customer 2548,Female,54,Trichy,2026-06-16,616,True
CUST02549,6,14,14137.11,2356.185,2024-12-31,2026-06-25,Customer 2549,Male,53,Hyderabad,2024-01-22,541,True
CUST02550,3,7,11669.789999999999,3889.93,2025-05-20,2026-04-07,Customer 2550,Other,32,Coimbatore,2025-09-18,322,True
CUST02551,3,7,6526.139999999999,2175.3799999999997,2026-06-04,2026-07-26,Customer 2551,Male,34,Pondicherry,2025-04-18,52,True
CUST02552,4,13,10121.77,2530.4425,2025-06-20,2026-06-03,Customer 2552,Male,21,Tirunelveli,2026-05-22,348,True
CUST02553,1,3,2546.52,2546.52,2026-08-17,2026-08-17,Customer 2553,Female,56,Salem,2025-09-24,0,False
CUST02554,5,11,14812.95,2962.59,2025-02-18,2026-07-12,Customer 2554,Male,41,Madurai,2024-06-01,509,True
CUST02555,5,13,17496.59,3499.318,2024-12-10,2025-12-19,Customer 2555,Male,18,Pondicherry,2025-08-03,374,True
CUST02556,4,11,10391.4,2597.85,2025-07-02,2026-05-24,Customer 2556,Female,47,Hyderabad,2025-06-22,326,True
CUST02557,5,17,14474.79,2894.958,2025-03-30,2025-09-20,Customer 2557,Male,32,Pondicherry,2025-05-21,174,True
CUST02558,4,9,13202.740000000002,3300.6850000000004,2025-12-13,2026-11-03,Customer 2558,Male,35,Salem,2024-07-27,325,True
CUST02559,3,9,10924.29,3641.4300000000003,2026-01-28,2026-09-13,Customer 2559,Female,42,Madurai,2026-02-03,228,True
CUST02560,10,20,21797.02,2179.702,2024-12-03,2026-07-12,Customer 2560,Male,56,Trichy,2025-03-17,586,True
CUST02561,3,4,4476.33,1492.11,2025-06-23,2026-08-14,Customer 2561,Female,64,Hyderabad,2026-04-23,417,True
CUST02562,3,8,6833.44,2277.813333333333,2025-05-24,2026-07-05,Customer 2562,Female,29,Tirunelveli,2024-07-12,407,True
CUST02563,4,4,4468.13,1117.0325,2025-08-16,2026-11-29,Customer 2563,Male,19,Salem,2026-03-22,470,True
CUST02564,6,13,15496.99,2582.8316666666665,2025-05-17,2026-06-19,Customer 2564,Male,57,Erode,2024-09-25,398,True
CUST02565,9,23,12726.380000000001,1414.0422222222223,2025-02-03,2026-08-25,Customer 2565,Female,55,Hyderabad,2024-09-11,568,True
CUST02567,4,9,9353.78,2338.445,2025-06-14,2026-10-13,Customer 2567,Male,38,Pondicherry,2025-04-25,486,True
CUST02568,3,3,3210.29,1070.0966666666666,2025-01-26,2026-04-25,Customer 2568,Other,31,Pondicherry,2025-02-11,454,True
CUST02569,1,4,7660.04,7660.04,2026-08-27,2026-08-27,Customer 2569,Other,45,Pondicherry,2025-01-27,0,False
CUST02570,5,6,6927.33,1385.466,2025-02-18,2026-07-27,Customer 2570,Female,22,Coimbatore,2025-09-03,524,True
CUST02571,2,7,5314.280000000001,2657.1400000000003,2025-05-17,2026-03-10,Customer 2571,Male,21,Thanjavur,2025-07-24,297,True
CUST02572,7,19,21080.34,3011.477142857143,2024-11-29,2026-07-30,Customer 2572,Female,40,Bengaluru,2024-08-28,608,True
CUST02573,3,6,6990.129999999999,2330.043333333333,2025-08-04,2026-11-12,Customer 2573,Other,63,Pondicherry,2025-11-17,465,True
CUST02574,1,2,1830.24,1830.24,2026-08-29,2026-08-29,Customer 2574,Male,18,Salem,2026-04-09,0,False
CUST02575,5,15,12621.11,2524.222,2025-02-16,2026-08-17,Customer 2575,Other,42,Salem,2025-05-31,547,True
CUST02576,3,5,4034.06,1344.6866666666667,2025-07-30,2026-10-01,Customer 2576,Other,41,Madurai,2025-02-08,428,True
CUST02577,1,1,1831.91,1831.91,2026-04-08,2026-04-08,Customer 2577,Male,55,Madurai,2025-07-26,0,False
CUST02578,7,12,9653.52,1379.0742857142857,2025-01-19,2026-03-30,Customer 2578,Male,50,Erode,2024-09-23,435,True
CUST02579,6,20,20180.350000000002,3363.391666666667,2025-01-29,2025-11-26,Customer 2579,Female,26,Coimbatore,2024-12-13,301,True
CUST02580,3,7,10860.64,3620.213333333333,2025-05-26,2025-11-27,Customer 2580,Other,51,Tirunelveli,2024-11-20,185,True
CUST02581,8,19,15002.689999999999,1875.3362499999998,2025-05-08,2026-07-24,Customer 2581,Female,25,Thanjavur,2024-05-25,442,True
CUST02582,2,3,3509.37,1754.685,2025-06-04,2026-08-11,Customer 2582,Male,49,Salem,2024-02-15,433,True
CUST02583,5,6,4912.6,982.5200000000001,2025-01-19,2026-09-11,Customer 2583,Female,45,Salem,2026-02-04,600,True
CUST02584,4,13,7906.900000000001,1976.7250000000001,2025-02-04,2025-10-17,Customer 2584,Female,57,Salem,2026-06-16,255,True
CUST02585,1,1,821.93,821.93,2026-10-31,2026-10-31,Customer 2585,Female,45,Madurai,2025-06-13,0,False
CUST02586,3,4,3358.59,1119.53,2025-07-23,2026-03-28,Customer 2586,Other,49,Madurai,2024-11-19,248,True
CUST02587,2,3,2029.33,1014.665,2025-02-10,2026-11-25,Customer 2587,Other,58,Erode,2025-07-23,653,True
CUST02588,9,16,15673.7,1741.5222222222224,2024-12-20,2026-09-18,Customer 2588,Male,27,Chennai,2024-02-24,637,True
CUST02589,2,5,7154.38,3577.19,2025-04-02,2026-05-10,Customer 2589,Male,20,Erode,2024-08-23,403,True
CUST02590,1,2,2574.52,2574.52,2026-08-13,2026-08-13,Customer 2590,Male,63,Erode,2024-09-23,0,False
CUST02591,4,9,7307.389999999999,1826.8474999999999,2025-01-08,2026-04-12,Customer 2591,Male,49,Chennai,2025-03-22,459,True
CUST02592,1,2,1696.32,1696.32,2025-11-18,2025-11-18,Customer 2592,Female,63,Vellore,2025-03-28,0,False
CUST02593,2,4,2694.38,1347.19,2025-10-14,2026-04-28,Customer 2593,Female,49,Coimbatore,2025-05-11,196,True
CUST02594,3,7,4680.58,1560.1933333333334,2025-01-15,2026-03-24,Customer 2594,Other,27,Coimbatore,2026-05-16,433,True
CUST02595,8,17,17312.09,2164.01125,2025-01-26,2026-06-19,Customer 2595,Male,31,Salem,2024-12-23,509,True
CUST02596,5,9,10315.279999999999,2063.0559999999996,2025-06-01,2026-04-03,Customer 2596,Male,65,Vellore,2024-07-03,306,True
CUST02597,6,11,10977.8,1829.6333333333332,2025-03-02,2026-09-27,Customer 2597,Female,54,Hyderabad,2026-04-22,574,True
CUST02598,6,11,12366.97,2061.1616666666664,2025-02-23,2026-03-02,Customer 2598,Male,55,Chennai,2025-08-22,372,True
CUST02599,4,8,5930.62,1482.655,2025-01-22,2026-12-03,Customer 2599,Other,29,Tirunelveli,2025-06-22,680,True
CUST02600,5,12,11415.3,2283.06,2025-04-01,2026-09-20,Customer 2600,Male,49,Hyderabad,2024-03-19,537,True
CUST02601,3,5,4453.27,1484.4233333333334,2025-06-29,2025-12-06,Customer 2601,Female,19,Salem,2024-04-06,160,True
CUST02602,4,8,8339.9,2084.975,2025-01-10,2026-10-30,Customer 2602,Other,25,Tirunelveli,2025-11-28,658,True
CUST02603,4,13,10618.36,2654.59,2024-12-29,2026-08-23,Customer 2603,Other,24,Thanjavur,2025-01-17,602,True
CUST02604,2,2,2357.92,1178.96,2025-06-07,2026-06-18,Customer 2604,Male,23,Erode,2024-06-06,376,True
CUST02605,1,1,1452.14,1452.14,2026-03-31,2026-03-31,Customer 2605,Other,60,Erode,2026-04-30,0,False
CUST02606,5,10,8090.54,1618.108,2025-07-13,2026-05-01,Customer 2606,Other,35,Bengaluru,2025-04-09,292,True
CUST02607,7,22,21850.79,3121.5414285714287,2024-12-09,2026-07-23,Customer 2607,Male,39,Chennai,2025-11-04,591,True
CUST02608,6,12,10335.380000000001,1722.5633333333335,2025-04-06,2026-01-22,Customer 2608,Other,46,Thanjavur,2025-11-02,291,True
CUST02609,4,10,12614.970000000001,3153.7425000000003,2025-07-19,2026-02-21,Customer 2609,Other,54,Madurai,2026-01-19,217,True
CUST02610,3,4,3324.54,1108.18,2025-07-24,2026-10-26,Customer 2610,Male,59,Salem,2024-08-04,459,True
CUST02611,2,9,8945.83,4472.915,2025-01-13,2025-06-07,Customer 2611,Male,65,Coimbatore,2024-11-26,145,True
CUST02612,1,3,3552.81,3552.81,2025-05-06,2025-05-06,Customer 2612,Other,42,Coimbatore,2025-07-14,0,False
CUST02613,4,9,10020.83,2505.2075,2025-02-05,2026-07-28,Customer 2613,Female,29,Trichy,2025-02-12,538,True
CUST02614,4,8,10035.06,2508.765,2025-04-12,2026-01-11,Customer 2614,Female,23,Chennai,2026-02-28,274,True
CUST02615,3,5,5371.54,1790.5133333333333,2024-11-28,2026-09-07,Customer 2615,Male,28,Tirunelveli,2026-05-22,648,True
CUST02616,3,5,5129.31,1709.7700000000002,2025-06-10,2026-08-09,Customer 2616,Female,36,Hyderabad,2026-03-09,425,True
CUST02617,4,6,6481.3099999999995,1620.3274999999999,2024-12-05,2026-06-21,Customer 2617,Other,27,Coimbatore,2026-02-09,563,True
CUST02618,2,5,4711.360000000001,2355.6800000000003,2025-08-27,2025-10-11,Customer 2618,Female,45,Pondicherry,2024-11-01,45,True
CUST02619,2,2,2663.94,1331.97,2025-09-04,2026-09-10,Customer 2619,Female,61,Bengaluru,2026-04-05,371,True
CUST02620,1,3,2775.51,2775.51,2026-05-04,2026-05-04,Customer 2620,Female,60,Coimbatore,2024-05-14,0,False
CUST02621,6,14,12740.96,2123.4933333333333,2025-01-28,2026-07-23,Customer 2621,Female,50,Trichy,2026-05-02,541,True
CUST02622,1,1,1275.64,1275.64,2026-07-26,2026-07-26,Customer 2622,Female,42,Erode,2025-05-16,0,False
CUST02623,6,12,14512.539999999999,2418.7566666666667,2025-01-29,2026-03-03,Customer 2623,Other,56,Tirunelveli,2024-10-01,398,True
CUST02624,5,8,7788.0,1557.6,2025-05-22,2026-10-14,Customer 2624,Female,41,Bengaluru,2024-04-02,510,True
CUST02625,6,11,15966.77,2661.1283333333336,2024-12-06,2026-08-27,Customer 2625,Female,58,Tirunelveli,2024-07-09,629,True
CUST02626,2,4,3456.16,1728.08,2025-02-05,2026-05-25,Customer 2626,Male,50,Thanjavur,2024-04-05,474,True
CUST02627,5,8,7984.83,1596.966,2025-05-25,2026-09-14,Customer 2627,Other,32,Hyderabad,2025-04-19,477,True
CUST02628,2,2,1671.04,835.52,2025-08-11,2026-04-02,Customer 2628,Other,27,Erode,2025-12-03,234,True
CUST02629,4,15,13731.69,3432.9225,2025-11-25,2026-06-09,Customer 2629,Other,59,Vellore,2025-06-23,196,True
CUST02630,7,13,12834.19,1833.4557142857143,2024-12-14,2026-05-17,Customer 2630,Female,47,Tirunelveli,2024-03-26,519,True
CUST02631,5,10,8248.68,1649.736,2025-06-10,2026-08-06,Customer 2631,Female,37,Madurai,2024-03-22,422,True
CUST02632,2,2,2539.1,1269.55,2025-06-17,2026-09-14,Customer 2632,Other,37,Trichy,2024-05-10,454,True
CUST02633,10,29,25605.809999999998,2560.5809999999997,2024-11-24,2026-07-03,Customer 2633,Female,36,Bengaluru,2025-06-19,586,True
CUST02634,6,14,12101.84,2016.9733333333334,2024-12-11,2026-11-29,Customer 2634,Other,22,Chennai,2024-02-18,718,True
CUST02635,5,7,5691.88,1138.376,2025-03-11,2026-10-17,Customer 2635,Male,50,Tirunelveli,2025-06-09,585,True
CUST02636,4,7,8139.889999999999,2034.9724999999999,2025-05-14,2026-10-06,Customer 2636,Male,47,Hyderabad,2025-02-26,510,True
CUST02637,5,7,6941.92,1388.384,2025-05-08,2026-04-15,Customer 2637,Other,34,Thanjavur,2026-01-07,342,True
CUST02638,2,3,4308.26,2154.13,2025-02-03,2025-06-10,Customer 2638,Other,23,Vellore,2024-09-17,127,True
CUST02639,2,2,1803.0700000000002,901.5350000000001,2025-02-17,2026-10-06,Customer 2639,Male,65,Hyderabad,2024-01-17,596,True
CUST02640,1,1,1176.58,1176.58,2025-05-04,2025-05-04,Customer 2640,Male,29,Tirunelveli,2025-04-18,0,False
CUST02641,3,7,6956.22,2318.7400000000002,2025-09-07,2026-01-23,Customer 2641,Male,44,Pondicherry,2024-02-16,138,True
CUST02642,2,4,2667.55,1333.775,2026-04-03,2026-05-02,Customer 2642,Female,55,Pondicherry,2024-10-31,29,True
CUST02643,3,4,2893.6,964.5333333333333,2024-12-11,2025-08-18,Customer 2643,Other,46,Bengaluru,2025-04-10,250,True
CUST02644,5,8,8610.65,1722.1299999999999,2025-09-30,2026-08-16,Customer 2644,Female,39,Madurai,2026-04-07,320,True
CUST02645,2,2,3717.41,1858.705,2025-05-27,2026-01-04,Customer 2645,Male,23,Pondicherry,2024-08-04,222,True
CUST02646,2,8,11281.560000000001,5640.780000000001,2025-04-06,2026-07-20,Customer 2646,Female,61,Coimbatore,2025-09-10,470,True
CUST02647,5,12,8541.869999999999,1708.3739999999998,2024-12-14,2026-09-20,Customer 2647,Other,19,Chennai,2025-03-20,645,True
CUST02648,1,2,2166.34,2166.34,2026-01-01,2026-01-01,Customer 2648,Male,18,Madurai,2025-02-08,0,False
CUST02649,3,8,12214.150000000001,4071.3833333333337,2025-02-17,2026-10-14,Customer 2649,Female,47,Pondicherry,2025-11-02,604,True
CUST02650,4,9,9291.82,2322.955,2024-11-26,2026-04-10,Customer 2650,Other,65,Bengaluru,2025-02-18,500,True
CUST02651,5,14,17262.129999999997,3452.4259999999995,2025-02-12,2026-09-08,Customer 2651,Female,37,Bengaluru,2026-01-13,573,True
CUST02652,4,16,15895.87,3973.9675,2025-03-09,2026-08-17,Customer 2652,Other,41,Pondicherry,2026-04-12,526,True
CUST02653,3,4,5540.639999999999,1846.8799999999999,2025-11-06,2026-10-04,Customer 2653,Other,61,Tirunelveli,2025-11-20,332,True
CUST02654,4,10,9573.14,2393.285,2025-03-26,2026-08-14,Customer 2654,Female,23,Madurai,2026-04-03,506,True
CUST02655,4,7,10562.57,2640.6425,2025-07-25,2026-09-19,Customer 2655,Male,30,Coimbatore,2024-05-18,421,True
CUST02656,4,7,5746.9400000000005,1436.7350000000001,2026-03-13,2026-10-28,Customer 2656,Male,62,Trichy,2026-04-15,229,True
CUST02657,1,1,903.09,903.09,2025-09-28,2025-09-28,Customer 2657,Male,31,Erode,2026-05-29,0,False
CUST02658,4,8,9355.38,2338.845,2025-05-26,2026-06-05,Customer 2658,Male,59,Trichy,2025-10-26,375,True
CUST02659,3,5,6618.05,2206.016666666667,2025-04-29,2026-12-02,Customer 2659,Other,52,Trichy,2025-03-22,582,True
CUST02660,2,3,4626.76,2313.38,2025-08-18,2026-06-06,Customer 2660,Female,47,Madurai,2024-03-29,292,True
CUST02661,1,2,2318.84,2318.84,2025-06-14,2025-06-14,Customer 2661,Female,19,Coimbatore,2025-04-30,0,False
CUST02662,3,8,9308.06,3102.6866666666665,2025-05-09,2026-03-07,Customer 2662,Male,65,Pondicherry,2024-06-19,302,True
CUST02663,3,6,4395.860000000001,1465.2866666666669,2025-06-17,2026-07-28,Customer 2663,Female,48,Chennai,2025-03-31,406,True
CUST02664,5,5,3484.04,696.808,2025-04-09,2026-05-01,Customer 2664,Female,55,Trichy,2026-05-30,387,True
CUST02665,3,5,2102.63,700.8766666666667,2025-04-18,2026-08-27,Customer 2665,Female,54,Tirunelveli,2024-07-25,496,True
CUST02666,5,10,14459.74,2891.948,2025-01-11,2026-02-01,Customer 2666,Female,18,Coimbatore,2024-02-22,386,True
CUST02667,5,6,6016.469999999999,1203.2939999999999,2025-01-25,2026-12-24,Customer 2667,Other,45,Tirunelveli,2025-10-07,698,True
CUST02668,5,8,5022.51,1004.5020000000001,2025-07-09,2026-07-27,Customer 2668,Female,65,Bengaluru,2026-05-18,383,True
CUST02669,2,6,7725.27,3862.635,2026-02-21,2026-06-28,Customer 2669,Other,53,Salem,2025-09-02,127,True
CUST02670,8,15,15992.7,1999.0875,2024-12-23,2026-08-17,Customer 2670,Female,43,Erode,2024-02-07,602,True
CUST02671,4,13,16987.64,4246.91,2025-05-21,2026-09-16,Customer 2671,Other,64,Bengaluru,2025-06-09,483,True
CUST02672,5,10,11143.49,2228.698,2025-01-13,2026-06-23,Customer 2672,Female,32,Pondicherry,2025-11-25,526,True
CUST02673,3,8,8241.210000000001,2747.07,2025-02-20,2026-01-29,Customer 2673,Other,19,Tirunelveli,2024-03-03,343,True
CUST02674,5,9,10941.91,2188.382,2025-08-30,2026-05-25,Customer 2674,Female,53,Coimbatore,2025-08-13,268,True
CUST02675,5,14,10402.17,2080.434,2025-03-19,2026-07-20,Customer 2675,Other,44,Erode,2024-10-01,488,True
CUST02676,5,15,11623.27,2324.654,2024-12-31,2026-10-30,Customer 2676,Female,57,Hyderabad,2024-04-29,668,True
CUST02677,5,17,23666.21,4733.242,2025-05-01,2026-04-24,Customer 2677,Female,62,Tirunelveli,2024-12-21,358,True
CUST02678,7,13,11056.81,1579.5442857142857,2025-01-14,2026-12-13,Customer 2678,Male,36,Pondicherry,2024-01-22,698,True
CUST02679,2,4,1880.79,940.395,2025-03-09,2026-02-14,Customer 2679,Female,40,Erode,2024-07-15,342,True
CUST02680,5,13,11443.5,2288.7,2025-04-19,2026-08-12,Customer 2680,Other,32,Bengaluru,2024-08-25,480,True
CUST02681,5,10,13236.94,2647.388,2025-05-12,2026-01-29,Customer 2681,Female,56,Pondicherry,2025-12-02,262,True
CUST02682,6,16,14745.48,2457.58,2024-11-30,2026-03-08,Customer 2682,Female,26,Salem,2025-11-03,463,True
CUST02683,7,15,14777.74,2111.1057142857144,2025-03-12,2026-08-16,Customer 2683,Other,42,Tirunelveli,2026-01-10,522,True
CUST02685,7,15,14570.47,2081.4957142857143,2025-03-15,2026-11-05,Customer 2685,Female,28,Bengaluru,2025-01-03,600,True
CUST02686,4,10,7829.93,1957.4825,2025-07-04,2026-02-26,Customer 2686,Female,62,Pondicherry,2024-07-31,237,True
CUST02687,1,1,1010.27,1010.27,2025-09-06,2025-09-06,Customer 2687,Other,48,Madurai,2024-03-29,0,False
CUST02688,4,5,4571.12,1142.78,2025-03-24,2025-08-16,Customer 2688,Male,28,Bengaluru,2024-06-26,145,True
CUST02689,5,12,13555.7,2711.1400000000003,2024-12-13,2026-01-10,Customer 2689,Male,44,Erode,2025-05-18,393,True
CUST02690,4,8,7152.460000000001,1788.1150000000002,2025-03-10,2026-11-05,Customer 2690,Male,31,Vellore,2024-11-06,605,True
CUST02691,4,7,5490.62,1372.655,2025-05-07,2026-12-07,Customer 2691,Male,40,Salem,2024-02-18,579,True
CUST02692,5,12,11813.4,2362.68,2025-08-07,2026-04-21,Customer 2692,Other,28,Madurai,2024-12-31,257,True
CUST02693,2,8,8158.52,4079.26,2025-06-26,2026-10-30,Customer 2693,Other,20,Coimbatore,2026-04-27,491,True
CUST02694,8,20,19401.98,2425.2475,2025-05-24,2026-08-29,Customer 2694,Female,25,Bengaluru,2024-12-11,462,True
CUST02695,1,4,2463.28,2463.28,2026-03-25,2026-03-25,Customer 2695,Male,53,Trichy,2024-08-20,0,False
CUST02696,3,7,5708.94,1902.9799999999998,2025-05-30,2026-07-04,Customer 2696,Female,39,Thanjavur,2025-05-13,400,True
CUST02697,3,4,5556.73,1852.243333333333,2025-09-09,2026-09-04,Customer 2697,Male,53,Salem,2026-02-26,360,True
CUST02698,4,11,9951.57,2487.8925,2025-02-21,2026-08-13,Customer 2698,Other,50,Bengaluru,2024-06-03,538,True
CUST02699,4,10,7711.68,1927.92,2025-05-03,2026-08-20,Customer 2699,Male,63,Chennai,2025-11-16,474,True
CUST02700,7,13,11144.44,1592.0628571428572,2025-04-12,2026-08-01,Customer 2700,Female,25,Coimbatore,2025-03-24,476,True
CUST02701,2,6,6584.780000000001,3292.3900000000003,2025-04-08,2026-01-10,Customer 2701,Other,57,Coimbatore,2026-03-11,277,True
CUST02702,6,8,8260.03,1376.6716666666669,2025-01-11,2026-10-08,Customer 2702,Other,20,Vellore,2026-04-23,635,True
CUST02703,2,3,2472.3900000000003,1236.1950000000002,2026-04-01,2026-08-21,Customer 2703,Male,58,Coimbatore,2024-04-17,142,True
CUST02704,3,5,6377.049999999999,2125.683333333333,2025-06-26,2026-02-24,Customer 2704,Male,41,Madurai,2026-06-10,243,True
CUST02705,4,13,12573.68,3143.42,2024-12-06,2025-11-11,Customer 2705,Female,63,Erode,2026-01-15,340,True
CUST02706,5,11,12074.220000000001,2414.844,2025-04-21,2025-10-09,Customer 2706,Other,49,Pondicherry,2026-02-19,171,True
CUST02707,3,4,6458.06,2152.686666666667,2025-01-06,2025-07-10,Customer 2707,Male,27,Hyderabad,2026-06-10,185,True
CUST02708,4,7,5365.39,1341.3475,2025-12-26,2026-08-04,Customer 2708,Female,26,Coimbatore,2025-01-07,221,True
CUST02709,9,12,11976.79,1330.7544444444445,2024-12-09,2026-09-24,Customer 2709,Male,46,Tirunelveli,2026-05-18,654,True
CUST02710,5,11,14957.7,2991.54,2025-03-10,2026-01-30,Customer 2710,Male,33,Erode,2026-02-26,326,True
CUST02711,5,9,10985.050000000001,2197.01,2025-11-15,2026-03-06,Customer 2711,Female,50,Madurai,2024-12-15,111,True
CUST02712,4,9,9042.8,2260.7,2024-12-15,2026-09-07,Customer 2712,Female,41,Pondicherry,2024-03-28,631,True
CUST02713,4,8,7979.56,1994.89,2025-01-03,2026-11-16,Customer 2713,Female,41,Hyderabad,2026-02-11,682,True
CUST02714,3,4,3834.0699999999997,1278.0233333333333,2025-04-02,2025-09-14,Customer 2714,Male,27,Vellore,2025-11-11,165,True
CUST02715,7,11,11451.88,1635.982857142857,2025-05-27,2026-07-25,Customer 2715,Male,26,Tirunelveli,2025-03-07,424,True
CUST02716,1,1,829.06,829.06,2026-03-25,2026-03-25,Customer 2716,Female,47,Vellore,2025-02-27,0,False
CUST02717,3,6,3219.86,1073.2866666666666,2025-01-09,2025-12-29,Customer 2717,Other,41,Chennai,2026-03-24,354,True
CUST02718,2,3,2740.9,1370.45,2025-05-09,2026-09-29,Customer 2718,Male,18,Pondicherry,2025-03-29,508,True
CUST02719,2,2,3319.77,1659.885,2025-06-22,2026-06-07,Customer 2719,Other,22,Coimbatore,2026-04-05,350,True
CUST02720,3,8,5398.38,1799.46,2025-02-07,2026-11-16,Customer 2720,Female,43,Madurai,2024-12-12,647,True
CUST02721,3,9,8297.94,2765.98,2025-05-13,2026-09-15,Customer 2721,Male,43,Chennai,2025-03-20,490,True
CUST02722,3,7,8095.1,2698.366666666667,2025-06-27,2026-10-25,Customer 2722,Other,27,Bengaluru,2025-11-07,485,True
CUST02723,5,13,14670.77,2934.154,2025-03-31,2025-07-13,Customer 2723,Other,63,Hyderabad,2024-02-29,104,True
CUST02724,1,1,810.99,810.99,2025-07-22,2025-07-22,Customer 2724,Other,36,Tirunelveli,2026-06-15,0,False
CUST02725,5,11,9442.26,1888.452,2024-12-27,2025-10-20,Customer 2725,Other,62,Vellore,2025-02-15,297,True
CUST02726,1,4,1618.2,1618.2,2025-10-30,2025-10-30,Customer 2726,Female,64,Pondicherry,2026-06-13,0,False
CUST02727,2,5,4642.16,2321.08,2025-01-16,2026-05-26,Customer 2727,Female,18,Salem,2024-11-17,495,True
CUST02728,2,3,2607.0,1303.5,2025-05-08,2026-03-16,Customer 2728,Other,27,Pondicherry,2025-06-24,312,True
CUST02729,3,3,1865.71,621.9033333333333,2025-01-06,2026-04-16,Customer 2729,Female,59,Trichy,2025-02-17,465,True
CUST02730,7,15,15864.65,2266.3785714285714,2025-05-17,2026-11-16,Customer 2730,Other,57,Hyderabad,2025-07-11,548,True
CUST02731,3,5,4665.88,1555.2933333333333,2025-01-03,2025-07-28,Customer 2731,Other,40,Hyderabad,2025-03-28,206,True
CUST02732,2,2,2084.6400000000003,1042.3200000000002,2026-06-19,2026-11-25,Customer 2732,Male,37,Coimbatore,2025-02-18,159,True
CUST02733,2,5,3949.1,1974.55,2026-06-27,2026-11-01,Customer 2733,Other,39,Tirunelveli,2024-02-07,127,True
CUST02734,6,14,9820.28,1636.7133333333334,2025-07-09,2026-06-17,Customer 2734,Other,65,Madurai,2026-01-12,343,True
CUST02735,3,6,7913.88,2637.96,2025-12-11,2026-08-12,Customer 2735,Other,36,Trichy,2025-06-16,244,True
CUST02736,5,9,9667.56,1933.512,2025-03-01,2026-06-03,Customer 2736,Other,53,Salem,2024-04-05,459,True
CUST02737,7,11,13526.23,1932.3185714285714,2025-02-09,2026-09-01,Customer 2737,Female,58,Madurai,2025-06-17,569,True
CUST02738,2,5,2534.56,1267.28,2025-03-20,2026-05-04,Customer 2738,Male,52,Bengaluru,2024-01-24,410,True
CUST02739,4,4,3199.9800000000005,799.9950000000001,2024-12-01,2026-01-01,Customer 2739,Male,37,Pondicherry,2024-09-21,396,True
CUST02740,6,10,11130.800000000001,1855.1333333333334,2025-01-05,2026-08-30,Customer 2740,Other,25,Pondicherry,2025-03-08,602,True
CUST02741,5,13,13457.29,2691.458,2025-03-03,2026-05-02,Customer 2741,Female,34,Hyderabad,2024-03-02,425,True
CUST02742,6,11,12127.619999999999,2021.2699999999998,2024-12-27,2026-07-03,Customer 2742,Female,25,Chennai,2025-06-03,553,True
CUST02743,4,9,6285.67,1571.4175,2025-05-24,2026-10-18,Customer 2743,Other,25,Erode,2026-02-13,512,True
CUST02744,3,5,6050.01,2016.67,2025-04-19,2025-07-06,Customer 2744,Other,65,Chennai,2024-11-01,78,True
CUST02745,6,10,6217.78,1036.2966666666666,2025-01-14,2025-12-17,Customer 2745,Female,33,Pondicherry,2025-04-09,337,True
CUST02746,3,10,4452.3,1484.1000000000001,2025-01-03,2026-11-26,Customer 2746,Other,63,Hyderabad,2025-08-18,692,True
CUST02747,4,9,9026.25,2256.5625,2025-05-15,2026-09-07,Customer 2747,Other,56,Trichy,2025-11-12,480,True
CUST02748,2,5,3538.17,1769.085,2026-01-28,2026-06-30,Customer 2748,Female,36,Hyderabad,2024-12-24,153,True
CUST02749,5,12,17611.62,3522.3239999999996,2024-12-22,2026-03-20,Customer 2749,Other,54,Hyderabad,2026-03-14,453,True
CUST02750,3,9,10185.06,3395.02,2024-12-21,2025-05-07,Customer 2750,Other,42,Vellore,2024-05-23,137,True
CUST02751,1,1,409.99,409.99,2026-11-11,2026-11-11,Customer 2751,Male,24,Thanjavur,2026-01-25,0,False
CUST02752,4,7,6397.9,1599.475,2025-11-25,2026-10-19,Customer 2752,Other,30,Thanjavur,2025-06-12,328,True
CUST02753,3,4,3348.9,1116.3,2025-04-09,2026-12-03,Customer 2753,Male,27,Pondicherry,2025-04-10,603,True
CUST02754,2,2,1356.48,678.24,2025-04-09,2025-08-14,Customer 2754,Female,23,Coimbatore,2025-03-11,127,True
CUST02755,3,7,7939.610000000001,2646.536666666667,2025-02-15,2026-01-29,Customer 2755,Female,26,Erode,2024-03-04,348,True
CUST02756,9,17,18842.09,2093.5655555555554,2025-01-08,2026-10-24,Customer 2756,Female,22,Thanjavur,2024-08-07,654,True
CUST02757,3,6,3387.87,1129.29,2025-12-22,2026-08-01,Customer 2757,Other,43,Bengaluru,2025-11-24,222,True
CUST02758,6,13,9056.07,1509.345,2025-04-18,2026-07-17,Customer 2758,Other,43,Salem,2025-07-26,455,True
CUST02759,4,13,12972.539999999999,3243.1349999999998,2025-05-20,2026-03-10,Customer 2759,Female,58,Tirunelveli,2025-08-21,294,True
CUST02760,3,7,6615.669999999999,2205.223333333333,2024-12-23,2025-03-23,Customer 2760,Other,49,Pondicherry,2025-03-26,90,True
CUST02761,6,15,14689.09,2448.181666666667,2025-02-05,2025-12-08,Customer 2761,Male,27,Vellore,2025-03-02,306,True
CUST02762,3,9,12283.93,4094.6433333333334,2026-01-19,2026-11-02,Customer 2762,Female,63,Erode,2024-05-10,287,True
CUST02763,6,9,11694.21,1949.0349999999999,2025-10-28,2026-11-03,Customer 2763,Other,50,Vellore,2024-05-12,371,True
CUST02764,2,6,6687.57,3343.785,2026-02-03,2026-09-11,Customer 2764,Other,31,Erode,2024-04-30,220,True
CUST02765,6,12,13185.21,2197.535,2024-12-09,2026-10-07,Customer 2765,Male,65,Madurai,2025-04-29,667,True
CUST02766,4,9,9929.4,2482.35,2025-05-06,2026-08-07,Customer 2766,Female,25,Bengaluru,2025-07-26,458,True
CUST02767,6,11,8330.439999999999,1388.4066666666665,2025-11-10,2026-10-20,Customer 2767,Female,25,Coimbatore,2026-05-22,344,True
CUST02768,5,6,7668.04,1533.608,2025-08-15,2026-09-18,Customer 2768,Other,36,Chennai,2025-01-13,399,True
CUST02769,4,10,7811.22,1952.805,2025-06-20,2026-03-14,Customer 2769,Male,25,Thanjavur,2025-06-19,267,True
CUST02770,3,3,2746.95,915.65,2024-12-15,2026-03-16,Customer 2770,Female,37,Salem,2024-11-08,456,True
CUST02771,4,8,9313.369999999999,2328.3424999999997,2025-05-13,2026-01-24,Customer 2771,Male,27,Madurai,2025-05-12,256,True
CUST02772,5,15,18542.489999999998,3708.4979999999996,2024-12-10,2026-11-17,Customer 2772,Other,44,Chennai,2026-03-13,707,True
CUST02773,2,5,8370.75,4185.375,2026-03-24,2026-09-19,Customer 2773,Female,31,Madurai,2024-11-08,179,True
CUST02774,3,4,4965.7,1655.2333333333333,2025-04-25,2026-10-10,Customer 2774,Other,49,Chennai,2026-04-18,533,True
CUST02775,3,13,12387.03,4129.01,2024-12-01,2026-09-09,Customer 2775,Other,40,Coimbatore,2024-05-05,647,True
CUST02776,4,12,14126.900000000001,3531.7250000000004,2024-12-03,2026-07-22,Customer 2776,Male,44,Erode,2026-06-10,596,True
CUST02777,1,5,5909.0,5909.0,2025-01-07,2025-01-07,Customer 2777,Female,54,Erode,2025-08-09,0,False
CUST02778,7,7,7000.37,1000.0528571428571,2025-04-18,2026-05-16,Customer 2778,Female,48,Pondicherry,2024-12-11,393,True
CUST02779,4,9,13847.42,3461.855,2025-07-13,2026-02-04,Customer 2779,Other,26,Madurai,2026-05-03,206,True
CUST02780,5,7,6348.11,1269.6219999999998,2025-03-28,2025-12-07,Customer 2780,Other,47,Erode,2025-05-31,254,True
CUST02781,5,10,7857.12,1571.424,2025-06-04,2026-07-23,Customer 2781,Female,27,Pondicherry,2025-11-14,414,True
CUST02782,1,1,1410.55,1410.55,2026-09-09,2026-09-09,Customer 2782,Male,57,Hyderabad,2024-11-29,0,False
CUST02783,7,16,14488.769999999999,2069.8242857142855,2025-04-19,2026-09-09,Customer 2783,Female,42,Trichy,2025-09-30,508,True
CUST02784,4,9,7225.8,1806.45,2025-06-07,2026-04-17,Customer 2784,Female,52,Chennai,2025-02-08,314,True
CUST02785,5,12,11175.14,2235.028,2025-05-15,2026-05-14,Customer 2785,Female,65,Salem,2025-11-17,364,True
CUST02786,5,11,11647.85,2329.57,2025-05-30,2026-10-01,Customer 2786,Male,28,Pondicherry,2025-10-23,489,True
CUST02787,4,12,9502.05,2375.5125,2025-06-26,2026-10-26,Customer 2787,Other,58,Pondicherry,2024-01-26,487,True
CUST02788,9,22,15609.18,1734.3533333333335,2025-01-23,2026-11-11,Customer 2788,Other,59,Coimbatore,2024-11-12,657,True
CUST02789,5,10,10128.64,2025.7279999999998,2024-12-07,2026-01-13,Customer 2789,Other,23,Trichy,2025-10-21,402,True
CUST02790,4,9,9257.06,2314.265,2025-01-09,2026-10-25,Customer 2790,Other,54,Chennai,2025-09-25,654,True
CUST02791,9,20,16987.17,1887.4633333333331,2025-01-25,2026-10-15,Customer 2791,Other,30,Erode,2025-08-06,628,True
CUST02792,1,4,5148.96,5148.96,2025-10-27,2025-10-27,Customer 2792,Male,25,Hyderabad,2025-05-29,0,False
CUST02793,5,9,12370.13,2474.026,2025-11-23,2026-10-15,Customer 2793,Male,19,Salem,2025-06-28,326,True
CUST02794,1,4,6485.2,6485.2,2026-01-19,2026-01-19,Customer 2794,Male,33,Pondicherry,2026-03-16,0,False
CUST02795,2,3,2587.81,1293.905,2024-12-01,2026-06-03,Customer 2795,Other,46,Coimbatore,2026-05-09,549,True
CUST02796,6,19,15583.74,2597.29,2024-11-23,2026-12-15,Customer 2796,Other,56,Thanjavur,2026-04-06,752,True
CUST02797,5,12,17477.2,3495.44,2025-02-01,2026-05-07,Customer 2797,Other,20,Erode,2025-02-15,460,True
CUST02798,1,1,826.11,826.11,2026-05-16,2026-05-16,Customer 2798,Male,39,Tirunelveli,2026-06-01,0,False
CUST02799,3,9,15443.73,5147.91,2024-12-23,2026-07-04,Customer 2799,Female,19,Vellore,2024-07-03,558,True
CUST02800,1,1,1476.35,1476.35,2026-08-01,2026-08-01,Customer 2800,Female,34,Coimbatore,2024-11-20,0,False
CUST02801,10,19,20771.38,2077.138,2024-12-30,2026-12-01,Customer 2801,Male,52,Madurai,2024-04-27,701,True
CUST02802,3,8,10999.119999999999,3666.373333333333,2025-04-17,2025-08-04,Customer 2802,Male,29,Salem,2024-10-19,109,True
CUST02803,4,13,13699.09,3424.7725,2025-05-05,2026-02-16,Customer 2803,Male,27,Salem,2026-02-25,287,True
CUST02804,5,9,5660.33,1132.066,2024-12-22,2026-10-17,Customer 2804,Other,28,Chennai,2025-02-21,664,True
CUST02805,3,7,6575.19,2191.73,2025-04-02,2025-11-27,Customer 2805,Female,29,Chennai,2025-09-21,239,True
CUST02806,7,16,12220.57,1745.7957142857142,2025-01-24,2026-09-04,Customer 2806,Male,37,Tirunelveli,2025-12-31,588,True
CUST02807,5,12,10321.279999999999,2064.256,2024-12-25,2026-11-23,Customer 2807,Female,27,Tirunelveli,2024-04-11,698,True
CUST02808,3,5,5945.84,1981.9466666666667,2025-05-05,2026-03-28,Customer 2808,Female,42,Coimbatore,2024-11-27,327,True
CUST02809,3,9,6908.210000000001,2302.736666666667,2025-09-25,2026-08-30,Customer 2809,Male,33,Bengaluru,2024-02-23,339,True
CUST02810,5,10,7816.129999999999,1563.2259999999999,2024-12-16,2026-09-28,Customer 2810,Male,49,Vellore,2025-08-23,651,True
CUST02811,4,9,6966.22,1741.555,2025-08-11,2026-11-10,Customer 2811,Other,42,Coimbatore,2026-02-09,456,True
CUST02812,2,2,3673.02,1836.51,2025-06-07,2026-06-22,Customer 2812,Male,38,Erode,2024-10-02,380,True
CUST02813,2,5,3534.61,1767.305,2025-02-23,2025-10-04,Customer 2813,Female,22,Erode,2025-07-20,223,True
CUST02814,3,5,6869.389999999999,2289.7966666666666,2025-02-09,2025-03-19,Customer 2814,Female,58,Trichy,2024-01-30,38,True
CUST02815,3,6,8895.63,2965.2099999999996,2025-08-05,2026-02-18,Customer 2815,Female,53,Bengaluru,2024-01-20,197,True
CUST02816,3,7,5966.8,1988.9333333333334,2025-02-18,2026-03-15,Customer 2816,Male,33,Vellore,2025-11-22,390,True
CUST02817,6,11,9662.59,1610.4316666666666,2025-02-13,2026-07-06,Customer 2817,Male,37,Bengaluru,2025-10-29,508,True
CUST02818,5,9,11168.45,2233.69,2024-12-09,2026-09-28,Customer 2818,Female,23,Hyderabad,2025-02-20,658,True
CUST02819,3,6,4113.22,1371.0733333333335,2024-12-05,2026-10-17,Customer 2819,Male,27,Thanjavur,2025-05-27,681,True
CUST02820,5,10,8525.7,1705.14,2025-02-28,2026-12-18,Customer 2820,Male,33,Vellore,2025-07-07,658,True
CUST02821,5,8,8013.5599999999995,1602.712,2025-04-24,2026-04-06,Customer 2821,Other,46,Chennai,2025-03-09,347,True
CUST02822,6,7,7168.389999999999,1194.7316666666666,2025-01-27,2026-01-09,Customer 2822,Female,57,Salem,2024-01-02,347,True
CUST02823,8,12,11280.82,1410.1025,2025-01-18,2026-11-20,Customer 2823,Male,18,Chennai,2025-10-30,671,True
CUST02824,2,2,1556.81,778.405,2025-03-24,2026-11-02,Customer 2824,Female,56,Salem,2025-05-08,588,True
CUST02825,7,14,17781.66,2540.2371428571428,2025-05-28,2026-09-23,Customer 2825,Other,42,Thanjavur,2026-05-09,483,True
CUST02826,6,14,16371.49,2728.5816666666665,2025-07-30,2026-05-05,Customer 2826,Other,31,Bengaluru,2026-05-12,279,True
CUST02827,1,3,4529.73,4529.73,2025-09-04,2025-09-04,Customer 2827,Other,36,Chennai,2026-05-10,0,False
CUST02828,2,6,10253.68,5126.84,2025-06-13,2026-05-15,Customer 2828,Other,52,Bengaluru,2024-06-14,336,True
CUST02829,4,6,5405.66,1351.415,2025-11-30,2026-03-16,Customer 2829,Female,23,Tirunelveli,2024-03-12,106,True
CUST02830,4,10,11659.710000000001,2914.9275000000002,2025-01-19,2026-10-07,Customer 2830,Male,26,Pondicherry,2025-12-16,626,True
CUST02831,5,13,12409.46,2481.892,2025-02-24,2026-08-25,Customer 2831,Female,45,Trichy,2025-07-23,547,True
CUST02832,6,15,13730.59,2288.431666666667,2025-09-15,2026-12-04,Customer 2832,Other,38,Hyderabad,2025-09-17,445,True
CUST02833,1,3,3201.93,3201.93,2025-12-24,2025-12-24,Customer 2833,Other,34,Pondicherry,2024-12-16,0,False
CUST02834,2,3,1693.33,846.665,2025-01-22,2026-10-15,Customer 2834,Female,33,Hyderabad,2025-04-08,631,True
CUST02835,6,17,18456.65,3076.1083333333336,2025-06-13,2026-11-17,Customer 2835,Female,31,Erode,2024-11-25,522,True
CUST02836,4,8,10188.35,2547.0875,2025-09-27,2026-12-25,Customer 2836,Female,19,Pondicherry,2025-09-05,454,True
CUST02837,4,9,8679.03,2169.7575,2024-12-12,2026-11-08,Customer 2837,Other,18,Bengaluru,2024-05-16,696,True
CUST02838,2,3,2190.5299999999997,1095.2649999999999,2025-01-18,2025-04-06,Customer 2838,Male,18,Hyderabad,2025-05-02,78,True
CUST02839,5,15,12406.91,2481.382,2025-05-09,2026-10-05,Customer 2839,Female,53,Pondicherry,2024-06-26,514,True
CUST02840,1,1,1241.83,1241.83,2025-08-05,2025-08-05,Customer 2840,Female,43,Vellore,2025-12-21,0,False
CUST02841,5,9,6862.55,1372.51,2024-12-16,2026-09-15,Customer 2841,Other,59,Coimbatore,2024-03-24,638,True
CUST02842,5,8,10510.470000000001,2102.094,2025-05-10,2026-08-11,Customer 2842,Male,60,Erode,2025-07-05,458,True
CUST02843,5,14,8925.89,1785.1779999999999,2025-10-26,2026-10-14,Customer 2843,Male,40,Tirunelveli,2025-11-19,353,True
CUST02844,3,6,6825.28,2275.0933333333332,2025-05-22,2026-02-26,Customer 2844,Other,40,Tirunelveli,2026-04-27,280,True
CUST02845,7,13,11222.44,1603.2057142857143,2024-11-13,2026-08-02,Customer 2845,Other,18,Coimbatore,2024-06-30,627,True
CUST02846,7,17,20544.170000000002,2934.881428571429,2025-05-26,2026-08-09,Customer 2846,Female,30,Erode,2025-04-18,440,True
CUST02847,4,6,5201.35,1300.3375,2025-06-04,2026-08-23,Customer 2847,Male,65,Chennai,2024-01-10,445,True
CUST02848,4,7,7279.77,1819.9425,2025-04-05,2026-02-16,Customer 2848,Female,61,Pondicherry,2026-02-15,317,True
CUST02849,6,8,6649.2,1108.2,2025-05-18,2026-05-08,Customer 2849,Male,23,Bengaluru,2025-01-01,355,True
CUST02850,4,4,3566.06,891.515,2024-12-04,2025-11-13,Customer 2850,Female,63,Trichy,2025-10-02,344,True
CUST02851,3,8,7518.05,2506.016666666667,2025-05-02,2026-10-09,Customer 2851,Female,41,Chennai,2024-08-27,525,True
CUST02852,6,15,10604.16,1767.36,2024-11-19,2025-10-16,Customer 2852,Female,63,Pondicherry,2024-10-14,331,True
CUST02853,1,1,970.72,970.72,2026-03-16,2026-03-16,Customer 2853,Male,18,Trichy,2025-09-12,0,False
CUST02854,3,7,5195.71,1731.9033333333334,2026-04-28,2026-12-23,Customer 2854,Other,43,Coimbatore,2026-04-20,239,True
CUST02855,2,5,4260.57,2130.285,2025-11-07,2026-01-30,Customer 2855,Female,54,Vellore,2026-06-09,84,True
CUST02856,5,13,13870.78,2774.156,2025-06-12,2026-10-11,Customer 2856,Male,53,Trichy,2025-05-20,486,True
CUST02857,3,6,7482.400000000001,2494.1333333333337,2026-07-26,2026-11-09,Customer 2857,Other,54,Hyderabad,2025-11-06,106,True
CUST02858,5,15,17431.17,3486.2339999999995,2025-04-18,2026-02-11,Customer 2858,Other,54,Madurai,2025-11-29,299,True
CUST02859,5,9,10390.48,2078.096,2025-04-09,2026-02-04,Customer 2859,Other,26,Pondicherry,2024-03-07,301,True
CUST02860,2,3,1982.6200000000001,991.3100000000001,2024-12-14,2025-09-10,Customer 2860,Male,34,Bengaluru,2024-03-07,270,True
CUST02861,8,22,17606.06,2200.7575,2024-12-15,2026-09-04,Customer 2861,Male,51,Pondicherry,2026-05-26,628,True
CUST02862,3,5,6154.62,2051.54,2025-01-19,2026-09-11,Customer 2862,Female,30,Hyderabad,2026-03-12,600,True
CUST02863,5,6,8190.82,1638.164,2025-09-27,2026-09-21,Customer 2863,Other,61,Vellore,2024-01-24,359,True
CUST02864,5,14,9848.869999999999,1969.774,2025-04-15,2026-07-28,Customer 2864,Female,61,Vellore,2025-09-21,469,True
CUST02865,2,5,6540.11,3270.055,2025-04-29,2026-09-10,Customer 2865,Male,45,Hyderabad,2025-04-09,499,True
CUST02866,3,4,3776.95,1258.9833333333333,2025-01-14,2025-11-15,Customer 2866,Other,21,Thanjavur,2025-11-20,305,True
CUST02867,4,10,10271.09,2567.7725,2025-01-17,2026-09-08,Customer 2867,Female,35,Coimbatore,2025-03-18,599,True
CUST02868,4,8,7725.37,1931.3425,2025-08-29,2026-05-18,Customer 2868,Other,47,Erode,2025-11-27,262,True
CUST02869,4,11,11651.31,2912.8275,2025-09-07,2026-08-09,Customer 2869,Other,20,Pondicherry,2025-01-05,336,True
CUST02870,3,5,3282.67,1094.2233333333334,2024-11-21,2025-09-30,Customer 2870,Male,35,Tirunelveli,2024-08-17,313,True
CUST02871,4,6,10836.16,2709.04,2025-06-01,2026-03-28,Customer 2871,Female,38,Chennai,2025-06-29,300,True
CUST02872,5,9,8974.21,1794.8419999999999,2025-06-25,2026-09-06,Customer 2872,Male,39,Coimbatore,2025-02-05,438,True
CUST02873,6,10,10159.88,1693.3133333333333,2025-12-01,2026-08-16,Customer 2873,Male,65,Trichy,2025-08-08,258,True
CUST02874,3,6,3847.6600000000003,1282.5533333333335,2025-12-28,2026-10-06,Customer 2874,Female,22,Trichy,2025-12-07,282,True
CUST02875,5,9,7759.52,1551.904,2025-05-09,2026-06-26,Customer 2875,Male,39,Salem,2024-07-20,413,True
CUST02876,4,11,9858.720000000001,2464.6800000000003,2025-03-31,2026-07-10,Customer 2876,Other,58,Coimbatore,2024-03-05,466,True
CUST02877,7,15,16352.539999999999,2336.077142857143,2025-05-14,2026-11-03,Customer 2877,Female,45,Chennai,2024-01-29,538,True
CUST02878,1,1,696.0,696.0,2026-04-05,2026-04-05,Customer 2878,Other,39,Salem,2025-08-29,0,False
CUST02879,3,7,6651.84,2217.28,2025-01-06,2026-01-28,Customer 2879,Male,48,Trichy,2024-09-10,387,True
CUST02880,2,6,6978.86,3489.43,2025-08-17,2026-02-23,Customer 2880,Male,39,Vellore,2024-12-14,190,True
CUST02881,2,2,1929.07,964.535,2025-01-06,2026-07-05,Customer 2881,Male,22,Bengaluru,2026-03-24,545,True
CUST02882,4,5,5410.32,1352.58,2025-03-25,2026-07-09,Customer 2882,Female,24,Hyderabad,2025-09-26,471,True
CUST02883,3,4,3017.12,1005.7066666666666,2024-12-15,2025-09-15,Customer 2883,Other,25,Coimbatore,2025-04-02,274,True
CUST02884,2,5,5209.3099999999995,2604.6549999999997,2025-06-23,2025-09-02,Customer 2884,Male,42,Thanjavur,2024-03-03,71,True
CUST02885,2,8,6310.679999999999,3155.3399999999997,2025-09-07,2026-07-16,Customer 2885,Other,22,Madurai,2026-05-18,312,True
CUST02886,4,11,12961.51,3240.3775,2025-03-24,2026-11-23,Customer 2886,Female,21,Salem,2024-03-04,609,True
CUST02887,9,14,14179.89,1575.5433333333333,2025-07-05,2026-07-03,Customer 2887,Other,45,Coimbatore,2025-09-17,363,True
CUST02888,4,7,7476.48,1869.12,2025-06-08,2026-08-05,Customer 2888,Other,21,Vellore,2024-04-14,423,True
CUST02889,5,13,8782.130000000001,1756.4260000000002,2025-04-13,2026-09-05,Customer 2889,Female,42,Tirunelveli,2024-02-23,510,True
CUST02890,6,16,19476.329999999998,3246.055,2025-02-01,2025-11-16,Customer 2890,Other,44,Trichy,2024-04-08,288,True
CUST02891,2,5,2488.46,1244.23,2025-05-12,2026-11-18,Customer 2891,Other,60,Bengaluru,2026-06-04,555,True
CUST02892,2,7,5075.74,2537.87,2025-01-30,2026-06-22,Customer 2892,Female,42,Erode,2024-01-11,508,True
CUST02893,3,4,4777.24,1592.4133333333332,2025-04-27,2026-07-19,Customer 2893,Female,57,Bengaluru,2026-03-25,448,True
CUST02894,4,8,4584.96,1146.24,2025-05-05,2026-07-16,Customer 2894,Female,59,Hyderabad,2024-04-13,437,True
CUST02895,4,11,7056.2,1764.05,2025-04-12,2026-07-05,Customer 2895,Male,47,Vellore,2026-03-12,449,True
CUST02896,2,4,1629.01,814.505,2024-12-18,2024-12-19,Customer 2896,Other,30,Coimbatore,2024-12-02,1,True
CUST02897,2,5,6329.23,3164.615,2025-02-11,2026-01-07,Customer 2897,Male,56,Pondicherry,2024-04-15,330,True
CUST02898,3,8,8400.45,2800.15,2025-02-04,2025-06-11,Customer 2898,Other,30,Bengaluru,2024-03-10,127,True
CUST02899,3,10,7064.79,2354.93,2026-04-05,2026-09-04,Customer 2899,Other,50,Salem,2024-05-09,152,True
CUST02900,10,16,15417.41,1541.741,2024-11-29,2026-05-20,Customer 2900,Female,48,Pondicherry,2024-12-29,537,True
CUST02901,4,9,12834.869999999999,3208.7174999999997,2025-01-09,2026-08-12,Customer 2901,Female,29,Trichy,2025-09-27,580,True
CUST02902,4,8,5433.66,1358.415,2025-07-01,2026-02-23,Customer 2902,Male,21,Madurai,2024-05-20,237,True
CUST02903,3,4,4304.59,1434.8633333333335,2025-11-17,2026-08-06,Customer 2903,Other,45,Vellore,2024-11-15,262,True
CUST02904,4,13,8709.34,2177.335,2025-04-03,2025-11-15,Customer 2904,Female,37,Bengaluru,2025-10-29,226,True
CUST02905,6,17,10769.1,1794.8500000000001,2024-12-07,2026-11-08,Customer 2905,Male,27,Erode,2025-07-08,701,True
CUST02906,5,5,5757.53,1151.5059999999999,2025-07-06,2026-05-25,Customer 2906,Other,39,Salem,2024-11-12,323,True
CUST02907,2,2,2833.35,1416.675,2025-06-13,2026-01-24,Customer 2907,Male,51,Bengaluru,2025-01-12,225,True
CUST02908,6,12,10655.49,1775.915,2025-08-08,2026-09-28,Customer 2908,Other,27,Chennai,2025-11-04,416,True
CUST02909,8,19,20568.42,2571.0525,2024-11-23,2026-07-07,Customer 2909,Other,53,Chennai,2024-08-31,591,True
CUST02910,3,7,7467.49,2489.1633333333334,2024-12-27,2025-11-23,Customer 2910,Female,30,Trichy,2025-03-08,331,True
CUST02911,6,15,12879.94,2146.6566666666668,2025-06-03,2026-04-02,Customer 2911,Male,22,Thanjavur,2025-10-17,303,True
CUST02912,2,2,1042.42,521.21,2025-02-04,2026-03-05,Customer 2912,Other,48,Pondicherry,2024-07-12,394,True
CUST02913,4,5,5291.28,1322.82,2025-04-08,2026-11-22,Customer 2913,Female,56,Pondicherry,2025-12-09,593,True
CUST02914,4,11,11349.97,2837.4925,2025-08-29,2026-03-18,Customer 2914,Other,54,Thanjavur,2024-12-05,201,True
CUST02915,5,7,6425.54,1285.108,2025-01-25,2026-03-09,Customer 2915,Female,44,Thanjavur,2025-09-22,408,True
CUST02916,4,8,9257.28,2314.32,2024-12-30,2026-10-25,Customer 2916,Male,47,Chennai,2024-06-15,664,True
CUST02917,3,5,4268.85,1422.95,2025-07-30,2026-05-12,Customer 2917,Male,18,Hyderabad,2025-05-22,286,True
CUST02918,3,5,5127.94,1709.3133333333333,2025-05-09,2026-09-10,Customer 2918,Other,32,Erode,2024-08-16,489,True
CUST02919,4,7,7339.9800000000005,1834.9950000000001,2025-01-13,2026-02-25,Customer 2919,Male,33,Erode,2025-09-30,408,True
CUST02920,6,8,11296.96,1882.8266666666666,2025-03-26,2026-02-18,Customer 2920,Female,65,Tirunelveli,2026-01-22,329,True
CUST02921,2,3,2117.4700000000003,1058.7350000000001,2026-04-26,2026-07-06,Customer 2921,Female,29,Chennai,2024-07-29,71,True
CUST02922,3,4,5276.43,1758.8100000000002,2025-12-05,2026-07-12,Customer 2922,Male,22,Thanjavur,2025-01-06,219,True
CUST02923,1,2,927.98,927.98,2025-01-30,2025-01-30,Customer 2923,Other,25,Madurai,2024-01-31,0,False
CUST02924,2,6,7902.08,3951.04,2026-09-18,2026-10-19,Customer 2924,Female,30,Hyderabad,2024-10-24,31,True
CUST02925,1,1,987.53,987.53,2026-08-05,2026-08-05,Customer 2925,Female,20,Chennai,2025-08-22,0,False
CUST02926,1,1,465.6,465.6,2025-11-16,2025-11-16,Customer 2926,Male,36,Madurai,2024-07-22,0,False
CUST02927,2,4,3050.93,1525.465,2026-06-06,2026-11-28,Customer 2927,Female,64,Madurai,2024-08-12,175,True
CUST02928,2,6,5380.65,2690.325,2026-05-13,2026-10-09,Customer 2928,Other,33,Madurai,2024-12-13,149,True
CUST02929,1,3,4409.61,4409.61,2025-03-25,2025-03-25,Customer 2929,Male,29,Salem,2024-07-19,0,False
CUST02930,3,4,6662.82,2220.94,2025-01-17,2026-03-09,Customer 2930,Male,61,Madurai,2024-04-13,416,True
CUST02931,6,12,16785.62,2797.603333333333,2025-07-06,2026-11-09,Customer 2931,Other,25,Thanjavur,2025-01-23,491,True
CUST02932,4,4,2888.71,722.1775,2025-06-30,2025-09-02,Customer 2932,Female,47,Trichy,2024-08-03,64,True
CUST02933,2,7,6243.879999999999,3121.9399999999996,2024-11-25,2024-12-19,Customer 2933,Female,60,Madurai,2025-01-13,24,True
CUST02934,5,12,12693.71,2538.7419999999997,2024-12-14,2026-08-20,Customer 2934,Other,45,Pondicherry,2025-06-23,614,True
CUST02935,5,7,7733.5599999999995,1546.712,2025-05-31,2026-03-31,Customer 2935,Male,27,Madurai,2024-03-07,304,True
CUST02936,4,12,15281.41,3820.3525,2025-02-15,2025-11-25,Customer 2936,Male,30,Vellore,2026-03-24,283,True
CUST02937,5,7,6815.530000000001,1363.1060000000002,2025-02-28,2026-05-17,Customer 2937,Other,41,Thanjavur,2025-01-22,443,True
CUST02938,5,13,13047.25,2609.45,2025-05-07,2026-11-04,Customer 2938,Female,58,Trichy,2025-09-05,546,True
CUST02939,3,7,5304.16,1768.0533333333333,2025-01-26,2026-07-21,Customer 2939,Other,55,Trichy,2024-02-17,541,True
CUST02940,7,15,14701.58,2100.2257142857143,2024-12-26,2026-11-08,Customer 2940,Other,36,Madurai,2026-05-24,682,True
CUST02941,4,12,18275.2,4568.8,2025-07-13,2026-08-31,Customer 2941,Male,21,Hyderabad,2024-12-01,414,True
CUST02942,3,9,8718.43,2906.1433333333334,2025-04-24,2026-06-05,Customer 2942,Female,26,Vellore,2026-03-25,407,True
CUST02943,8,17,16704.81,2088.10125,2025-05-24,2026-10-13,Customer 2943,Female,31,Pondicherry,2025-08-21,507,True
CUST02944,7,14,12942.93,1848.99,2024-11-19,2026-04-29,Customer 2944,Female,60,Bengaluru,2024-03-24,526,True
CUST02945,7,13,12295.82,1756.5457142857142,2024-11-25,2026-09-15,Customer 2945,Male,50,Tirunelveli,2024-03-07,659,True
CUST02946,4,10,10049.44,2512.36,2025-09-13,2026-10-17,Customer 2946,Other,50,Thanjavur,2026-02-08,399,True
CUST02947,5,8,9143.74,1828.748,2025-06-04,2026-04-30,Customer 2947,Other,47,Madurai,2025-05-25,330,True
CUST02948,5,16,15599.34,3119.868,2025-02-16,2026-04-05,Customer 2948,Other,41,Vellore,2024-11-25,413,True
CUST02949,5,9,10325.54,2065.108,2025-06-19,2025-12-11,Customer 2949,Female,63,Erode,2025-12-12,175,True
CUST02950,9,23,29448.4,3272.0444444444447,2024-12-07,2026-10-31,Customer 2950,Female,55,Tirunelveli,2025-04-30,693,True
CUST02951,2,3,2382.09,1191.045,2025-06-04,2025-09-28,Customer 2951,Other,59,Chennai,2025-10-15,116,True
CUST02952,3,6,3681.46,1227.1533333333334,2025-01-02,2025-09-30,Customer 2952,Male,30,Erode,2024-07-31,271,True
CUST02953,7,19,19865.11,2837.8728571428574,2024-11-26,2026-07-09,Customer 2953,Male,43,Trichy,2026-06-02,590,True
CUST02954,3,5,5325.389999999999,1775.1299999999999,2026-01-21,2026-10-05,Customer 2954,Female,42,Bengaluru,2024-11-09,257,True
CUST02955,5,8,8457.51,1691.502,2025-02-18,2026-03-20,Customer 2955,Female,34,Vellore,2024-06-09,395,True
CUST02956,1,1,1345.57,1345.57,2025-12-01,2025-12-01,Customer 2956,Male,23,Salem,2024-03-27,0,False
CUST02957,10,14,12441.86,1244.1860000000001,2024-12-20,2026-07-27,Customer 2957,Other,40,Trichy,2025-03-31,584,True
CUST02958,5,9,11137.18,2227.436,2025-05-26,2026-11-02,Customer 2958,Male,47,Vellore,2025-08-20,525,True
CUST02959,6,10,11243.71,1873.9516666666666,2025-03-27,2026-03-24,Customer 2959,Female,45,Erode,2025-09-28,362,True
CUST02960,2,4,4102.57,2051.285,2026-01-02,2026-01-15,Customer 2960,Female,44,Thanjavur,2025-04-23,13,True
CUST02961,1,1,787.94,787.94,2026-07-30,2026-07-30,Customer 2961,Female,38,Salem,2026-04-03,0,False
CUST02962,2,3,3313.19,1656.595,2024-12-26,2026-09-16,Customer 2962,Male,29,Erode,2025-01-26,629,True
CUST02963,5,10,9397.0,1879.4,2025-03-29,2026-08-05,Customer 2963,Female,59,Coimbatore,2024-08-27,494,True
CUST02964,1,3,2618.25,2618.25,2025-03-23,2025-03-23,Customer 2964,Male,36,Vellore,2025-01-02,0,False
CUST02965,3,9,8637.85,2879.2833333333333,2024-11-25,2025-06-26,Customer 2965,Other,59,Coimbatore,2025-06-09,213,True
CUST02966,5,13,19909.33,3981.8660000000004,2025-01-25,2026-11-04,Customer 2966,Female,32,Coimbatore,2026-03-15,648,True
CUST02967,3,12,17684.04,5894.68,2025-02-18,2025-08-10,Customer 2967,Male,41,Chennai,2024-05-01,173,True
CUST02968,1,4,9433.4,9433.4,2025-05-18,2025-05-18,Customer 2968,Male,39,Trichy,2025-07-13,0,False
CUST02969,3,5,4381.71,1460.57,2025-02-20,2026-08-30,Customer 2969,Female,34,Salem,2025-11-22,556,True
CUST02971,4,7,5632.63,1408.1575,2025-01-28,2026-01-26,Customer 2971,Other,26,Pondicherry,2025-12-23,363,True
CUST02972,3,6,7800.280000000001,2600.0933333333337,2024-12-22,2026-10-09,Customer 2972,Other,34,Chennai,2026-01-27,656,True
CUST02973,3,6,6847.49,2282.4966666666664,2025-03-02,2026-05-27,Customer 2973,Female,36,Thanjavur,2026-02-27,451,True
CUST02974,5,11,12488.2,2497.6400000000003,2025-03-01,2026-04-19,Customer 2974,Female,43,Bengaluru,2026-03-12,414,True
CUST02975,4,11,15451.490000000002,3862.8725000000004,2025-06-10,2026-07-24,Customer 2975,Other,18,Erode,2026-02-14,409,True
CUST02976,3,10,9334.6,3111.5333333333333,2025-04-08,2025-11-05,Customer 2976,Other,27,Tirunelveli,2025-10-31,211,True
CUST02977,4,9,5917.21,1479.3025,2024-11-21,2026-08-03,Customer 2977,Male,64,Pondicherry,2024-08-21,620,True
CUST02978,5,14,17433.21,3486.642,2025-03-24,2026-11-12,Customer 2978,Female,32,Vellore,2024-08-02,598,True
CUST02979,4,9,8038.43,2009.6075,2024-11-29,2026-10-23,Customer 2979,Other,47,Pondicherry,2025-08-24,693,True
CUST02980,4,10,10992.54,2748.135,2024-12-31,2026-08-08,Customer 2980,Female,39,Coimbatore,2026-04-13,585,True
CUST02981,1,1,1004.57,1004.57,2025-08-14,2025-08-14,Customer 2981,Male,45,Pondicherry,2024-11-16,0,False
CUST02982,4,7,9998.130000000001,2499.5325000000003,2024-12-02,2026-09-11,Customer 2982,Male,46,Erode,2025-03-03,648,True
CUST02983,6,15,18893.55,3148.9249999999997,2024-12-31,2026-10-10,Customer 2983,Other,19,Thanjavur,2026-05-23,648,True
CUST02984,4,8,12613.07,3153.2675,2025-06-10,2026-10-13,Customer 2984,Other,26,Salem,2024-05-22,490,True
CUST02985,7,14,13228.42,1889.7742857142857,2025-01-19,2026-07-10,Customer 2985,Male,49,Hyderabad,2026-01-25,537,True
CUST02986,4,11,9854.380000000001,2463.5950000000003,2025-03-15,2026-09-15,Customer 2986,Female,39,Trichy,2026-05-04,549,True
CUST02987,2,4,6397.95,3198.975,2026-01-30,2026-06-06,Customer 2987,Female,61,Tirunelveli,2025-03-05,127,True
CUST02988,5,15,17222.44,3444.488,2024-12-26,2026-11-21,Customer 2988,Other,52,Salem,2026-02-20,695,True
CUST02989,4,12,13765.069999999998,3441.2674999999995,2025-06-19,2026-03-09,Customer 2989,Other,19,Bengaluru,2024-11-29,263,True
CUST02990,3,5,4021.67,1340.5566666666666,2025-06-02,2026-03-11,Customer 2990,Male,26,Madurai,2026-03-15,282,True
CUST02991,7,14,17007.57,2429.652857142857,2025-03-09,2026-09-12,Customer 2991,Other,58,Bengaluru,2024-12-04,552,True
CUST02992,5,14,12950.01,2590.002,2025-01-10,2026-04-25,Customer 2992,Other,43,Tirunelveli,2025-09-14,470,True
CUST02993,5,8,10669.689999999999,2133.9379999999996,2025-06-03,2026-06-25,Customer 2993,Female,22,Vellore,2024-07-28,387,True
CUST02994,7,15,13618.26,1945.4657142857143,2024-11-04,2026-10-26,Customer 2994,Male,48,Coimbatore,2025-01-30,721,True
CUST02995,4,13,13267.17,3316.7925,2025-05-09,2025-11-28,Customer 2995,Other,46,Hyderabad,2024-12-02,203,True
CUST02996,3,3,3415.24,1138.4133333333332,2024-12-01,2026-09-27,Customer 2996,Male,28,Coimbatore,2024-11-07,665,True
CUST02997,7,19,22966.06,3280.8657142857146,2025-10-04,2026-09-25,Customer 2997,Other,29,Chennai,2025-11-22,356,True
CUST02998,7,13,9524.05,1360.5785714285714,2025-05-16,2026-04-23,Customer 2998,Other,56,Erode,2026-04-26,342,True
CUST02999,2,5,6834.92,3417.46,2025-06-17,2026-10-12,Customer 2999,Male,30,Coimbatore,2024-01-28,482,True
CUST03000,3,9,6508.26,2169.42,2025-07-13,2026-03-09,Customer 3000,Female,31,Trichy,2025-01-30,239,True
CUST03001,5,9,12639.83,2527.966,2025-09-07,2026-07-23,Customer 3001,Other,51,Coimbatore,2024-10-25,319,True
CUST03002,6,13,8242.15,1373.6916666666666,2025-04-24,2026-10-07,Customer 3002,Male,41,Vellore,2025-04-10,531,True
CUST03003,3,5,6472.82,2157.6066666666666,2026-03-08,2026-09-04,Customer 3003,Male,38,Tirunelveli,2024-01-12,180,True
CUST03004,5,14,18268.4,3653.6800000000003,2025-07-01,2026-09-03,Customer 3004,Male,25,Madurai,2025-02-04,429,True
CUST03005,3,7,9911.67,3303.89,2025-08-15,2026-04-07,Customer 3005,Female,48,Pondicherry,2025-07-03,235,True
CUST03006,4,4,2736.69,684.1725,2025-01-06,2025-10-07,Customer 3006,Female,31,Madurai,2024-03-11,274,True
CUST03007,3,6,5566.52,1855.506666666667,2025-05-01,2025-10-22,Customer 3007,Male,37,Tirunelveli,2026-06-10,174,True
CUST03008,1,4,1585.48,1585.48,2024-12-29,2024-12-29,Customer 3008,Other,60,Erode,2026-04-17,0,False
CUST03009,2,5,6487.51,3243.755,2025-05-09,2026-08-20,Customer 3009,Other,54,Salem,2024-06-11,468,True
CUST03010,3,10,5630.72,1876.9066666666668,2025-05-04,2026-11-08,Customer 3010,Male,50,Pondicherry,2025-08-24,553,True
CUST03011,3,5,7181.57,2393.8566666666666,2025-12-11,2026-05-15,Customer 3011,Female,35,Trichy,2025-12-02,155,True
CUST03012,5,10,12224.91,2444.982,2024-12-01,2026-07-16,Customer 3012,Male,46,Coimbatore,2024-01-08,592,True
CUST03013,5,13,15035.93,3007.186,2025-03-02,2026-09-26,Customer 3013,Female,56,Trichy,2026-04-24,573,True
CUST03014,6,17,15505.94,2584.3233333333333,2025-04-22,2026-07-25,Customer 3014,Female,54,Erode,2025-06-22,459,True
CUST03015,6,15,18719.25,3119.875,2024-12-18,2026-05-15,Customer 3015,Female,54,Chennai,2025-04-16,513,True
CUST03016,5,10,6034.719999999999,1206.944,2024-12-22,2026-12-09,Customer 3016,Male,36,Hyderabad,2026-01-24,717,True
CUST03017,2,5,7147.61,3573.805,2025-05-16,2026-03-17,Customer 3017,Female,62,Pondicherry,2025-04-12,305,True
CUST03018,2,4,3340.96,1670.48,2025-05-12,2026-10-01,Customer 3018,Female,43,Bengaluru,2026-03-22,507,True
CUST03019,2,6,9986.87,4993.435,2025-10-28,2026-04-12,Customer 3019,Male,44,Trichy,2026-04-23,166,True
CUST03020,5,10,8660.23,1732.0459999999998,2025-03-11,2026-11-07,Customer 3020,Other,64,Tirunelveli,2024-07-02,606,True
CUST03021,4,13,11676.65,2919.1625,2025-01-05,2026-06-27,Customer 3021,Female,60,Madurai,2025-04-13,538,True
CUST03022,4,11,6470.85,1617.7125,2025-01-15,2026-08-12,Customer 3022,Other,24,Tirunelveli,2025-12-16,574,True
CUST03023,1,1,463.08,463.08,2025-08-11,2025-08-11,Customer 3023,Male,33,Madurai,2025-12-16,0,False
CUST03024,5,9,12849.470000000001,2569.8940000000002,2025-04-26,2026-08-04,Customer 3024,Other,52,Salem,2024-10-07,465,True
CUST03025,5,17,21901.58,4380.316000000001,2025-01-02,2026-07-09,Customer 3025,Male,62,Pondicherry,2025-11-13,553,True
CUST03026,4,10,14740.43,3685.1075,2025-04-24,2026-08-28,Customer 3026,Male,49,Tirunelveli,2026-01-09,491,True
CUST03027,3,6,8500.91,2833.6366666666668,2026-03-10,2026-09-10,Customer 3027,Other,25,Thanjavur,2026-02-19,184,True
CUST03028,3,8,4776.72,1592.24,2025-02-22,2025-09-09,Customer 3028,Male,50,Thanjavur,2024-03-19,199,True
CUST03029,6,15,9357.27,1559.545,2025-01-12,2026-09-07,Customer 3029,Female,28,Salem,2025-02-23,603,True
CUST03030,5,9,6364.57,1272.914,2025-06-20,2026-09-19,Customer 3030,Other,20,Erode,2024-07-31,456,True
CUST03031,3,7,5399.78,1799.9266666666665,2025-01-30,2025-09-12,Customer 3031,Male,58,Pondicherry,2024-01-28,225,True
CUST03032,4,8,11145.300000000001,2786.3250000000003,2025-01-05,2026-06-10,Customer 3032,Other,47,Tirunelveli,2025-11-22,521,True
CUST03033,4,9,7010.75,1752.6875,2025-04-17,2025-12-02,Customer 3033,Other,43,Trichy,2024-12-17,229,True
CUST03034,5,14,11932.17,2386.434,2024-12-24,2026-10-22,Customer 3034,Male,18,Salem,2025-02-10,667,True
CUST03035,3,4,3997.33,1332.4433333333334,2025-08-10,2026-01-22,Customer 3035,Other,26,Thanjavur,2024-04-27,165,True
CUST03036,6,7,7962.95,1327.1583333333333,2024-12-14,2026-05-11,Customer 3036,Other,47,Erode,2025-11-17,513,True
CUST03037,3,6,2479.25,826.4166666666666,2025-01-31,2026-01-09,Customer 3037,Male,23,Vellore,2025-04-17,343,True
CUST03038,2,3,4350.64,2175.32,2026-04-14,2026-04-22,Customer 3038,Male,63,Erode,2025-11-03,8,True
CUST03039,5,8,11004.3,2200.8599999999997,2025-01-24,2026-09-15,Customer 3039,Female,35,Madurai,2024-05-23,599,True
CUST03040,5,11,14059.029999999999,2811.8059999999996,2025-05-06,2026-03-31,Customer 3040,Male,56,Coimbatore,2024-06-23,329,True
CUST03041,4,14,16222.2,4055.55,2025-01-05,2025-12-10,Customer 3041,Female,25,Vellore,2024-06-30,339,True
CUST03042,5,7,7974.75,1594.95,2025-06-09,2026-06-24,Customer 3042,Female,28,Coimbatore,2026-01-29,380,True
CUST03043,7,14,21116.06,3016.5800000000004,2025-05-22,2026-11-29,Customer 3043,Male,61,Salem,2025-11-18,556,True
CUST03044,4,10,9385.38,2346.345,2025-06-09,2026-08-30,Customer 3044,Female,40,Madurai,2024-06-06,447,True
CUST03045,4,11,8921.11,2230.2775,2024-12-11,2026-07-26,Customer 3045,Other,20,Hyderabad,2024-08-09,592,True
CUST03046,4,4,3147.29,786.8225,2025-06-08,2026-08-20,Customer 3046,Male,46,Pondicherry,2025-06-29,438,True
CUST03047,2,3,2020.63,1010.315,2025-08-25,2026-10-08,Customer 3047,Other,51,Hyderabad,2024-02-18,409,True
CUST03048,2,5,5366.91,2683.455,2025-01-25,2026-02-03,Customer 3048,Other,60,Coimbatore,2025-11-09,374,True
CUST03049,5,8,9877.83,1975.566,2025-02-20,2026-09-05,Customer 3049,Other,37,Erode,2025-02-03,562,True
CUST03050,2,5,6770.56,3385.28,2025-01-09,2025-11-05,Customer 3050,Other,18,Chennai,2024-02-23,300,True
CUST03051,3,6,6939.46,2313.153333333333,2024-12-26,2026-05-31,Customer 3051,Female,30,Trichy,2026-03-01,521,True
CUST03052,6,7,10348.51,1724.7516666666668,2025-05-03,2026-08-01,Customer 3052,Male,30,Coimbatore,2025-01-18,455,True
CUST03053,2,2,2637.8599999999997,1318.9299999999998,2026-04-13,2026-08-02,Customer 3053,Female,19,Chennai,2024-01-17,111,True
CUST03054,6,14,15652.7,2608.7833333333333,2025-02-13,2025-12-25,Customer 3054,Male,61,Hyderabad,2024-12-11,315,True
CUST03055,9,15,14682.03,1631.3366666666668,2025-05-23,2026-11-02,Customer 3055,Male,24,Hyderabad,2024-03-05,528,True
CUST03056,4,6,5916.799999999999,1479.1999999999998,2024-12-11,2026-05-16,Customer 3056,Other,28,Chennai,2024-06-20,521,True
CUST03057,1,4,4936.4,4936.4,2025-03-02,2025-03-02,Customer 3057,Other,24,Thanjavur,2025-03-01,0,False
CUST03058,5,14,11654.39,2330.8779999999997,2025-03-17,2026-02-27,Customer 3058,Other,58,Trichy,2024-11-26,347,True
CUST03059,3,8,9003.64,3001.213333333333,2025-07-13,2026-08-23,Customer 3059,Male,52,Tirunelveli,2025-10-01,406,True
CUST03060,8,19,14502.92,1812.865,2025-06-13,2026-10-25,Customer 3060,Male,32,Trichy,2025-03-14,499,True
CUST03061,5,15,16952.010000000002,3390.4020000000005,2024-12-17,2026-09-13,Customer 3061,Female,38,Madurai,2024-04-18,635,True
CUST03062,4,7,6365.3,1591.325,2025-05-12,2026-08-18,Customer 3062,Female,59,Thanjavur,2024-01-16,463,True
CUST03063,4,10,9047.22,2261.805,2025-01-17,2026-10-10,Customer 3063,Female,31,Erode,2024-01-13,631,True
CUST03064,4,12,15967.01,3991.7525,2025-01-17,2026-10-23,Customer 3064,Male,60,Salem,2024-08-13,644,True
CUST03065,5,11,10832.82,2166.564,2025-06-19,2026-11-19,Customer 3065,Other,41,Chennai,2025-10-27,518,True
CUST03066,4,6,6541.5,1635.375,2025-06-11,2026-10-04,Customer 3066,Male,44,Salem,2024-03-09,480,True
CUST03067,4,10,10581.53,2645.3825,2024-11-28,2026-04-26,Customer 3067,Other,49,Coimbatore,2026-02-24,514,True
CUST03068,6,13,12117.44,2019.5733333333335,2025-02-20,2026-01-30,Customer 3068,Other,54,Madurai,2025-12-30,344,True
CUST03069,2,4,4628.37,2314.185,2025-05-24,2025-12-12,Customer 3069,Male,56,Thanjavur,2024-09-14,202,True
CUST03070,5,11,12468.76,2493.752,2025-04-25,2026-07-06,Customer 3070,Other,42,Hyderabad,2025-10-08,437,True
CUST03071,3,3,3094.0699999999997,1031.3566666666666,2025-05-19,2025-11-14,Customer 3071,Other,26,Thanjavur,2026-02-28,179,True
CUST03072,3,5,6506.4800000000005,2168.826666666667,2025-06-04,2026-06-02,Customer 3072,Other,62,Thanjavur,2024-06-28,363,True
CUST03073,3,4,4312.400000000001,1437.466666666667,2025-09-01,2026-06-18,Customer 3073,Other,48,Coimbatore,2026-05-21,290,True
CUST03074,4,7,6628.25,1657.0625,2024-12-17,2026-08-16,Customer 3074,Male,56,Bengaluru,2024-12-09,607,True
CUST03075,2,7,4585.21,2292.605,2025-05-04,2025-05-08,Customer 3075,Female,50,Hyderabad,2025-04-04,4,True
CUST03076,5,7,5037.9800000000005,1007.5960000000001,2025-01-22,2026-07-09,Customer 3076,Male,50,Bengaluru,2026-01-29,533,True
CUST03077,4,11,6683.33,1670.8325,2025-11-09,2026-09-28,Customer 3077,Male,32,Chennai,2025-12-22,323,True
CUST03078,8,14,12478.68,1559.835,2025-01-12,2026-11-10,Customer 3078,Male,37,Trichy,2025-09-23,667,True
CUST03079,8,17,20558.58,2569.8225,2025-02-02,2026-11-11,Customer 3079,Female,33,Bengaluru,2026-01-25,647,True
CUST03080,3,5,6749.539999999999,2249.8466666666664,2025-09-15,2026-08-16,Customer 3080,Male,26,Thanjavur,2024-03-22,335,True
CUST03081,7,18,20003.94,2857.7057142857143,2025-02-04,2026-02-12,Customer 3081,Female,30,Madurai,2025-05-25,373,True
CUST03082,6,12,8141.32,1356.8866666666665,2025-06-01,2026-08-31,Customer 3082,Male,59,Chennai,2025-01-19,456,True
CUST03083,5,13,13892.64,2778.528,2025-12-28,2026-06-06,Customer 3083,Other,56,Erode,2024-08-31,160,True
CUST03084,1,3,2244.09,2244.09,2026-01-03,2026-01-03,Customer 3084,Female,26,Salem,2026-01-26,0,False
CUST03085,6,14,14888.279999999999,2481.3799999999997,2025-04-05,2026-11-03,Customer 3085,Other,20,Vellore,2024-11-21,577,True
CUST03086,4,4,3802.91,950.7275,2025-05-07,2026-10-04,Customer 3086,Female,59,Salem,2026-03-21,515,True
CUST03087,6,12,14567.78,2427.9633333333336,2024-12-12,2026-07-24,Customer 3087,Male,32,Pondicherry,2026-02-07,589,True
CUST03088,3,8,6647.92,2215.9733333333334,2024-12-22,2025-09-15,Customer 3088,Female,33,Trichy,2024-12-05,267,True
CUST03089,6,12,13062.23,2177.0383333333334,2025-01-20,2026-09-30,Customer 3089,Male,60,Trichy,2025-07-06,618,True
CUST03090,2,3,1344.1299999999999,672.0649999999999,2026-05-11,2026-08-06,Customer 3090,Other,62,Pondicherry,2026-03-31,87,True
CUST03091,3,8,8847.310000000001,2949.103333333334,2025-08-14,2026-11-17,Customer 3091,Other,42,Vellore,2024-08-15,460,True
CUST03092,5,15,11892.68,2378.536,2025-04-12,2026-11-23,Customer 3092,Male,46,Hyderabad,2024-11-25,590,True
CUST03093,7,15,12196.65,1742.3785714285714,2025-01-13,2026-04-18,Customer 3093,Male,49,Coimbatore,2024-01-07,460,True
CUST03094,5,10,8074.6900000000005,1614.938,2025-05-30,2026-10-14,Customer 3094,Male,58,Madurai,2024-07-16,502,True
CUST03095,3,8,7356.58,2452.193333333333,2025-08-25,2025-11-27,Customer 3095,Male,23,Madurai,2024-07-28,94,True
CUST03096,8,15,15043.09,1880.38625,2024-12-15,2026-08-13,Customer 3096,Other,31,Trichy,2025-08-29,606,True
CUST03097,4,8,9441.56,2360.39,2025-11-03,2026-06-26,Customer 3097,Male,45,Pondicherry,2025-06-03,235,True
CUST03098,1,3,1075.83,1075.83,2025-06-16,2025-06-16,Customer 3098,Female,28,Pondicherry,2025-04-23,0,False
CUST03099,2,2,2237.64,1118.82,2026-02-27,2026-10-26,Customer 3099,Male,45,Madurai,2024-07-21,241,True
CUST03100,6,14,13527.46,2254.5766666666664,2025-01-06,2026-07-16,Customer 3100,Male,37,Salem,2025-09-12,556,True
CUST03101,4,12,10600.21,2650.0525,2025-09-18,2026-08-21,Customer 3101,Female,58,Trichy,2025-08-13,337,True
CUST03102,3,3,3085.47,1028.49,2025-11-18,2026-11-08,Customer 3102,Female,23,Thanjavur,2024-10-05,355,True
CUST03103,4,7,4987.08,1246.77,2025-09-14,2026-04-09,Customer 3103,Female,28,Erode,2025-02-11,207,True
CUST03104,4,10,7103.98,1775.995,2025-02-01,2026-05-10,Customer 3104,Female,50,Bengaluru,2025-03-27,463,True
CUST03105,2,5,5380.84,2690.42,2025-01-07,2026-07-26,Customer 3105,Female,27,Erode,2026-01-22,565,True
CUST03106,3,3,2810.84,936.9466666666667,2025-01-26,2026-06-05,Customer 3106,Female,45,Coimbatore,2024-01-21,495,True
CUST03107,5,15,16675.1,3335.0199999999995,2024-12-05,2026-11-08,Customer 3107,Female,56,Vellore,2026-02-16,703,True
CUST03108,8,20,19741.55,2467.69375,2024-11-27,2026-07-14,Customer 3108,Other,64,Madurai,2024-06-05,594,True
CUST03109,1,4,6194.96,6194.96,2026-09-01,2026-09-01,Customer 3109,Female,47,Salem,2024-09-20,0,False
CUST03110,5,17,23720.91,4744.182,2025-02-26,2026-02-23,Customer 3110,Female,42,Vellore,2025-04-09,362,True
CUST03111,5,7,6365.62,1273.124,2025-05-25,2026-10-08,Customer 3111,Female,22,Thanjavur,2025-09-12,501,True
CUST03112,6,15,13448.630000000001,2241.4383333333335,2025-04-28,2026-07-27,Customer 3112,Other,48,Trichy,2024-05-19,455,True
CUST03113,5,12,18376.5,3675.3,2025-01-14,2026-07-19,Customer 3113,Male,18,Chennai,2024-06-07,551,True
CUST03114,11,25,28919.66,2629.06,2025-01-22,2026-08-04,Customer 3114,Other,64,Pondicherry,2026-06-01,559,True
CUST03115,5,10,9046.54,1809.3080000000002,2025-05-01,2026-04-07,Customer 3115,Female,43,Tirunelveli,2025-01-18,341,True
CUST03116,1,1,1033.62,1033.62,2026-01-28,2026-01-28,Customer 3116,Other,41,Tirunelveli,2025-02-08,0,False
CUST03117,4,11,7198.9400000000005,1799.7350000000001,2025-02-05,2026-10-27,Customer 3117,Female,59,Bengaluru,2025-05-16,629,True
CUST03118,4,9,7390.91,1847.7275,2025-03-03,2026-08-26,Customer 3118,Female,20,Coimbatore,2024-03-13,541,True
CUST03119,3,7,3614.7200000000003,1204.9066666666668,2025-10-12,2026-01-29,Customer 3119,Other,28,Trichy,2025-01-29,109,True
CUST03120,2,3,1714.32,857.16,2026-01-10,2026-03-22,Customer 3120,Female,34,Pondicherry,2026-02-20,71,True
CUST03121,6,14,14804.85,2467.475,2024-12-02,2026-06-22,Customer 3121,Other,63,Erode,2024-12-22,567,True
CUST03122,4,7,11081.710000000001,2770.4275000000002,2025-04-19,2026-03-29,Customer 3122,Other,41,Pondicherry,2025-10-12,344,True
CUST03123,3,7,5777.34,1925.78,2025-04-05,2025-08-03,Customer 3123,Other,42,Tirunelveli,2024-02-29,120,True
CUST03124,3,7,5818.3,1939.4333333333334,2025-12-28,2026-06-18,Customer 3124,Male,33,Erode,2026-01-23,172,True
CUST03125,5,12,12929.220000000001,2585.844,2024-12-27,2026-11-28,Customer 3125,Female,58,Pondicherry,2024-02-05,701,True
CUST03126,3,7,7341.130000000001,2447.0433333333335,2025-06-02,2026-07-29,Customer 3126,Male,62,Hyderabad,2025-11-23,422,True
CUST03127,8,15,15169.619999999999,1896.2024999999999,2025-02-15,2026-11-01,Customer 3127,Male,34,Bengaluru,2025-10-22,624,True
CUST03128,4,7,7722.67,1930.6675,2025-07-03,2026-04-01,Customer 3128,Other,27,Salem,2025-04-11,272,True
CUST03129,4,10,8190.98,2047.745,2025-06-23,2026-10-21,Customer 3129,Other,55,Hyderabad,2024-09-10,485,True
CUST03130,5,10,11335.78,2267.156,2025-05-22,2026-10-02,Customer 3130,Male,18,Coimbatore,2026-05-11,498,True
CUST03131,3,6,7666.299999999999,2555.433333333333,2024-12-09,2026-08-23,Customer 3131,Male,59,Pondicherry,2026-02-28,622,True
CUST03132,5,11,9133.49,1826.6979999999999,2025-05-10,2026-11-07,Customer 3132,Female,63,Bengaluru,2025-01-28,546,True
CUST03133,4,6,5219.200000000001,1304.8000000000002,2025-12-03,2026-11-04,Customer 3133,Other,30,Tirunelveli,2024-03-23,336,True
CUST03134,4,8,6855.61,1713.9025,2024-12-08,2026-04-15,Customer 3134,Female,34,Pondicherry,2024-06-18,493,True
CUST03135,3,11,10495.970000000001,3498.656666666667,2025-05-25,2026-02-12,Customer 3135,Other,52,Hyderabad,2024-11-05,263,True
CUST03136,7,12,9580.07,1368.5814285714284,2025-04-29,2026-08-10,Customer 3136,Other,37,Pondicherry,2025-01-26,468,True
CUST03137,7,17,16720.8,2388.6857142857143,2025-03-11,2026-12-06,Customer 3137,Other,23,Coimbatore,2025-02-25,635,True
CUST03138,1,2,1221.02,1221.02,2026-03-15,2026-03-15,Customer 3138,Other,40,Madurai,2025-10-13,0,False
CUST03139,8,10,11256.24,1407.03,2024-11-25,2026-08-03,Customer 3139,Other,31,Pondicherry,2024-10-02,616,True
CUST03140,5,10,9420.91,1884.182,2025-01-21,2026-08-30,Customer 3140,Other,37,Chennai,2025-02-11,586,True
CUST03141,4,6,5398.54,1349.635,2026-03-27,2026-08-22,Customer 3141,Female,18,Coimbatore,2024-06-21,148,True
CUST03142,7,16,19208.72,2744.1028571428574,2024-12-14,2026-09-11,Customer 3142,Other,44,Vellore,2024-03-12,636,True
CUST03143,6,8,7853.370000000001,1308.8950000000002,2025-05-30,2026-09-22,Customer 3143,Other,36,Pondicherry,2025-03-02,480,True
CUST03144,3,3,2791.7200000000003,930.5733333333334,2025-12-04,2026-07-29,Customer 3144,Male,29,Thanjavur,2025-03-17,237,True
CUST03145,2,4,1851.54,925.77,2025-05-01,2026-04-02,Customer 3145,Other,26,Trichy,2024-07-09,336,True
CUST03146,4,12,12031.69,3007.9225,2025-04-10,2026-02-14,Customer 3146,Male,50,Coimbatore,2025-05-13,310,True
CUST03147,3,6,4730.01,1576.67,2025-03-03,2026-07-18,Customer 3147,Other,31,Madurai,2025-04-06,502,True
CUST03148,1,4,8037.04,8037.04,2025-08-07,2025-08-07,Customer 3148,Male,65,Madurai,2024-07-24,0,False
CUST03149,4,10,4458.08,1114.52,2024-11-24,2026-04-26,Customer 3149,Male,34,Tirunelveli,2026-04-08,518,True
CUST03150,2,5,5940.72,2970.36,2025-10-02,2026-08-21,Customer 3150,Other,57,Coimbatore,2025-03-27,323,True
CUST03151,4,6,8313.39,2078.3475,2024-12-24,2026-03-21,Customer 3151,Other,28,Coimbatore,2026-06-08,452,True
CUST03152,3,6,5397.39,1799.13,2025-04-22,2025-06-30,Customer 3152,Male,42,Coimbatore,2024-10-27,69,True
CUST03153,6,10,9617.16,1602.86,2024-12-16,2026-03-06,Customer 3153,Male,39,Chennai,2024-10-10,445,True
CUST03154,5,6,5587.88,1117.576,2025-10-09,2026-08-24,Customer 3154,Male,48,Erode,2025-08-22,319,True
CUST03155,3,5,5674.6900000000005,1891.5633333333335,2025-02-23,2026-05-27,Customer 3155,Male,18,Chennai,2025-11-19,458,True
CUST03156,1,1,1334.85,1334.85,2026-01-19,2026-01-19,Customer 3156,Male,60,Bengaluru,2024-09-29,0,False
CUST03157,5,6,6337.32,1267.464,2025-02-15,2026-10-15,Customer 3157,Male,24,Trichy,2026-03-19,607,True
CUST03158,2,5,3980.2299999999996,1990.1149999999998,2024-11-22,2026-05-19,Customer 3158,Male,42,Bengaluru,2025-06-18,543,True
CUST03159,6,13,12375.79,2062.6316666666667,2024-12-16,2026-07-24,Customer 3159,Female,49,Erode,2025-06-16,585,True
CUST03160,5,11,12169.58,2433.916,2025-05-27,2026-09-11,Customer 3160,Female,56,Tirunelveli,2026-02-14,472,True
CUST03161,2,4,5884.150000000001,2942.0750000000003,2025-04-24,2026-01-16,Customer 3161,Female,61,Thanjavur,2024-12-10,267,True
CUST03162,4,10,10271.4,2567.85,2025-07-24,2026-10-18,Customer 3162,Male,41,Hyderabad,2024-11-18,451,True
CUST03163,6,6,6290.32,1048.3866666666665,2024-11-22,2026-06-15,Customer 3163,Female,57,Chennai,2025-02-12,570,True
CUST03164,3,3,2196.82,732.2733333333334,2025-10-09,2026-08-29,Customer 3164,Female,24,Chennai,2024-12-30,324,True
CUST03165,4,6,5175.72,1293.93,2025-01-06,2026-04-02,Customer 3165,Other,43,Pondicherry,2025-04-12,451,True
CUST03166,2,2,3570.0699999999997,1785.0349999999999,2025-06-04,2025-12-24,Customer 3166,Male,19,Bengaluru,2026-05-05,203,True
CUST03167,2,4,3275.66,1637.83,2025-06-27,2026-09-24,Customer 3167,Other,35,Pondicherry,2024-05-05,454,True
CUST03168,4,4,4542.32,1135.58,2024-12-26,2026-09-28,Customer 3168,Male,41,Erode,2026-02-08,641,True
CUST03169,6,10,10095.050000000001,1682.5083333333334,2025-02-07,2026-10-20,Customer 3169,Other,60,Erode,2025-09-25,620,True
CUST03170,7,12,13860.31,1980.0442857142857,2025-04-21,2026-05-07,Customer 3170,Female,60,Trichy,2025-06-11,381,True
CUST03171,4,7,5932.85,1483.2125,2025-07-07,2026-09-02,Customer 3171,Other,38,Chennai,2024-01-04,422,True
CUST03172,3,7,8183.49,2727.83,2025-01-29,2026-08-08,Customer 3172,Female,20,Pondicherry,2025-10-10,556,True
CUST03173,4,10,11321.220000000001,2830.3050000000003,2026-03-06,2026-11-26,Customer 3173,Other,46,Trichy,2024-11-29,265,True
CUST03174,6,11,8475.51,1412.585,2025-01-12,2025-06-18,Customer 3174,Female,43,Pondicherry,2025-09-13,157,True
CUST03175,4,7,10111.06,2527.765,2025-07-03,2026-07-06,Customer 3175,Male,40,Tirunelveli,2025-09-19,368,True
CUST03176,5,14,13955.810000000001,2791.1620000000003,2025-01-03,2026-09-23,Customer 3176,Other,62,Coimbatore,2025-05-02,628,True
CUST03177,4,9,13025.98,3256.495,2024-12-03,2026-09-06,Customer 3177,Female,36,Bengaluru,2026-01-21,642,True
CUST03179,5,7,7564.37,1512.874,2025-08-29,2026-09-12,Customer 3179,Other,63,Vellore,2026-06-16,379,True
CUST03180,7,17,16296.93,2328.132857142857,2025-06-02,2026-08-28,Customer 3180,Male,49,Coimbatore,2024-02-02,452,True
CUST03181,2,2,1846.48,923.24,2026-08-26,2026-10-14,Customer 3181,Other,53,Erode,2024-11-04,49,True
CUST03182,6,8,10369.6,1728.2666666666667,2024-11-25,2026-10-23,Customer 3182,Female,25,Erode,2024-06-21,697,True
CUST03183,2,2,1692.02,846.01,2025-09-07,2026-01-18,Customer 3183,Other,33,Trichy,2025-11-09,133,True
CUST03184,5,14,12605.45,2521.09,2025-01-27,2025-11-02,Customer 3184,Male,60,Pondicherry,2024-08-04,279,True
CUST03185,1,1,970.79,970.79,2025-02-12,2025-02-12,Customer 3185,Male,45,Pondicherry,2024-04-01,0,False
CUST03186,1,1,2275.58,2275.58,2026-10-28,2026-10-28,Customer 3186,Male,38,Tirunelveli,2024-01-30,0,False
CUST03187,5,7,7490.37,1498.074,2025-07-01,2025-12-05,Customer 3187,Female,32,Pondicherry,2026-02-23,157,True
CUST03188,4,13,8636.66,2159.165,2025-06-04,2026-07-04,Customer 3188,Other,48,Hyderabad,2024-09-20,395,True
CUST03189,4,6,4008.69,1002.1725,2025-04-11,2026-03-16,Customer 3189,Other,26,Vellore,2024-05-06,339,True
CUST03190,4,11,10363.47,2590.8675,2025-02-18,2026-09-26,Customer 3190,Other,49,Coimbatore,2025-10-10,585,True
CUST03191,6,13,14550.97,2425.1616666666664,2025-03-05,2026-06-22,Customer 3191,Other,39,Trichy,2026-03-25,474,True
CUST03192,1,1,919.2,919.2,2026-01-16,2026-01-16,Customer 3192,Other,22,Hyderabad,2025-08-12,0,False
CUST03193,4,6,7711.26,1927.815,2025-05-11,2026-08-31,Customer 3193,Female,63,Pondicherry,2024-12-17,477,True
CUST03194,3,9,9798.47,3266.1566666666663,2025-05-08,2026-03-28,Customer 3194,Other,42,Hyderabad,2026-01-23,324,True
CUST03195,3,10,12797.5,4265.833333333333,2025-04-28,2025-12-29,Customer 3195,Other,45,Trichy,2025-10-19,245,True
CUST03196,4,13,11762.27,2940.5675,2024-11-26,2025-10-15,Customer 3196,Female,25,Salem,2024-08-16,323,True
CUST03197,2,7,5147.98,2573.99,2025-04-10,2026-06-13,Customer 3197,Male,23,Thanjavur,2024-03-30,429,True
CUST03198,1,1,991.43,991.43,2026-06-24,2026-06-24,Customer 3198,Other,30,Pondicherry,2026-01-28,0,False
CUST03199,1,3,2710.11,2710.11,2025-02-05,2025-02-05,Customer 3199,Other,41,Madurai,2024-04-28,0,False
CUST03200,7,12,10544.34,1506.3342857142857,2025-04-16,2026-10-14,Customer 3200,Female,42,Bengaluru,2026-05-23,546,True
CUST03201,6,15,17178.59,2863.0983333333334,2025-01-14,2026-09-17,Customer 3201,Male,37,Chennai,2026-01-24,611,True
CUST03202,4,8,12437.28,3109.32,2025-06-19,2026-09-18,Customer 3202,Other,30,Tirunelveli,2025-08-27,456,True
CUST03203,2,6,7832.89,3916.445,2026-03-21,2026-11-15,Customer 3203,Female,41,Hyderabad,2025-03-09,239,True
CUST03204,5,7,5295.41,1059.0819999999999,2025-01-06,2026-09-30,Customer 3204,Male,51,Hyderabad,2026-03-26,632,True
CUST03205,6,16,19067.54,3177.9233333333336,2024-12-10,2026-03-20,Customer 3205,Other,32,Coimbatore,2025-09-08,465,True
CUST03206,1,1,511.09,511.09,2026-02-27,2026-02-27,Customer 3206,Male,52,Erode,2025-02-08,0,False
CUST03207,1,3,2263.62,2263.62,2026-06-06,2026-06-06,Customer 3207,Male,36,Trichy,2024-11-19,0,False
CUST03208,1,1,1412.82,1412.82,2026-06-29,2026-06-29,Customer 3208,Other,47,Madurai,2025-05-26,0,False
CUST03209,1,3,6286.41,6286.41,2026-08-24,2026-08-24,Customer 3209,Female,27,Pondicherry,2025-09-07,0,False
CUST03210,1,3,2745.39,2745.39,2025-09-06,2025-09-06,Customer 3210,Other,20,Bengaluru,2025-11-12,0,False
CUST03211,3,7,9302.45,3100.816666666667,2025-05-28,2026-01-21,Customer 3211,Female,50,Pondicherry,2024-11-23,238,True
CUST03212,5,11,8437.54,1687.5080000000003,2025-02-26,2026-08-17,Customer 3212,Female,63,Bengaluru,2024-05-06,537,True
CUST03213,2,4,4295.08,2147.54,2025-03-19,2025-05-02,Customer 3213,Other,31,Erode,2025-05-04,44,True
CUST03214,6,13,13853.91,2308.985,2025-01-29,2026-02-13,Customer 3214,Other,42,Chennai,2024-10-25,380,True
CUST03215,4,8,5046.46,1261.615,2025-03-07,2026-07-15,Customer 3215,Female,27,Pondicherry,2026-04-09,495,True
CUST03216,3,5,5542.24,1847.4133333333332,2025-02-04,2025-09-15,Customer 3216,Other,32,Pondicherry,2024-08-03,223,True
CUST03217,6,17,12093.369999999999,2015.5616666666665,2024-12-10,2026-04-07,Customer 3217,Male,29,Erode,2026-01-23,483,True
CUST03218,7,9,10000.880000000001,1428.697142857143,2025-04-08,2026-11-01,Customer 3218,Female,37,Hyderabad,2026-01-14,572,True
CUST03219,6,16,22818.16,3803.0266666666666,2025-07-27,2026-05-29,Customer 3219,Male,19,Vellore,2026-05-18,306,True
CUST03221,4,11,9225.61,2306.4025,2025-05-06,2026-04-15,Customer 3221,Female,43,Tirunelveli,2025-04-29,344,True
CUST03222,4,5,4879.19,1219.7975,2025-02-19,2026-10-07,Customer 3222,Other,64,Salem,2024-03-14,595,True
CUST03223,5,7,10008.95,2001.7900000000002,2025-02-27,2026-12-12,Customer 3223,Other,30,Pondicherry,2024-10-16,653,True
CUST03224,2,6,3784.41,1892.205,2025-07-05,2026-09-21,Customer 3224,Other,43,Coimbatore,2026-05-26,443,True
CUST03225,6,11,12872.17,2145.3616666666667,2024-11-12,2026-04-02,Customer 3225,Female,55,Chennai,2024-05-14,506,True
CUST03226,1,1,601.22,601.22,2025-09-26,2025-09-26,Customer 3226,Other,37,Erode,2026-05-20,0,False
CUST03227,3,7,12948.46,4316.153333333333,2025-05-21,2026-04-20,Customer 3227,Male,54,Madurai,2025-11-01,334,True
CUST03228,4,6,5602.76,1400.69,2026-03-10,2026-08-29,Customer 3228,Other,48,Salem,2025-03-28,172,True
CUST03229,3,11,4310.72,1436.9066666666668,2025-02-17,2026-08-06,Customer 3229,Male,31,Pondicherry,2024-05-28,535,True
CUST03230,6,10,7868.33,1311.3883333333333,2025-03-07,2026-05-20,Customer 3230,Other,59,Chennai,2024-07-19,439,True
CUST03231,1,2,1446.28,1446.28,2025-04-17,2025-04-17,Customer 3231,Other,54,Coimbatore,2025-01-05,0,False
CUST03232,3,8,9384.41,3128.1366666666668,2025-02-03,2026-05-19,Customer 3232,Male,42,Tirunelveli,2025-11-25,470,True
CUST03233,8,18,22681.72,2835.215,2025-01-13,2026-09-14,Customer 3233,Male,21,Coimbatore,2025-11-26,609,True
CUST03234,5,8,13257.76,2651.552,2025-11-29,2026-10-13,Customer 3234,Female,29,Chennai,2024-12-30,318,True
CUST03235,3,9,11546.76,3848.92,2025-09-23,2026-08-14,Customer 3235,Other,59,Thanjavur,2024-04-30,325,True
CUST03236,3,8,9062.029999999999,3020.6766666666663,2025-09-25,2026-06-22,Customer 3236,Female,27,Hyderabad,2025-08-30,270,True
CUST03237,2,10,16176.7,8088.35,2024-12-03,2026-04-29,Customer 3237,Female,33,Chennai,2026-01-09,512,True
CUST03238,2,9,13104.439999999999,6552.219999999999,2025-01-31,2026-02-21,Customer 3238,Male,43,Erode,2024-05-01,386,True
CUST03239,3,6,3233.63,1077.8766666666668,2025-03-18,2025-10-07,Customer 3239,Other,56,Madurai,2024-11-05,203,True
CUST03240,3,6,6984.47,2328.1566666666668,2025-04-05,2026-05-12,Customer 3240,Other,42,Pondicherry,2025-10-30,402,True
CUST03241,3,5,3776.56,1258.8533333333332,2025-02-01,2026-12-13,Customer 3241,Other,60,Coimbatore,2026-03-25,680,True
CUST03242,4,5,4083.32,1020.83,2025-06-19,2026-04-17,Customer 3242,Female,59,Tirunelveli,2026-03-07,302,True
CUST03243,3,8,6269.49,2089.83,2025-05-10,2025-09-12,Customer 3243,Other,59,Erode,2024-10-08,125,True
CUST03244,8,24,25164.04,3145.505,2025-02-10,2026-06-22,Customer 3244,Male,25,Coimbatore,2025-01-11,497,True
CUST03245,1,1,776.16,776.16,2025-06-26,2025-06-26,Customer 3245,Male,49,Hyderabad,2024-03-25,0,False
CUST03246,2,4,6391.900000000001,3195.9500000000003,2025-11-26,2026-08-17,Customer 3246,Other,32,Chennai,2025-11-15,264,True
CUST03247,1,1,1015.25,1015.25,2025-05-30,2025-05-30,Customer 3247,Other,54,Erode,2025-08-23,0,False
CUST03248,4,4,4257.07,1064.2675,2025-01-31,2026-10-15,Customer 3248,Other,65,Coimbatore,2024-10-07,622,True
CUST03249,7,12,8990.28,1284.3257142857144,2025-04-08,2026-07-17,Customer 3249,Other,29,Tirunelveli,2026-03-24,465,True
CUST03250,5,7,8178.84,1635.768,2025-07-23,2026-08-17,Customer 3250,Other,62,Tirunelveli,2025-05-10,390,True
CUST03251,3,3,4446.96,1482.32,2025-11-18,2026-06-27,Customer 3251,Other,26,Coimbatore,2024-11-01,221,True
CUST03252,4,7,7247.75,1811.9375,2025-08-31,2026-01-12,Customer 3252,Male,63,Vellore,2024-11-29,134,True
CUST03253,2,2,1757.5300000000002,878.7650000000001,2025-01-20,2025-08-16,Customer 3253,Female,62,Chennai,2024-07-08,208,True
CUST03254,2,3,1955.75,977.875,2026-06-09,2026-10-26,Customer 3254,Other,52,Vellore,2025-02-07,139,True
CUST03255,3,6,6444.73,2148.2433333333333,2024-12-04,2026-06-27,Customer 3255,Male,51,Bengaluru,2025-05-15,570,True
CUST03256,2,6,6650.1900000000005,3325.0950000000003,2025-06-14,2026-02-09,Customer 3256,Other,59,Coimbatore,2025-07-05,240,True
CUST03257,4,12,16617.600000000002,4154.400000000001,2025-06-17,2026-10-23,Customer 3257,Male,60,Coimbatore,2026-02-10,493,True
CUST03258,5,16,14943.58,2988.716,2024-12-10,2026-09-20,Customer 3258,Other,62,Madurai,2024-07-04,649,True
CUST03259,4,5,4583.64,1145.91,2025-06-08,2026-08-03,Customer 3259,Other,46,Thanjavur,2024-01-06,421,True
CUST03260,2,4,4939.28,2469.64,2025-02-24,2026-09-10,Customer 3260,Male,26,Bengaluru,2024-05-05,563,True
CUST03261,2,7,10790.72,5395.36,2025-04-13,2025-10-13,Customer 3261,Other,28,Coimbatore,2024-07-30,183,True
CUST03262,5,9,7846.8,1569.3600000000001,2025-11-07,2026-11-17,Customer 3262,Female,20,Coimbatore,2025-07-29,375,True
CUST03263,6,13,13995.710000000001,2332.6183333333333,2024-12-28,2026-04-27,Customer 3263,Other,37,Thanjavur,2024-05-07,485,True
CUST03264,4,5,5768.900000000001,1442.2250000000001,2025-04-18,2026-10-17,Customer 3264,Male,45,Hyderabad,2025-07-11,547,True
CUST03265,4,8,6525.58,1631.395,2025-07-27,2026-10-25,Customer 3265,Male,37,Chennai,2024-01-01,455,True
CUST03266,4,12,17091.96,4272.99,2025-01-10,2026-05-01,Customer 3266,Female,60,Vellore,2025-06-15,476,True
CUST03267,5,11,7078.360000000001,1415.672,2025-01-18,2025-07-22,Customer 3267,Male,54,Erode,2025-03-31,185,True
CUST03268,2,5,3184.6,1592.3,2025-06-06,2026-07-10,Customer 3268,Female,51,Thanjavur,2025-12-12,399,True
CUST03269,6,16,11517.36,1919.5600000000002,2024-12-12,2026-10-19,Customer 3269,Other,50,Trichy,2025-09-12,676,True
CUST03270,2,3,3725.94,1862.97,2025-01-30,2026-01-04,Customer 3270,Male,60,Chennai,2025-12-05,339,True
CUST03271,1,4,7538.68,7538.68,2025-09-14,2025-09-14,Customer 3271,Male,30,Madurai,2024-08-30,0,False
CUST03272,3,3,2860.5199999999995,953.5066666666665,2024-12-22,2026-04-12,Customer 3272,Male,26,Bengaluru,2024-11-02,476,True
CUST03273,2,3,3004.9,1502.45,2025-01-10,2025-12-01,Customer 3273,Male,55,Thanjavur,2025-07-19,325,True
CUST03274,1,1,1141.43,1141.43,2025-05-14,2025-05-14,Customer 3274,Male,64,Bengaluru,2024-10-11,0,False
CUST03275,3,4,3568.8,1189.6000000000001,2025-07-13,2026-09-25,Customer 3275,Male,53,Salem,2025-03-08,439,True
CUST03276,8,17,14821.14,1852.6425,2025-01-12,2026-03-24,Customer 3276,Female,59,Madurai,2024-09-23,436,True
CUST03277,4,9,10534.859999999999,2633.7149999999997,2024-12-16,2026-09-19,Customer 3277,Female,23,Salem,2025-02-13,642,True
CUST03278,4,12,9230.939999999999,2307.7349999999997,2026-03-23,2026-10-19,Customer 3278,Female,62,Madurai,2025-11-23,210,True
CUST03279,3,9,8302.82,2767.6066666666666,2024-12-13,2026-01-30,Customer 3279,Male,22,Hyderabad,2025-07-02,413,True
CUST03280,6,20,22461.69,3743.615,2025-07-26,2026-09-30,Customer 3280,Female,58,Pondicherry,2026-01-20,431,True
CUST03281,4,8,4200.110000000001,1050.0275000000001,2025-09-13,2026-06-18,Customer 3281,Male,63,Thanjavur,2025-10-23,278,True
CUST03282,5,11,12213.67,2442.734,2025-04-29,2026-07-06,Customer 3282,Other,59,Vellore,2025-07-31,433,True
CUST03283,2,4,1969.5800000000002,984.7900000000001,2026-05-19,2026-10-30,Customer 3283,Male,44,Madurai,2025-09-11,164,True
CUST03284,4,11,10895.2,2723.8,2025-05-31,2026-03-03,Customer 3284,Female,42,Chennai,2024-11-19,276,True
CUST03285,6,10,8102.64,1350.44,2025-01-12,2026-05-08,Customer 3285,Male,22,Salem,2025-09-10,481,True
CUST03286,1,3,2566.77,2566.77,2025-10-06,2025-10-06,Customer 3286,Other,25,Hyderabad,2024-05-07,0,False
CUST03287,4,15,18271.34,4567.835,2025-03-10,2026-06-02,Customer 3287,Female,22,Thanjavur,2025-07-15,449,True
CUST03288,5,12,12399.96,2479.9919999999997,2024-12-06,2026-08-20,Customer 3288,Male,41,Thanjavur,2025-10-17,622,True
CUST03289,6,17,11232.710000000001,1872.1183333333336,2025-04-15,2026-08-15,Customer 3289,Female,27,Trichy,2026-03-07,487,True
CUST03290,1,2,1216.2,1216.2,2025-11-27,2025-11-27,Customer 3290,Male,24,Tirunelveli,2024-10-07,0,False
CUST03291,3,5,5062.97,1687.6566666666668,2025-01-10,2026-03-14,Customer 3291,Female,24,Coimbatore,2024-08-15,428,True
CUST03292,4,5,4226.6,1056.65,2025-05-05,2026-08-08,Customer 3292,Other,64,Salem,2024-06-28,460,True
CUST03293,2,3,3011.52,1505.76,2026-03-02,2026-03-27,Customer 3293,Female,24,Vellore,2025-08-25,25,True
CUST03294,6,20,14508.67,2418.1116666666667,2025-05-25,2026-10-16,Customer 3294,Other,54,Salem,2024-12-23,509,True
CUST03295,4,9,8893.28,2223.32,2025-05-02,2026-06-17,Customer 3295,Female,56,Coimbatore,2025-07-18,411,True
CUST03296,1,3,3188.49,3188.49,2025-04-09,2025-04-09,Customer 3296,Male,38,Tirunelveli,2024-02-19,0,False
CUST03297,2,2,2143.66,1071.83,2025-09-23,2026-02-08,Customer 3297,Female,65,Hyderabad,2024-07-04,138,True
CUST03298,6,10,9605.65,1600.9416666666666,2025-04-25,2026-10-21,Customer 3298,Other,53,Bengaluru,2026-03-18,544,True
CUST03299,7,15,10736.689999999999,1533.812857142857,2024-12-25,2026-09-22,Customer 3299,Female,48,Bengaluru,2026-05-20,636,True
CUST03300,4,9,9388.02,2347.005,2025-07-27,2026-10-16,Customer 3300,Female,18,Hyderabad,2024-05-10,446,True
CUST03301,5,13,17080.739999999998,3416.1479999999997,2025-03-01,2026-08-02,Customer 3301,Other,27,Hyderabad,2025-06-09,519,True
CUST03302,4,7,8486.46,2121.615,2025-06-11,2026-06-21,Customer 3302,Male,42,Bengaluru,2024-05-09,375,True
CUST03303,4,10,11238.740000000002,2809.6850000000004,2024-12-14,2025-08-21,Customer 3303,Female,21,Pondicherry,2026-01-23,250,True
CUST03304,1,1,906.38,906.38,2025-03-17,2025-03-17,Customer 3304,Female,63,Trichy,2025-10-16,0,False
CUST03305,2,8,11308.04,5654.02,2025-03-30,2025-04-03,Customer 3305,Other,44,Pondicherry,2025-11-25,4,True
CUST03306,4,4,5496.88,1374.22,2025-07-31,2026-08-22,Customer 3306,Male,46,Thanjavur,2025-04-13,387,True
CUST03307,4,11,13108.48,3277.12,2025-01-21,2026-07-22,Customer 3307,Female,50,Salem,2026-03-28,547,True
CUST03308,2,4,4329.64,2164.82,2025-06-01,2025-12-14,Customer 3308,Female,51,Pondicherry,2024-10-09,196,True
CUST03309,2,7,6963.61,3481.805,2025-04-08,2026-10-21,Customer 3309,Male,37,Hyderabad,2026-04-13,561,True
CUST03310,1,1,1761.44,1761.44,2025-06-22,2025-06-22,Customer 3310,Male,37,Tirunelveli,2026-05-28,0,False
CUST03311,3,5,5534.679999999999,1844.8933333333332,2025-01-18,2026-10-05,Customer 3311,Female,23,Hyderabad,2026-02-28,625,True
CUST03312,4,14,11298.43,2824.6075,2025-02-03,2025-11-08,Customer 3312,Male,64,Trichy,2024-03-22,278,True
CUST03313,5,13,13311.27,2662.254,2025-04-18,2026-07-26,Customer 3313,Male,54,Chennai,2024-04-05,464,True
CUST03314,3,7,9074.21,3024.736666666666,2025-06-01,2025-10-24,Customer 3314,Other,36,Vellore,2024-03-27,145,True
CUST03315,1,5,4814.95,4814.95,2025-02-17,2025-02-17,Customer 3315,Male,45,Hyderabad,2025-05-19,0,False
CUST03316,1,4,4611.64,4611.64,2025-01-29,2025-01-29,Customer 3316,Other,26,Erode,2025-06-04,0,False
CUST03317,2,5,6670.58,3335.29,2025-02-24,2025-07-22,Customer 3317,Other,61,Hyderabad,2025-05-24,148,True
CUST03318,4,12,13206.2,3301.55,2025-05-11,2026-07-20,Customer 3318,Other,25,Tirunelveli,2025-06-29,435,True
CUST03319,5,9,9972.17,1994.434,2024-12-17,2026-06-20,Customer 3319,Other,30,Pondicherry,2024-01-15,550,True
CUST03320,1,2,1432.4,1432.4,2024-12-31,2024-12-31,Customer 3320,Other,45,Pondicherry,2024-01-08,0,False
CUST03321,6,10,12444.029999999999,2074.0049999999997,2025-04-18,2026-10-05,Customer 3321,Other,40,Trichy,2025-07-01,535,True
CUST03322,7,12,11762.36,1680.337142857143,2025-03-07,2026-11-12,Customer 3322,Other,51,Hyderabad,2026-01-26,615,True
CUST03323,3,7,8989.650000000001,2996.5500000000006,2025-01-03,2026-06-29,Customer 3323,Male,56,Erode,2025-09-15,542,True
CUST03324,4,7,5667.74,1416.935,2025-03-15,2026-08-24,Customer 3324,Other,51,Trichy,2024-06-21,527,True
CUST03325,3,8,5288.6,1762.8666666666668,2025-08-21,2026-07-12,Customer 3325,Male,41,Madurai,2024-06-28,325,True
CUST03326,1,1,637.91,637.91,2025-09-25,2025-09-25,Customer 3326,Female,21,Tirunelveli,2025-06-10,0,False
CUST03327,4,8,9074.39,2268.5975,2025-10-03,2026-07-27,Customer 3327,Female,28,Thanjavur,2025-05-22,297,True
CUST03328,3,6,5948.12,1982.7066666666667,2025-02-02,2026-10-28,Customer 3328,Female,61,Trichy,2024-04-25,633,True
CUST03329,1,2,3768.52,3768.52,2026-07-10,2026-07-10,Customer 3329,Other,25,Salem,2026-05-01,0,False
CUST03330,4,10,8123.65,2030.9125,2025-07-05,2026-11-17,Customer 3330,Female,36,Salem,2024-11-02,500,True
CUST03331,5,8,8462.23,1692.446,2025-01-30,2026-02-01,Customer 3331,Male,65,Hyderabad,2024-08-06,367,True
CUST03332,4,6,5788.1900000000005,1447.0475000000001,2025-03-02,2026-07-09,Customer 3332,Female,31,Salem,2025-08-05,494,True
CUST03333,3,8,9163.25,3054.4166666666665,2024-11-25,2026-05-02,Customer 3333,Other,20,Erode,2025-10-20,523,True
CUST03334,6,11,10304.369999999999,1717.3949999999998,2025-02-11,2026-07-11,Customer 3334,Female,21,Thanjavur,2025-09-24,515,True
CUST03335,1,3,3382.62,3382.62,2025-04-18,2025-04-18,Customer 3335,Other,47,Thanjavur,2024-01-07,0,False
CUST03336,6,14,14626.220000000001,2437.7033333333334,2025-01-11,2026-03-12,Customer 3336,Female,24,Chennai,2024-11-01,425,True
CUST03337,3,4,4027.5600000000004,1342.5200000000002,2025-03-31,2026-09-27,Customer 3337,Other,29,Tirunelveli,2024-12-24,545,True
CUST03338,6,16,17429.07,2904.845,2025-10-19,2026-09-22,Customer 3338,Male,24,Tirunelveli,2024-12-29,338,True
CUST03339,5,8,8032.78,1606.556,2025-05-05,2026-11-10,Customer 3339,Male,23,Vellore,2025-05-18,554,True
CUST03340,6,15,16147.45,2691.241666666667,2024-12-12,2026-05-14,Customer 3340,Male,44,Coimbatore,2025-06-10,518,True
CUST03341,6,10,8137.66,1356.2766666666666,2025-04-21,2026-08-11,Customer 3341,Male,27,Hyderabad,2025-05-14,477,True
CUST03342,2,7,9745.85,4872.925,2025-09-08,2025-10-19,Customer 3342,Male,48,Tirunelveli,2024-09-13,41,True
CUST03343,5,9,7944.900000000001,1588.98,2025-01-06,2026-12-18,Customer 3343,Female,41,Tirunelveli,2025-01-18,711,True
CUST03344,3,3,2048.7799999999997,682.9266666666666,2025-02-07,2025-07-24,Customer 3344,Other,35,Coimbatore,2024-07-05,167,True
CUST03345,3,13,7984.22,2661.4066666666668,2025-04-12,2026-08-22,Customer 3345,Other,46,Madurai,2025-03-25,497,True
CUST03346,3,6,7531.66,2510.5533333333333,2025-06-27,2026-06-20,Customer 3346,Female,65,Tirunelveli,2024-05-23,358,True
CUST03347,4,8,10098.44,2524.61,2024-12-27,2026-04-11,Customer 3347,Female,63,Trichy,2024-01-06,470,True
CUST03348,9,17,19216.3,2135.144444444444,2025-03-20,2026-08-11,Customer 3348,Male,36,Chennai,2024-04-23,509,True
CUST03349,5,11,15234.5,3046.9,2024-12-26,2026-09-28,Customer 3349,Female,44,Pondicherry,2024-05-16,641,True
CUST03350,3,6,3050.1,1016.6999999999999,2026-02-05,2026-11-12,Customer 3350,Male,28,Hyderabad,2024-12-05,280,True
CUST03351,3,4,3176.0099999999998,1058.6699999999998,2025-01-01,2025-08-15,Customer 3351,Female,60,Salem,2024-07-22,226,True
CUST03352,3,6,7578.08,2526.0266666666666,2025-02-18,2026-02-05,Customer 3352,Female,49,Vellore,2024-05-01,352,True
CUST03353,3,7,9469.029999999999,3156.343333333333,2024-12-14,2026-02-06,Customer 3353,Other,63,Madurai,2025-05-22,419,True
CUST03354,5,8,6663.02,1332.604,2024-11-26,2025-12-09,Customer 3354,Female,50,Pondicherry,2024-11-28,378,True
CUST03355,2,2,1232.85,616.425,2026-03-08,2026-05-14,Customer 3355,Female,26,Coimbatore,2026-01-29,67,True
CUST03356,6,15,16553.42,2758.903333333333,2025-04-14,2026-08-28,Customer 3356,Male,26,Madurai,2024-04-20,501,True
CUST03357,2,9,11088.44,5544.22,2025-07-27,2026-06-15,Customer 3357,Other,18,Hyderabad,2024-12-18,323,True
CUST03358,2,4,2096.28,1048.14,2025-02-08,2026-04-22,Customer 3358,Male,61,Thanjavur,2024-08-30,438,True
CUST03359,3,6,5629.62,1876.54,2025-02-18,2026-08-31,Customer 3359,Other,65,Chennai,2025-03-15,559,True
CUST03360,3,10,8863.119999999999,2954.373333333333,2025-08-05,2026-11-15,Customer 3360,Female,36,Salem,2025-03-20,467,True
CUST03361,4,5,4704.960000000001,1176.2400000000002,2025-05-26,2025-11-24,Customer 3361,Male,45,Trichy,2025-05-12,182,True
CUST03362,4,7,3974.8099999999995,993.7024999999999,2024-12-30,2026-01-24,Customer 3362,Male,64,Vellore,2025-09-24,390,True
CUST03363,5,10,14628.34,2925.668,2024-12-28,2026-08-14,Customer 3363,Male,35,Coimbatore,2024-07-10,594,True
CUST03364,10,19,22883.75,2288.375,2025-01-17,2026-09-28,Customer 3364,Female,62,Trichy,2026-06-03,619,True
CUST03365,8,14,14253.34,1781.6675,2025-02-21,2026-08-21,Customer 3365,Female,30,Erode,2025-11-13,546,True
CUST03366,4,10,9853.07,2463.2675,2024-12-23,2026-07-01,Customer 3366,Male,62,Pondicherry,2025-12-24,555,True
CUST03367,1,1,333.03,333.03,2025-10-27,2025-10-27,Customer 3367,Other,29,Trichy,2025-05-29,0,False
CUST03368,5,7,5976.22,1195.2440000000001,2025-07-19,2026-07-02,Customer 3368,Other,58,Hyderabad,2026-05-25,348,True
CUST03369,3,4,3036.14,1012.0466666666666,2024-12-19,2026-05-23,Customer 3369,Male,25,Madurai,2024-06-01,520,True
CUST03370,4,10,11247.61,2811.9025,2025-01-10,2026-08-24,Customer 3370,Male,35,Trichy,2025-02-14,591,True
CUST03371,4,7,7500.09,1875.0225,2025-08-07,2026-10-12,Customer 3371,Female,19,Bengaluru,2024-05-29,431,True
CUST03372,2,7,5346.43,2673.215,2026-02-18,2026-08-22,Customer 3372,Male,21,Tirunelveli,2024-07-23,185,True
CUST03373,4,8,6622.57,1655.6425,2025-04-24,2026-07-01,Customer 3373,Other,37,Pondicherry,2025-02-21,433,True
CUST03374,1,4,1748.68,1748.68,2025-10-04,2025-10-04,Customer 3374,Male,32,Thanjavur,2025-10-10,0,False
CUST03375,3,5,4293.46,1431.1533333333334,2024-12-21,2025-07-18,Customer 3375,Female,21,Vellore,2025-03-12,209,True
CUST03376,6,10,7782.43,1297.0716666666667,2025-03-19,2026-09-15,Customer 3376,Other,21,Salem,2025-03-13,545,True
CUST03377,5,10,10942.39,2188.478,2025-03-11,2026-07-18,Customer 3377,Female,41,Salem,2024-04-22,494,True
CUST03378,3,6,5828.12,1942.7066666666667,2025-03-19,2026-06-01,Customer 3378,Other,44,Trichy,2024-12-25,439,True
CUST03379,3,5,5335.79,1778.5966666666666,2025-12-09,2026-07-16,Customer 3379,Male,29,Chennai,2024-11-23,219,True
CUST03380,4,7,7051.75,1762.9375,2025-03-20,2026-08-13,Customer 3380,Male,60,Pondicherry,2024-01-01,511,True
CUST03381,5,11,13807.66,2761.532,2024-12-12,2026-08-16,Customer 3381,Male,36,Erode,2024-11-25,612,True
CUST03382,6,16,15408.84,2568.14,2025-01-24,2026-09-07,Customer 3382,Other,24,Tirunelveli,2024-10-13,591,True
CUST03383,8,16,13997.369999999999,1749.6712499999999,2025-04-11,2026-12-08,Customer 3383,Female,49,Thanjavur,2024-07-08,606,True
CUST03384,3,5,4330.4800000000005,1443.4933333333336,2025-02-01,2026-06-01,Customer 3384,Female,25,Coimbatore,2024-12-08,485,True
CUST03385,10,29,30855.56,3085.556,2025-04-14,2026-11-15,Customer 3385,Male,61,Vellore,2025-11-16,580,True
CUST03386,2,4,5283.87,2641.935,2025-11-10,2026-08-30,Customer 3386,Male,39,Thanjavur,2026-02-27,293,True
CUST03387,6,13,11024.79,1837.4650000000001,2025-03-24,2026-10-29,Customer 3387,Female,65,Bengaluru,2026-01-29,584,True
CUST03388,3,5,4442.62,1480.8733333333332,2025-06-08,2026-08-14,Customer 3388,Other,41,Trichy,2025-06-25,432,True
CUST03389,2,4,4279.25,2139.625,2025-06-23,2025-09-08,Customer 3389,Female,31,Bengaluru,2025-10-27,77,True
CUST03390,3,10,11553.67,3851.2233333333334,2025-06-07,2026-03-21,Customer 3390,Male,24,Madurai,2025-01-28,287,True
CUST03391,6,13,10169.77,1694.9616666666668,2024-12-18,2026-04-01,Customer 3391,Other,56,Coimbatore,2025-10-06,469,True
CUST03392,2,4,3720.0800000000004,1860.0400000000002,2025-06-26,2025-07-10,Customer 3392,Other,59,Trichy,2024-02-12,14,True
CUST03393,3,10,6955.6900000000005,2318.5633333333335,2024-11-13,2025-11-06,Customer 3393,Other,46,Coimbatore,2024-07-16,358,True
CUST03394,3,12,10295.32,3431.773333333333,2025-03-19,2026-02-19,Customer 3394,Other,57,Thanjavur,2024-03-17,337,True
CUST03395,6,9,11202.23,1867.0383333333332,2025-03-11,2026-09-11,Customer 3395,Other,48,Trichy,2024-11-04,549,True
CUST03396,4,7,10608.24,2652.06,2024-12-21,2026-09-10,Customer 3396,Other,27,Chennai,2025-06-30,628,True
CUST03397,5,10,6589.1,1317.8200000000002,2025-04-07,2026-08-12,Customer 3397,Male,44,Vellore,2024-05-10,492,True
CUST03398,2,8,9193.789999999999,4596.8949999999995,2025-08-11,2026-07-12,Customer 3398,Female,53,Thanjavur,2025-12-29,335,True
CUST03399,4,9,12405.56,3101.39,2024-12-17,2026-08-29,Customer 3399,Female,58,Pondicherry,2025-01-09,620,True
CUST03400,2,6,5588.34,2794.17,2025-04-27,2026-01-22,Customer 3400,Female,22,Erode,2024-04-30,270,True
CUST03401,7,18,15333.44,2190.4914285714285,2025-01-23,2026-07-17,Customer 3401,Other,50,Chennai,2025-03-05,540,True
CUST03402,8,18,15675.869999999999,1959.4837499999999,2024-12-13,2026-09-09,Customer 3402,Other,35,Pondicherry,2024-06-19,635,True
CUST03403,5,11,14922.589999999998,2984.5179999999996,2025-11-01,2026-05-23,Customer 3403,Female,20,Bengaluru,2024-05-12,203,True
CUST03404,4,10,8273.86,2068.465,2026-01-16,2026-07-14,Customer 3404,Other,30,Pondicherry,2024-03-03,179,True
CUST03405,4,10,7237.94,1809.485,2025-05-19,2026-10-21,Customer 3405,Female,49,Hyderabad,2026-04-14,520,True
CUST03406,2,6,6172.26,3086.13,2024-11-18,2025-05-31,Customer 3406,Other,22,Madurai,2025-06-29,194,True
CUST03407,5,6,6895.49,1379.098,2025-03-04,2026-04-10,Customer 3407,Other,42,Vellore,2025-03-24,402,True
CUST03408,2,4,3629.0,1814.5,2025-10-16,2025-12-05,Customer 3408,Female,43,Bengaluru,2026-03-09,50,True
CUST03409,4,6,6779.82,1694.955,2025-02-10,2026-10-02,Customer 3409,Male,29,Chennai,2024-10-05,599,True
CUST03410,4,7,8802.31,2200.5775,2025-05-13,2026-09-09,Customer 3410,Other,31,Bengaluru,2024-06-12,484,True
CUST03411,3,4,3959.6299999999997,1319.8766666666666,2025-01-22,2026-02-08,Customer 3411,Male,50,Erode,2025-12-14,382,True
CUST03412,7,15,15708.06,2244.0085714285715,2025-08-01,2026-08-08,Customer 3412,Other,64,Vellore,2025-05-30,372,True
CUST03413,3,5,6546.860000000001,2182.286666666667,2025-07-11,2026-01-19,Customer 3413,Female,32,Salem,2024-09-22,192,True
CUST03414,6,12,12289.369999999999,2048.228333333333,2024-12-01,2026-08-16,Customer 3414,Female,53,Coimbatore,2025-12-26,623,True
CUST03415,6,12,11244.19,1874.0316666666668,2025-01-14,2026-04-29,Customer 3415,Male,20,Vellore,2024-06-24,470,True
CUST03416,8,15,12093.26,1511.6575,2025-04-01,2026-12-11,Customer 3416,Female,20,Hyderabad,2024-08-31,619,True
CUST03417,1,4,1850.52,1850.52,2026-03-03,2026-03-03,Customer 3417,Female,26,Salem,2024-05-31,0,False
CUST03418,4,4,3117.45,779.3625,2024-11-15,2026-12-02,Customer 3418,Male,59,Trichy,2026-06-13,747,True
CUST03419,2,5,2027.81,1013.905,2025-04-12,2025-08-24,Customer 3419,Male,52,Coimbatore,2026-04-23,134,True
CUST03420,5,13,10322.96,2064.5919999999996,2025-02-15,2026-06-30,Customer 3420,Other,40,Hyderabad,2024-01-02,500,True
CUST03421,2,5,5818.0599999999995,2909.0299999999997,2025-06-09,2026-09-27,Customer 3421,Female,38,Coimbatore,2025-09-11,475,True
CUST03422,6,12,13038.3,2173.0499999999997,2025-02-13,2026-09-01,Customer 3422,Other,34,Pondicherry,2025-12-23,565,True
CUST03423,3,11,8398.11,2799.3700000000003,2025-06-20,2026-11-02,Customer 3423,Female,57,Salem,2024-05-16,500,True
CUST03424,8,19,23330.54,2916.3175,2024-12-19,2026-09-13,Customer 3424,Male,58,Chennai,2024-11-28,633,True
CUST03425,4,10,9301.14,2325.285,2025-06-09,2026-06-10,Customer 3425,Female,32,Pondicherry,2026-04-23,366,True
CUST03426,1,2,2179.26,2179.26,2026-01-07,2026-01-07,Customer 3426,Male,34,Chennai,2024-10-13,0,False
CUST03427,4,9,6490.7,1622.675,2025-04-05,2026-07-24,Customer 3427,Other,55,Coimbatore,2025-07-04,475,True
CUST03428,5,14,16372.78,3274.556,2025-02-24,2026-08-09,Customer 3428,Other,62,Tirunelveli,2026-01-09,531,True
CUST03429,4,13,12195.95,3048.9875,2025-01-18,2026-02-14,Customer 3429,Female,58,Hyderabad,2025-10-31,392,True
CUST03430,6,10,10012.3,1668.7166666666665,2025-06-02,2026-08-31,Customer 3430,Other,31,Erode,2025-09-10,455,True
CUST03431,5,14,12416.46,2483.292,2025-10-27,2026-10-29,Customer 3431,Female,35,Trichy,2024-08-13,367,True
CUST03432,4,8,7408.360000000001,1852.0900000000001,2025-01-12,2026-01-19,Customer 3432,Other,43,Madurai,2025-08-18,372,True
CUST03433,3,6,4502.2,1500.7333333333333,2025-02-14,2026-02-16,Customer 3433,Male,64,Pondicherry,2025-04-01,367,True
CUST03434,8,15,16062.54,2007.8175,2025-05-28,2026-09-03,Customer 3434,Female,27,Erode,2025-03-20,463,True
CUST03435,9,16,17382.8,1931.4222222222222,2025-07-23,2026-08-26,Customer 3435,Female,29,Erode,2024-04-05,399,True
CUST03436,9,18,13511.93,1501.3255555555556,2025-01-09,2026-10-06,Customer 3436,Male,30,Bengaluru,2024-07-08,635,True
CUST03437,6,12,11883.720000000001,1980.6200000000001,2025-03-02,2026-11-07,Customer 3437,Other,29,Hyderabad,2025-05-17,615,True
CUST03438,2,6,3506.7700000000004,1753.3850000000002,2025-03-23,2026-12-14,Customer 3438,Male,37,Madurai,2024-10-15,631,True
CUST03439,4,13,16142.91,4035.7275,2025-01-20,2026-04-08,Customer 3439,Female,61,Bengaluru,2024-06-30,443,True
CUST03440,3,8,8639.7,2879.9,2025-07-01,2026-03-21,Customer 3440,Male,27,Coimbatore,2024-07-11,263,True
CUST03441,3,8,10520.11,3506.7033333333334,2025-07-10,2026-04-21,Customer 3441,Male,47,Hyderabad,2025-03-12,285,True
CUST03442,5,8,9091.82,1818.364,2025-03-09,2026-12-12,Customer 3442,Male,64,Vellore,2025-02-16,643,True
CUST03443,6,14,13122.099999999999,2187.0166666666664,2025-06-30,2026-04-10,Customer 3443,Other,18,Bengaluru,2024-05-20,284,True
CUST03444,2,3,4438.8099999999995,2219.4049999999997,2025-03-12,2026-07-14,Customer 3444,Female,42,Chennai,2024-04-12,489,True
CUST03445,5,11,9243.48,1848.696,2025-01-13,2026-05-27,Customer 3445,Male,59,Chennai,2024-04-22,499,True
CUST03446,2,3,4591.1,2295.55,2025-06-13,2025-09-01,Customer 3446,Male,23,Salem,2024-05-15,80,True
CUST03447,4,6,4378.18,1094.545,2025-02-12,2026-10-13,Customer 3447,Other,56,Chennai,2024-05-26,608,True
CUST03448,3,7,4814.31,1604.7700000000002,2025-06-08,2026-10-12,Customer 3448,Male,24,Vellore,2026-03-22,491,True
CUST03449,5,12,14702.95,2940.59,2025-01-19,2026-09-05,Customer 3449,Female,63,Coimbatore,2026-01-23,594,True
CUST03450,5,12,12087.84,2417.568,2025-04-04,2026-07-22,Customer 3450,Male,48,Bengaluru,2024-07-26,474,True
CUST03451,3,6,7479.73,2493.2433333333333,2025-08-05,2026-10-01,Customer 3451,Male,37,Thanjavur,2025-03-30,422,True
CUST03452,3,4,4325.83,1441.9433333333334,2025-02-19,2025-08-02,Customer 3452,Male,33,Chennai,2025-05-05,164,True
CUST03453,6,16,15805.5,2634.25,2025-04-05,2026-08-13,Customer 3453,Other,35,Hyderabad,2025-07-10,495,True
CUST03454,6,14,11583.99,1930.665,2025-01-02,2026-10-28,Customer 3454,Male,19,Chennai,2025-07-10,664,True
CUST03455,3,8,9928.55,3309.5166666666664,2025-06-18,2026-05-18,Customer 3455,Other,36,Coimbatore,2024-04-15,334,True
CUST03456,2,2,1339.25,669.625,2025-02-12,2026-11-03,Customer 3456,Female,27,Chennai,2025-06-07,629,True
CUST03457,4,13,14584.81,3646.2025,2025-05-09,2026-12-20,Customer 3457,Male,32,Tirunelveli,2024-08-17,590,True
CUST03458,6,7,5531.09,921.8483333333334,2025-03-03,2026-09-29,Customer 3458,Male,40,Hyderabad,2025-01-29,575,True
CUST03459,4,13,11083.470000000001,2770.8675000000003,2025-01-03,2026-08-20,Customer 3459,Male,61,Tirunelveli,2024-10-20,594,True
CUST03460,3,9,6312.4,2104.133333333333,2025-06-08,2026-04-18,Customer 3460,Other,25,Erode,2025-12-04,314,True
CUST03461,3,4,4575.68,1525.2266666666667,2025-05-26,2026-04-23,Customer 3461,Male,32,Coimbatore,2024-06-22,332,True
CUST03462,4,8,8635.01,2158.7525,2024-11-14,2025-10-27,Customer 3462,Female,22,Bengaluru,2024-10-15,347,True
CUST03463,2,6,4183.41,2091.705,2025-01-13,2025-03-20,Customer 3463,Male,41,Coimbatore,2024-12-07,66,True
CUST03464,4,10,10344.32,2586.08,2025-05-05,2025-11-10,Customer 3464,Other,27,Madurai,2024-02-14,189,True
CUST03466,2,6,6765.27,3382.635,2025-03-13,2025-06-29,Customer 3466,Other,45,Madurai,2024-07-04,108,True
CUST03467,1,1,724.98,724.98,2025-04-26,2025-04-26,Customer 3467,Other,37,Bengaluru,2025-11-14,0,False
CUST03468,1,2,2213.7,2213.7,2025-08-14,2025-08-14,Customer 3468,Female,40,Coimbatore,2026-04-17,0,False
CUST03469,1,1,430.86,430.86,2026-04-10,2026-04-10,Customer 3469,Female,60,Thanjavur,2024-10-04,0,False
CUST03470,8,17,18454.48,2306.81,2025-03-31,2026-04-14,Customer 3470,Other,22,Chennai,2024-09-28,379,True
CUST03471,4,10,11425.09,2856.2725,2025-05-03,2025-09-20,Customer 3471,Male,59,Madurai,2026-06-01,140,True
CUST03472,6,12,14547.390000000001,2424.565,2025-04-27,2026-06-25,Customer 3472,Male,42,Erode,2024-11-23,424,True
CUST03473,6,18,16742.43,2790.405,2025-01-29,2026-10-09,Customer 3473,Female,22,Coimbatore,2026-01-08,618,True
CUST03474,4,12,15074.15,3768.5375,2025-05-03,2026-09-21,Customer 3474,Female,64,Salem,2025-08-14,506,True
CUST03475,8,22,14465.210000000001,1808.1512500000001,2024-12-05,2026-08-23,Customer 3475,Male,38,Madurai,2024-05-28,626,True
CUST03476,3,7,8769.49,2923.1633333333334,2025-01-02,2026-07-25,Customer 3476,Female,40,Thanjavur,2024-07-05,569,True
CUST03477,7,16,13372.53,1910.3614285714286,2025-01-29,2026-07-15,Customer 3477,Female,48,Pondicherry,2025-05-21,532,True
CUST03478,4,6,5783.0,1445.75,2025-03-02,2026-03-07,Customer 3478,Other,58,Thanjavur,2025-02-27,370,True
CUST03479,4,6,5200.52,1300.13,2024-11-09,2026-10-21,Customer 3479,Other,33,Tirunelveli,2024-05-21,711,True
CUST03480,3,9,11314.23,3771.41,2025-04-15,2025-10-11,Customer 3480,Other,49,Vellore,2025-03-04,179,True
CUST03481,5,7,8200.83,1640.166,2025-01-26,2026-02-17,Customer 3481,Female,52,Vellore,2025-06-30,387,True
CUST03482,3,5,2976.7200000000003,992.2400000000001,2025-06-07,2026-09-15,Customer 3482,Male,42,Coimbatore,2026-04-21,465,True
CUST03483,3,8,12340.74,4113.58,2024-12-20,2025-06-13,Customer 3483,Other,44,Vellore,2025-08-17,175,True
CUST03484,6,12,17331.08,2888.513333333334,2025-03-21,2026-04-08,Customer 3484,Other,65,Trichy,2025-08-14,383,True
CUST03485,7,11,8300.56,1185.7942857142857,2025-03-28,2026-09-16,Customer 3485,Male,33,Thanjavur,2025-12-20,537,True
CUST03486,3,10,10140.16,3380.0533333333333,2024-12-25,2026-04-19,Customer 3486,Male,19,Thanjavur,2024-01-03,480,True
CUST03487,7,17,16853.83,2407.69,2025-01-16,2026-07-23,Customer 3487,Female,26,Coimbatore,2025-07-25,553,True
CUST03488,4,9,8041.9800000000005,2010.4950000000001,2025-07-08,2026-09-02,Customer 3488,Female,41,Madurai,2024-03-02,421,True
CUST03489,6,14,13976.81,2329.4683333333332,2026-02-04,2026-09-14,Customer 3489,Female,27,Vellore,2024-10-28,222,True
CUST03490,5,12,11522.789999999999,2304.558,2024-11-23,2026-10-03,Customer 3490,Male,31,Trichy,2025-03-07,679,True
CUST03491,4,10,9433.4,2358.35,2025-05-22,2026-09-24,Customer 3491,Other,26,Coimbatore,2024-02-27,490,True
CUST03492,7,17,10626.95,1518.1357142857144,2025-02-14,2026-09-17,Customer 3492,Other,27,Tirunelveli,2025-12-13,580,True
CUST03493,3,5,7403.14,2467.7133333333336,2025-01-16,2025-11-28,Customer 3493,Male,62,Tirunelveli,2026-01-20,316,True
CUST03494,2,5,8655.24,4327.62,2025-04-22,2025-05-27,Customer 3494,Male,62,Coimbatore,2025-01-15,35,True
CUST03495,6,14,17439.5,2906.5833333333335,2024-12-14,2026-07-13,Customer 3495,Other,22,Erode,2025-11-09,576,True
CUST03496,3,4,2865.11,955.0366666666667,2024-11-22,2026-12-02,Customer 3496,Other,28,Chennai,2026-05-07,740,True
CUST03497,3,5,4927.76,1642.5866666666668,2025-01-12,2026-07-20,Customer 3497,Female,27,Coimbatore,2024-05-30,554,True
CUST03498,3,7,4229.71,1409.9033333333334,2025-11-18,2026-08-30,Customer 3498,Male,18,Bengaluru,2024-09-07,285,True
CUST03500,6,11,12955.630000000001,2159.271666666667,2025-04-20,2026-10-06,Customer 3500,Other,26,Pondicherry,2025-04-26,534,True
CUST03501,4,8,5952.72,1488.18,2025-10-25,2026-09-30,Customer 3501,Other,37,Erode,2025-06-24,340,True
CUST03502,5,8,8223.91,1644.782,2025-02-07,2026-09-21,Customer 3502,Other,39,Erode,2025-02-25,591,True
CUST03503,4,6,6513.87,1628.4675,2025-04-12,2026-07-23,Customer 3503,Other,62,Chennai,2026-03-11,467,True
CUST03504,7,13,16845.14,2406.4485714285715,2025-02-02,2026-10-31,Customer 3504,Male,27,Chennai,2024-10-20,636,True
CUST03505,2,6,6119.01,3059.505,2026-02-02,2026-09-25,Customer 3505,Male,56,Madurai,2025-10-19,235,True
CUST03506,7,13,10712.19,1530.3128571428572,2025-02-02,2026-09-04,Customer 3506,Male,18,Tirunelveli,2025-05-30,579,True
CUST03507,8,16,18743.43,2342.92875,2025-12-20,2026-11-28,Customer 3507,Female,61,Erode,2026-05-02,343,True
CUST03508,6,19,24779.8,4129.966666666666,2025-09-10,2026-09-01,Customer 3508,Other,34,Bengaluru,2025-07-21,356,True
CUST03509,8,21,22162.66,2770.3325,2025-01-18,2026-10-18,Customer 3509,Female,63,Trichy,2025-05-28,638,True
CUST03510,3,3,2010.25,670.0833333333334,2025-07-07,2026-01-20,Customer 3510,Male,35,Coimbatore,2025-03-09,197,True
CUST03511,3,8,7920.02,2640.0066666666667,2025-04-17,2026-06-04,Customer 3511,Female,26,Pondicherry,2025-06-18,413,True
CUST03512,3,5,7102.070000000001,2367.356666666667,2025-06-05,2026-08-20,Customer 3512,Female,57,Chennai,2024-08-04,441,True
CUST03513,3,6,9618.279999999999,3206.093333333333,2025-04-16,2026-08-09,Customer 3513,Female,29,Pondicherry,2024-08-12,480,True
CUST03514,7,14,15954.03,2279.147142857143,2025-01-28,2026-06-15,Customer 3514,Other,22,Pondicherry,2025-07-26,503,True
CUST03515,5,12,11091.14,2218.228,2024-11-20,2026-07-31,Customer 3515,Female,38,Hyderabad,2025-04-24,618,True
CUST03516,2,5,7419.13,3709.565,2025-07-26,2026-09-22,Customer 3516,Female,42,Madurai,2025-10-19,423,True
CUST03517,5,6,5048.83,1009.766,2025-02-24,2026-11-30,Customer 3517,Female,59,Tirunelveli,2024-02-25,644,True
CUST03518,3,7,5319.69,1773.2299999999998,2025-03-22,2026-11-25,Customer 3518,Female,24,Coimbatore,2024-07-18,613,True
CUST03519,6,14,15355.21,2559.2016666666664,2025-03-05,2026-09-11,Customer 3519,Female,56,Thanjavur,2024-03-20,555,True
CUST03520,2,6,4376.7,2188.35,2026-04-08,2026-10-15,Customer 3520,Male,36,Madurai,2024-01-29,190,True
CUST03521,4,9,5022.47,1255.6175,2024-12-18,2026-05-21,Customer 3521,Male,22,Trichy,2025-07-08,519,True
CUST03522,4,9,9946.56,2486.64,2025-01-28,2026-08-11,Customer 3522,Male,37,Trichy,2025-09-03,560,True
CUST03523,3,8,8165.4,2721.7999999999997,2025-04-26,2026-09-14,Customer 3523,Male,58,Chennai,2025-07-18,506,True
CUST03524,2,5,4294.46,2147.23,2025-01-18,2025-08-11,Customer 3524,Female,23,Bengaluru,2024-09-03,205,True
CUST03525,7,13,8099.990000000001,1157.1414285714286,2024-12-24,2026-05-19,Customer 3525,Male,54,Erode,2025-08-01,511,True
CUST03526,6,10,10315.31,1719.2183333333332,2025-02-12,2026-03-26,Customer 3526,Male,38,Coimbatore,2024-02-16,407,True
CUST03527,4,8,10148.33,2537.0825,2025-05-16,2026-09-24,Customer 3527,Male,40,Salem,2024-11-12,496,True
CUST03528,6,16,19466.809999999998,3244.468333333333,2024-12-07,2026-11-01,Customer 3528,Other,30,Thanjavur,2025-02-11,694,True
CUST03529,8,19,18877.739999999998,2359.7174999999997,2025-02-02,2026-10-12,Customer 3529,Female,64,Thanjavur,2026-02-08,617,True
CUST03530,2,4,6417.48,3208.74,2024-11-16,2025-06-29,Customer 3530,Other,61,Coimbatore,2024-05-12,225,True
CUST03531,5,10,7693.67,1538.734,2025-06-08,2026-09-05,Customer 3531,Female,65,Vellore,2024-12-05,454,True
CUST03532,6,10,6907.34,1151.2233333333334,2024-12-23,2026-09-08,Customer 3532,Other,27,Chennai,2024-04-13,624,True
CUST03533,7,19,20229.93,2889.9900000000002,2024-12-12,2026-11-06,Customer 3533,Female,48,Bengaluru,2025-08-24,694,True
CUST03534,3,5,6692.530000000001,2230.8433333333337,2026-02-08,2026-07-25,Customer 3534,Male,36,Madurai,2026-06-08,167,True
CUST03535,3,6,7974.01,2658.0033333333336,2025-03-13,2026-09-23,Customer 3535,Other,47,Coimbatore,2024-06-04,559,True
CUST03536,2,2,2281.29,1140.645,2025-05-25,2025-09-04,Customer 3536,Male,63,Trichy,2025-10-02,102,True
CUST03537,4,11,10019.2,2504.8,2025-02-18,2026-10-24,Customer 3537,Other,59,Madurai,2024-08-08,613,True
CUST03538,3,3,3381.0699999999997,1127.0233333333333,2025-06-09,2025-08-01,Customer 3538,Other,28,Vellore,2026-02-26,53,True
CUST03539,4,9,6622.46,1655.615,2025-02-10,2025-08-29,Customer 3539,Other,56,Hyderabad,2025-06-12,200,True
CUST03540,5,11,10259.11,2051.822,2025-02-13,2026-03-27,Customer 3540,Female,46,Madurai,2025-06-19,407,True
CUST03541,7,15,15840.27,2262.8957142857143,2024-12-17,2026-08-04,Customer 3541,Female,41,Bengaluru,2024-12-13,595,True
CUST03542,5,9,10722.72,2144.544,2025-02-18,2026-07-19,Customer 3542,Female,20,Pondicherry,2026-05-26,516,True
CUST03543,3,7,10870.81,3623.603333333333,2024-12-31,2025-12-05,Customer 3543,Other,42,Trichy,2026-03-03,339,True
CUST03544,3,8,9242.509999999998,3080.836666666666,2025-06-09,2026-10-01,Customer 3544,Other,56,Coimbatore,2024-08-01,479,True
CUST03545,4,12,9933.470000000001,2483.3675000000003,2024-11-20,2026-08-08,Customer 3545,Other,58,Erode,2024-06-05,626,True
CUST03546,2,2,1097.47,548.735,2025-01-08,2025-04-05,Customer 3546,Male,27,Salem,2024-04-09,87,True
CUST03547,3,4,5116.72,1705.5733333333335,2024-12-31,2025-08-21,Customer 3547,Male,49,Coimbatore,2025-07-14,233,True
CUST03548,2,2,1956.45,978.225,2026-04-01,2026-07-16,Customer 3548,Female,28,Salem,2025-04-10,106,True
CUST03549,7,17,16805.62,2400.802857142857,2025-01-19,2026-07-25,Customer 3549,Male,35,Bengaluru,2024-06-14,552,True
CUST03550,4,9,7567.99,1891.9975,2025-05-08,2026-11-04,Customer 3550,Female,23,Coimbatore,2025-01-07,545,True
CUST03551,3,7,5858.889999999999,1952.9633333333331,2025-04-02,2025-11-11,Customer 3551,Other,47,Salem,2024-07-02,223,True
CUST03552,3,5,5123.79,1707.93,2025-02-10,2025-09-06,Customer 3552,Female,46,Hyderabad,2025-04-29,208,True
CUST03553,2,3,1778.66,889.33,2024-12-13,2024-12-21,Customer 3553,Male,54,Erode,2024-05-23,8,True
CUST03554,4,8,12669.52,3167.38,2025-06-07,2026-04-15,Customer 3554,Female,36,Tirunelveli,2024-02-10,312,True
CUST03555,3,4,3493.4900000000002,1164.4966666666667,2025-04-10,2026-01-06,Customer 3555,Other,61,Madurai,2025-02-22,271,True
CUST03556,4,8,12732.7,3183.175,2025-06-01,2026-05-05,Customer 3556,Female,50,Bengaluru,2025-03-27,338,True
CUST03557,4,9,8237.07,2059.2675,2024-11-03,2026-09-09,Customer 3557,Female,23,Hyderabad,2024-11-17,675,True
CUST03558,1,1,441.93,441.93,2025-10-12,2025-10-12,Customer 3558,Other,46,Salem,2025-02-27,0,False
CUST03559,3,8,9507.68,3169.226666666667,2025-06-06,2026-01-21,Customer 3559,Other,20,Bengaluru,2026-06-17,229,True
CUST03560,4,12,17034.59,4258.6475,2025-01-30,2026-08-13,Customer 3560,Male,65,Trichy,2025-10-21,560,True
CUST03561,4,12,7909.3099999999995,1977.3274999999999,2025-02-12,2025-12-11,Customer 3561,Other,18,Madurai,2025-12-17,302,True
CUST03562,1,4,5884.32,5884.32,2025-05-07,2025-05-07,Customer 3562,Male,36,Tirunelveli,2026-05-23,0,False
CUST03563,3,5,6276.04,2092.0133333333333,2025-04-23,2026-01-20,Customer 3563,Other,43,Coimbatore,2024-06-11,272,True
CUST03564,4,6,6676.150000000001,1669.0375000000001,2025-01-18,2025-11-25,Customer 3564,Female,47,Hyderabad,2024-08-16,311,True
CUST03565,2,4,2969.05,1484.525,2026-06-19,2026-08-22,Customer 3565,Female,47,Erode,2024-04-05,64,True
CUST03566,7,18,20889.43,2984.2042857142856,2025-05-10,2026-02-17,Customer 3566,Other,47,Coimbatore,2025-10-19,283,True
CUST03567,3,5,6417.32,2139.1066666666666,2025-07-28,2026-08-02,Customer 3567,Male,64,Coimbatore,2024-03-28,370,True
CUST03568,7,15,20205.579999999998,2886.5114285714285,2025-03-09,2026-07-30,Customer 3568,Female,30,Tirunelveli,2025-02-10,508,True
CUST03569,5,13,11062.57,2212.514,2025-02-23,2026-12-14,Customer 3569,Male,38,Thanjavur,2024-12-02,659,True
CUST03570,2,3,3370.43,1685.215,2025-03-25,2026-08-06,Customer 3570,Female,31,Pondicherry,2025-09-10,499,True
CUST03571,7,14,16600.7,2371.5285714285715,2025-03-21,2026-10-17,Customer 3571,Female,25,Salem,2026-01-29,575,True
CUST03572,8,22,22720.95,2840.11875,2025-05-09,2025-10-30,Customer 3572,Male,52,Madurai,2025-04-10,174,True
CUST03573,4,6,5420.77,1355.1925,2025-04-21,2026-07-23,Customer 3573,Male,58,Trichy,2025-04-26,458,True
CUST03574,4,14,7731.1900000000005,1932.7975000000001,2025-08-18,2026-06-01,Customer 3574,Other,20,Bengaluru,2024-11-23,287,True
CUST03575,3,8,11016.59,3672.1966666666667,2026-03-25,2026-06-11,Customer 3575,Female,21,Thanjavur,2026-03-03,78,True
CUST03576,5,6,6027.629999999999,1205.5259999999998,2025-05-01,2026-10-03,Customer 3576,Female,48,Trichy,2026-03-19,520,True
CUST03577,4,12,12856.75,3214.1875,2025-01-09,2026-07-17,Customer 3577,Male,19,Hyderabad,2024-02-25,554,True
CUST03578,6,14,15160.1,2526.6833333333334,2025-06-18,2026-09-19,Customer 3578,Female,34,Hyderabad,2025-03-09,458,True
CUST03579,5,13,17418.26,3483.6519999999996,2025-02-25,2026-07-19,Customer 3579,Male,27,Coimbatore,2024-06-29,509,True
CUST03580,8,12,12932.9,1616.6125,2025-05-22,2026-10-31,Customer 3580,Female,23,Salem,2024-10-07,527,True
CUST03581,2,4,6333.75,3166.875,2025-09-16,2026-04-26,Customer 3581,Other,46,Tirunelveli,2026-06-13,222,True
CUST03582,8,17,13722.630000000001,1715.3287500000001,2025-04-11,2026-08-28,Customer 3582,Male,60,Salem,2025-06-21,504,True
CUST03583,6,11,10654.31,1775.7183333333332,2025-07-07,2026-10-19,Customer 3583,Male,23,Tirunelveli,2024-07-07,469,True
CUST03584,9,14,13364.47,1484.941111111111,2024-12-28,2026-09-23,Customer 3584,Female,28,Trichy,2024-12-16,634,True
CUST03585,3,7,9827.220000000001,3275.7400000000002,2024-11-25,2025-09-19,Customer 3585,Female,48,Erode,2024-12-23,298,True
CUST03586,6,16,17484.25,2914.0416666666665,2025-02-05,2026-07-08,Customer 3586,Other,28,Pondicherry,2025-07-02,518,True
CUST03587,4,11,13646.51,3411.6275,2026-02-04,2026-10-16,Customer 3587,Female,62,Bengaluru,2025-03-23,254,True
CUST03588,3,6,3188.91,1062.97,2025-04-02,2026-11-13,Customer 3588,Male,53,Bengaluru,2025-02-02,590,True
CUST03589,5,10,5635.14,1127.028,2025-10-20,2026-11-20,Customer 3589,Male,64,Hyderabad,2024-07-22,396,True
CUST03590,2,2,1834.56,917.28,2026-01-26,2026-03-20,Customer 3590,Other,27,Thanjavur,2025-08-15,53,True
CUST03591,4,11,11698.83,2924.7075,2025-01-21,2026-10-12,Customer 3591,Other,65,Pondicherry,2025-11-11,629,True
CUST03592,4,7,10429.849999999999,2607.4624999999996,2025-11-01,2026-10-15,Customer 3592,Female,18,Madurai,2026-01-20,348,True
CUST03593,1,1,1262.85,1262.85,2026-04-02,2026-04-02,Customer 3593,Male,49,Thanjavur,2025-04-14,0,False
CUST03594,3,6,2986.65,995.5500000000001,2025-12-09,2026-05-05,Customer 3594,Other,44,Salem,2024-04-26,147,True
CUST03595,4,7,3524.25,881.0625,2025-01-28,2025-07-30,Customer 3595,Other,18,Erode,2025-06-17,183,True
CUST03596,4,8,6831.4800000000005,1707.8700000000001,2025-05-25,2026-08-23,Customer 3596,Male,58,Erode,2026-05-02,455,True
CUST03597,4,7,4990.43,1247.6075,2025-02-24,2026-10-13,Customer 3597,Other,24,Chennai,2025-10-16,596,True
CUST03598,2,2,1741.44,870.72,2025-09-21,2025-11-27,Customer 3598,Other,30,Tirunelveli,2024-08-11,67,True
CUST03599,1,1,452.98,452.98,2025-06-15,2025-06-15,Customer 3599,Other,28,Bengaluru,2025-12-14,0,False
CUST03600,6,12,10662.91,1777.1516666666666,2025-08-29,2026-08-22,Customer 3600,Male,40,Trichy,2025-01-21,358,True
CUST03601,6,13,9853.099999999999,1642.1833333333332,2025-01-30,2026-04-17,Customer 3601,Other,54,Chennai,2024-07-14,442,True
CUST03602,1,2,3368.12,3368.12,2026-10-30,2026-10-30,Customer 3602,Female,19,Salem,2025-01-14,0,False
CUST03603,5,11,6171.0,1234.2,2025-02-01,2026-10-22,Customer 3603,Other,25,Pondicherry,2024-11-10,628,True
CUST03604,2,3,3948.8100000000004,1974.4050000000002,2025-09-09,2026-01-13,Customer 3604,Other,47,Tirunelveli,2025-05-26,126,True
CUST03605,4,5,5951.68,1487.92,2025-10-05,2026-03-02,Customer 3605,Female,40,Vellore,2025-02-24,148,True
CUST03606,4,10,16211.4,4052.85,2025-02-13,2026-10-14,Customer 3606,Other,39,Coimbatore,2025-03-12,608,True
CUST03607,1,1,923.83,923.83,2025-12-03,2025-12-03,Customer 3607,Female,45,Thanjavur,2024-06-29,0,False
CUST03608,4,11,9690.93,2422.7325,2025-01-16,2026-09-04,Customer 3608,Other,56,Madurai,2024-06-30,596,True
CUST03609,8,16,17684.5,2210.5625,2025-01-24,2026-07-10,Customer 3609,Female,42,Salem,2025-07-09,532,True
CUST03610,5,13,11000.77,2200.154,2025-02-23,2026-12-04,Customer 3610,Other,62,Hyderabad,2026-05-15,649,True
CUST03611,5,9,8729.93,1745.986,2025-01-29,2026-06-30,Customer 3611,Other,36,Pondicherry,2025-03-23,517,True
CUST03612,5,7,8482.15,1696.4299999999998,2024-11-25,2026-07-18,Customer 3612,Male,23,Coimbatore,2025-09-27,600,True
CUST03613,7,20,16271.86,2324.5514285714285,2024-12-10,2026-10-28,Customer 3613,Other,19,Bengaluru,2024-04-01,687,True
CUST03614,9,20,17272.68,1919.1866666666667,2025-03-08,2026-11-29,Customer 3614,Male,49,Pondicherry,2025-02-25,631,True
CUST03615,4,11,10812.619999999999,2703.1549999999997,2026-04-24,2026-09-17,Customer 3615,Other,52,Coimbatore,2026-02-08,146,True
CUST03616,6,11,10507.16,1751.1933333333334,2024-12-01,2026-10-04,Customer 3616,Female,50,Bengaluru,2025-10-10,672,True
CUST03617,3,8,3914.97,1304.99,2024-11-29,2025-04-19,Customer 3617,Male,60,Salem,2026-04-05,141,True
CUST03618,6,16,18782.989999999998,3130.498333333333,2025-05-31,2026-07-27,Customer 3618,Female,31,Trichy,2026-05-22,422,True
CUST03619,3,9,9486.84,3162.28,2025-01-13,2026-07-05,Customer 3619,Female,53,Tirunelveli,2026-03-06,538,True
CUST03620,2,2,1464.2,732.1,2025-06-04,2025-06-29,Customer 3620,Male,48,Coimbatore,2024-04-27,25,True
CUST03621,5,8,8519.77,1703.9540000000002,2025-01-12,2026-06-14,Customer 3621,Female,44,Hyderabad,2024-12-25,518,True
CUST03622,5,7,6697.87,1339.574,2025-07-25,2026-09-14,Customer 3622,Other,43,Chennai,2025-12-21,416,True
CUST03623,3,8,9056.380000000001,3018.7933333333335,2025-12-27,2026-08-27,Customer 3623,Male,50,Salem,2025-01-18,243,True
CUST03624,3,5,2250.43,750.1433333333333,2025-02-19,2026-05-04,Customer 3624,Other,34,Salem,2024-10-01,439,True
CUST03625,5,9,7407.469999999999,1481.494,2025-04-10,2025-12-18,Customer 3625,Female,61,Trichy,2026-05-08,252,True
CUST03626,4,5,3040.83,760.2075,2025-01-21,2026-10-08,Customer 3626,Female,20,Chennai,2024-01-05,625,True
CUST03627,3,6,6268.77,2089.59,2025-02-28,2026-09-28,Customer 3627,Male,41,Vellore,2024-01-27,577,True
CUST03628,3,7,3342.79,1114.2633333333333,2025-04-11,2026-10-23,Customer 3628,Other,56,Thanjavur,2026-04-19,560,True
CUST03629,3,6,7753.6900000000005,2584.5633333333335,2025-09-04,2026-06-11,Customer 3629,Male,54,Tirunelveli,2024-12-09,280,True
CUST03630,10,24,20836.04,2083.6040000000003,2024-12-18,2026-09-08,Customer 3630,Other,43,Trichy,2024-09-04,629,True
CUST03631,3,9,3408.4,1136.1333333333334,2025-04-07,2026-02-21,Customer 3631,Other,43,Chennai,2025-09-23,320,True
CUST03632,7,12,12450.09,1778.5842857142857,2025-04-08,2026-09-27,Customer 3632,Other,45,Madurai,2026-03-31,537,True
CUST03633,6,13,10912.78,1818.7966666666669,2025-06-11,2026-10-06,Customer 3633,Female,64,Madurai,2025-10-13,482,True
CUST03634,2,2,2580.3599999999997,1290.1799999999998,2025-12-12,2026-04-04,Customer 3634,Female,51,Madurai,2025-02-16,113,True
CUST03635,6,18,14770.66,2461.7766666666666,2024-12-06,2026-11-14,Customer 3635,Male,24,Pondicherry,2025-03-23,708,True
CUST03636,6,18,18409.3,3068.2166666666667,2025-07-25,2026-09-02,Customer 3636,Male,50,Coimbatore,2026-03-31,404,True
CUST03637,4,8,6717.25,1679.3125,2025-03-13,2026-02-02,Customer 3637,Other,43,Hyderabad,2025-10-08,326,True
CUST03638,5,18,13103.31,2620.662,2025-01-27,2026-08-02,Customer 3638,Other,28,Thanjavur,2024-09-23,552,True
CUST03639,2,4,4350.2699999999995,2175.1349999999998,2025-01-29,2025-08-07,Customer 3639,Male,23,Chennai,2024-07-27,190,True
CUST03640,2,2,1845.06,922.53,2024-12-18,2025-06-11,Customer 3640,Male,58,Bengaluru,2025-03-23,175,True
CUST03641,2,4,5754.55,2877.275,2025-05-20,2026-06-18,Customer 3641,Male,57,Pondicherry,2024-06-05,394,True
CUST03642,2,2,1465.02,732.51,2025-07-13,2025-09-22,Customer 3642,Male,54,Tirunelveli,2025-07-10,71,True
CUST03643,8,12,16303.529999999999,2037.9412499999999,2024-12-04,2026-09-27,Customer 3643,Other,64,Madurai,2024-01-26,662,True
CUST03644,2,3,1298.47,649.235,2025-08-19,2026-01-22,Customer 3644,Other,58,Thanjavur,2025-04-09,156,True
CUST03645,6,10,9000.55,1500.0916666666665,2024-12-05,2026-07-18,Customer 3645,Male,59,Trichy,2024-07-10,590,True
CUST03646,5,11,11993.199999999999,2398.64,2025-04-27,2026-09-15,Customer 3646,Male,52,Trichy,2024-10-31,506,True
CUST03647,3,5,3703.04,1234.3466666666666,2025-03-02,2026-06-25,Customer 3647,Female,34,Hyderabad,2026-01-13,480,True
CUST03648,11,26,26737.12,2430.6472727272726,2025-02-12,2026-10-19,Customer 3648,Female,23,Madurai,2024-02-22,614,True
CUST03649,6,12,16777.88,2796.3133333333335,2025-01-02,2026-09-13,Customer 3649,Male,58,Bengaluru,2025-10-04,619,True
CUST03650,3,7,6228.379999999999,2076.1266666666666,2025-11-09,2026-07-29,Customer 3650,Male,25,Erode,2026-06-06,262,True
CUST03651,3,10,9395.11,3131.7033333333334,2024-12-04,2026-08-19,Customer 3651,Male,24,Madurai,2025-09-02,623,True
CUST03652,3,5,7097.5599999999995,2365.853333333333,2025-07-27,2026-08-27,Customer 3652,Female,29,Coimbatore,2024-10-16,396,True
CUST03653,4,10,11050.380000000001,2762.5950000000003,2025-03-03,2025-12-03,Customer 3653,Female,41,Trichy,2024-03-20,275,True
CUST03654,3,5,5822.73,1940.9099999999999,2024-12-27,2026-05-06,Customer 3654,Male,49,Chennai,2025-02-04,495,True
CUST03655,5,8,11767.15,2353.43,2025-01-08,2026-08-22,Customer 3655,Male,49,Hyderabad,2025-02-27,591,True
CUST03656,5,9,8461.19,1692.238,2025-04-17,2026-08-21,Customer 3656,Male,61,Tirunelveli,2024-03-19,491,True
CUST03657,1,1,1257.88,1257.88,2025-05-07,2025-05-07,Customer 3657,Female,58,Erode,2025-01-19,0,False
CUST03658,3,6,4432.13,1477.3766666666668,2025-02-04,2026-02-25,Customer 3658,Male,29,Salem,2026-04-07,386,True
CUST03659,1,5,5308.3,5308.3,2025-10-21,2025-10-21,Customer 3659,Male,60,Bengaluru,2024-01-11,0,False
CUST03660,4,9,7194.41,1798.6025,2025-05-17,2026-05-27,Customer 3660,Other,20,Coimbatore,2025-10-08,375,True
CUST03661,4,5,2058.19,514.5475,2025-01-16,2026-04-08,Customer 3661,Female,48,Bengaluru,2024-12-17,447,True
CUST03662,3,10,9672.9,3224.2999999999997,2025-04-25,2026-06-18,Customer 3662,Other,18,Madurai,2025-09-06,419,True
CUST03663,5,10,11798.0,2359.6,2025-02-19,2026-08-17,Customer 3663,Other,34,Coimbatore,2025-06-18,544,True
CUST03664,10,19,17900.72,1790.0720000000001,2024-12-10,2026-11-01,Customer 3664,Other,19,Vellore,2024-07-16,691,True
CUST03665,8,24,24960.07,3120.00875,2025-03-05,2026-12-10,Customer 3665,Other,50,Madurai,2024-01-24,645,True
CUST03666,4,13,6720.049999999999,1680.0124999999998,2025-06-03,2026-05-16,Customer 3666,Female,25,Trichy,2024-08-09,347,True
CUST03667,6,15,14525.33,2420.8883333333333,2024-12-07,2026-03-26,Customer 3667,Female,26,Trichy,2024-01-31,474,True
CUST03668,8,18,20744.25,2593.03125,2025-02-15,2026-03-17,Customer 3668,Other,62,Madurai,2024-03-26,395,True
CUST03669,3,7,3248.6499999999996,1082.8833333333332,2025-05-22,2026-10-14,Customer 3669,Female,48,Trichy,2024-10-01,510,True
CUST03670,1,1,674.03,674.03,2025-06-21,2025-06-21,Customer 3670,Female,63,Vellore,2024-04-04,0,False
CUST03671,6,13,14448.57,2408.095,2025-08-12,2026-12-26,Customer 3671,Female,47,Pondicherry,2025-10-29,501,True
CUST03672,6,8,8400.77,1400.1283333333333,2025-01-25,2026-11-23,Customer 3672,Female,45,Vellore,2026-04-08,667,True
CUST03673,3,5,6539.33,2179.7766666666666,2025-01-29,2026-01-04,Customer 3673,Male,34,Madurai,2025-02-13,340,True
CUST03674,4,7,8925.5,2231.375,2025-06-26,2026-06-06,Customer 3674,Other,63,Salem,2024-07-21,345,True
CUST03675,7,10,11928.03,1704.0042857142857,2025-02-05,2026-07-20,Customer 3675,Male,55,Bengaluru,2025-02-06,530,True
CUST03676,5,13,15045.62,3009.1240000000003,2025-02-17,2025-08-06,Customer 3676,Male,31,Pondicherry,2024-11-15,170,True
CUST03677,6,14,10473.0,1745.5,2025-02-16,2026-10-01,Customer 3677,Female,46,Tirunelveli,2025-05-14,592,True
CUST03678,4,7,7613.76,1903.44,2025-07-18,2026-10-11,Customer 3678,Other,35,Thanjavur,2025-09-02,450,True
CUST03679,8,13,9323.73,1165.46625,2024-11-16,2026-12-02,Customer 3679,Male,56,Tirunelveli,2025-09-29,746,True
CUST03680,5,9,8187.25,1637.45,2024-12-17,2026-01-28,Customer 3680,Male,54,Thanjavur,2025-03-15,407,True
CUST03681,1,5,2426.3,2426.3,2025-11-28,2025-11-28,Customer 3681,Other,22,Erode,2025-01-17,0,False
CUST03682,6,16,15087.11,2514.5183333333334,2025-06-03,2026-09-29,Customer 3682,Male,50,Salem,2024-06-20,483,True
CUST03683,3,7,6425.58,2141.86,2025-05-23,2025-12-27,Customer 3683,Female,36,Bengaluru,2025-08-23,218,True
CUST03684,2,9,11128.130000000001,5564.0650000000005,2025-10-16,2025-11-30,Customer 3684,Other,51,Thanjavur,2026-04-26,45,True
CUST03685,3,5,3892.0099999999998,1297.3366666666666,2025-04-26,2025-10-12,Customer 3685,Male,25,Madurai,2025-02-11,169,True
CUST03686,7,19,23518.22,3359.7457142857143,2025-08-13,2026-10-09,Customer 3686,Female,45,Madurai,2026-04-08,422,True
CUST03687,3,4,3703.2200000000003,1234.4066666666668,2025-03-20,2026-07-26,Customer 3687,Male,22,Trichy,2025-01-01,493,True
CUST03688,5,11,13444.35,2688.87,2024-12-01,2026-10-25,Customer 3688,Female,41,Madurai,2025-11-03,693,True
CUST03689,6,19,22662.719999999998,3777.1199999999994,2025-05-02,2026-08-26,Customer 3689,Female,25,Chennai,2026-03-09,481,True
CUST03690,5,15,18623.47,3724.6940000000004,2025-05-04,2026-04-06,Customer 3690,Other,18,Pondicherry,2024-11-22,337,True
CUST03691,1,4,5384.48,5384.48,2026-09-30,2026-09-30,Customer 3691,Male,47,Bengaluru,2024-12-02,0,False
CUST03693,2,3,4022.64,2011.32,2025-12-31,2026-07-16,Customer 3693,Female,36,Bengaluru,2024-03-08,197,True
CUST03694,2,4,2559.24,1279.62,2025-02-06,2026-07-11,Customer 3694,Other,31,Coimbatore,2024-08-05,520,True
CUST03695,2,6,4928.2,2464.1,2025-07-28,2026-06-22,Customer 3695,Female,63,Bengaluru,2025-07-28,329,True
CUST03696,3,6,4547.35,1515.7833333333335,2025-02-08,2025-11-01,Customer 3696,Other,22,Bengaluru,2026-04-06,266,True
CUST03697,5,6,6434.74,1286.9479999999999,2024-12-02,2026-08-20,Customer 3697,Female,61,Tirunelveli,2025-10-23,626,True
CUST03698,4,15,12883.32,3220.83,2025-05-30,2025-11-15,Customer 3698,Female,30,Trichy,2024-11-21,169,True
CUST03699,7,14,15332.51,2190.3585714285714,2025-06-07,2026-09-21,Customer 3699,Female,49,Chennai,2024-02-20,471,True
CUST03700,2,6,6560.96,3280.48,2026-06-24,2026-08-15,Customer 3700,Female,25,Coimbatore,2024-10-08,52,True
CUST03701,5,11,12408.07,2481.614,2025-01-11,2026-10-12,Customer 3701,Male,56,Thanjavur,2025-04-08,639,True
CUST03702,4,9,9340.45,2335.1125,2025-05-17,2026-06-27,Customer 3702,Female,33,Bengaluru,2025-08-28,406,True
CUST03704,3,4,5045.71,1681.9033333333334,2025-06-20,2025-12-08,Customer 3704,Other,18,Erode,2026-03-13,171,True
CUST03705,1,2,2153.3,2153.3,2026-11-01,2026-11-01,Customer 3705,Male,43,Chennai,2024-10-18,0,False
CUST03706,4,10,14756.210000000001,3689.0525000000002,2025-05-19,2025-10-31,Customer 3706,Other,20,Thanjavur,2025-06-30,165,True
CUST03707,4,11,11054.71,2763.6775,2024-12-20,2026-04-03,Customer 3707,Male,22,Erode,2025-10-22,469,True
CUST03708,5,9,7595.44,1519.088,2024-11-29,2026-08-25,Customer 3708,Female,64,Salem,2024-04-07,634,True
CUST03709,4,8,7270.11,1817.5275,2025-01-03,2025-11-18,Customer 3709,Female,40,Tirunelveli,2024-10-08,319,True
CUST03710,9,22,23715.5,2635.0555555555557,2025-01-28,2026-12-23,Customer 3710,Other,38,Erode,2024-03-22,694,True
CUST03711,2,3,4440.1,2220.05,2025-10-10,2025-12-14,Customer 3711,Male,43,Salem,2025-09-19,65,True
CUST03712,5,7,8789.44,1757.8880000000001,2025-05-28,2026-11-05,Customer 3712,Female,49,Hyderabad,2025-12-14,526,True
CUST03713,1,1,424.71,424.71,2026-03-05,2026-03-05,Customer 3713,Female,57,Coimbatore,2024-05-04,0,False
CUST03714,8,19,25812.7,3226.5875,2025-02-12,2026-08-26,Customer 3714,Male,21,Chennai,2024-01-30,560,True
CUST03715,5,12,14960.369999999999,2992.0739999999996,2025-01-28,2026-10-29,Customer 3715,Male,38,Pondicherry,2024-05-22,639,True
CUST03716,4,8,9623.15,2405.7875,2024-12-10,2026-08-09,Customer 3716,Female,32,Madurai,2026-01-11,607,True
CUST03717,5,14,15055.84,3011.168,2025-04-06,2026-08-07,Customer 3717,Male,64,Thanjavur,2024-03-31,488,True
CUST03718,2,3,4937.05,2468.525,2025-07-28,2026-01-08,Customer 3718,Other,18,Pondicherry,2026-04-15,164,True
CUST03719,4,14,8722.39,2180.5975,2025-06-02,2026-10-03,Customer 3719,Male,34,Chennai,2026-06-07,488,True
CUST03720,3,7,5378.21,1792.7366666666667,2025-07-16,2026-04-05,Customer 3720,Male,37,Coimbatore,2024-04-23,263,True
CUST03721,5,12,17771.46,3554.292,2025-04-21,2026-05-11,Customer 3721,Female,62,Bengaluru,2024-09-27,385,True
CUST03722,2,4,5171.219999999999,2585.6099999999997,2025-08-06,2026-05-10,Customer 3722,Female,35,Pondicherry,2026-03-21,277,True
CUST03723,8,22,28077.87,3509.73375,2024-11-20,2026-04-18,Customer 3723,Male,55,Erode,2024-06-23,514,True
CUST03724,6,18,22468.86,3744.81,2025-06-13,2026-08-08,Customer 3724,Male,38,Madurai,2024-05-02,421,True
CUST03725,3,8,13829.57,4609.856666666667,2025-01-25,2025-11-15,Customer 3725,Other,44,Hyderabad,2026-02-10,294,True
CUST03726,3,6,7902.29,2634.096666666667,2025-06-12,2026-07-15,Customer 3726,Other,25,Vellore,2025-04-02,398,True
CUST03727,6,8,8650.96,1441.8266666666666,2025-02-27,2026-08-08,Customer 3727,Male,54,Erode,2025-06-24,527,True
CUST03728,6,10,8742.73,1457.1216666666667,2024-12-13,2026-09-14,Customer 3728,Female,35,Thanjavur,2025-11-08,640,True
CUST03729,4,12,10664.06,2666.015,2025-03-05,2026-05-11,Customer 3729,Other,48,Trichy,2026-03-02,432,True
CUST03730,2,3,3147.9,1573.95,2025-05-19,2025-06-14,Customer 3730,Female,36,Pondicherry,2024-04-04,26,True
CUST03731,2,2,1751.9099999999999,875.9549999999999,2025-08-18,2025-12-08,Customer 3731,Female,53,Trichy,2024-03-25,112,True
CUST03732,8,19,14615.13,1826.89125,2025-04-12,2026-10-29,Customer 3732,Other,65,Trichy,2025-11-06,565,True
CUST03733,1,4,3678.44,3678.44,2026-08-20,2026-08-20,Customer 3733,Male,22,Erode,2025-12-12,0,False
CUST03734,1,2,2914.7,2914.7,2026-05-20,2026-05-20,Customer 3734,Male,18,Hyderabad,2024-03-02,0,False
CUST03735,4,5,3136.21,784.0525,2025-01-28,2026-10-18,Customer 3735,Female,42,Trichy,2024-08-09,628,True
CUST03736,2,4,2082.23,1041.115,2026-04-30,2026-11-03,Customer 3736,Male,39,Trichy,2025-05-14,187,True
CUST03737,12,21,19945.14,1662.095,2024-11-26,2026-08-15,Customer 3737,Other,51,Vellore,2026-04-13,627,True
CUST03738,7,16,15805.15,2257.8785714285714,2024-12-10,2026-05-27,Customer 3738,Female,37,Pondicherry,2026-05-29,533,True
CUST03739,4,8,7398.25,1849.5625,2025-05-07,2026-05-01,Customer 3739,Other,27,Vellore,2025-04-09,359,True
CUST03740,2,4,3587.87,1793.935,2025-04-29,2026-04-25,Customer 3740,Male,32,Thanjavur,2024-04-18,361,True
CUST03741,3,5,5690.48,1896.8266666666666,2025-03-08,2026-07-06,Customer 3741,Female,57,Vellore,2025-01-29,485,True
CUST03742,5,13,12160.43,2432.0860000000002,2025-04-21,2026-06-05,Customer 3742,Female,30,Coimbatore,2024-07-26,410,True
CUST03743,3,5,4710.05,1570.0166666666667,2024-12-26,2026-03-17,Customer 3743,Female,28,Hyderabad,2024-10-11,446,True
CUST03744,3,8,8124.849999999999,2708.2833333333333,2025-06-05,2025-09-30,Customer 3744,Other,59,Coimbatore,2024-11-10,117,True
CUST03745,2,3,3982.55,1991.275,2025-02-12,2026-05-22,Customer 3745,Female,24,Pondicherry,2024-05-30,464,True
CUST03746,2,9,7224.88,3612.44,2026-07-19,2026-10-04,Customer 3746,Male,19,Erode,2024-04-22,77,True
CUST03747,7,15,17865.21,2552.172857142857,2025-04-25,2026-08-23,Customer 3747,Female,19,Erode,2024-07-10,485,True
CUST03748,3,11,8717.89,2905.963333333333,2025-05-16,2026-11-19,Customer 3748,Other,46,Thanjavur,2025-11-08,552,True
CUST03749,3,5,5856.16,1952.0533333333333,2025-05-31,2026-09-23,Customer 3749,Male,53,Coimbatore,2024-09-28,480,True
CUST03750,3,7,11411.32,3803.773333333333,2025-02-19,2026-01-08,Customer 3750,Female,31,Madurai,2024-12-28,323,True
CUST03751,1,1,1423.53,1423.53,2026-03-28,2026-03-28,Customer 3751,Other,45,Vellore,2025-02-10,0,False
CUST03752,5,13,15847.32,3169.464,2025-02-03,2026-10-13,Customer 3752,Male,46,Salem,2024-12-07,617,True
CUST03753,3,8,5875.57,1958.5233333333333,2025-08-27,2026-10-27,Customer 3753,Male,21,Hyderabad,2025-01-13,426,True
CUST03754,3,5,5223.4,1741.1333333333332,2025-02-25,2026-04-13,Customer 3754,Other,45,Trichy,2025-01-26,412,True
CUST03755,5,13,14105.19,2821.038,2024-12-25,2026-10-29,Customer 3755,Male,43,Madurai,2024-10-28,673,True
CUST03756,4,11,10165.09,2541.2725,2026-03-16,2026-10-28,Customer 3756,Female,51,Bengaluru,2025-08-31,226,True
CUST03757,1,4,4461.72,4461.72,2025-04-29,2025-04-29,Customer 3757,Other,45,Coimbatore,2025-05-20,0,False
CUST03758,4,11,12872.74,3218.185,2025-10-17,2026-12-25,Customer 3758,Male,59,Trichy,2025-11-28,434,True
CUST03759,6,12,12396.599999999999,2066.1,2025-01-02,2026-10-06,Customer 3759,Male,25,Chennai,2024-04-23,642,True
CUST03760,6,16,8485.67,1414.2783333333334,2024-12-31,2026-09-28,Customer 3760,Other,35,Trichy,2024-02-06,636,True
CUST03761,3,5,4654.91,1551.6366666666665,2026-03-09,2026-07-22,Customer 3761,Other,24,Salem,2024-03-08,135,True
CUST03762,4,7,7455.17,1863.7925,2024-12-23,2026-11-21,Customer 3762,Other,62,Pondicherry,2024-08-19,698,True
CUST03764,3,7,5497.8,1832.6000000000001,2025-03-09,2026-07-30,Customer 3764,Other,62,Salem,2024-08-13,508,True
CUST03765,3,7,7010.58,2336.86,2025-08-15,2025-11-22,Customer 3765,Male,28,Trichy,2025-05-22,99,True
CUST03766,4,8,6549.83,1637.4575,2025-01-20,2026-04-02,Customer 3766,Other,36,Pondicherry,2024-12-21,437,True
CUST03767,4,10,10733.220000000001,2683.3050000000003,2025-02-26,2025-11-06,Customer 3767,Female,64,Chennai,2025-09-02,253,True
CUST03768,3,7,6180.8,2060.266666666667,2025-01-23,2026-09-25,Customer 3768,Male,50,Pondicherry,2024-04-06,610,True
CUST03769,1,2,2748.58,2748.58,2025-05-01,2025-05-01,Customer 3769,Female,65,Salem,2025-09-29,0,False
CUST03770,1,4,7979.28,7979.28,2026-07-16,2026-07-16,Customer 3770,Other,33,Madurai,2026-05-23,0,False
CUST03771,1,1,445.22,445.22,2025-07-27,2025-07-27,Customer 3771,Other,22,Madurai,2024-11-18,0,False
CUST03773,3,9,9978.57,3326.19,2025-04-19,2025-12-26,Customer 3773,Other,48,Tirunelveli,2024-01-14,251,True
CUST03774,4,5,4342.7,1085.675,2026-03-21,2026-08-26,Customer 3774,Male,29,Salem,2024-12-08,158,True
CUST03775,6,18,23351.21,3891.8683333333333,2024-11-23,2026-09-11,Customer 3775,Male,61,Chennai,2024-03-19,657,True
CUST03776,4,8,12418.470000000001,3104.6175000000003,2025-02-12,2026-04-20,Customer 3776,Female,48,Bengaluru,2025-08-31,432,True
CUST03777,2,6,6827.929999999999,3413.9649999999997,2025-04-19,2025-05-07,Customer 3777,Female,33,Erode,2024-01-02,18,True
CUST03778,5,10,15408.25,3081.65,2025-04-05,2025-12-11,Customer 3778,Male,19,Bengaluru,2024-04-22,250,True
CUST03779,5,9,10790.11,2158.022,2025-05-30,2026-10-16,Customer 3779,Female,32,Vellore,2025-11-27,504,True
CUST03780,3,4,5769.51,1923.17,2025-03-09,2026-10-12,Customer 3780,Male,27,Coimbatore,2025-05-30,582,True
CUST03781,3,8,9436.02,3145.34,2025-05-02,2026-11-09,Customer 3781,Female,65,Thanjavur,2024-04-12,556,True
CUST03782,6,11,10802.98,1800.4966666666667,2025-02-11,2026-11-14,Customer 3782,Female,65,Thanjavur,2025-04-08,641,True
CUST03783,10,21,18284.52,1828.452,2025-02-09,2026-12-19,Customer 3783,Female,60,Erode,2025-07-12,678,True
CUST03784,5,9,7077.400000000001,1415.48,2024-12-24,2026-04-29,Customer 3784,Female,47,Chennai,2024-09-16,491,True
CUST03785,2,5,7575.110000000001,3787.5550000000003,2025-08-01,2026-07-27,Customer 3785,Female,37,Pondicherry,2026-04-27,360,True
CUST03786,2,5,4350.21,2175.105,2025-01-12,2026-10-13,Customer 3786,Other,60,Bengaluru,2024-12-07,639,True
CUST03787,6,14,15176.98,2529.4966666666664,2025-06-18,2026-11-01,Customer 3787,Male,35,Hyderabad,2025-05-10,501,True
CUST03788,5,16,17586.440000000002,3517.2880000000005,2025-07-05,2026-04-05,Customer 3788,Other,58,Chennai,2025-06-15,274,True
CUST03789,4,10,12646.99,3161.7475,2025-01-05,2026-03-27,Customer 3789,Female,32,Hyderabad,2024-05-31,446,True
CUST03790,4,8,10461.91,2615.4775,2025-01-28,2026-08-05,Customer 3790,Female,49,Chennai,2024-05-25,554,True
CUST03791,5,7,5066.2300000000005,1013.2460000000001,2025-04-25,2025-08-12,Customer 3791,Other,65,Pondicherry,2024-09-07,109,True
CUST03792,4,10,10024.96,2506.24,2025-06-13,2026-09-26,Customer 3792,Female,31,Pondicherry,2025-03-17,470,True
CUST03793,4,11,7320.5599999999995,1830.1399999999999,2024-12-20,2026-10-20,Customer 3793,Male,42,Hyderabad,2024-04-01,669,True
CUST03794,4,10,13256.89,3314.2225,2025-04-25,2026-10-20,Customer 3794,Female,58,Hyderabad,2024-04-20,543,True
CUST03795,3,7,9684.33,3228.11,2024-12-30,2026-04-01,Customer 3795,Female,51,Madurai,2025-07-11,457,True
CUST03796,3,4,3038.98,1012.9933333333333,2024-12-27,2026-05-31,Customer 3796,Other,40,Thanjavur,2024-09-28,520,True
CUST03797,4,6,4615.03,1153.7575,2025-06-08,2026-04-20,Customer 3797,Other,44,Salem,2025-02-04,316,True
CUST03798,9,14,13160.23,1462.2477777777776,2024-12-14,2026-08-11,Customer 3798,Male,20,Bengaluru,2024-11-12,605,True
CUST03799,2,8,9842.48,4921.24,2025-01-14,2025-08-18,Customer 3799,Other,39,Bengaluru,2025-06-16,216,True
CUST03800,5,10,7893.59,1578.718,2025-01-01,2026-03-10,Customer 3800,Female,47,Bengaluru,2024-05-05,433,True
CUST03801,3,8,7695.46,2565.153333333333,2026-03-17,2026-08-21,Customer 3801,Female,36,Coimbatore,2026-03-22,157,True
CUST03802,5,11,6251.57,1250.3139999999999,2024-12-30,2026-10-08,Customer 3802,Female,61,Madurai,2024-01-09,647,True
CUST03803,3,8,5938.67,1979.5566666666666,2026-01-26,2026-07-05,Customer 3803,Other,27,Vellore,2025-04-22,160,True
CUST03804,4,10,10188.44,2547.11,2025-02-25,2026-04-18,Customer 3804,Other,53,Hyderabad,2024-10-23,417,True
CUST03805,5,6,3929.88,785.976,2025-02-03,2026-05-23,Customer 3805,Female,49,Salem,2024-06-15,474,True
CUST03806,5,9,9301.66,1860.3319999999999,2025-07-23,2026-09-02,Customer 3806,Female,18,Erode,2024-03-07,406,True
CUST03807,2,5,6861.5199999999995,3430.7599999999998,2025-02-25,2026-03-01,Customer 3807,Male,36,Bengaluru,2024-02-11,369,True
CUST03808,4,11,13022.9,3255.725,2025-08-14,2026-10-04,Customer 3808,Male,49,Salem,2024-05-06,416,True
CUST03809,1,2,888.9,888.9,2026-04-04,2026-04-04,Customer 3809,Female,40,Hyderabad,2024-01-06,0,False
CUST03810,4,7,7068.18,1767.045,2024-12-06,2026-09-17,Customer 3810,Male,21,Salem,2026-05-04,650,True
CUST03811,5,12,7931.89,1586.3780000000002,2025-07-19,2026-08-26,Customer 3811,Female,36,Vellore,2024-05-21,403,True
CUST03812,2,4,4576.5,2288.25,2025-06-01,2026-03-23,Customer 3812,Other,27,Coimbatore,2025-11-12,295,True
CUST03813,7,19,22686.68,3240.9542857142856,2024-11-21,2026-05-11,Customer 3813,Female,27,Pondicherry,2025-12-31,536,True
CUST03814,3,8,4052.78,1350.9266666666667,2024-12-14,2026-12-09,Customer 3814,Female,55,Coimbatore,2024-07-20,725,True
CUST03815,4,11,10407.33,2601.8325,2025-03-14,2026-11-03,Customer 3815,Male,20,Erode,2024-10-24,599,True
CUST03816,4,9,6936.45,1734.1125,2024-12-24,2026-08-12,Customer 3816,Male,61,Hyderabad,2024-12-29,596,True
CUST03817,4,6,5709.71,1427.4275,2025-05-03,2026-07-14,Customer 3817,Female,43,Coimbatore,2025-01-30,437,True
CUST03818,3,9,10624.41,3541.47,2025-07-24,2026-08-23,Customer 3818,Female,56,Salem,2024-09-24,395,True
CUST03819,2,5,3903.27,1951.635,2026-02-01,2026-12-02,Customer 3819,Other,45,Hyderabad,2024-06-26,304,True
CUST03820,4,7,11054.89,2763.7225,2025-06-29,2026-08-22,Customer 3820,Female,55,Madurai,2026-06-15,419,True
CUST03821,5,13,14053.72,2810.7439999999997,2025-01-11,2026-11-05,Customer 3821,Male,34,Madurai,2025-11-30,663,True
CUST03822,7,15,13103.13,1871.8757142857141,2025-09-28,2026-08-26,Customer 3822,Other,30,Salem,2025-03-02,332,True
CUST03823,1,1,1089.38,1089.38,2026-01-01,2026-01-01,Customer 3823,Male,37,Bengaluru,2024-11-08,0,False
CUST03824,3,9,7393.47,2464.4900000000002,2025-05-22,2026-10-27,Customer 3824,Female,52,Madurai,2025-10-05,523,True
CUST03825,1,2,1980.32,1980.32,2025-06-26,2025-06-26,Customer 3825,Female,24,Madurai,2025-01-19,0,False
CUST03826,6,10,12135.08,2022.5133333333333,2025-01-19,2026-10-30,Customer 3826,Female,62,Thanjavur,2025-06-23,649,True
CUST03827,4,7,9924.34,2481.085,2025-06-30,2026-09-09,Customer 3827,Other,63,Thanjavur,2025-05-30,436,True
CUST03828,5,10,10898.13,2179.6259999999997,2025-01-25,2025-10-03,Customer 3828,Female,45,Erode,2025-04-24,251,True
CUST03829,2,2,1082.24,541.12,2025-04-23,2025-08-16,Customer 3829,Female,47,Chennai,2025-03-06,115,True
CUST03830,4,10,8841.380000000001,2210.3450000000003,2025-05-22,2026-03-06,Customer 3830,Male,44,Coimbatore,2025-07-26,288,True
CUST03831,7,8,8376.49,1196.6414285714286,2024-12-31,2026-05-21,Customer 3831,Male,57,Salem,2026-02-12,506,True
CUST03832,2,5,3967.57,1983.785,2025-05-28,2026-08-27,Customer 3832,Male,55,Vellore,2026-03-16,456,True
CUST03833,2,2,1188.76,594.38,2026-01-03,2026-07-18,Customer 3833,Male,57,Vellore,2025-01-17,196,True
CUST03834,6,13,12119.73,2019.955,2025-08-02,2026-11-22,Customer 3834,Female,21,Tirunelveli,2025-08-02,477,True
CUST03835,6,19,17865.23,2977.5383333333334,2025-02-14,2026-06-21,Customer 3835,Female,60,Chennai,2024-05-08,492,True
CUST03836,1,4,1871.84,1871.84,2026-04-30,2026-04-30,Customer 3836,Other,47,Chennai,2025-04-18,0,False
CUST03837,3,5,4719.2,1573.0666666666666,2025-11-18,2026-08-14,Customer 3837,Male,35,Hyderabad,2024-03-27,269,True
CUST03838,6,14,12348.869999999999,2058.145,2024-11-15,2026-11-19,Customer 3838,Female,56,Coimbatore,2024-04-19,734,True
CUST03839,5,8,9184.78,1836.9560000000001,2024-12-02,2026-06-13,Customer 3839,Female,54,Erode,2026-04-21,558,True
CUST03840,2,5,7969.9,3984.95,2025-02-15,2026-08-17,Customer 3840,Female,21,Coimbatore,2025-12-08,548,True
CUST03841,6,11,9975.93,1662.655,2025-03-18,2026-01-28,Customer 3841,Other,61,Vellore,2026-01-28,316,True
CUST03842,2,2,2718.34,1359.17,2026-01-09,2026-03-16,Customer 3842,Other,21,Pondicherry,2026-01-27,66,True
CUST03843,4,11,11739.509999999998,2934.8774999999996,2025-10-06,2026-09-01,Customer 3843,Other,27,Vellore,2024-07-28,330,True
CUST03844,6,13,17454.62,2909.103333333333,2025-02-10,2026-10-30,Customer 3844,Female,26,Trichy,2026-01-28,627,True
CUST03845,3,9,6949.21,2316.403333333333,2025-05-14,2026-10-13,Customer 3845,Other,27,Salem,2025-11-22,517,True
CUST03846,2,4,2586.7,1293.35,2024-12-26,2025-02-06,Customer 3846,Female,64,Chennai,2025-10-05,42,True
CUST03847,8,22,10999.02,1374.8775,2024-12-12,2026-07-11,Customer 3847,Female,57,Pondicherry,2026-04-04,576,True
CUST03848,4,9,11509.220000000001,2877.3050000000003,2025-02-23,2026-07-17,Customer 3848,Male,22,Chennai,2024-07-24,509,True
CUST03849,6,8,5688.34,948.0566666666667,2025-02-09,2026-10-22,Customer 3849,Other,25,Vellore,2024-06-05,620,True
CUST03850,7,12,10772.37,1538.91,2025-01-08,2026-06-05,Customer 3850,Male,31,Coimbatore,2024-04-09,513,True
CUST03851,5,12,10579.21,2115.8419999999996,2025-01-20,2026-07-26,Customer 3851,Male,50,Erode,2025-04-30,552,True
CUST03852,9,12,8062.6,895.8444444444444,2025-01-27,2026-09-27,Customer 3852,Male,25,Salem,2025-02-04,608,True
CUST03853,3,4,2647.63,882.5433333333334,2025-05-09,2026-05-10,Customer 3853,Female,29,Trichy,2025-02-18,366,True
CUST03854,4,7,4970.4400000000005,1242.6100000000001,2024-12-25,2026-11-25,Customer 3854,Other,34,Bengaluru,2026-05-11,700,True
CUST03855,5,9,7184.360000000001,1436.872,2025-02-23,2026-10-03,Customer 3855,Female,60,Bengaluru,2025-11-28,587,True
CUST03856,5,8,5727.58,1145.516,2025-04-26,2026-03-29,Customer 3856,Female,27,Hyderabad,2024-05-06,337,True
CUST03857,1,1,1241.31,1241.31,2025-07-24,2025-07-24,Customer 3857,Male,27,Pondicherry,2024-01-23,0,False
CUST03858,4,12,9362.04,2340.51,2025-10-06,2026-09-03,Customer 3858,Male,28,Vellore,2025-11-04,332,True
CUST03859,9,17,21211.53,2356.8366666666666,2025-03-09,2026-07-15,Customer 3859,Other,52,Trichy,2026-01-29,493,True
CUST03860,5,11,8152.45,1630.49,2025-05-12,2026-04-02,Customer 3860,Female,36,Salem,2025-05-02,325,True
CUST03861,2,7,9551.73,4775.865,2025-06-27,2026-10-27,Customer 3861,Male,55,Erode,2025-11-14,487,True
CUST03862,5,10,10227.7,2045.5400000000002,2024-11-19,2026-09-15,Customer 3862,Other,35,Tirunelveli,2025-01-11,665,True
CUST03863,2,4,3067.1899999999996,1533.5949999999998,2025-12-13,2026-01-05,Customer 3863,Other,24,Erode,2025-01-30,23,True
CUST03864,5,11,7704.83,1540.966,2025-03-11,2026-06-09,Customer 3864,Female,27,Chennai,2025-03-02,455,True
CUST03865,4,9,10638.18,2659.545,2026-01-30,2026-07-16,Customer 3865,Female,25,Bengaluru,2024-10-17,167,True
CUST03866,3,4,3701.5299999999997,1233.8433333333332,2025-02-15,2025-09-02,Customer 3866,Male,55,Salem,2025-02-02,199,True
CUST03867,4,7,6041.79,1510.4475,2025-08-20,2026-07-30,Customer 3867,Other,59,Hyderabad,2024-02-04,344,True
CUST03868,7,9,10404.46,1486.3514285714284,2025-05-08,2026-07-16,Customer 3868,Female,20,Thanjavur,2025-09-26,434,True
CUST03869,2,5,3444.27,1722.135,2025-06-30,2026-07-03,Customer 3869,Female,64,Erode,2024-05-22,368,True
CUST03870,1,1,1498.0,1498.0,2026-06-17,2026-06-17,Customer 3870,Male,28,Thanjavur,2024-10-10,0,False
CUST03871,2,9,10664.77,5332.385,2025-12-07,2026-01-12,Customer 3871,Other,31,Thanjavur,2025-05-27,36,True
CUST03872,3,5,7541.95,2513.983333333333,2026-03-08,2026-10-18,Customer 3872,Other,42,Vellore,2025-12-24,224,True
CUST03873,10,22,25623.09,2562.309,2025-04-15,2026-10-27,Customer 3873,Male,59,Madurai,2024-03-05,560,True
CUST03874,3,10,7000.01,2333.3366666666666,2025-01-10,2026-01-09,Customer 3874,Other,64,Bengaluru,2024-12-26,364,True
CUST03875,3,5,4442.5,1480.8333333333333,2025-04-18,2026-04-24,Customer 3875,Female,63,Madurai,2024-12-13,371,True
CUST03876,2,7,4606.16,2303.08,2026-05-01,2026-06-13,Customer 3876,Other,37,Tirunelveli,2024-10-12,43,True
CUST03877,3,7,10152.68,3384.226666666667,2024-12-26,2026-02-27,Customer 3877,Other,48,Tirunelveli,2024-03-10,428,True
CUST03878,5,15,10854.63,2170.926,2024-12-01,2026-07-14,Customer 3878,Other,60,Madurai,2025-04-28,590,True
CUST03879,4,5,4898.05,1224.5125,2025-09-18,2026-05-11,Customer 3879,Other,50,Hyderabad,2025-08-12,235,True
CUST03880,1,5,5081.6,5081.6,2025-06-13,2025-06-13,Customer 3880,Female,26,Pondicherry,2025-06-22,0,False
CUST03881,5,10,11488.51,2297.702,2024-12-15,2026-08-02,Customer 3881,Other,55,Thanjavur,2024-11-27,595,True
CUST03882,1,3,5464.26,5464.26,2025-03-31,2025-03-31,Customer 3882,Other,43,Coimbatore,2025-08-21,0,False
CUST03883,3,6,2589.66,863.2199999999999,2024-11-15,2025-10-08,Customer 3883,Male,64,Madurai,2024-02-16,327,True
CUST03884,7,15,19687.32,2812.4742857142855,2024-12-17,2026-10-26,Customer 3884,Male,60,Coimbatore,2024-08-25,678,True
CUST03885,6,13,10735.66,1789.2766666666666,2024-12-04,2026-08-30,Customer 3885,Other,48,Thanjavur,2025-05-26,634,True
CUST03886,5,10,6544.68,1308.9360000000001,2025-06-12,2026-09-21,Customer 3886,Male,64,Trichy,2026-02-17,466,True
CUST03887,8,18,23642.11,2955.26375,2025-03-23,2026-07-23,Customer 3887,Male,64,Tirunelveli,2024-04-17,487,True
CUST03888,8,21,21026.27,2628.28375,2025-03-11,2026-07-10,Customer 3888,Female,22,Chennai,2026-02-12,486,True
CUST03889,3,8,7371.429999999999,2457.143333333333,2026-01-03,2026-06-20,Customer 3889,Female,25,Chennai,2025-09-18,168,True
CUST03890,3,4,3193.13,1064.3766666666668,2026-03-02,2026-10-13,Customer 3890,Other,22,Erode,2026-05-17,225,True
CUST03891,2,7,5132.110000000001,2566.0550000000003,2025-08-29,2026-03-31,Customer 3891,Female,56,Hyderabad,2026-02-20,214,True
CUST03892,6,12,13372.95,2228.8250000000003,2024-12-20,2026-06-23,Customer 3892,Male,29,Thanjavur,2026-05-10,550,True
CUST03893,7,17,16055.980000000001,2293.7114285714288,2025-03-16,2026-08-02,Customer 3893,Other,46,Tirunelveli,2024-04-20,504,True
CUST03894,5,12,14669.81,2933.962,2025-09-08,2026-07-06,Customer 3894,Other,54,Vellore,2024-05-16,301,True
CUST03895,5,7,7598.179999999999,1519.636,2025-08-06,2026-07-09,Customer 3895,Male,34,Erode,2024-07-23,337,True
CUST03896,3,4,4721.04,1573.68,2025-06-08,2025-09-12,Customer 3896,Other,36,Trichy,2025-03-24,96,True
CUST03897,4,5,4026.41,1006.6025,2025-05-26,2026-09-05,Customer 3897,Other,28,Tirunelveli,2024-07-25,467,True
CUST03898,2,7,9115.65,4557.825,2025-02-21,2025-05-27,Customer 3898,Other,30,Coimbatore,2026-04-13,95,True
CUST03899,2,6,2247.96,1123.98,2026-07-07,2026-11-09,Customer 3899,Male,58,Hyderabad,2025-08-19,125,True
CUST03900,1,4,4155.68,4155.68,2026-08-30,2026-08-30,Customer 3900,Male,20,Madurai,2024-04-08,0,False
CUST03901,2,2,2449.3100000000004,1224.6550000000002,2025-04-24,2025-05-11,Customer 3901,Female,44,Bengaluru,2024-01-06,17,True
CUST03902,2,3,5283.52,2641.76,2025-03-03,2025-05-01,Customer 3902,Male,39,Madurai,2025-07-13,59,True
CUST03903,1,3,2560.59,2560.59,2025-05-26,2025-05-26,Customer 3903,Other,64,Hyderabad,2025-11-29,0,False
CUST03904,2,6,3978.1000000000004,1989.0500000000002,2026-03-21,2026-03-25,Customer 3904,Female,30,Trichy,2025-06-24,4,True
CUST03905,1,5,5288.95,5288.95,2025-01-26,2025-01-26,Customer 3905,Female,50,Thanjavur,2025-08-07,0,False
CUST03906,1,2,804.78,804.78,2024-12-15,2024-12-15,Customer 3906,Other,53,Madurai,2024-12-31,0,False
CUST03907,4,5,2171.67,542.9175,2025-05-13,2026-07-09,Customer 3907,Male,46,Tirunelveli,2026-03-31,422,True
CUST03908,2,2,1559.9899999999998,779.9949999999999,2024-12-21,2026-06-25,Customer 3908,Female,22,Bengaluru,2025-10-02,551,True
CUST03909,2,3,3739.0499999999997,1869.5249999999999,2025-01-29,2026-02-09,Customer 3909,Male,51,Salem,2024-03-21,376,True
CUST03910,3,8,5440.68,1813.5600000000002,2024-12-24,2026-02-03,Customer 3910,Male,49,Trichy,2024-04-13,406,True
CUST03911,3,5,2540.0,846.6666666666666,2025-09-03,2026-03-20,Customer 3911,Other,52,Thanjavur,2024-02-22,198,True
CUST03912,2,5,4552.55,2276.275,2025-11-09,2026-02-18,Customer 3912,Male,36,Salem,2024-01-24,101,True
CUST03913,4,8,11404.68,2851.17,2025-04-30,2026-09-27,Customer 3913,Other,40,Coimbatore,2025-02-03,515,True
CUST03914,5,9,9142.8,1828.56,2025-01-02,2026-08-03,Customer 3914,Male,36,Coimbatore,2026-06-12,578,True
CUST03915,9,19,16151.14,1794.5711111111111,2024-11-25,2026-06-30,Customer 3915,Other,33,Vellore,2025-07-01,582,True
CUST03916,7,15,16064.669999999998,2294.952857142857,2025-05-26,2026-10-20,Customer 3916,Other,37,Tirunelveli,2025-09-17,512,True
CUST03917,1,2,1901.96,1901.96,2025-07-30,2025-07-30,Customer 3917,Male,52,Pondicherry,2025-09-25,0,False
CUST03918,2,2,2237.44,1118.72,2025-04-18,2026-05-12,Customer 3918,Other,48,Salem,2024-04-23,389,True
CUST03919,3,5,5814.08,1938.0266666666666,2025-06-08,2026-07-20,Customer 3919,Male,20,Thanjavur,2025-10-30,407,True
CUST03920,3,5,3316.66,1105.5533333333333,2025-09-06,2026-07-27,Customer 3920,Female,30,Thanjavur,2025-03-07,324,True
CUST03921,4,7,5302.450000000001,1325.6125000000002,2025-01-20,2026-10-01,Customer 3921,Male,26,Trichy,2026-02-22,619,True
CUST03922,2,7,8323.380000000001,4161.6900000000005,2025-08-03,2026-02-26,Customer 3922,Other,39,Hyderabad,2025-07-14,207,True
CUST03923,10,24,26666.530000000002,2666.6530000000002,2025-03-27,2026-10-28,Customer 3923,Male,33,Erode,2026-06-18,580,True
CUST03924,5,10,10214.439999999999,2042.8879999999997,2025-04-27,2026-06-16,Customer 3924,Other,57,Pondicherry,2024-03-15,415,True
CUST03925,4,7,3562.1400000000003,890.5350000000001,2024-11-08,2026-04-28,Customer 3925,Male,40,Coimbatore,2026-05-05,536,True
CUST03926,8,25,24533.379999999997,3066.6724999999997,2025-01-26,2026-09-28,Customer 3926,Other,65,Bengaluru,2025-03-02,610,True
CUST03927,9,15,16765.41,1862.8233333333333,2025-02-24,2026-10-22,Customer 3927,Other,48,Madurai,2024-03-23,605,True
CUST03928,6,15,15052.5,2508.75,2025-02-14,2026-11-19,Customer 3928,Other,20,Coimbatore,2024-10-04,643,True
CUST03929,5,16,19003.85,3800.7699999999995,2025-04-10,2026-08-21,Customer 3929,Female,50,Trichy,2024-02-06,498,True
CUST03930,7,15,15669.43,2238.4900000000002,2025-01-20,2026-10-02,Customer 3930,Female,45,Erode,2025-10-27,620,True
CUST03931,4,13,13264.880000000001,3316.2200000000003,2024-12-15,2026-02-01,Customer 3931,Male,19,Chennai,2024-11-06,413,True
CUST03932,3,5,7238.47,2412.8233333333333,2025-12-09,2026-07-26,Customer 3932,Male,52,Bengaluru,2024-01-27,229,True
CUST03933,4,7,5902.860000000001,1475.7150000000001,2025-02-19,2026-12-24,Customer 3933,Female,61,Hyderabad,2026-05-30,673,True
CUST03934,3,4,3655.99,1218.6633333333332,2026-01-01,2026-04-06,Customer 3934,Male,53,Erode,2026-01-25,95,True
CUST03935,2,4,3134.56,1567.28,2025-04-23,2025-08-31,Customer 3935,Female,42,Pondicherry,2024-02-23,130,True
CUST03936,4,12,14847.619999999999,3711.9049999999997,2025-02-19,2026-06-25,Customer 3936,Female,62,Tirunelveli,2024-05-08,491,True
CUST03937,3,6,5953.54,1984.5133333333333,2025-05-05,2025-08-01,Customer 3937,Male,25,Erode,2025-07-16,88,True
CUST03938,4,13,17165.83,4291.4575,2025-06-21,2026-01-15,Customer 3938,Other,41,Thanjavur,2024-04-30,208,True
CUST03939,3,5,7093.14,2364.38,2025-07-20,2026-02-01,Customer 3939,Female,45,Chennai,2024-07-17,196,True
CUST03940,5,11,12685.95,2537.19,2024-12-15,2026-12-01,Customer 3940,Male,23,Bengaluru,2024-08-31,716,True
CUST03941,7,13,12701.63,1814.5185714285712,2024-12-23,2026-10-02,Customer 3941,Male,44,Pondicherry,2024-01-11,648,True
CUST03942,2,7,5743.32,2871.66,2025-07-03,2026-03-22,Customer 3942,Other,54,Chennai,2026-02-09,262,True
CUST03943,4,8,8123.59,2030.8975,2025-03-04,2026-01-31,Customer 3943,Male,64,Trichy,2026-04-01,333,True
CUST03944,2,6,8066.459999999999,4033.2299999999996,2025-05-09,2026-01-20,Customer 3944,Male,22,Chennai,2026-04-12,256,True
CUST03946,6,17,17213.05,2868.8416666666667,2025-12-02,2026-08-19,Customer 3946,Female,40,Bengaluru,2024-02-14,260,True
CUST03947,2,5,9109.87,4554.935,2025-05-10,2025-12-23,Customer 3947,Male,36,Madurai,2025-11-01,227,True
CUST03948,3,9,11091.59,3697.1966666666667,2026-03-12,2026-06-04,Customer 3948,Female,48,Hyderabad,2025-09-12,84,True
CUST03949,3,8,7853.16,2617.72,2025-09-14,2026-05-03,Customer 3949,Other,22,Coimbatore,2024-05-05,231,True
CUST03950,6,13,9177.29,1529.5483333333334,2025-04-14,2026-07-07,Customer 3950,Other,31,Erode,2024-09-13,449,True
CUST03951,4,5,4858.79,1214.6975,2025-01-31,2026-08-25,Customer 3951,Other,40,Trichy,2025-12-23,571,True
CUST03952,6,9,6377.74,1062.9566666666667,2025-03-26,2026-05-23,Customer 3952,Other,37,Thanjavur,2025-03-30,423,True
CUST03953,5,6,7302.62,1460.524,2025-03-19,2025-12-24,Customer 3953,Other,36,Hyderabad,2026-03-09,280,True
CUST03954,1,1,865.66,865.66,2025-08-20,2025-08-20,Customer 3954,Other,35,Thanjavur,2024-09-07,0,False
CUST03955,3,4,4292.79,1430.93,2025-04-29,2025-09-06,Customer 3955,Other,50,Coimbatore,2025-12-15,130,True
CUST03956,3,8,5311.08,1770.36,2025-06-02,2026-08-21,Customer 3956,Female,44,Pondicherry,2024-02-25,445,True
CUST03957,5,17,18014.8,3602.96,2024-12-10,2026-02-21,Customer 3957,Female,35,Coimbatore,2025-09-28,438,True
CUST03958,2,5,7340.1,3670.05,2025-07-08,2026-01-24,Customer 3958,Male,51,Trichy,2024-07-27,200,True
CUST03959,6,13,12511.130000000001,2085.1883333333335,2025-01-13,2026-06-07,Customer 3959,Other,53,Trichy,2024-11-08,510,True
CUST03960,3,7,4776.01,1592.0033333333333,2025-05-06,2026-04-12,Customer 3960,Female,64,Madurai,2024-05-05,341,True
CUST03961,3,5,4803.6900000000005,1601.2300000000002,2025-05-30,2026-07-08,Customer 3961,Male,62,Erode,2024-02-06,404,True
CUST03962,9,17,20577.8,2286.422222222222,2025-05-20,2026-09-03,Customer 3962,Female,25,Chennai,2025-10-27,471,True
CUST03963,5,11,10362.83,2072.566,2024-12-30,2026-06-27,Customer 3963,Male,35,Salem,2025-05-25,544,True
CUST03964,6,20,15010.75,2501.7916666666665,2025-01-14,2026-01-15,Customer 3964,Female,37,Coimbatore,2025-08-25,366,True
CUST03965,6,16,15150.3,2525.0499999999997,2025-01-20,2026-07-22,Customer 3965,Female,57,Tirunelveli,2024-03-02,548,True
CUST03966,3,7,5452.469999999999,1817.4899999999998,2025-05-16,2026-09-17,Customer 3966,Male,42,Tirunelveli,2025-05-22,489,True
CUST03967,10,21,26148.59,2614.859,2025-03-06,2026-08-12,Customer 3967,Male,32,Trichy,2025-03-30,524,True
CUST03968,3,4,4013.32,1337.7733333333333,2024-12-11,2025-11-15,Customer 3968,Male,60,Tirunelveli,2025-01-23,339,True
CUST03969,5,6,5612.3,1122.46,2025-03-04,2026-06-27,Customer 3969,Male,60,Salem,2025-06-29,480,True
CUST03970,4,9,14604.13,3651.0325,2024-12-19,2026-07-14,Customer 3970,Other,40,Chennai,2024-02-02,572,True
CUST03971,5,10,9830.619999999999,1966.1239999999998,2025-01-14,2026-05-20,Customer 3971,Female,34,Bengaluru,2025-09-15,491,True
CUST03972,2,3,1945.3400000000001,972.6700000000001,2026-02-06,2026-11-14,Customer 3972,Male,39,Pondicherry,2024-08-09,281,True
CUST03973,6,15,18796.51,3132.7516666666666,2024-12-30,2026-08-24,Customer 3973,Other,45,Tirunelveli,2026-04-29,602,True
CUST03974,6,13,15589.3,2598.2166666666667,2025-01-28,2026-06-26,Customer 3974,Other,65,Chennai,2026-03-12,514,True
CUST03975,6,11,14786.16,2464.36,2024-12-07,2026-03-13,Customer 3975,Male,53,Tirunelveli,2026-04-06,461,True
CUST03976,11,20,20417.7,1856.1545454545455,2025-01-23,2026-11-16,Customer 3976,Other,36,Vellore,2026-01-08,662,True
CUST03977,3,9,9440.5,3146.8333333333335,2025-07-22,2026-04-26,Customer 3977,Female,54,Pondicherry,2025-04-19,278,True
CUST03978,3,5,6595.610000000001,2198.536666666667,2025-02-16,2026-03-30,Customer 3978,Other,34,Madurai,2025-08-04,407,True
CUST03979,9,16,17316.63,1924.0700000000002,2025-02-14,2026-10-20,Customer 3979,Female,65,Trichy,2025-01-25,613,True
CUST03980,3,4,4464.63,1488.21,2024-12-02,2026-02-24,Customer 3980,Male,35,Hyderabad,2024-05-15,449,True
CUST03981,6,8,7078.179999999999,1179.6966666666665,2024-12-20,2026-12-07,Customer 3981,Male,33,Vellore,2024-10-07,717,True
CUST03982,9,22,19308.43,2145.3811111111113,2025-05-21,2026-11-25,Customer 3982,Female,54,Tirunelveli,2024-10-29,553,True
CUST03983,7,20,21157.05,3022.4357142857143,2025-04-03,2026-05-26,Customer 3983,Other,35,Thanjavur,2024-02-09,418,True
CUST03984,2,4,4352.33,2176.165,2026-02-20,2026-06-27,Customer 3984,Other,34,Hyderabad,2024-10-02,127,True
CUST03985,3,3,2128.53,709.5100000000001,2025-09-20,2025-11-20,Customer 3985,Other,18,Coimbatore,2026-04-09,61,True
CUST03986,5,11,12067.939999999999,2413.5879999999997,2025-02-23,2026-08-13,Customer 3986,Other,60,Thanjavur,2024-11-10,536,True
CUST03987,6,14,15545.29,2590.8816666666667,2025-02-13,2026-09-04,Customer 3987,Female,29,Erode,2026-05-06,568,True
CUST03988,8,14,12033.439999999999,1504.1799999999998,2025-02-02,2026-05-08,Customer 3988,Male,46,Chennai,2025-04-18,460,True
CUST03989,1,1,431.71,431.71,2026-04-02,2026-04-02,Customer 3989,Male,40,Erode,2025-04-22,0,False
CUST03990,5,9,8840.74,1768.148,2024-11-24,2026-01-29,Customer 3990,Other,31,Tirunelveli,2025-10-15,431,True
CUST03991,1,1,840.0,840.0,2026-04-09,2026-04-09,Customer 3991,Other,23,Salem,2024-02-29,0,False
CUST03992,2,4,3579.9,1789.95,2025-08-14,2025-08-19,Customer 3992,Other,38,Coimbatore,2025-09-16,5,True
CUST03993,2,5,4863.860000000001,2431.9300000000003,2025-08-08,2026-11-01,Customer 3993,Male,34,Salem,2025-03-27,450,True
CUST03994,1,2,1540.06,1540.06,2025-01-26,2025-01-26,Customer 3994,Female,26,Trichy,2024-09-22,0,False
CUST03995,5,6,7967.389999999999,1593.4779999999998,2025-06-02,2026-07-23,Customer 3995,Male,27,Bengaluru,2025-10-07,416,True
CUST03996,3,4,3454.4399999999996,1151.4799999999998,2025-04-18,2026-08-26,Customer 3996,Male,32,Coimbatore,2025-11-02,495,True
CUST03997,5,7,8019.51,1603.902,2024-11-17,2026-10-20,Customer 3997,Male,29,Hyderabad,2025-11-01,702,True
CUST03998,3,8,12969.57,4323.19,2025-01-28,2025-08-10,Customer 3998,Female,55,Thanjavur,2025-06-02,194,True
CUST03999,2,3,3201.71,1600.855,2025-04-16,2026-04-22,Customer 3999,Other,63,Trichy,2024-02-12,371,True
CUST04000,3,8,9861.33,3287.11,2025-06-22,2026-08-15,Customer 4000,Other,34,Salem,2024-03-03,419,True
CUST04001,2,2,3351.6000000000004,1675.8000000000002,2025-12-28,2026-02-03,Customer 4001,Other,40,Vellore,2024-01-17,37,True
CUST04002,3,5,4235.88,1411.96,2025-01-14,2025-09-06,Customer 4002,Male,56,Trichy,2026-01-05,235,True
CUST04003,2,4,1654.3700000000001,827.1850000000001,2025-06-14,2025-09-21,Customer 4003,Male,22,Vellore,2024-12-24,99,True
CUST04004,3,8,7573.4,2524.4666666666667,2025-01-09,2026-10-05,Customer 4004,Male,50,Coimbatore,2025-03-30,634,True
CUST04005,3,3,2785.42,928.4733333333334,2024-11-29,2025-05-29,Customer 4005,Male,38,Bengaluru,2024-08-30,181,True
CUST04006,1,1,428.93,428.93,2026-10-08,2026-10-08,Customer 4006,Other,44,Coimbatore,2025-01-15,0,False
CUST04007,6,14,12910.29,2151.715,2025-04-05,2026-11-07,Customer 4007,Female,36,Madurai,2025-10-19,581,True
CUST04008,3,8,7248.639999999999,2416.213333333333,2026-04-10,2026-05-03,Customer 4008,Female,56,Thanjavur,2024-01-26,23,True
CUST04009,3,5,4068.76,1356.2533333333333,2025-07-20,2025-10-04,Customer 4009,Female,59,Thanjavur,2024-12-09,76,True
CUST04010,10,15,14655.96,1465.596,2025-01-31,2026-05-22,Customer 4010,Female,57,Chennai,2025-04-26,476,True
CUST04011,7,11,10131.86,1447.4085714285716,2024-12-01,2026-11-23,Customer 4011,Female,20,Salem,2024-06-13,722,True
CUST04012,5,9,11553.29,2310.6580000000004,2024-12-07,2026-05-11,Customer 4012,Other,19,Coimbatore,2024-06-02,520,True
CUST04013,6,12,11858.55,1976.425,2025-06-09,2026-10-09,Customer 4013,Male,38,Vellore,2025-09-15,487,True
CUST04014,3,3,2772.26,924.0866666666667,2025-05-06,2026-10-21,Customer 4014,Other,50,Bengaluru,2026-01-02,533,True
CUST04015,7,9,7159.21,1022.7442857142858,2024-12-12,2026-05-07,Customer 4015,Female,31,Tirunelveli,2025-12-30,511,True
CUST04016,7,15,17950.1,2564.2999999999997,2025-01-19,2026-08-20,Customer 4016,Other,20,Hyderabad,2026-04-30,578,True
CUST04017,5,12,15239.73,3047.946,2025-04-08,2026-02-13,Customer 4017,Male,42,Hyderabad,2026-01-13,311,True
CUST04018,6,9,14283.26,2380.5433333333335,2024-12-10,2026-01-10,Customer 4018,Male,32,Bengaluru,2024-03-21,396,True
CUST04019,2,2,1690.44,845.22,2025-06-04,2026-06-08,Customer 4019,Other,58,Vellore,2025-05-30,369,True
CUST04020,3,10,13829.68,4609.893333333333,2025-06-10,2026-08-24,Customer 4020,Female,52,Pondicherry,2026-01-21,440,True
CUST04021,3,11,10488.11,3496.036666666667,2025-05-20,2025-12-02,Customer 4021,Other,21,Bengaluru,2024-05-04,196,True
CUST04022,5,13,15871.03,3174.206,2025-01-11,2026-07-29,Customer 4022,Other,51,Vellore,2025-04-28,564,True
CUST04023,5,10,7512.86,1502.572,2025-05-07,2026-03-10,Customer 4023,Female,35,Trichy,2025-03-27,307,True
CUST04024,3,3,3832.71,1277.57,2025-12-08,2026-09-12,Customer 4024,Other,36,Trichy,2026-05-06,278,True
CUST04025,4,6,6228.59,1557.1475,2025-08-13,2026-08-09,Customer 4025,Male,41,Trichy,2024-12-02,361,True
CUST04026,2,3,2197.1800000000003,1098.5900000000001,2026-01-04,2026-01-22,Customer 4026,Female,65,Coimbatore,2025-04-11,18,True
CUST04027,2,2,2999.15,1499.575,2025-06-17,2025-07-31,Customer 4027,Male,46,Pondicherry,2025-12-10,44,True
CUST04028,5,6,5257.45,1051.49,2025-03-12,2026-08-18,Customer 4028,Female,23,Thanjavur,2025-02-23,524,True
CUST04029,7,21,22443.1,3206.157142857143,2025-02-21,2026-08-08,Customer 4029,Other,22,Thanjavur,2025-07-27,533,True
CUST04030,7,16,19434.53,2776.3614285714284,2024-12-13,2026-07-10,Customer 4030,Female,56,Trichy,2025-10-31,574,True
CUST04031,5,18,25585.6,5117.12,2025-05-26,2026-11-13,Customer 4031,Female,32,Bengaluru,2025-04-04,536,True
CUST04032,2,5,5081.099999999999,2540.5499999999997,2026-01-06,2026-09-04,Customer 4032,Male,52,Trichy,2026-04-27,241,True
CUST04033,7,13,9433.3,1347.6142857142856,2025-01-27,2026-06-11,Customer 4033,Female,61,Bengaluru,2026-03-06,500,True
CUST04034,7,16,15311.460000000001,2187.3514285714286,2025-01-30,2026-10-14,Customer 4034,Male,56,Salem,2025-11-12,622,True
CUST04035,5,7,6861.76,1372.352,2025-10-17,2026-07-30,Customer 4035,Female,39,Thanjavur,2026-03-25,286,True
CUST04036,4,10,9539.539999999999,2384.8849999999998,2025-04-20,2026-10-19,Customer 4036,Male,44,Tirunelveli,2024-04-30,547,True
CUST04037,3,3,3838.59,1279.53,2025-01-30,2026-03-20,Customer 4037,Male,54,Erode,2025-06-01,414,True
CUST04038,3,7,9752.72,3250.9066666666663,2025-06-04,2026-11-14,Customer 4038,Male,29,Erode,2025-10-09,528,True
CUST04039,5,17,21127.440000000002,4225.488,2025-06-15,2026-11-17,Customer 4039,Male,25,Tirunelveli,2024-01-16,520,True
CUST04040,3,9,6040.129999999999,2013.3766666666663,2025-10-28,2025-12-04,Customer 4040,Other,63,Erode,2024-09-26,37,True
CUST04041,2,4,5039.38,2519.69,2026-01-30,2026-07-06,Customer 4041,Male,26,Chennai,2026-01-30,157,True
CUST04042,3,8,3581.84,1193.9466666666667,2025-03-01,2025-09-28,Customer 4042,Female,19,Pondicherry,2026-05-03,211,True
CUST04043,2,3,4945.43,2472.715,2026-02-26,2026-05-31,Customer 4043,Male,26,Vellore,2024-06-19,94,True
CUST04044,4,7,6669.719999999999,1667.4299999999998,2025-01-15,2026-09-13,Customer 4044,Other,42,Tirunelveli,2026-06-06,606,True
CUST04045,4,8,6183.31,1545.8275,2025-02-18,2026-07-16,Customer 4045,Male,43,Pondicherry,2024-12-28,513,True
CUST04046,5,9,7491.58,1498.316,2024-12-28,2026-07-15,Customer 4046,Male,63,Salem,2025-07-24,564,True
CUST04047,6,15,11738.93,1956.4883333333335,2024-12-25,2026-09-23,Customer 4047,Female,39,Bengaluru,2024-05-01,637,True
CUST04048,4,9,9187.75,2296.9375,2025-06-13,2026-04-02,Customer 4048,Other,24,Pondicherry,2025-09-15,293,True
CUST04049,7,19,11901.21,1700.172857142857,2025-01-19,2026-12-22,Customer 4049,Male,65,Thanjavur,2024-02-16,702,True
CUST04050,5,10,10328.33,2065.666,2025-04-26,2026-08-17,Customer 4050,Female,58,Erode,2025-04-04,478,True
CUST04051,3,6,9605.970000000001,3201.9900000000002,2025-01-10,2026-01-18,Customer 4051,Female,36,Erode,2026-01-28,373,True
CUST04052,6,11,10244.05,1707.3416666666665,2025-02-10,2026-08-05,Customer 4052,Male,64,Madurai,2025-12-17,541,True
CUST04053,6,13,15654.43,2609.0716666666667,2025-06-25,2026-08-02,Customer 4053,Other,50,Coimbatore,2026-01-11,403,True
CUST04054,4,9,9191.92,2297.98,2025-03-28,2026-09-12,Customer 4054,Male,55,Bengaluru,2024-06-04,533,True
CUST04055,2,3,1870.78,935.39,2026-05-11,2026-05-27,Customer 4055,Other,59,Erode,2025-01-13,16,True
CUST04056,1,1,1047.22,1047.22,2025-08-03,2025-08-03,Customer 4056,Female,46,Madurai,2025-01-23,0,False
CUST04057,2,6,6774.860000000001,3387.4300000000003,2025-01-11,2025-06-09,Customer 4057,Other,55,Salem,2025-06-04,149,True
CUST04058,3,9,10043.08,3347.693333333333,2025-08-16,2026-08-23,Customer 4058,Male,32,Salem,2026-03-02,372,True
CUST04059,3,3,2773.7,924.5666666666666,2025-06-11,2026-07-15,Customer 4059,Female,21,Bengaluru,2025-05-20,399,True
CUST04060,4,10,11055.32,2763.83,2025-03-05,2026-07-17,Customer 4060,Other,55,Vellore,2025-06-14,499,True
CUST04061,4,12,10783.75,2695.9375,2025-05-05,2026-08-21,Customer 4061,Female,36,Thanjavur,2026-05-14,473,True
CUST04062,2,7,7604.3,3802.15,2026-01-09,2026-11-10,Customer 4062,Female,29,Madurai,2025-01-28,305,True
CUST04064,5,13,12877.93,2575.5860000000002,2025-03-01,2026-05-15,Customer 4064,Other,35,Bengaluru,2025-03-16,440,True
CUST04065,6,12,9497.97,1582.995,2024-12-13,2026-10-08,Customer 4065,Other,38,Coimbatore,2026-06-19,664,True
CUST04066,4,10,9543.900000000001,2385.9750000000004,2025-06-12,2026-10-31,Customer 4066,Female,28,Coimbatore,2024-12-21,506,True
CUST04067,2,7,8148.93,4074.465,2025-01-01,2025-09-14,Customer 4067,Female,49,Erode,2024-10-21,256,True
CUST04068,2,7,8763.35,4381.675,2025-05-06,2025-08-22,Customer 4068,Male,36,Salem,2024-08-17,108,True
CUST04069,3,3,2047.8999999999999,682.6333333333333,2025-04-17,2026-08-29,Customer 4069,Male,32,Hyderabad,2025-09-12,499,True
CUST04070,5,11,12529.34,2505.868,2025-11-18,2026-12-23,Customer 4070,Male,24,Trichy,2024-10-12,400,True
CUST04071,5,15,17125.64,3425.1279999999997,2025-05-20,2026-06-03,Customer 4071,Other,28,Chennai,2025-07-19,379,True
CUST04072,5,12,7386.5,1477.3,2025-03-18,2026-09-02,Customer 4072,Male,52,Vellore,2025-09-04,533,True
CUST04073,7,19,24118.35,3445.4785714285713,2025-02-02,2026-05-12,Customer 4073,Male,18,Erode,2026-03-29,464,True
CUST04074,5,8,10114.369999999999,2022.8739999999998,2025-01-08,2026-03-09,Customer 4074,Male,41,Trichy,2026-05-02,425,True
CUST04075,2,2,2168.2,1084.1,2025-05-30,2026-02-20,Customer 4075,Other,45,Pondicherry,2024-10-15,266,True
CUST04076,3,7,7838.55,2612.85,2026-02-01,2026-11-01,Customer 4076,Other,26,Erode,2025-03-31,273,True
CUST04077,6,12,10670.07,1778.345,2025-01-31,2026-02-22,Customer 4077,Male,63,Pondicherry,2024-10-29,387,True
CUST04078,3,4,3492.4,1164.1333333333334,2025-03-12,2026-04-07,Customer 4078,Male,46,Tirunelveli,2026-05-15,391,True
CUST04079,4,6,6360.63,1590.1575,2026-04-07,2026-11-06,Customer 4079,Female,23,Madurai,2025-05-20,213,True
CUST04080,2,3,2908.77,1454.385,2025-05-13,2026-06-08,Customer 4080,Other,60,Coimbatore,2024-10-12,391,True
CUST04081,3,5,5997.71,1999.2366666666667,2025-07-01,2026-10-12,Customer 4081,Male,65,Trichy,2024-12-28,468,True
CUST04083,4,9,9413.08,2353.27,2025-05-23,2026-09-19,Customer 4083,Female,35,Erode,2025-06-03,484,True
CUST04084,6,11,10260.95,1710.1583333333335,2024-12-10,2026-06-19,Customer 4084,Other,50,Hyderabad,2025-10-07,556,True
CUST04085,4,6,7073.01,1768.2525,2025-07-04,2026-12-01,Customer 4085,Male,63,Pondicherry,2026-03-06,515,True
CUST04086,6,8,8188.03,1364.6716666666666,2025-06-20,2026-05-25,Customer 4086,Male,45,Coimbatore,2024-11-18,339,True
CUST04087,3,5,4797.88,1599.2933333333333,2025-09-18,2026-08-17,Customer 4087,Other,38,Trichy,2025-12-23,333,True
CUST04088,6,13,18827.34,3137.89,2024-12-01,2026-08-12,Customer 4088,Other,60,Hyderabad,2026-05-11,619,True
CUST04089,3,8,8038.96,2679.653333333333,2025-03-06,2026-03-13,Customer 4089,Other,58,Chennai,2024-02-06,372,True
CUST04090,4,9,8328.27,2082.0675,2025-04-10,2026-12-28,Customer 4090,Male,55,Tirunelveli,2024-09-08,627,True
CUST04091,2,5,6899.34,3449.67,2025-05-14,2026-10-11,Customer 4091,Male,61,Trichy,2026-06-12,515,True
CUST04092,5,10,12183.75,2436.75,2026-02-24,2026-10-09,Customer 4092,Female,27,Erode,2024-09-28,227,True
CUST04093,7,14,13393.98,1913.4257142857143,2025-01-09,2026-04-04,Customer 4093,Male,64,Erode,2026-04-13,450,True
CUST04094,3,7,2992.52,997.5066666666667,2025-03-31,2026-08-31,Customer 4094,Male,30,Hyderabad,2024-10-16,518,True
CUST04095,3,4,3368.9700000000003,1122.99,2025-06-12,2026-04-13,Customer 4095,Male,51,Pondicherry,2026-06-15,305,True
CUST04096,5,9,7849.719999999999,1569.944,2025-05-02,2025-12-01,Customer 4096,Male,18,Tirunelveli,2026-02-06,213,True
CUST04097,3,7,4249.84,1416.6133333333335,2025-04-26,2026-09-16,Customer 4097,Female,53,Bengaluru,2024-03-09,508,True
CUST04098,3,11,8478.06,2826.02,2025-01-09,2026-02-22,Customer 4098,Other,29,Chennai,2024-08-01,409,True
CUST04099,3,8,6568.86,2189.62,2026-01-20,2026-09-17,Customer 4099,Other,34,Bengaluru,2025-03-04,240,True
CUST04100,2,9,8236.65,4118.325,2026-05-13,2026-06-10,Customer 4100,Other,55,Trichy,2025-01-24,28,True
CUST04101,4,4,4218.14,1054.535,2025-05-31,2026-03-30,Customer 4101,Female,48,Vellore,2025-10-15,303,True
CUST04102,5,14,14978.47,2995.694,2025-01-08,2026-07-19,Customer 4102,Male,37,Trichy,2025-11-03,557,True
CUST04103,7,13,13088.15,1869.7357142857143,2025-05-05,2026-09-01,Customer 4103,Female,60,Erode,2026-06-15,484,True
CUST04104,7,16,14182.73,2026.1042857142857,2025-01-29,2026-10-15,Customer 4104,Other,43,Bengaluru,2025-05-16,624,True
CUST04105,6,14,14332.6,2388.766666666667,2025-01-17,2026-08-26,Customer 4105,Other,48,Salem,2024-12-31,586,True
CUST04106,4,9,7972.13,1993.0325,2024-11-26,2025-10-10,Customer 4106,Male,25,Salem,2024-04-08,318,True
CUST04107,2,7,8050.09,4025.045,2025-01-10,2025-10-01,Customer 4107,Female,38,Trichy,2025-03-05,264,True
CUST04108,6,9,11940.65,1990.1083333333333,2025-10-05,2026-10-30,Customer 4108,Female,25,Madurai,2025-11-09,390,True
CUST04109,4,11,10595.2,2648.8,2024-11-22,2026-11-04,Customer 4109,Female,60,Coimbatore,2025-04-20,712,True
CUST04110,3,4,4044.2400000000002,1348.0800000000002,2026-03-18,2026-07-25,Customer 4110,Other,43,Pondicherry,2024-12-21,129,True
CUST04111,3,7,6102.7,2034.2333333333333,2025-05-22,2025-12-07,Customer 4111,Female,49,Bengaluru,2024-05-11,199,True
CUST04112,1,2,867.9,867.9,2025-12-10,2025-12-10,Customer 4112,Other,33,Chennai,2025-02-25,0,False
CUST04113,2,4,4758.23,2379.115,2026-06-18,2026-07-06,Customer 4113,Female,50,Trichy,2024-10-24,18,True
CUST04114,6,11,9153.57,1525.595,2024-12-22,2026-03-22,Customer 4114,Female,21,Vellore,2026-05-21,455,True
CUST04115,6,9,9645.7,1607.6166666666668,2025-09-22,2026-10-21,Customer 4115,Female,34,Hyderabad,2026-03-01,394,True
CUST04116,5,14,12336.45,2467.29,2025-01-21,2025-11-19,Customer 4116,Female,43,Erode,2024-11-21,302,True
CUST04117,6,13,13033.43,2172.2383333333332,2024-12-15,2026-04-22,Customer 4117,Female,34,Chennai,2025-03-11,493,True
CUST04118,7,23,14065.65,2009.3785714285714,2025-06-30,2026-08-21,Customer 4118,Female,64,Trichy,2024-10-01,417,True
CUST04119,8,17,17117.69,2139.71125,2025-08-30,2026-11-17,Customer 4119,Other,20,Salem,2024-12-13,444,True
CUST04120,8,18,18683.05,2335.38125,2024-12-26,2026-08-02,Customer 4120,Female,32,Bengaluru,2025-04-03,584,True
CUST04121,2,4,3411.59,1705.795,2025-05-19,2026-06-14,Customer 4121,Male,52,Trichy,2026-06-15,391,True
CUST04122,6,10,8694.92,1449.1533333333334,2025-02-10,2026-09-09,Customer 4122,Other,25,Bengaluru,2026-03-09,576,True
CUST04123,3,5,5415.68,1805.2266666666667,2025-02-27,2025-11-28,Customer 4123,Female,26,Bengaluru,2025-09-17,274,True
CUST04124,4,8,7699.65,1924.9125,2024-11-22,2026-06-06,Customer 4124,Male,64,Chennai,2025-07-06,561,True
CUST04125,4,13,9987.330000000002,2496.8325000000004,2025-07-17,2026-03-05,Customer 4125,Female,23,Pondicherry,2026-04-01,231,True
CUST04126,8,14,12732.61,1591.57625,2025-03-31,2026-08-25,Customer 4126,Female,53,Coimbatore,2024-12-07,512,True
CUST04127,3,9,9704.61,3234.8700000000003,2025-01-02,2026-12-08,Customer 4127,Male,51,Trichy,2025-11-01,705,True
CUST04128,3,4,2074.38,691.46,2025-01-01,2026-05-11,Customer 4128,Other,30,Madurai,2025-01-05,495,True
CUST04129,2,8,6189.92,3094.96,2026-01-29,2026-11-22,Customer 4129,Other,43,Pondicherry,2026-05-08,297,True
CUST04130,6,10,12470.86,2078.476666666667,2025-03-02,2026-09-09,Customer 4130,Female,28,Thanjavur,2024-08-22,556,True
CUST04131,8,13,16535.59,2066.94875,2025-02-20,2026-03-01,Customer 4131,Female,31,Vellore,2024-12-05,374,True
CUST04132,3,8,7643.57,2547.8566666666666,2025-04-14,2026-03-03,Customer 4132,Male,18,Chennai,2026-01-20,323,True
CUST04133,2,6,4125.66,2062.83,2025-09-06,2025-10-03,Customer 4133,Male,51,Coimbatore,2026-05-15,27,True
CUST04134,2,4,5765.6,2882.8,2025-06-01,2026-07-07,Customer 4134,Female,49,Chennai,2025-05-28,401,True
CUST04135,3,4,4196.29,1398.7633333333333,2025-02-27,2025-12-31,Customer 4135,Female,37,Chennai,2024-06-09,307,True
CUST04136,3,6,9773.26,3257.7533333333336,2025-08-04,2026-02-18,Customer 4136,Other,62,Trichy,2024-08-23,198,True
CUST04137,1,4,4862.84,4862.84,2026-09-30,2026-09-30,Customer 4137,Female,65,Coimbatore,2024-02-04,0,False
CUST04138,4,8,8145.08,2036.27,2025-01-11,2026-09-16,Customer 4138,Female,59,Tirunelveli,2026-04-12,613,True
CUST04139,5,8,7019.39,1403.8780000000002,2024-11-10,2026-09-24,Customer 4139,Other,35,Coimbatore,2024-05-14,683,True
CUST04140,6,12,10469.53,1744.9216666666669,2025-01-18,2026-05-21,Customer 4140,Male,50,Pondicherry,2024-03-19,488,True
CUST04141,5,9,9155.74,1831.148,2025-03-26,2026-09-16,Customer 4141,Other,44,Chennai,2025-12-21,539,True
CUST04142,5,8,5790.84,1158.1680000000001,2025-08-04,2026-08-05,Customer 4142,Other,52,Bengaluru,2024-01-16,366,True
CUST04143,5,8,7689.96,1537.992,2025-07-22,2026-06-03,Customer 4143,Male,65,Bengaluru,2024-06-04,316,True
CUST04144,2,2,1322.6999999999998,661.3499999999999,2025-02-19,2025-09-24,Customer 4144,Female,30,Bengaluru,2026-03-22,217,True
CUST04145,2,7,9083.96,4541.98,2026-01-27,2026-02-09,Customer 4145,Female,38,Tirunelveli,2026-05-29,13,True
CUST04146,1,3,5152.35,5152.35,2025-03-04,2025-03-04,Customer 4146,Other,19,Salem,2025-06-08,0,False
CUST04147,6,19,17955.3,2992.5499999999997,2025-01-19,2026-03-09,Customer 4147,Female,30,Coimbatore,2024-10-07,414,True
CUST04148,3,5,5510.07,1836.6899999999998,2025-12-11,2026-07-13,Customer 4148,Other,54,Erode,2024-09-27,214,True
CUST04149,4,13,14906.23,3726.5575,2025-06-13,2026-08-22,Customer 4149,Female,45,Coimbatore,2025-01-20,435,True
CUST04150,2,3,3735.7599999999998,1867.8799999999999,2025-11-13,2026-08-11,Customer 4150,Female,53,Salem,2024-08-15,271,True
CUST04151,3,5,7728.62,2576.2066666666665,2025-05-25,2026-01-09,Customer 4151,Female,62,Vellore,2025-05-09,229,True
CUST04152,6,13,10028.29,1671.381666666667,2025-05-04,2025-10-15,Customer 4152,Male,42,Chennai,2025-06-02,164,True
CUST04153,2,4,2958.39,1479.195,2025-02-10,2025-05-08,Customer 4153,Other,43,Thanjavur,2025-05-23,87,True
CUST04154,3,5,3201.18,1067.06,2025-11-09,2026-07-12,Customer 4154,Other,63,Coimbatore,2026-02-20,245,True
CUST04155,5,12,15303.7,3060.7400000000002,2025-04-08,2026-03-28,Customer 4155,Male,54,Chennai,2025-04-08,354,True
CUST04156,4,10,4990.95,1247.7375,2025-01-09,2025-10-12,Customer 4156,Male,46,Thanjavur,2025-02-10,276,True
CUST04157,6,12,10107.53,1684.5883333333334,2024-12-16,2026-08-25,Customer 4157,Other,24,Hyderabad,2025-05-03,617,True
CUST04158,5,16,16109.689999999999,3221.9379999999996,2025-02-23,2026-11-24,Customer 4158,Female,27,Hyderabad,2024-11-14,639,True
CUST04159,2,2,2076.2799999999997,1038.1399999999999,2024-12-27,2026-01-26,Customer 4159,Male,53,Madurai,2024-03-26,395,True
CUST04160,7,17,18384.66,2626.38,2025-02-14,2026-08-28,Customer 4160,Female,55,Trichy,2024-07-31,560,True
CUST04161,3,8,4309.93,1436.6433333333334,2026-01-23,2026-08-13,Customer 4161,Male,43,Bengaluru,2024-03-26,202,True
CUST04162,5,9,6517.96,1303.592,2024-12-19,2026-04-14,Customer 4162,Female,51,Pondicherry,2026-05-08,481,True
CUST04163,3,7,8173.72,2724.5733333333333,2025-05-24,2025-09-20,Customer 4163,Other,32,Chennai,2026-05-09,119,True
CUST04164,4,8,9056.68,2264.17,2024-12-30,2026-08-03,Customer 4164,Female,34,Tirunelveli,2026-02-24,581,True
CUST04165,2,3,3839.81,1919.905,2025-02-22,2025-05-15,Customer 4165,Other,39,Madurai,2024-11-14,82,True
CUST04166,3,3,2531.78,843.9266666666667,2025-12-11,2026-07-14,Customer 4166,Female,62,Bengaluru,2024-02-07,215,True
CUST04167,2,3,3881.37,1940.685,2025-02-10,2025-03-22,Customer 4167,Female,18,Salem,2025-09-05,40,True
CUST04168,2,5,5738.26,2869.13,2025-08-01,2025-11-25,Customer 4168,Male,53,Erode,2025-12-07,116,True
CUST04169,4,11,11110.939999999999,2777.7349999999997,2024-12-16,2026-08-28,Customer 4169,Female,38,Hyderabad,2025-07-12,620,True
CUST04170,3,7,7385.59,2461.8633333333332,2025-04-29,2026-04-09,Customer 4170,Female,47,Pondicherry,2024-08-29,345,True
CUST04171,5,9,12819.759999999998,2563.9519999999998,2025-04-26,2026-08-18,Customer 4171,Other,53,Pondicherry,2025-05-09,479,True
CUST04172,4,9,7329.24,1832.31,2026-05-05,2026-11-21,Customer 4172,Male,24,Tirunelveli,2026-01-20,200,True
CUST04173,2,3,2960.52,1480.26,2026-01-17,2026-06-10,Customer 4173,Male,42,Madurai,2025-12-17,144,True
CUST04174,4,12,13273.32,3318.33,2025-09-05,2026-08-02,Customer 4174,Male,28,Vellore,2026-02-14,331,True
CUST04175,4,5,4893.53,1223.3825,2025-02-05,2026-11-07,Customer 4175,Male,28,Trichy,2026-02-05,640,True
CUST04176,6,18,14378.11,2396.351666666667,2025-02-03,2026-09-12,Customer 4176,Male,20,Tirunelveli,2025-03-24,586,True
CUST04177,4,9,10905.380000000001,2726.3450000000003,2025-02-02,2025-12-20,Customer 4177,Male,58,Vellore,2025-05-22,321,True
CUST04178,4,4,3550.8900000000003,887.7225000000001,2025-02-09,2026-05-14,Customer 4178,Male,65,Vellore,2025-05-13,459,True
CUST04179,1,3,4734.27,4734.27,2026-01-01,2026-01-01,Customer 4179,Female,18,Salem,2025-03-04,0,False
CUST04180,3,10,7017.32,2339.1066666666666,2025-05-16,2026-08-21,Customer 4180,Female,36,Pondicherry,2024-04-30,462,True
CUST04181,2,5,5175.92,2587.96,2025-01-09,2026-07-21,Customer 4181,Female,51,Thanjavur,2025-11-23,558,True
CUST04182,2,5,4531.29,2265.645,2025-02-12,2025-08-23,Customer 4182,Female,54,Hyderabad,2025-09-21,192,True
CUST04183,7,20,22021.74,3145.9628571428575,2025-04-15,2026-10-23,Customer 4183,Male,36,Vellore,2024-06-18,556,True
CUST04184,5,10,10770.15,2154.0299999999997,2025-09-15,2026-08-24,Customer 4184,Male,57,Pondicherry,2025-12-02,343,True
CUST04185,7,10,10951.439999999999,1564.4914285714283,2024-12-20,2026-09-17,Customer 4185,Other,56,Salem,2025-01-15,636,True
CUST04186,7,10,10582.62,1511.8028571428572,2025-04-22,2026-11-01,Customer 4186,Female,31,Thanjavur,2025-04-28,558,True
CUST04187,5,9,7308.57,1461.714,2024-11-22,2026-11-04,Customer 4187,Other,26,Madurai,2026-02-03,712,True
CUST04188,7,12,15971.67,2281.667142857143,2025-06-06,2026-07-20,Customer 4188,Other,48,Chennai,2025-06-20,409,True
CUST04189,3,5,4289.950000000001,1429.9833333333336,2024-12-15,2026-04-06,Customer 4189,Female,29,Madurai,2024-11-21,477,True
CUST04190,1,2,2111.56,2111.56,2026-10-04,2026-10-04,Customer 4190,Male,18,Salem,2025-04-26,0,False
CUST04191,3,6,3059.66,1019.8866666666667,2025-04-09,2026-02-06,Customer 4191,Male,30,Pondicherry,2025-12-19,303,True
CUST04192,6,14,13996.1,2332.6833333333334,2025-03-13,2026-04-07,Customer 4192,Other,47,Thanjavur,2024-04-06,390,True
CUST04193,6,10,13474.34,2245.7233333333334,2025-05-30,2026-07-23,Customer 4193,Male,57,Erode,2024-04-06,419,True
CUST04194,4,9,10748.550000000001,2687.1375000000003,2024-11-23,2025-05-31,Customer 4194,Male,22,Thanjavur,2025-08-31,189,True
CUST04195,2,6,4956.9,2478.45,2025-09-18,2026-09-14,Customer 4195,Other,32,Thanjavur,2025-10-13,361,True
CUST04196,5,6,5458.39,1091.678,2024-12-17,2026-11-08,Customer 4196,Male,30,Salem,2025-10-05,691,True
CUST04197,3,4,2236.13,745.3766666666667,2024-12-21,2026-08-26,Customer 4197,Female,55,Pondicherry,2024-10-18,613,True
CUST04198,2,7,4852.82,2426.41,2026-07-01,2026-07-25,Customer 4198,Female,57,Tirunelveli,2024-11-09,24,True
CUST04199,5,14,12192.77,2438.554,2025-01-31,2026-03-03,Customer 4199,Other,52,Hyderabad,2024-09-17,396,True
CUST04200,3,4,3263.9300000000003,1087.9766666666667,2025-06-03,2026-06-14,Customer 4200,Male,22,Bengaluru,2025-11-06,376,True
CUST04202,1,1,1457.84,1457.84,2026-08-01,2026-08-01,Customer 4202,Male,34,Bengaluru,2024-10-13,0,False
CUST04203,3,8,7465.04,2488.346666666667,2024-12-21,2025-05-07,Customer 4203,Male,51,Bengaluru,2024-04-14,137,True
CUST04204,4,9,6191.9400000000005,1547.9850000000001,2025-01-12,2026-03-11,Customer 4204,Female,39,Bengaluru,2025-10-22,423,True
CUST04205,2,4,2786.94,1393.47,2025-11-22,2026-01-03,Customer 4205,Other,56,Salem,2026-03-01,42,True
CUST04206,6,13,10430.84,1738.4733333333334,2025-05-03,2026-11-07,Customer 4206,Other,57,Hyderabad,2026-04-06,553,True
CUST04207,4,11,15619.150000000001,3904.7875000000004,2025-01-31,2026-10-17,Customer 4207,Male,28,Chennai,2025-04-29,624,True
CUST04208,3,5,5018.450000000001,1672.8166666666668,2025-05-18,2026-02-19,Customer 4208,Male,31,Coimbatore,2026-03-13,277,True
CUST04209,5,8,6875.99,1375.1979999999999,2025-01-18,2026-07-04,Customer 4209,Other,27,Madurai,2026-04-02,532,True
CUST04210,3,8,8545.51,2848.5033333333336,2026-07-02,2026-08-07,Customer 4210,Female,18,Thanjavur,2024-06-17,36,True
CUST04211,9,16,14894.380000000001,1654.9311111111112,2025-05-21,2026-11-22,Customer 4211,Male,26,Vellore,2024-03-20,550,True
CUST04212,3,10,9192.0,3064.0,2025-04-05,2026-06-15,Customer 4212,Female,45,Hyderabad,2026-04-06,436,True
CUST04213,3,9,8641.43,2880.476666666667,2025-01-15,2026-09-10,Customer 4213,Female,37,Vellore,2025-04-28,603,True
CUST04215,2,6,10561.38,5280.69,2026-08-16,2026-09-10,Customer 4215,Female,42,Pondicherry,2025-02-06,25,True
CUST04216,5,13,15782.76,3156.552,2024-12-09,2026-06-11,Customer 4216,Female,37,Vellore,2025-04-30,549,True
CUST04217,3,8,7956.639999999999,2652.213333333333,2025-02-07,2026-04-07,Customer 4217,Other,23,Bengaluru,2024-11-20,424,True
CUST04218,3,7,8143.84,2714.6133333333332,2025-01-29,2025-09-01,Customer 4218,Male,28,Hyderabad,2026-05-12,215,True
CUST04219,6,15,15453.0,2575.5,2025-02-10,2026-05-12,Customer 4219,Female,63,Madurai,2026-05-03,456,True
CUST04220,4,5,4461.0599999999995,1115.2649999999999,2025-09-23,2026-09-13,Customer 4220,Female,53,Erode,2026-05-10,355,True
CUST04221,7,15,13579.64,1939.9485714285713,2025-02-01,2026-11-08,Customer 4221,Other,34,Hyderabad,2025-05-16,645,True
CUST04222,2,5,4907.110000000001,2453.5550000000003,2025-08-08,2026-04-28,Customer 4222,Other,45,Hyderabad,2024-05-03,263,True
CUST04223,7,14,13062.460000000001,1866.0657142857144,2025-07-09,2026-09-16,Customer 4223,Male,19,Thanjavur,2024-12-22,434,True
CUST04224,7,12,9289.23,1327.032857142857,2025-03-02,2026-08-13,Customer 4224,Female,60,Thanjavur,2026-05-25,529,True
CUST04225,2,8,6896.839999999999,3448.4199999999996,2025-09-25,2026-01-06,Customer 4225,Female,31,Bengaluru,2026-01-15,103,True
CUST04226,2,7,7869.08,3934.54,2026-01-14,2026-04-16,Customer 4226,Male,42,Thanjavur,2025-07-27,92,True
CUST04227,2,2,1545.82,772.91,2025-07-07,2025-10-02,Customer 4227,Other,18,Trichy,2024-07-02,87,True
CUST04228,4,13,11483.71,2870.9275,2025-01-16,2026-07-30,Customer 4228,Female,51,Trichy,2025-03-28,560,True
CUST04229,3,3,2937.7200000000003,979.2400000000001,2024-11-21,2025-08-05,Customer 4229,Other,37,Thanjavur,2024-01-06,257,True
CUST04230,2,2,2456.44,1228.22,2025-07-13,2026-10-01,Customer 4230,Female,34,Vellore,2024-04-06,445,True
CUST04231,2,3,2125.1800000000003,1062.5900000000001,2025-05-22,2026-05-10,Customer 4231,Other,35,Chennai,2024-01-14,353,True
CUST04232,6,11,9099.68,1516.6133333333335,2025-05-19,2026-10-21,Customer 4232,Female,59,Erode,2025-10-24,520,True
CUST04233,2,2,1883.38,941.69,2026-01-23,2026-03-16,Customer 4233,Male,62,Pondicherry,2025-02-11,52,True
CUST04234,3,5,4406.58,1468.86,2025-05-19,2026-09-18,Customer 4234,Female,58,Chennai,2024-09-16,487,True
CUST04235,1,1,756.18,756.18,2025-12-21,2025-12-21,Customer 4235,Male,63,Erode,2025-08-08,0,False
CUST04236,2,5,3851.87,1925.935,2025-08-07,2025-09-18,Customer 4236,Other,47,Erode,2025-09-14,42,True
CUST04237,3,7,8027.67,2675.89,2025-04-17,2026-03-06,Customer 4237,Female,65,Hyderabad,2024-06-26,323,True
CUST04238,5,6,5541.59,1108.318,2024-11-29,2026-08-17,Customer 4238,Other,24,Chennai,2026-02-07,626,True
CUST04239,3,8,6040.110000000001,2013.3700000000001,2025-02-15,2025-09-14,Customer 4239,Male,57,Pondicherry,2025-01-13,211,True
CUST04240,2,6,3990.44,1995.22,2025-01-11,2025-10-13,Customer 4240,Other,65,Madurai,2024-06-05,275,True
CUST04241,3,6,6190.66,2063.5533333333333,2025-05-15,2026-03-15,Customer 4241,Male,23,Tirunelveli,2026-06-10,304,True
CUST04242,5,10,9191.35,1838.27,2024-12-20,2026-01-15,Customer 4242,Male,21,Erode,2026-05-04,391,True
CUST04243,3,6,4449.5,1483.1666666666667,2025-05-20,2026-09-18,Customer 4243,Other,21,Thanjavur,2025-10-14,486,True
CUST04244,4,8,9780.960000000001,2445.2400000000002,2025-06-24,2026-06-27,Customer 4244,Other,35,Trichy,2024-04-09,368,True
CUST04245,1,3,4212.39,4212.39,2025-11-18,2025-11-18,Customer 4245,Other,65,Chennai,2025-11-01,0,False
CUST04246,4,10,16415.37,4103.8425,2025-02-17,2026-07-18,Customer 4246,Other,38,Pondicherry,2024-12-06,516,True
CUST04247,1,2,2240.3,2240.3,2025-10-20,2025-10-20,Customer 4247,Other,64,Thanjavur,2024-06-22,0,False
CUST04248,2,4,5766.59,2883.295,2024-12-12,2026-08-29,Customer 4248,Male,60,Tirunelveli,2025-06-12,625,True
CUST04249,3,6,8528.85,2842.9500000000003,2025-09-05,2026-07-30,Customer 4249,Other,60,Chennai,2025-03-02,328,True
CUST04250,2,2,2846.5699999999997,1423.2849999999999,2026-01-08,2026-04-24,Customer 4250,Male,50,Madurai,2024-03-07,106,True
CUST04251,5,9,14907.869999999999,2981.5739999999996,2025-05-14,2026-05-13,Customer 4251,Female,23,Madurai,2026-01-16,364,True
CUST04252,1,2,799.38,799.38,2025-09-02,2025-09-02,Customer 4252,Male,35,Bengaluru,2025-03-30,0,False
CUST04253,4,7,7230.71,1807.6775,2025-05-27,2026-05-28,Customer 4253,Other,50,Tirunelveli,2024-07-22,366,True
CUST04254,6,14,12541.09,2090.181666666667,2025-03-10,2026-11-11,Customer 4254,Other,65,Chennai,2024-06-26,611,True
CUST04255,3,8,9408.39,3136.1299999999997,2025-06-21,2026-01-15,Customer 4255,Female,53,Thanjavur,2024-11-14,208,True
CUST04256,4,4,4763.74,1190.935,2025-05-23,2026-11-13,Customer 4256,Female,47,Bengaluru,2024-04-30,539,True
CUST04257,4,4,4043.35,1010.8375,2025-06-20,2026-09-15,Customer 4257,Other,23,Bengaluru,2026-05-06,452,True
CUST04258,8,18,20323.57,2540.44625,2025-02-18,2026-11-18,Customer 4258,Male,25,Coimbatore,2025-04-19,638,True
CUST04259,2,4,4369.52,2184.76,2025-12-21,2026-03-31,Customer 4259,Other,23,Madurai,2024-07-05,100,True
CUST04260,4,7,6238.58,1559.645,2024-12-07,2026-01-24,Customer 4260,Other,58,Chennai,2024-11-21,413,True
CUST04261,2,5,3470.8,1735.4,2026-03-09,2026-06-18,Customer 4261,Male,18,Trichy,2026-02-24,101,True
CUST04262,8,16,8549.85,1068.73125,2025-05-22,2026-08-14,Customer 4262,Female,47,Coimbatore,2025-10-15,449,True
CUST04263,4,10,6335.780000000001,1583.9450000000002,2025-02-25,2026-11-20,Customer 4263,Other,33,Salem,2026-06-17,633,True
CUST04264,5,10,7626.34,1525.268,2025-05-08,2026-10-21,Customer 4264,Other,59,Trichy,2026-05-07,531,True
CUST04265,4,9,10892.91,2723.2275,2025-03-20,2025-07-23,Customer 4265,Other,26,Salem,2026-02-04,125,True
CUST04266,5,10,8580.279999999999,1716.0559999999998,2025-03-12,2026-10-10,Customer 4266,Female,63,Salem,2024-02-24,577,True
CUST04267,4,5,3368.45,842.1125,2025-04-15,2026-05-08,Customer 4267,Female,26,Bengaluru,2024-07-01,388,True
CUST04268,3,5,8249.27,2749.7566666666667,2025-05-21,2026-07-10,Customer 4268,Female,32,Trichy,2024-11-19,415,True
CUST04269,5,12,12880.61,2576.1220000000003,2025-05-08,2026-02-12,Customer 4269,Male,29,Salem,2024-10-06,280,True
CUST04270,5,14,17212.39,3442.478,2025-10-16,2026-10-13,Customer 4270,Other,46,Salem,2024-09-22,362,True
CUST04271,4,9,7174.4400000000005,1793.6100000000001,2025-01-16,2026-07-04,Customer 4271,Female,40,Bengaluru,2024-04-04,534,True
CUST04272,4,10,11788.85,2947.2125,2025-03-26,2026-02-28,Customer 4272,Female,59,Vellore,2025-01-07,339,True
CUST04273,5,8,6479.09,1295.818,2025-01-10,2026-08-12,Customer 4273,Other,61,Madurai,2025-04-05,579,True
CUST04274,7,15,11101.14,1585.8771428571429,2025-01-01,2025-11-03,Customer 4274,Other,42,Madurai,2024-02-07,306,True
CUST04275,7,19,17701.22,2528.7457142857143,2025-05-10,2026-10-12,Customer 4275,Other,31,Pondicherry,2025-07-04,520,True
CUST04276,2,6,3409.8,1704.9,2025-07-12,2025-08-25,Customer 4276,Female,59,Hyderabad,2025-03-20,44,True
CUST04277,6,14,14678.41,2446.4016666666666,2025-03-05,2026-08-24,Customer 4277,Female,31,Thanjavur,2026-03-26,537,True
CUST04278,4,5,7546.2699999999995,1886.5674999999999,2025-02-03,2026-08-13,Customer 4278,Other,53,Pondicherry,2025-12-17,556,True
CUST04279,2,3,3602.8900000000003,1801.4450000000002,2025-08-17,2025-08-23,Customer 4279,Female,23,Vellore,2026-03-24,6,True
CUST04280,3,3,2085.49,695.1633333333333,2025-01-03,2025-06-11,Customer 4280,Male,34,Trichy,2026-03-02,159,True
CUST04281,2,5,5837.110000000001,2918.5550000000003,2025-06-19,2025-07-15,Customer 4281,Female,20,Coimbatore,2025-04-23,26,True
CUST04282,4,11,11968.119999999999,2992.0299999999997,2025-04-12,2026-10-04,Customer 4282,Other,58,Madurai,2025-06-13,540,True
CUST04283,2,3,2355.7,1177.85,2025-11-10,2025-11-29,Customer 4283,Male,47,Bengaluru,2025-05-01,19,True
CUST04284,1,2,2376.06,2376.06,2025-04-15,2025-04-15,Customer 4284,Female,54,Tirunelveli,2024-11-26,0,False
CUST04286,4,10,6749.84,1687.46,2025-06-30,2026-06-28,Customer 4286,Male,58,Thanjavur,2025-12-19,363,True
CUST04287,5,11,10129.56,2025.9119999999998,2025-04-02,2026-10-19,Customer 4287,Male,28,Tirunelveli,2026-06-09,565,True
CUST04288,4,7,5898.950000000001,1474.7375000000002,2025-01-21,2026-07-30,Customer 4288,Female,39,Hyderabad,2025-05-01,555,True
CUST04289,4,11,12282.330000000002,3070.5825000000004,2025-06-21,2026-08-03,Customer 4289,Male,40,Salem,2024-04-12,408,True
CUST04290,6,17,21890.86,3648.476666666667,2024-12-27,2026-08-15,Customer 4290,Female,52,Madurai,2024-06-15,596,True
CUST04291,5,16,14915.649999999998,2983.1299999999997,2025-05-01,2026-09-08,Customer 4291,Male,46,Bengaluru,2026-02-09,495,True
CUST04292,3,3,4040.1600000000003,1346.72,2024-11-30,2025-11-11,Customer 4292,Other,54,Pondicherry,2025-04-12,346,True
CUST04293,4,8,7683.07,1920.7675,2025-10-20,2026-09-30,Customer 4293,Other,43,Erode,2025-03-21,345,True
CUST04294,1,1,1251.55,1251.55,2025-08-02,2025-08-02,Customer 4294,Male,34,Pondicherry,2026-05-04,0,False
CUST04295,4,6,7242.78,1810.695,2025-06-13,2026-06-26,Customer 4295,Other,39,Erode,2025-01-17,378,True
CUST04296,1,2,802.92,802.92,2025-09-13,2025-09-13,Customer 4296,Female,37,Chennai,2025-11-25,0,False
CUST04297,1,1,2194.61,2194.61,2025-05-26,2025-05-26,Customer 4297,Male,50,Coimbatore,2026-06-17,0,False
CUST04298,4,11,13338.55,3334.6375,2025-03-29,2026-07-29,Customer 4298,Female,35,Bengaluru,2025-03-07,487,True
CUST04299,2,2,2642.75,1321.375,2026-01-10,2026-06-15,Customer 4299,Other,19,Madurai,2025-02-14,156,True
CUST04300,3,5,6079.66,2026.5533333333333,2026-06-03,2026-10-08,Customer 4300,Male,37,Bengaluru,2025-06-08,127,True
CUST04301,4,8,9204.95,2301.2375,2025-02-04,2026-11-14,Customer 4301,Other,30,Bengaluru,2025-12-15,648,True
CUST04302,8,18,18733.5,2341.6875,2024-12-14,2026-08-25,Customer 4302,Male,26,Hyderabad,2026-02-08,619,True
CUST04303,6,11,12148.08,2024.68,2024-12-29,2026-02-15,Customer 4303,Male,23,Salem,2024-12-07,413,True
CUST04304,4,9,12114.01,3028.5025,2025-05-25,2026-07-31,Customer 4304,Male,40,Erode,2026-03-22,432,True
CUST04305,4,12,6224.2,1556.05,2024-12-06,2026-08-03,Customer 4305,Male,47,Chennai,2025-02-09,605,True
CUST04306,2,4,4574.13,2287.065,2025-11-18,2026-08-04,Customer 4306,Male,30,Madurai,2025-11-05,259,True
CUST04307,7,19,24018.53,3431.218571428571,2025-01-27,2026-02-22,Customer 4307,Female,23,Madurai,2024-11-04,391,True
CUST04308,1,2,2255.9,2255.9,2025-03-30,2025-03-30,Customer 4308,Male,45,Coimbatore,2024-08-29,0,False
CUST04309,4,6,8739.019999999999,2184.7549999999997,2025-05-11,2026-11-24,Customer 4309,Male,27,Hyderabad,2026-01-11,562,True
CUST04310,4,11,7497.24,1874.31,2025-01-15,2026-05-31,Customer 4310,Female,18,Erode,2025-07-22,501,True
CUST04311,3,7,9108.539999999999,3036.18,2025-01-29,2026-04-06,Customer 4311,Female,24,Erode,2024-06-12,432,True
CUST04312,3,6,6387.08,2129.0266666666666,2025-01-13,2026-09-23,Customer 4312,Other,43,Pondicherry,2025-07-17,618,True
CUST04313,3,9,8480.24,2826.7466666666664,2025-01-13,2026-07-28,Customer 4313,Female,60,Tirunelveli,2024-08-05,561,True
CUST04314,2,2,2229.75,1114.875,2025-02-13,2025-11-24,Customer 4314,Female,63,Trichy,2026-05-01,284,True
CUST04315,5,12,12217.829999999998,2443.566,2024-12-04,2026-09-02,Customer 4315,Male,42,Madurai,2026-02-20,637,True
CUST04316,3,10,11819.46,3939.8199999999997,2025-01-12,2025-05-03,Customer 4316,Male,43,Thanjavur,2024-11-21,111,True
CUST04317,3,5,7834.49,2611.4966666666664,2025-03-20,2026-09-03,Customer 4317,Other,64,Tirunelveli,2024-10-16,532,True
CUST04318,6,18,25823.02,4303.836666666667,2025-02-23,2026-04-11,Customer 4318,Female,52,Coimbatore,2025-09-03,412,True
CUST04319,4,8,6960.110000000001,1740.0275000000001,2025-01-30,2026-02-23,Customer 4319,Female,60,Pondicherry,2024-12-21,389,True
CUST04320,6,10,7725.1900000000005,1287.5316666666668,2025-01-29,2026-03-18,Customer 4320,Male,32,Bengaluru,2025-08-23,413,True
CUST04321,2,2,1935.07,967.535,2026-01-08,2026-04-27,Customer 4321,Male,41,Thanjavur,2024-07-01,109,True
CUST04322,1,1,1911.7,1911.7,2025-10-23,2025-10-23,Customer 4322,Other,18,Bengaluru,2024-12-14,0,False
CUST04323,6,11,13992.86,2332.1433333333334,2024-12-15,2026-05-11,Customer 4323,Female,22,Hyderabad,2025-09-05,512,True
CUST04324,4,9,7229.71,1807.4275,2025-03-12,2026-07-14,Customer 4324,Male,49,Trichy,2024-08-23,489,True
CUST04325,4,8,11440.869999999999,2860.2174999999997,2025-04-26,2025-09-12,Customer 4325,Male,37,Tirunelveli,2024-02-15,139,True
CUST04326,5,8,10765.52,2153.1040000000003,2024-11-25,2026-04-30,Customer 4326,Female,42,Hyderabad,2024-04-05,521,True
CUST04327,2,5,6154.92,3077.46,2025-08-24,2026-04-09,Customer 4327,Female,27,Salem,2024-07-03,228,True
CUST04328,3,8,9690.74,3230.2466666666664,2024-12-31,2026-01-25,Customer 4328,Female,61,Erode,2024-11-14,390,True
CUST04329,3,6,5743.72,1914.5733333333335,2025-06-17,2026-01-29,Customer 4329,Female,44,Madurai,2024-02-05,226,True
CUST04330,2,3,2731.23,1365.615,2025-01-21,2026-02-19,Customer 4330,Female,61,Vellore,2024-06-16,394,True
CUST04331,4,10,10270.19,2567.5475,2024-11-25,2026-10-03,Customer 4331,Male,47,Coimbatore,2026-05-04,677,True
CUST04332,4,7,8102.0,2025.5,2025-05-04,2026-09-16,Customer 4332,Other,64,Coimbatore,2024-12-20,500,True
CUST04333,3,5,7004.37,2334.79,2025-01-24,2026-11-18,Customer 4333,Female,18,Madurai,2025-11-02,663,True
CUST04334,8,18,22312.37,2789.04625,2025-01-15,2026-08-16,Customer 4334,Male,54,Vellore,2024-11-22,578,True
CUST04335,3,10,15143.2,5047.733333333334,2025-02-04,2026-04-07,Customer 4335,Other,47,Chennai,2025-01-28,427,True
CUST04336,3,9,10830.33,3610.11,2026-04-27,2026-11-18,Customer 4336,Other,60,Tirunelveli,2025-05-12,205,True
CUST04337,5,13,10528.19,2105.638,2025-03-04,2026-07-17,Customer 4337,Male,37,Tirunelveli,2025-03-08,500,True
CUST04338,2,5,4230.35,2115.175,2025-11-28,2026-04-08,Customer 4338,Other,58,Coimbatore,2024-09-21,131,True
CUST04339,3,12,11669.67,3889.89,2024-12-22,2026-11-24,Customer 4339,Female,50,Thanjavur,2025-09-10,702,True
CUST04340,6,9,8459.369999999999,1409.8949999999998,2025-05-12,2026-07-30,Customer 4340,Female,63,Thanjavur,2026-03-10,444,True
CUST04341,2,7,2912.66,1456.33,2026-04-01,2026-09-26,Customer 4341,Other,41,Coimbatore,2026-05-14,178,True
CUST04342,3,4,3684.98,1228.3266666666666,2025-02-08,2026-03-16,Customer 4342,Male,45,Vellore,2026-03-15,401,True
CUST04343,8,18,22707.7,2838.4625,2025-01-07,2026-08-31,Customer 4343,Female,61,Coimbatore,2026-02-16,601,True
CUST04344,7,11,9404.51,1343.5014285714285,2024-12-09,2026-09-02,Customer 4344,Male,39,Pondicherry,2024-06-02,632,True
CUST04345,3,9,10640.84,3546.9466666666667,2025-01-24,2026-11-02,Customer 4345,Female,30,Vellore,2025-08-27,647,True
CUST04346,3,8,8369.0,2789.6666666666665,2025-06-01,2026-09-24,Customer 4346,Other,64,Erode,2026-04-12,480,True
CUST04347,4,7,5484.92,1371.23,2025-01-26,2026-11-17,Customer 4347,Male,47,Salem,2025-03-21,660,True
CUST04348,3,4,3368.5,1122.8333333333333,2025-04-15,2026-03-07,Customer 4348,Male,49,Erode,2024-02-10,326,True
CUST04349,4,9,7653.29,1913.3225,2025-01-20,2026-03-04,Customer 4349,Male,56,Hyderabad,2025-01-10,408,True
CUST04350,1,1,630.27,630.27,2026-06-02,2026-06-02,Customer 4350,Female,45,Thanjavur,2025-01-13,0,False
CUST04351,2,3,2586.37,1293.185,2026-05-04,2026-10-02,Customer 4351,Female,19,Vellore,2025-11-22,151,True
CUST04352,2,4,3614.5099999999998,1807.2549999999999,2026-03-23,2026-11-20,Customer 4352,Male,36,Thanjavur,2024-09-30,242,True
CUST04353,2,5,3567.61,1783.805,2025-01-23,2026-01-01,Customer 4353,Male,46,Thanjavur,2025-03-03,343,True
CUST04354,8,23,25174.63,3146.82875,2025-01-23,2026-09-20,Customer 4354,Other,20,Bengaluru,2024-10-31,605,True
CUST04355,5,13,9758.18,1951.636,2025-05-07,2026-11-07,Customer 4355,Female,64,Chennai,2024-04-24,549,True
CUST04356,3,6,5876.02,1958.6733333333334,2025-01-10,2025-08-09,Customer 4356,Other,43,Trichy,2025-06-28,211,True
CUST04357,3,6,5978.25,1992.75,2025-10-18,2026-07-12,Customer 4357,Male,52,Coimbatore,2024-06-28,267,True
CUST04358,3,4,3360.04,1120.0133333333333,2025-07-11,2026-10-03,Customer 4358,Other,27,Hyderabad,2024-05-09,449,True
CUST04359,3,5,6669.78,2223.2599999999998,2025-08-24,2026-05-31,Customer 4359,Female,35,Thanjavur,2025-05-20,280,True
CUST04360,5,12,8581.0,1716.2,2025-01-26,2026-07-30,Customer 4360,Other,57,Trichy,2025-04-14,550,True
CUST04361,5,14,11459.66,2291.932,2025-01-23,2025-04-18,Customer 4361,Other,51,Bengaluru,2026-04-25,85,True
CUST04362,6,11,10260.59,1710.0983333333334,2025-05-08,2026-08-03,Customer 4362,Male,22,Thanjavur,2025-04-14,452,True
CUST04363,4,7,8239.56,2059.89,2025-03-30,2026-10-23,Customer 4363,Male,27,Bengaluru,2025-01-16,572,True
CUST04364,6,7,10115.21,1685.868333333333,2025-02-14,2026-09-07,Customer 4364,Other,24,Tirunelveli,2026-01-11,570,True
CUST04365,1,2,2232.68,2232.68,2025-07-10,2025-07-10,Customer 4365,Other,23,Thanjavur,2025-06-08,0,False
CUST04366,6,14,12166.76,2027.7933333333333,2025-04-07,2026-05-07,Customer 4366,Other,37,Tirunelveli,2025-10-14,395,True
CUST04367,1,1,1042.66,1042.66,2025-07-31,2025-07-31,Customer 4367,Male,29,Pondicherry,2025-02-14,0,False
CUST04368,1,4,1517.04,1517.04,2026-02-03,2026-02-03,Customer 4368,Other,59,Pondicherry,2024-09-20,0,False
CUST04369,5,14,14906.3,2981.2599999999998,2024-11-03,2026-11-16,Customer 4369,Female,25,Trichy,2024-03-22,743,True
CUST04370,6,11,9500.43,1583.405,2025-04-03,2026-07-01,Customer 4370,Female,37,Bengaluru,2025-08-07,454,True
CUST04371,4,5,6323.08,1580.77,2024-12-30,2026-09-25,Customer 4371,Other,33,Pondicherry,2025-06-10,634,True
CUST04372,1,1,631.56,631.56,2025-03-21,2025-03-21,Customer 4372,Male,41,Bengaluru,2026-03-29,0,False
CUST04373,6,10,9343.43,1557.2383333333335,2024-11-18,2026-09-24,Customer 4373,Male,45,Salem,2025-04-29,675,True
CUST04374,8,15,14466.68,1808.335,2024-12-31,2026-08-16,Customer 4374,Other,29,Salem,2026-02-03,593,True
CUST04375,4,7,6462.8,1615.7,2025-03-03,2026-10-11,Customer 4375,Other,20,Bengaluru,2025-05-28,587,True
CUST04376,5,8,8549.66,1709.932,2025-05-05,2026-09-07,Customer 4376,Male,61,Salem,2025-02-12,490,True
CUST04377,5,11,12220.89,2444.178,2024-12-22,2026-09-12,Customer 4377,Male,44,Trichy,2024-10-06,629,True
CUST04378,6,11,10548.45,1758.075,2024-12-05,2026-01-30,Customer 4378,Female,60,Madurai,2024-01-20,421,True
CUST04379,1,2,1679.0,1679.0,2026-02-08,2026-02-08,Customer 4379,Female,47,Bengaluru,2024-10-08,0,False
CUST04380,5,9,9215.41,1843.0819999999999,2024-12-06,2026-06-12,Customer 4380,Other,38,Coimbatore,2026-03-20,553,True
CUST04381,6,13,15172.81,2528.8016666666667,2024-12-11,2026-11-04,Customer 4381,Male,19,Pondicherry,2024-08-14,693,True
CUST04382,1,1,1012.08,1012.08,2025-07-26,2025-07-26,Customer 4382,Male,22,Bengaluru,2024-11-28,0,False
CUST04383,3,5,2361.77,787.2566666666667,2025-01-01,2026-02-17,Customer 4383,Other,63,Bengaluru,2024-10-21,412,True
CUST04384,4,10,6042.17,1510.5425,2025-02-25,2026-10-09,Customer 4384,Female,55,Tirunelveli,2026-04-26,591,True
CUST04385,3,6,6669.5199999999995,2223.173333333333,2025-03-07,2026-04-01,Customer 4385,Other,39,Vellore,2025-10-12,390,True
CUST04386,8,15,14315.56,1789.445,2024-11-28,2026-10-30,Customer 4386,Female,53,Chennai,2025-02-02,701,True
CUST04387,3,8,4927.64,1642.5466666666669,2025-01-13,2025-11-09,Customer 4387,Female,38,Thanjavur,2024-12-17,300,True
CUST04388,3,9,11597.11,3865.7033333333334,2025-10-31,2026-02-22,Customer 4388,Female,27,Erode,2026-04-22,114,True
CUST04389,1,2,1599.44,1599.44,2026-08-18,2026-08-18,Customer 4389,Other,49,Trichy,2026-05-24,0,False
CUST04390,5,15,11107.5,2221.5,2025-01-22,2026-04-14,Customer 4390,Other,28,Hyderabad,2025-06-29,447,True
CUST04391,6,13,9909.58,1651.5966666666666,2025-05-17,2026-06-02,Customer 4391,Female,43,Chennai,2025-02-03,381,True
CUST04392,3,3,3954.29,1318.0966666666666,2025-01-04,2025-05-31,Customer 4392,Other,23,Hyderabad,2025-11-07,147,True
CUST04393,4,5,3717.46,929.365,2025-02-24,2026-10-22,Customer 4393,Other,40,Coimbatore,2025-05-13,605,True
CUST04394,2,8,9052.36,4526.18,2025-09-10,2025-10-07,Customer 4394,Other,51,Thanjavur,2024-07-31,27,True
CUST04395,3,5,7270.92,2423.64,2025-06-23,2026-04-20,Customer 4395,Female,38,Erode,2024-11-07,301,True
CUST04396,3,4,4074.54,1358.18,2026-01-04,2026-06-12,Customer 4396,Female,19,Madurai,2025-11-21,159,True
CUST04397,3,9,10499.99,3499.9966666666664,2026-02-05,2026-05-09,Customer 4397,Other,28,Bengaluru,2025-10-01,93,True
CUST04398,5,8,7489.86,1497.972,2025-01-16,2026-10-06,Customer 4398,Other,45,Tirunelveli,2024-12-26,628,True
CUST04399,6,10,10684.26,1780.71,2025-05-21,2026-01-03,Customer 4399,Male,36,Vellore,2026-02-22,227,True
CUST04400,1,1,622.99,622.99,2025-05-17,2025-05-17,Customer 4400,Female,33,Tirunelveli,2026-01-31,0,False
CUST04401,7,11,7816.46,1116.6371428571429,2025-01-11,2026-09-22,Customer 4401,Male,42,Bengaluru,2025-07-04,619,True
CUST04402,4,10,10951.220000000001,2737.8050000000003,2025-01-22,2026-11-12,Customer 4402,Male,24,Tirunelveli,2026-05-20,659,True
CUST04403,7,18,16750.94,2392.9914285714285,2025-01-23,2026-07-03,Customer 4403,Male,25,Bengaluru,2024-08-11,526,True
CUST04404,2,2,2941.87,1470.935,2025-05-30,2026-08-17,Customer 4404,Male,28,Pondicherry,2024-10-23,444,True
CUST04405,4,4,4568.110000000001,1142.0275000000001,2025-08-17,2026-07-30,Customer 4405,Other,44,Thanjavur,2025-02-14,347,True
CUST04406,1,1,468.72,468.72,2025-03-04,2025-03-04,Customer 4406,Male,44,Bengaluru,2026-02-08,0,False
CUST04407,5,6,7449.889999999999,1489.9779999999998,2025-08-18,2026-05-24,Customer 4407,Female,41,Hyderabad,2024-10-12,279,True
CUST04408,7,11,8276.16,1182.3085714285714,2025-05-02,2026-07-01,Customer 4408,Other,61,Hyderabad,2024-04-18,425,True
CUST04409,3,7,9640.74,3213.58,2025-04-19,2025-08-20,Customer 4409,Other,38,Vellore,2026-02-19,123,True
CUST04410,4,10,6658.85,1664.7125,2025-06-21,2026-08-23,Customer 4410,Other,43,Trichy,2025-07-02,428,True
CUST04411,4,10,8180.51,2045.1275,2025-11-19,2026-10-16,Customer 4411,Female,49,Erode,2026-05-29,331,True
CUST04412,3,6,7772.37,2590.79,2025-03-03,2025-09-04,Customer 4412,Female,28,Madurai,2024-10-20,185,True
CUST04414,3,8,8101.62,2700.54,2025-05-15,2026-04-07,Customer 4414,Female,47,Hyderabad,2026-04-29,327,True
CUST04415,5,14,15698.449999999999,3139.6899999999996,2024-11-23,2026-09-01,Customer 4415,Other,24,Tirunelveli,2024-06-25,647,True
CUST04416,8,11,11712.26,1464.0325,2025-04-05,2026-11-24,Customer 4416,Other,44,Tirunelveli,2025-08-17,598,True
CUST04417,5,7,3832.34,766.4680000000001,2025-05-16,2026-06-25,Customer 4417,Male,58,Chennai,2025-02-24,405,True
CUST04418,4,13,15925.61,3981.4025,2025-01-29,2026-08-19,Customer 4418,Male,26,Bengaluru,2025-09-25,567,True
CUST04419,5,11,14589.62,2917.924,2025-02-23,2026-03-19,Customer 4419,Other,23,Bengaluru,2025-09-26,389,True
CUST04420,3,9,5924.17,1974.7233333333334,2025-02-04,2025-09-22,Customer 4420,Other,44,Chennai,2025-08-07,230,True
CUST04421,7,15,16203.580000000002,2314.797142857143,2025-01-09,2026-07-20,Customer 4421,Other,33,Madurai,2024-11-28,557,True
CUST04422,4,5,4620.59,1155.1475,2025-09-05,2026-11-12,Customer 4422,Other,48,Hyderabad,2025-08-05,433,True
CUST04423,1,3,2601.6,2601.6,2026-09-24,2026-09-24,Customer 4423,Female,19,Pondicherry,2024-04-03,0,False
CUST04424,3,6,7254.76,2418.2533333333336,2025-05-03,2026-03-19,Customer 4424,Other,42,Vellore,2025-09-07,320,True
CUST04425,6,13,12142.15,2023.6916666666666,2025-01-23,2025-09-16,Customer 4425,Male,28,Erode,2025-06-07,236,True
CUST04426,2,3,2243.76,1121.88,2025-02-22,2025-09-12,Customer 4426,Other,33,Madurai,2025-01-12,202,True
CUST04427,3,8,4651.3099999999995,1550.4366666666665,2025-04-12,2026-03-25,Customer 4427,Other,30,Thanjavur,2025-04-28,347,True
CUST04428,1,1,897.19,897.19,2026-08-06,2026-08-06,Customer 4428,Female,22,Chennai,2024-05-15,0,False
CUST04429,5,8,6989.72,1397.944,2025-05-23,2026-09-21,Customer 4429,Other,47,Erode,2024-07-30,486,True
CUST04430,2,3,4463.25,2231.625,2025-06-10,2025-12-20,Customer 4430,Other,56,Erode,2024-09-07,193,True
CUST04431,3,6,5657.24,1885.7466666666667,2026-05-15,2026-09-02,Customer 4431,Male,47,Vellore,2024-09-04,110,True
CUST04432,6,16,11747.86,1957.9766666666667,2025-06-12,2026-05-09,Customer 4432,Male,56,Thanjavur,2025-10-18,331,True
CUST04433,9,21,20997.31,2333.0344444444445,2025-02-10,2026-10-01,Customer 4433,Male,33,Erode,2026-06-12,598,True
CUST04434,4,8,4378.03,1094.5075,2025-01-09,2026-09-18,Customer 4434,Male,18,Pondicherry,2026-01-09,617,True
CUST04435,1,1,715.36,715.36,2025-08-25,2025-08-25,Customer 4435,Other,61,Tirunelveli,2024-02-03,0,False
CUST04436,6,14,13101.99,2183.665,2025-04-06,2026-10-06,Customer 4436,Other,48,Tirunelveli,2026-06-06,548,True
CUST04437,4,10,9147.49,2286.8725,2025-02-07,2026-08-13,Customer 4437,Female,34,Pondicherry,2024-03-13,552,True
CUST04438,10,21,27230.03,2723.0029999999997,2025-07-04,2026-06-28,Customer 4438,Male,63,Bengaluru,2025-07-04,359,True
CUST04439,5,10,11389.21,2277.8419999999996,2025-03-28,2026-10-03,Customer 4439,Other,63,Chennai,2025-10-24,554,True
CUST04440,1,1,444.46,444.46,2025-12-30,2025-12-30,Customer 4440,Female,64,Chennai,2025-03-25,0,False
CUST04441,4,7,7618.77,1904.6925,2025-07-25,2026-04-06,Customer 4441,Female,64,Chennai,2024-10-26,255,True
CUST04442,4,12,13304.81,3326.2025,2025-04-30,2025-10-24,Customer 4442,Female,63,Vellore,2025-01-07,177,True
CUST04443,3,4,4823.41,1607.8033333333333,2025-02-15,2025-08-01,Customer 4443,Other,46,Tirunelveli,2025-10-06,167,True
CUST04445,6,15,16742.16,2790.36,2025-04-18,2026-10-08,Customer 4445,Female,55,Coimbatore,2026-05-17,538,True
CUST04446,2,3,1961.1499999999999,980.5749999999999,2025-05-08,2026-12-01,Customer 4446,Male,41,Tirunelveli,2026-01-09,572,True
CUST04447,2,4,4001.49,2000.745,2025-08-27,2025-11-23,Customer 4447,Female,27,Trichy,2025-11-03,88,True
CUST04448,5,9,7025.85,1405.17,2024-12-28,2025-11-05,Customer 4448,Female,31,Salem,2026-03-25,312,True
CUST04449,6,16,11928.74,1988.1233333333332,2025-04-09,2026-10-09,Customer 4449,Female,59,Pondicherry,2024-04-09,548,True
CUST04450,6,15,13654.61,2275.7683333333334,2024-11-26,2026-08-12,Customer 4450,Female,63,Erode,2024-03-16,624,True
CUST04451,4,11,13589.19,3397.2975,2025-02-08,2026-03-18,Customer 4451,Male,34,Thanjavur,2026-02-09,403,True
CUST04452,6,13,17102.18,2850.3633333333332,2024-12-16,2026-03-06,Customer 4452,Other,46,Thanjavur,2024-10-29,445,True
CUST04453,4,11,10015.18,2503.795,2024-11-25,2026-09-29,Customer 4453,Female,62,Salem,2026-03-17,673,True
CUST04454,6,13,11709.68,1951.6133333333335,2025-01-27,2026-01-21,Customer 4454,Female,56,Chennai,2025-08-04,359,True
CUST04455,4,4,2733.73,683.4325,2025-10-22,2026-08-27,Customer 4455,Male,27,Vellore,2026-02-18,309,True
CUST04456,2,4,2133.62,1066.81,2025-01-15,2026-01-19,Customer 4456,Male,32,Thanjavur,2024-10-22,369,True
CUST04457,3,6,5882.99,1960.9966666666667,2025-04-25,2026-01-17,Customer 4457,Female,63,Salem,2025-07-31,267,True
CUST04458,3,8,12218.34,4072.78,2024-12-06,2026-03-19,Customer 4458,Other,28,Bengaluru,2024-11-10,468,True
CUST04459,1,1,698.97,698.97,2025-03-29,2025-03-29,Customer 4459,Female,48,Pondicherry,2025-10-11,0,False
CUST04460,2,6,5938.52,2969.26,2025-09-08,2025-12-25,Customer 4460,Other,36,Madurai,2025-03-26,108,True
CUST04461,3,5,3682.25,1227.4166666666667,2024-11-25,2025-07-03,Customer 4461,Other,26,Madurai,2026-01-31,220,True
CUST04462,5,7,7868.64,1573.728,2025-06-21,2026-09-20,Customer 4462,Female,42,Salem,2025-09-14,456,True
CUST04463,3,6,5529.8099999999995,1843.2699999999998,2026-01-14,2026-07-23,Customer 4463,Male,19,Trichy,2025-10-14,190,True
CUST04464,3,10,7337.99,2445.9966666666664,2025-09-18,2026-10-02,Customer 4464,Female,27,Bengaluru,2025-08-20,379,True
CUST04465,3,5,3511.96,1170.6533333333334,2025-02-24,2026-07-08,Customer 4465,Female,41,Pondicherry,2024-01-13,499,True
CUST04467,3,7,5665.3,1888.4333333333334,2025-02-19,2026-06-26,Customer 4467,Other,28,Thanjavur,2025-05-03,492,True
CUST04468,5,15,14285.64,2857.1279999999997,2025-05-05,2026-04-16,Customer 4468,Male,55,Vellore,2025-10-21,346,True
CUST04469,4,9,7420.84,1855.21,2025-08-19,2026-09-15,Customer 4469,Other,41,Tirunelveli,2024-11-17,392,True
CUST04470,4,7,11610.18,2902.545,2025-02-03,2026-03-02,Customer 4470,Female,59,Madurai,2026-06-05,392,True
CUST04471,7,16,13530.39,1932.912857142857,2024-12-10,2026-10-16,Customer 4471,Other,48,Madurai,2026-06-10,675,True
CUST04472,5,10,10290.19,2058.038,2025-05-10,2026-02-03,Customer 4472,Female,18,Hyderabad,2025-05-10,269,True
CUST04473,4,10,11580.56,2895.14,2026-01-22,2026-09-02,Customer 4473,Female,32,Salem,2024-03-07,223,True
CUST04474,6,12,13158.49,2193.0816666666665,2025-03-16,2026-05-29,Customer 4474,Male,27,Salem,2024-07-30,439,True
CUST04475,4,12,12521.16,3130.29,2025-06-21,2026-08-22,Customer 4475,Other,25,Hyderabad,2025-09-15,427,True
CUST04476,3,6,4359.110000000001,1453.0366666666669,2025-07-24,2025-11-18,Customer 4476,Female,49,Erode,2024-07-20,117,True
CUST04477,5,7,6699.860000000001,1339.9720000000002,2025-05-14,2026-04-20,Customer 4477,Other,18,Pondicherry,2025-08-06,341,True
CUST04478,3,7,6765.650000000001,2255.2166666666667,2025-08-13,2026-05-31,Customer 4478,Other,32,Pondicherry,2026-05-16,291,True
CUST04479,5,10,6671.7,1334.34,2025-04-20,2026-06-23,Customer 4479,Female,60,Chennai,2024-07-26,429,True
CUST04480,5,11,13976.75,2795.35,2025-02-26,2026-07-04,Customer 4480,Other,24,Thanjavur,2025-02-12,493,True
CUST04481,4,7,11199.76,2799.94,2024-12-24,2026-06-09,Customer 4481,Male,35,Vellore,2025-06-03,532,True
CUST04482,3,6,6458.72,2152.9066666666668,2025-06-12,2026-08-19,Customer 4482,Other,52,Coimbatore,2025-07-01,433,True
CUST04483,1,2,1407.96,1407.96,2025-07-03,2025-07-03,Customer 4483,Male,46,Bengaluru,2026-03-28,0,False
CUST04484,4,8,8398.93,2099.7325,2026-02-25,2026-07-11,Customer 4484,Male,33,Salem,2025-06-19,136,True
CUST04486,3,5,5048.72,1682.9066666666668,2025-06-25,2025-12-12,Customer 4486,Male,32,Pondicherry,2025-10-28,170,True
CUST04487,1,1,375.0,375.0,2026-10-26,2026-10-26,Customer 4487,Female,29,Chennai,2026-01-04,0,False
CUST04488,4,4,5132.92,1283.23,2024-12-21,2026-11-19,Customer 4488,Female,53,Salem,2025-09-15,698,True
CUST04489,1,1,1434.54,1434.54,2026-01-30,2026-01-30,Customer 4489,Other,30,Pondicherry,2024-04-03,0,False
CUST04490,5,13,17474.54,3494.9080000000004,2025-08-08,2026-05-29,Customer 4490,Male,26,Vellore,2026-04-30,294,True
CUST04491,4,6,8515.89,2128.9725,2025-07-13,2026-08-28,Customer 4491,Male,31,Trichy,2024-11-06,411,True
CUST04492,6,11,12740.54,2123.4233333333336,2025-03-07,2026-04-01,Customer 4492,Other,55,Erode,2024-09-06,390,True
CUST04493,2,5,5976.030000000001,2988.0150000000003,2026-08-27,2026-09-23,Customer 4493,Male,52,Chennai,2025-04-20,27,True
CUST04494,3,4,4582.27,1527.4233333333334,2025-03-24,2026-01-03,Customer 4494,Other,22,Trichy,2024-11-22,285,True
CUST04495,4,5,4950.89,1237.7225,2026-01-16,2026-09-15,Customer 4495,Male,46,Coimbatore,2025-05-04,242,True
CUST04496,4,6,8536.789999999999,2134.1974999999998,2024-11-21,2026-09-24,Customer 4496,Male,24,Vellore,2025-05-02,672,True
CUST04497,5,11,13751.619999999999,2750.3239999999996,2024-12-08,2025-05-31,Customer 4497,Male,56,Erode,2025-08-26,174,True
CUST04498,7,13,12087.79,1726.827142857143,2024-12-15,2026-03-15,Customer 4498,Other,18,Bengaluru,2024-11-03,455,True
CUST04499,5,10,11761.92,2352.384,2026-01-16,2026-08-30,Customer 4499,Male,64,Erode,2025-03-16,226,True
CUST04500,4,13,18472.01,4618.0025,2025-04-17,2026-09-18,Customer 4500,Other,30,Bengaluru,2026-03-07,519,True
CUST04501,7,16,11060.93,1580.1328571428571,2025-02-06,2026-05-19,Customer 4501,Other,57,Erode,2026-04-05,467,True
CUST04502,4,11,6979.55,1744.8875,2025-05-15,2026-07-21,Customer 4502,Female,44,Bengaluru,2024-01-01,432,True
CUST04503,3,5,5007.92,1669.3066666666666,2024-12-05,2026-03-28,Customer 4503,Female,58,Madurai,2024-10-04,478,True
CUST04504,3,7,6138.65,2046.2166666666665,2025-05-27,2025-11-08,Customer 4504,Other,48,Vellore,2024-12-02,165,True
CUST04505,3,4,3525.36,1175.1200000000001,2025-04-25,2026-01-01,Customer 4505,Other,37,Salem,2024-10-17,251,True
CUST04506,6,11,14556.29,2426.0483333333336,2025-01-04,2026-03-06,Customer 4506,Other,33,Thanjavur,2026-06-07,426,True
CUST04507,7,15,18231.69,2604.5271428571427,2025-05-06,2026-10-26,Customer 4507,Other,53,Vellore,2024-10-08,538,True
CUST04508,3,5,4042.3200000000006,1347.4400000000003,2025-04-28,2025-12-09,Customer 4508,Other,46,Coimbatore,2024-11-12,225,True
CUST04509,2,3,4917.35,2458.675,2024-11-24,2025-05-31,Customer 4509,Male,49,Chennai,2026-02-13,188,True
CUST04510,7,16,18616.260000000002,2659.4657142857145,2025-10-17,2026-09-06,Customer 4510,Other,48,Erode,2024-11-22,324,True
CUST04511,9,20,21038.86,2337.6511111111113,2024-12-27,2026-07-27,Customer 4511,Male,22,Tirunelveli,2024-06-16,577,True
CUST04512,7,12,11410.880000000001,1630.1257142857144,2025-02-19,2026-07-24,Customer 4512,Female,24,Erode,2025-11-20,520,True
CUST04513,7,22,18795.04,2685.0057142857145,2024-12-14,2026-08-19,Customer 4513,Other,61,Vellore,2024-12-16,613,True
CUST04514,7,18,21752.69,3107.5271428571427,2024-12-26,2026-09-27,Customer 4514,Male,30,Coimbatore,2026-04-22,640,True
CUST04515,3,7,8385.99,2795.33,2025-05-29,2026-09-27,Customer 4515,Male,31,Salem,2026-02-20,486,True
CUST04516,1,1,1104.89,1104.89,2025-08-15,2025-08-15,Customer 4516,Female,38,Vellore,2025-05-28,0,False
CUST04517,5,9,8248.03,1649.6060000000002,2025-03-08,2026-11-03,Customer 4517,Male,61,Salem,2025-04-28,605,True
CUST04518,5,9,9676.63,1935.3259999999998,2024-12-09,2026-05-15,Customer 4518,Male,54,Hyderabad,2025-09-16,522,True
CUST04519,3,3,3843.41,1281.1366666666665,2025-06-28,2026-05-08,Customer 4519,Female,28,Trichy,2024-06-07,314,True
CUST04520,7,16,16619.61,2374.23,2024-11-15,2026-08-08,Customer 4520,Female,28,Madurai,2026-02-23,631,True
CUST04521,3,7,7511.43,2503.81,2025-01-28,2026-06-10,Customer 4521,Other,28,Thanjavur,2025-09-16,498,True
CUST04522,7,17,16898.809999999998,2414.115714285714,2024-12-24,2026-09-23,Customer 4522,Female,59,Bengaluru,2025-06-12,638,True
CUST04523,6,11,7517.5199999999995,1252.9199999999998,2025-01-12,2026-10-12,Customer 4523,Female,64,Salem,2026-03-18,638,True
CUST04524,4,8,9115.380000000001,2278.8450000000003,2025-05-25,2026-07-06,Customer 4524,Female,48,Salem,2024-08-22,407,True
CUST04525,8,15,15518.08,1939.76,2024-12-15,2026-05-06,Customer 4525,Male,37,Thanjavur,2025-01-14,507,True
CUST04526,5,8,9132.33,1826.466,2025-04-12,2026-10-14,Customer 4526,Female,65,Thanjavur,2026-01-14,550,True
CUST04527,3,8,8107.21,2702.403333333333,2025-03-17,2026-11-06,Customer 4527,Female,45,Bengaluru,2025-04-05,599,True
CUST04528,5,12,15150.800000000001,3030.1600000000003,2025-07-31,2026-09-06,Customer 4528,Female,18,Tirunelveli,2025-02-06,402,True
CUST04529,2,5,4294.719999999999,2147.3599999999997,2025-02-17,2026-08-12,Customer 4529,Female,40,Hyderabad,2024-02-26,541,True
CUST04530,4,6,6265.219999999999,1566.3049999999998,2024-11-27,2026-07-28,Customer 4530,Male,47,Salem,2026-04-04,608,True
CUST04531,8,23,23765.05,2970.63125,2025-01-24,2026-05-29,Customer 4531,Other,30,Trichy,2024-01-20,490,True
CUST04532,8,13,15869.529999999999,1983.6912499999999,2025-04-29,2026-08-15,Customer 4532,Other,34,Salem,2025-11-08,473,True
CUST04533,2,3,3209.63,1604.815,2025-07-07,2025-09-19,Customer 4533,Female,19,Thanjavur,2026-05-02,74,True
CUST04534,7,10,12208.92,1744.1314285714286,2025-03-09,2026-06-07,Customer 4534,Female,38,Vellore,2025-03-13,455,True
CUST04535,5,11,13609.81,2721.962,2025-04-16,2026-04-23,Customer 4535,Other,30,Trichy,2025-07-27,372,True
CUST04536,4,12,13107.99,3276.9975,2026-02-15,2026-11-27,Customer 4536,Other,46,Salem,2025-09-24,285,True
CUST04537,7,22,22243.879999999997,3177.6971428571424,2025-02-28,2026-07-28,Customer 4537,Male,33,Madurai,2024-04-19,515,True
CUST04538,2,3,3322.8,1661.4,2025-04-11,2025-07-11,Customer 4538,Other,48,Pondicherry,2024-11-29,91,True
CUST04539,5,10,11299.61,2259.922,2025-05-03,2026-04-02,Customer 4539,Female,20,Hyderabad,2025-08-30,334,True
CUST04540,4,6,5226.89,1306.7225,2025-03-14,2026-07-11,Customer 4540,Other,63,Erode,2025-02-03,484,True
CUST04541,2,2,1637.76,818.88,2024-12-01,2026-06-11,Customer 4541,Female,56,Bengaluru,2024-09-12,557,True
CUST04542,3,5,7723.08,2574.36,2025-12-21,2026-06-02,Customer 4542,Male,24,Chennai,2025-01-19,163,True
CUST04543,5,7,9189.150000000001,1837.8300000000004,2024-12-07,2026-07-03,Customer 4543,Female,35,Vellore,2025-10-16,573,True
CUST04544,1,2,1360.52,1360.52,2025-12-05,2025-12-05,Customer 4544,Female,36,Coimbatore,2025-01-13,0,False
CUST04545,10,16,15458.58,1545.858,2024-11-29,2026-08-29,Customer 4545,Male,65,Coimbatore,2025-04-28,638,True
CUST04546,2,7,5387.88,2693.94,2026-07-18,2026-07-31,Customer 4546,Other,44,Madurai,2024-11-28,13,True
CUST04547,2,3,3471.1899999999996,1735.5949999999998,2025-01-16,2025-09-11,Customer 4547,Male,55,Salem,2026-06-13,238,True
CUST04548,7,13,17112.73,2444.675714285714,2024-11-16,2026-11-24,Customer 4548,Male,53,Coimbatore,2025-08-10,738,True
CUST04549,2,3,4522.889999999999,2261.4449999999997,2025-06-01,2026-07-24,Customer 4549,Male,38,Bengaluru,2025-03-24,418,True
CUST04550,2,2,2875.44,1437.72,2026-08-03,2026-09-11,Customer 4550,Other,34,Vellore,2025-07-13,39,True
CUST04551,9,24,31796.49,3532.9433333333336,2025-04-21,2026-08-17,Customer 4551,Female,62,Chennai,2025-06-27,483,True
CUST04552,3,9,10827.59,3609.1966666666667,2025-02-19,2026-02-08,Customer 4552,Male,62,Pondicherry,2024-05-23,354,True
CUST04553,7,15,15377.77,2196.824285714286,2025-01-02,2026-09-28,Customer 4553,Female,41,Erode,2026-01-26,634,True
CUST04554,6,12,16918.95,2819.8250000000003,2025-01-18,2026-09-12,Customer 4554,Male,29,Thanjavur,2026-02-04,602,True
CUST04555,2,7,9885.95,4942.975,2025-04-05,2026-08-16,Customer 4555,Male,47,Thanjavur,2025-04-24,498,True
CUST04556,4,10,10644.44,2661.11,2024-12-11,2026-07-19,Customer 4556,Male,61,Pondicherry,2024-12-07,585,True
CUST04557,8,19,23048.19,2881.02375,2025-02-27,2026-07-25,Customer 4557,Female,56,Pondicherry,2024-09-22,513,True
CUST04558,7,18,19106.26,2729.465714285714,2025-01-15,2026-02-19,Customer 4558,Male,25,Hyderabad,2024-01-24,400,True
CUST04559,3,6,5354.02,1784.6733333333334,2024-12-15,2026-05-01,Customer 4559,Female,43,Erode,2025-02-24,502,True
CUST04560,4,6,4536.509999999999,1134.1274999999998,2024-12-21,2026-08-04,Customer 4560,Male,51,Chennai,2026-03-28,591,True
CUST04561,4,6,7029.84,1757.46,2024-12-27,2026-09-12,Customer 4561,Female,19,Bengaluru,2025-06-08,624,True
CUST04562,6,15,11598.470000000001,1933.0783333333336,2025-01-14,2026-10-10,Customer 4562,Male,50,Thanjavur,2025-03-23,634,True
CUST04563,8,14,10131.5,1266.4375,2025-03-06,2026-05-03,Customer 4563,Other,49,Salem,2026-03-20,423,True
CUST04564,2,2,2311.05,1155.525,2025-07-16,2026-05-06,Customer 4564,Female,58,Coimbatore,2025-08-11,294,True
CUST04565,1,3,2871.51,2871.51,2025-02-05,2025-02-05,Customer 4565,Male,54,Coimbatore,2026-01-22,0,False
CUST04566,6,13,7089.73,1181.6216666666667,2025-01-28,2026-04-24,Customer 4566,Male,52,Madurai,2025-07-25,451,True
CUST04567,2,7,2758.96,1379.48,2026-01-28,2026-06-18,Customer 4567,Other,23,Bengaluru,2026-03-28,141,True
CUST04568,2,7,8831.15,4415.575,2025-03-27,2025-08-28,Customer 4568,Other,59,Trichy,2025-04-24,154,True
CUST04569,3,6,7068.459999999999,2356.153333333333,2025-03-10,2026-08-27,Customer 4569,Male,61,Tirunelveli,2026-02-08,535,True
CUST04570,2,5,3239.66,1619.83,2025-01-30,2025-03-28,Customer 4570,Female,47,Erode,2026-04-17,57,True
CUST04571,10,21,22038.72,2203.8720000000003,2025-01-23,2026-08-08,Customer 4571,Male,59,Thanjavur,2026-01-26,562,True
CUST04572,9,24,31296.29,3477.3655555555556,2025-01-21,2026-12-17,Customer 4572,Male,59,Bengaluru,2024-03-15,695,True
CUST04573,5,18,15666.27,3133.254,2025-04-07,2026-05-27,Customer 4573,Female,51,Pondicherry,2024-12-13,415,True
CUST04574,2,4,1701.85,850.925,2025-01-02,2026-09-13,Customer 4574,Female,19,Tirunelveli,2026-01-27,619,True
CUST04575,4,7,9853.44,2463.36,2024-12-24,2026-09-05,Customer 4575,Female,18,Bengaluru,2025-08-11,620,True
CUST04576,2,3,3540.65,1770.325,2025-10-21,2026-03-13,Customer 4576,Female,19,Chennai,2026-04-28,143,True
CUST04577,4,8,7420.98,1855.245,2025-05-11,2026-04-17,Customer 4577,Female,45,Madurai,2024-08-18,341,True
CUST04578,3,7,7916.74,2638.9133333333334,2025-07-04,2026-09-01,Customer 4578,Male,55,Hyderabad,2024-09-22,424,True
CUST04579,4,7,5589.62,1397.405,2024-12-23,2026-09-06,Customer 4579,Female,52,Erode,2026-02-25,622,True
CUST04580,2,4,7490.11,3745.055,2025-12-21,2026-01-07,Customer 4580,Other,30,Bengaluru,2025-10-31,17,True
CUST04581,4,7,6190.87,1547.7175,2025-01-14,2026-08-22,Customer 4581,Other,54,Madurai,2024-12-29,585,True
CUST04582,4,4,4991.38,1247.845,2025-05-11,2026-08-08,Customer 4582,Male,31,Salem,2024-07-12,454,True
CUST04583,4,16,15937.02,3984.255,2025-05-12,2026-07-21,Customer 4583,Male,19,Vellore,2024-07-04,435,True
CUST04584,4,8,4951.6,1237.9,2025-04-11,2026-06-07,Customer 4584,Male,26,Vellore,2025-09-08,422,True
CUST04585,4,6,4952.900000000001,1238.2250000000001,2025-07-14,2026-09-30,Customer 4585,Male,38,Thanjavur,2024-12-22,443,True
CUST04586,4,12,11872.65,2968.1625,2025-02-05,2026-02-07,Customer 4586,Other,31,Trichy,2024-08-23,367,True
CUST04587,3,7,6140.05,2046.6833333333334,2025-02-01,2026-04-10,Customer 4587,Male,45,Salem,2024-11-06,433,True
CUST04588,4,6,5607.89,1401.9725,2025-05-18,2026-09-28,Customer 4588,Male,40,Chennai,2024-08-26,498,True
CUST04589,2,8,11756.09,5878.045,2025-01-24,2025-05-25,Customer 4589,Female,25,Tirunelveli,2024-05-20,121,True
CUST04590,4,8,9113.67,2278.4175,2025-06-26,2026-10-09,Customer 4590,Female,65,Pondicherry,2024-01-27,470,True
CUST04591,3,8,7856.84,2618.9466666666667,2024-12-13,2025-03-31,Customer 4591,Female,21,Erode,2024-08-01,108,True
CUST04592,6,14,19227.49,3204.581666666667,2025-01-28,2026-07-24,Customer 4592,Female,30,Trichy,2025-03-25,542,True
CUST04593,5,7,8446.97,1689.3939999999998,2024-12-01,2026-10-03,Customer 4593,Female,55,Coimbatore,2026-02-28,671,True
CUST04594,5,10,7749.599999999999,1549.9199999999998,2025-01-10,2026-04-20,Customer 4594,Male,50,Bengaluru,2024-04-05,465,True
CUST04595,9,22,24740.51,2748.9455555555555,2025-08-02,2026-10-15,Customer 4595,Other,25,Madurai,2026-01-11,439,True
CUST04596,7,16,17648.83,2521.261428571429,2024-11-28,2026-07-15,Customer 4596,Male,25,Erode,2026-02-13,594,True
CUST04597,4,5,5252.780000000001,1313.1950000000002,2025-05-18,2026-10-17,Customer 4597,Other,40,Pondicherry,2026-01-28,517,True
CUST04598,6,9,7427.679999999999,1237.9466666666665,2025-06-13,2026-11-13,Customer 4598,Female,30,Trichy,2024-11-20,518,True
CUST04599,8,17,15351.25,1918.90625,2025-02-11,2026-07-11,Customer 4599,Other,41,Erode,2024-04-02,515,True
CUST04600,5,10,10771.66,2154.332,2025-06-02,2026-08-09,Customer 4600,Other,25,Erode,2024-09-18,433,True
CUST04601,3,6,9903.5,3301.1666666666665,2026-03-28,2026-09-20,Customer 4601,Male,42,Tirunelveli,2024-01-17,176,True
CUST04602,8,11,9479.02,1184.8775,2024-12-27,2026-09-22,Customer 4602,Male,40,Thanjavur,2025-02-13,634,True
CUST04603,3,3,2582.3199999999997,860.7733333333332,2025-10-12,2026-11-18,Customer 4603,Male,45,Hyderabad,2024-11-13,402,True
CUST04604,4,10,9009.369999999999,2252.3424999999997,2025-06-10,2026-05-08,Customer 4604,Male,62,Coimbatore,2024-11-03,332,True
CUST04605,5,8,6641.679999999999,1328.3359999999998,2025-01-02,2026-07-17,Customer 4605,Other,42,Erode,2025-10-28,561,True
CUST04606,2,2,1584.31,792.155,2025-02-18,2026-07-11,Customer 4606,Female,64,Hyderabad,2024-01-17,508,True
CUST04607,2,3,3664.02,1832.01,2026-04-28,2026-06-25,Customer 4607,Male,27,Trichy,2024-11-27,58,True
CUST04608,3,7,6312.65,2104.2166666666667,2025-06-23,2026-02-05,Customer 4608,Other,18,Madurai,2024-06-30,227,True
CUST04609,1,5,4587.9,4587.9,2026-01-16,2026-01-16,Customer 4609,Male,26,Pondicherry,2025-06-15,0,False
CUST04610,3,9,6103.610000000001,2034.5366666666669,2025-01-19,2026-07-26,Customer 4610,Male,21,Bengaluru,2025-04-26,553,True
CUST04611,6,11,15109.769999999999,2518.2949999999996,2025-02-26,2026-08-27,Customer 4611,Male,65,Hyderabad,2026-04-01,547,True
CUST04612,2,2,1293.24,646.62,2024-11-08,2026-01-23,Customer 4612,Female,57,Tirunelveli,2024-10-27,441,True
CUST04613,7,10,10027.509999999998,1432.5014285714283,2025-02-20,2026-07-14,Customer 4613,Male,44,Madurai,2026-04-23,509,True
CUST04614,1,1,843.93,843.93,2025-11-23,2025-11-23,Customer 4614,Other,27,Pondicherry,2024-06-27,0,False
CUST04615,6,14,12929.86,2154.976666666667,2025-05-11,2026-10-17,Customer 4615,Other,29,Thanjavur,2026-04-08,524,True
CUST04616,5,11,14396.04,2879.208,2025-04-25,2026-08-12,Customer 4616,Male,28,Chennai,2026-06-19,474,True
CUST04617,2,3,2784.68,1392.34,2025-08-25,2026-01-03,Customer 4617,Male,37,Tirunelveli,2025-05-24,131,True
CUST04618,2,6,8288.68,4144.34,2025-05-15,2025-09-09,Customer 4618,Female,34,Bengaluru,2025-10-02,117,True
CUST04619,1,1,1474.77,1474.77,2026-04-09,2026-04-09,Customer 4619,Male,19,Thanjavur,2024-11-24,0,False
CUST04620,5,17,22898.73,4579.746,2025-04-24,2026-10-30,Customer 4620,Female,20,Pondicherry,2024-01-30,554,True
CUST04621,5,8,8607.9,1721.58,2024-12-02,2026-04-04,Customer 4621,Male,44,Chennai,2026-06-11,488,True
CUST04622,7,15,15541.73,2220.247142857143,2025-02-24,2026-09-30,Customer 4622,Female,56,Pondicherry,2025-07-06,583,True
CUST04623,4,12,14222.220000000001,3555.5550000000003,2024-12-26,2025-12-22,Customer 4623,Male,28,Coimbatore,2025-06-21,361,True
CUST04624,3,6,5345.4,1781.8,2025-01-16,2026-01-13,Customer 4624,Female,32,Coimbatore,2024-01-16,362,True
CUST04625,6,14,12299.48,2049.9133333333334,2025-04-18,2026-10-01,Customer 4625,Male,25,Erode,2025-03-05,531,True
CUST04626,3,10,11001.470000000001,3667.156666666667,2025-05-15,2025-09-27,Customer 4626,Female,52,Erode,2025-04-20,135,True
CUST04627,3,5,6312.37,2104.1233333333334,2025-11-09,2026-01-06,Customer 4627,Other,58,Chennai,2024-05-17,58,True
CUST04628,2,6,8184.42,4092.21,2025-02-18,2025-03-06,Customer 4628,Female,48,Salem,2024-11-14,16,True
CUST04629,8,13,10066.65,1258.33125,2025-03-08,2026-10-06,Customer 4629,Female,60,Vellore,2024-05-11,577,True
CUST04630,4,13,12599.29,3149.8225,2025-01-03,2026-02-06,Customer 4630,Other,60,Pondicherry,2025-01-09,399,True
CUST04631,4,6,6273.9,1568.475,2025-12-01,2026-05-09,Customer 4631,Female,49,Pondicherry,2024-04-08,159,True
CUST04632,6,14,15634.68,2605.78,2024-12-10,2026-08-20,Customer 4632,Other,30,Madurai,2026-05-01,618,True
CUST04633,4,10,9658.06,2414.515,2025-01-16,2026-01-17,Customer 4633,Other,26,Madurai,2024-08-12,366,True
CUST04634,3,10,11955.130000000001,3985.0433333333335,2025-07-16,2025-11-17,Customer 4634,Other,23,Pondicherry,2024-08-18,124,True
CUST04635,5,9,12972.38,2594.4759999999997,2025-05-25,2026-09-19,Customer 4635,Other,43,Salem,2024-04-07,482,True
CUST04636,2,4,1750.9099999999999,875.4549999999999,2025-07-18,2025-12-05,Customer 4636,Male,33,Trichy,2025-09-21,140,True
CUST04638,4,7,5398.22,1349.555,2025-04-21,2026-06-10,Customer 4638,Female,63,Erode,2024-11-04,415,True
CUST04639,3,7,5657.04,1885.68,2025-01-24,2026-08-20,Customer 4639,Other,51,Vellore,2025-11-15,573,True
CUST04640,3,6,3543.51,1181.17,2026-01-20,2026-10-22,Customer 4640,Female,26,Thanjavur,2025-08-14,275,True
CUST04641,9,20,18056.05,2006.2277777777776,2025-01-14,2026-12-26,Customer 4641,Female,60,Madurai,2025-03-08,711,True
CUST04643,2,6,4478.42,2239.21,2025-06-08,2026-10-17,Customer 4643,Female,58,Chennai,2026-03-29,496,True
CUST04644,4,7,8712.289999999999,2178.0724999999998,2024-11-30,2025-07-07,Customer 4644,Male,29,Chennai,2026-03-24,219,True
CUST04645,2,2,2573.41,1286.705,2026-08-16,2026-08-21,Customer 4645,Other,20,Trichy,2024-05-26,5,True
CUST04646,2,6,9480.58,4740.29,2025-06-14,2025-08-04,Customer 4646,Female,38,Chennai,2024-06-14,51,True
CUST04647,4,7,4521.36,1130.34,2025-01-14,2026-12-13,Customer 4647,Female,48,Thanjavur,2025-08-08,698,True
CUST04648,4,11,5747.25,1436.8125,2025-07-01,2026-04-10,Customer 4648,Other,54,Tirunelveli,2024-07-11,283,True
CUST04649,2,6,4326.32,2163.16,2025-04-24,2025-09-21,Customer 4649,Male,47,Bengaluru,2025-04-07,150,True
CUST04650,6,12,14698.07,2449.6783333333333,2025-03-09,2026-09-23,Customer 4650,Other,46,Coimbatore,2024-09-26,563,True
CUST04651,4,7,6213.03,1553.2575,2025-03-16,2026-07-09,Customer 4651,Female,59,Vellore,2026-02-01,480,True
CUST04652,3,5,4378.3099999999995,1459.4366666666665,2025-05-24,2026-03-25,Customer 4652,Female,29,Salem,2024-12-11,305,True
CUST04653,3,6,5270.2699999999995,1756.7566666666664,2025-04-02,2026-12-28,Customer 4653,Female,53,Erode,2024-12-15,635,True
CUST04654,3,3,1523.1799999999998,507.72666666666663,2024-12-11,2025-11-24,Customer 4654,Male,60,Thanjavur,2025-11-10,348,True
CUST04655,4,7,10464.01,2616.0025,2025-05-03,2026-08-30,Customer 4655,Other,34,Coimbatore,2026-02-20,484,True
CUST04656,3,8,9811.42,3270.4733333333334,2025-05-02,2026-08-04,Customer 4656,Female,45,Hyderabad,2026-03-11,459,True
CUST04657,5,13,10255.83,2051.166,2025-03-15,2026-09-05,Customer 4657,Other,26,Coimbatore,2024-01-27,539,True
CUST04658,3,9,9831.41,3277.1366666666668,2025-02-10,2026-02-21,Customer 4658,Female,25,Coimbatore,2024-08-20,376,True
CUST04659,4,12,11819.76,2954.94,2024-12-24,2026-10-10,Customer 4659,Other,36,Madurai,2025-07-17,655,True
CUST04660,3,4,3073.9,1024.6333333333334,2026-03-15,2026-11-15,Customer 4660,Female,37,Erode,2026-06-13,245,True
CUST04661,4,9,5040.32,1260.08,2025-09-04,2026-06-16,Customer 4661,Other,23,Vellore,2025-03-22,285,True
CUST04662,5,7,8227.81,1645.562,2024-12-04,2025-11-07,Customer 4662,Female,50,Trichy,2024-07-05,338,True
CUST04663,4,8,6349.58,1587.395,2025-11-29,2026-09-26,Customer 4663,Other,32,Chennai,2024-05-25,301,True
CUST04664,3,5,7280.25,2426.75,2025-02-10,2025-05-16,Customer 4664,Other,65,Thanjavur,2024-07-22,95,True
CUST04665,2,5,5033.5599999999995,2516.7799999999997,2025-03-10,2026-01-16,Customer 4665,Other,27,Bengaluru,2025-06-22,312,True
CUST04666,5,15,17422.15,3484.4300000000003,2024-12-09,2026-11-12,Customer 4666,Other,51,Chennai,2026-05-30,703,True
CUST04667,1,4,4339.2,4339.2,2025-12-18,2025-12-18,Customer 4667,Other,41,Vellore,2026-03-30,0,False
CUST04668,4,7,8439.78,2109.945,2025-04-17,2026-07-24,Customer 4668,Other,51,Madurai,2024-08-23,463,True
CUST04670,4,10,11957.380000000001,2989.3450000000003,2025-09-15,2026-12-12,Customer 4670,Other,58,Bengaluru,2024-06-18,453,True
CUST04671,3,3,3738.1099999999997,1246.0366666666666,2024-12-31,2026-11-05,Customer 4671,Other,27,Vellore,2024-08-19,674,True
CUST04672,7,24,17153.58,2450.511428571429,2025-01-29,2026-11-26,Customer 4672,Female,30,Salem,2025-09-16,666,True
CUST04673,3,6,4651.950000000001,1550.6500000000003,2025-03-23,2026-11-19,Customer 4673,Female,36,Tirunelveli,2024-02-20,606,True
CUST04674,2,5,5794.54,2897.27,2025-05-25,2026-10-19,Customer 4674,Female,48,Erode,2025-06-18,512,True
CUST04675,4,11,17347.93,4336.9825,2025-06-03,2026-07-28,Customer 4675,Male,64,Salem,2024-11-25,420,True
CUST04676,4,4,4138.6900000000005,1034.6725000000001,2025-07-14,2026-06-18,Customer 4676,Male,34,Pondicherry,2024-01-01,339,True
CUST04677,3,7,9032.560000000001,3010.853333333334,2024-11-24,2026-09-13,Customer 4677,Other,37,Trichy,2025-07-23,658,True
CUST04678,6,15,16939.48,2823.2466666666664,2024-12-26,2026-01-08,Customer 4678,Other,56,Coimbatore,2026-01-21,378,True
CUST04679,3,9,10006.74,3335.58,2025-07-02,2026-10-29,Customer 4679,Female,26,Madurai,2024-03-01,484,True
CUST04680,2,2,2266.19,1133.095,2025-07-15,2025-12-22,Customer 4680,Male,33,Tirunelveli,2025-05-07,160,True
CUST04681,4,11,10297.730000000001,2574.4325000000003,2025-08-13,2026-02-09,Customer 4681,Male,59,Tirunelveli,2026-03-16,180,True
CUST04682,8,14,15269.56,1908.695,2025-02-17,2026-09-09,Customer 4682,Other,30,Trichy,2025-02-04,569,True
CUST04683,3,5,4319.79,1439.93,2025-07-12,2025-12-03,Customer 4683,Female,22,Trichy,2026-05-04,144,True
CUST04684,3,3,3328.52,1109.5066666666667,2025-03-18,2026-11-22,Customer 4684,Male,43,Coimbatore,2024-10-09,614,True
CUST04685,6,11,16257.380000000001,2709.5633333333335,2025-05-08,2026-11-09,Customer 4685,Other,55,Hyderabad,2026-01-13,550,True
CUST04686,4,9,7784.21,1946.0525,2025-08-31,2026-02-06,Customer 4686,Male,46,Madurai,2024-06-04,159,True
CUST04687,5,9,6481.04,1296.208,2025-10-25,2026-09-20,Customer 4687,Female,38,Chennai,2025-11-19,330,True
CUST04688,7,17,14049.74,2007.1057142857142,2025-03-07,2026-12-06,Customer 4688,Male,51,Salem,2025-10-14,639,True
CUST04689,4,11,15222.05,3805.5125,2025-02-24,2026-08-09,Customer 4689,Male,58,Bengaluru,2025-06-20,531,True
CUST04690,5,13,16752.5,3350.5,2025-05-27,2026-02-26,Customer 4690,Male,60,Erode,2025-04-27,275,True
CUST04691,6,15,17930.95,2988.491666666667,2025-03-20,2026-12-08,Customer 4691,Male,52,Pondicherry,2024-11-01,628,True
CUST04692,5,12,9744.43,1948.886,2025-01-30,2025-07-05,Customer 4692,Female,27,Coimbatore,2025-09-16,156,True
CUST04693,2,2,1309.91,654.955,2026-02-19,2026-07-09,Customer 4693,Other,39,Salem,2026-02-11,140,True
CUST04694,4,9,6277.35,1569.3375,2025-01-21,2026-07-08,Customer 4694,Female,34,Coimbatore,2024-02-11,533,True
CUST04695,6,11,10791.66,1798.61,2024-11-30,2026-02-27,Customer 4695,Female,45,Bengaluru,2025-10-03,454,True
CUST04696,5,13,12005.53,2401.106,2025-10-01,2026-06-29,Customer 4696,Other,62,Erode,2024-06-21,271,True
CUST04697,4,12,17870.21,4467.5525,2026-01-18,2026-09-25,Customer 4697,Female,32,Vellore,2026-02-15,250,True
CUST04698,2,4,4402.19,2201.095,2025-05-22,2026-09-21,Customer 4698,Male,64,Bengaluru,2024-04-15,487,True
CUST04699,3,4,2770.11,923.37,2025-08-28,2026-04-12,Customer 4699,Female,33,Hyderabad,2025-09-05,227,True
CUST04700,3,5,3244.7000000000003,1081.5666666666668,2024-12-16,2026-11-04,Customer 4700,Other,45,Tirunelveli,2025-05-21,688,True
CUST04701,3,11,9508.7,3169.566666666667,2025-07-06,2026-06-20,Customer 4701,Other,24,Salem,2024-02-28,349,True
CUST04702,6,6,5921.85,986.975,2025-01-08,2026-04-09,Customer 4702,Other,64,Salem,2026-05-12,456,True
CUST04703,2,4,3674.6099999999997,1837.3049999999998,2025-06-11,2026-10-29,Customer 4703,Other,50,Thanjavur,2024-09-14,505,True
CUST04704,4,15,14056.59,3514.1475,2025-02-27,2026-06-09,Customer 4704,Other,34,Thanjavur,2025-03-05,467,True
CUST04705,4,6,6666.47,1666.6175,2025-02-17,2026-11-30,Customer 4705,Male,24,Pondicherry,2024-03-26,651,True
CUST04706,4,9,8493.78,2123.445,2024-12-18,2025-07-18,Customer 4706,Female,33,Bengaluru,2026-04-05,212,True
CUST04707,1,1,756.43,756.43,2025-04-25,2025-04-25,Customer 4707,Male,55,Tirunelveli,2025-05-21,0,False
CUST04708,6,11,7536.29,1256.0483333333334,2025-01-29,2026-10-26,Customer 4708,Female,24,Pondicherry,2025-11-12,635,True
CUST04709,3,7,5732.93,1910.9766666666667,2025-09-06,2026-06-14,Customer 4709,Other,56,Bengaluru,2025-05-14,281,True
CUST04710,6,11,11517.25,1919.5416666666667,2025-04-15,2026-10-30,Customer 4710,Other,51,Hyderabad,2025-01-19,563,True
CUST04711,7,16,12016.57,1716.652857142857,2025-07-18,2026-10-03,Customer 4711,Male,56,Coimbatore,2025-01-26,442,True
CUST04712,2,8,11734.439999999999,5867.219999999999,2025-12-08,2026-10-24,Customer 4712,Other,24,Bengaluru,2025-08-27,320,True
CUST04713,1,1,1254.18,1254.18,2026-05-02,2026-05-02,Customer 4713,Male,33,Thanjavur,2024-04-07,0,False
CUST04714,2,7,4453.1,2226.55,2026-04-18,2026-11-01,Customer 4714,Other,63,Bengaluru,2025-08-17,197,True
CUST04715,3,7,2578.74,859.5799999999999,2025-08-06,2026-07-16,Customer 4715,Female,63,Pondicherry,2025-03-07,344,True
CUST04716,3,8,6079.58,2026.5266666666666,2025-06-14,2026-03-19,Customer 4716,Female,59,Erode,2024-02-10,278,True
CUST04717,5,12,11571.32,2314.264,2025-02-27,2026-07-13,Customer 4717,Female,54,Vellore,2026-05-22,501,True
CUST04718,2,2,1725.54,862.77,2024-11-24,2025-03-01,Customer 4718,Female,58,Pondicherry,2024-02-08,97,True
CUST04719,4,8,9179.19,2294.7975,2025-04-30,2026-08-17,Customer 4719,Female,60,Chennai,2026-03-07,474,True
CUST04721,7,24,31087.51,4441.072857142857,2025-03-14,2026-05-19,Customer 4721,Female,24,Salem,2025-10-07,431,True
CUST04722,2,6,3438.28,1719.14,2024-12-14,2026-11-27,Customer 4722,Male,64,Erode,2025-02-26,713,True
CUST04723,4,9,7937.25,1984.3125,2024-12-09,2026-03-03,Customer 4723,Female,40,Hyderabad,2026-05-19,449,True
CUST04724,2,7,4992.15,2496.075,2026-04-18,2026-06-19,Customer 4724,Female,33,Salem,2024-12-18,62,True
CUST04725,1,1,944.81,944.81,2026-08-22,2026-08-22,Customer 4725,Male,38,Erode,2025-04-01,0,False
CUST04726,4,5,4887.28,1221.82,2025-12-04,2026-08-12,Customer 4726,Other,34,Madurai,2025-12-16,251,True
CUST04727,7,16,16519.88,2359.9828571428575,2025-02-02,2026-09-23,Customer 4727,Other,53,Hyderabad,2024-08-02,598,True
CUST04728,3,6,5057.61,1685.87,2026-04-18,2026-09-22,Customer 4728,Other,43,Thanjavur,2024-11-25,157,True
CUST04729,4,9,8742.01,2185.5025,2025-01-27,2025-09-15,Customer 4729,Male,49,Coimbatore,2026-03-10,231,True
CUST04730,6,9,7157.58,1192.93,2025-01-06,2026-09-10,Customer 4730,Female,57,Vellore,2024-12-07,612,True
CUST04731,7,12,13729.56,1961.3657142857141,2025-04-29,2026-09-20,Customer 4731,Male,38,Salem,2026-01-27,509,True
CUST04732,7,10,11395.050000000001,1627.8642857142859,2025-11-16,2026-10-20,Customer 4732,Other,23,Hyderabad,2024-04-13,338,True
CUST04733,3,9,6521.280000000001,2173.76,2026-06-23,2026-09-08,Customer 4733,Female,57,Erode,2025-02-19,77,True
CUST04734,7,10,9218.869999999999,1316.9814285714285,2024-11-29,2026-09-23,Customer 4734,Male,42,Trichy,2025-10-16,663,True
CUST04735,7,18,15493.55,2213.3642857142854,2025-02-26,2026-07-28,Customer 4735,Other,49,Thanjavur,2024-09-28,517,True
CUST04736,6,18,19239.23,3206.5383333333334,2025-01-04,2026-09-13,Customer 4736,Female,41,Madurai,2024-12-11,617,True
CUST04737,2,4,4046.4799999999996,2023.2399999999998,2025-02-25,2025-07-08,Customer 4737,Female,19,Coimbatore,2024-06-21,133,True
CUST04738,3,5,3293.52,1097.84,2026-03-29,2026-10-10,Customer 4738,Other,37,Vellore,2024-07-13,195,True
CUST04739,3,5,5619.46,1873.1533333333334,2025-06-07,2026-03-26,Customer 4739,Other,53,Salem,2025-12-18,292,True
CUST04740,5,8,9070.02,1814.0040000000001,2025-01-02,2026-07-22,Customer 4740,Other,52,Madurai,2026-02-13,566,True
CUST04741,5,7,9765.54,1953.1080000000002,2024-12-06,2026-10-01,Customer 4741,Other,62,Coimbatore,2025-02-11,664,True
CUST04742,2,2,1211.88,605.94,2025-12-21,2026-11-16,Customer 4742,Male,23,Pondicherry,2024-07-22,330,True
CUST04743,3,5,6863.83,2287.943333333333,2025-12-27,2026-08-22,Customer 4743,Other,43,Salem,2025-09-04,238,True
CUST04744,4,8,6125.780000000001,1531.4450000000002,2025-04-10,2025-11-28,Customer 4744,Other,39,Vellore,2024-05-29,232,True
CUST04745,5,12,12039.01,2407.802,2025-06-04,2026-02-03,Customer 4745,Female,26,Tirunelveli,2024-12-28,244,True
CUST04746,2,2,2505.27,1252.635,2025-01-18,2025-12-28,Customer 4746,Other,36,Bengaluru,2024-04-16,344,True
CUST04747,3,4,3531.7,1177.2333333333333,2025-03-27,2025-06-16,Customer 4747,Male,38,Trichy,2025-08-06,81,True
CUST04748,8,17,14807.810000000001,1850.9762500000002,2024-11-30,2026-08-08,Customer 4748,Male,33,Vellore,2025-03-29,616,True
CUST04749,5,13,12348.89,2469.778,2025-11-07,2026-09-15,Customer 4749,Other,35,Chennai,2024-06-07,312,True
CUST04750,3,9,14165.66,4721.886666666666,2025-10-27,2026-09-11,Customer 4750,Male,62,Trichy,2025-05-21,319,True
CUST04751,2,6,8409.26,4204.63,2025-08-05,2026-01-16,Customer 4751,Male,46,Hyderabad,2024-09-08,164,True
CUST04752,9,22,23424.95,2602.7722222222224,2025-01-31,2026-07-21,Customer 4752,Male,27,Chennai,2026-04-11,536,True
CUST04753,5,9,7173.54,1434.708,2024-12-19,2026-09-03,Customer 4753,Male,19,Bengaluru,2024-10-30,623,True
CUST04754,4,10,6066.11,1516.5275,2025-06-06,2026-10-24,Customer 4754,Female,44,Vellore,2025-05-09,505,True
CUST04755,3,8,8413.73,2804.5766666666664,2024-12-20,2026-11-03,Customer 4755,Other,30,Tirunelveli,2025-07-18,683,True
CUST04756,2,4,4723.99,2361.995,2025-10-23,2026-05-27,Customer 4756,Other,55,Tirunelveli,2024-07-09,216,True
CUST04757,4,10,8196.01,2049.0025,2024-12-14,2025-11-27,Customer 4757,Other,42,Pondicherry,2025-10-04,348,True
CUST04758,5,12,12763.5,2552.7,2025-02-21,2026-09-20,Customer 4758,Other,41,Salem,2024-09-24,576,True
CUST04759,4,10,14828.45,3707.1125,2025-01-15,2025-07-19,Customer 4759,Female,41,Trichy,2025-03-17,185,True
CUST04760,5,6,5418.42,1083.684,2025-04-21,2026-11-08,Customer 4760,Other,40,Coimbatore,2024-11-23,566,True
CUST04761,3,6,5944.889999999999,1981.6299999999999,2025-03-15,2026-10-24,Customer 4761,Male,38,Pondicherry,2025-12-10,588,True
CUST04762,2,5,4154.16,2077.08,2025-02-12,2026-08-30,Customer 4762,Other,55,Madurai,2024-09-09,564,True
CUST04763,8,15,15036.82,1879.6025,2025-06-20,2026-12-11,Customer 4763,Other,63,Erode,2024-04-08,539,True
CUST04764,1,3,4438.74,4438.74,2026-04-17,2026-04-17,Customer 4764,Female,24,Bengaluru,2025-07-02,0,False
CUST04765,6,10,9596.74,1599.4566666666667,2025-01-10,2026-07-23,Customer 4765,Other,40,Pondicherry,2024-08-21,559,True
CUST04766,2,2,3428.55,1714.275,2026-04-12,2026-07-18,Customer 4766,Other,53,Trichy,2025-12-19,97,True
CUST04767,9,17,18891.86,2099.0955555555556,2024-11-24,2026-10-24,Customer 4767,Female,54,Chennai,2025-04-21,699,True
CUST04768,4,8,4388.21,1097.0525,2025-05-17,2026-01-12,Customer 4768,Other,46,Erode,2025-04-16,240,True
CUST04769,6,17,16692.739999999998,2782.123333333333,2024-11-27,2026-09-26,Customer 4769,Female,22,Madurai,2025-08-28,668,True
CUST04770,3,9,8404.41,2801.47,2025-08-20,2026-07-19,Customer 4770,Other,46,Vellore,2024-01-23,333,True
CUST04771,2,7,8994.52,4497.26,2025-02-28,2026-07-29,Customer 4771,Male,40,Erode,2025-10-27,516,True
CUST04772,5,8,7160.65,1432.1299999999999,2025-01-16,2026-01-08,Customer 4772,Other,27,Coimbatore,2026-06-07,357,True
CUST04773,7,14,11301.9,1614.5571428571427,2025-02-16,2026-11-04,Customer 4773,Female,22,Pondicherry,2025-11-29,626,True
CUST04774,6,15,18451.48,3075.2466666666664,2025-01-14,2026-02-12,Customer 4774,Other,34,Pondicherry,2024-10-09,394,True
CUST04775,2,5,8045.32,4022.66,2025-09-26,2026-09-30,Customer 4775,Other,56,Erode,2024-01-29,369,True
CUST04776,4,9,9476.19,2369.0475,2025-01-01,2026-05-02,Customer 4776,Other,26,Tirunelveli,2025-03-17,486,True
CUST04777,3,8,9609.68,3203.226666666667,2025-09-25,2026-10-01,Customer 4777,Other,46,Salem,2024-08-08,371,True
CUST04778,3,9,11942.89,3980.963333333333,2026-03-02,2026-11-15,Customer 4778,Other,61,Salem,2025-07-05,258,True
CUST04779,3,9,10190.7,3396.9,2025-05-22,2025-09-08,Customer 4779,Male,54,Vellore,2024-12-04,109,True
CUST04780,2,6,6629.8,3314.9,2026-05-16,2026-07-08,Customer 4780,Male,52,Hyderabad,2025-02-20,53,True
CUST04781,6,12,18594.09,3099.015,2025-05-05,2026-10-02,Customer 4781,Female,18,Bengaluru,2025-08-23,515,True
CUST04782,5,14,17057.89,3411.578,2025-02-08,2025-08-15,Customer 4782,Other,40,Bengaluru,2024-02-24,188,True
CUST04783,2,2,2188.9,1094.45,2025-07-16,2025-09-28,Customer 4783,Male,57,Coimbatore,2024-05-02,74,True
CUST04784,3,7,6242.43,2080.81,2025-10-23,2026-09-20,Customer 4784,Female,64,Madurai,2025-06-26,332,True
CUST04785,5,11,10645.07,2129.014,2025-03-05,2026-10-08,Customer 4785,Male,33,Bengaluru,2026-01-20,582,True
CUST04786,2,2,2424.2200000000003,1212.1100000000001,2025-12-04,2026-05-21,Customer 4786,Male,29,Chennai,2026-03-03,168,True
CUST04787,6,13,10847.45,1807.9083333333335,2025-05-11,2026-07-03,Customer 4787,Female,64,Coimbatore,2025-10-26,418,True
CUST04788,6,9,9035.86,1505.9766666666667,2025-01-17,2026-05-25,Customer 4788,Male,24,Tirunelveli,2024-12-05,493,True
CUST04789,4,8,9209.19,2302.2975,2025-06-16,2026-09-03,Customer 4789,Other,61,Tirunelveli,2025-08-10,444,True
CUST04790,1,1,892.64,892.64,2025-06-15,2025-06-15,Customer 4790,Female,42,Pondicherry,2026-04-04,0,False
CUST04791,6,11,12179.98,2029.9966666666667,2025-09-03,2026-11-11,Customer 4791,Male,39,Madurai,2025-04-30,434,True
CUST04792,6,14,16189.92,2698.32,2025-02-01,2026-05-03,Customer 4792,Female,40,Madurai,2024-04-08,456,True
CUST04793,1,5,5463.75,5463.75,2024-12-24,2024-12-24,Customer 4793,Female,34,Erode,2025-12-25,0,False
CUST04794,2,7,8118.28,4059.14,2025-11-13,2025-12-28,Customer 4794,Male,34,Tirunelveli,2024-04-02,45,True
CUST04795,3,5,4059.92,1353.3066666666666,2024-12-14,2026-03-13,Customer 4795,Male,40,Hyderabad,2024-07-24,454,True
CUST04797,6,9,14409.009999999998,2401.5016666666666,2025-03-16,2026-10-17,Customer 4797,Male,51,Salem,2026-02-08,580,True
CUST04798,4,10,9378.03,2344.5075,2025-01-26,2026-09-19,Customer 4798,Other,21,Vellore,2024-01-21,601,True
CUST04799,7,12,14827.150000000001,2118.164285714286,2025-04-14,2026-09-30,Customer 4799,Other,41,Coimbatore,2024-03-01,534,True
CUST04800,5,8,6570.27,1314.054,2025-05-06,2025-12-13,Customer 4800,Male,51,Chennai,2024-06-21,221,True
CUST04801,5,14,16649.84,3329.968,2024-12-26,2026-07-24,Customer 4801,Female,42,Salem,2024-01-05,575,True
CUST04802,6,10,8907.83,1484.6383333333333,2025-02-13,2026-07-04,Customer 4802,Other,54,Thanjavur,2024-01-29,506,True
CUST04803,3,8,5341.05,1780.3500000000001,2025-01-12,2026-10-07,Customer 4803,Male,29,Trichy,2026-05-29,633,True
CUST04804,5,10,10416.54,2083.308,2026-01-12,2026-09-23,Customer 4804,Other,49,Madurai,2025-10-13,254,True
CUST04805,5,10,8986.21,1797.2419999999997,2024-12-08,2026-09-14,Customer 4805,Male,40,Coimbatore,2025-07-02,645,True
CUST04806,4,4,5548.92,1387.23,2025-05-09,2026-03-31,Customer 4806,Other,27,Bengaluru,2026-06-12,326,True
CUST04807,4,9,10005.04,2501.26,2025-09-14,2026-09-08,Customer 4807,Other,29,Erode,2025-01-18,359,True
CUST04808,4,6,4337.97,1084.4925,2025-06-11,2026-06-22,Customer 4808,Male,50,Madurai,2025-12-24,376,True
CUST04809,6,14,19864.739999999998,3310.7899999999995,2025-02-02,2026-08-14,Customer 4809,Female,19,Bengaluru,2026-04-13,558,True
CUST04810,3,4,3072.49,1024.1633333333332,2024-12-09,2026-07-11,Customer 4810,Other,25,Salem,2024-02-09,579,True
CUST04811,4,6,8920.83,2230.2075,2025-06-16,2026-05-29,Customer 4811,Male,40,Hyderabad,2024-10-25,347,True
CUST04812,5,14,12898.5,2579.7,2025-03-09,2026-05-08,Customer 4812,Other,51,Madurai,2024-07-03,425,True
CUST04813,2,4,3407.9800000000005,1703.9900000000002,2025-04-25,2025-05-15,Customer 4813,Female,30,Bengaluru,2024-04-12,20,True
CUST04814,5,8,7670.14,1534.028,2024-11-03,2026-07-22,Customer 4814,Other,39,Erode,2024-06-07,626,True
CUST04815,3,4,4873.14,1624.38,2025-12-31,2026-04-11,Customer 4815,Other,42,Erode,2025-11-05,101,True
CUST04816,6,12,12590.24,2098.3733333333334,2025-03-27,2026-11-20,Customer 4816,Other,53,Coimbatore,2024-04-29,603,True
CUST04817,5,10,10697.72,2139.544,2025-01-06,2025-09-16,Customer 4817,Male,41,Madurai,2024-12-12,253,True
CUST04818,3,5,7257.47,2419.1566666666668,2025-06-25,2025-11-20,Customer 4818,Female,30,Tirunelveli,2024-09-02,148,True
CUST04819,5,9,9851.75,1970.35,2024-11-15,2025-10-31,Customer 4819,Female,21,Erode,2024-02-12,350,True
CUST04820,3,7,9435.89,3145.2966666666666,2025-02-23,2026-09-04,Customer 4820,Other,63,Bengaluru,2026-04-10,558,True
CUST04821,1,1,438.7,438.7,2026-09-22,2026-09-22,Customer 4821,Other,23,Hyderabad,2024-04-11,0,False
CUST04822,2,6,11033.5,5516.75,2025-04-25,2025-10-30,Customer 4822,Female,51,Bengaluru,2025-11-01,188,True
CUST04823,3,7,5797.97,1932.6566666666668,2025-03-23,2025-06-27,Customer 4823,Other,52,Vellore,2025-08-11,96,True
CUST04824,5,10,10275.99,2055.198,2025-06-17,2026-04-22,Customer 4824,Other,59,Trichy,2025-02-07,309,True
CUST04825,3,7,6954.84,2318.28,2025-02-25,2026-09-08,Customer 4825,Female,26,Erode,2024-10-16,560,True
CUST04826,2,2,1842.3000000000002,921.1500000000001,2025-12-08,2026-09-06,Customer 4826,Male,36,Hyderabad,2026-02-20,272,True
CUST04827,2,6,8736.78,4368.39,2025-08-31,2026-05-25,Customer 4827,Female,45,Tirunelveli,2025-03-12,267,True
CUST04828,4,11,11938.9,2984.725,2025-03-19,2026-06-06,Customer 4828,Female,19,Erode,2024-03-25,444,True
CUST04829,2,5,4840.73,2420.365,2025-07-07,2025-11-02,Customer 4829,Female,53,Erode,2024-04-16,118,True
CUST04830,6,16,21494.38,3582.396666666667,2025-05-02,2026-11-24,Customer 4830,Female,37,Erode,2025-09-16,571,True
CUST04831,1,1,1544.95,1544.95,2025-05-31,2025-05-31,Customer 4831,Female,61,Pondicherry,2026-03-16,0,False
CUST04832,1,3,3784.56,3784.56,2026-03-05,2026-03-05,Customer 4832,Other,20,Trichy,2024-02-26,0,False
CUST04833,5,8,7551.71,1510.342,2024-12-08,2026-08-23,Customer 4833,Female,55,Pondicherry,2024-04-01,623,True
CUST04834,3,6,9307.19,3102.396666666667,2025-01-14,2026-07-29,Customer 4834,Other,29,Hyderabad,2025-08-07,561,True
CUST04835,1,2,2002.84,2002.84,2025-07-01,2025-07-01,Customer 4835,Other,21,Vellore,2024-11-17,0,False
CUST04836,4,11,10987.640000000001,2746.9100000000003,2025-07-19,2026-01-05,Customer 4836,Male,37,Tirunelveli,2024-01-29,170,True
CUST04837,1,3,1187.16,1187.16,2025-07-08,2025-07-08,Customer 4837,Female,52,Chennai,2024-07-11,0,False
CUST04838,6,11,16702.78,2783.7966666666666,2026-01-03,2026-10-25,Customer 4838,Other,45,Pondicherry,2026-04-23,295,True
CUST04839,4,8,10115.32,2528.83,2025-01-09,2025-05-31,Customer 4839,Other,29,Vellore,2025-06-04,142,True
CUST04840,2,3,1364.04,682.02,2024-12-28,2025-04-25,Customer 4840,Other,62,Chennai,2025-01-14,118,True
CUST04841,3,8,8666.369999999999,2888.7899999999995,2025-07-03,2026-08-10,Customer 4841,Male,47,Madurai,2024-08-07,403,True
CUST04842,3,5,3372.58,1124.1933333333334,2025-02-15,2026-08-25,Customer 4842,Other,38,Coimbatore,2024-08-14,556,True
CUST04843,5,8,5714.53,1142.906,2025-03-05,2026-08-02,Customer 4843,Male,49,Trichy,2026-01-01,515,True
CUST04844,4,7,4577.5,1144.375,2025-04-14,2026-08-28,Customer 4844,Other,57,Chennai,2025-08-07,501,True
CUST04845,2,5,5704.92,2852.46,2025-04-25,2025-09-14,Customer 4845,Female,31,Pondicherry,2024-02-16,142,True
CUST04846,5,9,3745.75,749.15,2025-02-15,2026-03-06,Customer 4846,Female,18,Trichy,2024-04-29,384,True
CUST04847,2,5,2503.38,1251.69,2025-06-03,2025-11-20,Customer 4847,Female,29,Tirunelveli,2025-11-06,170,True
CUST04848,2,6,2441.46,1220.73,2026-07-12,2026-10-11,Customer 4848,Male,41,Tirunelveli,2026-04-26,91,True
CUST04849,6,20,15429.82,2571.6366666666668,2025-02-03,2026-11-21,Customer 4849,Male,27,Bengaluru,2024-02-15,656,True
CUST04850,2,4,1310.1,655.05,2026-03-04,2026-03-15,Customer 4850,Other,60,Salem,2024-09-09,11,True
CUST04851,2,4,6745.98,3372.99,2025-11-02,2026-02-27,Customer 4851,Other,54,Pondicherry,2025-03-08,117,True
CUST04852,2,5,6234.98,3117.49,2025-03-16,2026-08-04,Customer 4852,Other,37,Trichy,2026-06-03,506,True
CUST04853,4,6,4895.19,1223.7975,2025-01-09,2026-01-28,Customer 4853,Other,65,Salem,2026-06-18,384,True
CUST04854,4,13,9900.6,2475.15,2026-02-21,2026-09-04,Customer 4854,Other,18,Tirunelveli,2025-02-23,195,True
CUST04855,6,14,9955.810000000001,1659.301666666667,2024-12-27,2026-08-30,Customer 4855,Female,42,Salem,2026-04-23,611,True
CUST04856,3,8,7339.41,2446.47,2024-12-01,2026-10-08,Customer 4856,Male,49,Salem,2026-05-12,676,True
CUST04857,3,9,6171.0,2057.0,2025-02-15,2026-01-31,Customer 4857,Male,58,Pondicherry,2025-09-06,350,True
CUST04858,2,4,4395.7300000000005,2197.8650000000002,2025-01-12,2026-11-07,Customer 4858,Male,62,Erode,2025-02-08,664,True
CUST04859,3,3,3783.76,1261.2533333333333,2026-04-13,2026-12-22,Customer 4859,Other,62,Trichy,2024-05-11,253,True
CUST04860,3,3,2412.93,804.31,2025-04-04,2026-05-03,Customer 4860,Other,25,Coimbatore,2024-03-13,394,True
CUST04861,7,18,15743.65,2249.092857142857,2025-05-17,2026-10-18,Customer 4861,Female,22,Madurai,2024-06-11,519,True
CUST04862,8,13,16184.74,2023.0925,2025-03-17,2026-11-07,Customer 4862,Female,28,Pondicherry,2025-07-03,600,True
CUST04863,3,9,7022.1,2340.7000000000003,2025-03-03,2025-09-06,Customer 4863,Other,63,Pondicherry,2024-09-19,187,True
CUST04864,2,3,1107.97,553.985,2025-06-07,2026-10-31,Customer 4864,Female,52,Salem,2025-02-11,511,True
CUST04865,3,3,3455.86,1151.9533333333334,2025-04-06,2026-09-07,Customer 4865,Other,34,Coimbatore,2024-10-18,519,True
CUST04866,7,16,12378.33,1768.3328571428572,2024-11-26,2026-12-14,Customer 4866,Male,43,Trichy,2026-02-18,748,True
CUST04867,4,9,7295.72,1823.93,2025-06-25,2026-01-24,Customer 4867,Other,49,Trichy,2024-03-29,213,True
CUST04868,3,7,7297.900000000001,2432.6333333333337,2025-12-31,2026-04-16,Customer 4868,Other,20,Erode,2024-05-10,106,True
CUST04869,1,3,1080.6,1080.6,2024-12-26,2024-12-26,Customer 4869,Male,25,Trichy,2025-05-05,0,False
CUST04870,2,7,6013.71,3006.855,2024-12-05,2025-07-11,Customer 4870,Female,29,Coimbatore,2024-02-08,218,True
CUST04871,1,1,996.51,996.51,2025-05-07,2025-05-07,Customer 4871,Other,22,Trichy,2026-02-19,0,False
CUST04872,5,12,9613.46,1922.6919999999998,2025-07-27,2026-05-28,Customer 4872,Other,41,Erode,2025-03-22,305,True
CUST04874,4,13,8675.560000000001,2168.8900000000003,2025-07-01,2026-09-03,Customer 4874,Male,60,Vellore,2026-02-26,429,True
CUST04875,6,9,9130.8,1521.8,2024-11-26,2026-10-01,Customer 4875,Male,31,Pondicherry,2026-02-24,674,True
CUST04876,3,7,3282.6499999999996,1094.2166666666665,2025-02-08,2026-05-18,Customer 4876,Male,54,Chennai,2024-11-21,464,True
CUST04877,1,1,908.73,908.73,2025-04-19,2025-04-19,Customer 4877,Female,34,Madurai,2024-06-05,0,False
CUST04878,3,7,8622.33,2874.11,2025-07-08,2026-08-27,Customer 4878,Female,30,Hyderabad,2024-12-24,415,True
CUST04879,8,18,16365.650000000001,2045.7062500000002,2025-08-13,2026-11-04,Customer 4879,Female,42,Madurai,2024-02-27,448,True
CUST04880,5,8,10461.26,2092.252,2025-02-07,2026-09-19,Customer 4880,Other,22,Trichy,2024-10-25,589,True
CUST04881,5,15,20559.29,4111.858,2025-02-27,2026-10-30,Customer 4881,Other,30,Thanjavur,2024-07-07,610,True
CUST04883,3,4,5503.4,1834.4666666666665,2025-04-02,2026-01-19,Customer 4883,Female,22,Trichy,2026-06-11,292,True
CUST04884,5,12,16125.689999999999,3225.138,2025-06-17,2025-12-28,Customer 4884,Other,36,Vellore,2025-09-08,194,True
CUST04886,2,6,4262.68,2131.34,2025-06-18,2026-07-29,Customer 4886,Male,61,Coimbatore,2024-02-28,406,True
CUST04887,5,7,4855.22,971.0440000000001,2024-12-12,2026-01-09,Customer 4887,Other,52,Chennai,2025-02-23,393,True
CUST04888,2,4,4197.79,2098.895,2025-06-01,2025-07-13,Customer 4888,Other,28,Pondicherry,2025-09-25,42,True
CUST04889,4,10,14232.98,3558.245,2025-01-10,2026-08-27,Customer 4889,Female,20,Madurai,2024-11-25,594,True
CUST04890,7,14,15687.2,2241.0285714285715,2024-12-25,2026-10-31,Customer 4890,Other,32,Chennai,2024-04-16,675,True
CUST04891,5,11,7272.07,1454.414,2025-05-29,2026-09-04,Customer 4891,Male,54,Chennai,2025-01-25,463,True
CUST04892,6,16,11441.95,1906.9916666666668,2024-11-18,2026-08-19,Customer 4892,Female,54,Coimbatore,2026-04-13,639,True
CUST04893,7,17,19779.12,2825.5885714285714,2024-12-19,2026-05-09,Customer 4893,Male,58,Chennai,2026-05-27,506,True
CUST04894,4,9,9380.56,2345.14,2024-12-25,2026-09-13,Customer 4894,Other,22,Chennai,2025-07-31,627,True
CUST04895,5,13,9530.09,1906.018,2024-12-11,2025-12-10,Customer 4895,Female,54,Hyderabad,2025-10-26,364,True
CUST04896,8,16,20675.6,2584.45,2024-11-25,2026-11-20,Customer 4896,Female,61,Bengaluru,2025-01-30,725,True
CUST04897,3,6,8506.04,2835.346666666667,2026-01-05,2026-09-13,Customer 4897,Female,65,Trichy,2025-01-31,251,True
CUST04898,3,5,6360.07,2120.023333333333,2025-07-19,2026-11-10,Customer 4898,Female,57,Salem,2025-11-30,479,True
CUST04899,3,3,2890.66,963.5533333333333,2026-01-11,2026-11-06,Customer 4899,Other,47,Erode,2024-12-19,299,True
CUST04900,8,15,16732.82,2091.6025,2024-12-22,2026-09-26,Customer 4900,Female,52,Thanjavur,2024-06-05,643,True
CUST04901,4,10,7689.22,1922.305,2025-01-09,2026-07-16,Customer 4901,Male,36,Hyderabad,2024-08-17,553,True
CUST04902,2,3,3764.7300000000005,1882.3650000000002,2024-12-30,2026-04-26,Customer 4902,Male,42,Salem,2026-01-18,482,True
CUST04903,1,1,352.58,352.58,2025-04-20,2025-04-20,Customer 4903,Female,65,Chennai,2024-06-13,0,False
CUST04904,4,10,6713.06,1678.265,2025-08-04,2026-10-10,Customer 4904,Female,27,Chennai,2025-03-18,432,True
CUST04905,6,14,12663.99,2110.665,2025-05-01,2026-01-11,Customer 4905,Female,63,Vellore,2025-04-15,255,True
CUST04906,5,12,12771.92,2554.384,2025-06-30,2026-09-08,Customer 4906,Male,43,Madurai,2026-05-22,435,True
CUST04907,3,10,8605.050000000001,2868.3500000000004,2026-04-13,2026-09-02,Customer 4907,Other,40,Trichy,2026-05-10,142,True
CUST04908,6,11,9220.33,1536.7216666666666,2025-06-12,2026-09-23,Customer 4908,Female,44,Erode,2025-02-19,468,True
CUST04909,5,9,5136.43,1027.286,2025-01-05,2026-10-18,Customer 4909,Female,46,Tirunelveli,2026-01-21,651,True
CUST04910,4,10,8393.17,2098.2925,2024-12-21,2026-10-24,Customer 4910,Female,39,Thanjavur,2025-04-19,672,True
CUST04911,7,16,15843.53,2263.361428571429,2025-05-02,2026-02-13,Customer 4911,Female,26,Pondicherry,2025-11-12,287,True
CUST04912,7,12,16848.32,2406.902857142857,2025-06-14,2026-09-04,Customer 4912,Male,33,Trichy,2025-06-26,447,True
CUST04913,6,10,11804.44,1967.4066666666668,2025-01-30,2026-12-15,Customer 4913,Male,54,Trichy,2025-12-30,684,True
CUST04914,4,10,11748.0,2937.0,2025-10-22,2026-11-14,Customer 4914,Other,60,Bengaluru,2026-06-13,388,True
CUST04915,5,10,10263.89,2052.778,2025-06-28,2026-04-22,Customer 4915,Female,53,Tirunelveli,2025-01-07,298,True
CUST04916,6,16,14581.849999999999,2430.308333333333,2025-05-02,2026-10-19,Customer 4916,Other,37,Trichy,2025-01-18,535,True
CUST04917,1,3,1285.38,1285.38,2026-10-13,2026-10-13,Customer 4917,Male,48,Coimbatore,2025-02-06,0,False
CUST04918,4,8,4149.63,1037.4075,2025-04-23,2026-10-05,Customer 4918,Other,46,Salem,2025-07-09,530,True
CUST04919,4,13,9769.28,2442.32,2024-12-17,2026-11-02,Customer 4919,Other,44,Chennai,2026-05-02,685,True
CUST04920,5,7,5528.84,1105.768,2025-02-24,2026-04-24,Customer 4920,Male,39,Vellore,2024-07-23,424,True
CUST04921,3,4,2324.97,774.9899999999999,2025-03-07,2026-05-01,Customer 4921,Other,42,Vellore,2024-06-09,420,True
CUST04922,3,4,4631.21,1543.7366666666667,2024-11-10,2026-03-23,Customer 4922,Male,46,Chennai,2025-03-18,498,True
CUST04923,3,5,4768.99,1589.6633333333332,2025-01-24,2026-02-07,Customer 4923,Male,42,Bengaluru,2025-12-11,379,True
CUST04924,4,6,7087.38,1771.845,2025-06-28,2026-05-17,Customer 4924,Male,35,Pondicherry,2025-11-14,323,True
CUST04925,7,20,20551.329999999998,2935.9042857142854,2025-04-23,2026-11-14,Customer 4925,Other,27,Hyderabad,2025-11-27,570,True
CUST04926,3,7,7571.48,2523.8266666666664,2024-11-21,2026-06-28,Customer 4926,Other,30,Madurai,2025-02-15,584,True
CUST04927,4,12,14422.16,3605.54,2025-07-27,2026-05-26,Customer 4927,Female,47,Trichy,2025-02-25,303,True
CUST04928,3,9,5392.51,1797.5033333333333,2025-07-07,2026-05-05,Customer 4928,Other,26,Erode,2026-06-07,302,True
CUST04929,5,11,9965.56,1993.1119999999999,2025-06-10,2026-02-05,Customer 4929,Other,57,Vellore,2024-11-19,240,True
CUST04930,4,7,7746.6,1936.65,2025-06-06,2026-02-26,Customer 4930,Other,20,Hyderabad,2026-01-22,265,True
CUST04931,3,3,3411.2200000000003,1137.0733333333335,2026-01-21,2026-09-11,Customer 4931,Male,23,Chennai,2024-04-09,233,True
CUST04932,5,9,8417.8,1683.56,2025-09-29,2026-08-28,Customer 4932,Male,39,Coimbatore,2024-01-09,333,True
CUST04933,3,5,3796.49,1265.4966666666667,2025-05-08,2026-10-08,Customer 4933,Female,30,Pondicherry,2024-11-16,518,True
CUST04934,3,5,5673.64,1891.2133333333334,2025-01-24,2026-04-08,Customer 4934,Male,37,Coimbatore,2024-06-03,439,True
CUST04935,1,4,3755.92,3755.92,2025-05-13,2025-05-13,Customer 4935,Other,38,Bengaluru,2025-01-06,0,False
CUST04936,2,4,2480.38,1240.19,2024-12-14,2026-09-30,Customer 4936,Female,48,Thanjavur,2026-04-28,655,True
CUST04937,6,11,9317.82,1552.97,2024-11-27,2026-07-19,Customer 4937,Male,36,Salem,2025-12-21,599,True
CUST04938,3,4,4280.16,1426.72,2025-05-28,2026-06-24,Customer 4938,Other,28,Madurai,2024-04-13,392,True
CUST04939,5,7,6207.81,1241.5620000000001,2025-03-19,2026-10-04,Customer 4939,Female,25,Vellore,2024-06-16,564,True
CUST04940,4,9,10029.35,2507.3375,2025-07-09,2026-08-24,Customer 4940,Female,28,Vellore,2025-09-25,411,True
CUST04941,1,3,4150.68,4150.68,2026-10-14,2026-10-14,Customer 4941,Other,48,Pondicherry,2025-07-19,0,False
CUST04942,5,6,5377.97,1075.594,2025-09-16,2026-11-06,Customer 4942,Other,33,Coimbatore,2024-10-14,416,True
CUST04943,4,10,9595.6,2398.9,2025-05-14,2026-03-17,Customer 4943,Male,46,Coimbatore,2025-11-10,307,True
CUST04944,4,13,11403.87,2850.9675,2025-07-31,2026-08-29,Customer 4944,Male,26,Tirunelveli,2026-02-12,394,True
CUST04945,1,4,1472.12,1472.12,2024-12-13,2024-12-13,Customer 4945,Female,48,Madurai,2025-04-29,0,False
CUST04946,4,9,10615.65,2653.9125,2025-04-21,2026-03-01,Customer 4946,Male,55,Pondicherry,2026-02-24,314,True
CUST04947,2,5,5938.75,2969.375,2025-10-08,2026-01-21,Customer 4947,Female,46,Bengaluru,2026-04-17,105,True
CUST04948,7,19,17323.38,2474.7685714285717,2025-05-10,2026-06-20,Customer 4948,Male,46,Chennai,2025-08-08,406,True
CUST04949,2,4,2961.62,1480.81,2025-03-03,2025-11-23,Customer 4949,Other,54,Thanjavur,2025-05-18,265,True
CUST04950,4,8,5868.55,1467.1375,2025-05-02,2026-11-06,Customer 4950,Male,41,Coimbatore,2024-12-13,553,True
CUST04951,2,6,6981.84,3490.92,2025-07-01,2026-01-25,Customer 4951,Male,57,Salem,2024-06-30,208,True
CUST04952,7,13,11517.63,1645.3757142857141,2024-11-17,2026-11-10,Customer 4952,Female,27,Coimbatore,2025-11-24,723,True
CUST04953,3,5,4897.62,1632.54,2025-01-21,2025-10-26,Customer 4953,Other,30,Hyderabad,2026-03-20,278,True
CUST04954,7,13,9716.05,1388.0071428571428,2025-04-09,2026-05-19,Customer 4954,Female,63,Coimbatore,2024-11-24,405,True
CUST04955,4,8,4708.14,1177.035,2024-12-20,2025-12-23,Customer 4955,Other,49,Chennai,2024-12-29,368,True
CUST04956,5,9,10018.98,2003.7959999999998,2025-04-16,2025-09-10,Customer 4956,Other,44,Madurai,2025-09-28,147,True
CUST04957,4,8,11992.59,2998.1475,2025-03-08,2026-09-13,Customer 4957,Female,30,Vellore,2025-01-08,554,True
CUST04958,5,11,11651.49,2330.298,2025-04-03,2026-10-24,Customer 4958,Other,19,Erode,2024-10-13,569,True
CUST04959,4,16,19947.48,4986.87,2025-02-19,2026-10-21,Customer 4959,Male,21,Hyderabad,2024-11-22,609,True
CUST04960,3,4,2899.65,966.5500000000001,2025-09-20,2026-11-09,Customer 4960,Other,37,Salem,2024-09-01,415,True
CUST04961,6,11,15071.85,2511.975,2025-06-17,2026-07-13,Customer 4961,Female,39,Chennai,2025-04-04,391,True
CUST04962,4,10,8703.32,2175.83,2024-11-26,2026-03-04,Customer 4962,Other,60,Erode,2024-10-06,463,True
CUST04963,3,7,4970.639999999999,1656.8799999999999,2025-05-06,2026-01-10,Customer 4963,Male,39,Vellore,2025-11-06,249,True
CUST04964,5,14,16533.239999999998,3306.6479999999997,2025-03-12,2026-02-04,Customer 4964,Male,57,Chennai,2024-02-02,329,True
CUST04965,5,9,9536.62,1907.324,2025-01-21,2026-08-07,Customer 4965,Other,19,Salem,2026-01-22,563,True
CUST04966,2,2,2518.71,1259.355,2025-10-22,2026-02-26,Customer 4966,Male,48,Tirunelveli,2025-01-24,127,True
CUST04967,6,10,13269.15,2211.525,2025-03-16,2026-10-31,Customer 4967,Male,62,Hyderabad,2025-02-01,594,True
CUST04968,4,8,8295.59,2073.8975,2025-01-28,2025-05-28,Customer 4968,Other,42,Thanjavur,2024-10-03,120,True
CUST04969,5,7,6667.76,1333.5520000000001,2024-12-04,2026-11-16,Customer 4969,Other,45,Tirunelveli,2025-01-10,712,True
CUST04970,2,4,2679.76,1339.88,2025-10-18,2026-03-25,Customer 4970,Female,26,Thanjavur,2025-12-25,158,True
CUST04971,9,23,27896.1,3099.5666666666666,2025-02-20,2026-10-22,Customer 4971,Female,53,Trichy,2026-01-06,609,True
CUST04972,2,7,6018.389999999999,3009.1949999999997,2025-04-12,2025-05-09,Customer 4972,Female,35,Coimbatore,2025-05-15,27,True
CUST04973,4,4,2996.72,749.18,2025-03-04,2026-02-03,Customer 4973,Other,23,Hyderabad,2025-04-05,336,True
CUST04974,7,15,11500.4,1642.9142857142856,2025-08-11,2026-10-20,Customer 4974,Other,25,Chennai,2024-11-22,435,True
CUST04975,4,10,9969.69,2492.4225,2024-11-24,2026-05-02,Customer 4975,Male,24,Trichy,2026-04-10,524,True
CUST04976,4,4,4347.45,1086.8625,2025-03-13,2026-07-10,Customer 4976,Male,41,Coimbatore,2024-03-17,484,True
CUST04977,6,9,9097.55,1516.2583333333332,2025-07-20,2026-09-09,Customer 4977,Other,33,Coimbatore,2024-06-06,416,True
CUST04978,6,8,8121.98,1353.6633333333332,2024-12-30,2025-11-20,Customer 4978,Male,18,Pondicherry,2026-06-03,325,True
CUST04979,4,11,14337.66,3584.415,2025-04-07,2026-01-16,Customer 4979,Other,39,Bengaluru,2024-01-14,284,True
CUST04980,3,4,3560.56,1186.8533333333332,2026-02-11,2026-12-22,Customer 4980,Male,55,Hyderabad,2024-03-13,314,True
CUST04981,1,1,1018.55,1018.55,2025-09-07,2025-09-07,Customer 4981,Female,58,Thanjavur,2026-06-11,0,False
CUST04982,3,8,6864.030000000001,2288.01,2025-03-20,2026-09-22,Customer 4982,Other,24,Bengaluru,2026-03-15,551,True
CUST04983,4,10,11550.3,2887.575,2024-12-27,2026-09-29,Customer 4983,Male,63,Madurai,2024-05-04,641,True
CUST04984,6,8,6831.33,1138.555,2025-01-12,2026-05-26,Customer 4984,Other,23,Madurai,2024-07-23,499,True
CUST04985,3,5,5738.97,1912.99,2025-01-25,2026-04-19,Customer 4985,Other,23,Chennai,2024-04-03,449,True
CUST04986,6,7,4182.8099999999995,697.1349999999999,2025-02-03,2026-05-16,Customer 4986,Other,32,Trichy,2025-03-19,467,True
CUST04987,9,22,18263.079999999998,2029.231111111111,2024-12-31,2026-10-29,Customer 4987,Other,23,Tirunelveli,2024-02-21,667,True
CUST04988,9,20,17714.52,1968.28,2025-02-09,2026-08-25,Customer 4988,Other,51,Trichy,2024-11-24,562,True
CUST04989,4,9,12410.880000000001,3102.7200000000003,2024-12-31,2026-06-28,Customer 4989,Male,63,Erode,2025-05-02,544,True
CUST04990,5,14,18005.65,3601.13,2024-12-29,2026-02-11,Customer 4990,Other,29,Erode,2025-09-11,409,True
CUST04991,3,11,11352.33,3784.11,2025-04-04,2026-02-21,Customer 4991,Other,61,Bengaluru,2024-10-21,323,True
CUST04992,6,7,6365.52,1060.92,2025-06-19,2026-07-07,Customer 4992,Male,46,Madurai,2026-06-04,383,True
CUST04993,2,4,2397.63,1198.815,2025-05-24,2026-01-07,Customer 4993,Male,23,Madurai,2025-06-03,228,True
CUST04994,2,6,3478.09,1739.045,2025-08-19,2026-07-13,Customer 4994,Female,27,Vellore,2024-07-21,328,True
CUST04995,3,4,2954.73,984.91,2025-06-26,2026-01-14,Customer 4995,Male,62,Coimbatore,2025-08-12,202,True
CUST04996,5,7,7688.51,1537.702,2025-01-16,2025-12-28,Customer 4996,Male,30,Madurai,2025-12-20,346,True
CUST04998,2,4,6235.75,3117.875,2025-01-19,2026-10-16,Customer 4998,Other,55,Salem,2025-02-08,635,True
CUST04999,4,9,6920.01,1730.0025,2025-03-27,2026-06-11,Customer 4999,Female,50,Hyderabad,2025-09-07,441,True
CUST05000,3,6,7252.0,2417.3333333333335,2025-04-17,2026-10-19,Customer 5000,Male,45,Salem,2024-10-19,550,True
