customer_id,customer_name,city,last_booking_date,recency,frequency,monetary,gender,age,R_score,F_score,M_score,RFM_score,RFM_code,segment
CUST00001,Customer 1,Pondicherry,2026-08-01,151,5,12841.61,Male,19,4,4,5,13,445,Champions
CUST00002,Customer 2,Madurai,2026-11-15,45,5,10140.220000000001,Male,32,5,4,4,13,544,Champions
CUST00003,Customer 3,Pondicherry,2025-11-07,418,1,3004.53,Male,61,1,1,1,3,111,Lost Customers
CUST00004,Customer 4,Tirunelveli,2025-04-15,624,2,2665.54,Male,55,1,1,1,3,111,Lost Customers
CUST00005,Customer 5,Trichy,2026-10-12,79,3,4569.79,Male,23,5,2,2,9,522,Potential Loyalists
CUST00006,Customer 6,Chennai,2026-09-09,112,7,10184.5,Other,56,4,5,4,13,454,Champions
CUST00007,Customer 7,Hyderabad,2026-04-02,272,4,4721.51,Male,63,2,3,2,7,232,At Risk
CUST00008,Customer 8,Trichy,2026-11-05,55,7,9521.2,Other,44,5,5,4,14,554,Champions
CUST00009,Customer 9,Chennai,2026-07-04,179,4,5428.86,Other,35,3,3,3,9,333,Need Attention
CUST00010,Customer 10,Tirunelveli,2026-12-29,1,3,7443.18,Male,62,5,2,3,10,523,Potential Loyalists
CUST00011,Customer 11,Trichy,2026-03-18,287,6,10239.11,Female,27,2,5,4,11,254,At Risk
CUST00012,Customer 12,Coimbatore,2026-09-11,110,2,2276.35,Female,24,4,1,1,6,411,New Customers
CUST00013,Customer 13,Thanjavur,2026-04-27,247,3,1529.38,Male,40,2,2,1,5,221,Need Attention
CUST00014,Customer 14,Pondicherry,2026-03-06,299,5,8017.47,Female,20,2,4,4,10,244,At Risk
CUST00015,Customer 15,Tirunelveli,2025-11-18,407,1,823.55,Other,25,1,1,1,3,111,Lost Customers
CUST00016,Customer 16,Hyderabad,2026-08-03,149,2,3168.25,Other,36,4,1,1,6,411,New Customers
CUST00017,Customer 17,Trichy,2026-04-20,254,3,7377.75,Female,54,2,2,3,7,223,Need Attention
CUST00018,Customer 18,Hyderabad,2026-02-18,315,2,6536.77,Male,20,2,1,3,6,213,Need Attention
CUST00020,Customer 20,Salem,2026-09-08,113,5,9864.88,Male,42,4,4,4,12,444,Champions
CUST00021,Customer 21,Madurai,2026-01-04,360,1,1467.07,Other,41,2,1,1,4,211,Need Attention
CUST00023,Customer 23,Hyderabad,2026-06-06,207,5,10373.029999999999,Other,61,3,4,4,11,344,Loyal Customers
CUST00024,Customer 24,Madurai,2026-10-17,74,5,15503.630000000001,Other,58,5,4,5,14,545,Champions
CUST00025,Customer 25,Madurai,2026-09-08,113,2,8528.16,Other,33,4,1,4,9,414,Big Spenders
CUST00026,Customer 26,Hyderabad,2026-11-17,43,3,6645.96,Female,35,5,2,3,10,523,Potential Loyalists
CUST00027,Customer 27,Hyderabad,2026-11-16,44,3,2966.49,Other,32,5,2,1,8,521,New Customers
CUST00028,Customer 28,Chennai,2025-10-17,439,3,6935.919999999999,Male,32,1,2,3,6,123,Lost Customers
CUST00029,Customer 29,Salem,2026-01-31,333,4,7556.95,Female,43,2,3,3,8,233,At Risk
CUST00030,Customer 30,Pondicherry,2026-12-01,29,5,11312.24,Male,54,5,4,5,14,545,Champions
CUST00031,Customer 31,Erode,2026-10-15,76,4,10530.93,Male,59,5,3,4,12,534,Big Spenders
CUST00032,Customer 32,Madurai,2026-09-23,98,4,7610.32,Other,47,4,3,3,10,433,Potential Loyalists
CUST00033,Customer 33,Pondicherry,2025-09-12,474,2,4427.030000000001,Male,33,1,1,2,4,112,Lost Customers
CUST00034,Customer 34,Pondicherry,2025-04-03,636,1,5739.6,Other,34,1,1,3,5,113,Lost Customers
CUST00035,Customer 35,Tirunelveli,2026-02-20,313,6,7582.57,Female,55,2,5,3,10,253,At Risk
CUST00036,Customer 36,Vellore,2026-06-19,194,6,16944.25,Male,26,3,5,5,13,355,Loyal Customers
CUST00037,Customer 37,Coimbatore,2026-01-01,363,4,6235.21,Male,21,2,3,3,8,233,At Risk
CUST00038,Customer 38,Hyderabad,2025-12-03,392,3,6965.67,Other,28,1,2,3,6,123,Lost Customers
CUST00039,Customer 39,Tirunelveli,2026-08-23,129,4,11409.130000000001,Other,22,4,3,5,12,435,Big Spenders
CUST00040,Customer 40,Vellore,2026-10-05,86,2,2573.46,Other,47,5,1,1,7,511,New Customers
CUST00041,Customer 41,Hyderabad,2026-03-28,277,2,2547.34,Other,18,2,1,1,4,211,Need Attention
CUST00045,Customer 45,Pondicherry,2026-07-26,157,5,10101.18,Male,64,3,4,4,11,344,Loyal Customers
CUST00046,Customer 46,Vellore,2026-06-05,208,3,3270.99,Other,29,3,2,2,7,322,Need Attention
CUST00047,Customer 47,Hyderabad,2026-06-27,186,3,9877.28,Other,37,3,2,4,9,324,Big Spenders
CUST00048,Customer 48,Madurai,2025-05-31,578,2,2594.33,Other,30,1,1,1,3,111,Lost Customers
CUST00049,Customer 49,Vellore,2026-03-30,275,3,2693.41,Male,52,2,2,1,5,221,Need Attention
CUST00050,Customer 50,Erode,2026-08-22,130,4,8961.939999999999,Other,38,4,3,4,11,434,Big Spenders
CUST00051,Customer 51,Salem,2025-03-26,644,1,4161.24,Male,41,1,1,2,4,112,Lost Customers
CUST00052,Customer 52,Bengaluru,2025-10-16,440,1,1583.35,Male,33,1,1,1,3,111,Lost Customers
CUST00053,Customer 53,Erode,2026-03-22,283,8,21162.95,Male,64,2,5,5,12,255,At Risk
CUST00054,Customer 54,Madurai,2025-09-26,460,4,10551.08,Male,52,1,3,4,8,134,At Risk
CUST00055,Customer 55,Vellore,2026-10-08,83,4,14653.279999999999,Other,48,5,3,5,13,535,Big Spenders
CUST00056,Customer 56,Bengaluru,2026-08-16,136,4,6678.88,Female,51,4,3,3,10,433,Potential Loyalists
CUST00057,Customer 57,Pondicherry,2026-10-05,86,4,8593.7,Male,52,5,3,4,12,534,Big Spenders
CUST00058,Customer 58,Salem,2025-12-11,384,4,10691.79,Male,63,1,3,4,8,134,At Risk
CUST00059,Customer 59,Thanjavur,2026-01-29,335,5,5873.429999999999,Other,59,2,4,3,9,243,At Risk
CUST00061,Customer 61,Thanjavur,2026-08-03,149,7,17702.28,Male,22,4,5,5,14,455,Champions
CUST00062,Customer 62,Trichy,2026-05-03,241,3,5139.360000000001,Other,53,3,2,2,7,322,Need Attention
CUST00063,Customer 63,Coimbatore,2026-07-12,171,2,2121.83,Male,18,3,1,1,5,311,Need Attention
CUST00065,Customer 65,Coimbatore,2026-12-27,3,4,8234.52,Male,39,5,3,4,12,534,Big Spenders
CUST00066,Customer 66,Hyderabad,2026-06-11,202,5,9635.8,Male,35,3,4,4,11,344,Loyal Customers
CUST00067,Customer 67,Madurai,2026-08-18,134,5,12179.73,Male,52,4,4,5,13,445,Champions
CUST00068,Customer 68,Erode,2026-05-15,229,4,9733.25,Other,54,3,3,4,10,334,Big Spenders
CUST00069,Customer 69,Trichy,2026-10-09,82,2,5766.77,Female,44,5,1,3,9,513,New Customers
CUST00070,Customer 70,Tirunelveli,2026-07-18,165,2,4566.969999999999,Male,60,3,1,2,6,312,Need Attention
CUST00071,Customer 71,Erode,2026-05-13,231,4,6903.3099999999995,Female,44,3,3,3,9,333,Need Attention
CUST00072,Customer 72,Hyderabad,2026-03-31,274,4,13720.36,Other,21,2,3,5,10,235,At Risk
CUST00073,Customer 73,Chennai,2026-09-02,119,4,8005.5599999999995,Other,24,4,3,4,11,434,Big Spenders
CUST00074,Customer 74,Coimbatore,2026-10-12,79,2,3189.2599999999998,Other,39,5,1,1,7,511,New Customers
CUST00075,Customer 75,Vellore,2025-06-11,567,3,10738.970000000001,Male,30,1,2,4,7,124,Lost Customers
CUST00076,Customer 76,Madurai,2026-09-08,113,5,11142.1,Male,45,4,4,5,13,445,Champions
CUST00077,Customer 77,Coimbatore,2025-03-31,639,3,8156.19,Female,33,1,2,4,7,124,Lost Customers
CUST00078,Customer 78,Chennai,2026-09-14,107,4,6291.6,Other,24,4,3,3,10,433,Potential Loyalists
CUST00079,Customer 79,Coimbatore,2026-04-01,273,3,4681.16,Other,18,2,2,2,6,222,Need Attention
CUST00080,Customer 80,Tirunelveli,2026-02-26,307,1,1749.44,Male,28,2,1,1,4,211,Need Attention
CUST00081,Customer 81,Tirunelveli,2026-11-02,58,2,1223.42,Female,31,5,1,1,7,511,New Customers
CUST00082,Customer 82,Chennai,2025-05-28,581,2,12302.8,Male,42,1,1,5,7,115,Lost Customers
CUST00083,Customer 83,Salem,2026-09-14,107,5,22506.95,Female,47,4,4,5,13,445,Champions
CUST00084,Customer 84,Vellore,2025-06-18,560,2,5795.46,Other,64,1,1,3,5,113,Lost Customers
CUST00085,Customer 85,Madurai,2026-07-11,172,4,11424.29,Other,49,3,3,5,11,335,Big Spenders
CUST00086,Customer 86,Chennai,2026-02-07,326,2,3461.0699999999997,Female,31,2,1,2,5,212,Need Attention
CUST00087,Customer 87,Chennai,2026-09-29,92,4,10446.81,Other,52,5,3,4,12,534,Big Spenders
CUST00088,Customer 88,Chennai,2026-07-13,170,3,17259.61,Female,21,3,2,5,10,325,Big Spenders
CUST00089,Customer 89,Vellore,2025-08-28,489,2,6782.610000000001,Female,50,1,1,3,5,113,Lost Customers
CUST00090,Customer 90,Coimbatore,2025-08-27,490,2,2962.34,Male,50,1,1,1,3,111,Lost Customers
CUST00091,Customer 91,Bengaluru,2026-09-22,99,5,7224.07,Male,22,4,4,3,11,443,Loyal Customers
CUST00092,Customer 92,Tirunelveli,2026-02-26,307,2,1197.98,Other,33,2,1,1,4,211,Need Attention
CUST00093,Customer 93,Bengaluru,2026-07-30,153,3,5367.42,Other,33,4,2,2,8,422,Potential Loyalists
CUST00095,Customer 95,Bengaluru,2025-05-04,605,2,11300.28,Other,55,1,1,5,7,115,Lost Customers
CUST00096,Customer 96,Trichy,2026-08-09,143,1,1338.7,Female,34,4,1,1,6,411,New Customers
CUST00097,Customer 97,Trichy,2025-09-18,468,4,7841.53,Other,38,1,3,4,8,134,At Risk
CUST00098,Customer 98,Hyderabad,2026-03-10,295,3,6478.58,Female,26,2,2,3,7,223,Need Attention
CUST00099,Customer 99,Thanjavur,2026-01-13,351,1,1264.54,Female,47,2,1,1,4,211,Need Attention
CUST00100,Customer 100,Erode,2025-12-12,383,3,8287.82,Male,18,2,2,4,8,224,Need Attention
CUST00101,Customer 101,Coimbatore,2025-12-02,393,2,3488.88,Other,24,1,1,2,4,112,Lost Customers
CUST00102,Customer 102,Salem,2026-08-29,123,4,9288.47,Male,50,4,3,4,11,434,Big Spenders
CUST00103,Customer 103,Trichy,2026-04-22,252,3,5010.75,Female,22,2,2,2,6,222,Need Attention
CUST00104,Customer 104,Erode,2026-11-04,56,2,6384.17,Female,28,5,1,3,9,513,New Customers
CUST00105,Customer 105,Salem,2026-10-19,72,5,6125.639999999999,Other,63,5,4,3,12,543,Loyal Customers
CUST00106,Customer 106,Chennai,2025-09-20,466,5,12883.93,Other,51,1,4,5,10,145,At Risk
CUST00107,Customer 107,Hyderabad,2026-12-20,10,3,7113.94,Other,37,5,2,3,10,523,Potential Loyalists
CUST00108,Customer 108,Coimbatore,2026-09-11,110,4,6969.58,Male,34,4,3,3,10,433,Potential Loyalists
CUST00110,Customer 110,Trichy,2026-07-12,171,2,2946.87,Female,56,3,1,1,5,311,Need Attention
CUST00111,Customer 111,Hyderabad,2025-10-11,445,4,4313.42,Female,31,1,3,2,6,132,At Risk
CUST00112,Customer 112,Erode,2026-11-03,57,4,11693.48,Female,50,5,3,5,13,535,Big Spenders
CUST00113,Customer 113,Hyderabad,2025-12-20,375,4,7247.74,Male,23,2,3,3,8,233,At Risk
CUST00114,Customer 114,Chennai,2025-12-19,376,3,7138.46,Female,20,2,2,3,7,223,Need Attention
CUST00115,Customer 115,Salem,2024-11-14,776,1,866.53,Male,58,1,1,1,3,111,Lost Customers
CUST00116,Customer 116,Vellore,2026-05-29,215,2,4846.0,Other,46,3,1,2,6,312,Need Attention
CUST00117,Customer 117,Chennai,2026-01-31,333,5,7312.27,Female,53,2,4,3,9,243,At Risk
CUST00118,Customer 118,Madurai,2026-09-14,107,5,11568.91,Male,62,4,4,5,13,445,Champions
CUST00119,Customer 119,Bengaluru,2026-10-18,73,6,18834.23,Male,41,5,5,5,15,555,Champions
CUST00120,Customer 120,Madurai,2026-09-01,120,3,10055.08,Male,45,4,2,4,10,424,Big Spenders
CUST00121,Customer 121,Chennai,2025-02-26,672,1,2531.72,Female,41,1,1,1,3,111,Lost Customers
CUST00122,Customer 122,Trichy,2026-09-22,99,3,7851.59,Male,61,4,2,4,10,424,Big Spenders
CUST00123,Customer 123,Vellore,2026-09-10,111,4,11215.35,Male,40,4,3,5,12,435,Big Spenders
CUST00124,Customer 124,Pondicherry,2026-08-18,134,3,6385.26,Female,57,4,2,3,9,423,Potential Loyalists
CUST00125,Customer 125,Madurai,2025-06-11,567,2,1020.27,Male,28,1,1,1,3,111,Lost Customers
CUST00126,Customer 126,Pondicherry,2026-10-05,86,4,10320.67,Male,29,5,3,4,12,534,Big Spenders
CUST00127,Customer 127,Pondicherry,2026-09-23,98,6,11993.48,Female,60,4,5,5,14,455,Champions
CUST00128,Customer 128,Madurai,2026-11-08,52,2,2709.82,Male,35,5,1,1,7,511,New Customers
CUST00129,Customer 129,Tirunelveli,2026-11-02,58,6,17455.9,Other,24,5,5,5,15,555,Champions
CUST00130,Customer 130,Trichy,2026-05-31,213,3,6941.0599999999995,Male,48,3,2,3,8,323,Need Attention
CUST00132,Customer 132,Chennai,2026-09-18,103,1,1441.87,Male,32,4,1,1,6,411,New Customers
CUST00133,Customer 133,Thanjavur,2026-05-19,225,1,786.83,Male,43,3,1,1,5,311,Need Attention
CUST00134,Customer 134,Thanjavur,2025-12-17,378,5,14819.45,Male,35,2,4,5,11,245,At Risk
CUST00135,Customer 135,Hyderabad,2026-08-01,151,5,7957.48,Other,43,4,4,4,12,444,Champions
CUST00136,Customer 136,Chennai,2025-09-24,462,2,2721.0,Other,39,1,1,1,3,111,Lost Customers
CUST00137,Customer 137,Bengaluru,2026-07-12,171,2,1250.73,Female,29,3,1,1,5,311,Need Attention
CUST00138,Customer 138,Bengaluru,2025-09-27,459,1,447.25,Male,24,1,1,1,3,111,Lost Customers
CUST00139,Customer 139,Thanjavur,2026-03-17,288,6,9863.48,Female,64,2,5,4,11,254,At Risk
CUST00140,Customer 140,Coimbatore,2025-10-12,444,5,13535.279999999999,Other,50,1,4,5,10,145,At Risk
CUST00141,Customer 141,Salem,2025-10-06,450,2,3683.58,Other,30,1,1,2,4,112,Lost Customers
CUST00142,Customer 142,Chennai,2026-02-26,307,4,8973.15,Other,45,2,3,4,9,234,At Risk
CUST00143,Customer 143,Pondicherry,2026-01-13,351,2,3491.1099999999997,Other,61,2,1,2,5,212,Need Attention
CUST00144,Customer 144,Trichy,2026-09-10,111,6,10296.720000000001,Other,60,4,5,4,13,454,Champions
CUST00145,Customer 145,Hyderabad,2026-04-04,270,2,2131.32,Female,22,2,1,1,4,211,Need Attention
CUST00146,Customer 146,Hyderabad,2026-12-26,4,5,10562.58,Other,38,5,4,4,13,544,Champions
CUST00147,Customer 147,Salem,2026-02-23,310,4,11086.07,Male,64,2,3,5,10,235,At Risk
CUST00148,Customer 148,Tirunelveli,2026-06-06,207,3,3849.2100000000005,Female,60,3,2,2,7,322,Need Attention
CUST00149,Customer 149,Salem,2025-11-24,401,3,2313.25,Female,62,1,2,1,4,121,Lost Customers
CUST00150,Customer 150,Tirunelveli,2026-08-23,129,6,5396.46,Male,30,4,5,2,11,452,Loyal Customers
CUST00152,Customer 152,Salem,2026-11-21,39,4,7005.41,Other,54,5,3,3,11,533,Potential Loyalists
CUST00153,Customer 153,Salem,2026-03-10,295,5,9755.1,Other,18,2,4,4,10,244,At Risk
CUST00154,Customer 154,Bengaluru,2026-11-02,58,6,18664.28,Male,45,5,5,5,15,555,Champions
CUST00155,Customer 155,Erode,2025-08-01,516,1,2564.64,Other,38,1,1,1,3,111,Lost Customers
CUST00156,Customer 156,Trichy,2026-10-24,67,1,2121.6,Female,61,5,1,1,7,511,New Customers
CUST00157,Customer 157,Madurai,2026-04-25,249,2,4216.63,Female,65,2,1,2,5,212,Need Attention
CUST00158,Customer 158,Vellore,2026-12-01,29,1,2023.9,Male,36,5,1,1,7,511,New Customers
CUST00159,Customer 159,Thanjavur,2025-12-28,367,1,2277.42,Other,57,2,1,1,4,211,Need Attention
CUST00160,Customer 160,Salem,2026-07-27,156,3,7912.39,Male,61,3,2,4,9,324,Big Spenders
CUST00161,Customer 161,Chennai,2025-12-02,393,1,728.4,Male,27,1,1,1,3,111,Lost Customers
CUST00162,Customer 162,Bengaluru,2026-05-04,240,5,9963.029999999999,Male,48,3,4,4,11,344,Loyal Customers
CUST00163,Customer 163,Tirunelveli,2026-07-26,157,4,9133.98,Male,47,3,3,4,10,334,Big Spenders
CUST00165,Customer 165,Tirunelveli,2026-01-13,351,3,5065.9400000000005,Female,49,2,2,2,6,222,Need Attention
CUST00166,Customer 166,Pondicherry,2025-12-09,386,3,3414.75,Male,59,1,2,2,5,122,Lost Customers
CUST00167,Customer 167,Trichy,2025-09-12,474,3,10961.85,Male,45,1,2,5,8,125,Lost Customers
CUST00168,Customer 168,Erode,2026-12-19,11,4,12630.69,Other,51,5,3,5,13,535,Big Spenders
CUST00169,Customer 169,Coimbatore,2026-10-04,87,4,5575.21,Other,33,5,3,3,11,533,Potential Loyalists
CUST00170,Customer 170,Hyderabad,2026-01-10,354,3,4141.99,Male,47,2,2,2,6,222,Need Attention
CUST00171,Customer 171,Thanjavur,2026-04-02,272,5,10369.91,Other,56,2,4,4,10,244,At Risk
CUST00172,Customer 172,Pondicherry,2025-05-08,601,2,9458.939999999999,Female,57,1,1,4,6,114,Lost Customers
CUST00173,Customer 173,Erode,2026-05-25,219,4,9173.18,Female,53,3,3,4,10,334,Big Spenders
CUST00174,Customer 174,Erode,2026-10-01,90,4,7859.46,Other,48,5,3,4,12,534,Big Spenders
CUST00175,Customer 175,Salem,2026-08-05,147,4,9713.17,Male,58,4,3,4,11,434,Big Spenders
CUST00176,Customer 176,Hyderabad,2025-09-27,459,1,2583.51,Other,49,1,1,1,3,111,Lost Customers
CUST00177,Customer 177,Coimbatore,2026-08-04,148,1,1284.61,Female,46,4,1,1,6,411,New Customers
CUST00178,Customer 178,Salem,2026-07-14,169,2,2469.45,Female,33,3,1,1,5,311,Need Attention
CUST00179,Customer 179,Coimbatore,2026-05-28,216,2,1611.53,Female,52,3,1,1,5,311,Need Attention
CUST00180,Customer 180,Tirunelveli,2026-01-13,351,6,18924.510000000002,Male,32,2,5,5,12,255,At Risk
CUST00181,Customer 181,Trichy,2026-11-11,49,6,16510.26,Male,63,5,5,5,15,555,Champions
CUST00182,Customer 182,Thanjavur,2025-09-10,476,1,442.01,Female,44,1,1,1,3,111,Lost Customers
CUST00183,Customer 183,Chennai,2026-08-20,132,4,7695.91,Female,44,4,3,3,10,433,Potential Loyalists
CUST00184,Customer 184,Bengaluru,2026-07-25,158,4,3715.4700000000003,Female,42,3,3,2,8,332,Need Attention
CUST00185,Customer 185,Tirunelveli,2026-09-22,99,3,7072.540000000001,Male,54,4,2,3,9,423,Potential Loyalists
CUST00186,Customer 186,Salem,2025-08-21,496,2,3939.76,Male,40,1,1,2,4,112,Lost Customers
CUST00187,Customer 187,Vellore,2025-10-17,439,3,8162.34,Female,44,1,2,4,7,124,Lost Customers
CUST00188,Customer 188,Bengaluru,2026-10-17,74,4,6144.91,Other,52,5,3,3,11,533,Potential Loyalists
CUST00189,Customer 189,Salem,2026-09-23,98,2,3520.3599999999997,Female,32,4,1,2,7,412,New Customers
CUST00190,Customer 190,Tirunelveli,2026-09-16,105,6,12577.75,Female,19,4,5,5,14,455,Champions
CUST00191,Customer 191,Tirunelveli,2026-04-21,253,5,13517.26,Other,61,2,4,5,11,245,At Risk
CUST00192,Customer 192,Madurai,2026-08-25,127,5,13283.23,Male,47,4,4,5,13,445,Champions
CUST00193,Customer 193,Tirunelveli,2025-12-16,379,5,10527.66,Other,19,2,4,4,10,244,At Risk
CUST00194,Customer 194,Chennai,2025-03-07,663,2,2910.25,Other,60,1,1,1,3,111,Lost Customers
CUST00196,Customer 196,Chennai,2026-09-18,103,2,4263.73,Female,29,4,1,2,7,412,New Customers
CUST00197,Customer 197,Trichy,2026-03-11,294,1,1968.65,Female,38,2,1,1,4,211,Need Attention
CUST00198,Customer 198,Tirunelveli,2026-06-06,207,4,15284.68,Female,39,3,3,5,11,335,Big Spenders
CUST00199,Customer 199,Coimbatore,2026-05-28,216,2,3899.06,Female,34,3,1,2,6,312,Need Attention
CUST00200,Customer 200,Vellore,2026-08-15,137,5,10316.93,Male,65,4,4,4,12,444,Champions
CUST00201,Customer 201,Hyderabad,2026-04-10,264,4,5326.26,Female,32,2,3,2,7,232,At Risk
CUST00202,Customer 202,Chennai,2026-07-30,153,5,8722.05,Other,20,4,4,4,12,444,Champions
CUST00203,Customer 203,Bengaluru,2026-02-22,311,1,901.7,Male,19,2,1,1,4,211,Need Attention
CUST00204,Customer 204,Erode,2026-09-01,120,4,8520.95,Male,26,4,3,4,11,434,Big Spenders
CUST00205,Customer 205,Trichy,2026-07-17,166,4,13477.099999999999,Male,54,3,3,5,11,335,Big Spenders
CUST00206,Customer 206,Thanjavur,2026-10-07,84,9,11649.69,Other,34,5,5,5,15,555,Champions
CUST00207,Customer 207,Pondicherry,2025-05-15,594,3,4550.37,Other,56,1,2,2,5,122,Lost Customers
CUST00208,Customer 208,Salem,2026-09-04,117,3,8943.17,Male,28,4,2,4,10,424,Big Spenders
CUST00209,Customer 209,Salem,2026-09-09,112,6,8585.57,Other,19,4,5,4,13,454,Champions
CUST00210,Customer 210,Tirunelveli,2025-05-09,600,1,4983.75,Other,42,1,1,2,4,112,Lost Customers
CUST00211,Customer 211,Bengaluru,2025-12-14,381,1,5823.84,Male,22,2,1,3,6,213,Need Attention
CUST00212,Customer 212,Coimbatore,2026-04-25,249,6,17577.61,Other,33,2,5,5,12,255,At Risk
CUST00213,Customer 213,Bengaluru,2025-12-18,377,1,5793.09,Female,61,2,1,3,6,213,Need Attention
CUST00214,Customer 214,Chennai,2025-11-24,401,3,3977.2,Male,54,1,2,2,5,122,Lost Customers
CUST00215,Customer 215,Hyderabad,2026-07-08,175,3,5213.26,Other,45,3,2,2,7,322,Need Attention
CUST00217,Customer 217,Erode,2026-10-04,87,6,10030.77,Male,44,5,5,4,14,554,Champions
CUST00218,Customer 218,Hyderabad,2026-09-05,116,5,10026.02,Female,41,4,4,4,12,444,Champions
CUST00219,Customer 219,Madurai,2025-08-01,516,1,4242.18,Female,63,1,1,2,4,112,Lost Customers
CUST00220,Customer 220,Vellore,2026-08-19,133,2,6999.78,Male,64,4,1,3,8,413,New Customers
CUST00221,Customer 221,Vellore,2025-10-18,438,1,2675.16,Female,57,1,1,1,3,111,Lost Customers
CUST00222,Customer 222,Tirunelveli,2026-07-07,176,4,12071.03,Female,47,3,3,5,11,335,Big Spenders
CUST00223,Customer 223,Salem,2026-02-05,328,6,24230.8,Other,55,2,5,5,12,255,At Risk
CUST00224,Customer 224,Salem,2025-07-27,521,3,9523.35,Male,23,1,2,4,7,124,Lost Customers
CUST00225,Customer 225,Bengaluru,2026-04-22,252,4,6842.37,Male,47,2,3,3,8,233,At Risk
CUST00226,Customer 226,Thanjavur,2026-07-10,173,3,5943.45,Other,42,3,2,3,8,323,Need Attention
CUST00227,Customer 227,Madurai,2026-03-17,288,3,5509.72,Female,38,2,2,3,7,223,Need Attention
CUST00228,Customer 228,Salem,2026-09-20,101,5,10068.11,Male,40,4,4,4,12,444,Champions
CUST00229,Customer 229,Pondicherry,2026-07-01,182,3,6095.05,Female,56,3,2,3,8,323,Need Attention
CUST00230,Customer 230,Vellore,2026-06-08,205,2,3419.67,Other,18,3,1,2,6,312,Need Attention
CUST00231,Customer 231,Pondicherry,2026-10-20,71,6,13584.939999999999,Male,33,5,5,5,15,555,Champions
CUST00232,Customer 232,Trichy,2026-05-06,238,6,7152.5199999999995,Female,53,3,5,3,11,353,Loyal Customers
CUST00233,Customer 233,Pondicherry,2026-08-20,132,3,4103.530000000001,Female,59,4,2,2,8,422,Potential Loyalists
CUST00234,Customer 234,Coimbatore,2026-10-31,60,5,10528.67,Female,19,5,4,4,13,544,Champions
CUST00235,Customer 235,Pondicherry,2026-08-16,136,4,7298.43,Male,43,4,3,3,10,433,Potential Loyalists
CUST00236,Customer 236,Bengaluru,2025-10-26,430,5,8027.2699999999995,Female,60,1,4,4,9,144,At Risk
CUST00237,Customer 237,Vellore,2026-10-22,69,4,5235.799999999999,Female,53,5,3,2,10,532,Potential Loyalists
CUST00238,Customer 238,Vellore,2025-07-21,527,2,4570.25,Female,65,1,1,2,4,112,Lost Customers
CUST00239,Customer 239,Erode,2026-11-11,49,6,10693.58,Female,62,5,5,4,14,554,Champions
CUST00240,Customer 240,Trichy,2026-07-01,182,5,5020.27,Female,34,3,4,2,9,342,Loyal Customers
CUST00241,Customer 241,Thanjavur,2026-08-11,141,3,6468.23,Other,30,4,2,3,9,423,Potential Loyalists
CUST00242,Customer 242,Pondicherry,2026-08-09,143,4,14397.04,Other,52,4,3,5,12,435,Big Spenders
CUST00243,Customer 243,Pondicherry,2026-07-15,168,5,11524.45,Male,31,3,4,5,12,345,Loyal Customers
CUST00245,Customer 245,Salem,2026-06-09,204,4,13965.86,Other,56,3,3,5,11,335,Big Spenders
CUST00246,Customer 246,Trichy,2026-03-16,289,2,2860.8999999999996,Male,36,2,1,1,4,211,Need Attention
CUST00247,Customer 247,Chennai,2026-01-27,337,3,4737.93,Male,37,2,2,2,6,222,Need Attention
CUST00248,Customer 248,Salem,2026-03-01,304,2,8413.32,Other,26,2,1,4,7,214,Need Attention
CUST00249,Customer 249,Salem,2025-12-24,371,2,4025.4300000000003,Male,53,2,1,2,5,212,Need Attention
CUST00250,Customer 250,Erode,2025-11-09,416,1,4364.97,Male,58,1,1,2,4,112,Lost Customers
CUST00251,Customer 251,Salem,2026-08-23,129,3,3705.6099999999997,Male,54,4,2,2,8,422,Potential Loyalists
CUST00252,Customer 252,Thanjavur,2026-05-25,219,5,17309.76,Female,46,3,4,5,12,345,Loyal Customers
CUST00253,Customer 253,Erode,2025-05-08,601,4,6062.17,Male,34,1,3,3,7,133,At Risk
CUST00254,Customer 254,Erode,2025-06-04,574,3,5384.799999999999,Male,43,1,2,2,5,122,Lost Customers
CUST00255,Customer 255,Hyderabad,2026-05-21,223,2,3995.7200000000003,Other,58,3,1,2,6,312,Need Attention
CUST00256,Customer 256,Bengaluru,2026-08-06,146,3,3496.12,Male,27,4,2,2,8,422,Potential Loyalists
CUST00257,Customer 257,Coimbatore,2025-07-08,540,2,1088.79,Male,33,1,1,1,3,111,Lost Customers
CUST00258,Customer 258,Bengaluru,2026-01-23,341,6,15460.630000000001,Female,56,2,5,5,12,255,At Risk
CUST00259,Customer 259,Vellore,2026-09-13,108,3,5672.49,Other,32,4,2,3,9,423,Potential Loyalists
CUST00260,Customer 260,Salem,2026-07-30,153,3,4709.81,Female,46,4,2,2,8,422,Potential Loyalists
CUST00262,Customer 262,Bengaluru,2026-08-06,146,5,8786.31,Other,21,4,4,4,12,444,Champions
CUST00263,Customer 263,Hyderabad,2026-09-04,117,6,15677.36,Male,31,4,5,5,14,455,Champions
CUST00264,Customer 264,Coimbatore,2025-12-05,390,3,6259.76,Female,60,1,2,3,6,123,Lost Customers
CUST00265,Customer 265,Vellore,2026-08-01,151,5,21223.11,Male,29,4,4,5,13,445,Champions
CUST00266,Customer 266,Tirunelveli,2026-09-06,115,4,6991.38,Male,18,4,3,3,10,433,Potential Loyalists
CUST00267,Customer 267,Erode,2026-08-27,125,5,7454.18,Other,56,4,4,3,11,443,Loyal Customers
CUST00268,Customer 268,Salem,2026-02-19,314,3,6382.450000000001,Male,32,2,2,3,7,223,Need Attention
CUST00269,Customer 269,Erode,2026-03-26,279,3,6076.139999999999,Female,62,2,2,3,7,223,Need Attention
CUST00271,Customer 271,Hyderabad,2026-07-11,172,2,4164.78,Other,55,3,1,2,6,312,Need Attention
CUST00272,Customer 272,Coimbatore,2026-06-26,187,1,1608.53,Male,45,3,1,1,5,311,Need Attention
CUST00273,Customer 273,Madurai,2026-11-01,59,6,11579.599999999999,Male,59,5,5,5,15,555,Champions
CUST00274,Customer 274,Chennai,2025-09-03,483,1,1136.81,Male,22,1,1,1,3,111,Lost Customers
CUST00275,Customer 275,Pondicherry,2026-11-04,56,4,4088.7,Female,56,5,3,2,10,532,Potential Loyalists
CUST00276,Customer 276,Erode,2025-12-01,394,2,3426.3799999999997,Other,36,1,1,2,4,112,Lost Customers
CUST00277,Customer 277,Salem,2026-03-16,289,2,2865.45,Female,62,2,1,1,4,211,Need Attention
CUST00278,Customer 278,Vellore,2025-02-13,685,1,1382.76,Female,35,1,1,1,3,111,Lost Customers
CUST00279,Customer 279,Coimbatore,2026-05-11,233,3,6404.57,Female,46,3,2,3,8,323,Need Attention
CUST00280,Customer 280,Pondicherry,2026-10-02,89,5,9270.59,Male,45,5,4,4,13,544,Champions
CUST00281,Customer 281,Chennai,2026-10-23,68,2,7384.34,Other,34,5,1,3,9,513,New Customers
CUST00282,Customer 282,Bengaluru,2026-09-28,93,3,6885.83,Male,61,5,2,3,10,523,Potential Loyalists
CUST00283,Customer 283,Salem,2026-08-10,142,5,9498.99,Male,61,4,4,4,12,444,Champions
CUST00284,Customer 284,Erode,2026-04-20,254,3,6602.38,Male,29,2,2,3,7,223,Need Attention
CUST00285,Customer 285,Salem,2026-02-13,320,2,3776.3,Other,46,2,1,2,5,212,Need Attention
CUST00286,Customer 286,Hyderabad,2026-09-19,102,3,4702.7,Other,45,4,2,2,8,422,Potential Loyalists
CUST00287,Customer 287,Erode,2026-11-17,43,3,1914.13,Female,23,5,2,1,8,521,New Customers
CUST00288,Customer 288,Thanjavur,2026-10-17,74,2,5514.88,Female,39,5,1,3,9,513,New Customers
CUST00289,Customer 289,Thanjavur,2025-11-23,402,5,12871.06,Male,28,1,4,5,10,145,At Risk
CUST00290,Customer 290,Salem,2026-11-09,51,5,3521.54,Other,49,5,4,2,11,542,Loyal Customers
CUST00291,Customer 291,Chennai,2026-10-16,75,1,705.58,Female,53,5,1,1,7,511,New Customers
CUST00292,Customer 292,Salem,2026-08-05,147,4,9525.86,Male,38,4,3,4,11,434,Big Spenders
CUST00293,Customer 293,Vellore,2025-03-05,665,2,5530.379999999999,Male,43,1,1,3,5,113,Lost Customers
CUST00294,Customer 294,Vellore,2025-07-21,527,3,10743.51,Male,60,1,2,4,7,124,Lost Customers
CUST00295,Customer 295,Trichy,2026-09-06,115,4,15127.85,Female,21,4,3,5,12,435,Big Spenders
CUST00296,Customer 296,Erode,2026-08-24,128,2,2513.9900000000002,Female,57,4,1,1,6,411,New Customers
CUST00297,Customer 297,Trichy,2025-08-12,505,2,13705.8,Female,21,1,1,5,7,115,Lost Customers
CUST00298,Customer 298,Salem,2026-07-25,158,3,3195.12,Other,26,3,2,2,7,322,Need Attention
CUST00299,Customer 299,Coimbatore,2025-10-15,441,1,1927.08,Other,49,1,1,1,3,111,Lost Customers
CUST00300,Customer 300,Trichy,2025-12-29,366,2,1961.33,Other,56,2,1,1,4,211,Need Attention
CUST00301,Customer 301,Vellore,2026-04-05,269,2,5237.14,Male,37,2,1,2,5,212,Need Attention
CUST00302,Customer 302,Coimbatore,2026-11-12,48,3,7965.27,Other,44,5,2,4,11,524,Big Spenders
CUST00303,Customer 303,Coimbatore,2025-06-07,571,2,5331.17,Male,47,1,1,2,4,112,Lost Customers
CUST00304,Customer 304,Pondicherry,2025-04-22,617,2,3357.22,Male,49,1,1,2,4,112,Lost Customers
CUST00305,Customer 305,Salem,2026-11-11,49,4,5951.530000000001,Other,63,5,3,3,11,533,Potential Loyalists
CUST00306,Customer 306,Trichy,2026-08-13,139,3,3860.07,Female,48,4,2,2,8,422,Potential Loyalists
CUST00307,Customer 307,Tirunelveli,2026-08-30,122,5,8914.01,Other,27,4,4,4,12,444,Champions
CUST00308,Customer 308,Pondicherry,2026-11-10,50,7,7776.77,Other,50,5,5,3,13,553,Loyal Customers
CUST00309,Customer 309,Salem,2026-10-03,88,9,21261.010000000002,Male,22,5,5,5,15,555,Champions
CUST00310,Customer 310,Vellore,2026-07-11,172,3,6472.25,Female,39,3,2,3,8,323,Need Attention
CUST00311,Customer 311,Pondicherry,2026-10-21,70,4,17221.59,Male,36,5,3,5,13,535,Big Spenders
CUST00312,Customer 312,Hyderabad,2025-08-05,512,1,5564.36,Other,55,1,1,3,5,113,Lost Customers
CUST00313,Customer 313,Vellore,2025-11-15,410,1,759.16,Male,46,1,1,1,3,111,Lost Customers
CUST00314,Customer 314,Vellore,2026-01-21,343,4,7879.89,Female,39,2,3,4,9,234,At Risk
CUST00315,Customer 315,Erode,2025-06-07,571,1,2949.3,Other,42,1,1,1,3,111,Lost Customers
CUST00316,Customer 316,Trichy,2026-01-30,334,5,7329.950000000001,Male,62,2,4,3,9,243,At Risk
CUST00317,Customer 317,Tirunelveli,2026-10-06,85,5,7268.42,Female,32,5,4,3,12,543,Loyal Customers
CUST00318,Customer 318,Erode,2026-06-12,201,3,5471.93,Female,65,3,2,3,8,323,Need Attention
CUST00319,Customer 319,Hyderabad,2026-06-06,207,4,3899.11,Female,42,3,3,2,8,332,Need Attention
CUST00320,Customer 320,Erode,2026-08-22,130,4,6467.44,Other,27,4,3,3,10,433,Potential Loyalists
CUST00321,Customer 321,Bengaluru,2026-07-08,175,4,5082.13,Male,50,3,3,2,8,332,Need Attention
CUST00322,Customer 322,Coimbatore,2025-10-07,449,1,1280.88,Male,46,1,1,1,3,111,Lost Customers
CUST00323,Customer 323,Pondicherry,2026-09-23,98,5,7529.23,Female,18,4,4,3,11,443,Loyal Customers
CUST00324,Customer 324,Madurai,2026-04-29,245,2,2597.3199999999997,Female,59,3,1,1,5,311,Need Attention
CUST00325,Customer 325,Thanjavur,2026-11-28,32,7,19257.43,Female,34,5,5,5,15,555,Champions
CUST00326,Customer 326,Hyderabad,2026-10-26,65,2,4737.52,Other,43,5,1,2,8,512,New Customers
CUST00327,Customer 327,Vellore,2025-08-31,486,4,11601.76,Female,61,1,3,5,9,135,At Risk
CUST00329,Customer 329,Chennai,2026-01-04,360,3,7051.219999999999,Female,52,2,2,3,7,223,Need Attention
CUST00330,Customer 330,Hyderabad,2026-06-10,203,5,14621.0,Male,33,3,4,5,12,345,Loyal Customers
CUST00331,Customer 331,Pondicherry,2026-06-18,195,4,10414.619999999999,Female,32,3,3,4,10,334,Big Spenders
CUST00333,Customer 333,Madurai,2025-08-16,501,2,2851.54,Male,46,1,1,1,3,111,Lost Customers
CUST00334,Customer 334,Chennai,2026-07-01,182,1,3790.74,Female,19,3,1,2,6,312,Need Attention
CUST00335,Customer 335,Thanjavur,2026-09-08,113,2,4791.5599999999995,Male,36,4,1,2,7,412,New Customers
CUST00336,Customer 336,Trichy,2026-08-28,124,4,6915.3099999999995,Female,27,4,3,3,10,433,Potential Loyalists
CUST00337,Customer 337,Hyderabad,2026-05-22,222,8,19874.510000000002,Female,54,3,5,5,13,355,Loyal Customers
CUST00340,Customer 340,Bengaluru,2026-08-05,147,6,15611.470000000001,Male,49,4,5,5,14,455,Champions
CUST00341,Customer 341,Hyderabad,2026-09-26,95,5,17206.030000000002,Male,47,5,4,5,14,545,Champions
CUST00342,Customer 342,Hyderabad,2026-08-01,151,2,4759.7699999999995,Female,34,4,1,2,7,412,New Customers
CUST00343,Customer 343,Hyderabad,2026-02-28,305,5,9011.25,Female,36,2,4,4,10,244,At Risk
CUST00344,Customer 344,Erode,2026-11-10,50,3,2526.02,Male,22,5,2,1,8,521,New Customers
CUST00345,Customer 345,Hyderabad,2026-09-29,92,5,8801.75,Other,37,5,4,4,13,544,Champions
CUST00346,Customer 346,Erode,2025-10-24,432,2,1858.02,Other,34,1,1,1,3,111,Lost Customers
CUST00347,Customer 347,Tirunelveli,2026-11-19,41,10,20929.36,Female,30,5,5,5,15,555,Champions
CUST00348,Customer 348,Trichy,2026-08-27,125,5,8748.24,Female,24,4,4,4,12,444,Champions
CUST00349,Customer 349,Bengaluru,2025-10-19,437,3,6278.08,Other,40,1,2,3,6,123,Lost Customers
CUST00350,Customer 350,Chennai,2026-05-24,220,3,6925.71,Other,36,3,2,3,8,323,Need Attention
CUST00351,Customer 351,Salem,2025-11-27,398,2,10702.89,Other,43,1,1,4,6,114,Lost Customers
CUST00352,Customer 352,Pondicherry,2026-07-19,164,2,3086.92,Other,61,3,1,1,5,311,Need Attention
CUST00353,Customer 353,Erode,2026-07-22,161,4,4618.150000000001,Other,65,3,3,2,8,332,Need Attention
CUST00354,Customer 354,Bengaluru,2026-05-03,241,3,9002.48,Female,32,3,2,4,9,324,Big Spenders
CUST00355,Customer 355,Hyderabad,2026-01-09,355,4,11140.35,Female,32,2,3,5,10,235,At Risk
CUST00356,Customer 356,Hyderabad,2026-10-20,71,5,9057.380000000001,Other,34,5,4,4,13,544,Champions
CUST00357,Customer 357,Hyderabad,2026-10-19,72,4,9406.710000000001,Other,60,5,3,4,12,534,Big Spenders
CUST00358,Customer 358,Coimbatore,2026-06-15,198,5,10866.17,Male,58,3,4,4,11,344,Loyal Customers
CUST00359,Customer 359,Salem,2025-05-14,595,2,5528.74,Other,20,1,1,3,5,113,Lost Customers
CUST00360,Customer 360,Bengaluru,2025-04-07,632,1,1532.73,Female,20,1,1,1,3,111,Lost Customers
CUST00361,Customer 361,Coimbatore,2026-05-20,224,3,3975.84,Other,26,3,2,2,7,322,Need Attention
CUST00363,Customer 363,Vellore,2025-12-12,383,4,9101.58,Male,26,2,3,4,9,234,At Risk
CUST00364,Customer 364,Vellore,2026-01-05,359,4,4967.58,Female,51,2,3,2,7,232,At Risk
CUST00365,Customer 365,Erode,2026-10-06,85,2,2691.73,Male,34,5,1,1,7,511,New Customers
CUST00366,Customer 366,Thanjavur,2026-12-03,27,3,4419.62,Female,65,5,2,2,9,522,Potential Loyalists
CUST00367,Customer 367,Coimbatore,2026-07-27,156,5,7220.0599999999995,Male,47,3,4,3,10,343,Loyal Customers
CUST00368,Customer 368,Pondicherry,2026-11-06,54,5,16327.66,Male,61,5,4,5,14,545,Champions
CUST00369,Customer 369,Thanjavur,2025-05-27,582,1,5060.2,Female,53,1,1,2,4,112,Lost Customers
CUST00372,Customer 372,Salem,2026-08-15,137,5,9422.93,Other,61,4,4,4,12,444,Champions
CUST00373,Customer 373,Thanjavur,2026-05-24,220,2,2415.46,Female,58,3,1,1,5,311,Need Attention
CUST00374,Customer 374,Erode,2026-05-26,218,6,14310.33,Other,32,3,5,5,13,355,Loyal Customers
CUST00375,Customer 375,Thanjavur,2025-11-10,415,1,3541.53,Other,53,1,1,2,4,112,Lost Customers
CUST00376,Customer 376,Coimbatore,2026-02-27,306,3,2818.0299999999997,Male,59,2,2,1,5,221,Need Attention
CUST00377,Customer 377,Salem,2026-03-09,296,1,568.2,Female,62,2,1,1,4,211,Need Attention
CUST00378,Customer 378,Madurai,2026-01-31,333,1,3674.2,Female,25,2,1,2,5,212,Need Attention
CUST00379,Customer 379,Erode,2026-04-16,258,2,4702.2,Male,37,2,1,2,5,212,Need Attention
CUST00380,Customer 380,Vellore,2026-10-20,71,6,17460.699999999997,Male,33,5,5,5,15,555,Champions
CUST00381,Customer 381,Thanjavur,2026-04-19,255,5,15401.68,Female,47,2,4,5,11,245,At Risk
CUST00382,Customer 382,Vellore,2026-09-18,103,5,8140.92,Other,62,4,4,4,12,444,Champions
CUST00383,Customer 383,Pondicherry,2026-03-24,281,2,1940.99,Other,65,2,1,1,4,211,Need Attention
CUST00384,Customer 384,Coimbatore,2026-03-26,279,3,3162.9700000000003,Female,59,2,2,1,5,221,Need Attention
CUST00385,Customer 385,Tirunelveli,2026-10-17,74,2,4900.16,Female,57,5,1,2,8,512,New Customers
CUST00386,Customer 386,Thanjavur,2025-10-29,427,1,1751.2,Male,62,1,1,1,3,111,Lost Customers
CUST00387,Customer 387,Trichy,2026-02-18,315,4,6915.87,Female,46,2,3,3,8,233,At Risk
CUST00388,Customer 388,Hyderabad,2026-08-06,146,3,8522.01,Female,24,4,2,4,10,424,Big Spenders
CUST00389,Customer 389,Thanjavur,2026-08-28,124,4,9487.78,Other,59,4,3,4,11,434,Big Spenders
CUST00390,Customer 390,Trichy,2025-06-13,565,3,3582.7200000000003,Female,35,1,2,2,5,122,Lost Customers
CUST00391,Customer 391,Hyderabad,2026-09-19,102,2,4635.87,Female,23,4,1,2,7,412,New Customers
CUST00392,Customer 392,Bengaluru,2026-09-26,95,3,8813.36,Other,58,5,2,4,11,524,Big Spenders
CUST00393,Customer 393,Trichy,2026-08-17,135,3,5417.33,Male,39,4,2,2,8,422,Potential Loyalists
CUST00394,Customer 394,Coimbatore,2026-11-09,51,7,15168.71,Other,31,5,5,5,15,555,Champions
CUST00395,Customer 395,Bengaluru,2026-01-10,354,3,13543.64,Other,31,2,2,5,9,225,Need Attention
CUST00396,Customer 396,Madurai,2026-04-10,264,2,2048.9,Male,39,2,1,1,4,211,Need Attention
CUST00397,Customer 397,Salem,2026-01-22,342,3,4930.42,Other,18,2,2,2,6,222,Need Attention
CUST00398,Customer 398,Vellore,2026-10-23,68,4,10028.77,Male,26,5,3,4,12,534,Big Spenders
CUST00399,Customer 399,Hyderabad,2026-09-26,95,7,11498.08,Male,25,5,5,5,15,555,Champions
CUST00400,Customer 400,Chennai,2026-10-23,68,3,2966.1400000000003,Male,26,5,2,1,8,521,New Customers
CUST00401,Customer 401,Thanjavur,2026-08-17,135,2,2352.7200000000003,Male,55,4,1,1,6,411,New Customers
CUST00402,Customer 402,Chennai,2026-05-03,241,3,3465.92,Male,34,3,2,2,7,322,Need Attention
CUST00403,Customer 403,Vellore,2025-06-04,574,2,3887.7700000000004,Other,44,1,1,2,4,112,Lost Customers
CUST00404,Customer 404,Erode,2026-11-17,43,3,4090.22,Other,22,5,2,2,9,522,Potential Loyalists
CUST00405,Customer 405,Bengaluru,2025-05-31,578,2,1832.69,Female,50,1,1,1,3,111,Lost Customers
CUST00406,Customer 406,Trichy,2026-11-03,57,6,8176.65,Female,50,5,5,4,14,554,Champions
CUST00407,Customer 407,Hyderabad,2026-06-19,194,3,1912.3600000000001,Male,64,3,2,1,6,321,Need Attention
CUST00408,Customer 408,Hyderabad,2026-12-19,11,8,11972.58,Female,47,5,5,5,15,555,Champions
CUST00409,Customer 409,Tirunelveli,2026-08-13,139,3,12220.57,Male,48,4,2,5,11,425,Big Spenders
CUST00410,Customer 410,Erode,2026-10-30,61,3,11147.34,Other,24,5,2,5,12,525,Big Spenders
CUST00411,Customer 411,Coimbatore,2026-07-26,157,3,9591.119999999999,Female,22,3,2,4,9,324,Big Spenders
CUST00412,Customer 412,Coimbatore,2025-03-10,660,1,1239.62,Other,27,1,1,1,3,111,Lost Customers
CUST00413,Customer 413,Hyderabad,2025-12-05,390,3,5617.75,Female,57,1,2,3,6,123,Lost Customers
CUST00414,Customer 414,Thanjavur,2026-08-09,143,4,6529.59,Other,63,4,3,3,10,433,Potential Loyalists
CUST00415,Customer 415,Salem,2026-01-24,340,5,14799.619999999999,Other,51,2,4,5,11,245,At Risk
CUST00416,Customer 416,Tirunelveli,2025-05-02,607,2,4703.09,Other,56,1,1,2,4,112,Lost Customers
CUST00417,Customer 417,Hyderabad,2026-05-25,219,3,1635.35,Other,25,3,2,1,6,321,Need Attention
CUST00418,Customer 418,Trichy,2026-04-05,269,1,923.1,Other,64,2,1,1,4,211,Need Attention
CUST00419,Customer 419,Tirunelveli,2025-07-03,545,2,3106.37,Female,32,1,1,1,3,111,Lost Customers
CUST00420,Customer 420,Tirunelveli,2026-03-26,279,3,4647.37,Female,43,2,2,2,6,222,Need Attention
CUST00421,Customer 421,Tirunelveli,2026-06-06,207,3,5052.09,Male,38,3,2,2,7,322,Need Attention
CUST00422,Customer 422,Thanjavur,2026-11-04,56,4,6270.34,Other,34,5,3,3,11,533,Potential Loyalists
CUST00423,Customer 423,Coimbatore,2026-10-20,71,2,9980.130000000001,Other,48,5,1,4,10,514,Big Spenders
CUST00425,Customer 425,Thanjavur,2025-05-09,600,4,6988.57,Other,65,1,3,3,7,133,At Risk
CUST00426,Customer 426,Chennai,2026-10-29,62,5,5208.01,Male,53,5,4,2,11,542,Loyal Customers
CUST00427,Customer 427,Thanjavur,2026-03-06,299,2,4654.97,Other,53,2,1,2,5,212,Need Attention
CUST00428,Customer 428,Thanjavur,2026-08-02,150,5,10263.58,Male,44,4,4,4,12,444,Champions
CUST00429,Customer 429,Pondicherry,2026-12-06,24,5,11414.83,Other,45,5,4,5,14,545,Champions
CUST00431,Customer 431,Vellore,2026-10-05,86,5,8286.42,Male,54,5,4,4,13,544,Champions
CUST00432,Customer 432,Erode,2026-01-28,336,3,6554.68,Male,60,2,2,3,7,223,Need Attention
CUST00433,Customer 433,Vellore,2026-08-06,146,1,4066.6,Male,40,4,1,2,7,412,New Customers
CUST00434,Customer 434,Bengaluru,2025-11-02,423,3,12914.26,Male,35,1,2,5,8,125,Lost Customers
CUST00435,Customer 435,Bengaluru,2026-06-24,189,4,8108.759999999999,Female,53,3,3,4,10,334,Big Spenders
CUST00436,Customer 436,Vellore,2026-09-19,102,7,19893.92,Other,59,4,5,5,14,455,Champions
CUST00437,Customer 437,Pondicherry,2026-10-16,75,3,6312.18,Other,60,5,2,3,10,523,Potential Loyalists
CUST00438,Customer 438,Salem,2026-08-13,139,2,3459.9700000000003,Male,29,4,1,2,7,412,New Customers
CUST00439,Customer 439,Thanjavur,2026-04-01,273,4,4505.71,Female,39,2,3,2,7,232,At Risk
CUST00440,Customer 440,Bengaluru,2026-07-15,168,4,14206.55,Male,27,3,3,5,11,335,Big Spenders
CUST00441,Customer 441,Madurai,2025-07-10,538,2,4426.780000000001,Female,22,1,1,2,4,112,Lost Customers
CUST00442,Customer 442,Coimbatore,2026-04-11,263,2,4153.4400000000005,Other,19,2,1,2,5,212,Need Attention
CUST00443,Customer 443,Tirunelveli,2026-09-28,93,6,7864.02,Other,31,5,5,4,14,554,Champions
CUST00444,Customer 444,Madurai,2026-11-29,31,4,5830.82,Female,39,5,3,3,11,533,Potential Loyalists
CUST00445,Customer 445,Thanjavur,2026-10-13,78,5,7207.14,Female,64,5,4,3,12,543,Loyal Customers
CUST00446,Customer 446,Coimbatore,2026-10-23,68,6,11941.939999999999,Other,56,5,5,5,15,555,Champions
CUST00447,Customer 447,Bengaluru,2026-07-17,166,2,2689.71,Male,28,3,1,1,5,311,Need Attention
CUST00448,Customer 448,Salem,2026-10-27,64,5,10589.029999999999,Other,23,5,4,4,13,544,Champions
CUST00449,Customer 449,Erode,2026-10-21,70,5,10518.27,Other,45,5,4,4,13,544,Champions
CUST00450,Customer 450,Salem,2026-04-20,254,4,11311.380000000001,Female,44,2,3,5,10,235,At Risk
CUST00451,Customer 451,Thanjavur,2025-09-11,475,5,5887.72,Other,25,1,4,3,8,143,At Risk
CUST00452,Customer 452,Hyderabad,2026-05-29,215,3,11456.119999999999,Male,36,3,2,5,10,325,Big Spenders
CUST00453,Customer 453,Vellore,2026-04-27,247,6,15580.35,Other,49,2,5,5,12,255,At Risk
CUST00454,Customer 454,Trichy,2026-08-13,139,3,13415.099999999999,Female,20,4,2,5,11,425,Big Spenders
CUST00455,Customer 455,Chennai,2026-02-18,315,5,12795.72,Other,21,2,4,5,11,245,At Risk
CUST00456,Customer 456,Madurai,2026-07-13,170,4,14053.66,Female,31,3,3,5,11,335,Big Spenders
CUST00457,Customer 457,Thanjavur,2026-10-28,63,4,6104.780000000001,Female,36,5,3,3,11,533,Potential Loyalists
CUST00458,Customer 458,Pondicherry,2026-05-13,231,2,3054.63,Male,49,3,1,1,5,311,Need Attention
CUST00459,Customer 459,Tirunelveli,2026-08-19,133,3,5730.0599999999995,Male,26,4,2,3,9,423,Potential Loyalists
CUST00461,Customer 461,Coimbatore,2026-10-10,81,8,14854.880000000001,Other,40,5,5,5,15,555,Champions
CUST00462,Customer 462,Tirunelveli,2026-05-21,223,3,9446.02,Other,20,3,2,4,9,324,Big Spenders
CUST00463,Customer 463,Thanjavur,2026-06-01,212,7,14652.2,Female,22,3,5,5,13,355,Loyal Customers
CUST00464,Customer 464,Tirunelveli,2026-05-06,238,2,1284.54,Female,54,3,1,1,5,311,Need Attention
CUST00465,Customer 465,Salem,2026-07-03,180,4,9007.24,Other,44,3,3,4,10,334,Big Spenders
CUST00466,Customer 466,Thanjavur,2026-06-11,202,2,5572.14,Female,19,3,1,3,7,313,Need Attention
CUST00467,Customer 467,Pondicherry,2026-11-10,50,3,6995.0,Other,47,5,2,3,10,523,Potential Loyalists
CUST00468,Customer 468,Coimbatore,2026-09-18,103,5,14977.16,Male,45,4,4,5,13,445,Champions
CUST00469,Customer 469,Tirunelveli,2026-07-30,153,5,14202.66,Female,55,4,4,5,13,445,Champions
CUST00470,Customer 470,Salem,2026-07-13,170,4,11756.51,Male,43,3,3,5,11,335,Big Spenders
CUST00471,Customer 471,Thanjavur,2026-06-14,199,2,3563.64,Female,32,3,1,2,6,312,Need Attention
CUST00472,Customer 472,Vellore,2026-04-15,259,5,10209.01,Male,22,2,4,4,10,244,At Risk
CUST00473,Customer 473,Vellore,2025-11-06,419,1,2345.22,Male,51,1,1,1,3,111,Lost Customers
CUST00474,Customer 474,Pondicherry,2026-07-15,168,2,1715.4699999999998,Female,40,3,1,1,5,311,Need Attention
CUST00475,Customer 475,Trichy,2026-08-16,136,2,2341.02,Other,27,4,1,1,6,411,New Customers
CUST00476,Customer 476,Trichy,2025-07-13,535,2,8310.28,Male,34,1,1,4,6,114,Lost Customers
CUST00477,Customer 477,Hyderabad,2026-07-21,162,2,3984.2200000000003,Other,27,3,1,2,6,312,Need Attention
CUST00478,Customer 478,Erode,2026-09-23,98,4,11327.64,Male,58,4,3,5,12,435,Big Spenders
CUST00479,Customer 479,Erode,2026-05-27,217,4,4414.54,Other,55,3,3,2,8,332,Need Attention
CUST00480,Customer 480,Hyderabad,2026-08-08,144,4,7313.01,Other,59,4,3,3,10,433,Potential Loyalists
CUST00481,Customer 481,Thanjavur,2026-10-20,71,5,12479.77,Female,58,5,4,5,14,545,Champions
CUST00482,Customer 482,Erode,2026-09-23,98,1,1309.96,Female,22,4,1,1,6,411,New Customers
CUST00483,Customer 483,Salem,2026-09-03,118,4,8300.269999999999,Other,37,4,3,4,11,434,Big Spenders
CUST00484,Customer 484,Vellore,2025-10-23,433,3,6342.66,Male,40,1,2,3,6,123,Lost Customers
CUST00485,Customer 485,Erode,2026-09-13,108,7,11289.470000000001,Female,47,4,5,5,14,455,Champions
CUST00486,Customer 486,Salem,2026-08-01,151,1,431.07,Male,41,4,1,1,6,411,New Customers
CUST00487,Customer 487,Bengaluru,2026-09-27,94,4,6568.5599999999995,Other,23,5,3,3,11,533,Potential Loyalists
CUST00488,Customer 488,Erode,2026-11-07,53,2,9506.67,Other,42,5,1,4,10,514,Big Spenders
CUST00489,Customer 489,Chennai,2026-01-19,345,4,5538.18,Other,65,2,3,3,8,233,At Risk
CUST00490,Customer 490,Trichy,2026-02-08,325,5,7488.48,Other,59,2,4,3,9,243,At Risk
CUST00491,Customer 491,Vellore,2026-01-21,343,4,9391.83,Other,48,2,3,4,9,234,At Risk
CUST00493,Customer 493,Coimbatore,2026-06-07,206,3,4617.04,Female,63,3,2,2,7,322,Need Attention
CUST00494,Customer 494,Chennai,2026-06-15,198,3,3105.91,Other,29,3,2,1,6,321,Need Attention
CUST00495,Customer 495,Erode,2026-07-11,172,3,8672.95,Other,46,3,2,4,9,324,Big Spenders
CUST00496,Customer 496,Madurai,2026-02-18,315,3,11370.029999999999,Other,57,2,2,5,9,225,Need Attention
CUST00497,Customer 497,Tirunelveli,2026-08-18,134,6,11630.19,Female,36,4,5,5,14,455,Champions
CUST00498,Customer 498,Bengaluru,2026-10-03,88,6,8926.29,Female,61,5,5,4,14,554,Champions
CUST00499,Customer 499,Thanjavur,2026-07-12,171,5,9868.68,Other,59,3,4,4,11,344,Loyal Customers
CUST00500,Customer 500,Vellore,2026-07-14,169,5,11717.38,Female,24,3,4,5,12,345,Loyal Customers
CUST00501,Customer 501,Salem,2026-01-16,348,6,12967.189999999999,Female,36,2,5,5,12,255,At Risk
CUST00502,Customer 502,Madurai,2026-11-26,34,3,7870.42,Other,56,5,2,4,11,524,Big Spenders
CUST00504,Customer 504,Hyderabad,2026-03-29,276,3,3860.68,Female,37,2,2,2,6,222,Need Attention
CUST00505,Customer 505,Madurai,2025-08-22,495,1,3690.75,Other,43,1,1,2,4,112,Lost Customers
CUST00506,Customer 506,Salem,2026-08-31,121,5,8070.05,Other,23,4,4,4,12,444,Champions
CUST00507,Customer 507,Thanjavur,2026-06-09,204,3,4251.82,Female,59,3,2,2,7,322,Need Attention
CUST00508,Customer 508,Pondicherry,2026-11-15,45,2,3625.78,Male,60,5,1,2,8,512,New Customers
CUST00509,Customer 509,Vellore,2025-12-28,367,4,6549.78,Other,61,2,3,3,8,233,At Risk
CUST00510,Customer 510,Tirunelveli,2026-10-29,62,1,3578.64,Other,60,5,1,2,8,512,New Customers
CUST00511,Customer 511,Thanjavur,2026-06-05,208,4,5597.39,Female,19,3,3,3,9,333,Need Attention
CUST00512,Customer 512,Thanjavur,2026-03-23,282,3,11729.830000000002,Male,31,2,2,5,9,225,Need Attention
CUST00513,Customer 513,Trichy,2026-10-04,87,4,8138.49,Female,30,5,3,4,12,534,Big Spenders
CUST00514,Customer 514,Salem,2025-05-12,597,2,5848.139999999999,Male,22,1,1,3,5,113,Lost Customers
CUST00515,Customer 515,Vellore,2026-07-16,167,3,11311.61,Male,50,3,2,5,10,325,Big Spenders
CUST00516,Customer 516,Chennai,2026-10-01,90,3,6817.14,Other,51,5,2,3,10,523,Potential Loyalists
CUST00517,Customer 517,Madurai,2026-05-20,224,5,7713.71,Female,57,3,4,3,10,343,Loyal Customers
CUST00518,Customer 518,Madurai,2026-11-01,59,2,2605.7799999999997,Female,27,5,1,1,7,511,New Customers
CUST00519,Customer 519,Madurai,2026-10-10,81,5,14228.24,Other,57,5,4,5,14,545,Champions
CUST00520,Customer 520,Tirunelveli,2025-12-02,393,4,4110.42,Female,20,1,3,2,6,132,At Risk
CUST00521,Customer 521,Trichy,2026-10-25,66,1,3372.33,Other,64,5,1,2,8,512,New Customers
CUST00522,Customer 522,Pondicherry,2026-06-22,191,1,1898.12,Other,36,3,1,1,5,311,Need Attention
CUST00523,Customer 523,Vellore,2026-08-27,125,2,7214.36,Female,32,4,1,3,8,413,New Customers
CUST00524,Customer 524,Trichy,2026-03-26,279,3,2795.15,Female,48,2,2,1,5,221,Need Attention
CUST00525,Customer 525,Erode,2025-08-05,512,4,10433.75,Other,54,1,3,4,8,134,At Risk
CUST00526,Customer 526,Vellore,2026-10-30,61,5,6241.4400000000005,Female,42,5,4,3,12,543,Loyal Customers
CUST00527,Customer 527,Trichy,2026-09-16,105,1,801.16,Female,28,4,1,1,6,411,New Customers
CUST00528,Customer 528,Salem,2026-09-29,92,6,18003.45,Other,26,5,5,5,15,555,Champions
CUST00529,Customer 529,Thanjavur,2025-06-29,549,6,7183.04,Other,48,1,5,3,9,153,At Risk
CUST00530,Customer 530,Vellore,2025-10-25,431,6,11677.19,Male,63,1,5,5,11,155,At Risk
CUST00531,Customer 531,Coimbatore,2026-07-12,171,5,9901.67,Male,36,3,4,4,11,344,Loyal Customers
CUST00532,Customer 532,Erode,2026-09-09,112,4,5574.83,Male,35,4,3,3,10,433,Potential Loyalists
CUST00533,Customer 533,Coimbatore,2026-08-31,121,3,7868.120000000001,Male,45,4,2,4,10,424,Big Spenders
CUST00534,Customer 534,Chennai,2024-12-08,752,1,1122.17,Female,40,1,1,1,3,111,Lost Customers
CUST00535,Customer 535,Vellore,2025-06-21,557,1,950.48,Male,43,1,1,1,3,111,Lost Customers
CUST00536,Customer 536,Coimbatore,2025-11-24,401,5,8978.72,Male,42,1,4,4,9,144,At Risk
CUST00537,Customer 537,Thanjavur,2026-05-26,218,2,3447.61,Male,19,3,1,2,6,312,Need Attention
CUST00538,Customer 538,Thanjavur,2026-12-09,21,3,7984.4800000000005,Other,59,5,2,4,11,524,Big Spenders
CUST00539,Customer 539,Chennai,2025-09-26,460,4,8939.59,Male,26,1,3,4,8,134,At Risk
CUST00540,Customer 540,Madurai,2026-01-21,343,3,7801.82,Female,62,2,2,3,7,223,Need Attention
CUST00542,Customer 542,Chennai,2026-05-08,236,2,7457.58,Male,23,3,1,3,7,313,Need Attention
CUST00543,Customer 543,Vellore,2026-09-17,104,5,9196.64,Male,27,4,4,4,12,444,Champions
CUST00544,Customer 544,Tirunelveli,2026-05-27,217,6,16673.16,Other,51,3,5,5,13,355,Loyal Customers
CUST00545,Customer 545,Salem,2025-12-28,367,4,10787.32,Female,33,2,3,4,9,234,At Risk
CUST00546,Customer 546,Tirunelveli,2026-10-20,71,3,5767.0,Male,33,5,2,3,10,523,Potential Loyalists
CUST00547,Customer 547,Coimbatore,2025-12-18,377,4,10969.46,Other,47,2,3,5,10,235,At Risk
CUST00548,Customer 548,Vellore,2026-06-15,198,2,2807.34,Female,56,3,1,1,5,311,Need Attention
CUST00549,Customer 549,Bengaluru,2025-04-17,622,2,5148.610000000001,Other,50,1,1,2,4,112,Lost Customers
CUST00550,Customer 550,Salem,2026-10-27,64,4,5143.77,Other,27,5,3,2,10,532,Potential Loyalists
CUST00551,Customer 551,Thanjavur,2026-10-04,87,2,7007.81,Male,57,5,1,3,9,513,New Customers
CUST00552,Customer 552,Madurai,2025-12-31,364,2,4409.1,Other,44,2,1,2,5,212,Need Attention
CUST00553,Customer 553,Vellore,2026-12-25,5,6,11976.02,Other,23,5,5,5,15,555,Champions
CUST00554,Customer 554,Vellore,2026-10-15,76,4,16498.2,Male,51,5,3,5,13,535,Big Spenders
CUST00555,Customer 555,Chennai,2026-08-01,151,4,10969.98,Other,53,4,3,5,12,435,Big Spenders
CUST00556,Customer 556,Hyderabad,2025-10-16,440,2,9991.73,Female,20,1,1,4,6,114,Lost Customers
CUST00557,Customer 557,Pondicherry,2025-08-17,500,1,2448.88,Female,34,1,1,1,3,111,Lost Customers
CUST00558,Customer 558,Thanjavur,2026-08-07,145,3,6799.4,Female,22,4,2,3,9,423,Potential Loyalists
CUST00559,Customer 559,Hyderabad,2025-12-08,387,1,1558.16,Other,60,1,1,1,3,111,Lost Customers
CUST00560,Customer 560,Thanjavur,2026-10-14,77,7,11595.76,Other,65,5,5,5,15,555,Champions
CUST00561,Customer 561,Vellore,2026-09-09,112,5,10438.32,Male,40,4,4,4,12,444,Champions
CUST00562,Customer 562,Hyderabad,2026-06-17,196,5,9903.02,Other,29,3,4,4,11,344,Loyal Customers
CUST00563,Customer 563,Hyderabad,2025-03-20,650,2,2699.8999999999996,Other,48,1,1,1,3,111,Lost Customers
CUST00564,Customer 564,Pondicherry,2026-09-21,100,3,4640.8099999999995,Male,22,4,2,2,8,422,Potential Loyalists
CUST00565,Customer 565,Salem,2025-06-20,558,2,2391.38,Female,20,1,1,1,3,111,Lost Customers
CUST00566,Customer 566,Chennai,2025-06-22,556,1,1375.6,Male,30,1,1,1,3,111,Lost Customers
CUST00567,Customer 567,Tirunelveli,2026-10-12,79,6,16302.04,Female,50,5,5,5,15,555,Champions
CUST00568,Customer 568,Salem,2026-06-27,186,4,4920.219999999999,Other,48,3,3,2,8,332,Need Attention
CUST00569,Customer 569,Salem,2025-05-05,604,4,12818.529999999999,Other,30,1,3,5,9,135,At Risk
CUST00570,Customer 570,Thanjavur,2025-09-06,480,2,6455.79,Male,59,1,1,3,5,113,Lost Customers
CUST00571,Customer 571,Tirunelveli,2026-11-13,47,8,19771.32,Male,41,5,5,5,15,555,Champions
CUST00572,Customer 572,Tirunelveli,2026-06-16,197,4,5334.62,Other,46,3,3,2,8,332,Need Attention
CUST00573,Customer 573,Pondicherry,2026-09-09,112,7,10330.01,Male,49,4,5,4,13,454,Champions
CUST00574,Customer 574,Salem,2026-03-31,274,3,8212.470000000001,Female,51,2,2,4,8,224,Need Attention
CUST00575,Customer 575,Tirunelveli,2026-06-23,190,7,9776.03,Male,64,3,5,4,12,354,Loyal Customers
CUST00576,Customer 576,Madurai,2025-07-09,539,2,3499.04,Female,56,1,1,2,4,112,Lost Customers
CUST00577,Customer 577,Coimbatore,2025-09-16,470,2,4789.610000000001,Female,38,1,1,2,4,112,Lost Customers
CUST00578,Customer 578,Salem,2026-05-28,216,2,3682.53,Female,60,3,1,2,6,312,Need Attention
CUST00579,Customer 579,Pondicherry,2026-09-04,117,3,2814.54,Female,56,4,2,1,7,421,New Customers
CUST00580,Customer 580,Erode,2025-06-02,576,1,3579.36,Male,62,1,1,2,4,112,Lost Customers
CUST00581,Customer 581,Pondicherry,2026-08-04,148,3,5761.99,Female,20,4,2,3,9,423,Potential Loyalists
CUST00582,Customer 582,Tirunelveli,2026-10-07,84,4,10561.94,Female,57,5,3,4,12,534,Big Spenders
CUST00583,Customer 583,Coimbatore,2026-07-11,172,1,5588.9,Other,21,3,1,3,7,313,Need Attention
CUST00584,Customer 584,Thanjavur,2026-10-02,89,4,12001.2,Other,43,5,3,5,13,535,Big Spenders
CUST00585,Customer 585,Madurai,2025-02-02,696,2,1648.2800000000002,Other,61,1,1,1,3,111,Lost Customers
CUST00586,Customer 586,Hyderabad,2026-09-04,117,3,6653.339999999999,Male,56,4,2,3,9,423,Potential Loyalists
CUST00587,Customer 587,Madurai,2026-11-05,55,4,5506.57,Female,20,5,3,3,11,533,Potential Loyalists
CUST00588,Customer 588,Thanjavur,2025-06-13,565,2,3562.92,Male,59,1,1,2,4,112,Lost Customers
CUST00589,Customer 589,Chennai,2026-05-10,234,2,6131.06,Female,54,3,1,3,7,313,Need Attention
CUST00590,Customer 590,Erode,2026-04-12,262,3,7401.709999999999,Male,61,2,2,3,7,223,Need Attention
CUST00591,Customer 591,Coimbatore,2026-07-03,180,3,3033.08,Female,46,3,2,1,6,321,Need Attention
CUST00592,Customer 592,Thanjavur,2026-05-06,238,3,2331.75,Male,51,3,2,1,6,321,Need Attention
CUST00593,Customer 593,Salem,2026-10-02,89,5,9556.32,Female,59,5,4,4,13,544,Champions
CUST00594,Customer 594,Pondicherry,2026-11-15,45,3,6239.29,Male,19,5,2,3,10,523,Potential Loyalists
CUST00595,Customer 595,Tirunelveli,2024-12-27,733,1,923.52,Female,51,1,1,1,3,111,Lost Customers
CUST00596,Customer 596,Salem,2026-01-23,341,2,9461.58,Male,34,2,1,4,7,214,Need Attention
CUST00597,Customer 597,Bengaluru,2026-07-28,155,5,6329.879999999999,Female,31,3,4,3,10,343,Loyal Customers
CUST00598,Customer 598,Trichy,2026-01-06,358,2,8702.91,Other,49,2,1,4,7,214,Need Attention
CUST00599,Customer 599,Erode,2026-05-19,225,4,12443.09,Male,22,3,3,5,11,335,Big Spenders
CUST00600,Customer 600,Coimbatore,2026-02-11,322,2,6767.35,Other,46,2,1,3,6,213,Need Attention
CUST00601,Customer 601,Hyderabad,2026-08-12,140,2,3863.0099999999998,Other,38,4,1,2,7,412,New Customers
CUST00602,Customer 602,Vellore,2026-07-12,171,1,442.44,Other,22,3,1,1,5,311,Need Attention
CUST00604,Customer 604,Hyderabad,2026-06-24,189,5,10774.23,Other,62,3,4,4,11,344,Loyal Customers
CUST00605,Customer 605,Trichy,2026-03-10,295,2,2228.64,Female,50,2,1,1,4,211,Need Attention
CUST00606,Customer 606,Trichy,2026-07-29,154,4,5912.73,Male,26,3,3,3,9,333,Need Attention
CUST00607,Customer 607,Thanjavur,2026-07-18,165,3,5925.74,Female,19,3,2,3,8,323,Need Attention
CUST00608,Customer 608,Erode,2026-10-05,86,3,4291.1,Other,41,5,2,2,9,522,Potential Loyalists
CUST00610,Customer 610,Tirunelveli,2026-05-11,233,5,7539.42,Male,37,3,4,3,10,343,Loyal Customers
CUST00611,Customer 611,Vellore,2026-07-13,170,6,11585.02,Other,48,3,5,5,13,355,Loyal Customers
CUST00612,Customer 612,Coimbatore,2026-07-11,172,2,6361.33,Female,54,3,1,3,7,313,Need Attention
CUST00613,Customer 613,Coimbatore,2026-09-28,93,4,18195.71,Female,59,5,3,5,13,535,Big Spenders
CUST00614,Customer 614,Vellore,2026-05-08,236,2,3523.1600000000003,Female,61,3,1,2,6,312,Need Attention
CUST00615,Customer 615,Hyderabad,2025-12-12,383,5,5001.01,Male,53,1,4,2,7,142,At Risk
CUST00616,Customer 616,Tirunelveli,2026-04-17,257,2,12057.119999999999,Male,26,2,1,5,8,215,Need Attention
CUST00617,Customer 617,Vellore,2025-04-25,614,1,1529.67,Male,25,1,1,1,3,111,Lost Customers
CUST00618,Customer 618,Madurai,2026-05-04,240,3,3108.09,Female,28,3,2,1,6,321,Need Attention
CUST00619,Customer 619,Thanjavur,2026-11-17,43,3,8051.549999999999,Other,32,5,2,4,11,524,Big Spenders
CUST00620,Customer 620,Salem,2026-10-13,78,4,10456.82,Female,23,5,3,4,12,534,Big Spenders
CUST00621,Customer 621,Salem,2026-11-23,37,4,9783.81,Other,53,5,3,4,12,534,Big Spenders
CUST00622,Customer 622,Bengaluru,2026-07-21,162,2,6625.51,Other,37,3,1,3,7,313,Need Attention
CUST00623,Customer 623,Hyderabad,2026-07-02,181,3,5308.01,Male,50,3,2,2,7,322,Need Attention
CUST00624,Customer 624,Madurai,2026-08-03,149,3,1829.07,Other,55,4,2,1,7,421,New Customers
CUST00625,Customer 625,Pondicherry,2026-03-04,301,4,8135.17,Other,57,2,3,4,9,234,At Risk
CUST00626,Customer 626,Chennai,2026-11-25,35,3,3978.14,Female,54,5,2,2,9,522,Potential Loyalists
CUST00627,Customer 627,Chennai,2025-11-10,415,3,8851.029999999999,Male,23,1,2,4,7,124,Lost Customers
CUST00628,Customer 628,Hyderabad,2026-05-01,243,5,12095.75,Other,34,3,4,5,12,345,Loyal Customers
CUST00629,Customer 629,Bengaluru,2025-12-04,391,1,730.5,Other,44,1,1,1,3,111,Lost Customers
CUST00630,Customer 630,Hyderabad,2026-10-24,67,6,7589.1,Male,49,5,5,3,13,553,Loyal Customers
CUST00631,Customer 631,Salem,2025-08-02,515,3,10496.22,Female,59,1,2,4,7,124,Lost Customers
CUST00633,Customer 633,Pondicherry,2025-05-24,585,2,3618.12,Female,22,1,1,2,4,112,Lost Customers
CUST00634,Customer 634,Tirunelveli,2026-08-12,140,4,6922.77,Male,46,4,3,3,10,433,Potential Loyalists
CUST00635,Customer 635,Thanjavur,2026-01-23,341,2,9140.84,Female,31,2,1,4,7,214,Need Attention
CUST00636,Customer 636,Pondicherry,2026-09-30,91,6,15501.8,Male,38,5,5,5,15,555,Champions
CUST00637,Customer 637,Tirunelveli,2026-04-13,261,2,5997.54,Other,40,2,1,3,6,213,Need Attention
CUST00638,Customer 638,Vellore,2025-12-04,391,3,9749.35,Female,50,1,2,4,7,124,Lost Customers
CUST00639,Customer 639,Erode,2026-09-24,97,3,2210.18,Female,33,4,2,1,7,421,New Customers
CUST00640,Customer 640,Trichy,2025-08-06,511,4,14596.4,Female,46,1,3,5,9,135,At Risk
CUST00641,Customer 641,Salem,2026-08-24,128,2,1784.96,Male,21,4,1,1,6,411,New Customers
CUST00642,Customer 642,Trichy,2026-08-29,123,4,8570.48,Other,44,4,3,4,11,434,Big Spenders
CUST00643,Customer 643,Bengaluru,2026-07-15,168,3,4918.68,Male,38,3,2,2,7,322,Need Attention
CUST00644,Customer 644,Madurai,2025-08-04,513,4,6013.3,Female,30,1,3,3,7,133,At Risk
CUST00645,Customer 645,Erode,2026-08-07,145,4,7683.47,Other,47,4,3,3,10,433,Potential Loyalists
CUST00646,Customer 646,Chennai,2026-10-23,68,4,10587.51,Female,49,5,3,4,12,534,Big Spenders
CUST00647,Customer 647,Erode,2026-03-08,297,4,9482.699999999999,Female,50,2,3,4,9,234,At Risk
CUST00648,Customer 648,Thanjavur,2026-03-15,290,5,8968.07,Male,55,2,4,4,10,244,At Risk
CUST00649,Customer 649,Erode,2026-02-25,308,3,8653.52,Male,36,2,2,4,8,224,Need Attention
CUST00650,Customer 650,Erode,2026-09-22,99,8,12168.68,Other,61,4,5,5,14,455,Champions
CUST00651,Customer 651,Coimbatore,2026-08-28,124,3,11804.83,Other,18,4,2,5,11,425,Big Spenders
CUST00652,Customer 652,Pondicherry,2026-10-02,89,4,10715.830000000002,Male,34,5,3,4,12,534,Big Spenders
CUST00653,Customer 653,Chennai,2025-07-30,518,1,1423.98,Female,41,1,1,1,3,111,Lost Customers
CUST00654,Customer 654,Vellore,2026-09-03,118,3,6337.27,Male,54,4,2,3,9,423,Potential Loyalists
CUST00655,Customer 655,Salem,2026-01-04,360,3,8855.34,Female,53,2,2,4,8,224,Need Attention
CUST00656,Customer 656,Erode,2026-09-20,101,5,10677.01,Female,50,4,4,4,12,444,Champions
CUST00657,Customer 657,Bengaluru,2026-06-19,194,3,6231.41,Other,35,3,2,3,8,323,Need Attention
CUST00658,Customer 658,Madurai,2025-12-09,386,3,8947.210000000001,Other,25,1,2,4,7,124,Lost Customers
CUST00659,Customer 659,Thanjavur,2026-08-04,148,4,10629.01,Female,41,4,3,4,11,434,Big Spenders
CUST00660,Customer 660,Trichy,2026-04-28,246,4,7010.67,Female,27,2,3,3,8,233,At Risk
CUST00661,Customer 661,Vellore,2025-07-08,540,2,5230.139999999999,Other,43,1,1,2,4,112,Lost Customers
CUST00662,Customer 662,Madurai,2026-09-07,114,3,6010.46,Male,20,4,2,3,9,423,Potential Loyalists
CUST00663,Customer 663,Vellore,2026-10-30,61,3,2448.3,Female,48,5,2,1,8,521,New Customers
CUST00664,Customer 664,Vellore,2026-12-15,15,7,12665.93,Male,56,5,5,5,15,555,Champions
CUST00665,Customer 665,Thanjavur,2026-01-05,359,2,4402.94,Female,57,2,1,2,5,212,Need Attention
CUST00666,Customer 666,Pondicherry,2025-09-02,484,1,860.96,Female,57,1,1,1,3,111,Lost Customers
CUST00668,Customer 668,Erode,2026-08-02,150,3,3170.12,Other,52,4,2,1,7,421,New Customers
CUST00669,Customer 669,Erode,2026-08-11,141,5,8854.98,Other,37,4,4,4,12,444,Champions
CUST00670,Customer 670,Thanjavur,2026-10-08,83,5,9226.19,Male,41,5,4,4,13,544,Champions
CUST00671,Customer 671,Bengaluru,2025-09-10,476,3,9452.23,Male,44,1,2,4,7,124,Lost Customers
CUST00672,Customer 672,Hyderabad,2026-07-19,164,2,6839.65,Other,62,3,1,3,7,313,Need Attention
CUST00673,Customer 673,Salem,2026-03-30,275,3,5719.210000000001,Other,48,2,2,3,7,223,Need Attention
CUST00674,Customer 674,Trichy,2026-08-25,127,3,3524.16,Other,54,4,2,2,8,422,Potential Loyalists
CUST00675,Customer 675,Erode,2026-09-11,110,4,12387.61,Male,55,4,3,5,12,435,Big Spenders
CUST00676,Customer 676,Pondicherry,2026-08-14,138,4,18107.2,Other,58,4,3,5,12,435,Big Spenders
CUST00677,Customer 677,Hyderabad,2026-09-27,94,6,7776.6,Female,27,5,5,3,13,553,Loyal Customers
CUST00678,Customer 678,Pondicherry,2026-07-26,157,3,7786.889999999999,Male,54,3,2,3,8,323,Need Attention
CUST00679,Customer 679,Erode,2026-06-29,184,4,5997.27,Male,19,3,3,3,9,333,Need Attention
CUST00680,Customer 680,Tirunelveli,2026-08-21,131,5,10543.6,Female,27,4,4,4,12,444,Champions
CUST00682,Customer 682,Pondicherry,2026-08-10,142,7,20220.76,Other,48,4,5,5,14,455,Champions
CUST00683,Customer 683,Madurai,2026-05-01,243,3,3087.3700000000003,Male,63,3,2,1,6,321,Need Attention
CUST00684,Customer 684,Thanjavur,2026-01-19,345,4,6900.9800000000005,Male,53,2,3,3,8,233,At Risk
CUST00685,Customer 685,Tirunelveli,2026-08-31,121,3,3741.3999999999996,Female,51,4,2,2,8,422,Potential Loyalists
CUST00686,Customer 686,Vellore,2026-08-02,150,6,11368.17,Male,47,4,5,5,14,455,Champions
CUST00687,Customer 687,Hyderabad,2025-11-15,410,3,6136.62,Other,40,1,2,3,6,123,Lost Customers
CUST00688,Customer 688,Hyderabad,2025-10-26,430,2,9883.960000000001,Other,61,1,1,4,6,114,Lost Customers
CUST00689,Customer 689,Bengaluru,2025-09-14,472,1,5082.84,Other,34,1,1,2,4,112,Lost Customers
CUST00690,Customer 690,Salem,2026-05-03,241,2,4687.12,Male,33,3,1,2,6,312,Need Attention
CUST00691,Customer 691,Salem,2026-05-19,225,2,2221.17,Female,32,3,1,1,5,311,Need Attention
CUST00692,Customer 692,Trichy,2026-06-26,187,2,6020.25,Female,63,3,1,3,7,313,Need Attention
CUST00693,Customer 693,Thanjavur,2026-01-11,353,3,4790.42,Other,49,2,2,2,6,222,Need Attention
CUST00694,Customer 694,Pondicherry,2025-01-23,706,1,1283.48,Female,53,1,1,1,3,111,Lost Customers
CUST00695,Customer 695,Bengaluru,2025-06-30,548,3,7847.6,Female,25,1,2,4,7,124,Lost Customers
CUST00696,Customer 696,Tirunelveli,2025-12-15,380,2,3523.9700000000003,Other,42,2,1,2,5,212,Need Attention
CUST00697,Customer 697,Salem,2026-09-27,94,1,887.1,Female,27,5,1,1,7,511,New Customers
CUST00698,Customer 698,Coimbatore,2025-07-13,535,4,14373.9,Female,63,1,3,5,9,135,At Risk
CUST00699,Customer 699,Salem,2026-07-16,167,6,17927.44,Female,59,3,5,5,13,355,Loyal Customers
CUST00700,Customer 700,Trichy,2026-10-30,61,3,4568.7300000000005,Female,31,5,2,2,9,522,Potential Loyalists
CUST00701,Customer 701,Vellore,2026-10-22,69,8,18818.48,Other,35,5,5,5,15,555,Champions
CUST00702,Customer 702,Coimbatore,2026-02-01,332,1,1382.46,Female,26,2,1,1,4,211,Need Attention
CUST00703,Customer 703,Trichy,2026-02-25,308,1,408.05,Other,55,2,1,1,4,211,Need Attention
CUST00704,Customer 704,Vellore,2026-02-19,314,3,7668.32,Male,60,2,2,3,7,223,Need Attention
CUST00705,Customer 705,Chennai,2026-06-20,193,5,4747.860000000001,Other,32,3,4,2,9,342,Loyal Customers
CUST00706,Customer 706,Pondicherry,2026-06-29,184,6,19129.32,Female,39,3,5,5,13,355,Loyal Customers
CUST00707,Customer 707,Madurai,2026-08-22,130,2,5899.53,Male,61,4,1,3,8,413,New Customers
CUST00708,Customer 708,Tirunelveli,2026-06-11,202,3,5691.96,Other,28,3,2,3,8,323,Need Attention
CUST00709,Customer 709,Hyderabad,2026-07-02,181,4,6674.94,Female,48,3,3,3,9,333,Need Attention
CUST00710,Customer 710,Salem,2025-12-23,372,2,3535.4500000000003,Female,38,2,1,2,5,212,Need Attention
CUST00711,Customer 711,Hyderabad,2026-10-09,82,4,9651.02,Male,23,5,3,4,12,534,Big Spenders
CUST00712,Customer 712,Pondicherry,2026-05-20,224,3,8859.64,Male,52,3,2,4,9,324,Big Spenders
CUST00713,Customer 713,Tirunelveli,2026-03-13,292,1,1889.56,Male,29,2,1,1,4,211,Need Attention
CUST00714,Customer 714,Tirunelveli,2025-11-20,405,2,6320.61,Male,20,1,1,3,5,113,Lost Customers
CUST00715,Customer 715,Pondicherry,2026-09-13,108,3,9233.68,Female,29,4,2,4,10,424,Big Spenders
CUST00716,Customer 716,Chennai,2026-08-15,137,3,2571.83,Female,20,4,2,1,7,421,New Customers
CUST00717,Customer 717,Coimbatore,2026-11-27,33,3,4700.38,Other,56,5,2,2,9,522,Potential Loyalists
CUST00718,Customer 718,Hyderabad,2026-04-19,255,4,4967.32,Female,47,2,3,2,7,232,At Risk
CUST00719,Customer 719,Madurai,2026-03-07,298,3,4097.64,Other,49,2,2,2,6,222,Need Attention
CUST00720,Customer 720,Salem,2025-11-27,398,3,7817.3,Other,47,1,2,4,7,124,Lost Customers
CUST00721,Customer 721,Madurai,2026-03-29,276,1,1408.17,Male,39,2,1,1,4,211,Need Attention
CUST00722,Customer 722,Salem,2026-06-21,192,5,6100.28,Female,59,3,4,3,10,343,Loyal Customers
CUST00723,Customer 723,Pondicherry,2026-10-03,88,4,9956.32,Male,18,5,3,4,12,534,Big Spenders
CUST00724,Customer 724,Hyderabad,2026-07-09,174,3,9066.14,Female,54,3,2,4,9,324,Big Spenders
CUST00725,Customer 725,Bengaluru,2026-05-30,214,4,13675.03,Male,29,3,3,5,11,335,Big Spenders
CUST00726,Customer 726,Tirunelveli,2026-04-19,255,3,3935.9100000000003,Other,43,2,2,2,6,222,Need Attention
CUST00727,Customer 727,Tirunelveli,2026-06-13,200,8,18404.7,Female,23,3,5,5,13,355,Loyal Customers
CUST00728,Customer 728,Madurai,2026-07-14,169,4,16007.32,Male,29,3,3,5,11,335,Big Spenders
CUST00729,Customer 729,Chennai,2026-10-20,71,8,25622.309999999998,Female,33,5,5,5,15,555,Champions
CUST00731,Customer 731,Salem,2026-05-28,216,2,4363.92,Female,39,3,1,2,6,312,Need Attention
CUST00732,Customer 732,Chennai,2026-07-22,161,6,19806.21,Other,54,3,5,5,13,355,Loyal Customers
CUST00734,Customer 734,Coimbatore,2026-04-20,254,4,10917.24,Male,60,2,3,4,9,234,At Risk
CUST00735,Customer 735,Tirunelveli,2025-08-19,498,2,1967.35,Female,28,1,1,1,3,111,Lost Customers
CUST00736,Customer 736,Salem,2026-08-25,127,4,10368.19,Other,63,4,3,4,11,434,Big Spenders
CUST00737,Customer 737,Salem,2026-01-11,353,5,9063.92,Male,58,2,4,4,10,244,At Risk
CUST00738,Customer 738,Trichy,2025-05-26,583,4,8827.02,Other,32,1,3,4,8,134,At Risk
CUST00739,Customer 739,Erode,2026-10-06,85,4,9375.25,Female,27,5,3,4,12,534,Big Spenders
CUST00740,Customer 740,Tirunelveli,2026-07-11,172,4,11675.41,Other,41,3,3,5,11,335,Big Spenders
CUST00742,Customer 742,Trichy,2026-08-25,127,6,13812.869999999999,Other,31,4,5,5,14,455,Champions
CUST00743,Customer 743,Vellore,2026-04-06,268,4,5357.6,Other,23,2,3,2,7,232,At Risk
CUST00744,Customer 744,Thanjavur,2026-01-28,336,2,3485.9,Other,63,2,1,2,5,212,Need Attention
CUST00746,Customer 746,Trichy,2025-04-22,617,2,3225.88,Other,50,1,1,2,4,112,Lost Customers
CUST00747,Customer 747,Madurai,2025-07-18,530,3,6701.6900000000005,Other,27,1,2,3,6,123,Lost Customers
CUST00748,Customer 748,Coimbatore,2025-09-19,467,2,5329.4400000000005,Other,46,1,1,2,4,112,Lost Customers
CUST00749,Customer 749,Bengaluru,2026-08-16,136,3,7356.96,Male,63,4,2,3,9,423,Potential Loyalists
CUST00750,Customer 750,Erode,2024-11-24,766,1,4347.84,Male,50,1,1,2,4,112,Lost Customers
CUST00751,Customer 751,Madurai,2026-05-22,222,5,10655.1,Male,47,3,4,4,11,344,Loyal Customers
CUST00752,Customer 752,Bengaluru,2025-10-24,432,6,11818.48,Female,47,1,5,5,11,155,At Risk
CUST00754,Customer 754,Chennai,2026-06-01,212,4,5882.370000000001,Female,64,3,3,3,9,333,Need Attention
CUST00755,Customer 755,Pondicherry,2026-07-20,163,4,6647.77,Female,18,3,3,3,9,333,Need Attention
CUST00756,Customer 756,Chennai,2026-07-22,161,4,10253.14,Other,22,3,3,4,10,334,Big Spenders
CUST00757,Customer 757,Coimbatore,2026-08-29,123,5,15738.199999999999,Female,62,4,4,5,13,445,Champions
CUST00758,Customer 758,Erode,2026-06-23,190,4,5193.0599999999995,Male,22,3,3,2,8,332,Need Attention
CUST00759,Customer 759,Madurai,2025-12-02,393,7,13703.95,Female,44,1,5,5,11,155,At Risk
CUST00760,Customer 760,Pondicherry,2026-11-10,50,4,14216.6,Male,59,5,3,5,13,535,Big Spenders
CUST00761,Customer 761,Tirunelveli,2026-03-19,286,4,17847.09,Female,41,2,3,5,10,235,At Risk
CUST00762,Customer 762,Coimbatore,2025-11-25,400,1,733.49,Female,42,1,1,1,3,111,Lost Customers
CUST00763,Customer 763,Madurai,2025-10-26,430,3,4509.41,Other,52,1,2,2,5,122,Lost Customers
CUST00764,Customer 764,Madurai,2026-10-20,71,2,1903.5100000000002,Female,25,5,1,1,7,511,New Customers
CUST00765,Customer 765,Madurai,2026-08-11,141,7,16867.75,Female,51,4,5,5,14,455,Champions
CUST00766,Customer 766,Chennai,2026-03-02,303,3,4493.71,Male,18,2,2,2,6,222,Need Attention
CUST00767,Customer 767,Pondicherry,2026-11-30,30,4,4965.450000000001,Female,61,5,3,2,10,532,Potential Loyalists
CUST00768,Customer 768,Tirunelveli,2025-09-10,476,1,595.36,Female,52,1,1,1,3,111,Lost Customers
CUST00769,Customer 769,Erode,2026-06-22,191,5,11036.779999999999,Male,33,3,4,5,12,345,Loyal Customers
CUST00770,Customer 770,Trichy,2026-08-24,128,3,14570.560000000001,Male,35,4,2,5,11,425,Big Spenders
CUST00771,Customer 771,Chennai,2026-07-30,153,4,13178.88,Other,25,4,3,5,12,435,Big Spenders
CUST00772,Customer 772,Bengaluru,2026-08-24,128,2,5778.28,Other,44,4,1,3,8,413,New Customers
CUST00773,Customer 773,Trichy,2026-08-07,145,2,5882.8099999999995,Male,33,4,1,3,8,413,New Customers
CUST00774,Customer 774,Chennai,2026-08-17,135,2,3093.68,Male,56,4,1,1,6,411,New Customers
CUST00775,Customer 775,Pondicherry,2026-05-13,231,5,18732.23,Other,61,3,4,5,12,345,Loyal Customers
CUST00776,Customer 776,Pondicherry,2026-03-03,302,1,1515.11,Male,33,2,1,1,4,211,Need Attention
CUST00777,Customer 777,Trichy,2025-06-04,574,2,1898.47,Female,46,1,1,1,3,111,Lost Customers
CUST00778,Customer 778,Madurai,2026-06-23,190,3,7666.75,Male,21,3,2,3,8,323,Need Attention
CUST00779,Customer 779,Pondicherry,2026-12-16,14,3,3712.92,Female,32,5,2,2,9,522,Potential Loyalists
CUST00780,Customer 780,Bengaluru,2026-06-21,192,4,8157.85,Female,54,3,3,4,10,334,Big Spenders
CUST00781,Customer 781,Trichy,2025-09-11,475,4,8808.13,Other,38,1,3,4,8,134,At Risk
CUST00782,Customer 782,Vellore,2026-10-02,89,5,4906.75,Male,60,5,4,2,11,542,Loyal Customers
CUST00783,Customer 783,Salem,2026-09-30,91,5,9978.93,Female,37,5,4,4,13,544,Champions
CUST00784,Customer 784,Pondicherry,2026-08-25,127,3,4546.07,Other,55,4,2,2,8,422,Potential Loyalists
CUST00785,Customer 785,Tirunelveli,2026-02-27,306,3,8537.89,Other,61,2,2,4,8,224,Need Attention
CUST00786,Customer 786,Thanjavur,2026-04-21,253,1,1007.58,Female,21,2,1,1,4,211,Need Attention
CUST00787,Customer 787,Vellore,2025-06-08,570,2,3728.6499999999996,Other,42,1,1,2,4,112,Lost Customers
CUST00788,Customer 788,Tirunelveli,2026-05-20,224,6,11583.69,Other,44,3,5,5,13,355,Loyal Customers
CUST00789,Customer 789,Madurai,2025-08-21,496,2,4217.55,Female,42,1,1,2,4,112,Lost Customers
CUST00790,Customer 790,Trichy,2026-07-11,172,2,2853.3599999999997,Other,48,3,1,1,5,311,Need Attention
CUST00791,Customer 791,Pondicherry,2026-05-31,213,5,10791.01,Male,37,3,4,4,11,344,Loyal Customers
CUST00792,Customer 792,Vellore,2026-02-11,322,1,2195.61,Female,21,2,1,1,4,211,Need Attention
CUST00793,Customer 793,Vellore,2026-10-08,83,6,16685.11,Female,53,5,5,5,15,555,Champions
CUST00794,Customer 794,Salem,2026-11-03,57,2,1054.26,Female,33,5,1,1,7,511,New Customers
CUST00795,Customer 795,Coimbatore,2026-04-09,265,4,10576.74,Female,59,2,3,4,9,234,At Risk
CUST00796,Customer 796,Vellore,2026-07-30,153,3,10687.439999999999,Female,23,4,2,4,10,424,Big Spenders
CUST00797,Customer 797,Salem,2026-10-15,76,3,7643.01,Male,21,5,2,3,10,523,Potential Loyalists
CUST00798,Customer 798,Bengaluru,2026-07-10,173,3,11771.97,Other,56,3,2,5,10,325,Big Spenders
CUST00799,Customer 799,Bengaluru,2026-02-26,307,6,12238.42,Male,30,2,5,5,12,255,At Risk
CUST00800,Customer 800,Trichy,2026-10-10,81,2,6789.31,Other,53,5,1,3,9,513,New Customers
CUST00801,Customer 801,Salem,2026-04-02,272,2,4423.29,Male,39,2,1,2,5,212,Need Attention
CUST00802,Customer 802,Pondicherry,2025-04-15,624,2,9004.759999999998,Male,30,1,1,4,6,114,Lost Customers
CUST00804,Customer 804,Trichy,2026-09-27,94,5,9454.5,Other,63,5,4,4,13,544,Champions
CUST00805,Customer 805,Thanjavur,2026-07-09,174,2,1711.67,Male,53,3,1,1,5,311,Need Attention
CUST00807,Customer 807,Salem,2026-02-02,331,4,11726.16,Other,40,2,3,5,10,235,At Risk
CUST00808,Customer 808,Erode,2026-11-21,39,5,19604.52,Female,50,5,4,5,14,545,Champions
CUST00809,Customer 809,Erode,2025-08-14,503,5,11181.67,Male,64,1,4,5,10,145,At Risk
CUST00810,Customer 810,Thanjavur,2026-07-01,182,2,2168.83,Female,31,3,1,1,5,311,Need Attention
CUST00811,Customer 811,Bengaluru,2026-06-01,212,3,3127.26,Female,20,3,2,1,6,321,Need Attention
CUST00812,Customer 812,Madurai,2026-09-30,91,5,9211.4,Male,65,5,4,4,13,544,Champions
CUST00813,Customer 813,Bengaluru,2026-01-13,351,3,4300.57,Female,53,2,2,2,6,222,Need Attention
CUST00814,Customer 814,Salem,2026-03-26,279,8,18339.64,Other,44,2,5,5,12,255,At Risk
CUST00815,Customer 815,Trichy,2025-06-01,577,1,4565.52,Male,39,1,1,2,4,112,Lost Customers
CUST00816,Customer 816,Erode,2026-08-06,146,4,10961.64,Other,33,4,3,5,12,435,Big Spenders
CUST00817,Customer 817,Thanjavur,2026-08-01,151,1,6840.42,Other,61,4,1,3,8,413,New Customers
CUST00818,Customer 818,Hyderabad,2026-08-31,121,5,12128.06,Female,64,4,4,5,13,445,Champions
CUST00819,Customer 819,Madurai,2025-05-15,594,2,7634.73,Female,47,1,1,3,5,113,Lost Customers
CUST00820,Customer 820,Madurai,2026-05-12,232,5,12927.92,Female,28,3,4,5,12,345,Loyal Customers
CUST00821,Customer 821,Madurai,2026-10-12,79,9,27505.06,Other,49,5,5,5,15,555,Champions
CUST00822,Customer 822,Vellore,2026-03-21,284,3,8843.01,Other,21,2,2,4,8,224,Need Attention
CUST00823,Customer 823,Chennai,2026-04-29,245,4,18995.8,Male,60,3,3,5,11,335,Big Spenders
CUST00824,Customer 824,Madurai,2026-07-09,174,6,8678.0,Male,44,3,5,4,12,354,Loyal Customers
CUST00825,Customer 825,Coimbatore,2025-07-25,523,1,803.25,Other,32,1,1,1,3,111,Lost Customers
CUST00826,Customer 826,Trichy,2026-09-02,119,1,457.53,Male,18,4,1,1,6,411,New Customers
CUST00827,Customer 827,Chennai,2026-06-27,186,2,2391.3599999999997,Female,41,3,1,1,5,311,Need Attention
CUST00828,Customer 828,Bengaluru,2026-08-03,149,3,3114.2799999999997,Other,60,4,2,1,7,421,New Customers
CUST00829,Customer 829,Chennai,2025-12-26,369,5,8854.03,Other,49,2,4,4,10,244,At Risk
CUST00830,Customer 830,Tirunelveli,2026-07-31,152,3,3297.24,Other,53,4,2,2,8,422,Potential Loyalists
CUST00831,Customer 831,Pondicherry,2025-05-13,596,3,5337.68,Male,51,1,2,2,5,122,Lost Customers
CUST00832,Customer 832,Chennai,2025-02-01,697,1,3777.75,Other,36,1,1,2,4,112,Lost Customers
CUST00833,Customer 833,Tirunelveli,2026-07-10,173,2,2266.26,Other,61,3,1,1,5,311,Need Attention
CUST00834,Customer 834,Coimbatore,2025-11-18,407,2,3069.64,Male,24,1,1,1,3,111,Lost Customers
CUST00835,Customer 835,Trichy,2026-11-14,46,4,5766.32,Male,33,5,3,3,11,533,Potential Loyalists
CUST00836,Customer 836,Thanjavur,2025-10-05,451,5,6709.2300000000005,Other,34,1,4,3,8,143,At Risk
CUST00837,Customer 837,Thanjavur,2026-01-17,347,4,10226.91,Female,23,2,3,4,9,234,At Risk
CUST00838,Customer 838,Trichy,2026-05-31,213,3,6769.02,Female,54,3,2,3,8,323,Need Attention
CUST00839,Customer 839,Hyderabad,2026-07-07,176,2,5941.04,Male,37,3,1,3,7,313,Need Attention
CUST00840,Customer 840,Hyderabad,2026-11-10,50,2,2571.63,Male,59,5,1,1,7,511,New Customers
CUST00841,Customer 841,Tirunelveli,2026-11-15,45,7,12915.92,Male,23,5,5,5,15,555,Champions
CUST00842,Customer 842,Erode,2025-02-15,683,1,2320.42,Female,53,1,1,1,3,111,Lost Customers
CUST00843,Customer 843,Pondicherry,2026-08-01,151,3,5183.84,Other,18,4,2,2,8,422,Potential Loyalists
CUST00844,Customer 844,Tirunelveli,2026-09-19,102,4,6636.61,Male,49,4,3,3,10,433,Potential Loyalists
CUST00845,Customer 845,Coimbatore,2026-01-24,340,3,6297.01,Female,54,2,2,3,7,223,Need Attention
CUST00846,Customer 846,Trichy,2026-02-19,314,5,8974.369999999999,Male,32,2,4,4,10,244,At Risk
CUST00847,Customer 847,Erode,2025-08-23,494,3,10929.359999999999,Other,54,1,2,4,7,124,Lost Customers
CUST00848,Customer 848,Hyderabad,2026-09-27,94,4,9335.49,Male,22,5,3,4,12,534,Big Spenders
CUST00849,Customer 849,Hyderabad,2026-05-19,225,2,2783.5299999999997,Other,54,3,1,1,5,311,Need Attention
CUST00850,Customer 850,Chennai,2026-12-08,22,5,15667.619999999999,Male,38,5,4,5,14,545,Champions
CUST00851,Customer 851,Pondicherry,2025-10-02,454,3,6697.01,Other,27,1,2,3,6,123,Lost Customers
CUST00852,Customer 852,Salem,2025-07-11,537,2,8532.33,Female,22,1,1,4,6,114,Lost Customers
CUST00853,Customer 853,Bengaluru,2026-09-29,92,7,13996.66,Other,33,5,5,5,15,555,Champions
CUST00854,Customer 854,Vellore,2026-11-03,57,3,5323.24,Female,61,5,2,2,9,522,Potential Loyalists
CUST00855,Customer 855,Madurai,2026-09-22,99,3,4706.84,Female,65,4,2,2,8,422,Potential Loyalists
CUST00856,Customer 856,Coimbatore,2026-06-17,196,4,7533.110000000001,Other,64,3,3,3,9,333,Need Attention
CUST00857,Customer 857,Chennai,2026-09-11,110,2,7159.429999999999,Other,40,4,1,3,8,413,New Customers
CUST00858,Customer 858,Coimbatore,2025-01-30,699,1,640.17,Female,32,1,1,1,3,111,Lost Customers
CUST00859,Customer 859,Bengaluru,2026-09-10,111,1,1356.01,Other,57,4,1,1,6,411,New Customers
CUST00860,Customer 860,Hyderabad,2026-10-23,68,7,17758.989999999998,Female,19,5,5,5,15,555,Champions
CUST00861,Customer 861,Trichy,2026-10-16,75,3,4376.219999999999,Female,49,5,2,2,9,522,Potential Loyalists
CUST00862,Customer 862,Tirunelveli,2026-11-29,31,5,6744.12,Other,42,5,4,3,12,543,Loyal Customers
CUST00863,Customer 863,Hyderabad,2026-08-31,121,7,16757.06,Other,55,4,5,5,14,455,Champions
CUST00865,Customer 865,Coimbatore,2026-10-20,71,4,6916.700000000001,Male,63,5,3,3,11,533,Potential Loyalists
CUST00866,Customer 866,Tirunelveli,2026-02-28,305,1,1341.9,Female,27,2,1,1,4,211,Need Attention
CUST00867,Customer 867,Pondicherry,2026-10-18,73,2,5021.9400000000005,Other,27,5,1,2,8,512,New Customers
CUST00868,Customer 868,Coimbatore,2026-03-28,277,4,6722.66,Female,41,2,3,3,8,233,At Risk
CUST00869,Customer 869,Erode,2026-09-27,94,4,5560.5599999999995,Male,37,5,3,3,11,533,Potential Loyalists
CUST00870,Customer 870,Madurai,2026-12-22,8,2,5974.02,Female,24,5,1,3,9,513,New Customers
CUST00871,Customer 871,Erode,2026-09-28,93,4,6192.47,Male,45,5,3,3,11,533,Potential Loyalists
CUST00872,Customer 872,Tirunelveli,2026-06-09,204,4,7771.77,Other,50,3,3,3,9,333,Need Attention
CUST00873,Customer 873,Thanjavur,2026-06-20,193,8,16127.26,Male,23,3,5,5,13,355,Loyal Customers
CUST00874,Customer 874,Bengaluru,2026-07-14,169,4,8101.0,Male,56,3,3,4,10,334,Big Spenders
CUST00875,Customer 875,Chennai,2025-07-12,536,1,1225.28,Female,42,1,1,1,3,111,Lost Customers
CUST00876,Customer 876,Coimbatore,2026-06-16,197,2,4041.94,Female,42,3,1,2,6,312,Need Attention
CUST00877,Customer 877,Bengaluru,2026-07-21,162,4,5682.71,Other,33,3,3,3,9,333,Need Attention
CUST00878,Customer 878,Tirunelveli,2026-06-04,209,1,698.32,Male,61,3,1,1,5,311,Need Attention
CUST00879,Customer 879,Salem,2026-12-16,14,8,24195.67,Male,35,5,5,5,15,555,Champions
CUST00880,Customer 880,Coimbatore,2025-02-16,682,1,1112.49,Female,27,1,1,1,3,111,Lost Customers
CUST00881,Customer 881,Tirunelveli,2025-04-27,612,1,2861.78,Female,35,1,1,1,3,111,Lost Customers
CUST00882,Customer 882,Thanjavur,2026-11-13,47,4,4853.34,Female,22,5,3,2,10,532,Potential Loyalists
CUST00883,Customer 883,Hyderabad,2026-09-10,111,2,2403.75,Male,64,4,1,1,6,411,New Customers
CUST00884,Customer 884,Trichy,2026-02-21,312,2,5324.4,Other,57,2,1,2,5,212,Need Attention
CUST00885,Customer 885,Salem,2025-09-25,461,1,1499.54,Male,26,1,1,1,3,111,Lost Customers
CUST00886,Customer 886,Bengaluru,2026-05-22,222,5,14674.81,Female,39,3,4,5,12,345,Loyal Customers
CUST00887,Customer 887,Thanjavur,2026-11-11,49,4,9812.24,Female,46,5,4,4,13,544,Champions
CUST00888,Customer 888,Madurai,2026-05-29,215,6,11682.69,Other,56,3,5,5,13,355,Loyal Customers
CUST00889,Customer 889,Pondicherry,2026-02-20,313,4,5625.2699999999995,Female,56,2,4,3,9,243,At Risk
CUST00890,Customer 890,Madurai,2026-06-14,199,3,4371.8,Female,38,3,2,2,7,322,Need Attention
CUST00891,Customer 891,Pondicherry,2026-04-28,246,5,13887.02,Female,36,2,4,5,11,245,At Risk
CUST00892,Customer 892,Bengaluru,2026-11-03,57,2,2819.74,Other,49,5,1,1,7,511,New Customers
CUST00893,Customer 893,Tirunelveli,2025-11-23,402,3,7095.25,Male,38,1,2,3,6,123,Lost Customers
CUST00894,Customer 894,Coimbatore,2025-03-17,653,1,4701.12,Female,41,1,1,2,4,112,Lost Customers
CUST00895,Customer 895,Vellore,2026-06-10,203,3,8842.25,Male,55,3,2,4,9,324,Big Spenders
CUST00896,Customer 896,Chennai,2026-04-06,268,4,9501.3,Other,53,2,4,4,10,244,At Risk
CUST00897,Customer 897,Trichy,2026-07-24,159,2,2468.83,Female,63,3,1,1,5,311,Need Attention
CUST00898,Customer 898,Coimbatore,2026-09-27,94,2,4626.85,Female,62,5,1,2,8,512,New Customers
CUST00899,Customer 899,Erode,2026-07-30,153,6,8988.300000000001,Female,61,4,5,4,13,454,Champions
CUST00900,Customer 900,Trichy,2026-10-01,90,4,4272.97,Other,37,5,4,2,11,542,Loyal Customers
CUST00901,Customer 901,Pondicherry,2025-04-09,630,2,2453.25,Other,27,1,1,1,3,111,Lost Customers
CUST00902,Customer 902,Erode,2026-01-05,359,5,6131.63,Female,22,2,4,3,9,243,At Risk
CUST00903,Customer 903,Tirunelveli,2026-07-05,178,3,10453.65,Female,55,3,2,4,9,324,Big Spenders
CUST00904,Customer 904,Tirunelveli,2026-05-06,238,3,2446.42,Other,62,3,2,1,6,321,Need Attention
CUST00905,Customer 905,Pondicherry,2025-05-23,586,2,7817.22,Male,41,1,1,4,6,114,Lost Customers
CUST00906,Customer 906,Hyderabad,2026-01-09,355,3,5920.68,Other,56,2,2,3,7,223,Need Attention
CUST00907,Customer 907,Hyderabad,2026-06-21,192,4,3568.6800000000003,Male,33,3,4,2,9,342,Loyal Customers
CUST00908,Customer 908,Hyderabad,2026-02-25,308,2,10967.869999999999,Female,28,2,1,5,8,215,Need Attention
CUST00909,Customer 909,Hyderabad,2026-09-19,102,5,11565.02,Male,54,4,4,5,13,445,Champions
CUST00910,Customer 910,Thanjavur,2025-06-25,553,1,431.08,Other,43,1,1,1,3,111,Lost Customers
CUST00911,Customer 911,Chennai,2026-08-11,141,3,9732.19,Female,24,4,2,4,10,424,Big Spenders
CUST00912,Customer 912,Vellore,2025-12-20,375,2,2355.8900000000003,Female,32,2,1,1,4,211,Need Attention
CUST00913,Customer 913,Bengaluru,2026-01-16,348,2,2248.49,Other,53,2,1,1,4,211,Need Attention
CUST00914,Customer 914,Erode,2026-09-05,116,3,3706.75,Other,32,4,2,2,8,422,Potential Loyalists
CUST00915,Customer 915,Hyderabad,2025-05-17,592,2,5992.24,Female,47,1,1,3,5,113,Lost Customers
CUST00916,Customer 916,Madurai,2026-08-04,148,5,11213.24,Other,50,4,4,5,13,445,Champions
CUST00918,Customer 918,Coimbatore,2026-08-13,139,2,6432.139999999999,Female,23,4,1,3,8,413,New Customers
CUST00919,Customer 919,Thanjavur,2026-08-28,124,4,11921.130000000001,Other,27,4,4,5,13,445,Champions
CUST00920,Customer 920,Trichy,2025-03-29,641,1,1571.0,Female,47,1,1,1,3,111,Lost Customers
CUST00921,Customer 921,Erode,2025-07-18,530,1,744.49,Female,40,1,1,1,3,111,Lost Customers
CUST00922,Customer 922,Pondicherry,2026-05-21,223,7,31639.43,Female,64,3,5,5,13,355,Loyal Customers
CUST00923,Customer 923,Salem,2025-01-03,726,1,3704.25,Female,22,1,1,2,4,112,Lost Customers
CUST00925,Customer 925,Coimbatore,2026-05-22,222,2,1895.2600000000002,Female,59,3,1,1,5,311,Need Attention
CUST00926,Customer 926,Trichy,2025-07-27,521,5,7679.95,Male,65,1,4,3,8,143,At Risk
CUST00927,Customer 927,Madurai,2026-10-26,65,5,13125.15,Male,53,5,4,5,14,545,Champions
CUST00928,Customer 928,Erode,2025-04-24,615,2,1827.64,Other,45,1,1,1,3,111,Lost Customers
CUST00929,Customer 929,Madurai,2025-11-25,400,2,5801.05,Female,58,1,1,3,5,113,Lost Customers
CUST00931,Customer 931,Bengaluru,2026-04-20,254,2,4396.29,Male,65,2,1,2,5,212,Need Attention
CUST00932,Customer 932,Tirunelveli,2025-07-04,544,5,7862.63,Female,55,1,4,4,9,144,At Risk
CUST00933,Customer 933,Trichy,2026-12-06,24,2,2292.63,Male,63,5,1,1,7,511,New Customers
CUST00934,Customer 934,Coimbatore,2026-11-10,50,2,4910.02,Female,63,5,1,2,8,512,New Customers
CUST00935,Customer 935,Madurai,2025-08-30,487,5,12478.81,Male,52,1,4,5,10,145,At Risk
CUST00936,Customer 936,Erode,2026-09-01,120,2,7326.15,Female,30,4,1,3,8,413,New Customers
CUST00937,Customer 937,Erode,2026-01-02,362,2,5512.78,Female,60,2,1,3,6,213,Need Attention
CUST00938,Customer 938,Bengaluru,2026-04-29,245,3,8747.22,Other,38,3,2,4,9,324,Big Spenders
CUST00939,Customer 939,Bengaluru,2026-02-01,332,3,5729.0599999999995,Other,43,2,2,3,7,223,Need Attention
CUST00940,Customer 940,Erode,2026-09-26,95,8,20879.28,Female,40,4,5,5,14,455,Champions
CUST00941,Customer 941,Pondicherry,2026-11-21,39,7,15020.4,Male,61,5,5,5,15,555,Champions
CUST00943,Customer 943,Thanjavur,2025-10-13,443,2,8549.84,Other,26,1,1,4,6,114,Lost Customers
CUST00944,Customer 944,Coimbatore,2026-07-31,152,2,5444.639999999999,Male,37,4,1,3,8,413,New Customers
CUST00945,Customer 945,Madurai,2026-08-18,134,5,14148.7,Female,62,4,4,5,13,445,Champions
CUST00946,Customer 946,Bengaluru,2026-10-10,81,2,5408.75,Female,44,5,1,2,8,512,New Customers
CUST00947,Customer 947,Tirunelveli,2026-09-28,93,5,7380.52,Other,42,5,4,3,12,543,Loyal Customers
CUST00948,Customer 948,Vellore,2026-08-30,122,2,5537.74,Female,58,4,1,3,8,413,New Customers
CUST00949,Customer 949,Vellore,2025-12-06,389,4,6610.67,Other,29,1,4,3,8,143,At Risk
CUST00950,Customer 950,Madurai,2026-05-28,216,2,7272.86,Female,36,3,1,3,7,313,Need Attention
CUST00951,Customer 951,Bengaluru,2026-02-10,323,4,13615.470000000001,Female,46,2,4,5,11,245,At Risk
CUST00952,Customer 952,Erode,2026-11-03,57,4,12397.289999999999,Female,18,5,4,5,14,545,Champions
CUST00953,Customer 953,Vellore,2026-10-17,74,2,1468.62,Male,42,5,1,1,7,511,New Customers
CUST00954,Customer 954,Tirunelveli,2026-02-19,314,2,3480.34,Other,49,2,1,2,5,212,Need Attention
CUST00955,Customer 955,Pondicherry,2026-11-15,45,4,5750.76,Female,44,5,4,3,12,543,Loyal Customers
CUST00956,Customer 956,Madurai,2025-11-16,409,2,3193.5200000000004,Female,49,1,1,2,4,112,Lost Customers
CUST00957,Customer 957,Trichy,2026-09-30,91,6,12604.32,Other,19,5,5,5,15,555,Champions
CUST00958,Customer 958,Trichy,2026-03-26,279,4,10008.8,Male,35,2,4,4,10,244,At Risk
CUST00959,Customer 959,Erode,2026-06-02,211,3,3962.96,Female,28,3,2,2,7,322,Need Attention
CUST00960,Customer 960,Vellore,2026-05-01,243,4,6565.63,Other,49,3,4,3,10,343,Loyal Customers
CUST00961,Customer 961,Coimbatore,2026-03-15,290,2,7940.24,Male,54,2,1,4,7,214,Need Attention
CUST00962,Customer 962,Vellore,2026-10-26,65,6,14140.3,Other,41,5,5,5,15,555,Champions
CUST00963,Customer 963,Erode,2026-07-24,159,1,1259.9,Male,64,3,1,1,5,311,Need Attention
CUST00964,Customer 964,Coimbatore,2026-05-31,213,6,14510.26,Male,45,3,5,5,13,355,Loyal Customers
CUST00965,Customer 965,Salem,2025-07-27,521,1,1456.22,Other,33,1,1,1,3,111,Lost Customers
CUST00966,Customer 966,Salem,2026-02-15,318,2,1491.71,Male,46,2,1,1,4,211,Need Attention
CUST00967,Customer 967,Coimbatore,2026-11-24,36,3,9206.36,Male,46,5,2,4,11,524,Big Spenders
CUST00968,Customer 968,Pondicherry,2026-06-26,187,5,7196.48,Male,31,3,4,3,10,343,Loyal Customers
CUST00969,Customer 969,Pondicherry,2026-07-21,162,3,5343.74,Other,40,3,2,2,7,322,Need Attention
CUST00970,Customer 970,Madurai,2026-07-05,178,8,11302.27,Other,45,3,5,5,13,355,Loyal Customers
CUST00971,Customer 971,Trichy,2025-02-08,690,2,4311.530000000001,Male,31,1,1,2,4,112,Lost Customers
CUST00972,Customer 972,Thanjavur,2026-02-17,316,4,3857.24,Male,54,2,4,2,8,242,At Risk
CUST00973,Customer 973,Vellore,2026-03-26,279,1,1869.26,Female,56,2,1,1,4,211,Need Attention
CUST00974,Customer 974,Salem,2026-01-16,348,2,2283.5,Female,63,2,1,1,4,211,Need Attention
CUST00975,Customer 975,Vellore,2026-04-17,257,1,1129.22,Other,35,2,1,1,4,211,Need Attention
CUST00978,Customer 978,Madurai,2026-09-21,100,3,7102.65,Male,33,4,2,3,9,423,Potential Loyalists
CUST00979,Customer 979,Hyderabad,2025-08-06,511,3,12470.05,Female,33,1,2,5,8,125,Lost Customers
CUST00980,Customer 980,Bengaluru,2026-01-27,337,1,3332.7,Female,27,2,1,2,5,212,Need Attention
CUST00981,Customer 981,Tirunelveli,2026-11-25,35,5,6164.74,Female,58,5,4,3,12,543,Loyal Customers
CUST00982,Customer 982,Hyderabad,2025-10-17,439,2,5723.299999999999,Female,22,1,1,3,5,113,Lost Customers
CUST00983,Customer 983,Vellore,2026-10-28,63,8,16736.16,Male,43,5,5,5,15,555,Champions
CUST00984,Customer 984,Thanjavur,2025-06-02,576,1,1638.28,Female,62,1,1,1,3,111,Lost Customers
CUST00985,Customer 985,Bengaluru,2025-10-21,435,2,1279.62,Female,38,1,1,1,3,111,Lost Customers
CUST00986,Customer 986,Pondicherry,2025-07-15,533,1,3534.18,Other,23,1,1,2,4,112,Lost Customers
CUST00987,Customer 987,Pondicherry,2026-08-23,129,4,8446.71,Other,60,4,4,4,12,444,Champions
CUST00988,Customer 988,Tirunelveli,2026-07-06,177,8,13068.04,Male,52,3,5,5,13,355,Loyal Customers
CUST00989,Customer 989,Erode,2026-05-28,216,3,6625.6900000000005,Female,31,3,2,3,8,323,Need Attention
CUST00991,Customer 991,Bengaluru,2025-07-08,540,3,6409.58,Other,26,1,2,3,6,123,Lost Customers
CUST00992,Customer 992,Hyderabad,2026-08-06,146,4,11611.16,Female,39,4,4,5,13,445,Champions
CUST00993,Customer 993,Coimbatore,2026-08-14,138,2,7207.33,Male,20,4,1,3,8,413,New Customers
CUST00994,Customer 994,Coimbatore,2025-11-13,412,4,12099.73,Female,19,1,4,5,10,145,At Risk
CUST00995,Customer 995,Erode,2026-07-15,168,2,3790.19,Male,46,3,1,2,6,312,Need Attention
CUST00996,Customer 996,Pondicherry,2026-11-17,43,8,28304.39,Female,30,5,5,5,15,555,Champions
CUST00997,Customer 997,Madurai,2026-11-03,57,3,4999.8099999999995,Other,37,5,2,2,9,522,Potential Loyalists
CUST00999,Customer 999,Thanjavur,2026-01-12,352,4,6855.31,Female,23,2,4,3,9,243,At Risk
CUST01000,Customer 1000,Chennai,2026-10-02,89,3,5143.68,Other,28,5,2,2,9,522,Potential Loyalists
CUST01001,Customer 1001,Pondicherry,2026-06-15,198,3,1638.83,Other,37,3,2,1,6,321,Need Attention
CUST01002,Customer 1002,Hyderabad,2025-11-24,401,3,9974.67,Male,45,1,2,4,7,124,Lost Customers
CUST01003,Customer 1003,Chennai,2026-10-04,87,2,8527.220000000001,Other,24,5,1,4,10,514,Big Spenders
CUST01004,Customer 1004,Madurai,2026-10-25,66,4,10631.949999999999,Female,22,5,4,4,13,544,Champions
CUST01005,Customer 1005,Hyderabad,2025-11-29,396,2,4817.25,Male,51,1,1,2,4,112,Lost Customers
CUST01006,Customer 1006,Pondicherry,2025-11-27,398,3,5245.09,Male,18,1,2,2,5,122,Lost Customers
CUST01007,Customer 1007,Pondicherry,2026-06-02,211,5,8011.17,Male,45,3,4,4,11,344,Loyal Customers
CUST01008,Customer 1008,Trichy,2026-09-15,106,4,13996.92,Female,22,4,4,5,13,445,Champions
CUST01009,Customer 1009,Coimbatore,2026-09-08,113,3,7910.13,Male,64,4,2,4,10,424,Big Spenders
CUST01010,Customer 1010,Salem,2026-05-01,243,3,5567.1900000000005,Female,41,3,2,3,8,323,Need Attention
CUST01011,Customer 1011,Hyderabad,2026-08-10,142,1,1418.7,Female,26,4,1,1,6,411,New Customers
CUST01012,Customer 1012,Vellore,2026-11-29,31,1,3207.3,Male,22,5,1,2,8,512,New Customers
CUST01013,Customer 1013,Hyderabad,2026-08-29,123,5,12865.39,Male,57,4,4,5,13,445,Champions
CUST01014,Customer 1014,Pondicherry,2026-09-26,95,6,11401.73,Female,40,4,5,5,14,455,Champions
CUST01015,Customer 1015,Madurai,2026-10-11,80,8,25952.4,Other,65,5,5,5,15,555,Champions
CUST01016,Customer 1016,Erode,2026-07-24,159,3,4069.0000000000005,Other,61,3,2,2,7,322,Need Attention
CUST01017,Customer 1017,Coimbatore,2026-08-18,134,4,7889.24,Male,23,4,4,4,12,444,Champions
CUST01018,Customer 1018,Pondicherry,2026-01-15,349,5,17292.969999999998,Male,55,2,4,5,11,245,At Risk
CUST01019,Customer 1019,Thanjavur,2026-08-03,149,5,10736.63,Female,45,4,4,4,12,444,Champions
CUST01021,Customer 1021,Vellore,2026-11-19,41,6,11820.1,Male,33,5,5,5,15,555,Champions
CUST01022,Customer 1022,Bengaluru,2026-02-20,313,3,7059.6,Other,64,2,2,3,7,223,Need Attention
CUST01023,Customer 1023,Hyderabad,2025-11-12,413,3,4831.79,Other,19,1,2,2,5,122,Lost Customers
CUST01024,Customer 1024,Vellore,2026-10-30,61,4,6399.58,Female,31,5,4,3,12,543,Loyal Customers
CUST01025,Customer 1025,Pondicherry,2026-10-05,86,7,10726.87,Other,30,5,5,4,14,554,Champions
CUST01026,Customer 1026,Chennai,2026-03-21,284,3,7189.39,Female,59,2,2,3,7,223,Need Attention
CUST01027,Customer 1027,Tirunelveli,2026-10-10,81,5,13182.63,Male,49,5,4,5,14,545,Champions
CUST01028,Customer 1028,Hyderabad,2026-06-29,184,3,3325.1099999999997,Male,49,3,2,2,7,322,Need Attention
CUST01031,Customer 1031,Thanjavur,2026-11-04,56,3,2644.19,Other,44,5,2,1,8,521,New Customers
CUST01032,Customer 1032,Erode,2026-08-22,130,4,6533.55,Other,29,4,4,3,11,443,Loyal Customers
CUST01033,Customer 1033,Bengaluru,2026-11-10,50,6,15990.96,Male,19,5,5,5,15,555,Champions
CUST01034,Customer 1034,Trichy,2026-09-01,120,5,6743.94,Male,34,4,4,3,11,443,Loyal Customers
CUST01035,Customer 1035,Vellore,2026-09-14,107,4,4498.41,Male,43,4,4,2,10,442,Loyal Customers
CUST01036,Customer 1036,Vellore,2025-05-04,605,1,6144.42,Other,63,1,1,3,5,113,Lost Customers
CUST01037,Customer 1037,Pondicherry,2026-11-27,33,4,3532.95,Female,45,5,4,2,11,542,Loyal Customers
CUST01038,Customer 1038,Vellore,2026-10-16,75,3,9713.34,Male,58,5,2,4,11,524,Big Spenders
CUST01039,Customer 1039,Salem,2026-08-25,127,7,17263.73,Other,27,4,5,5,14,455,Champions
CUST01040,Customer 1040,Vellore,2026-11-28,32,1,2198.98,Female,23,5,1,1,7,511,New Customers
CUST01041,Customer 1041,Thanjavur,2026-02-19,314,3,6767.2,Male,52,2,2,3,7,223,Need Attention
CUST01042,Customer 1042,Hyderabad,2026-03-27,278,5,12324.47,Other,58,2,4,5,11,245,At Risk
CUST01043,Customer 1043,Salem,2026-03-08,297,3,7750.25,Other,22,2,2,3,7,223,Need Attention
CUST01044,Customer 1044,Trichy,2026-11-28,32,5,15727.85,Female,64,5,4,5,14,545,Champions
CUST01045,Customer 1045,Tirunelveli,2026-01-07,357,1,1641.0,Male,23,2,1,1,4,211,Need Attention
CUST01046,Customer 1046,Bengaluru,2026-10-25,66,5,13215.73,Female,57,5,4,5,14,545,Champions
CUST01047,Customer 1047,Pondicherry,2025-05-22,587,1,1431.18,Female,60,1,1,1,3,111,Lost Customers
CUST01048,Customer 1048,Coimbatore,2026-10-16,75,2,9104.91,Other,29,5,1,4,10,514,Big Spenders
CUST01049,Customer 1049,Pondicherry,2026-10-06,85,3,5372.08,Other,26,5,2,2,9,522,Potential Loyalists
CUST01050,Customer 1050,Thanjavur,2026-10-01,90,4,8900.48,Male,49,5,4,4,13,544,Champions
CUST01051,Customer 1051,Salem,2026-06-30,183,3,4368.25,Other,64,3,2,2,7,322,Need Attention
CUST01052,Customer 1052,Pondicherry,2025-12-21,374,1,1368.79,Female,26,2,1,1,4,211,Need Attention
CUST01053,Customer 1053,Coimbatore,2026-06-21,192,2,5565.969999999999,Female,64,3,1,3,7,313,Need Attention
CUST01054,Customer 1054,Tirunelveli,2026-07-29,154,1,3569.32,Male,39,3,1,2,6,312,Need Attention
CUST01055,Customer 1055,Salem,2026-05-29,215,1,4425.24,Other,22,3,1,2,6,312,Need Attention
CUST01056,Customer 1056,Coimbatore,2026-02-17,316,2,4171.49,Other,58,2,1,2,5,212,Need Attention
CUST01057,Customer 1057,Thanjavur,2026-11-26,34,1,1711.52,Female,50,5,1,1,7,511,New Customers
CUST01058,Customer 1058,Madurai,2026-08-17,135,7,11145.86,Female,54,4,5,5,14,455,Champions
CUST01059,Customer 1059,Coimbatore,2025-11-27,398,3,8030.99,Male,34,1,2,4,7,124,Lost Customers
CUST01060,Customer 1060,Coimbatore,2026-08-22,130,3,3039.04,Other,64,4,2,1,7,421,New Customers
CUST01061,Customer 1061,Chennai,2024-12-27,733,1,1011.11,Other,50,1,1,1,3,111,Lost Customers
CUST01062,Customer 1062,Chennai,2026-07-22,161,2,6044.4,Male,33,3,1,3,7,313,Need Attention
CUST01063,Customer 1063,Madurai,2026-12-23,7,6,15714.65,Female,42,5,5,5,15,555,Champions
CUST01064,Customer 1064,Pondicherry,2026-09-08,113,4,7998.83,Male,53,4,4,4,12,444,Champions
CUST01065,Customer 1065,Trichy,2026-09-29,92,3,8176.959999999999,Other,44,5,2,4,11,524,Big Spenders
CUST01066,Customer 1066,Pondicherry,2026-06-30,183,3,3621.45,Male,44,3,2,2,7,322,Need Attention
CUST01067,Customer 1067,Bengaluru,2026-10-04,87,3,7800.25,Female,22,5,2,3,10,523,Potential Loyalists
CUST01068,Customer 1068,Hyderabad,2025-04-28,611,2,4449.5599999999995,Male,50,1,1,2,4,112,Lost Customers
CUST01069,Customer 1069,Vellore,2026-04-20,254,5,9205.29,Male,32,2,4,4,10,244,At Risk
CUST01070,Customer 1070,Erode,2025-04-13,626,1,945.93,Female,22,1,1,1,3,111,Lost Customers
CUST01071,Customer 1071,Thanjavur,2026-08-11,141,3,4191.3,Female,37,4,2,2,8,422,Potential Loyalists
CUST01072,Customer 1072,Chennai,2026-11-20,40,2,6796.98,Other,47,5,1,3,9,513,New Customers
CUST01073,Customer 1073,Bengaluru,2026-09-11,110,3,6082.16,Male,36,4,2,3,9,423,Potential Loyalists
CUST01074,Customer 1074,Bengaluru,2026-09-27,94,5,5822.53,Female,65,5,4,3,12,543,Loyal Customers
CUST01075,Customer 1075,Bengaluru,2025-03-20,650,2,3725.4900000000002,Female,41,1,1,2,4,112,Lost Customers
CUST01076,Customer 1076,Vellore,2026-05-23,221,5,10775.65,Male,64,3,4,4,11,344,Loyal Customers
CUST01077,Customer 1077,Chennai,2026-09-01,120,4,4182.37,Male,27,4,4,2,10,442,Loyal Customers
CUST01079,Customer 1079,Chennai,2026-07-28,155,5,10048.37,Other,62,3,4,4,11,344,Loyal Customers
CUST01080,Customer 1080,Tirunelveli,2025-07-15,533,1,2596.22,Male,60,1,1,1,3,111,Lost Customers
CUST01081,Customer 1081,Salem,2025-07-21,527,1,2277.0,Other,64,1,1,1,3,111,Lost Customers
CUST01082,Customer 1082,Trichy,2025-02-27,671,1,1852.9,Male,51,1,1,1,3,111,Lost Customers
CUST01083,Customer 1083,Madurai,2026-05-14,230,2,1951.0300000000002,Female,21,3,1,1,5,311,Need Attention
CUST01084,Customer 1084,Chennai,2026-05-29,215,2,6819.33,Female,23,3,1,3,7,313,Need Attention
CUST01085,Customer 1085,Pondicherry,2026-08-20,132,4,11396.810000000001,Other,44,4,4,5,13,445,Champions
CUST01086,Customer 1086,Coimbatore,2026-10-24,67,6,10598.77,Female,65,5,5,4,14,554,Champions
CUST01087,Customer 1087,Madurai,2026-06-16,197,3,6128.5,Male,50,3,2,3,8,323,Need Attention
CUST01088,Customer 1088,Bengaluru,2026-07-28,155,4,6382.610000000001,Female,22,3,4,3,10,343,Loyal Customers
CUST01089,Customer 1089,Hyderabad,2026-10-02,89,3,4387.66,Male,45,5,2,2,9,522,Potential Loyalists
CUST01090,Customer 1090,Salem,2026-05-22,222,3,3680.25,Male,36,3,2,2,7,322,Need Attention
CUST01091,Customer 1091,Pondicherry,2025-08-04,513,2,5942.99,Female,43,1,1,3,5,113,Lost Customers
CUST01093,Customer 1093,Coimbatore,2025-11-25,400,3,4456.360000000001,Female,32,1,2,2,5,122,Lost Customers
CUST01094,Customer 1094,Coimbatore,2026-09-01,120,3,6099.11,Male,55,4,2,3,9,423,Potential Loyalists
CUST01095,Customer 1095,Erode,2025-11-26,399,3,2870.69,Male,28,1,2,1,4,121,Lost Customers
CUST01096,Customer 1096,Coimbatore,2026-01-29,335,3,7619.71,Female,44,2,2,3,7,223,Need Attention
CUST01097,Customer 1097,Erode,2026-11-29,31,6,8663.18,Female,31,5,5,4,14,554,Champions
CUST01098,Customer 1098,Coimbatore,2026-06-26,187,7,11872.54,Female,34,3,5,5,13,355,Loyal Customers
CUST01099,Customer 1099,Salem,2026-11-23,37,1,2688.96,Male,61,5,1,1,7,511,New Customers
CUST01100,Customer 1100,Bengaluru,2026-10-12,79,3,9532.8,Other,62,5,2,4,11,524,Big Spenders
CUST01101,Customer 1101,Madurai,2026-09-14,107,6,12308.99,Male,38,4,5,5,14,455,Champions
CUST01102,Customer 1102,Thanjavur,2025-08-17,500,5,14405.61,Other,33,1,4,5,10,145,At Risk
CUST01103,Customer 1103,Hyderabad,2026-11-21,39,2,3116.25,Other,21,5,1,1,7,511,New Customers
CUST01104,Customer 1104,Chennai,2026-06-07,206,4,5171.610000000001,Female,29,3,4,2,9,342,Loyal Customers
CUST01105,Customer 1105,Pondicherry,2026-04-22,252,4,9018.84,Female,53,2,4,4,10,244,At Risk
CUST01106,Customer 1106,Erode,2026-08-08,144,4,20126.43,Male,24,4,4,5,13,445,Champions
CUST01107,Customer 1107,Chennai,2026-04-21,253,2,1689.1100000000001,Male,25,2,1,1,4,211,Need Attention
CUST01108,Customer 1108,Trichy,2026-08-25,127,2,5702.52,Male,26,4,1,3,8,413,New Customers
CUST01109,Customer 1109,Hyderabad,2026-05-03,241,2,3247.24,Female,41,3,1,2,6,312,Need Attention
CUST01110,Customer 1110,Bengaluru,2026-09-01,120,5,12651.22,Other,23,4,4,5,13,445,Champions
CUST01111,Customer 1111,Chennai,2026-01-15,349,2,5058.41,Female,22,2,1,2,5,212,Need Attention
CUST01112,Customer 1112,Erode,2026-10-12,79,5,12232.910000000002,Male,59,5,4,5,14,545,Champions
CUST01113,Customer 1113,Thanjavur,2025-05-08,601,3,7616.16,Male,23,1,2,3,6,123,Lost Customers
CUST01114,Customer 1114,Chennai,2026-11-15,45,3,6490.5599999999995,Male,47,5,2,3,10,523,Potential Loyalists
CUST01115,Customer 1115,Pondicherry,2026-06-01,212,5,13357.619999999999,Other,45,3,4,5,12,345,Loyal Customers
CUST01116,Customer 1116,Tirunelveli,2025-05-03,606,1,1549.09,Female,19,1,1,1,3,111,Lost Customers
CUST01117,Customer 1117,Thanjavur,2026-06-18,195,1,3115.64,Female,29,3,1,1,5,311,Need Attention
CUST01118,Customer 1118,Salem,2026-10-11,80,5,18581.86,Male,35,5,4,5,14,545,Champions
CUST01119,Customer 1119,Bengaluru,2026-01-20,344,4,5873.7300000000005,Male,20,2,4,3,9,243,At Risk
CUST01121,Customer 1121,Vellore,2025-07-22,526,2,5196.7,Female,44,1,1,2,4,112,Lost Customers
CUST01122,Customer 1122,Salem,2025-05-04,605,3,5810.59,Male,23,1,2,3,6,123,Lost Customers
CUST01123,Customer 1123,Trichy,2026-06-07,206,4,3644.5699999999997,Male,44,3,4,2,9,342,Loyal Customers
CUST01125,Customer 1125,Tirunelveli,2026-11-26,34,4,9381.53,Other,19,5,4,4,13,544,Champions
CUST01126,Customer 1126,Erode,2026-10-25,66,8,18926.08,Other,40,5,5,5,15,555,Champions
CUST01127,Customer 1127,Bengaluru,2025-12-31,364,4,9398.380000000001,Female,40,2,4,4,10,244,At Risk
CUST01128,Customer 1128,Salem,2026-01-26,338,3,7133.7300000000005,Female,42,2,2,3,7,223,Need Attention
CUST01129,Customer 1129,Bengaluru,2026-10-31,60,7,17873.73,Male,38,5,5,5,15,555,Champions
CUST01130,Customer 1130,Chennai,2025-09-25,461,3,12476.16,Male,35,1,2,5,8,125,Lost Customers
CUST01131,Customer 1131,Thanjavur,2025-09-20,466,3,7263.139999999999,Female,51,1,2,3,6,123,Lost Customers
CUST01132,Customer 1132,Madurai,2026-08-20,132,3,13468.86,Other,32,4,2,5,11,425,Big Spenders
CUST01133,Customer 1133,Trichy,2026-04-19,255,3,2681.25,Male,60,2,2,1,5,221,Need Attention
CUST01134,Customer 1134,Chennai,2026-02-05,328,6,15563.48,Other,65,2,5,5,12,255,At Risk
CUST01136,Customer 1136,Trichy,2025-08-24,493,1,1012.71,Male,29,1,1,1,3,111,Lost Customers
CUST01137,Customer 1137,Pondicherry,2025-12-21,374,2,2939.67,Female,65,2,1,1,4,211,Need Attention
CUST01138,Customer 1138,Pondicherry,2025-05-19,590,1,1438.92,Other,19,1,1,1,3,111,Lost Customers
CUST01139,Customer 1139,Bengaluru,2026-02-18,315,2,2118.1099999999997,Female,54,2,1,1,4,211,Need Attention
CUST01140,Customer 1140,Erode,2026-04-03,271,2,6793.280000000001,Other,30,2,1,3,6,213,Need Attention
CUST01142,Customer 1142,Trichy,2025-12-06,389,1,1879.76,Male,21,1,1,1,3,111,Lost Customers
CUST01143,Customer 1143,Vellore,2026-05-19,225,3,7668.16,Male,19,3,2,3,8,323,Need Attention
CUST01144,Customer 1144,Bengaluru,2026-08-12,140,3,4807.91,Male,39,4,2,2,8,422,Potential Loyalists
CUST01145,Customer 1145,Pondicherry,2026-02-26,307,3,2321.65,Male,39,2,2,1,5,221,Need Attention
CUST01146,Customer 1146,Chennai,2026-10-27,64,2,3939.04,Female,21,5,1,2,8,512,New Customers
CUST01147,Customer 1147,Madurai,2025-03-11,659,2,8202.310000000001,Other,63,1,1,4,6,114,Lost Customers
CUST01148,Customer 1148,Thanjavur,2025-05-30,579,1,1358.98,Male,51,1,1,1,3,111,Lost Customers
CUST01149,Customer 1149,Hyderabad,2026-06-07,206,2,3027.2999999999997,Female,63,3,1,1,5,311,Need Attention
CUST01150,Customer 1150,Thanjavur,2026-11-02,58,4,5367.19,Other,24,5,4,2,11,542,Loyal Customers
CUST01151,Customer 1151,Madurai,2026-11-09,51,2,4719.92,Female,26,5,1,2,8,512,New Customers
CUST01152,Customer 1152,Erode,2025-12-23,372,2,2979.08,Female,58,2,1,1,4,211,Need Attention
CUST01153,Customer 1153,Pondicherry,2026-11-03,57,2,3370.5,Female,29,5,1,2,8,512,New Customers
CUST01154,Customer 1154,Thanjavur,2025-11-14,411,2,2970.36,Other,57,1,1,1,3,111,Lost Customers
CUST01155,Customer 1155,Madurai,2026-12-24,6,5,8489.16,Other,55,5,4,4,13,544,Champions
CUST01156,Customer 1156,Pondicherry,2026-07-14,169,3,7236.24,Female,64,3,2,3,8,323,Need Attention
CUST01157,Customer 1157,Pondicherry,2026-07-27,156,3,7390.67,Male,29,3,2,3,8,323,Need Attention
CUST01158,Customer 1158,Tirunelveli,2026-09-04,117,4,7482.89,Other,54,4,4,3,11,443,Loyal Customers
CUST01159,Customer 1159,Madurai,2026-10-18,73,7,13193.32,Other,20,5,5,5,15,555,Champions
CUST01160,Customer 1160,Trichy,2026-08-17,135,3,4110.03,Female,57,4,2,2,8,422,Potential Loyalists
CUST01161,Customer 1161,Erode,2026-10-09,82,6,23965.92,Other,24,5,5,5,15,555,Champions
CUST01162,Customer 1162,Coimbatore,2026-09-27,94,4,14358.99,Female,65,5,4,5,14,545,Champions
CUST01163,Customer 1163,Madurai,2026-04-06,268,3,7463.87,Female,38,2,2,3,7,223,Need Attention
CUST01164,Customer 1164,Hyderabad,2026-09-28,93,1,5092.08,Male,63,5,1,2,8,512,New Customers
CUST01165,Customer 1165,Erode,2026-08-02,150,3,4146.8,Other,39,4,2,2,8,422,Potential Loyalists
CUST01166,Customer 1166,Trichy,2025-11-27,398,2,6124.29,Female,31,1,1,3,5,113,Lost Customers
CUST01167,Customer 1167,Salem,2026-04-10,264,5,7213.7699999999995,Male,40,2,4,3,9,243,At Risk
CUST01168,Customer 1168,Chennai,2025-07-09,539,3,7482.98,Male,64,1,2,3,6,123,Lost Customers
CUST01169,Customer 1169,Pondicherry,2026-06-05,208,3,6639.71,Female,46,3,2,3,8,323,Need Attention
CUST01170,Customer 1170,Erode,2026-10-22,69,6,7935.530000000001,Male,44,5,5,4,14,554,Champions
CUST01171,Customer 1171,Tirunelveli,2026-03-22,283,2,5930.950000000001,Female,52,2,1,3,6,213,Need Attention
CUST01172,Customer 1172,Hyderabad,2026-08-24,128,3,5656.55,Female,54,4,2,3,9,423,Potential Loyalists
CUST01173,Customer 1173,Madurai,2026-02-09,324,3,6143.46,Other,32,2,2,3,7,223,Need Attention
CUST01174,Customer 1174,Salem,2025-12-07,388,5,8992.79,Male,20,1,4,4,9,144,At Risk
CUST01175,Customer 1175,Coimbatore,2025-09-05,481,4,10839.35,Female,34,1,4,4,9,144,At Risk
CUST01176,Customer 1176,Tirunelveli,2026-09-24,97,5,12386.92,Female,28,4,4,5,13,445,Champions
CUST01177,Customer 1177,Vellore,2026-09-13,108,6,8399.58,Other,22,4,5,4,13,454,Champions
CUST01179,Customer 1179,Tirunelveli,2026-09-04,117,4,7772.8,Other,19,4,4,3,11,443,Loyal Customers
CUST01180,Customer 1180,Tirunelveli,2026-11-07,53,6,11228.13,Male,56,5,5,5,15,555,Champions
CUST01181,Customer 1181,Thanjavur,2026-10-05,86,1,1503.79,Male,24,5,1,1,7,511,New Customers
CUST01182,Customer 1182,Pondicherry,2026-09-03,118,6,10154.06,Male,44,4,5,4,13,454,Champions
CUST01183,Customer 1183,Vellore,2026-06-15,198,5,10006.810000000001,Other,64,3,4,4,11,344,Loyal Customers
CUST01185,Customer 1185,Tirunelveli,2026-02-12,321,1,1559.4,Male,21,2,1,1,4,211,Need Attention
CUST01186,Customer 1186,Madurai,2026-08-15,137,5,15870.14,Other,49,4,4,5,13,445,Champions
CUST01187,Customer 1187,Tirunelveli,2026-11-04,56,3,6517.88,Female,18,5,2,3,10,523,Potential Loyalists
CUST01188,Customer 1188,Hyderabad,2026-09-15,106,3,7779.2300000000005,Female,60,4,2,3,9,423,Potential Loyalists
CUST01189,Customer 1189,Coimbatore,2026-11-15,45,2,3325.76,Female,30,5,1,2,8,512,New Customers
CUST01190,Customer 1190,Hyderabad,2025-12-30,365,2,6267.4400000000005,Male,28,2,1,3,6,213,Need Attention
CUST01191,Customer 1191,Coimbatore,2026-08-09,143,3,8497.8,Male,48,4,2,4,10,424,Big Spenders
CUST01192,Customer 1192,Erode,2025-10-20,436,1,3900.78,Female,48,1,1,2,4,112,Lost Customers
CUST01193,Customer 1193,Hyderabad,2026-09-27,94,4,8557.210000000001,Female,23,5,4,4,13,544,Champions
CUST01194,Customer 1194,Thanjavur,2026-09-12,109,3,8958.04,Female,29,4,2,4,10,424,Big Spenders
CUST01195,Customer 1195,Erode,2026-12-08,22,4,16090.82,Female,29,5,4,5,14,545,Champions
CUST01196,Customer 1196,Erode,2026-06-04,209,3,7114.459999999999,Female,46,3,2,3,8,323,Need Attention
CUST01197,Customer 1197,Bengaluru,2026-11-26,34,6,10030.91,Male,35,5,5,4,14,554,Champions
CUST01198,Customer 1198,Hyderabad,2026-04-28,246,2,3985.88,Male,62,2,1,2,5,212,Need Attention
CUST01199,Customer 1199,Thanjavur,2026-04-06,268,4,3143.17,Male,60,2,4,1,7,241,At Risk
CUST01200,Customer 1200,Bengaluru,2026-09-04,117,3,4197.6900000000005,Other,44,4,2,2,8,422,Potential Loyalists
CUST01201,Customer 1201,Tirunelveli,2026-08-26,126,4,8184.57,Other,21,4,4,4,12,444,Champions
CUST01202,Customer 1202,Vellore,2025-08-16,501,2,1607.1999999999998,Other,44,1,1,1,3,111,Lost Customers
CUST01203,Customer 1203,Trichy,2026-01-16,348,5,4533.0199999999995,Female,54,2,4,2,8,242,At Risk
CUST01204,Customer 1204,Tirunelveli,2026-08-22,130,3,7347.200000000001,Female,23,4,2,3,9,423,Potential Loyalists
CUST01206,Customer 1206,Hyderabad,2026-03-02,303,4,5534.81,Other,54,2,4,3,9,243,At Risk
CUST01207,Customer 1207,Erode,2026-07-30,153,5,11426.640000000001,Male,25,4,4,5,13,445,Champions
CUST01208,Customer 1208,Trichy,2026-08-15,137,6,11176.66,Male,31,4,5,5,14,455,Champions
CUST01209,Customer 1209,Coimbatore,2026-06-22,191,3,6733.9800000000005,Male,45,3,2,3,8,323,Need Attention
CUST01210,Customer 1210,Hyderabad,2025-10-24,432,5,6564.2,Female,30,1,4,3,8,143,At Risk
CUST01211,Customer 1211,Thanjavur,2025-12-09,386,3,5257.75,Other,34,1,2,2,5,122,Lost Customers
CUST01212,Customer 1212,Tirunelveli,2026-09-28,93,4,10394.16,Male,23,5,4,4,13,544,Champions
CUST01213,Customer 1213,Thanjavur,2026-03-13,292,7,17706.95,Female,53,2,5,5,12,255,At Risk
CUST01214,Customer 1214,Erode,2026-09-01,120,4,14382.76,Female,51,4,4,5,13,445,Champions
CUST01216,Customer 1216,Coimbatore,2026-02-09,324,1,4132.98,Other,44,2,1,2,5,212,Need Attention
CUST01217,Customer 1217,Bengaluru,2026-04-28,246,4,5414.85,Male,27,2,4,2,8,242,At Risk
CUST01218,Customer 1218,Coimbatore,2026-08-11,141,6,15621.580000000002,Other,24,4,5,5,14,455,Champions
CUST01219,Customer 1219,Vellore,2026-04-02,272,3,3129.6800000000003,Male,36,2,2,1,5,221,Need Attention
CUST01220,Customer 1220,Tirunelveli,2025-09-07,479,2,5367.28,Female,34,1,1,2,4,112,Lost Customers
CUST01221,Customer 1221,Bengaluru,2026-03-24,281,6,15906.5,Female,54,2,5,5,12,255,At Risk
CUST01222,Customer 1222,Salem,2026-07-29,154,4,17138.6,Male,29,3,4,5,12,345,Loyal Customers
CUST01223,Customer 1223,Bengaluru,2026-09-13,108,3,7766.4,Male,57,4,3,3,10,433,Potential Loyalists
CUST01224,Customer 1224,Chennai,2026-08-23,129,2,5469.4,Other,43,4,1,3,8,413,New Customers
CUST01225,Customer 1225,Trichy,2026-10-06,85,5,10082.24,Female,62,5,4,4,13,544,Champions
CUST01226,Customer 1226,Salem,2026-09-14,107,6,11239.25,Other,48,4,5,5,14,455,Champions
CUST01227,Customer 1227,Salem,2026-09-08,113,2,2582.8,Male,39,4,1,1,6,411,New Customers
CUST01228,Customer 1228,Pondicherry,2026-11-26,34,4,10044.16,Female,49,5,4,4,13,544,Champions
CUST01229,Customer 1229,Madurai,2026-10-06,85,2,2225.95,Male,32,5,1,1,7,511,New Customers
CUST01231,Customer 1231,Bengaluru,2026-08-29,123,4,9902.289999999999,Other,44,4,4,4,12,444,Champions
CUST01233,Customer 1233,Erode,2026-06-04,209,3,8700.2,Female,65,3,3,4,10,334,Big Spenders
CUST01234,Customer 1234,Chennai,2026-07-02,181,3,10821.61,Other,41,3,3,4,10,334,Big Spenders
CUST01235,Customer 1235,Salem,2026-12-02,28,4,7817.78,Male,22,5,4,4,13,544,Champions
CUST01236,Customer 1236,Madurai,2026-09-05,116,2,1284.25,Other,43,4,1,1,6,411,New Customers
CUST01237,Customer 1237,Chennai,2026-11-05,55,5,11701.220000000001,Other,54,5,4,5,14,545,Champions
CUST01238,Customer 1238,Chennai,2026-05-24,220,3,2961.58,Male,30,3,3,1,7,331,Need Attention
CUST01239,Customer 1239,Chennai,2026-01-25,339,2,1331.67,Male,47,2,1,1,4,211,Need Attention
CUST01240,Customer 1240,Salem,2026-10-17,74,4,5031.549999999999,Other,30,5,4,2,11,542,Loyal Customers
CUST01241,Customer 1241,Tirunelveli,2026-04-19,255,1,1624.95,Female,50,2,1,1,4,211,Need Attention
CUST01242,Customer 1242,Chennai,2026-10-29,62,5,7690.06,Male,61,5,4,3,12,543,Loyal Customers
CUST01243,Customer 1243,Bengaluru,2026-11-02,58,5,12078.79,Female,49,5,4,5,14,545,Champions
CUST01244,Customer 1244,Bengaluru,2026-09-04,117,4,5017.46,Male,48,4,4,2,10,442,Loyal Customers
CUST01245,Customer 1245,Madurai,2026-11-18,42,1,1546.8,Female,40,5,1,1,7,511,New Customers
CUST01246,Customer 1246,Pondicherry,2026-11-02,58,6,17564.53,Female,65,5,5,5,15,555,Champions
CUST01247,Customer 1247,Tirunelveli,2026-03-11,294,4,7937.51,Female,19,2,4,4,10,244,At Risk
CUST01248,Customer 1248,Trichy,2026-07-14,169,6,11341.19,Male,54,3,5,5,13,355,Loyal Customers
CUST01249,Customer 1249,Trichy,2026-06-06,207,1,3421.8,Male,59,3,1,2,6,312,Need Attention
CUST01250,Customer 1250,Hyderabad,2026-11-15,45,6,5282.36,Male,35,5,5,2,12,552,Loyal Customers
CUST01251,Customer 1251,Hyderabad,2026-04-28,246,5,14126.56,Other,19,2,4,5,11,245,At Risk
CUST01252,Customer 1252,Hyderabad,2025-03-16,654,2,2977.2799999999997,Female,26,1,1,1,3,111,Lost Customers
CUST01253,Customer 1253,Trichy,2026-05-28,216,4,11236.800000000001,Other,18,3,4,5,12,345,Loyal Customers
CUST01254,Customer 1254,Pondicherry,2026-04-21,253,5,6391.19,Other,37,2,4,3,9,243,At Risk
CUST01255,Customer 1255,Tirunelveli,2026-06-07,206,4,11612.27,Other,35,3,4,5,12,345,Loyal Customers
CUST01256,Customer 1256,Salem,2026-01-02,362,2,3537.92,Female,47,2,1,2,5,212,Need Attention
CUST01258,Customer 1258,Bengaluru,2026-03-03,302,1,2745.82,Other,43,2,1,1,4,211,Need Attention
CUST01259,Customer 1259,Hyderabad,2026-08-25,127,4,8528.560000000001,Male,50,4,4,4,12,444,Champions
CUST01260,Customer 1260,Hyderabad,2026-03-16,289,6,9196.779999999999,Female,53,2,5,4,11,254,At Risk
CUST01261,Customer 1261,Salem,2026-04-05,269,3,5369.54,Other,36,2,3,2,7,232,At Risk
CUST01263,Customer 1263,Thanjavur,2026-08-12,140,10,22564.13,Female,58,4,5,5,14,455,Champions
CUST01264,Customer 1264,Hyderabad,2026-01-29,335,4,5508.62,Female,34,2,4,3,9,243,At Risk
CUST01265,Customer 1265,Trichy,2026-09-12,109,4,14673.9,Other,37,4,4,5,13,445,Champions
CUST01266,Customer 1266,Chennai,2025-03-07,663,1,1743.72,Other,33,1,1,1,3,111,Lost Customers
CUST01267,Customer 1267,Hyderabad,2026-03-01,304,3,7528.68,Other,43,2,3,3,8,233,At Risk
CUST01268,Customer 1268,Pondicherry,2026-04-16,258,3,1514.31,Other,26,2,3,1,6,231,At Risk
CUST01269,Customer 1269,Salem,2026-07-12,171,3,3975.16,Other,49,3,3,2,8,332,Need Attention
CUST01270,Customer 1270,Tirunelveli,2026-05-09,235,3,3477.48,Female,43,3,3,2,8,332,Need Attention
CUST01271,Customer 1271,Pondicherry,2026-02-12,321,3,7112.6,Male,55,2,3,3,8,233,At Risk
CUST01272,Customer 1272,Pondicherry,2025-11-26,399,2,7900.92,Male,39,1,1,4,6,114,Lost Customers
CUST01273,Customer 1273,Vellore,2026-10-08,83,1,558.43,Male,61,5,1,1,7,511,New Customers
CUST01274,Customer 1274,Thanjavur,2026-10-17,74,2,3884.56,Female,60,5,1,2,8,512,New Customers
CUST01275,Customer 1275,Hyderabad,2026-07-23,160,5,6702.36,Female,28,3,4,3,10,343,Loyal Customers
CUST01276,Customer 1276,Salem,2026-08-07,145,4,5568.97,Other,29,4,4,3,11,443,Loyal Customers
CUST01277,Customer 1277,Pondicherry,2025-12-22,373,2,1341.28,Female,26,2,1,1,4,211,Need Attention
CUST01279,Customer 1279,Coimbatore,2026-05-04,240,3,2184.7700000000004,Female,59,3,3,1,7,331,Need Attention
CUST01280,Customer 1280,Pondicherry,2026-04-29,245,4,8311.84,Female,32,3,4,4,11,344,Loyal Customers
CUST01281,Customer 1281,Thanjavur,2026-03-27,278,5,6507.78,Female,44,2,4,3,9,243,At Risk
CUST01282,Customer 1282,Salem,2026-02-27,306,1,1950.87,Female,55,2,1,1,4,211,Need Attention
CUST01283,Customer 1283,Chennai,2026-12-25,5,5,15098.07,Male,48,5,4,5,14,545,Champions
CUST01284,Customer 1284,Bengaluru,2026-01-22,342,2,3360.36,Other,55,2,1,2,5,212,Need Attention
CUST01285,Customer 1285,Trichy,2025-10-09,447,3,3869.66,Male,48,1,3,2,6,132,At Risk
CUST01286,Customer 1286,Tirunelveli,2025-08-07,510,2,3475.0499999999997,Male,61,1,1,2,4,112,Lost Customers
CUST01287,Customer 1287,Chennai,2026-11-01,59,5,10630.67,Female,44,5,4,4,13,544,Champions
CUST01288,Customer 1288,Trichy,2026-09-06,115,5,6630.5,Male,26,4,4,3,11,443,Loyal Customers
CUST01289,Customer 1289,Erode,2026-09-11,110,3,3655.74,Female,54,4,3,2,9,432,Potential Loyalists
CUST01290,Customer 1290,Madurai,2026-02-14,319,1,1031.73,Female,63,2,1,1,4,211,Need Attention
CUST01291,Customer 1291,Thanjavur,2026-03-13,292,5,12215.0,Male,49,2,4,5,11,245,At Risk
CUST01292,Customer 1292,Hyderabad,2026-05-31,213,3,2121.99,Male,38,3,3,1,7,331,Need Attention
CUST01293,Customer 1293,Salem,2025-12-23,372,2,1786.88,Male,46,2,1,1,4,211,Need Attention
CUST01294,Customer 1294,Madurai,2025-05-04,605,1,894.86,Male,54,1,1,1,3,111,Lost Customers
CUST01295,Customer 1295,Bengaluru,2026-10-31,60,6,8880.23,Male,26,5,5,4,14,554,Champions
CUST01296,Customer 1296,Tirunelveli,2025-09-27,459,4,10299.470000000001,Other,45,1,4,4,9,144,At Risk
CUST01297,Customer 1297,Chennai,2026-07-15,168,4,8115.78,Female,42,3,4,4,11,344,Loyal Customers
CUST01298,Customer 1298,Pondicherry,2026-06-21,192,4,10096.42,Other,30,3,4,4,11,344,Loyal Customers
CUST01299,Customer 1299,Vellore,2025-05-20,589,1,2873.91,Male,38,1,1,1,3,111,Lost Customers
CUST01300,Customer 1300,Chennai,2026-06-12,201,1,1282.22,Male,61,3,1,1,5,311,Need Attention
CUST01301,Customer 1301,Trichy,2025-05-04,605,1,1853.7,Other,33,1,1,1,3,111,Lost Customers
CUST01302,Customer 1302,Madurai,2026-11-14,46,3,8954.4,Female,37,5,3,4,12,534,Big Spenders
CUST01303,Customer 1303,Bengaluru,2026-09-29,92,4,19141.91,Female,50,5,4,5,14,545,Champions
CUST01304,Customer 1304,Chennai,2026-08-09,143,2,4311.01,Male,22,4,1,2,7,412,New Customers
CUST01305,Customer 1305,Pondicherry,2026-03-15,290,3,12067.58,Female,47,2,3,5,10,235,At Risk
CUST01306,Customer 1306,Thanjavur,2026-08-09,143,2,4424.089999999999,Other,51,4,1,2,7,412,New Customers
CUST01307,Customer 1307,Thanjavur,2026-08-20,132,4,9015.54,Other,26,4,4,4,12,444,Champions
CUST01308,Customer 1308,Madurai,2026-09-28,93,2,6243.0,Female,30,5,1,3,9,513,New Customers
CUST01309,Customer 1309,Trichy,2025-06-08,570,1,1294.44,Female,19,1,1,1,3,111,Lost Customers
CUST01310,Customer 1310,Trichy,2025-12-06,389,2,7654.32,Other,26,1,1,3,5,113,Lost Customers
CUST01311,Customer 1311,Vellore,2026-04-27,247,4,13602.38,Male,55,2,4,5,11,245,At Risk
CUST01312,Customer 1312,Pondicherry,2025-08-05,512,2,2607.89,Male,41,1,1,1,3,111,Lost Customers
CUST01313,Customer 1313,Hyderabad,2026-07-01,182,2,2624.97,Male,42,3,1,1,5,311,Need Attention
CUST01314,Customer 1314,Chennai,2026-04-26,248,1,636.56,Other,57,2,1,1,4,211,Need Attention
CUST01315,Customer 1315,Coimbatore,2026-08-02,150,1,713.7,Male,60,4,1,1,6,411,New Customers
CUST01316,Customer 1316,Pondicherry,2025-01-27,702,2,2993.5099999999998,Male,21,1,1,1,3,111,Lost Customers
CUST01317,Customer 1317,Tirunelveli,2026-09-07,114,5,9966.27,Female,46,4,4,4,12,444,Champions
CUST01318,Customer 1318,Erode,2026-11-26,34,6,13835.4,Other,34,5,5,5,15,555,Champions
CUST01319,Customer 1319,Pondicherry,2026-09-13,108,4,4077.96,Male,31,4,4,2,10,442,Loyal Customers
CUST01320,Customer 1320,Salem,2026-09-29,92,5,6923.43,Other,18,5,4,3,12,543,Loyal Customers
CUST01321,Customer 1321,Hyderabad,2026-11-02,58,5,7439.9800000000005,Other,24,5,4,3,12,543,Loyal Customers
CUST01322,Customer 1322,Bengaluru,2025-07-02,546,2,2406.88,Female,57,1,1,1,3,111,Lost Customers
CUST01323,Customer 1323,Coimbatore,2026-10-04,87,5,9992.53,Male,44,5,4,4,13,544,Champions
CUST01324,Customer 1324,Coimbatore,2026-07-28,155,5,17794.84,Other,57,3,4,5,12,345,Loyal Customers
CUST01325,Customer 1325,Erode,2026-07-26,157,3,2805.54,Male,24,3,3,1,7,331,Need Attention
CUST01326,Customer 1326,Salem,2026-03-22,283,1,1308.33,Other,30,2,1,1,4,211,Need Attention
CUST01327,Customer 1327,Thanjavur,2026-02-09,324,4,6291.62,Other,30,2,4,3,9,243,At Risk
CUST01328,Customer 1328,Madurai,2026-08-04,148,4,8214.44,Female,36,4,4,4,12,444,Champions
CUST01329,Customer 1329,Trichy,2025-06-02,576,1,541.03,Other,49,1,1,1,3,111,Lost Customers
CUST01331,Customer 1331,Coimbatore,2026-09-04,117,2,2035.13,Male,60,4,1,1,6,411,New Customers
CUST01332,Customer 1332,Erode,2026-07-23,160,5,10906.51,Other,60,3,4,4,11,344,Loyal Customers
CUST01333,Customer 1333,Coimbatore,2025-07-26,522,3,4629.360000000001,Male,50,1,3,2,6,132,At Risk
CUST01334,Customer 1334,Salem,2026-10-31,60,4,4751.8099999999995,Other,24,5,4,2,11,542,Loyal Customers
CUST01335,Customer 1335,Salem,2026-11-17,43,8,19231.86,Male,47,5,5,5,15,555,Champions
CUST01336,Customer 1336,Coimbatore,2025-04-03,636,3,5527.540000000001,Female,21,1,3,3,7,133,At Risk
CUST01337,Customer 1337,Salem,2026-06-21,192,1,1579.09,Male,20,3,1,1,5,311,Need Attention
CUST01338,Customer 1338,Tirunelveli,2026-01-29,335,3,6753.86,Other,38,2,3,3,8,233,At Risk
CUST01339,Customer 1339,Chennai,2026-11-05,55,2,5196.84,Male,24,5,1,2,8,512,New Customers
CUST01340,Customer 1340,Hyderabad,2026-11-03,57,5,9014.3,Male,60,5,4,4,13,544,Champions
CUST01341,Customer 1341,Erode,2026-06-14,199,7,25426.04,Female,40,3,5,5,13,355,Loyal Customers
CUST01343,Customer 1343,Coimbatore,2026-04-14,260,4,6884.6,Female,29,2,4,3,9,243,At Risk
CUST01344,Customer 1344,Salem,2026-02-11,322,6,17735.0,Female,47,2,5,5,12,255,At Risk
CUST01346,Customer 1346,Madurai,2026-10-27,64,6,11384.22,Female,59,5,5,5,15,555,Champions
CUST01347,Customer 1347,Pondicherry,2026-05-31,213,8,16175.23,Male,62,3,5,5,13,355,Loyal Customers
CUST01348,Customer 1348,Tirunelveli,2026-09-13,108,2,2252.16,Male,24,4,1,1,6,411,New Customers
CUST01349,Customer 1349,Hyderabad,2026-12-07,23,3,5082.03,Female,54,5,3,2,10,532,Potential Loyalists
CUST01350,Customer 1350,Tirunelveli,2026-07-18,165,5,9573.25,Male,57,3,4,4,11,344,Loyal Customers
CUST01351,Customer 1351,Chennai,2026-08-25,127,2,3542.56,Female,57,4,1,2,7,412,New Customers
CUST01352,Customer 1352,Madurai,2026-08-03,149,3,9174.95,Other,64,4,3,4,11,434,Big Spenders
CUST01353,Customer 1353,Tirunelveli,2026-11-10,50,6,9921.029999999999,Female,25,5,5,4,14,554,Champions
CUST01354,Customer 1354,Salem,2025-09-14,472,1,1111.7,Male,22,1,1,1,3,111,Lost Customers
CUST01355,Customer 1355,Pondicherry,2026-09-25,96,3,5650.27,Female,18,4,3,3,10,433,Potential Loyalists
CUST01356,Customer 1356,Pondicherry,2025-08-23,494,1,2864.24,Other,51,1,1,1,3,111,Lost Customers
CUST01357,Customer 1357,Trichy,2026-11-05,55,1,1099.62,Other,54,5,1,1,7,511,New Customers
CUST01358,Customer 1358,Vellore,2026-08-23,129,5,5309.759999999999,Female,51,4,4,2,10,442,Loyal Customers
CUST01359,Customer 1359,Coimbatore,2026-12-13,17,7,16193.55,Other,57,5,5,5,15,555,Champions
CUST01360,Customer 1360,Trichy,2026-10-27,64,4,11160.11,Other,64,5,4,5,14,545,Champions
CUST01361,Customer 1361,Hyderabad,2026-07-04,179,2,2779.29,Female,60,3,1,1,5,311,Need Attention
CUST01362,Customer 1362,Vellore,2025-11-11,414,1,1760.28,Female,27,1,1,1,3,111,Lost Customers
CUST01363,Customer 1363,Hyderabad,2026-08-25,127,4,14334.76,Male,18,4,4,5,13,445,Champions
CUST01364,Customer 1364,Erode,2026-04-02,272,4,9020.97,Other,48,2,4,4,10,244,At Risk
CUST01365,Customer 1365,Erode,2026-09-16,105,2,3473.56,Male,22,4,1,2,7,412,New Customers
CUST01366,Customer 1366,Salem,2026-07-23,160,4,7500.77,Male,39,3,4,3,10,343,Loyal Customers
CUST01367,Customer 1367,Vellore,2026-06-02,211,5,10439.56,Other,32,3,4,4,11,344,Loyal Customers
CUST01368,Customer 1368,Trichy,2026-03-30,275,2,3456.9300000000003,Female,43,2,1,2,5,212,Need Attention
CUST01369,Customer 1369,Bengaluru,2026-05-23,221,4,14824.550000000001,Female,46,3,4,5,12,345,Loyal Customers
CUST01370,Customer 1370,Erode,2026-07-29,154,5,15393.31,Male,49,3,4,5,12,345,Loyal Customers
CUST01371,Customer 1371,Pondicherry,2025-08-31,486,4,9398.529999999999,Male,49,1,4,4,9,144,At Risk
CUST01372,Customer 1372,Tirunelveli,2025-06-06,572,3,5415.89,Male,24,1,3,2,6,132,At Risk
CUST01373,Customer 1373,Vellore,2026-08-10,142,4,15920.67,Male,53,4,4,5,13,445,Champions
CUST01374,Customer 1374,Bengaluru,2025-06-12,566,2,2783.1899999999996,Male,56,1,1,1,3,111,Lost Customers
CUST01375,Customer 1375,Vellore,2025-12-02,393,2,3818.73,Female,50,1,1,2,4,112,Lost Customers
CUST01376,Customer 1376,Erode,2026-07-22,161,5,9023.650000000001,Other,60,3,4,4,11,344,Loyal Customers
CUST01377,Customer 1377,Trichy,2026-05-04,240,6,13892.4,Female,21,3,5,5,13,355,Loyal Customers
CUST01378,Customer 1378,Vellore,2026-08-06,146,2,3511.51,Female,39,4,1,2,7,412,New Customers
CUST01379,Customer 1379,Erode,2026-07-11,172,2,1933.57,Other,56,3,1,1,5,311,Need Attention
CUST01380,Customer 1380,Pondicherry,2026-07-03,180,3,5860.030000000001,Other,41,3,3,3,9,333,Need Attention
CUST01381,Customer 1381,Hyderabad,2026-04-21,253,1,2229.76,Male,24,2,1,1,4,211,Need Attention
CUST01382,Customer 1382,Thanjavur,2026-07-17,166,2,1930.8,Male,39,3,1,1,5,311,Need Attention
CUST01383,Customer 1383,Vellore,2026-05-20,224,4,6806.31,Other,36,3,4,3,10,343,Loyal Customers
CUST01384,Customer 1384,Coimbatore,2025-01-25,704,3,6598.0,Female,62,1,3,3,7,133,At Risk
CUST01385,Customer 1385,Madurai,2026-09-23,98,2,2586.6299999999997,Male,49,4,1,1,6,411,New Customers
CUST01386,Customer 1386,Pondicherry,2025-12-12,383,4,7152.08,Other,65,1,4,3,8,143,At Risk
CUST01387,Customer 1387,Bengaluru,2026-02-27,306,3,6895.49,Male,34,2,3,3,8,233,At Risk
CUST01388,Customer 1388,Tirunelveli,2026-09-08,113,1,1181.22,Male,25,4,1,1,6,411,New Customers
CUST01389,Customer 1389,Pondicherry,2026-01-15,349,2,2663.34,Female,30,2,1,1,4,211,Need Attention
CUST01390,Customer 1390,Chennai,2026-07-27,156,4,7045.77,Male,44,3,4,3,10,343,Loyal Customers
CUST01391,Customer 1391,Coimbatore,2026-02-12,321,2,5638.9400000000005,Other,55,2,1,3,6,213,Need Attention
CUST01392,Customer 1392,Hyderabad,2026-09-11,110,5,18415.63,Female,47,4,4,5,13,445,Champions
CUST01393,Customer 1393,Erode,2026-07-05,178,2,3801.9100000000003,Other,26,3,1,2,6,312,Need Attention
CUST01394,Customer 1394,Chennai,2026-08-29,123,2,3013.75,Other,65,4,1,1,6,411,New Customers
CUST01395,Customer 1395,Erode,2026-10-02,89,4,6394.47,Female,55,5,4,3,12,543,Loyal Customers
CUST01396,Customer 1396,Bengaluru,2026-08-28,124,4,10107.34,Male,62,4,4,4,12,444,Champions
CUST01397,Customer 1397,Coimbatore,2026-05-15,229,4,5105.79,Other,26,3,4,2,9,342,Loyal Customers
CUST01398,Customer 1398,Bengaluru,2026-09-15,106,6,13691.199999999999,Other,56,4,5,5,14,455,Champions
CUST01399,Customer 1399,Tirunelveli,2025-08-08,509,1,813.15,Other,42,1,1,1,3,111,Lost Customers
CUST01400,Customer 1400,Salem,2026-09-03,118,4,9263.880000000001,Other,33,4,4,4,12,444,Champions
CUST01401,Customer 1401,Erode,2026-07-14,169,4,13630.77,Female,36,3,4,5,12,345,Loyal Customers
CUST01402,Customer 1402,Tirunelveli,2026-09-15,106,4,6457.21,Male,26,4,4,3,11,443,Loyal Customers
CUST01403,Customer 1403,Vellore,2026-09-27,94,7,12717.71,Other,65,5,5,5,15,555,Champions
CUST01404,Customer 1404,Thanjavur,2026-08-14,138,4,10510.23,Other,53,4,4,4,12,444,Champions
CUST01405,Customer 1405,Hyderabad,2025-12-10,385,1,881.93,Other,53,1,1,1,3,111,Lost Customers
CUST01406,Customer 1406,Bengaluru,2026-02-19,314,2,5248.01,Male,31,2,1,2,5,212,Need Attention
CUST01407,Customer 1407,Thanjavur,2025-08-22,495,2,5976.8,Female,61,1,1,3,5,113,Lost Customers
CUST01408,Customer 1408,Hyderabad,2025-07-11,537,1,2011.6,Male,63,1,1,1,3,111,Lost Customers
CUST01409,Customer 1409,Pondicherry,2026-08-25,127,3,11945.17,Other,52,4,3,5,12,435,Big Spenders
CUST01410,Customer 1410,Coimbatore,2026-02-21,312,4,14256.67,Female,63,2,4,5,11,245,At Risk
CUST01411,Customer 1411,Erode,2026-01-13,351,4,15119.46,Female,53,2,4,5,11,245,At Risk
CUST01412,Customer 1412,Pondicherry,2026-10-31,60,4,4456.13,Other,60,5,4,2,11,542,Loyal Customers
CUST01413,Customer 1413,Vellore,2025-11-15,410,1,1369.3,Other,65,1,1,1,3,111,Lost Customers
CUST01414,Customer 1414,Vellore,2026-07-02,181,7,22016.370000000003,Female,18,3,5,5,13,355,Loyal Customers
CUST01415,Customer 1415,Madurai,2026-10-24,67,4,6186.1,Male,42,5,4,3,12,543,Loyal Customers
CUST01416,Customer 1416,Trichy,2026-07-06,177,2,1190.24,Other,21,3,1,1,5,311,Need Attention
CUST01417,Customer 1417,Hyderabad,2026-07-11,172,4,8537.96,Male,36,3,4,4,11,344,Loyal Customers
CUST01418,Customer 1418,Pondicherry,2026-09-09,112,2,6671.040000000001,Male,21,4,1,3,8,413,New Customers
CUST01419,Customer 1419,Vellore,2026-11-07,53,4,8016.92,Female,31,5,4,4,13,544,Champions
CUST01420,Customer 1420,Coimbatore,2025-05-26,583,1,2428.06,Female,46,1,1,1,3,111,Lost Customers
CUST01421,Customer 1421,Vellore,2026-11-17,43,6,16522.02,Other,65,5,5,5,15,555,Champions
CUST01422,Customer 1422,Hyderabad,2026-08-25,127,4,6341.610000000001,Male,65,4,4,3,11,443,Loyal Customers
CUST01423,Customer 1423,Vellore,2026-06-18,195,2,3089.26,Female,33,3,1,1,5,311,Need Attention
CUST01424,Customer 1424,Pondicherry,2026-02-10,323,4,5694.9400000000005,Other,36,2,4,3,9,243,At Risk
CUST01425,Customer 1425,Tirunelveli,2026-11-30,30,4,11234.36,Male,42,5,4,5,14,545,Champions
CUST01426,Customer 1426,Vellore,2025-05-06,603,2,2978.23,Other,38,1,1,1,3,111,Lost Customers
CUST01427,Customer 1427,Salem,2026-01-02,362,3,7922.76,Male,65,2,3,4,9,234,At Risk
CUST01428,Customer 1428,Trichy,2026-09-01,120,2,6799.13,Other,46,4,1,3,8,413,New Customers
CUST01429,Customer 1429,Hyderabad,2025-02-15,683,1,3097.08,Other,63,1,1,1,3,111,Lost Customers
CUST01430,Customer 1430,Pondicherry,2026-09-29,92,4,9151.599999999999,Other,52,5,4,4,13,544,Champions
CUST01431,Customer 1431,Trichy,2025-07-14,534,3,10328.22,Male,64,1,3,4,8,134,At Risk
CUST01432,Customer 1432,Hyderabad,2026-02-10,323,4,6330.2,Female,29,2,4,3,9,243,At Risk
CUST01433,Customer 1433,Pondicherry,2026-04-15,259,4,7543.88,Male,29,2,4,3,9,243,At Risk
CUST01434,Customer 1434,Chennai,2026-08-09,143,4,6771.42,Male,42,4,4,3,11,443,Loyal Customers
CUST01435,Customer 1435,Salem,2026-01-09,355,2,3192.38,Female,53,2,1,2,5,212,Need Attention
CUST01436,Customer 1436,Salem,2026-10-07,84,3,3319.29,Male,55,5,3,2,10,532,Potential Loyalists
CUST01437,Customer 1437,Pondicherry,2025-02-26,672,2,1860.44,Female,47,1,1,1,3,111,Lost Customers
CUST01438,Customer 1438,Thanjavur,2026-09-01,120,3,5120.78,Male,27,4,3,2,9,432,Potential Loyalists
CUST01439,Customer 1439,Bengaluru,2026-04-04,270,3,3185.49,Male,58,2,3,1,6,231,At Risk
CUST01440,Customer 1440,Erode,2026-06-28,185,5,8667.76,Other,37,3,4,4,11,344,Loyal Customers
CUST01441,Customer 1441,Thanjavur,2026-06-09,204,2,844.6500000000001,Other,53,3,1,1,5,311,Need Attention
CUST01442,Customer 1442,Vellore,2026-08-30,122,6,9219.279999999999,Other,38,4,5,4,13,454,Champions
CUST01443,Customer 1443,Coimbatore,2026-09-05,116,3,9863.63,Male,51,4,3,4,11,434,Big Spenders
CUST01445,Customer 1445,Coimbatore,2026-02-09,324,2,5874.52,Other,43,2,1,3,6,213,Need Attention
CUST01446,Customer 1446,Hyderabad,2026-03-22,283,3,9318.2,Male,31,2,3,4,9,234,At Risk
CUST01447,Customer 1447,Salem,2026-06-20,193,2,10664.53,Female,41,3,1,4,8,314,Big Spenders
CUST01449,Customer 1449,Coimbatore,2025-08-05,512,1,1264.37,Other,18,1,1,1,3,111,Lost Customers
CUST01450,Customer 1450,Trichy,2026-10-19,72,2,4301.88,Female,46,5,1,2,8,512,New Customers
CUST01451,Customer 1451,Trichy,2025-12-03,392,4,9659.630000000001,Other,57,1,4,4,9,144,At Risk
CUST01452,Customer 1452,Tirunelveli,2026-11-20,40,3,5722.9,Other,38,5,3,3,11,533,Potential Loyalists
CUST01453,Customer 1453,Salem,2026-05-09,235,2,1974.6599999999999,Male,42,3,1,1,5,311,Need Attention
CUST01454,Customer 1454,Chennai,2026-08-28,124,2,1184.59,Other,36,4,1,1,6,411,New Customers
CUST01455,Customer 1455,Vellore,2026-07-09,174,9,16587.71,Female,50,3,5,5,13,355,Loyal Customers
CUST01456,Customer 1456,Salem,2026-10-31,60,3,7135.81,Female,20,5,3,3,11,533,Potential Loyalists
CUST01457,Customer 1457,Vellore,2026-10-21,70,4,6297.82,Male,38,5,4,3,12,543,Loyal Customers
CUST01458,Customer 1458,Vellore,2025-08-11,506,1,924.02,Male,28,1,1,1,3,111,Lost Customers
CUST01459,Customer 1459,Coimbatore,2026-09-11,110,7,14513.03,Male,58,4,5,5,14,455,Champions
CUST01460,Customer 1460,Trichy,2025-05-27,582,2,5022.84,Other,58,1,1,2,4,112,Lost Customers
CUST01461,Customer 1461,Coimbatore,2025-01-29,700,1,962.86,Other,45,1,1,1,3,111,Lost Customers
CUST01462,Customer 1462,Pondicherry,2026-07-02,181,4,14038.69,Other,62,3,4,5,12,345,Loyal Customers
CUST01463,Customer 1463,Coimbatore,2026-11-29,31,6,10442.05,Female,59,5,5,4,14,554,Champions
CUST01464,Customer 1464,Chennai,2025-11-28,397,4,14060.36,Other,27,1,4,5,10,145,At Risk
CUST01465,Customer 1465,Chennai,2026-08-30,122,1,1226.67,Other,39,4,1,1,6,411,New Customers
CUST01466,Customer 1466,Madurai,2025-08-01,516,2,1979.0700000000002,Male,21,1,1,1,3,111,Lost Customers
CUST01467,Customer 1467,Coimbatore,2026-06-23,190,4,8814.52,Female,53,3,4,4,11,344,Loyal Customers
CUST01468,Customer 1468,Tirunelveli,2026-03-18,287,4,11746.9,Male,34,2,4,5,11,245,At Risk
CUST01469,Customer 1469,Tirunelveli,2025-12-13,382,1,1042.49,Female,58,2,1,1,4,211,Need Attention
CUST01470,Customer 1470,Tirunelveli,2025-10-25,431,2,1036.06,Female,19,1,1,1,3,111,Lost Customers
CUST01471,Customer 1471,Chennai,2026-09-23,98,2,2966.26,Male,52,4,1,1,6,411,New Customers
CUST01472,Customer 1472,Coimbatore,2026-02-08,325,3,8976.65,Other,57,2,3,4,9,234,At Risk
CUST01473,Customer 1473,Chennai,2026-08-26,126,6,13464.26,Other,55,4,5,5,14,455,Champions
CUST01474,Customer 1474,Vellore,2026-01-14,350,2,6950.37,Male,40,2,1,3,6,213,Need Attention
CUST01475,Customer 1475,Salem,2026-10-20,71,4,9377.18,Female,61,5,4,4,13,544,Champions
CUST01476,Customer 1476,Erode,2026-02-24,309,2,3112.38,Male,36,2,1,1,4,211,Need Attention
CUST01477,Customer 1477,Chennai,2026-09-07,114,4,9085.880000000001,Female,60,4,4,4,12,444,Champions
CUST01478,Customer 1478,Trichy,2026-03-29,276,3,5201.25,Male,52,2,3,2,7,232,At Risk
CUST01479,Customer 1479,Vellore,2025-10-06,450,1,424.2,Other,43,1,1,1,3,111,Lost Customers
CUST01480,Customer 1480,Salem,2026-07-15,168,6,7530.22,Other,27,3,5,3,11,353,Loyal Customers
CUST01481,Customer 1481,Thanjavur,2026-01-17,347,3,8562.789999999999,Other,59,2,3,4,9,234,At Risk
CUST01482,Customer 1482,Madurai,2025-10-03,453,3,8852.13,Other,53,1,3,4,8,134,At Risk
CUST01483,Customer 1483,Bengaluru,2025-06-28,550,2,2283.17,Male,18,1,1,1,3,111,Lost Customers
CUST01484,Customer 1484,Vellore,2026-06-15,198,3,10157.82,Female,52,3,3,4,10,334,Big Spenders
CUST01485,Customer 1485,Pondicherry,2025-05-31,578,2,5317.41,Female,31,1,1,2,4,112,Lost Customers
CUST01486,Customer 1486,Trichy,2026-08-22,130,2,5030.84,Other,40,4,1,2,7,412,New Customers
CUST01487,Customer 1487,Madurai,2026-01-08,356,2,8410.26,Other,50,2,1,4,7,214,Need Attention
CUST01488,Customer 1488,Bengaluru,2025-11-20,405,6,12480.97,Male,32,1,5,5,11,155,At Risk
CUST01489,Customer 1489,Coimbatore,2026-08-07,145,2,6473.47,Female,30,4,1,3,8,413,New Customers
CUST01490,Customer 1490,Chennai,2026-03-17,288,6,18363.59,Other,54,2,5,5,12,255,At Risk
CUST01491,Customer 1491,Hyderabad,2026-07-23,160,2,4035.63,Other,47,3,1,2,6,312,Need Attention
CUST01492,Customer 1492,Hyderabad,2026-12-18,12,5,7224.4800000000005,Male,36,5,4,3,12,543,Loyal Customers
CUST01493,Customer 1493,Trichy,2026-03-11,294,5,11165.85,Female,24,2,4,5,11,245,At Risk
CUST01494,Customer 1494,Thanjavur,2026-07-16,167,7,16654.66,Other,49,3,5,5,13,355,Loyal Customers
CUST01495,Customer 1495,Hyderabad,2026-10-04,87,4,3931.2,Male,60,5,4,2,11,542,Loyal Customers
CUST01496,Customer 1496,Bengaluru,2026-10-10,81,4,7688.219999999999,Male,36,5,4,3,12,543,Loyal Customers
CUST01497,Customer 1497,Erode,2026-08-18,134,4,6585.68,Male,38,4,4,3,11,443,Loyal Customers
CUST01498,Customer 1498,Hyderabad,2026-01-03,361,4,8916.41,Female,57,2,4,4,10,244,At Risk
CUST01499,Customer 1499,Madurai,2026-07-25,158,3,14016.37,Other,55,3,3,5,11,335,Big Spenders
CUST01500,Customer 1500,Thanjavur,2026-08-09,143,6,4796.87,Other,41,4,5,2,11,452,Loyal Customers
CUST01501,Customer 1501,Thanjavur,2026-01-28,336,2,4776.24,Male,18,2,1,2,5,212,Need Attention
CUST01502,Customer 1502,Pondicherry,2026-11-04,56,3,4070.17,Male,63,5,3,2,10,532,Potential Loyalists
CUST01503,Customer 1503,Thanjavur,2026-06-25,188,4,6295.32,Female,35,3,4,3,10,343,Loyal Customers
CUST01504,Customer 1504,Thanjavur,2025-06-17,561,1,8605.72,Other,64,1,1,4,6,114,Lost Customers
CUST01505,Customer 1505,Erode,2025-06-23,555,4,9938.66,Female,47,1,4,4,9,144,At Risk
CUST01506,Customer 1506,Vellore,2026-08-25,127,4,6322.99,Female,49,4,4,3,11,443,Loyal Customers
CUST01507,Customer 1507,Bengaluru,2026-04-18,256,3,7382.13,Male,59,2,3,3,8,233,At Risk
CUST01508,Customer 1508,Vellore,2026-06-30,183,2,3560.9,Female,26,3,1,2,6,312,Need Attention
CUST01509,Customer 1509,Hyderabad,2026-08-02,150,5,12651.57,Female,64,4,4,5,13,445,Champions
CUST01510,Customer 1510,Chennai,2026-03-20,285,2,9942.720000000001,Other,22,2,1,4,7,214,Need Attention
CUST01511,Customer 1511,Chennai,2026-03-06,299,3,7231.35,Other,58,2,3,3,8,233,At Risk
CUST01512,Customer 1512,Tirunelveli,2026-09-17,104,5,10624.21,Other,55,4,4,4,12,444,Champions
CUST01513,Customer 1513,Chennai,2026-03-13,292,3,16361.300000000001,Other,31,2,3,5,10,235,At Risk
CUST01514,Customer 1514,Vellore,2026-01-26,338,2,1928.3400000000001,Female,52,2,1,1,4,211,Need Attention
CUST01515,Customer 1515,Thanjavur,2025-08-26,491,1,4916.55,Other,27,1,1,2,4,112,Lost Customers
CUST01518,Customer 1518,Tirunelveli,2026-09-23,98,6,19462.54,Other,23,4,5,5,14,455,Champions
CUST01519,Customer 1519,Hyderabad,2026-11-09,51,5,9412.66,Other,18,5,4,4,13,544,Champions
CUST01520,Customer 1520,Madurai,2026-04-11,263,2,4655.6,Other,61,2,1,2,5,212,Need Attention
CUST01521,Customer 1521,Erode,2025-08-06,511,1,3082.3,Other,26,1,1,1,3,111,Lost Customers
CUST01522,Customer 1522,Bengaluru,2026-11-18,42,7,17899.55,Male,54,5,5,5,15,555,Champions
CUST01523,Customer 1523,Pondicherry,2026-06-11,202,3,8506.97,Male,65,3,3,4,10,334,Big Spenders
CUST01524,Customer 1524,Trichy,2026-09-15,106,2,2023.4099999999999,Female,20,4,1,1,6,411,New Customers
CUST01525,Customer 1525,Coimbatore,2026-06-13,200,3,6983.58,Female,32,3,3,3,9,333,Need Attention
CUST01526,Customer 1526,Chennai,2026-12-15,15,3,3162.54,Female,32,5,3,1,9,531,Need Attention
CUST01527,Customer 1527,Thanjavur,2026-05-24,220,5,8602.73,Male,51,3,4,4,11,344,Loyal Customers
CUST01528,Customer 1528,Chennai,2026-03-10,295,2,3848.56,Female,47,2,1,2,5,212,Need Attention
CUST01529,Customer 1529,Coimbatore,2026-12-08,22,3,2659.9700000000003,Other,38,5,3,1,9,531,Need Attention
CUST01530,Customer 1530,Salem,2026-05-05,239,4,5393.01,Other,58,3,4,2,9,342,Loyal Customers
CUST01531,Customer 1531,Bengaluru,2026-10-31,60,6,9188.26,Other,34,5,5,4,14,554,Champions
CUST01532,Customer 1532,Tirunelveli,2026-08-25,127,5,10988.130000000001,Other,29,4,4,5,13,445,Champions
CUST01533,Customer 1533,Bengaluru,2026-10-01,90,4,12839.69,Female,41,5,4,5,14,545,Champions
CUST01534,Customer 1534,Salem,2026-06-03,210,6,12409.6,Male,51,3,5,5,13,355,Loyal Customers
CUST01535,Customer 1535,Tirunelveli,2026-06-10,203,3,4026.6,Male,51,3,3,2,8,332,Need Attention
CUST01536,Customer 1536,Erode,2026-11-11,49,2,7617.82,Female,49,5,1,3,9,513,New Customers
CUST01537,Customer 1537,Madurai,2026-08-15,137,2,3387.04,Male,50,4,1,2,7,412,New Customers
CUST01539,Customer 1539,Trichy,2025-10-02,454,2,3697.3399999999997,Other,35,1,1,2,4,112,Lost Customers
CUST01540,Customer 1540,Thanjavur,2026-08-05,147,2,1564.53,Male,28,4,1,1,6,411,New Customers
CUST01541,Customer 1541,Hyderabad,2025-08-11,506,2,1812.75,Other,25,1,1,1,3,111,Lost Customers
CUST01542,Customer 1542,Pondicherry,2026-02-24,309,2,5475.12,Female,39,2,1,3,6,213,Need Attention
CUST01543,Customer 1543,Erode,2026-11-13,47,3,2856.0699999999997,Female,61,5,3,1,9,531,Need Attention
CUST01544,Customer 1544,Madurai,2026-10-09,82,4,8820.94,Male,55,5,4,4,13,544,Champions
CUST01545,Customer 1545,Trichy,2025-08-21,496,1,2050.06,Female,19,1,1,1,3,111,Lost Customers
CUST01546,Customer 1546,Bengaluru,2025-04-11,628,1,383.2,Male,54,1,1,1,3,111,Lost Customers
CUST01547,Customer 1547,Vellore,2026-06-19,194,4,8234.1,Male,58,3,4,4,11,344,Loyal Customers
CUST01548,Customer 1548,Chennai,2026-10-12,79,6,13022.62,Other,27,5,5,5,15,555,Champions
CUST01549,Customer 1549,Vellore,2025-09-08,478,3,16958.05,Female,29,1,3,5,9,135,At Risk
CUST01550,Customer 1550,Hyderabad,2025-08-28,489,1,4456.23,Other,54,1,1,2,4,112,Lost Customers
CUST01551,Customer 1551,Hyderabad,2026-04-04,270,2,9112.75,Other,64,2,1,4,7,214,Need Attention
CUST01552,Customer 1552,Trichy,2026-11-05,55,2,4833.82,Female,23,5,1,2,8,512,New Customers
CUST01553,Customer 1553,Erode,2026-09-20,101,1,2065.38,Other,48,4,1,1,6,411,New Customers
CUST01554,Customer 1554,Bengaluru,2026-11-01,59,4,9648.0,Male,44,5,4,4,13,544,Champions
CUST01555,Customer 1555,Bengaluru,2026-06-22,191,5,15037.349999999999,Other,29,3,4,5,12,345,Loyal Customers
CUST01556,Customer 1556,Madurai,2026-08-11,141,4,6174.57,Other,34,4,4,3,11,443,Loyal Customers
CUST01557,Customer 1557,Erode,2025-06-11,567,4,11356.68,Other,39,1,4,5,10,145,At Risk
CUST01558,Customer 1558,Trichy,2026-08-29,123,1,402.96,Other,22,4,1,1,6,411,New Customers
CUST01559,Customer 1559,Coimbatore,2026-08-31,121,6,12282.710000000001,Female,26,4,5,5,14,455,Champions
CUST01560,Customer 1560,Vellore,2026-08-01,151,3,5484.31,Male,51,4,3,3,10,433,Potential Loyalists
CUST01561,Customer 1561,Bengaluru,2025-12-17,378,2,2155.25,Female,27,2,1,1,4,211,Need Attention
CUST01562,Customer 1562,Bengaluru,2026-08-24,128,3,7343.0,Male,48,4,3,3,10,433,Potential Loyalists
CUST01563,Customer 1563,Vellore,2026-05-12,232,2,2307.13,Male,52,3,1,1,5,311,Need Attention
CUST01564,Customer 1564,Erode,2026-04-19,255,5,11034.689999999999,Male,23,2,4,5,11,245,At Risk
CUST01565,Customer 1565,Vellore,2024-12-24,736,1,959.48,Male,56,1,1,1,3,111,Lost Customers
CUST01566,Customer 1566,Hyderabad,2026-10-02,89,5,7528.360000000001,Male,61,5,4,3,12,543,Loyal Customers
CUST01567,Customer 1567,Thanjavur,2026-09-21,100,2,7300.24,Other,44,4,1,3,8,413,New Customers
CUST01568,Customer 1568,Vellore,2026-08-01,151,1,1242.34,Male,62,4,1,1,6,411,New Customers
CUST01569,Customer 1569,Tirunelveli,2025-01-13,716,1,1106.67,Male,48,1,1,1,3,111,Lost Customers
CUST01572,Customer 1572,Coimbatore,2026-08-11,141,4,10268.69,Female,32,4,4,4,12,444,Champions
CUST01573,Customer 1573,Tirunelveli,2026-07-12,171,5,13271.92,Other,52,3,4,5,12,345,Loyal Customers
CUST01574,Customer 1574,Pondicherry,2026-08-24,128,6,12732.46,Male,18,4,5,5,14,455,Champions
CUST01575,Customer 1575,Vellore,2026-08-26,126,2,3120.34,Male,54,4,1,1,6,411,New Customers
CUST01576,Customer 1576,Tirunelveli,2026-09-06,115,4,4994.469999999999,Other,18,4,4,2,10,442,Loyal Customers
CUST01577,Customer 1577,Thanjavur,2026-10-09,82,3,2988.2,Male,62,5,3,1,9,531,Need Attention
CUST01578,Customer 1578,Madurai,2026-09-07,114,6,12861.27,Female,24,4,5,5,14,455,Champions
CUST01579,Customer 1579,Salem,2025-12-17,378,4,10392.41,Other,55,2,4,4,10,244,At Risk
CUST01580,Customer 1580,Bengaluru,2026-04-24,250,1,3813.51,Other,45,2,1,2,5,212,Need Attention
CUST01581,Customer 1581,Hyderabad,2026-09-20,101,3,9911.72,Other,35,4,3,4,11,434,Big Spenders
CUST01582,Customer 1582,Vellore,2026-10-18,73,4,6846.34,Male,44,5,4,3,12,543,Loyal Customers
CUST01583,Customer 1583,Madurai,2024-12-31,729,1,656.86,Other,48,1,1,1,3,111,Lost Customers
CUST01584,Customer 1584,Erode,2026-07-21,162,2,4395.76,Other,53,3,1,2,6,312,Need Attention
CUST01585,Customer 1585,Thanjavur,2026-09-06,115,8,10301.119999999999,Female,54,4,5,4,13,454,Champions
CUST01586,Customer 1586,Pondicherry,2026-11-14,46,2,4038.49,Other,43,5,1,2,8,512,New Customers
CUST01587,Customer 1587,Pondicherry,2026-10-11,80,5,17224.5,Other,25,5,4,5,14,545,Champions
CUST01588,Customer 1588,Madurai,2026-08-28,124,4,11670.84,Female,62,4,4,5,13,445,Champions
CUST01589,Customer 1589,Tirunelveli,2025-06-06,572,2,4008.05,Male,50,1,1,2,4,112,Lost Customers
CUST01590,Customer 1590,Bengaluru,2026-06-05,208,4,8946.529999999999,Female,53,3,4,4,11,344,Loyal Customers
CUST01591,Customer 1591,Chennai,2026-04-25,249,1,1984.91,Other,63,2,1,1,4,211,Need Attention
CUST01592,Customer 1592,Chennai,2026-10-04,87,5,11371.62,Female,58,5,4,5,14,545,Champions
CUST01593,Customer 1593,Erode,2026-10-02,89,3,5335.360000000001,Male,27,5,3,2,10,532,Potential Loyalists
CUST01594,Customer 1594,Coimbatore,2026-09-18,103,3,5773.900000000001,Female,23,4,3,3,10,433,Potential Loyalists
CUST01595,Customer 1595,Coimbatore,2025-11-01,424,2,4921.38,Male,41,1,1,2,4,112,Lost Customers
CUST01596,Customer 1596,Tirunelveli,2026-07-08,175,2,4774.88,Male,64,3,1,2,6,312,Need Attention
CUST01597,Customer 1597,Vellore,2025-06-24,554,2,5587.5599999999995,Other,59,1,1,3,5,113,Lost Customers
CUST01598,Customer 1598,Chennai,2026-02-04,329,2,8803.0,Other,56,2,1,4,7,214,Need Attention
CUST01599,Customer 1599,Erode,2026-08-27,125,7,20756.97,Male,58,4,5,5,14,455,Champions
CUST01600,Customer 1600,Hyderabad,2026-08-08,144,2,5634.17,Male,30,4,1,3,8,413,New Customers
CUST01601,Customer 1601,Trichy,2025-10-31,425,4,6844.84,Other,36,1,4,3,8,143,At Risk
CUST01602,Customer 1602,Vellore,2025-12-06,389,3,6297.74,Other,50,1,3,3,7,133,At Risk
CUST01603,Customer 1603,Madurai,2026-03-03,302,6,13929.18,Male,57,2,5,5,12,255,At Risk
CUST01604,Customer 1604,Trichy,2026-07-26,157,3,7679.0599999999995,Male,41,3,3,3,9,333,Need Attention
CUST01605,Customer 1605,Coimbatore,2026-06-19,194,2,1605.75,Male,28,3,1,1,5,311,Need Attention
CUST01606,Customer 1606,Hyderabad,2026-04-17,257,3,5513.27,Female,40,2,3,3,8,233,At Risk
CUST01607,Customer 1607,Trichy,2026-04-23,251,3,9408.04,Female,55,2,3,4,9,234,At Risk
CUST01608,Customer 1608,Pondicherry,2026-05-30,214,1,768.82,Male,65,3,1,1,5,311,Need Attention
CUST01609,Customer 1609,Salem,2026-11-26,34,9,19345.93,Male,53,5,5,5,15,555,Champions
CUST01610,Customer 1610,Thanjavur,2026-10-02,89,3,6883.56,Other,55,5,3,3,11,533,Potential Loyalists
CUST01611,Customer 1611,Bengaluru,2025-06-08,570,1,7184.56,Female,32,1,1,3,5,113,Lost Customers
CUST01612,Customer 1612,Bengaluru,2026-09-17,104,7,23034.25,Female,43,4,5,5,14,455,Champions
CUST01613,Customer 1613,Tirunelveli,2026-01-15,349,2,3043.44,Female,29,2,1,1,4,211,Need Attention
CUST01614,Customer 1614,Coimbatore,2026-09-23,98,2,8596.21,Male,53,4,1,4,9,414,Big Spenders
CUST01615,Customer 1615,Coimbatore,2026-08-26,126,2,3643.23,Female,39,4,1,2,7,412,New Customers
CUST01616,Customer 1616,Vellore,2026-07-12,171,4,10232.36,Other,34,3,4,4,11,344,Loyal Customers
CUST01617,Customer 1617,Pondicherry,2025-08-30,487,2,3650.8599999999997,Other,34,1,1,2,4,112,Lost Customers
CUST01618,Customer 1618,Erode,2026-11-07,53,5,8074.6,Female,54,5,4,4,13,544,Champions
CUST01619,Customer 1619,Erode,2026-08-24,128,5,9821.7,Male,39,4,4,4,12,444,Champions
CUST01620,Customer 1620,Chennai,2026-07-15,168,2,7129.450000000001,Female,55,3,1,3,7,313,Need Attention
CUST01621,Customer 1621,Coimbatore,2026-05-26,218,3,3763.67,Male,34,3,3,2,8,332,Need Attention
CUST01622,Customer 1622,Hyderabad,2026-03-23,282,5,8439.77,Other,32,2,4,4,10,244,At Risk
CUST01623,Customer 1623,Tirunelveli,2026-05-02,242,1,411.7,Male,38,3,1,1,5,311,Need Attention
CUST01624,Customer 1624,Chennai,2026-06-08,205,3,4991.27,Other,52,3,3,2,8,332,Need Attention
CUST01625,Customer 1625,Salem,2026-06-16,197,5,15710.0,Female,33,3,4,5,12,345,Loyal Customers
CUST01627,Customer 1627,Vellore,2026-01-05,359,6,7543.57,Female,22,2,5,3,10,253,At Risk
CUST01628,Customer 1628,Thanjavur,2025-11-14,411,2,2428.56,Female,38,1,1,1,3,111,Lost Customers
CUST01629,Customer 1629,Madurai,2026-04-10,264,4,8251.85,Other,35,2,4,4,10,244,At Risk
CUST01630,Customer 1630,Erode,2026-12-14,16,6,8215.24,Other,30,5,5,4,14,554,Champions
CUST01631,Customer 1631,Pondicherry,2025-05-24,585,2,13085.509999999998,Male,33,1,1,5,7,115,Lost Customers
CUST01632,Customer 1632,Trichy,2026-05-17,227,2,3990.75,Female,31,3,1,2,6,312,Need Attention
CUST01633,Customer 1633,Thanjavur,2026-11-06,54,5,10408.970000000001,Male,57,5,4,4,13,544,Champions
CUST01634,Customer 1634,Coimbatore,2026-07-30,153,5,17046.79,Male,25,4,4,5,13,445,Champions
CUST01635,Customer 1635,Bengaluru,2026-10-16,75,3,2738.38,Other,49,5,3,1,9,531,Need Attention
CUST01636,Customer 1636,Erode,2026-06-13,200,3,5371.48,Other,20,3,3,2,8,332,Need Attention
CUST01637,Customer 1637,Erode,2026-07-17,166,4,3549.55,Other,38,3,4,2,9,342,Loyal Customers
CUST01638,Customer 1638,Madurai,2026-08-08,144,2,2754.1499999999996,Female,49,4,1,1,6,411,New Customers
CUST01639,Customer 1639,Tirunelveli,2026-03-22,283,4,4711.7,Other,35,2,4,2,8,242,At Risk
CUST01640,Customer 1640,Chennai,2026-09-19,102,3,7002.94,Other,26,4,3,3,10,433,Potential Loyalists
CUST01641,Customer 1641,Vellore,2026-07-12,171,5,16198.37,Female,48,3,4,5,12,345,Loyal Customers
CUST01642,Customer 1642,Tirunelveli,2026-04-20,254,4,5051.88,Other,40,2,4,2,8,242,At Risk
CUST01643,Customer 1643,Erode,2026-10-06,85,7,11340.24,Other,29,5,5,5,15,555,Champions
CUST01644,Customer 1644,Erode,2026-10-07,84,5,14594.34,Other,51,5,5,5,15,555,Champions
CUST01645,Customer 1645,Chennai,2025-08-15,502,3,7231.57,Other,18,1,3,3,7,133,At Risk
CUST01646,Customer 1646,Bengaluru,2026-09-04,117,3,8337.74,Male,42,4,3,4,11,434,Big Spenders
CUST01647,Customer 1647,Bengaluru,2025-06-16,562,2,2003.3,Female,41,1,1,1,3,111,Lost Customers
CUST01648,Customer 1648,Vellore,2026-09-17,104,3,8251.04,Female,29,4,3,4,11,434,Big Spenders
CUST01649,Customer 1649,Erode,2026-08-31,121,5,21860.83,Male,35,4,5,5,14,455,Champions
CUST01650,Customer 1650,Madurai,2026-11-21,39,5,11043.73,Female,41,5,5,5,15,555,Champions
CUST01651,Customer 1651,Tirunelveli,2026-04-19,255,5,10793.02,Female,31,2,5,4,11,254,At Risk
CUST01652,Customer 1652,Tirunelveli,2026-08-07,145,1,4188.68,Female,41,4,1,2,7,412,New Customers
CUST01653,Customer 1653,Bengaluru,2026-09-19,102,8,16456.68,Female,29,4,5,5,14,455,Champions
CUST01654,Customer 1654,Trichy,2026-01-01,363,4,4803.13,Other,61,2,4,2,8,242,At Risk
CUST01655,Customer 1655,Salem,2026-08-22,130,4,8917.92,Male,64,4,4,4,12,444,Champions
CUST01656,Customer 1656,Tirunelveli,2025-05-06,603,2,5504.91,Male,53,1,1,3,5,113,Lost Customers
CUST01657,Customer 1657,Madurai,2026-08-14,138,3,3786.54,Female,30,4,3,2,9,432,Potential Loyalists
CUST01658,Customer 1658,Erode,2026-07-25,158,4,7720.33,Other,27,3,4,3,10,343,Loyal Customers
CUST01659,Customer 1659,Tirunelveli,2026-09-28,93,4,8443.5,Male,29,5,4,4,13,544,Champions
CUST01660,Customer 1660,Vellore,2026-11-01,59,4,5028.79,Male,58,5,4,2,11,542,Loyal Customers
CUST01661,Customer 1661,Erode,2026-12-10,20,6,21413.27,Other,38,5,5,5,15,555,Champions
CUST01662,Customer 1662,Bengaluru,2026-08-29,123,3,3847.49,Female,53,4,3,2,9,432,Potential Loyalists
CUST01663,Customer 1663,Pondicherry,2026-02-02,331,5,13661.56,Female,24,2,5,5,12,255,At Risk
CUST01664,Customer 1664,Salem,2026-06-30,183,4,17455.37,Male,31,3,4,5,12,345,Loyal Customers
CUST01665,Customer 1665,Erode,2025-05-09,600,1,576.55,Other,24,1,1,1,3,111,Lost Customers
CUST01666,Customer 1666,Thanjavur,2026-08-28,124,3,4316.5,Female,34,4,3,2,9,432,Potential Loyalists
CUST01667,Customer 1667,Salem,2026-09-05,116,4,5014.9800000000005,Other,53,4,4,2,10,442,Loyal Customers
CUST01668,Customer 1668,Coimbatore,2026-08-24,128,3,7001.2,Male,44,4,3,3,10,433,Potential Loyalists
CUST01669,Customer 1669,Trichy,2026-04-10,264,5,17212.57,Other,56,2,5,5,12,255,At Risk
CUST01670,Customer 1670,Hyderabad,2026-02-02,331,4,7162.889999999999,Other,59,2,4,3,9,243,At Risk
CUST01671,Customer 1671,Thanjavur,2026-08-08,144,3,9900.15,Male,36,4,3,4,11,434,Big Spenders
CUST01672,Customer 1672,Erode,2026-10-22,69,8,15395.86,Other,50,5,5,5,15,555,Champions
CUST01673,Customer 1673,Coimbatore,2026-05-10,234,4,15771.59,Other,46,3,4,5,12,345,Loyal Customers
CUST01674,Customer 1674,Erode,2026-07-11,172,6,11336.24,Other,36,3,5,5,13,355,Loyal Customers
CUST01675,Customer 1675,Hyderabad,2026-03-14,291,4,6473.72,Male,28,2,4,3,9,243,At Risk
CUST01676,Customer 1676,Hyderabad,2026-11-03,57,4,6082.610000000001,Female,44,5,4,3,12,543,Loyal Customers
CUST01677,Customer 1677,Coimbatore,2026-10-27,64,5,8009.02,Other,43,5,5,4,14,554,Champions
CUST01678,Customer 1678,Trichy,2026-02-05,328,3,13744.369999999999,Male,39,2,3,5,10,235,At Risk
CUST01679,Customer 1679,Salem,2026-07-18,165,3,4197.7,Female,59,3,3,2,8,332,Need Attention
CUST01680,Customer 1680,Hyderabad,2026-05-19,225,2,4122.27,Female,56,3,1,2,6,312,Need Attention
CUST01681,Customer 1681,Thanjavur,2026-09-06,115,4,12196.829999999998,Female,46,4,4,5,13,445,Champions
CUST01682,Customer 1682,Erode,2026-05-29,215,4,7650.54,Other,51,3,4,3,10,343,Loyal Customers
CUST01683,Customer 1683,Chennai,2026-04-30,244,2,2548.1,Male,29,3,1,1,5,311,Need Attention
CUST01684,Customer 1684,Hyderabad,2025-11-05,420,3,6599.58,Other,33,1,3,3,7,133,At Risk
CUST01685,Customer 1685,Pondicherry,2026-10-27,64,6,14835.87,Other,62,5,5,5,15,555,Champions
CUST01686,Customer 1686,Tirunelveli,2026-06-27,186,4,6641.25,Male,28,3,4,3,10,343,Loyal Customers
CUST01687,Customer 1687,Erode,2026-03-31,274,4,10395.560000000001,Male,22,2,4,4,10,244,At Risk
CUST01688,Customer 1688,Tirunelveli,2026-02-20,313,3,4185.76,Male,19,2,3,2,7,232,At Risk
CUST01689,Customer 1689,Salem,2025-05-09,600,2,9099.74,Male,24,1,1,4,6,114,Lost Customers
CUST01690,Customer 1690,Hyderabad,2026-07-30,153,3,3694.85,Male,23,3,3,2,8,332,Need Attention
CUST01691,Customer 1691,Trichy,2026-05-29,215,2,2423.0,Female,32,3,1,1,5,311,Need Attention
CUST01692,Customer 1692,Hyderabad,2025-09-21,465,2,3658.58,Female,46,1,1,2,4,112,Lost Customers
CUST01693,Customer 1693,Madurai,2026-07-26,157,7,18257.739999999998,Male,51,3,5,5,13,355,Loyal Customers
CUST01694,Customer 1694,Thanjavur,2025-11-28,397,2,1261.7,Male,60,1,1,1,3,111,Lost Customers
CUST01695,Customer 1695,Erode,2026-01-27,337,1,784.6,Female,48,2,1,1,4,211,Need Attention
CUST01696,Customer 1696,Vellore,2026-01-18,346,1,1532.94,Other,35,2,1,1,4,211,Need Attention
CUST01697,Customer 1697,Vellore,2025-07-21,527,2,5279.71,Male,62,1,1,2,4,112,Lost Customers
CUST01698,Customer 1698,Erode,2026-10-11,80,4,5180.91,Other,56,5,4,2,11,542,Loyal Customers
CUST01699,Customer 1699,Bengaluru,2026-08-09,143,3,11583.14,Other,58,4,3,5,12,435,Big Spenders
CUST01700,Customer 1700,Hyderabad,2025-12-21,374,2,6319.74,Other,58,2,1,3,6,213,Need Attention
CUST01701,Customer 1701,Erode,2026-07-14,169,2,5464.19,Female,40,3,1,3,7,313,Need Attention
CUST01702,Customer 1702,Erode,2025-11-30,395,2,3262.77,Male,23,1,1,2,4,112,Lost Customers
CUST01703,Customer 1703,Salem,2026-07-14,169,4,6353.73,Female,44,3,4,3,10,343,Loyal Customers
CUST01704,Customer 1704,Chennai,2026-01-04,360,4,14011.61,Female,18,2,4,5,11,245,At Risk
CUST01705,Customer 1705,Salem,2025-10-19,437,3,4175.46,Male,40,1,3,2,6,132,At Risk
CUST01706,Customer 1706,Pondicherry,2026-08-11,141,3,5654.59,Other,18,4,3,3,10,433,Potential Loyalists
CUST01707,Customer 1707,Chennai,2026-02-15,318,2,3179.62,Female,37,2,1,1,4,211,Need Attention
CUST01708,Customer 1708,Bengaluru,2026-08-28,124,3,6983.85,Female,36,4,3,3,10,433,Potential Loyalists
CUST01709,Customer 1709,Thanjavur,2025-10-06,450,2,9964.45,Male,53,1,1,4,6,114,Lost Customers
CUST01710,Customer 1710,Tirunelveli,2026-05-13,231,5,9320.52,Female,53,3,5,4,12,354,Loyal Customers
CUST01711,Customer 1711,Pondicherry,2026-10-22,69,5,10159.73,Male,28,5,5,4,14,554,Champions
CUST01712,Customer 1712,Tirunelveli,2026-08-20,132,6,14417.71,Other,42,4,5,5,14,455,Champions
CUST01713,Customer 1713,Tirunelveli,2026-10-12,79,3,9504.349999999999,Female,23,5,3,4,12,534,Big Spenders
CUST01714,Customer 1714,Bengaluru,2026-12-12,18,4,10244.05,Male,51,5,4,4,13,544,Champions
CUST01715,Customer 1715,Salem,2026-06-21,192,5,8661.64,Other,61,3,5,4,12,354,Loyal Customers
CUST01716,Customer 1716,Vellore,2026-10-10,81,2,3359.34,Other,65,5,1,2,8,512,New Customers
CUST01717,Customer 1717,Trichy,2025-12-08,387,1,1195.01,Female,44,1,1,1,3,111,Lost Customers
CUST01718,Customer 1718,Madurai,2026-01-23,341,3,5892.51,Male,29,2,3,3,8,233,At Risk
CUST01719,Customer 1719,Erode,2026-08-09,143,2,3050.8599999999997,Male,58,4,1,1,6,411,New Customers
CUST01720,Customer 1720,Pondicherry,2026-09-23,98,7,14878.61,Female,35,4,5,5,14,455,Champions
CUST01721,Customer 1721,Thanjavur,2026-08-20,132,2,6655.860000000001,Female,30,4,1,3,8,413,New Customers
CUST01723,Customer 1723,Salem,2026-05-17,227,4,9065.42,Male,24,3,4,4,11,344,Loyal Customers
CUST01724,Customer 1724,Erode,2026-06-03,210,4,7580.95,Male,63,3,4,3,10,343,Loyal Customers
CUST01725,Customer 1725,Coimbatore,2026-07-08,175,1,1272.93,Male,32,3,1,1,5,311,Need Attention
CUST01726,Customer 1726,Trichy,2025-12-01,394,3,9273.35,Male,49,1,3,4,8,134,At Risk
CUST01727,Customer 1727,Erode,2026-07-27,156,5,8195.529999999999,Female,37,3,5,4,12,354,Loyal Customers
CUST01728,Customer 1728,Chennai,2026-07-22,161,4,7944.91,Female,62,3,4,4,11,344,Loyal Customers
CUST01729,Customer 1729,Chennai,2026-06-14,199,6,11220.8,Male,27,3,5,5,13,355,Loyal Customers
CUST01730,Customer 1730,Vellore,2026-07-16,167,2,2900.46,Female,22,3,1,1,5,311,Need Attention
CUST01731,Customer 1731,Salem,2026-09-19,102,6,13470.7,Male,30,4,5,5,14,455,Champions
CUST01732,Customer 1732,Coimbatore,2026-04-05,269,4,5406.92,Female,18,2,4,2,8,242,At Risk
CUST01733,Customer 1733,Tirunelveli,2026-09-29,92,3,13518.529999999999,Other,33,5,3,5,13,535,Big Spenders
CUST01734,Customer 1734,Pondicherry,2026-06-13,200,3,3613.54,Female,33,3,3,2,8,332,Need Attention
CUST01735,Customer 1735,Pondicherry,2026-04-19,255,4,12430.55,Male,47,2,4,5,11,245,At Risk
CUST01736,Customer 1736,Hyderabad,2026-08-26,126,2,8696.7,Male,51,4,1,4,9,414,Big Spenders
CUST01737,Customer 1737,Hyderabad,2026-11-05,55,4,11266.72,Female,42,5,4,5,14,545,Champions
CUST01738,Customer 1738,Hyderabad,2026-05-16,228,2,2094.79,Female,28,3,1,1,5,311,Need Attention
CUST01739,Customer 1739,Vellore,2025-12-20,375,3,3865.03,Male,65,2,3,2,7,232,At Risk
CUST01740,Customer 1740,Erode,2025-12-25,370,6,10349.83,Male,34,2,5,4,11,254,At Risk
CUST01741,Customer 1741,Thanjavur,2026-01-13,351,3,12400.349999999999,Female,30,2,3,5,10,235,At Risk
CUST01742,Customer 1742,Coimbatore,2026-08-31,121,7,17395.42,Other,31,4,5,5,14,455,Champions
CUST01743,Customer 1743,Thanjavur,2026-08-13,139,6,10891.24,Other,45,4,5,4,13,454,Champions
CUST01744,Customer 1744,Bengaluru,2026-09-16,105,6,5086.030000000001,Male,35,4,5,2,11,452,Loyal Customers
CUST01745,Customer 1745,Chennai,2026-07-21,162,4,7363.1900000000005,Female,33,3,4,3,10,343,Loyal Customers
CUST01746,Customer 1746,Erode,2026-02-24,309,2,5029.790000000001,Other,62,2,1,2,5,212,Need Attention
CUST01747,Customer 1747,Thanjavur,2026-04-11,263,3,9844.63,Other,27,2,3,4,9,234,At Risk
CUST01749,Customer 1749,Bengaluru,2026-08-20,132,1,1097.5,Male,61,4,1,1,6,411,New Customers
CUST01750,Customer 1750,Chennai,2026-02-28,305,2,10201.740000000002,Other,21,2,1,4,7,214,Need Attention
CUST01751,Customer 1751,Pondicherry,2026-05-21,223,3,5082.93,Other,27,3,3,2,8,332,Need Attention
CUST01752,Customer 1752,Erode,2026-08-29,123,3,3285.4900000000002,Male,26,4,3,2,9,432,Potential Loyalists
CUST01753,Customer 1753,Hyderabad,2026-05-16,228,2,4077.2599999999998,Female,53,3,1,2,6,312,Need Attention
CUST01754,Customer 1754,Pondicherry,2026-02-19,314,6,11964.8,Female,46,2,5,5,12,255,At Risk
CUST01755,Customer 1755,Tirunelveli,2026-06-10,203,6,8051.4,Male,62,3,5,4,12,354,Loyal Customers
CUST01756,Customer 1756,Salem,2026-05-20,224,3,4269.7699999999995,Other,26,3,3,2,8,332,Need Attention
CUST01757,Customer 1757,Erode,2025-05-04,605,1,1259.37,Female,63,1,1,1,3,111,Lost Customers
CUST01758,Customer 1758,Pondicherry,2026-03-21,284,4,12492.380000000001,Female,52,2,4,5,11,245,At Risk
CUST01759,Customer 1759,Madurai,2026-07-26,157,4,5653.35,Male,54,3,4,3,10,343,Loyal Customers
CUST01760,Customer 1760,Pondicherry,2026-08-16,136,2,4200.360000000001,Female,38,4,1,2,7,412,New Customers
CUST01761,Customer 1761,Vellore,2025-11-21,404,1,1123.62,Female,56,1,1,1,3,111,Lost Customers
CUST01763,Customer 1763,Vellore,2026-07-03,180,3,5970.83,Female,34,3,3,3,9,333,Need Attention
CUST01764,Customer 1764,Hyderabad,2026-04-06,268,4,7206.32,Female,18,2,4,3,9,243,At Risk
CUST01765,Customer 1765,Madurai,2026-02-24,309,3,2224.01,Female,64,2,3,1,6,231,At Risk
CUST01766,Customer 1766,Bengaluru,2025-01-27,702,1,614.44,Other,41,1,1,1,3,111,Lost Customers
CUST01767,Customer 1767,Coimbatore,2025-06-22,556,1,1686.86,Female,64,1,1,1,3,111,Lost Customers
CUST01768,Customer 1768,Trichy,2026-03-17,288,2,2429.25,Other,42,2,1,1,4,211,Need Attention
CUST01769,Customer 1769,Vellore,2026-08-06,146,4,5134.22,Other,49,4,4,2,10,442,Loyal Customers
CUST01770,Customer 1770,Thanjavur,2026-08-17,135,3,4945.360000000001,Other,36,4,3,2,9,432,Potential Loyalists
CUST01771,Customer 1771,Coimbatore,2026-11-12,48,4,15153.380000000001,Other,38,5,4,5,14,545,Champions
CUST01772,Customer 1772,Coimbatore,2026-03-21,284,5,19828.07,Other,60,2,5,5,12,255,At Risk
CUST01773,Customer 1773,Chennai,2026-09-16,105,7,19431.690000000002,Male,29,4,5,5,14,455,Champions
CUST01774,Customer 1774,Trichy,2026-10-09,82,5,7633.400000000001,Male,49,5,5,3,13,553,Loyal Customers
CUST01775,Customer 1775,Hyderabad,2026-03-01,304,1,3280.46,Male,54,2,1,2,5,212,Need Attention
CUST01776,Customer 1776,Erode,2026-08-16,136,1,4287.05,Female,60,4,1,2,7,412,New Customers
CUST01777,Customer 1777,Bengaluru,2026-10-13,78,6,14989.98,Other,62,5,5,5,15,555,Champions
CUST01778,Customer 1778,Trichy,2026-10-10,81,5,14398.73,Male,41,5,5,5,15,555,Champions
CUST01779,Customer 1779,Chennai,2025-12-11,384,3,12959.03,Other,22,1,3,5,9,135,At Risk
CUST01780,Customer 1780,Coimbatore,2026-10-03,88,3,6943.51,Other,49,5,3,3,11,533,Potential Loyalists
CUST01781,Customer 1781,Thanjavur,2025-06-18,560,4,11119.51,Other,21,1,4,5,10,145,At Risk
CUST01782,Customer 1782,Thanjavur,2026-10-04,87,7,12163.25,Other,44,5,5,5,15,555,Champions
CUST01783,Customer 1783,Bengaluru,2026-06-16,197,4,4546.9400000000005,Other,21,3,4,2,9,342,Loyal Customers
CUST01784,Customer 1784,Pondicherry,2026-08-12,140,10,14015.34,Other,20,4,5,5,14,455,Champions
CUST01785,Customer 1785,Trichy,2026-02-20,313,2,3758.2799999999997,Female,22,2,1,2,5,212,Need Attention
CUST01786,Customer 1786,Pondicherry,2025-05-17,592,2,1448.75,Male,24,1,1,1,3,111,Lost Customers
CUST01787,Customer 1787,Trichy,2026-03-17,288,1,1790.47,Other,42,2,1,1,4,211,Need Attention
CUST01788,Customer 1788,Trichy,2026-11-14,46,4,6160.32,Other,60,5,4,3,12,543,Loyal Customers
CUST01789,Customer 1789,Vellore,2026-09-06,115,4,8514.35,Other,29,4,4,4,12,444,Champions
CUST01790,Customer 1790,Pondicherry,2026-08-27,125,5,7284.67,Other,44,4,5,3,12,453,Loyal Customers
CUST01791,Customer 1791,Thanjavur,2026-01-26,338,1,1264.43,Other,54,2,1,1,4,211,Need Attention
CUST01792,Customer 1792,Hyderabad,2026-11-11,49,3,4255.47,Female,62,5,3,2,10,532,Potential Loyalists
CUST01793,Customer 1793,Madurai,2026-08-24,128,3,3181.5,Male,28,4,3,1,8,431,Need Attention
CUST01794,Customer 1794,Thanjavur,2025-10-24,432,2,1626.2800000000002,Female,50,1,1,1,3,111,Lost Customers
CUST01795,Customer 1795,Bengaluru,2026-09-27,94,2,6414.97,Male,52,5,1,3,9,513,New Customers
CUST01796,Customer 1796,Vellore,2026-07-22,161,4,9153.59,Female,38,3,4,4,11,344,Loyal Customers
CUST01797,Customer 1797,Hyderabad,2025-11-22,403,2,3733.3999999999996,Female,44,1,1,2,4,112,Lost Customers
CUST01798,Customer 1798,Bengaluru,2026-02-09,324,2,6812.049999999999,Other,38,2,1,3,6,213,Need Attention
CUST01799,Customer 1799,Trichy,2026-08-16,136,6,13830.1,Other,52,4,5,5,14,455,Champions
CUST01800,Customer 1800,Salem,2026-10-11,80,4,11175.37,Other,65,5,4,5,14,545,Champions
CUST01801,Customer 1801,Tirunelveli,2026-06-22,191,7,9072.06,Female,46,3,5,4,12,354,Loyal Customers
CUST01802,Customer 1802,Salem,2025-08-26,491,2,8167.45,Other,20,1,1,4,6,114,Lost Customers
CUST01803,Customer 1803,Madurai,2026-01-29,335,7,26268.68,Male,51,2,5,5,12,255,At Risk
CUST01804,Customer 1804,Trichy,2026-08-22,130,3,7116.99,Male,37,4,3,3,10,433,Potential Loyalists
CUST01805,Customer 1805,Pondicherry,2026-09-14,107,2,2686.05,Female,19,4,1,1,6,411,New Customers
CUST01806,Customer 1806,Vellore,2026-10-12,79,3,7068.550000000001,Female,53,5,3,3,11,533,Potential Loyalists
CUST01807,Customer 1807,Madurai,2026-10-16,75,5,12098.279999999999,Other,54,5,5,5,15,555,Champions
CUST01808,Customer 1808,Thanjavur,2026-02-10,323,1,2499.39,Male,47,2,1,1,4,211,Need Attention
CUST01809,Customer 1809,Thanjavur,2026-03-08,297,3,7229.08,Male,34,2,3,3,8,233,At Risk
CUST01810,Customer 1810,Salem,2026-07-12,171,4,9017.759999999998,Male,32,3,4,4,11,344,Loyal Customers
CUST01811,Customer 1811,Bengaluru,2026-05-29,215,4,4408.59,Female,23,3,4,2,9,342,Loyal Customers
CUST01812,Customer 1812,Pondicherry,2026-08-29,123,4,6576.29,Other,31,4,4,3,11,443,Loyal Customers
CUST01813,Customer 1813,Erode,2026-02-27,306,4,13422.05,Other,38,2,4,5,11,245,At Risk
CUST01814,Customer 1814,Pondicherry,2026-03-10,295,3,7230.450000000001,Female,62,2,3,3,8,233,At Risk
CUST01815,Customer 1815,Hyderabad,2026-11-11,49,3,5029.51,Male,56,5,3,2,10,532,Potential Loyalists
CUST01816,Customer 1816,Bengaluru,2026-12-13,17,2,6586.53,Male,64,5,1,3,9,513,New Customers
CUST01818,Customer 1818,Coimbatore,2026-11-02,58,5,9746.619999999999,Female,44,5,5,4,14,554,Champions
CUST01819,Customer 1819,Hyderabad,2025-12-31,364,3,8508.24,Male,65,2,3,4,9,234,At Risk
CUST01820,Customer 1820,Hyderabad,2026-04-28,246,2,1691.09,Other,18,2,1,1,4,211,Need Attention
CUST01821,Customer 1821,Chennai,2025-08-17,500,1,2000.72,Other,42,1,1,1,3,111,Lost Customers
CUST01822,Customer 1822,Thanjavur,2026-01-30,334,9,17015.32,Other,20,2,5,5,12,255,At Risk
CUST01823,Customer 1823,Thanjavur,2026-02-04,329,2,3521.7,Other,27,2,1,2,5,212,Need Attention
CUST01824,Customer 1824,Madurai,2026-10-31,60,4,5616.16,Other,32,5,4,3,12,543,Loyal Customers
CUST01825,Customer 1825,Tirunelveli,2026-03-25,280,6,20679.11,Other,64,2,5,5,12,255,At Risk
CUST01826,Customer 1826,Vellore,2026-10-19,72,2,3738.2599999999998,Other,54,5,1,2,8,512,New Customers
CUST01828,Customer 1828,Madurai,2026-06-22,191,4,11013.26,Female,27,3,4,5,12,345,Loyal Customers
CUST01829,Customer 1829,Bengaluru,2026-09-27,94,2,6772.84,Male,48,5,1,3,9,513,New Customers
CUST01830,Customer 1830,Tirunelveli,2026-01-23,341,4,9783.59,Male,53,2,4,4,10,244,At Risk
CUST01831,Customer 1831,Vellore,2025-10-05,451,2,2069.82,Male,43,1,1,1,3,111,Lost Customers
CUST01832,Customer 1832,Madurai,2026-09-29,92,8,19903.9,Other,26,5,5,5,15,555,Champions
CUST01833,Customer 1833,Erode,2025-07-16,532,6,12308.84,Other,30,1,5,5,11,155,At Risk
CUST01834,Customer 1834,Trichy,2026-08-22,130,3,3858.04,Other,54,4,3,2,9,432,Potential Loyalists
CUST01835,Customer 1835,Vellore,2026-10-02,89,5,18750.17,Other,65,5,5,5,15,555,Champions
CUST01836,Customer 1836,Salem,2026-10-17,74,4,16472.92,Male,22,5,4,5,14,545,Champions
CUST01837,Customer 1837,Hyderabad,2026-04-22,252,2,4619.21,Female,38,2,1,2,5,212,Need Attention
CUST01838,Customer 1838,Hyderabad,2026-10-20,71,3,6049.02,Male,25,5,3,3,11,533,Potential Loyalists
CUST01839,Customer 1839,Thanjavur,2026-04-21,253,1,1965.99,Female,41,2,1,1,4,211,Need Attention
CUST01840,Customer 1840,Bengaluru,2026-08-27,125,2,4762.950000000001,Female,40,4,1,2,7,412,New Customers
CUST01841,Customer 1841,Madurai,2025-12-02,393,3,3890.58,Male,37,1,3,2,6,132,At Risk
CUST01842,Customer 1842,Bengaluru,2026-04-08,266,4,9194.49,Other,46,2,4,4,10,244,At Risk
CUST01843,Customer 1843,Trichy,2026-03-28,277,3,14094.26,Female,20,2,3,5,10,235,At Risk
CUST01844,Customer 1844,Madurai,2026-01-01,363,3,4716.71,Other,41,2,3,2,7,232,At Risk
CUST01845,Customer 1845,Coimbatore,2026-04-08,266,6,14004.689999999999,Other,23,2,5,5,12,255,At Risk
CUST01846,Customer 1846,Bengaluru,2026-04-08,266,4,15423.75,Male,33,2,4,5,11,245,At Risk
CUST01847,Customer 1847,Thanjavur,2026-08-03,149,2,8749.460000000001,Female,18,4,1,4,9,414,Big Spenders
CUST01848,Customer 1848,Erode,2026-07-25,158,3,8452.36,Male,37,3,3,4,10,334,Big Spenders
CUST01849,Customer 1849,Trichy,2025-02-15,683,3,5795.51,Male,39,1,3,3,7,133,At Risk
CUST01850,Customer 1850,Trichy,2026-07-28,155,2,3603.9700000000003,Other,31,3,2,2,7,322,Need Attention
CUST01851,Customer 1851,Vellore,2026-12-03,27,5,4745.219999999999,Other,34,5,5,2,12,552,Loyal Customers
CUST01852,Customer 1852,Madurai,2025-07-24,524,5,10783.05,Other,64,1,5,4,10,154,At Risk
CUST01853,Customer 1853,Chennai,2026-03-15,290,2,2248.4,Other,60,2,2,1,5,221,Need Attention
CUST01854,Customer 1854,Vellore,2026-10-26,65,6,7882.320000000001,Other,60,5,5,4,14,554,Champions
CUST01855,Customer 1855,Chennai,2026-09-26,95,5,7688.139999999999,Female,28,4,5,3,12,453,Loyal Customers
CUST01857,Customer 1857,Hyderabad,2026-07-12,171,3,10453.9,Male,47,3,3,4,10,334,Big Spenders
CUST01858,Customer 1858,Hyderabad,2025-12-31,364,2,2889.9700000000003,Male,42,2,2,1,5,221,Need Attention
CUST01859,Customer 1859,Thanjavur,2026-03-23,282,3,2288.7,Other,60,2,3,1,6,231,At Risk
CUST01860,Customer 1860,Salem,2026-09-20,101,4,21180.38,Male,19,4,4,5,13,445,Champions
CUST01861,Customer 1861,Trichy,2025-08-15,502,2,4575.58,Other,42,1,2,2,5,122,Lost Customers
CUST01862,Customer 1862,Coimbatore,2025-10-23,433,3,5830.360000000001,Other,63,1,3,3,7,133,At Risk
CUST01863,Customer 1863,Vellore,2025-04-20,619,1,442.58,Female,56,1,1,1,3,111,Lost Customers
CUST01864,Customer 1864,Vellore,2026-09-26,95,5,16235.77,Male,30,4,5,5,14,455,Champions
CUST01865,Customer 1865,Chennai,2026-06-25,188,5,9196.07,Other,63,3,5,4,12,354,Loyal Customers
CUST01866,Customer 1866,Salem,2026-03-07,298,4,7808.66,Male,51,2,4,3,9,243,At Risk
CUST01867,Customer 1867,Pondicherry,2026-11-08,52,3,10857.23,Female,43,5,3,4,12,534,Big Spenders
CUST01868,Customer 1868,Hyderabad,2026-04-29,245,2,7065.58,Male,40,3,2,3,8,323,Need Attention
CUST01869,Customer 1869,Salem,2026-08-17,135,1,1811.92,Female,58,4,1,1,6,411,New Customers
CUST01870,Customer 1870,Chennai,2026-03-30,275,5,12105.16,Other,35,2,5,5,12,255,At Risk
CUST01872,Customer 1872,Madurai,2025-05-16,593,2,4948.389999999999,Female,32,1,2,2,5,122,Lost Customers
CUST01873,Customer 1873,Madurai,2025-03-25,645,2,6711.0,Female,60,1,2,3,6,123,Lost Customers
CUST01874,Customer 1874,Vellore,2025-05-25,584,2,4011.63,Other,42,1,2,2,5,122,Lost Customers
CUST01875,Customer 1875,Hyderabad,2026-09-05,116,2,3865.04,Other,58,4,2,2,8,422,Potential Loyalists
CUST01877,Customer 1877,Bengaluru,2025-07-04,544,3,2610.2799999999997,Female,37,1,3,1,5,131,At Risk
CUST01878,Customer 1878,Madurai,2026-06-28,185,4,12309.57,Female,52,3,4,5,12,345,Loyal Customers
CUST01879,Customer 1879,Bengaluru,2025-09-04,482,2,4558.46,Other,26,1,2,2,5,122,Lost Customers
CUST01880,Customer 1880,Madurai,2025-12-27,368,1,3828.6,Other,30,2,1,2,5,212,Need Attention
CUST01881,Customer 1881,Vellore,2026-10-28,63,5,13472.67,Other,63,5,5,5,15,555,Champions
CUST01882,Customer 1882,Hyderabad,2025-11-13,412,1,5245.8,Female,27,1,1,2,4,112,Lost Customers
CUST01883,Customer 1883,Coimbatore,2026-09-29,92,7,21683.16,Male,38,5,5,5,15,555,Champions
CUST01884,Customer 1884,Coimbatore,2026-09-28,93,7,17939.17,Other,64,5,5,5,15,555,Champions
CUST01885,Customer 1885,Pondicherry,2026-06-10,203,3,7021.29,Female,27,3,3,3,9,333,Need Attention
CUST01886,Customer 1886,Tirunelveli,2025-02-12,686,2,2162.22,Female,44,1,2,1,4,121,Lost Customers
CUST01887,Customer 1887,Hyderabad,2026-09-13,108,3,6279.74,Female,65,4,3,3,10,433,Potential Loyalists
CUST01888,Customer 1888,Trichy,2025-08-29,488,2,8836.28,Female,27,1,2,4,7,124,Lost Customers
CUST01890,Customer 1890,Salem,2026-08-04,148,2,1564.12,Other,57,4,2,1,7,421,New Customers
CUST01891,Customer 1891,Trichy,2025-10-09,447,3,5708.83,Other,57,1,3,3,7,133,At Risk
CUST01892,Customer 1892,Hyderabad,2026-01-19,345,5,8068.28,Male,32,2,5,4,11,254,At Risk
CUST01893,Customer 1893,Pondicherry,2025-06-03,575,4,5799.35,Female,23,1,4,3,8,143,At Risk
CUST01894,Customer 1894,Vellore,2026-10-07,84,3,11442.86,Female,26,5,3,5,13,535,Big Spenders
CUST01895,Customer 1895,Pondicherry,2026-10-11,80,3,7833.88,Other,48,5,3,4,12,534,Big Spenders
CUST01896,Customer 1896,Tirunelveli,2025-12-17,378,5,9194.89,Female,29,2,5,4,11,254,At Risk
CUST01897,Customer 1897,Madurai,2026-10-14,77,2,5077.55,Female,26,5,2,2,9,522,Potential Loyalists
CUST01898,Customer 1898,Tirunelveli,2026-07-02,181,3,4480.07,Male,20,3,3,2,8,332,Need Attention
CUST01899,Customer 1899,Tirunelveli,2026-04-25,249,2,2436.82,Male,35,2,2,1,5,221,Need Attention
CUST01900,Customer 1900,Trichy,2026-03-08,297,3,10494.22,Other,60,2,3,4,9,234,At Risk
CUST01901,Customer 1901,Madurai,2026-11-12,48,3,4531.43,Male,22,5,3,2,10,532,Potential Loyalists
CUST01902,Customer 1902,Pondicherry,2026-09-17,104,5,15492.099999999999,Other,49,4,5,5,14,455,Champions
CUST01903,Customer 1903,Tirunelveli,2026-07-20,163,4,11229.94,Female,33,3,4,5,12,345,Loyal Customers
CUST01904,Customer 1904,Pondicherry,2026-08-01,151,2,8773.41,Male,56,4,2,4,10,424,Big Spenders
CUST01905,Customer 1905,Thanjavur,2026-03-30,275,7,11755.39,Female,64,2,5,5,12,255,At Risk
CUST01906,Customer 1906,Bengaluru,2026-10-08,83,4,9716.619999999999,Other,65,5,4,4,13,544,Champions
CUST01907,Customer 1907,Hyderabad,2026-06-22,191,3,4414.34,Other,51,3,3,2,8,332,Need Attention
CUST01908,Customer 1908,Vellore,2026-07-31,152,5,13916.48,Other,20,4,5,5,14,455,Champions
CUST01909,Customer 1909,Chennai,2026-04-01,273,2,9895.36,Female,47,2,2,4,8,224,Need Attention
CUST01910,Customer 1910,Vellore,2026-09-29,92,2,4170.22,Male,51,5,2,2,9,522,Potential Loyalists
CUST01911,Customer 1911,Vellore,2025-04-29,610,2,2208.96,Other,20,1,2,1,4,121,Lost Customers
CUST01912,Customer 1912,Chennai,2025-04-21,618,2,8338.44,Other,58,1,2,4,7,124,Lost Customers
CUST01913,Customer 1913,Tirunelveli,2025-09-21,465,2,7088.370000000001,Female,46,1,2,3,6,123,Lost Customers
CUST01914,Customer 1914,Madurai,2026-09-29,92,4,11591.31,Female,47,5,4,5,14,545,Champions
CUST01915,Customer 1915,Chennai,2026-01-26,338,1,858.09,Female,57,2,1,1,4,211,Need Attention
CUST01916,Customer 1916,Erode,2026-10-22,69,6,8821.33,Other,27,5,5,4,14,554,Champions
CUST01917,Customer 1917,Coimbatore,2025-10-06,450,1,2294.42,Other,46,1,1,1,3,111,Lost Customers
CUST01918,Customer 1918,Madurai,2026-09-11,110,8,19564.15,Other,25,4,5,5,14,455,Champions
CUST01920,Customer 1920,Thanjavur,2026-08-29,123,3,6276.83,Female,44,4,3,3,10,433,Potential Loyalists
CUST01921,Customer 1921,Erode,2026-10-29,62,5,9074.42,Male,29,5,5,4,14,554,Champions
CUST01922,Customer 1922,Erode,2026-08-13,139,3,10630.32,Other,30,4,3,4,11,434,Big Spenders
CUST01923,Customer 1923,Pondicherry,2026-07-25,158,6,17243.5,Female,38,3,5,5,13,355,Loyal Customers
CUST01924,Customer 1924,Pondicherry,2026-10-07,84,7,17977.010000000002,Other,28,5,5,5,15,555,Champions
CUST01925,Customer 1925,Coimbatore,2026-02-07,326,3,3038.09,Male,23,2,3,1,6,231,At Risk
CUST01926,Customer 1926,Thanjavur,2026-09-16,105,8,14520.64,Female,58,4,5,5,14,455,Champions
CUST01927,Customer 1927,Tirunelveli,2025-10-30,426,2,4688.5199999999995,Other,63,1,2,2,5,122,Lost Customers
CUST01928,Customer 1928,Madurai,2026-06-07,206,4,6281.620000000001,Other,57,3,4,3,10,343,Loyal Customers
CUST01929,Customer 1929,Chennai,2025-11-22,403,2,4783.16,Other,42,1,2,2,5,122,Lost Customers
CUST01930,Customer 1930,Bengaluru,2026-01-01,363,5,8706.36,Male,39,2,5,4,11,254,At Risk
CUST01931,Customer 1931,Madurai,2026-12-02,28,9,18979.989999999998,Other,27,5,5,5,15,555,Champions
CUST01932,Customer 1932,Pondicherry,2026-09-15,106,3,3271.19,Male,29,4,3,2,9,432,Potential Loyalists
CUST01933,Customer 1933,Salem,2025-12-23,372,2,3494.89,Female,37,2,2,2,6,222,Need Attention
CUST01934,Customer 1934,Hyderabad,2026-09-21,100,4,4537.32,Female,36,4,4,2,10,442,Loyal Customers
CUST01935,Customer 1935,Trichy,2026-03-08,297,2,7268.14,Male,26,2,2,3,7,223,Need Attention
CUST01936,Customer 1936,Chennai,2026-06-10,203,7,13958.609999999999,Other,34,3,5,5,13,355,Loyal Customers
CUST01937,Customer 1937,Vellore,2025-07-05,543,2,4444.19,Female,49,1,2,2,5,122,Lost Customers
CUST01938,Customer 1938,Erode,2026-08-16,136,3,13653.52,Male,56,4,3,5,12,435,Big Spenders
CUST01939,Customer 1939,Hyderabad,2026-10-13,78,1,445.42,Male,55,5,1,1,7,511,New Customers
CUST01940,Customer 1940,Erode,2026-07-17,166,3,2778.35,Female,44,3,3,1,7,331,Need Attention
CUST01941,Customer 1941,Chennai,2026-05-29,215,2,3280.86,Other,56,3,2,2,7,322,Need Attention
CUST01942,Customer 1942,Bengaluru,2026-01-07,357,4,16005.19,Other,35,2,4,5,11,245,At Risk
CUST01944,Customer 1944,Hyderabad,2025-06-19,559,3,5375.92,Male,21,1,3,2,6,132,At Risk
CUST01945,Customer 1945,Chennai,2026-01-27,337,4,8723.35,Male,27,2,4,4,10,244,At Risk
CUST01946,Customer 1946,Salem,2026-08-10,142,2,2200.73,Other,56,4,2,1,7,421,New Customers
CUST01947,Customer 1947,Coimbatore,2026-04-23,251,2,4376.57,Male,21,2,2,2,6,222,Need Attention
CUST01948,Customer 1948,Hyderabad,2026-04-22,252,3,9191.09,Male,28,2,3,4,9,234,At Risk
CUST01949,Customer 1949,Pondicherry,2026-04-27,247,6,7879.48,Other,60,2,5,4,11,254,At Risk
CUST01950,Customer 1950,Vellore,2026-10-04,87,9,11895.26,Other,54,5,5,5,15,555,Champions
CUST01951,Customer 1951,Bengaluru,2026-05-12,232,2,2515.2200000000003,Female,65,3,2,1,6,321,Need Attention
CUST01952,Customer 1952,Salem,2026-10-05,86,3,4293.36,Male,23,5,3,2,10,532,Potential Loyalists
CUST01953,Customer 1953,Coimbatore,2026-09-30,91,7,12061.28,Female,42,5,5,5,15,555,Champions
CUST01954,Customer 1954,Coimbatore,2026-06-06,207,4,8167.79,Female,53,3,4,4,11,344,Loyal Customers
CUST01955,Customer 1955,Coimbatore,2025-06-04,574,3,5837.65,Female,26,1,3,3,7,133,At Risk
CUST01956,Customer 1956,Vellore,2026-09-14,107,5,7840.15,Female,39,4,5,4,13,454,Champions
CUST01957,Customer 1957,Pondicherry,2026-09-07,114,2,4757.35,Other,31,4,2,2,8,422,Potential Loyalists
CUST01958,Customer 1958,Coimbatore,2026-05-27,217,6,15526.22,Other,21,3,5,5,13,355,Loyal Customers
CUST01959,Customer 1959,Vellore,2026-04-05,269,2,7261.9,Other,58,2,2,3,7,223,Need Attention
CUST01960,Customer 1960,Pondicherry,2025-08-26,491,2,6173.820000000001,Female,64,1,2,3,6,123,Lost Customers
CUST01961,Customer 1961,Tirunelveli,2026-09-06,115,4,7920.08,Other,36,4,4,4,12,444,Champions
CUST01962,Customer 1962,Vellore,2026-06-28,185,3,8749.39,Female,34,3,3,4,10,334,Big Spenders
CUST01963,Customer 1963,Madurai,2026-06-10,203,4,4725.28,Other,40,3,4,2,9,342,Loyal Customers
CUST01964,Customer 1964,Vellore,2026-09-02,119,5,14404.869999999999,Other,49,4,5,5,14,455,Champions
CUST01965,Customer 1965,Erode,2026-10-11,80,4,5454.65,Other,49,5,4,3,12,543,Loyal Customers
CUST01967,Customer 1967,Chennai,2026-06-13,200,3,4351.13,Female,30,3,3,2,8,332,Need Attention
CUST01968,Customer 1968,Hyderabad,2026-09-27,94,6,16264.960000000001,Male,47,5,5,5,15,555,Champions
CUST01969,Customer 1969,Trichy,2026-08-12,140,4,10935.05,Male,65,4,4,4,12,444,Champions
CUST01970,Customer 1970,Tirunelveli,2026-11-23,37,1,1000.31,Other,44,5,1,1,7,511,New Customers
CUST01971,Customer 1971,Vellore,2026-11-04,56,4,14533.19,Female,40,5,4,5,14,545,Champions
CUST01972,Customer 1972,Chennai,2026-11-20,40,4,6867.45,Other,31,5,4,3,12,543,Loyal Customers
CUST01973,Customer 1973,Salem,2025-05-01,608,1,1328.96,Male,62,1,1,1,3,111,Lost Customers
CUST01974,Customer 1974,Salem,2025-12-25,370,2,3229.33,Male,37,2,2,2,6,222,Need Attention
CUST01975,Customer 1975,Chennai,2026-07-19,164,4,7801.469999999999,Other,38,3,4,3,10,343,Loyal Customers
CUST01976,Customer 1976,Thanjavur,2026-10-02,89,1,6444.32,Other,39,5,1,3,9,513,New Customers
CUST01977,Customer 1977,Bengaluru,2026-08-13,139,5,8931.17,Other,54,4,5,4,13,454,Champions
CUST01978,Customer 1978,Thanjavur,2026-06-16,197,3,3206.72,Male,30,3,3,2,8,332,Need Attention
CUST01979,Customer 1979,Erode,2026-08-08,144,4,8713.49,Female,61,4,4,4,12,444,Champions
CUST01980,Customer 1980,Madurai,2025-11-29,396,6,10727.68,Male,59,1,5,4,10,154,At Risk
CUST01981,Customer 1981,Erode,2026-06-13,200,2,5408.1900000000005,Male,58,3,2,2,7,322,Need Attention
CUST01982,Customer 1982,Erode,2026-10-09,82,3,3376.31,Other,39,5,3,2,10,532,Potential Loyalists
CUST01983,Customer 1983,Chennai,2026-05-08,236,4,4689.85,Female,65,3,4,2,9,342,Loyal Customers
CUST01984,Customer 1984,Bengaluru,2026-10-07,84,4,8011.360000000001,Other,37,5,4,4,13,544,Champions
CUST01985,Customer 1985,Vellore,2025-11-30,395,1,679.81,Other,38,1,1,1,3,111,Lost Customers
CUST01986,Customer 1986,Bengaluru,2025-05-19,590,3,5223.37,Male,31,1,3,2,6,132,At Risk
CUST01987,Customer 1987,Coimbatore,2026-09-04,117,3,6503.54,Female,40,4,3,3,10,433,Potential Loyalists
CUST01988,Customer 1988,Thanjavur,2026-10-21,70,7,19579.260000000002,Female,19,5,5,5,15,555,Champions
CUST01989,Customer 1989,Madurai,2026-06-14,199,3,11015.650000000001,Other,52,3,3,5,11,335,Big Spenders
CUST01990,Customer 1990,Madurai,2026-09-19,102,3,11855.61,Other,42,4,3,5,12,435,Big Spenders
CUST01991,Customer 1991,Pondicherry,2026-07-06,177,2,4623.46,Male,37,3,2,2,7,322,Need Attention
CUST01992,Customer 1992,Chennai,2026-08-30,122,7,9801.869999999999,Female,63,4,5,4,13,454,Champions
CUST01993,Customer 1993,Erode,2025-12-07,388,2,3479.13,Female,23,1,2,2,5,122,Lost Customers
CUST01994,Customer 1994,Erode,2026-11-07,53,2,2477.96,Male,41,5,2,1,8,521,New Customers
CUST01995,Customer 1995,Vellore,2026-05-02,242,2,3794.7200000000003,Female,31,3,2,2,7,322,Need Attention
CUST01996,Customer 1996,Thanjavur,2026-10-03,88,2,1626.07,Male,25,5,2,1,8,521,New Customers
CUST01997,Customer 1997,Coimbatore,2026-09-15,106,4,9116.43,Male,30,4,4,4,12,444,Champions
CUST01998,Customer 1998,Erode,2025-08-22,495,1,957.5,Other,19,1,1,1,3,111,Lost Customers
CUST01999,Customer 1999,Thanjavur,2026-05-22,222,6,10101.95,Male,30,3,5,4,12,354,Loyal Customers
CUST02000,Customer 2000,Salem,2025-02-02,696,1,2507.06,Other,51,1,1,1,3,111,Lost Customers
CUST02001,Customer 2001,Coimbatore,2026-09-07,114,6,12007.85,Female,27,4,5,5,14,455,Champions
CUST02002,Customer 2002,Madurai,2026-08-11,141,4,10970.09,Other,61,4,4,5,13,445,Champions
CUST02003,Customer 2003,Erode,2026-06-10,203,2,4485.3,Other,20,3,2,2,7,322,Need Attention
CUST02004,Customer 2004,Coimbatore,2026-08-13,139,4,3629.99,Other,51,4,4,2,10,442,Loyal Customers
CUST02005,Customer 2005,Hyderabad,2025-04-09,630,3,4631.8,Female,20,1,3,2,6,132,At Risk
CUST02006,Customer 2006,Thanjavur,2025-08-29,488,2,1364.1200000000001,Other,23,1,2,1,4,121,Lost Customers
CUST02007,Customer 2007,Vellore,2026-08-01,151,4,10376.05,Male,24,4,4,4,12,444,Champions
CUST02008,Customer 2008,Salem,2026-09-02,119,2,5361.16,Other,65,4,2,2,8,422,Potential Loyalists
CUST02010,Customer 2010,Trichy,2026-09-01,120,5,13592.119999999999,Female,30,4,5,5,14,455,Champions
CUST02011,Customer 2011,Thanjavur,2025-02-12,686,1,856.08,Female,52,1,1,1,3,111,Lost Customers
CUST02012,Customer 2012,Coimbatore,2026-09-24,97,5,18249.16,Female,60,4,5,5,14,455,Champions
CUST02013,Customer 2013,Salem,2026-07-15,168,8,22398.079999999998,Male,28,3,5,5,13,355,Loyal Customers
CUST02014,Customer 2014,Vellore,2026-04-27,247,3,10570.3,Male,57,2,3,4,9,234,At Risk
CUST02015,Customer 2015,Vellore,2026-09-26,95,3,11375.960000000001,Male,31,4,3,5,12,435,Big Spenders
CUST02016,Customer 2016,Salem,2026-07-11,172,6,7102.24,Other,38,3,5,3,11,353,Loyal Customers
CUST02017,Customer 2017,Bengaluru,2026-06-08,205,5,10614.68,Other,36,3,5,4,12,354,Loyal Customers
CUST02018,Customer 2018,Salem,2026-10-19,72,4,11005.470000000001,Male,22,5,4,5,14,545,Champions
CUST02019,Customer 2019,Erode,2025-11-08,417,2,5031.219999999999,Female,52,1,2,2,5,122,Lost Customers
CUST02021,Customer 2021,Tirunelveli,2026-11-05,55,4,7581.01,Male,24,5,4,3,12,543,Loyal Customers
CUST02022,Customer 2022,Tirunelveli,2026-10-07,84,3,7288.21,Male,45,5,3,3,11,533,Potential Loyalists
CUST02023,Customer 2023,Bengaluru,2024-12-17,743,1,1457.11,Other,56,1,1,1,3,111,Lost Customers
CUST02024,Customer 2024,Erode,2026-06-24,189,3,3381.98,Other,62,3,3,2,8,332,Need Attention
CUST02025,Customer 2025,Thanjavur,2025-06-08,570,1,691.46,Female,37,1,1,1,3,111,Lost Customers
CUST02026,Customer 2026,Hyderabad,2026-10-08,83,4,9829.66,Male,63,5,4,4,13,544,Champions
CUST02027,Customer 2027,Erode,2026-08-19,133,4,5029.32,Other,23,4,4,2,10,442,Loyal Customers
CUST02028,Customer 2028,Pondicherry,2026-09-20,101,1,3864.8,Male,23,4,1,2,7,412,New Customers
CUST02029,Customer 2029,Salem,2026-10-06,85,10,19722.85,Male,47,5,5,5,15,555,Champions
CUST02030,Customer 2030,Erode,2026-08-11,141,5,8686.869999999999,Other,63,4,5,4,13,454,Champions
CUST02031,Customer 2031,Madurai,2026-05-22,222,5,10524.42,Male,32,3,5,4,12,354,Loyal Customers
CUST02032,Customer 2032,Thanjavur,2026-04-17,257,7,13061.14,Other,34,2,5,5,12,255,At Risk
CUST02033,Customer 2033,Hyderabad,2025-08-23,494,4,7995.280000000001,Male,62,1,4,4,9,144,At Risk
CUST02034,Customer 2034,Erode,2025-10-13,443,2,10308.64,Female,47,1,2,4,7,124,Lost Customers
CUST02035,Customer 2035,Coimbatore,2026-11-10,50,4,9576.0,Male,48,5,4,4,13,544,Champions
CUST02036,Customer 2036,Madurai,2026-04-29,245,2,3457.5,Female,47,3,2,2,7,322,Need Attention
CUST02037,Customer 2037,Bengaluru,2026-05-20,224,5,7060.72,Female,56,3,5,3,11,353,Loyal Customers
CUST02038,Customer 2038,Tirunelveli,2026-07-11,172,3,6186.95,Other,24,3,3,3,9,333,Need Attention
CUST02039,Customer 2039,Thanjavur,2026-01-09,355,3,5873.27,Other,24,2,3,3,8,233,At Risk
CUST02040,Customer 2040,Salem,2026-04-01,273,4,4732.67,Other,22,2,4,2,8,242,At Risk
CUST02041,Customer 2041,Bengaluru,2025-11-19,406,2,6329.719999999999,Female,43,1,2,3,6,123,Lost Customers
CUST02042,Customer 2042,Trichy,2025-02-14,684,1,905.56,Male,57,1,1,1,3,111,Lost Customers
CUST02043,Customer 2043,Tirunelveli,2026-03-22,283,4,7485.59,Male,48,2,4,3,9,243,At Risk
CUST02044,Customer 2044,Pondicherry,2026-10-19,72,5,10194.79,Female,31,5,5,4,14,554,Champions
CUST02045,Customer 2045,Bengaluru,2026-09-25,96,2,8816.16,Female,45,4,2,4,10,424,Big Spenders
CUST02046,Customer 2046,Pondicherry,2025-05-25,584,3,7888.59,Female,52,1,3,4,8,134,At Risk
CUST02047,Customer 2047,Hyderabad,2026-02-12,321,4,11705.369999999999,Male,60,2,4,5,11,245,At Risk
CUST02048,Customer 2048,Bengaluru,2026-08-16,136,3,2924.42,Other,63,4,3,1,8,431,Need Attention
CUST02049,Customer 2049,Bengaluru,2026-04-16,258,5,7260.639999999999,Female,25,2,5,3,10,253,At Risk
CUST02050,Customer 2050,Vellore,2026-04-06,268,2,1407.21,Female,38,2,2,1,5,221,Need Attention
CUST02051,Customer 2051,Salem,2025-01-11,718,1,419.3,Female,29,1,1,1,3,111,Lost Customers
CUST02053,Customer 2053,Thanjavur,2026-10-23,68,4,9145.53,Other,42,5,4,4,13,544,Champions
CUST02054,Customer 2054,Chennai,2025-11-12,413,2,4877.67,Other,60,1,2,2,5,122,Lost Customers
CUST02055,Customer 2055,Bengaluru,2026-10-14,77,4,8031.41,Male,26,5,4,4,13,544,Champions
CUST02056,Customer 2056,Madurai,2026-05-31,213,5,8214.59,Other,18,3,5,4,12,354,Loyal Customers
CUST02057,Customer 2057,Vellore,2026-03-24,281,4,7821.790000000001,Male,46,2,4,4,10,244,At Risk
CUST02058,Customer 2058,Bengaluru,2026-06-03,210,3,3984.87,Female,57,3,3,2,8,332,Need Attention
CUST02059,Customer 2059,Hyderabad,2025-11-04,421,3,7828.43,Male,31,1,3,4,8,134,At Risk
CUST02060,Customer 2060,Bengaluru,2026-04-05,269,3,5380.43,Female,37,2,3,2,7,232,At Risk
CUST02061,Customer 2061,Tirunelveli,2026-04-13,261,4,16214.81,Other,37,2,4,5,11,245,At Risk
CUST02062,Customer 2062,Bengaluru,2025-03-19,651,1,1560.16,Female,23,1,1,1,3,111,Lost Customers
CUST02063,Customer 2063,Tirunelveli,2026-08-31,121,4,3745.4,Other,50,4,4,2,10,442,Loyal Customers
CUST02064,Customer 2064,Chennai,2026-01-05,359,4,6977.8,Male,36,2,4,3,9,243,At Risk
CUST02065,Customer 2065,Chennai,2025-09-17,469,2,1460.24,Other,21,1,2,1,4,121,Lost Customers
CUST02066,Customer 2066,Coimbatore,2026-08-10,142,1,2265.12,Other,40,4,1,1,6,411,New Customers
CUST02067,Customer 2067,Trichy,2026-09-07,114,4,4785.62,Female,19,4,4,2,10,442,Loyal Customers
CUST02068,Customer 2068,Tirunelveli,2026-09-10,111,4,11333.04,Other,55,4,4,5,13,445,Champions
CUST02069,Customer 2069,Tirunelveli,2026-11-08,52,3,5585.34,Female,63,5,3,3,11,533,Potential Loyalists
CUST02070,Customer 2070,Vellore,2026-10-21,70,7,14373.260000000002,Female,45,5,5,5,15,555,Champions
CUST02071,Customer 2071,Erode,2026-11-04,56,4,6724.070000000001,Other,29,5,4,3,12,543,Loyal Customers
CUST02072,Customer 2072,Tirunelveli,2025-09-28,458,1,1910.52,Male,53,1,1,1,3,111,Lost Customers
CUST02074,Customer 2074,Madurai,2026-10-20,71,2,1246.06,Other,26,5,2,1,8,521,New Customers
CUST02075,Customer 2075,Chennai,2026-07-08,175,5,15249.42,Male,59,3,5,5,13,355,Loyal Customers
CUST02076,Customer 2076,Hyderabad,2026-07-01,182,3,8890.92,Other,49,3,3,4,10,334,Big Spenders
CUST02077,Customer 2077,Madurai,2026-08-28,124,6,8923.66,Male,23,4,5,4,13,454,Champions
CUST02078,Customer 2078,Pondicherry,2026-09-30,91,2,1529.5300000000002,Female,47,5,2,1,8,521,New Customers
CUST02079,Customer 2079,Madurai,2026-08-16,136,5,8357.34,Female,57,4,5,4,13,454,Champions
CUST02081,Customer 2081,Thanjavur,2026-03-13,292,4,4194.3,Female,42,2,4,2,8,242,At Risk
CUST02082,Customer 2082,Bengaluru,2026-08-12,140,2,6955.539999999999,Male,45,4,2,3,9,423,Potential Loyalists
CUST02084,Customer 2084,Salem,2026-08-18,134,1,3792.6,Other,50,4,1,2,7,412,New Customers
CUST02085,Customer 2085,Thanjavur,2026-08-22,130,6,7717.23,Other,54,4,5,3,12,453,Loyal Customers
CUST02086,Customer 2086,Erode,2026-08-10,142,6,15868.64,Male,54,4,5,5,14,455,Champions
CUST02087,Customer 2087,Bengaluru,2026-04-30,244,5,9238.4,Female,25,3,5,4,12,354,Loyal Customers
CUST02088,Customer 2088,Madurai,2026-10-13,78,5,12974.66,Other,23,5,5,5,15,555,Champions
CUST02089,Customer 2089,Salem,2025-10-01,455,2,4215.139999999999,Other,51,1,2,2,5,122,Lost Customers
CUST02090,Customer 2090,Vellore,2026-01-27,337,4,8693.02,Other,23,2,4,4,10,244,At Risk
CUST02091,Customer 2091,Erode,2026-09-01,120,5,13064.01,Male,33,4,5,5,14,455,Champions
CUST02092,Customer 2092,Hyderabad,2026-08-24,128,4,8213.27,Other,60,4,4,4,12,444,Champions
CUST02093,Customer 2093,Vellore,2026-05-10,234,5,14352.04,Other,58,3,5,5,13,355,Loyal Customers
CUST02094,Customer 2094,Bengaluru,2025-09-07,479,2,1040.83,Other,37,1,2,1,4,121,Lost Customers
CUST02095,Customer 2095,Chennai,2026-07-30,153,3,6407.65,Female,52,3,3,3,9,333,Need Attention
CUST02096,Customer 2096,Erode,2026-07-21,162,3,3874.37,Female,50,3,3,2,8,332,Need Attention
CUST02097,Customer 2097,Tirunelveli,2026-07-10,173,4,12090.57,Other,39,3,4,5,12,345,Loyal Customers
CUST02098,Customer 2098,Madurai,2026-08-09,143,2,4619.24,Female,36,4,2,2,8,422,Potential Loyalists
CUST02099,Customer 2099,Pondicherry,2025-12-10,385,4,2794.52,Other,56,1,4,1,6,141,At Risk
CUST02100,Customer 2100,Salem,2026-05-19,225,3,3167.45,Other,54,3,3,1,7,331,Need Attention
CUST02101,Customer 2101,Bengaluru,2026-09-22,99,3,3046.32,Other,48,4,3,1,8,431,Need Attention
CUST02102,Customer 2102,Hyderabad,2025-12-18,377,2,1712.3,Other,21,2,2,1,5,221,Need Attention
CUST02103,Customer 2103,Chennai,2026-08-09,143,7,18182.940000000002,Other,57,4,5,5,14,455,Champions
CUST02104,Customer 2104,Madurai,2025-07-15,533,3,11184.57,Female,23,1,3,5,9,135,At Risk
CUST02105,Customer 2105,Salem,2026-01-22,342,2,5633.57,Male,35,2,2,3,7,223,Need Attention
CUST02106,Customer 2106,Salem,2026-10-18,73,8,17015.93,Other,35,5,5,5,15,555,Champions
CUST02107,Customer 2107,Pondicherry,2025-09-01,485,2,1970.21,Female,18,1,2,1,4,121,Lost Customers
CUST02108,Customer 2108,Bengaluru,2026-12-02,28,3,3447.8199999999997,Other,29,5,3,2,10,532,Potential Loyalists
CUST02109,Customer 2109,Erode,2025-10-11,445,1,932.51,Male,60,1,1,1,3,111,Lost Customers
CUST02110,Customer 2110,Pondicherry,2026-08-31,121,4,14910.33,Male,34,4,4,5,13,445,Champions
CUST02111,Customer 2111,Vellore,2026-11-03,57,4,6213.41,Female,29,5,4,3,12,543,Loyal Customers
CUST02112,Customer 2112,Coimbatore,2026-10-05,86,1,1322.48,Male,39,5,1,1,7,511,New Customers
CUST02113,Customer 2113,Erode,2026-05-13,231,2,4289.1,Other,27,3,2,2,7,322,Need Attention
CUST02114,Customer 2114,Trichy,2026-07-03,180,4,18290.41,Female,42,3,4,5,12,345,Loyal Customers
CUST02115,Customer 2115,Hyderabad,2026-08-10,142,3,14562.83,Female,64,4,3,5,12,435,Big Spenders
CUST02116,Customer 2116,Pondicherry,2026-08-19,133,5,14991.04,Male,54,4,5,5,14,455,Champions
CUST02117,Customer 2117,Hyderabad,2026-06-09,204,5,15718.869999999999,Female,21,3,5,5,13,355,Loyal Customers
CUST02118,Customer 2118,Madurai,2026-06-15,198,3,12251.06,Male,21,3,3,5,11,335,Big Spenders
CUST02119,Customer 2119,Salem,2026-08-14,138,4,10069.27,Female,48,4,4,4,12,444,Champions
CUST02120,Customer 2120,Trichy,2026-02-07,326,3,8247.71,Other,52,2,3,4,9,234,At Risk
CUST02121,Customer 2121,Tirunelveli,2026-06-22,191,4,9020.03,Other,63,3,4,4,11,344,Loyal Customers
CUST02122,Customer 2122,Vellore,2026-10-04,87,2,4493.24,Female,27,5,2,2,9,522,Potential Loyalists
CUST02123,Customer 2123,Salem,2026-01-09,355,5,6403.78,Female,18,2,5,3,10,253,At Risk
CUST02124,Customer 2124,Hyderabad,2026-08-16,136,1,5655.4,Female,42,4,1,3,8,413,New Customers
CUST02125,Customer 2125,Chennai,2025-02-04,694,1,3499.4,Other,61,1,1,2,4,112,Lost Customers
CUST02126,Customer 2126,Thanjavur,2026-11-24,36,6,23149.52,Other,58,5,5,5,15,555,Champions
CUST02127,Customer 2127,Hyderabad,2026-04-03,271,3,5974.58,Female,57,2,3,3,8,233,At Risk
CUST02128,Customer 2128,Salem,2026-09-13,108,3,8467.34,Female,39,4,3,4,11,434,Big Spenders
CUST02129,Customer 2129,Hyderabad,2025-06-01,577,1,1784.37,Male,34,1,1,1,3,111,Lost Customers
CUST02130,Customer 2130,Hyderabad,2026-05-01,243,1,2432.85,Female,47,3,1,1,5,311,Need Attention
CUST02131,Customer 2131,Hyderabad,2025-05-26,583,1,3644.19,Male,64,1,1,2,4,112,Lost Customers
CUST02132,Customer 2132,Thanjavur,2026-08-18,134,3,8206.28,Male,51,4,3,4,11,434,Big Spenders
CUST02133,Customer 2133,Thanjavur,2026-06-10,203,5,10182.560000000001,Other,29,3,5,4,12,354,Loyal Customers
CUST02134,Customer 2134,Chennai,2026-08-15,137,3,12972.61,Male,61,4,3,5,12,435,Big Spenders
CUST02135,Customer 2135,Tirunelveli,2025-02-17,681,2,6897.450000000001,Male,18,1,2,3,6,123,Lost Customers
CUST02136,Customer 2136,Hyderabad,2025-08-24,493,2,5916.9,Other,24,1,2,3,6,123,Lost Customers
CUST02137,Customer 2137,Pondicherry,2026-07-26,157,3,3837.02,Female,32,3,3,2,8,332,Need Attention
CUST02138,Customer 2138,Chennai,2025-12-27,368,2,3264.46,Female,30,2,2,2,6,222,Need Attention
CUST02139,Customer 2139,Chennai,2025-01-29,700,2,1604.49,Other,23,1,2,1,4,121,Lost Customers
CUST02140,Customer 2140,Bengaluru,2026-06-14,199,2,2750.05,Other,31,3,2,1,6,321,Need Attention
CUST02141,Customer 2141,Coimbatore,2026-06-25,188,5,4026.4700000000003,Male,63,3,5,2,10,352,Loyal Customers
CUST02142,Customer 2142,Tirunelveli,2026-05-06,238,3,5802.87,Other,26,3,3,3,9,333,Need Attention
CUST02143,Customer 2143,Madurai,2025-12-30,365,3,5258.75,Other,54,2,3,2,7,232,At Risk
CUST02144,Customer 2144,Salem,2026-06-14,199,2,2559.93,Other,29,3,2,1,6,321,Need Attention
CUST02145,Customer 2145,Coimbatore,2026-09-13,108,2,2086.58,Female,60,4,2,1,7,421,New Customers
CUST02146,Customer 2146,Tirunelveli,2025-08-13,504,2,2699.04,Female,35,1,2,1,4,121,Lost Customers
CUST02147,Customer 2147,Salem,2026-10-25,66,5,9282.79,Other,38,5,5,4,14,554,Champions
CUST02148,Customer 2148,Chennai,2026-04-13,261,2,2003.87,Male,35,2,2,1,5,221,Need Attention
CUST02150,Customer 2150,Erode,2026-08-23,129,5,16981.86,Female,29,4,5,5,14,455,Champions
CUST02151,Customer 2151,Bengaluru,2026-09-14,107,2,2092.59,Female,30,4,2,1,7,421,New Customers
CUST02152,Customer 2152,Erode,2026-05-07,237,1,3013.44,Male,59,3,1,1,5,311,Need Attention
CUST02153,Customer 2153,Tirunelveli,2026-09-08,113,6,11705.47,Male,52,4,5,5,14,455,Champions
CUST02154,Customer 2154,Coimbatore,2025-11-22,403,4,9331.6,Other,59,1,4,4,9,144,At Risk
CUST02155,Customer 2155,Coimbatore,2026-08-17,135,4,6209.5,Other,34,4,4,3,11,443,Loyal Customers
CUST02156,Customer 2156,Bengaluru,2025-07-02,546,2,4065.73,Male,22,1,2,2,5,122,Lost Customers
CUST02157,Customer 2157,Chennai,2026-10-08,83,2,3740.37,Female,46,5,2,2,9,522,Potential Loyalists
CUST02158,Customer 2158,Hyderabad,2026-10-15,76,3,7277.82,Male,59,5,3,3,11,533,Potential Loyalists
CUST02159,Customer 2159,Tirunelveli,2025-05-20,589,3,5131.99,Male,60,1,3,2,6,132,At Risk
CUST02161,Customer 2161,Vellore,2026-08-14,138,3,12380.5,Other,18,4,3,5,12,435,Big Spenders
CUST02162,Customer 2162,Tirunelveli,2026-01-01,363,3,4379.14,Female,48,2,3,2,7,232,At Risk
CUST02163,Customer 2163,Vellore,2025-10-15,441,2,9753.08,Other,22,1,2,4,7,124,Lost Customers
CUST02165,Customer 2165,Bengaluru,2026-11-06,54,3,4333.04,Female,25,5,3,2,10,532,Potential Loyalists
CUST02166,Customer 2166,Hyderabad,2025-04-21,618,2,2756.68,Female,39,1,2,1,4,121,Lost Customers
CUST02167,Customer 2167,Hyderabad,2025-09-26,460,3,7790.57,Female,21,1,3,3,7,133,At Risk
CUST02168,Customer 2168,Vellore,2026-06-02,211,3,6434.7,Male,41,3,3,3,9,333,Need Attention
CUST02169,Customer 2169,Erode,2026-07-02,181,3,4008.9100000000003,Female,23,3,3,2,8,332,Need Attention
CUST02170,Customer 2170,Trichy,2026-07-01,182,4,10963.33,Female,59,3,4,5,12,345,Loyal Customers
CUST02171,Customer 2171,Tirunelveli,2026-08-27,125,4,16307.9,Other,20,4,4,5,13,445,Champions
CUST02172,Customer 2172,Pondicherry,2025-10-26,430,3,4078.13,Male,37,1,3,2,6,132,At Risk
CUST02173,Customer 2173,Pondicherry,2025-05-08,601,1,2989.46,Male,58,1,1,1,3,111,Lost Customers
CUST02174,Customer 2174,Hyderabad,2026-03-13,292,1,648.99,Female,23,2,1,1,4,211,Need Attention
CUST02175,Customer 2175,Madurai,2025-01-30,699,2,2378.45,Other,30,1,2,1,4,121,Lost Customers
CUST02176,Customer 2176,Pondicherry,2026-08-20,132,2,2933.2200000000003,Male,19,4,2,1,7,421,New Customers
CUST02177,Customer 2177,Tirunelveli,2026-08-27,125,4,11916.09,Male,49,4,4,5,13,445,Champions
CUST02178,Customer 2178,Salem,2026-07-19,164,4,4545.99,Other,59,3,4,2,9,342,Loyal Customers
CUST02179,Customer 2179,Chennai,2025-10-14,442,3,7633.55,Other,46,1,3,3,7,133,At Risk
CUST02180,Customer 2180,Thanjavur,2026-07-14,169,2,7896.72,Female,21,3,2,4,9,324,Big Spenders
CUST02181,Customer 2181,Tirunelveli,2026-04-25,249,3,4291.07,Other,20,2,3,2,7,232,At Risk
CUST02182,Customer 2182,Hyderabad,2026-09-10,111,4,10377.15,Male,59,4,4,4,12,444,Champions
CUST02183,Customer 2183,Vellore,2026-08-20,132,3,6116.79,Female,61,4,3,3,10,433,Potential Loyalists
CUST02184,Customer 2184,Trichy,2025-12-21,374,3,10485.380000000001,Other,55,2,3,4,9,234,At Risk
CUST02185,Customer 2185,Madurai,2025-06-06,572,1,929.86,Male,65,1,1,1,3,111,Lost Customers
CUST02186,Customer 2186,Erode,2026-05-03,241,5,11868.5,Other,19,3,5,5,13,355,Loyal Customers
CUST02187,Customer 2187,Pondicherry,2026-06-23,190,3,3817.6499999999996,Male,33,3,3,2,8,332,Need Attention
CUST02188,Customer 2188,Madurai,2026-11-14,46,5,9010.949999999999,Male,18,5,5,4,14,554,Champions
CUST02189,Customer 2189,Coimbatore,2026-12-21,9,4,6066.43,Male,37,5,4,3,12,543,Loyal Customers
CUST02190,Customer 2190,Bengaluru,2025-12-23,372,1,3870.7,Other,28,2,1,2,5,212,Need Attention
CUST02191,Customer 2191,Erode,2026-01-03,361,3,9683.58,Male,25,2,3,4,9,234,At Risk
CUST02192,Customer 2192,Coimbatore,2025-12-21,374,2,5707.22,Other,32,2,2,3,7,223,Need Attention
CUST02193,Customer 2193,Thanjavur,2026-08-30,122,5,9818.48,Male,45,4,5,4,13,454,Champions
CUST02194,Customer 2194,Tirunelveli,2026-09-04,117,2,2652.02,Other,61,4,2,1,7,421,New Customers
CUST02195,Customer 2195,Bengaluru,2025-08-19,498,3,2400.17,Male,61,1,3,1,5,131,At Risk
CUST02196,Customer 2196,Trichy,2026-08-30,122,5,14067.54,Male,38,4,5,5,14,455,Champions
CUST02197,Customer 2197,Madurai,2026-09-25,96,5,6770.14,Male,55,4,5,3,12,453,Loyal Customers
CUST02198,Customer 2198,Salem,2026-06-05,208,4,11980.6,Male,25,3,4,5,12,345,Loyal Customers
CUST02199,Customer 2199,Pondicherry,2026-08-17,135,2,1879.6,Female,28,4,2,1,7,421,New Customers
CUST02200,Customer 2200,Erode,2026-04-13,261,2,3494.13,Other,28,2,2,2,6,222,Need Attention
CUST02201,Customer 2201,Madurai,2025-09-20,466,2,1796.8799999999999,Other,20,1,2,1,4,121,Lost Customers
CUST02202,Customer 2202,Tirunelveli,2025-12-02,393,3,3080.01,Other,57,1,3,1,5,131,At Risk
CUST02203,Customer 2203,Erode,2026-12-03,27,4,6075.12,Male,19,5,4,3,12,543,Loyal Customers
CUST02204,Customer 2204,Madurai,2025-09-14,472,1,3160.48,Male,18,1,1,1,3,111,Lost Customers
CUST02206,Customer 2206,Erode,2026-09-08,113,4,5725.15,Female,62,4,4,3,11,443,Loyal Customers
CUST02207,Customer 2207,Madurai,2026-08-23,129,2,2250.7200000000003,Male,31,4,2,1,7,421,New Customers
CUST02208,Customer 2208,Erode,2026-02-04,329,1,7888.44,Female,51,2,1,4,7,214,Need Attention
CUST02209,Customer 2209,Bengaluru,2026-09-03,118,4,12289.849999999999,Male,29,4,4,5,13,445,Champions
CUST02210,Customer 2210,Madurai,2025-05-13,596,1,918.56,Male,56,1,1,1,3,111,Lost Customers
CUST02211,Customer 2211,Coimbatore,2026-04-25,249,4,11946.7,Female,57,2,4,5,11,245,At Risk
CUST02212,Customer 2212,Tirunelveli,2025-12-31,364,2,5226.96,Female,40,2,2,2,6,222,Need Attention
CUST02213,Customer 2213,Trichy,2026-11-22,38,3,4759.38,Other,33,5,3,2,10,532,Potential Loyalists
CUST02214,Customer 2214,Bengaluru,2026-03-31,274,3,5719.29,Other,24,2,3,3,8,233,At Risk
CUST02215,Customer 2215,Trichy,2024-11-29,761,1,1166.61,Other,50,1,1,1,3,111,Lost Customers
CUST02216,Customer 2216,Trichy,2026-07-19,164,2,1640.27,Other,60,3,2,1,6,321,Need Attention
CUST02217,Customer 2217,Coimbatore,2026-09-03,118,6,12954.460000000001,Male,30,4,5,5,14,455,Champions
CUST02218,Customer 2218,Erode,2025-09-11,475,3,6675.29,Male,61,1,3,3,7,133,At Risk
CUST02219,Customer 2219,Hyderabad,2026-11-18,42,4,5280.1,Male,28,5,4,2,11,542,Loyal Customers
CUST02220,Customer 2220,Thanjavur,2025-03-09,661,1,760.62,Male,59,1,1,1,3,111,Lost Customers
CUST02221,Customer 2221,Salem,2026-04-04,270,7,19863.24,Male,45,2,5,5,12,255,At Risk
CUST02222,Customer 2222,Chennai,2026-11-14,46,5,8500.14,Other,47,5,5,4,14,554,Champions
CUST02223,Customer 2223,Vellore,2026-10-11,80,6,10423.18,Other,21,5,5,4,14,554,Champions
CUST02224,Customer 2224,Erode,2026-12-29,1,4,5025.56,Male,19,5,4,2,11,542,Loyal Customers
CUST02225,Customer 2225,Trichy,2026-04-15,259,3,8773.78,Male,22,2,3,4,9,234,At Risk
CUST02226,Customer 2226,Bengaluru,2026-07-03,180,6,21534.2,Female,55,3,5,5,13,355,Loyal Customers
CUST02227,Customer 2227,Pondicherry,2026-06-13,200,3,3428.04,Female,30,3,3,2,8,332,Need Attention
CUST02228,Customer 2228,Coimbatore,2026-09-30,91,5,15254.33,Female,32,5,5,5,15,555,Champions
CUST02229,Customer 2229,Trichy,2025-08-26,491,2,4011.38,Male,24,1,2,2,5,122,Lost Customers
CUST02230,Customer 2230,Tirunelveli,2026-08-02,150,4,5686.2,Female,30,4,4,3,11,443,Loyal Customers
CUST02231,Customer 2231,Bengaluru,2026-09-17,104,7,13698.48,Male,48,4,5,5,14,455,Champions
CUST02232,Customer 2232,Madurai,2026-01-10,354,3,5946.94,Male,45,2,3,3,8,233,At Risk
CUST02233,Customer 2233,Madurai,2026-11-30,30,3,4194.41,Other,47,5,3,2,10,532,Potential Loyalists
CUST02234,Customer 2234,Erode,2026-01-26,338,3,3294.7,Female,26,2,3,2,7,232,At Risk
CUST02235,Customer 2235,Thanjavur,2026-09-24,97,4,12248.68,Male,58,4,4,5,13,445,Champions
CUST02236,Customer 2236,Madurai,2025-10-21,435,1,1320.51,Male,39,1,1,1,3,111,Lost Customers
CUST02237,Customer 2237,Chennai,2025-07-01,547,2,2840.1499999999996,Other,54,1,2,1,4,121,Lost Customers
CUST02238,Customer 2238,Erode,2026-06-05,208,3,2149.64,Male,25,3,3,1,7,331,Need Attention
CUST02239,Customer 2239,Thanjavur,2026-02-21,312,7,14462.81,Female,28,2,5,5,12,255,At Risk
CUST02240,Customer 2240,Madurai,2025-10-29,427,1,1845.88,Female,56,1,1,1,3,111,Lost Customers
CUST02241,Customer 2241,Madurai,2026-09-12,109,4,9041.33,Other,57,4,4,4,12,444,Champions
CUST02242,Customer 2242,Coimbatore,2026-08-18,134,6,14535.970000000001,Other,32,4,5,5,14,455,Champions
CUST02243,Customer 2243,Trichy,2025-07-24,524,4,12042.06,Other,49,1,4,5,10,145,At Risk
CUST02244,Customer 2244,Salem,2026-02-01,332,4,8658.23,Female,47,2,4,4,10,244,At Risk
CUST02245,Customer 2245,Pondicherry,2025-10-10,446,1,639.67,Other,45,1,1,1,3,111,Lost Customers
CUST02246,Customer 2246,Thanjavur,2026-12-04,26,3,7623.33,Male,33,5,3,3,11,533,Potential Loyalists
CUST02247,Customer 2247,Bengaluru,2026-12-24,6,10,25095.72,Other,32,5,5,5,15,555,Champions
CUST02248,Customer 2248,Tirunelveli,2026-11-26,34,2,5278.62,Other,18,5,2,2,9,522,Potential Loyalists
CUST02249,Customer 2249,Pondicherry,2026-08-15,137,4,9593.939999999999,Male,48,4,4,4,12,444,Champions
CUST02250,Customer 2250,Tirunelveli,2026-10-09,82,2,8176.48,Other,20,5,2,4,11,524,Big Spenders
CUST02251,Customer 2251,Pondicherry,2026-08-05,147,4,13312.300000000001,Female,48,4,4,5,13,445,Champions
CUST02252,Customer 2252,Erode,2026-07-02,181,3,6267.8,Male,46,3,3,3,9,333,Need Attention
CUST02253,Customer 2253,Chennai,2026-07-24,159,5,7256.01,Male,53,3,5,3,11,353,Loyal Customers
CUST02254,Customer 2254,Trichy,2026-12-13,17,4,5283.91,Other,44,5,4,2,11,542,Loyal Customers
CUST02255,Customer 2255,Trichy,2026-09-26,95,5,10417.31,Female,36,4,5,4,13,454,Champions
CUST02256,Customer 2256,Erode,2026-08-28,124,5,9642.08,Male,19,4,5,4,13,454,Champions
CUST02257,Customer 2257,Pondicherry,2026-08-02,150,3,10036.0,Female,28,4,3,4,11,434,Big Spenders
CUST02258,Customer 2258,Bengaluru,2026-10-30,61,9,19305.510000000002,Other,65,5,5,5,15,555,Champions
CUST02259,Customer 2259,Madurai,2026-07-29,154,4,6320.6900000000005,Female,47,3,4,3,10,343,Loyal Customers
CUST02260,Customer 2260,Madurai,2026-11-22,38,4,8627.8,Other,43,5,4,4,13,544,Champions
CUST02261,Customer 2261,Erode,2026-03-03,302,6,18087.2,Female,58,2,5,5,12,255,At Risk
CUST02262,Customer 2262,Hyderabad,2026-07-08,175,7,18239.03,Other,18,3,5,5,13,355,Loyal Customers
CUST02263,Customer 2263,Thanjavur,2026-08-17,135,4,9985.650000000001,Female,62,4,4,4,12,444,Champions
CUST02264,Customer 2264,Tirunelveli,2025-09-15,471,3,3514.76,Male,36,1,3,2,6,132,At Risk
CUST02265,Customer 2265,Bengaluru,2026-08-03,149,2,5558.84,Female,62,4,2,3,9,423,Potential Loyalists
CUST02266,Customer 2266,Hyderabad,2026-05-06,238,4,8064.859999999999,Other,31,3,4,4,11,344,Loyal Customers
CUST02267,Customer 2267,Pondicherry,2026-12-10,20,3,4829.700000000001,Other,39,5,3,2,10,532,Potential Loyalists
CUST02268,Customer 2268,Thanjavur,2026-09-21,100,4,15293.51,Other,61,4,4,5,13,445,Champions
CUST02269,Customer 2269,Thanjavur,2026-08-29,123,4,7934.81,Male,42,4,4,4,12,444,Champions
CUST02270,Customer 2270,Thanjavur,2026-11-03,57,2,5040.36,Other,20,5,2,2,9,522,Potential Loyalists
CUST02271,Customer 2271,Vellore,2026-06-30,183,2,4841.02,Male,59,3,2,2,7,322,Need Attention
CUST02272,Customer 2272,Pondicherry,2026-11-10,50,4,9608.27,Male,53,5,4,4,13,544,Champions
CUST02273,Customer 2273,Thanjavur,2026-03-08,297,2,5683.66,Male,26,2,2,3,7,223,Need Attention
CUST02275,Customer 2275,Pondicherry,2026-11-20,40,2,4724.51,Other,55,5,2,2,9,522,Potential Loyalists
CUST02276,Customer 2276,Thanjavur,2026-09-12,109,5,8614.779999999999,Other,32,4,5,4,13,454,Champions
CUST02277,Customer 2277,Hyderabad,2026-04-29,245,4,5459.28,Female,50,3,4,3,10,343,Loyal Customers
CUST02278,Customer 2278,Coimbatore,2026-08-20,132,2,2941.67,Female,21,4,2,1,7,421,New Customers
CUST02279,Customer 2279,Erode,2026-05-11,233,1,967.66,Female,46,3,1,1,5,311,Need Attention
CUST02280,Customer 2280,Erode,2026-09-25,96,5,10008.61,Other,25,4,5,4,13,454,Champions
CUST02281,Customer 2281,Vellore,2025-05-14,595,3,6459.02,Other,61,1,3,3,7,133,At Risk
CUST02282,Customer 2282,Thanjavur,2026-08-11,141,4,8318.130000000001,Female,57,4,4,4,12,444,Champions
CUST02283,Customer 2283,Coimbatore,2026-08-28,124,2,6441.98,Other,62,4,2,3,9,423,Potential Loyalists
CUST02284,Customer 2284,Coimbatore,2026-11-18,42,4,7620.49,Female,23,5,4,3,12,543,Loyal Customers
CUST02285,Customer 2285,Coimbatore,2026-10-08,83,3,8225.22,Male,36,5,3,4,12,534,Big Spenders
CUST02286,Customer 2286,Coimbatore,2025-08-29,488,1,640.09,Male,35,1,1,1,3,111,Lost Customers
CUST02287,Customer 2287,Madurai,2026-08-05,147,2,1156.92,Male,49,4,2,1,7,421,New Customers
CUST02288,Customer 2288,Hyderabad,2026-11-04,56,3,6570.62,Male,51,5,3,3,11,533,Potential Loyalists
CUST02289,Customer 2289,Hyderabad,2025-11-07,418,5,7300.3099999999995,Female,44,1,5,3,9,153,At Risk
CUST02290,Customer 2290,Thanjavur,2026-10-12,79,3,2776.1,Male,48,5,3,1,9,531,Need Attention
CUST02291,Customer 2291,Hyderabad,2026-07-15,168,3,5549.46,Female,65,3,3,3,9,333,Need Attention
CUST02292,Customer 2292,Coimbatore,2026-07-12,171,5,10837.43,Female,30,3,5,4,12,354,Loyal Customers
CUST02293,Customer 2293,Hyderabad,2026-08-26,126,3,7390.0599999999995,Male,51,4,3,3,10,433,Potential Loyalists
CUST02294,Customer 2294,Thanjavur,2026-04-18,256,6,10583.64,Female,55,2,5,4,11,254,At Risk
CUST02295,Customer 2295,Erode,2026-07-06,177,4,8859.8,Other,38,3,4,4,11,344,Loyal Customers
CUST02296,Customer 2296,Vellore,2026-08-13,139,4,4652.56,Other,62,4,4,2,10,442,Loyal Customers
CUST02297,Customer 2297,Erode,2026-01-07,357,4,10714.990000000002,Other,46,2,4,4,10,244,At Risk
CUST02298,Customer 2298,Salem,2026-11-18,42,5,11131.099999999999,Other,26,5,5,5,15,555,Champions
CUST02299,Customer 2299,Erode,2026-09-21,100,5,7385.9800000000005,Female,32,4,5,3,12,453,Loyal Customers
CUST02300,Customer 2300,Madurai,2026-11-12,48,4,5690.16,Female,21,5,4,3,12,543,Loyal Customers
CUST02301,Customer 2301,Madurai,2026-01-25,339,4,12014.57,Female,47,2,4,5,11,245,At Risk
CUST02302,Customer 2302,Vellore,2026-09-25,96,6,9320.369999999999,Male,63,4,5,4,13,454,Champions
CUST02303,Customer 2303,Pondicherry,2026-06-25,188,5,7055.29,Male,29,3,5,3,11,353,Loyal Customers
CUST02304,Customer 2304,Madurai,2026-01-10,354,2,2228.8599999999997,Other,27,2,2,1,5,221,Need Attention
CUST02305,Customer 2305,Thanjavur,2026-06-12,201,2,3458.58,Male,20,3,2,2,7,322,Need Attention
CUST02306,Customer 2306,Salem,2026-02-28,305,5,9395.35,Male,46,2,5,4,11,254,At Risk
CUST02307,Customer 2307,Vellore,2026-01-20,344,5,9680.85,Male,31,2,5,4,11,254,At Risk
CUST02308,Customer 2308,Thanjavur,2025-12-06,389,2,2544.49,Male,60,1,2,1,4,121,Lost Customers
CUST02309,Customer 2309,Erode,2026-07-22,161,3,9538.81,Male,41,3,3,4,10,334,Big Spenders
CUST02310,Customer 2310,Salem,2026-11-29,31,4,6219.0599999999995,Male,52,5,4,3,12,543,Loyal Customers
CUST02311,Customer 2311,Erode,2026-10-06,85,4,6192.59,Male,43,5,4,3,12,543,Loyal Customers
CUST02312,Customer 2312,Thanjavur,2025-06-11,567,2,3719.86,Male,47,1,2,2,5,122,Lost Customers
CUST02313,Customer 2313,Vellore,2026-10-22,69,6,11653.63,Male,65,5,5,5,15,555,Champions
CUST02314,Customer 2314,Pondicherry,2026-03-25,280,4,9438.07,Female,59,2,4,4,10,244,At Risk
CUST02315,Customer 2315,Bengaluru,2025-10-04,452,2,6579.87,Female,36,1,2,3,6,123,Lost Customers
CUST02316,Customer 2316,Pondicherry,2026-01-24,340,5,14685.64,Male,54,2,5,5,12,255,At Risk
CUST02317,Customer 2317,Coimbatore,2026-10-24,67,4,7760.04,Female,62,5,4,3,12,543,Loyal Customers
CUST02318,Customer 2318,Madurai,2026-07-05,178,4,6514.92,Female,20,3,4,3,10,343,Loyal Customers
CUST02319,Customer 2319,Salem,2026-11-08,52,2,4493.6,Other,25,5,2,2,9,522,Potential Loyalists
CUST02320,Customer 2320,Trichy,2025-06-26,552,1,1600.3,Female,57,1,1,1,3,111,Lost Customers
CUST02321,Customer 2321,Thanjavur,2026-03-07,298,3,5296.45,Female,23,2,3,2,7,232,At Risk
CUST02322,Customer 2322,Trichy,2026-06-05,208,3,6512.91,Other,59,3,3,3,9,333,Need Attention
CUST02323,Customer 2323,Salem,2026-05-26,218,3,6955.01,Other,32,3,3,3,9,333,Need Attention
CUST02324,Customer 2324,Vellore,2025-10-29,427,3,8817.94,Male,23,1,3,4,8,134,At Risk
CUST02325,Customer 2325,Hyderabad,2026-12-13,17,1,884.85,Female,61,5,1,1,7,511,New Customers
CUST02326,Customer 2326,Trichy,2026-08-15,137,2,5232.22,Other,43,4,2,2,8,422,Potential Loyalists
CUST02327,Customer 2327,Bengaluru,2026-07-23,160,3,4298.7300000000005,Female,56,3,3,2,8,332,Need Attention
CUST02328,Customer 2328,Thanjavur,2026-10-06,85,8,26691.14,Male,60,5,5,5,15,555,Champions
CUST02329,Customer 2329,Tirunelveli,2025-12-03,392,3,9215.74,Male,63,1,3,4,8,134,At Risk
CUST02330,Customer 2330,Chennai,2026-12-02,28,4,18028.45,Female,41,5,4,5,14,545,Champions
CUST02331,Customer 2331,Salem,2026-07-11,172,6,9478.76,Female,40,3,5,4,12,354,Loyal Customers
CUST02332,Customer 2332,Trichy,2026-12-29,1,4,8670.74,Other,23,5,4,4,13,544,Champions
CUST02333,Customer 2333,Tirunelveli,2025-10-13,443,2,7316.79,Female,65,1,2,3,6,123,Lost Customers
CUST02334,Customer 2334,Madurai,2026-08-26,126,6,11360.1,Female,36,4,5,5,14,455,Champions
CUST02335,Customer 2335,Pondicherry,2026-08-27,125,1,1214.96,Other,45,4,1,1,6,411,New Customers
CUST02336,Customer 2336,Bengaluru,2026-07-24,159,2,6997.62,Male,55,3,2,3,8,323,Need Attention
CUST02337,Customer 2337,Salem,2026-07-25,158,3,3909.73,Male,31,3,3,2,8,332,Need Attention
CUST02338,Customer 2338,Coimbatore,2026-06-10,203,1,4059.56,Other,39,3,1,2,6,312,Need Attention
CUST02339,Customer 2339,Chennai,2026-10-17,74,6,16930.010000000002,Female,23,5,5,5,15,555,Champions
CUST02340,Customer 2340,Tirunelveli,2026-03-04,301,4,10213.86,Other,35,2,4,4,10,244,At Risk
CUST02341,Customer 2341,Pondicherry,2026-10-07,84,4,6646.9400000000005,Other,47,5,4,3,12,543,Loyal Customers
CUST02342,Customer 2342,Madurai,2026-04-07,267,4,3783.83,Male,30,2,4,2,8,242,At Risk
CUST02343,Customer 2343,Vellore,2025-04-18,621,1,801.54,Female,36,1,1,1,3,111,Lost Customers
CUST02344,Customer 2344,Bengaluru,2026-03-03,302,4,12912.39,Male,37,2,4,5,11,245,At Risk
CUST02345,Customer 2345,Pondicherry,2026-11-08,52,7,27237.489999999998,Female,53,5,5,5,15,555,Champions
CUST02346,Customer 2346,Chennai,2026-11-30,30,3,6649.6,Male,19,5,3,3,11,533,Potential Loyalists
CUST02347,Customer 2347,Hyderabad,2026-08-15,137,2,3521.42,Female,37,4,2,2,8,422,Potential Loyalists
CUST02348,Customer 2348,Coimbatore,2025-08-24,493,2,3807.84,Other,48,1,2,2,5,122,Lost Customers
CUST02349,Customer 2349,Tirunelveli,2026-08-03,149,1,1808.63,Other,36,4,1,1,6,411,New Customers
CUST02350,Customer 2350,Hyderabad,2026-04-13,261,4,16876.08,Female,62,2,4,5,11,245,At Risk
CUST02351,Customer 2351,Salem,2026-08-19,133,2,7071.6,Male,25,4,2,3,9,423,Potential Loyalists
CUST02352,Customer 2352,Pondicherry,2025-10-27,429,3,8172.87,Male,56,1,3,4,8,134,At Risk
CUST02353,Customer 2353,Bengaluru,2026-04-03,271,4,6585.66,Other,48,2,4,3,9,243,At Risk
CUST02355,Customer 2355,Thanjavur,2026-11-06,54,4,6251.75,Other,25,5,4,3,12,543,Loyal Customers
CUST02356,Customer 2356,Chennai,2026-08-25,127,6,11465.74,Other,54,4,5,5,14,455,Champions
CUST02357,Customer 2357,Bengaluru,2026-10-29,62,3,11913.58,Female,28,5,3,5,13,535,Big Spenders
CUST02358,Customer 2358,Erode,2026-09-29,92,6,14995.37,Male,38,5,5,5,15,555,Champions
CUST02359,Customer 2359,Thanjavur,2026-02-07,326,2,1312.18,Other,26,2,2,1,5,221,Need Attention
CUST02360,Customer 2360,Thanjavur,2026-04-29,245,4,5974.429999999999,Male,35,2,4,3,9,243,At Risk
CUST02361,Customer 2361,Chennai,2025-11-21,404,2,1751.46,Other,40,1,2,1,4,121,Lost Customers
CUST02362,Customer 2362,Hyderabad,2025-11-09,416,2,5335.76,Female,51,1,2,2,5,122,Lost Customers
CUST02363,Customer 2363,Hyderabad,2026-09-17,104,1,2352.54,Other,30,4,1,1,6,411,New Customers
CUST02364,Customer 2364,Madurai,2026-11-16,44,4,12271.15,Male,56,5,4,5,14,545,Champions
CUST02365,Customer 2365,Hyderabad,2026-02-08,325,2,6925.0,Female,38,2,2,3,7,223,Need Attention
CUST02366,Customer 2366,Hyderabad,2026-10-18,73,3,7758.4,Female,35,5,3,3,11,533,Potential Loyalists
CUST02367,Customer 2367,Coimbatore,2026-02-25,308,4,7669.37,Other,41,2,4,3,9,243,At Risk
CUST02368,Customer 2368,Madurai,2025-09-09,477,3,8382.29,Other,40,1,3,4,8,134,At Risk
CUST02369,Customer 2369,Salem,2026-10-30,61,5,10032.95,Male,51,5,5,4,14,554,Champions
CUST02370,Customer 2370,Thanjavur,2026-03-26,279,5,12717.34,Female,44,2,5,5,12,255,At Risk
CUST02371,Customer 2371,Madurai,2025-03-04,666,1,476.04,Male,31,1,1,1,3,111,Lost Customers
CUST02372,Customer 2372,Vellore,2025-12-11,384,1,3709.62,Male,30,1,1,2,4,112,Lost Customers
CUST02373,Customer 2373,Vellore,2026-07-30,153,3,3647.5699999999997,Other,51,3,3,2,8,332,Need Attention
CUST02374,Customer 2374,Coimbatore,2026-08-02,150,2,3217.3100000000004,Other,62,4,2,2,8,422,Potential Loyalists
CUST02375,Customer 2375,Coimbatore,2026-01-24,340,2,3171.01,Female,22,2,2,1,5,221,Need Attention
CUST02376,Customer 2376,Erode,2026-11-04,56,4,12272.89,Male,19,5,4,5,14,545,Champions
CUST02377,Customer 2377,Thanjavur,2025-03-06,664,3,4768.389999999999,Female,62,1,3,2,6,132,At Risk
CUST02378,Customer 2378,Vellore,2026-07-03,180,2,8673.44,Female,56,3,2,4,9,324,Big Spenders
CUST02379,Customer 2379,Pondicherry,2026-04-10,264,4,3712.56,Female,29,2,4,2,8,242,At Risk
CUST02380,Customer 2380,Coimbatore,2026-08-20,132,3,7111.5199999999995,Male,65,4,3,3,10,433,Potential Loyalists
CUST02381,Customer 2381,Madurai,2026-09-05,116,4,7054.65,Male,62,4,4,3,11,443,Loyal Customers
CUST02382,Customer 2382,Madurai,2026-11-20,40,3,7663.58,Male,37,5,3,3,11,533,Potential Loyalists
CUST02383,Customer 2383,Tirunelveli,2025-04-28,611,2,6219.67,Male,23,1,2,3,6,123,Lost Customers
CUST02384,Customer 2384,Chennai,2025-05-09,600,1,5962.2,Male,22,1,1,3,5,113,Lost Customers
CUST02385,Customer 2385,Chennai,2026-08-05,147,4,5060.08,Female,45,4,4,2,10,442,Loyal Customers
CUST02387,Customer 2387,Erode,2026-09-19,102,5,7183.76,Other,21,4,5,3,12,453,Loyal Customers
CUST02388,Customer 2388,Coimbatore,2026-09-21,100,2,6113.92,Female,20,4,2,3,9,423,Potential Loyalists
CUST02389,Customer 2389,Coimbatore,2026-04-19,255,3,2628.05,Other,18,2,3,1,6,231,At Risk
CUST02390,Customer 2390,Trichy,2026-10-20,71,9,19606.45,Male,56,5,5,5,15,555,Champions
CUST02391,Customer 2391,Hyderabad,2025-09-21,465,2,1767.57,Male,29,1,2,1,4,121,Lost Customers
CUST02392,Customer 2392,Madurai,2026-10-17,74,2,3429.76,Male,23,5,2,2,9,522,Potential Loyalists
CUST02393,Customer 2393,Bengaluru,2026-07-07,176,1,3245.82,Other,35,3,1,2,6,312,Need Attention
CUST02394,Customer 2394,Vellore,2026-10-14,77,4,9506.59,Female,28,5,4,4,13,544,Champions
CUST02395,Customer 2395,Trichy,2026-09-04,117,2,4031.9,Other,57,4,2,2,8,422,Potential Loyalists
CUST02396,Customer 2396,Coimbatore,2026-08-04,148,3,4157.04,Other,22,4,3,2,9,432,Potential Loyalists
CUST02397,Customer 2397,Vellore,2026-09-04,117,4,10611.789999999999,Other,18,4,4,4,12,444,Champions
CUST02398,Customer 2398,Salem,2026-03-23,282,4,8387.79,Other,30,2,4,4,10,244,At Risk
CUST02399,Customer 2399,Pondicherry,2026-11-18,42,3,4129.8099999999995,Other,18,5,3,2,10,532,Potential Loyalists
CUST02400,Customer 2400,Pondicherry,2026-08-16,136,4,10331.81,Male,50,4,4,4,12,444,Champions
CUST02401,Customer 2401,Bengaluru,2026-02-26,307,2,2281.58,Female,62,2,2,1,5,221,Need Attention
CUST02402,Customer 2402,Coimbatore,2026-06-23,190,4,4644.59,Female,61,3,4,2,9,342,Loyal Customers
CUST02403,Customer 2403,Tirunelveli,2026-05-23,221,3,11479.71,Female,42,3,3,5,11,335,Big Spenders
CUST02404,Customer 2404,Tirunelveli,2025-07-23,525,3,7648.4800000000005,Other,32,1,3,3,7,133,At Risk
CUST02405,Customer 2405,Erode,2026-06-20,193,2,2510.69,Female,25,3,2,1,6,321,Need Attention
CUST02406,Customer 2406,Erode,2026-10-18,73,3,12077.220000000001,Other,26,5,3,5,13,535,Big Spenders
CUST02407,Customer 2407,Salem,2026-07-09,174,5,13116.5,Female,63,3,5,5,13,355,Loyal Customers
CUST02408,Customer 2408,Coimbatore,2025-12-27,368,2,2889.74,Other,20,2,2,1,5,221,Need Attention
CUST02409,Customer 2409,Tirunelveli,2026-07-11,172,1,2766.09,Female,25,3,1,1,5,311,Need Attention
CUST02410,Customer 2410,Pondicherry,2026-01-22,342,5,8008.599999999999,Female,56,2,5,4,11,254,At Risk
CUST02411,Customer 2411,Trichy,2026-10-26,65,2,6284.219999999999,Other,46,5,2,3,10,523,Potential Loyalists
CUST02412,Customer 2412,Tirunelveli,2026-10-30,61,2,1839.24,Female,36,5,2,1,8,521,New Customers
CUST02413,Customer 2413,Hyderabad,2026-06-23,190,1,2332.8,Male,48,3,1,1,5,311,Need Attention
CUST02414,Customer 2414,Hyderabad,2026-08-04,148,4,4466.7,Male,18,4,4,2,10,442,Loyal Customers
CUST02415,Customer 2415,Tirunelveli,2025-10-22,434,1,1857.66,Other,24,1,1,1,3,111,Lost Customers
CUST02416,Customer 2416,Hyderabad,2025-01-11,718,1,682.18,Other,60,1,1,1,3,111,Lost Customers
CUST02417,Customer 2417,Tirunelveli,2026-08-01,151,3,7267.07,Male,27,4,3,3,10,433,Potential Loyalists
CUST02418,Customer 2418,Coimbatore,2026-06-12,201,5,4147.8,Other,55,3,5,2,10,352,Loyal Customers
CUST02419,Customer 2419,Thanjavur,2026-11-20,40,4,13135.06,Male,22,5,4,5,14,545,Champions
CUST02420,Customer 2420,Bengaluru,2025-08-20,497,3,3331.3900000000003,Female,30,1,3,2,6,132,At Risk
CUST02421,Customer 2421,Trichy,2026-09-21,100,4,7328.119999999999,Female,25,4,4,3,11,443,Loyal Customers
CUST02422,Customer 2422,Erode,2026-08-14,138,6,10454.92,Female,64,4,5,4,13,454,Champions
CUST02423,Customer 2423,Bengaluru,2026-04-01,273,6,14516.960000000001,Other,55,2,5,5,12,255,At Risk
CUST02425,Customer 2425,Tirunelveli,2026-04-06,268,1,1907.96,Other,56,2,1,1,4,211,Need Attention
CUST02426,Customer 2426,Madurai,2026-10-19,72,3,7648.870000000001,Other,35,5,3,3,11,533,Potential Loyalists
CUST02427,Customer 2427,Coimbatore,2026-09-21,100,3,7066.06,Female,24,4,3,3,10,433,Potential Loyalists
CUST02428,Customer 2428,Trichy,2026-04-05,269,4,15318.65,Female,49,2,4,5,11,245,At Risk
CUST02429,Customer 2429,Coimbatore,2026-10-09,82,5,17424.65,Male,19,5,5,5,15,555,Champions
CUST02430,Customer 2430,Erode,2026-05-27,217,5,4412.54,Male,22,3,5,2,10,352,Loyal Customers
CUST02431,Customer 2431,Tirunelveli,2026-08-10,142,2,3420.4700000000003,Male,29,4,2,2,8,422,Potential Loyalists
CUST02432,Customer 2432,Madurai,2026-09-06,115,5,10519.82,Other,38,4,5,4,13,454,Champions
CUST02433,Customer 2433,Coimbatore,2025-01-24,705,2,4129.12,Other,57,1,2,2,5,122,Lost Customers
CUST02435,Customer 2435,Trichy,2025-12-03,392,3,8439.8,Female,47,1,3,4,8,134,At Risk
CUST02436,Customer 2436,Erode,2026-07-20,163,3,7904.65,Other,49,3,3,4,10,334,Big Spenders
CUST02437,Customer 2437,Thanjavur,2025-07-11,537,1,6389.75,Female,52,1,1,3,5,113,Lost Customers
CUST02438,Customer 2438,Chennai,2026-09-08,113,5,9977.69,Other,52,4,5,4,13,454,Champions
CUST02439,Customer 2439,Coimbatore,2026-08-02,150,5,8049.42,Male,45,4,5,4,13,454,Champions
CUST02440,Customer 2440,Tirunelveli,2026-05-26,218,5,9107.82,Female,38,3,5,4,12,354,Loyal Customers
CUST02441,Customer 2441,Chennai,2026-03-21,284,5,10875.58,Female,20,2,5,4,11,254,At Risk
CUST02442,Customer 2442,Salem,2025-02-06,692,1,428.87,Other,60,1,1,1,3,111,Lost Customers
CUST02443,Customer 2443,Tirunelveli,2025-08-25,492,1,4454.25,Male,49,1,1,2,4,112,Lost Customers
CUST02444,Customer 2444,Tirunelveli,2026-06-12,201,4,4677.21,Female,63,3,4,2,9,342,Loyal Customers
CUST02445,Customer 2445,Hyderabad,2026-09-13,108,4,8607.02,Male,54,4,4,4,12,444,Champions
CUST02446,Customer 2446,Hyderabad,2026-02-06,327,3,7006.58,Other,53,2,3,3,8,233,At Risk
CUST02447,Customer 2447,Erode,2026-03-18,287,3,3496.1,Other,48,2,3,2,7,232,At Risk
CUST02448,Customer 2448,Chennai,2026-10-04,87,3,6301.43,Male,50,5,3,3,11,533,Potential Loyalists
CUST02449,Customer 2449,Bengaluru,2026-10-14,77,4,7498.24,Female,49,5,4,3,12,543,Loyal Customers
CUST02450,Customer 2450,Thanjavur,2026-10-16,75,7,8938.01,Other,61,5,5,4,14,554,Champions
CUST02451,Customer 2451,Chennai,2025-12-20,375,3,8804.76,Female,38,2,3,4,9,234,At Risk
CUST02452,Customer 2452,Madurai,2026-04-14,260,1,1173.81,Other,20,2,1,1,4,211,Need Attention
CUST02453,Customer 2453,Pondicherry,2026-07-18,165,2,1573.02,Female,40,3,2,1,6,321,Need Attention
CUST02454,Customer 2454,Thanjavur,2026-07-08,175,3,9007.99,Male,58,3,3,4,10,334,Big Spenders
CUST02455,Customer 2455,Thanjavur,2026-09-26,95,9,19191.23,Male,45,4,5,5,14,455,Champions
CUST02456,Customer 2456,Chennai,2026-04-10,264,2,3241.32,Female,40,2,2,2,6,222,Need Attention
CUST02457,Customer 2457,Trichy,2026-06-15,198,3,8137.26,Male,33,3,3,4,10,334,Big Spenders
CUST02458,Customer 2458,Coimbatore,2026-11-13,47,2,3514.91,Female,55,5,2,2,9,522,Potential Loyalists
CUST02459,Customer 2459,Coimbatore,2026-06-01,212,3,3761.24,Male,37,3,3,2,8,332,Need Attention
CUST02460,Customer 2460,Vellore,2026-08-10,142,3,2785.15,Male,19,4,3,1,8,431,Need Attention
CUST02461,Customer 2461,Hyderabad,2026-09-19,102,5,20095.71,Male,47,4,5,5,14,455,Champions
CUST02462,Customer 2462,Vellore,2026-09-01,120,7,11795.099999999999,Female,54,4,5,5,14,455,Champions
CUST02463,Customer 2463,Pondicherry,2026-11-29,31,6,13446.69,Female,19,5,5,5,15,555,Champions
CUST02464,Customer 2464,Thanjavur,2026-10-09,82,4,9912.69,Other,19,5,4,4,13,544,Champions
CUST02465,Customer 2465,Thanjavur,2026-01-05,359,3,8197.67,Other,42,2,3,4,9,234,At Risk
CUST02466,Customer 2466,Coimbatore,2026-02-23,310,5,15455.4,Male,49,2,5,5,12,255,At Risk
CUST02467,Customer 2467,Thanjavur,2026-05-17,227,5,6696.63,Other,31,3,5,3,11,353,Loyal Customers
CUST02468,Customer 2468,Thanjavur,2026-10-12,79,2,1903.69,Other,60,5,2,1,8,521,New Customers
CUST02469,Customer 2469,Thanjavur,2026-10-31,60,4,6126.52,Other,37,5,4,3,12,543,Loyal Customers
CUST02470,Customer 2470,Hyderabad,2026-10-23,68,5,12879.26,Male,49,5,5,5,15,555,Champions
CUST02471,Customer 2471,Trichy,2026-04-17,257,4,4269.76,Male,52,2,4,2,8,242,At Risk
CUST02472,Customer 2472,Salem,2026-06-08,205,3,6932.0599999999995,Female,21,3,3,3,9,333,Need Attention
CUST02473,Customer 2473,Bengaluru,2026-08-25,127,9,18583.08,Female,32,4,5,5,14,455,Champions
CUST02474,Customer 2474,Bengaluru,2026-07-05,178,1,397.08,Male,63,3,1,1,5,311,Need Attention
CUST02475,Customer 2475,Salem,2026-02-17,316,4,11568.61,Other,39,2,4,5,11,245,At Risk
CUST02476,Customer 2476,Erode,2025-05-08,601,1,1114.37,Other,51,1,1,1,3,111,Lost Customers
CUST02477,Customer 2477,Coimbatore,2026-08-17,135,3,6878.33,Male,40,4,3,3,10,433,Potential Loyalists
CUST02478,Customer 2478,Salem,2026-06-19,194,3,7466.97,Female,50,3,3,3,9,333,Need Attention
CUST02479,Customer 2479,Thanjavur,2026-10-12,79,6,19090.71,Other,52,5,5,5,15,555,Champions
CUST02480,Customer 2480,Salem,2024-12-09,751,1,410.9,Female,43,1,1,1,3,111,Lost Customers
CUST02482,Customer 2482,Chennai,2026-08-28,124,6,13802.44,Other,29,4,5,5,14,455,Champions
CUST02483,Customer 2483,Madurai,2026-03-15,290,5,17326.66,Other,51,2,5,5,12,255,At Risk
CUST02484,Customer 2484,Hyderabad,2025-10-13,443,2,3403.08,Female,31,1,2,2,5,122,Lost Customers
CUST02485,Customer 2485,Salem,2026-08-29,123,5,7980.73,Other,47,4,5,4,13,454,Champions
CUST02486,Customer 2486,Tirunelveli,2026-03-13,292,4,4859.3,Other,57,2,4,2,8,242,At Risk
CUST02487,Customer 2487,Chennai,2025-01-10,719,1,2098.29,Other,58,1,1,1,3,111,Lost Customers
CUST02488,Customer 2488,Erode,2026-01-19,345,2,2777.2,Male,41,2,2,1,5,221,Need Attention
CUST02489,Customer 2489,Pondicherry,2026-08-09,143,4,7425.05,Male,27,4,4,3,11,443,Loyal Customers
CUST02490,Customer 2490,Tirunelveli,2026-05-26,218,3,6917.280000000001,Female,45,3,3,3,9,333,Need Attention
CUST02491,Customer 2491,Trichy,2025-05-17,592,2,6044.24,Male,58,1,2,3,6,123,Lost Customers
CUST02492,Customer 2492,Salem,2026-07-26,157,2,4528.87,Female,35,3,2,2,7,322,Need Attention
CUST02493,Customer 2493,Hyderabad,2026-03-23,282,2,3275.89,Male,34,2,2,2,6,222,Need Attention
CUST02494,Customer 2494,Trichy,2025-09-26,460,5,10746.78,Male,43,1,5,4,10,154,At Risk
CUST02495,Customer 2495,Chennai,2026-10-06,85,5,6027.69,Male,30,5,5,3,13,553,Loyal Customers
CUST02496,Customer 2496,Erode,2025-07-25,523,3,6812.62,Female,47,1,3,3,7,133,At Risk
CUST02497,Customer 2497,Hyderabad,2026-03-05,300,5,9825.88,Female,45,2,5,4,11,254,At Risk
CUST02498,Customer 2498,Salem,2025-10-02,454,4,9366.619999999999,Male,28,1,4,4,9,144,At Risk
CUST02499,Customer 2499,Salem,2026-01-30,334,1,4808.68,Male,34,2,1,2,5,212,Need Attention
CUST02500,Customer 2500,Hyderabad,2025-05-01,608,1,630.72,Other,29,1,1,1,3,111,Lost Customers
CUST02501,Customer 2501,Erode,2026-11-13,47,4,4431.54,Male,64,5,4,2,11,542,Loyal Customers
CUST02502,Customer 2502,Coimbatore,2026-10-16,75,2,2613.16,Male,21,5,2,1,8,521,New Customers
CUST02503,Customer 2503,Coimbatore,2026-08-18,134,3,3534.93,Other,37,4,3,2,9,432,Potential Loyalists
CUST02504,Customer 2504,Hyderabad,2026-08-14,138,5,8017.49,Female,60,4,5,4,13,454,Champions
CUST02505,Customer 2505,Madurai,2026-05-13,231,2,1145.77,Female,64,3,2,1,6,321,Need Attention
CUST02506,Customer 2506,Pondicherry,2026-04-24,250,8,11512.69,Male,54,2,5,5,12,255,At Risk
CUST02507,Customer 2507,Hyderabad,2026-10-28,63,7,18449.719999999998,Male,51,5,5,5,15,555,Champions
CUST02508,Customer 2508,Salem,2026-09-05,116,4,13596.52,Other,51,4,4,5,13,445,Champions
CUST02509,Customer 2509,Bengaluru,2026-08-08,144,1,4500.42,Male,33,4,1,2,7,412,New Customers
CUST02510,Customer 2510,Bengaluru,2026-07-18,165,3,3885.74,Female,39,3,3,2,8,332,Need Attention
CUST02511,Customer 2511,Pondicherry,2026-08-24,128,5,10526.869999999999,Female,65,4,5,4,13,454,Champions
CUST02512,Customer 2512,Madurai,2026-08-23,129,2,5879.3,Female,31,4,2,3,9,423,Potential Loyalists
CUST02513,Customer 2513,Salem,2025-12-23,372,2,5787.46,Male,31,2,2,3,7,223,Need Attention
CUST02514,Customer 2514,Bengaluru,2026-05-09,235,5,6671.8,Female,34,3,5,3,11,353,Loyal Customers
CUST02516,Customer 2516,Vellore,2026-11-09,51,2,2477.62,Male,38,5,2,1,8,521,New Customers
CUST02517,Customer 2517,Trichy,2026-10-30,61,3,3628.6099999999997,Female,61,5,3,2,10,532,Potential Loyalists
CUST02518,Customer 2518,Erode,2026-07-31,152,2,7561.900000000001,Male,41,4,2,3,9,423,Potential Loyalists
CUST02519,Customer 2519,Chennai,2026-09-01,120,3,6723.6,Female,37,4,3,3,10,433,Potential Loyalists
CUST02520,Customer 2520,Pondicherry,2025-07-13,535,2,4365.83,Other,20,1,2,2,5,122,Lost Customers
CUST02521,Customer 2521,Hyderabad,2026-10-04,87,6,14767.71,Male,62,5,5,5,15,555,Champions
CUST02522,Customer 2522,Tirunelveli,2025-08-22,495,1,5136.75,Female,53,1,1,2,4,112,Lost Customers
CUST02523,Customer 2523,Thanjavur,2026-05-15,229,4,7229.26,Other,62,3,4,3,10,343,Loyal Customers
CUST02524,Customer 2524,Vellore,2026-03-10,295,2,4334.6900000000005,Other,25,2,2,2,6,222,Need Attention
CUST02525,Customer 2525,Tirunelveli,2026-09-29,92,6,11717.28,Male,46,5,5,5,15,555,Champions
CUST02526,Customer 2526,Salem,2026-04-07,267,4,6986.95,Female,34,2,4,3,9,243,At Risk
CUST02527,Customer 2527,Trichy,2026-09-28,93,5,7717.8099999999995,Male,37,5,5,3,13,553,Loyal Customers
CUST02528,Customer 2528,Hyderabad,2026-07-14,169,3,4771.85,Male,46,3,3,2,8,332,Need Attention
CUST02529,Customer 2529,Chennai,2026-09-16,105,3,7942.58,Other,44,4,3,4,11,434,Big Spenders
CUST02530,Customer 2530,Erode,2026-10-31,60,2,2900.2,Male,49,5,2,1,8,521,New Customers
CUST02531,Customer 2531,Pondicherry,2025-09-03,483,1,5861.9,Female,39,1,1,3,5,113,Lost Customers
CUST02532,Customer 2532,Pondicherry,2026-03-01,304,2,11631.85,Male,28,2,2,5,9,225,Need Attention
CUST02533,Customer 2533,Thanjavur,2026-05-02,242,4,7858.14,Other,22,3,4,4,11,344,Loyal Customers
CUST02534,Customer 2534,Vellore,2026-05-22,222,7,14819.07,Other,64,3,5,5,13,355,Loyal Customers
CUST02535,Customer 2535,Pondicherry,2026-10-19,72,3,5187.75,Female,47,5,3,2,10,532,Potential Loyalists
CUST02536,Customer 2536,Hyderabad,2026-05-18,226,3,9225.630000000001,Male,59,3,3,4,10,334,Big Spenders
CUST02537,Customer 2537,Hyderabad,2026-03-26,279,1,5489.08,Other,46,2,1,3,6,213,Need Attention
CUST02538,Customer 2538,Trichy,2026-07-18,165,4,6024.7,Male,43,3,4,3,10,343,Loyal Customers
CUST02539,Customer 2539,Bengaluru,2026-04-18,256,1,1574.12,Female,38,2,1,1,4,211,Need Attention
CUST02540,Customer 2540,Trichy,2026-10-03,88,5,11193.42,Male,28,5,5,5,15,555,Champions
CUST02541,Customer 2541,Madurai,2026-06-18,195,5,9348.71,Other,59,3,5,4,12,354,Loyal Customers
CUST02542,Customer 2542,Tirunelveli,2026-03-18,287,3,4984.23,Other,61,2,3,2,7,232,At Risk
CUST02544,Customer 2544,Salem,2025-09-29,457,3,6360.68,Other,26,1,3,3,7,133,At Risk
CUST02545,Customer 2545,Thanjavur,2026-08-07,145,5,4954.1900000000005,Other,55,4,5,2,11,452,Loyal Customers
CUST02546,Customer 2546,Coimbatore,2026-11-22,38,4,8846.019999999999,Female,30,5,4,4,13,544,Champions
CUST02547,Customer 2547,Tirunelveli,2026-05-24,220,4,8539.279999999999,Female,29,3,4,4,11,344,Loyal Customers
CUST02548,Customer 2548,Trichy,2026-09-07,114,5,5887.58,Female,54,4,5,3,12,453,Loyal Customers
CUST02549,Customer 2549,Hyderabad,2026-02-28,305,3,6457.84,Male,53,2,3,3,8,233,At Risk
CUST02550,Customer 2550,Coimbatore,2026-04-07,267,3,11669.789999999999,Other,32,2,3,5,10,235,At Risk
CUST02551,Customer 2551,Pondicherry,2026-06-06,207,2,4146.48,Male,34,3,2,2,7,322,Need Attention
CUST02552,Customer 2552,Tirunelveli,2026-05-19,225,3,7609.25,Male,21,3,3,3,9,333,Need Attention
CUST02554,Customer 2554,Madurai,2026-07-12,171,3,12440.94,Male,41,3,3,5,11,335,Big Spenders
CUST02555,Customer 2555,Pondicherry,2025-12-19,376,5,17496.59,Male,18,2,5,5,12,255,At Risk
CUST02556,Customer 2556,Hyderabad,2026-05-24,220,4,10391.4,Female,47,3,4,4,11,344,Loyal Customers
CUST02557,Customer 2557,Pondicherry,2025-09-20,466,4,13869.720000000001,Male,32,1,4,5,10,145,At Risk
CUST02558,Customer 2558,Salem,2026-01-16,348,2,3762.34,Male,35,2,2,2,6,222,Need Attention
CUST02559,Customer 2559,Madurai,2026-09-13,108,2,8328.78,Female,42,4,2,4,10,424,Big Spenders
CUST02560,Customer 2560,Trichy,2026-07-12,171,8,20605.33,Male,56,3,5,5,13,355,Loyal Customers
CUST02561,Customer 2561,Hyderabad,2026-08-14,138,3,4476.33,Female,64,4,3,2,9,432,Potential Loyalists
CUST02562,Customer 2562,Tirunelveli,2026-07-05,178,3,6833.44,Female,29,3,3,3,9,333,Need Attention
CUST02563,Customer 2563,Salem,2026-11-29,31,3,2951.58,Male,19,5,3,1,9,531,Need Attention
CUST02564,Customer 2564,Erode,2026-02-12,321,5,13870.3,Male,57,2,5,5,12,255,At Risk
CUST02565,Customer 2565,Hyderabad,2026-08-25,127,7,9686.08,Female,55,4,5,4,13,454,Champions
CUST02567,Customer 2567,Pondicherry,2026-10-13,78,4,9353.78,Male,38,5,4,4,13,544,Champions
CUST02568,Customer 2568,Pondicherry,2026-04-25,249,2,1368.97,Other,31,2,2,1,5,221,Need Attention
CUST02569,Customer 2569,Pondicherry,2026-08-27,125,1,7660.04,Other,45,4,1,3,8,413,New Customers
CUST02570,Customer 2570,Coimbatore,2026-07-27,156,3,1892.71,Female,22,3,3,1,7,331,Need Attention
CUST02571,Customer 2571,Thanjavur,2025-05-17,592,1,3005.88,Male,21,1,1,1,3,111,Lost Customers
CUST02572,Customer 2572,Bengaluru,2026-07-30,153,7,21080.34,Female,40,3,5,5,13,355,Loyal Customers
CUST02573,Customer 2573,Pondicherry,2026-11-12,48,3,6990.129999999999,Other,63,5,3,3,11,533,Potential Loyalists
CUST02574,Customer 2574,Salem,2026-08-29,123,1,1830.24,Male,18,4,1,1,6,411,New Customers
CUST02575,Customer 2575,Salem,2026-08-17,135,4,10454.83,Other,42,4,4,4,12,444,Champions
CUST02576,Customer 2576,Madurai,2025-12-29,366,2,3606.16,Other,41,2,2,2,6,222,Need Attention
CUST02577,Customer 2577,Madurai,2026-04-08,266,1,1831.91,Male,55,2,1,1,4,211,Need Attention
CUST02578,Customer 2578,Erode,2026-03-30,275,6,8132.32,Male,50,2,5,4,11,254,At Risk
CUST02579,Customer 2579,Coimbatore,2025-11-26,399,4,10675.43,Female,26,1,4,4,9,144,At Risk
CUST02580,Customer 2580,Tirunelveli,2025-11-27,398,3,10860.64,Other,51,1,3,4,8,134,At Risk
CUST02581,Customer 2581,Thanjavur,2026-07-24,159,5,8874.689999999999,Female,25,3,5,4,12,354,Loyal Customers
CUST02582,Customer 2582,Salem,2026-08-11,141,2,3509.37,Male,49,4,2,2,8,422,Potential Loyalists
CUST02583,Customer 2583,Salem,2026-09-11,110,5,4912.6,Female,45,4,5,2,11,452,Loyal Customers
CUST02584,Customer 2584,Salem,2025-10-17,439,3,4100.77,Female,57,1,3,2,6,132,At Risk
CUST02585,Customer 2585,Madurai,2026-10-31,60,1,821.93,Female,45,5,1,1,7,511,New Customers
CUST02586,Customer 2586,Madurai,2026-03-28,277,3,3358.59,Other,49,2,3,2,7,232,At Risk
CUST02587,Customer 2587,Erode,2026-11-25,35,1,656.17,Other,58,5,1,1,7,511,New Customers
CUST02588,Customer 2588,Chennai,2026-09-18,103,5,10031.08,Male,27,4,5,4,13,454,Champions
CUST02589,Customer 2589,Erode,2026-05-10,234,1,953.74,Male,20,3,1,1,5,311,Need Attention
CUST02590,Customer 2590,Erode,2026-08-13,139,1,2574.52,Male,63,4,1,1,6,411,New Customers
CUST02591,Customer 2591,Chennai,2026-04-12,262,4,7307.389999999999,Male,49,2,4,3,9,243,At Risk
CUST02593,Customer 2593,Coimbatore,2026-04-28,246,1,1933.11,Female,49,2,1,1,4,211,Need Attention
CUST02594,Customer 2594,Coimbatore,2026-03-24,281,3,4680.58,Other,27,2,3,2,7,232,At Risk
CUST02595,Customer 2595,Salem,2026-06-19,194,7,16484.29,Male,31,3,5,5,13,355,Loyal Customers
CUST02596,Customer 2596,Vellore,2026-04-03,271,5,10315.279999999999,Male,65,2,5,4,11,254,At Risk
CUST02597,Customer 2597,Hyderabad,2026-09-27,94,6,10977.8,Female,54,5,5,5,15,555,Champions
CUST02598,Customer 2598,Chennai,2026-03-02,303,5,11362.25,Male,55,2,5,5,12,255,At Risk
CUST02599,Customer 2599,Tirunelveli,2026-12-03,27,2,3401.7599999999998,Other,29,5,2,2,9,522,Potential Loyalists
CUST02600,Customer 2600,Hyderabad,2026-09-20,101,5,11415.3,Male,49,4,5,5,14,455,Champions
CUST02601,Customer 2601,Salem,2025-12-06,389,3,4453.27,Female,19,1,3,2,6,132,At Risk
CUST02602,Customer 2602,Tirunelveli,2026-10-30,61,2,4501.0599999999995,Other,25,5,2,2,9,522,Potential Loyalists
CUST02603,Customer 2603,Thanjavur,2026-08-23,129,4,10618.36,Other,24,4,4,4,12,444,Champions
CUST02604,Customer 2604,Erode,2026-06-18,195,1,853.41,Male,23,3,1,1,5,311,Need Attention
CUST02605,Customer 2605,Erode,2026-03-31,274,1,1452.14,Other,60,2,1,1,4,211,Need Attention
CUST02606,Customer 2606,Bengaluru,2026-05-01,243,5,8090.54,Other,35,3,5,4,12,354,Loyal Customers
CUST02607,Customer 2607,Chennai,2026-07-23,160,6,17974.35,Male,39,3,5,5,13,355,Loyal Customers
CUST02608,Customer 2608,Thanjavur,2026-01-22,342,5,9358.15,Other,46,2,5,4,11,254,At Risk
CUST02609,Customer 2609,Madurai,2026-02-21,312,4,12614.970000000001,Other,54,2,4,5,11,245,At Risk
CUST02610,Customer 2610,Salem,2026-10-26,65,3,3324.54,Male,59,5,3,2,10,532,Potential Loyalists
CUST02611,Customer 2611,Coimbatore,2025-06-07,571,2,8945.83,Male,65,1,2,4,7,124,Lost Customers
CUST02613,Customer 2613,Trichy,2026-07-28,155,4,10020.83,Female,29,3,4,4,11,344,Loyal Customers
CUST02614,Customer 2614,Chennai,2026-01-11,353,4,10035.06,Female,23,2,4,4,10,244,At Risk
CUST02615,Customer 2615,Tirunelveli,2025-01-25,704,2,4305.87,Male,28,1,2,2,5,122,Lost Customers
CUST02616,Customer 2616,Hyderabad,2026-08-09,143,3,5129.31,Female,36,4,3,2,9,432,Potential Loyalists
CUST02617,Customer 2617,Coimbatore,2026-06-21,192,3,4444.99,Other,27,3,3,2,8,332,Need Attention
CUST02618,Customer 2618,Pondicherry,2025-10-11,445,1,420.6,Female,45,1,1,1,3,111,Lost Customers
CUST02619,Customer 2619,Bengaluru,2026-09-10,111,2,2663.94,Female,61,4,2,1,7,421,New Customers
CUST02620,Customer 2620,Coimbatore,2026-05-04,240,1,2775.51,Female,60,3,1,1,5,311,Need Attention
CUST02621,Customer 2621,Trichy,2026-07-23,160,5,11564.0,Female,50,3,5,5,13,355,Loyal Customers
CUST02622,Customer 2622,Erode,2026-07-26,157,1,1275.64,Female,42,3,1,1,5,311,Need Attention
CUST02623,Customer 2623,Tirunelveli,2026-03-03,302,5,13336.71,Other,56,2,5,5,12,255,At Risk
CUST02624,Customer 2624,Bengaluru,2026-10-14,77,4,4333.86,Female,41,5,4,2,11,542,Loyal Customers
CUST02625,Customer 2625,Tirunelveli,2026-08-27,125,6,15966.77,Female,58,4,5,5,14,455,Champions
CUST02626,Customer 2626,Thanjavur,2026-05-25,219,2,3456.16,Male,50,3,2,2,7,322,Need Attention
CUST02627,Customer 2627,Hyderabad,2026-09-14,107,4,7356.25,Other,32,4,4,3,11,443,Loyal Customers
CUST02628,Customer 2628,Erode,2026-04-02,272,2,1671.04,Other,27,2,2,1,5,221,Need Attention
CUST02629,Customer 2629,Vellore,2026-06-09,204,4,13731.69,Other,59,3,4,5,12,345,Loyal Customers
CUST02630,Customer 2630,Tirunelveli,2026-01-21,343,5,8101.070000000001,Female,47,2,5,4,11,254,At Risk
CUST02631,Customer 2631,Madurai,2026-08-06,146,2,4153.94,Female,37,4,2,2,8,422,Potential Loyalists
CUST02632,Customer 2632,Trichy,2026-09-14,107,1,1529.67,Other,37,4,1,1,6,411,New Customers
CUST02633,Customer 2633,Bengaluru,2026-02-13,320,9,21995.79,Female,36,2,5,5,12,255,At Risk
CUST02634,Customer 2634,Chennai,2026-10-22,69,5,10354.0,Other,22,5,5,4,14,554,Champions
CUST02635,Customer 2635,Tirunelveli,2026-10-17,74,5,5691.88,Male,50,5,5,3,13,553,Loyal Customers
CUST02636,Customer 2636,Hyderabad,2026-10-06,85,4,8139.889999999999,Male,47,5,4,4,13,544,Champions
CUST02637,Customer 2637,Thanjavur,2026-04-15,259,3,2585.25,Other,34,2,3,1,6,231,At Risk
CUST02638,Customer 2638,Vellore,2025-02-03,695,1,1827.42,Other,23,1,1,1,3,111,Lost Customers
CUST02639,Customer 2639,Hyderabad,2026-10-06,85,2,1803.0700000000002,Male,65,5,2,1,8,521,New Customers
CUST02640,Customer 2640,Tirunelveli,2025-05-04,605,1,1176.58,Male,29,1,1,1,3,111,Lost Customers
CUST02641,Customer 2641,Pondicherry,2026-01-23,341,3,6956.22,Male,44,2,3,3,8,233,At Risk
CUST02642,Customer 2642,Pondicherry,2026-05-02,242,2,2667.55,Female,55,3,2,1,6,321,Need Attention
CUST02643,Customer 2643,Bengaluru,2025-08-18,499,2,1783.85,Other,46,1,2,1,4,121,Lost Customers
CUST02644,Customer 2644,Madurai,2026-08-16,136,3,6590.94,Female,39,4,3,3,10,433,Potential Loyalists
CUST02645,Customer 2645,Pondicherry,2026-01-04,360,2,3717.41,Male,23,2,2,2,6,222,Need Attention
CUST02646,Customer 2646,Coimbatore,2026-07-20,163,2,11281.560000000001,Female,61,3,2,5,10,325,Big Spenders
CUST02647,Customer 2647,Chennai,2026-09-20,101,5,8541.869999999999,Other,19,4,5,4,13,454,Champions
CUST02648,Customer 2648,Madurai,2026-01-01,363,1,2166.34,Male,18,2,1,1,4,211,Need Attention
CUST02649,Customer 2649,Pondicherry,2026-10-14,77,3,12214.150000000001,Female,47,5,3,5,13,535,Big Spenders
CUST02650,Customer 2650,Bengaluru,2026-04-10,264,2,2764.26,Other,65,2,2,1,5,221,Need Attention
CUST02651,Customer 2651,Bengaluru,2026-09-08,113,5,17262.129999999997,Female,37,4,5,5,14,455,Champions
CUST02652,Customer 2652,Pondicherry,2026-08-17,135,4,15895.87,Other,41,4,4,5,13,445,Champions
CUST02653,Customer 2653,Tirunelveli,2026-05-30,214,1,355.73,Other,61,3,1,1,5,311,Need Attention
CUST02654,Customer 2654,Madurai,2026-03-15,290,3,9210.619999999999,Female,23,2,3,4,9,234,At Risk
CUST02655,Customer 2655,Coimbatore,2026-09-19,102,4,10562.57,Male,30,4,4,4,12,444,Champions
CUST02656,Customer 2656,Trichy,2026-10-28,63,3,4945.110000000001,Male,62,5,3,2,10,532,Potential Loyalists
CUST02657,Customer 2657,Erode,2025-09-28,458,1,903.09,Male,31,1,1,1,3,111,Lost Customers
CUST02658,Customer 2658,Trichy,2026-06-05,208,3,6340.62,Male,59,3,3,3,9,333,Need Attention
CUST02659,Customer 2659,Trichy,2026-04-21,253,1,3233.84,Other,52,2,1,2,5,212,Need Attention
CUST02660,Customer 2660,Madurai,2026-06-06,207,2,4626.76,Female,47,3,2,2,7,322,Need Attention
CUST02661,Customer 2661,Coimbatore,2025-06-14,564,1,2318.84,Female,19,1,1,1,3,111,Lost Customers
CUST02662,Customer 2662,Pondicherry,2026-03-07,298,3,9308.06,Male,65,2,3,4,9,234,At Risk
CUST02663,Customer 2663,Chennai,2026-07-28,155,3,4395.860000000001,Female,48,3,3,2,8,332,Need Attention
CUST02664,Customer 2664,Trichy,2026-05-01,243,5,3484.04,Female,55,3,5,2,10,352,Loyal Customers
CUST02665,Customer 2665,Tirunelveli,2026-08-27,125,3,2102.63,Female,54,4,3,1,8,431,Need Attention
CUST02666,Customer 2666,Coimbatore,2025-08-20,497,4,8118.259999999999,Female,18,1,4,4,9,144,At Risk
CUST02667,Customer 2667,Tirunelveli,2026-12-24,6,5,6016.469999999999,Other,45,5,5,3,13,553,Loyal Customers
CUST02668,Customer 2668,Bengaluru,2026-07-27,156,4,4038.01,Female,65,3,4,2,9,342,Loyal Customers
CUST02669,Customer 2669,Salem,2026-06-28,185,2,7725.27,Other,53,3,2,3,8,323,Need Attention
CUST02670,Customer 2670,Erode,2026-08-17,135,7,15101.16,Female,43,4,5,5,14,455,Champions
CUST02671,Customer 2671,Bengaluru,2026-09-16,105,3,11247.960000000001,Other,64,4,3,5,12,435,Big Spenders
CUST02672,Customer 2672,Pondicherry,2026-06-23,190,5,11143.49,Female,32,3,5,5,13,355,Loyal Customers
CUST02673,Customer 2673,Tirunelveli,2025-07-19,529,2,6965.94,Other,19,1,2,3,6,123,Lost Customers
CUST02674,Customer 2674,Coimbatore,2026-01-28,336,3,5676.33,Female,53,2,3,3,8,233,At Risk
CUST02675,Customer 2675,Erode,2026-07-20,163,3,6020.76,Other,44,3,3,3,9,333,Need Attention
CUST02676,Customer 2676,Hyderabad,2026-10-30,61,4,9190.91,Female,57,5,4,4,13,544,Champions
CUST02677,Customer 2677,Tirunelveli,2026-04-24,250,5,23666.21,Female,62,2,5,5,12,255,At Risk
CUST02678,Customer 2678,Pondicherry,2026-09-12,109,6,10457.14,Male,36,4,5,4,13,454,Champions
CUST02679,Customer 2679,Erode,2026-02-14,319,2,1880.79,Female,40,2,2,1,5,221,Need Attention
CUST02680,Customer 2680,Bengaluru,2026-06-21,192,4,8261.04,Other,32,3,4,4,11,344,Loyal Customers
CUST02681,Customer 2681,Pondicherry,2026-01-29,335,5,13236.94,Female,56,2,5,5,12,255,At Risk
CUST02682,Customer 2682,Salem,2026-03-08,297,4,8534.97,Female,26,2,4,4,10,244,At Risk
CUST02683,Customer 2683,Tirunelveli,2026-08-16,136,7,14777.74,Other,42,4,5,5,14,455,Champions
CUST02685,Customer 2685,Bengaluru,2026-11-05,55,5,10683.21,Female,28,5,5,4,14,554,Champions
CUST02686,Customer 2686,Pondicherry,2026-02-26,307,3,2336.41,Female,62,2,3,1,6,231,At Risk
CUST02688,Customer 2688,Bengaluru,2025-08-16,501,4,4571.12,Male,28,1,4,2,7,142,At Risk
CUST02689,Customer 2689,Erode,2026-01-10,354,5,13555.7,Male,44,2,5,5,12,255,At Risk
CUST02690,Customer 2690,Vellore,2026-11-05,55,2,5447.4400000000005,Male,31,5,2,3,10,523,Potential Loyalists
CUST02691,Customer 2691,Salem,2026-12-07,23,4,5490.62,Male,40,5,4,3,12,543,Loyal Customers
CUST02692,Customer 2692,Madurai,2026-04-21,253,4,10606.32,Other,28,2,4,4,10,244,At Risk
CUST02693,Customer 2693,Coimbatore,2026-10-30,61,2,8158.52,Other,20,5,2,4,11,524,Big Spenders
CUST02694,Customer 2694,Bengaluru,2026-08-29,123,8,19401.98,Female,25,4,5,5,14,455,Champions
CUST02696,Customer 2696,Thanjavur,2026-07-04,179,3,5708.94,Female,39,3,3,3,9,333,Need Attention
CUST02697,Customer 2697,Salem,2026-09-04,117,3,5556.73,Male,53,4,3,3,10,433,Potential Loyalists
CUST02698,Customer 2698,Bengaluru,2026-08-13,139,4,9951.57,Other,50,4,4,4,12,444,Champions
CUST02699,Customer 2699,Chennai,2026-04-22,252,3,4876.41,Male,63,2,3,2,7,232,At Risk
CUST02700,Customer 2700,Coimbatore,2026-07-18,165,5,7112.73,Female,25,3,5,3,11,353,Loyal Customers
CUST02701,Customer 2701,Coimbatore,2026-01-10,354,2,6584.780000000001,Other,57,2,2,3,7,223,Need Attention
CUST02702,Customer 2702,Vellore,2026-10-08,83,6,8260.03,Other,20,5,5,4,14,554,Champions
CUST02703,Customer 2703,Coimbatore,2026-04-01,273,1,739.47,Male,58,2,1,1,4,211,Need Attention
CUST02704,Customer 2704,Madurai,2026-02-24,309,2,3818.43,Male,41,2,2,2,6,222,Need Attention
CUST02705,Customer 2705,Erode,2025-11-11,414,3,7049.58,Female,63,1,3,3,7,133,At Risk
CUST02706,Customer 2706,Pondicherry,2025-10-09,447,5,12074.220000000001,Other,49,1,5,5,11,155,At Risk
CUST02707,Customer 2707,Hyderabad,2025-07-10,538,3,6458.06,Male,27,1,3,3,7,133,At Risk
CUST02708,Customer 2708,Coimbatore,2026-08-04,148,4,5365.39,Female,26,4,4,2,10,442,Loyal Customers
CUST02709,Customer 2709,Tirunelveli,2026-09-24,97,8,9611.81,Male,46,4,5,4,13,454,Champions
CUST02710,Customer 2710,Erode,2026-01-30,334,4,8105.78,Male,33,2,4,4,10,244,At Risk
CUST02711,Customer 2711,Madurai,2026-03-06,299,5,10985.050000000001,Female,50,2,5,5,12,255,At Risk
CUST02712,Customer 2712,Pondicherry,2025-12-16,379,3,8665.64,Female,41,2,3,4,9,234,At Risk
CUST02713,Customer 2713,Hyderabad,2026-11-16,44,4,7979.56,Female,41,5,4,4,13,544,Champions
CUST02714,Customer 2714,Vellore,2025-05-22,587,2,3408.58,Male,27,1,2,2,5,122,Lost Customers
CUST02715,Customer 2715,Tirunelveli,2026-07-25,158,3,5955.08,Male,26,3,3,3,9,333,Need Attention
CUST02716,Customer 2716,Vellore,2026-03-25,280,1,829.06,Female,47,2,1,1,4,211,Need Attention
CUST02717,Customer 2717,Chennai,2025-12-29,366,3,3219.86,Other,41,2,3,2,7,232,At Risk
CUST02718,Customer 2718,Pondicherry,2026-09-29,92,1,2175.56,Male,18,5,1,1,7,511,New Customers
CUST02719,Customer 2719,Coimbatore,2026-06-07,206,2,3319.77,Other,22,3,2,2,7,322,Need Attention
CUST02720,Customer 2720,Madurai,2026-02-11,322,2,4009.8,Female,43,2,2,2,6,222,Need Attention
CUST02721,Customer 2721,Chennai,2026-09-15,106,3,8297.94,Male,43,4,3,4,11,434,Big Spenders
CUST02722,Customer 2722,Bengaluru,2026-10-25,66,3,8095.1,Other,27,5,3,4,12,534,Big Spenders
CUST02723,Customer 2723,Hyderabad,2025-07-13,535,5,14670.77,Other,63,1,5,5,11,155,At Risk
CUST02724,Customer 2724,Tirunelveli,2025-07-22,526,1,810.99,Other,36,1,1,1,3,111,Lost Customers
CUST02725,Customer 2725,Vellore,2025-10-20,436,5,9442.26,Other,62,1,5,4,10,154,At Risk
CUST02726,Customer 2726,Pondicherry,2025-10-30,426,1,1618.2,Female,64,1,1,1,3,111,Lost Customers
CUST02727,Customer 2727,Salem,2026-05-26,218,2,4642.16,Female,18,3,2,2,7,322,Need Attention
CUST02728,Customer 2728,Pondicherry,2026-03-16,289,2,2607.0,Other,27,2,2,1,5,221,Need Attention
CUST02729,Customer 2729,Trichy,2026-04-16,258,3,1865.71,Female,59,2,3,1,6,231,At Risk
CUST02730,Customer 2730,Hyderabad,2026-11-16,44,7,15864.65,Other,57,5,5,5,15,555,Champions
CUST02731,Customer 2731,Hyderabad,2025-07-28,520,2,3511.66,Other,40,1,2,2,5,122,Lost Customers
CUST02732,Customer 2732,Coimbatore,2026-11-25,35,2,2084.6400000000003,Male,37,5,2,1,8,521,New Customers
CUST02733,Customer 2733,Tirunelveli,2026-11-01,59,2,3949.1,Other,39,5,2,2,9,522,Potential Loyalists
CUST02734,Customer 2734,Madurai,2026-06-17,196,5,7730.28,Other,65,3,5,3,11,353,Loyal Customers
CUST02735,Customer 2735,Trichy,2026-02-07,326,2,4686.6,Other,36,2,2,2,6,222,Need Attention
CUST02736,Customer 2736,Salem,2026-06-03,210,5,9667.56,Other,53,3,5,4,12,354,Loyal Customers
CUST02737,Customer 2737,Madurai,2026-09-01,120,6,12255.45,Female,58,4,5,5,14,455,Champions
CUST02738,Customer 2738,Bengaluru,2026-05-04,240,2,2534.56,Male,52,3,2,1,6,321,Need Attention
CUST02739,Customer 2739,Pondicherry,2026-01-01,363,4,3199.9800000000005,Male,37,2,4,2,8,242,At Risk
CUST02740,Customer 2740,Pondicherry,2026-08-30,122,4,5176.12,Other,25,4,4,2,10,442,Loyal Customers
CUST02741,Customer 2741,Hyderabad,2026-05-02,242,5,13457.29,Female,34,3,5,5,13,355,Loyal Customers
CUST02742,Customer 2742,Chennai,2026-07-03,180,6,12127.619999999999,Female,25,3,5,5,13,355,Loyal Customers
CUST02743,Customer 2743,Erode,2026-10-18,73,4,6285.67,Other,25,5,4,3,12,543,Loyal Customers
CUST02744,Customer 2744,Chennai,2025-07-06,542,3,6050.01,Other,65,1,3,3,7,133,At Risk
CUST02745,Customer 2745,Pondicherry,2025-07-10,538,3,2288.81,Female,33,1,3,1,5,131,At Risk
CUST02746,Customer 2746,Hyderabad,2026-11-26,34,2,3272.25,Other,63,5,2,2,9,522,Potential Loyalists
CUST02747,Customer 2747,Trichy,2026-09-07,114,4,9026.25,Other,56,4,4,4,12,444,Champions
CUST02748,Customer 2748,Hyderabad,2026-06-30,183,2,3538.17,Female,36,3,2,2,7,322,Need Attention
CUST02749,Customer 2749,Hyderabad,2026-03-20,285,4,13115.16,Other,54,2,4,5,11,245,At Risk
CUST02750,Customer 2750,Vellore,2025-05-07,602,2,9230.849999999999,Other,42,1,2,4,7,124,Lost Customers
CUST02751,Customer 2751,Thanjavur,2026-11-11,49,1,409.99,Male,24,5,1,1,7,511,New Customers
CUST02752,Customer 2752,Thanjavur,2026-10-19,72,4,6397.9,Other,30,5,4,3,12,543,Loyal Customers
CUST02753,Customer 2753,Pondicherry,2026-12-03,27,3,3348.9,Male,27,5,3,2,10,532,Potential Loyalists
CUST02754,Customer 2754,Coimbatore,2025-04-09,630,1,957.04,Female,23,1,1,1,3,111,Lost Customers
CUST02755,Customer 2755,Erode,2026-01-29,335,3,7939.610000000001,Female,26,2,3,4,9,234,At Risk
CUST02756,Customer 2756,Thanjavur,2026-10-24,67,7,17175.57,Female,22,5,5,5,15,555,Champions
CUST02757,Customer 2757,Bengaluru,2026-08-01,151,3,3387.87,Other,43,4,3,2,9,432,Potential Loyalists
CUST02758,Customer 2758,Salem,2026-01-15,349,4,5435.53,Other,43,2,4,3,9,243,At Risk
CUST02759,Customer 2759,Tirunelveli,2026-03-10,295,4,12972.539999999999,Female,58,2,4,5,11,245,At Risk
CUST02760,Customer 2760,Pondicherry,2025-03-23,647,3,6615.669999999999,Other,49,1,3,3,7,133,At Risk
CUST02761,Customer 2761,Vellore,2025-12-08,387,6,14689.09,Male,27,1,5,5,11,155,At Risk
CUST02762,Customer 2762,Erode,2026-11-02,58,3,12283.93,Female,63,5,3,5,13,535,Big Spenders
CUST02763,Customer 2763,Vellore,2026-11-03,57,5,5751.96,Other,50,5,5,3,13,553,Loyal Customers
CUST02764,Customer 2764,Erode,2026-09-11,110,2,6687.57,Other,31,4,2,3,9,423,Potential Loyalists
CUST02765,Customer 2765,Madurai,2026-10-07,84,5,11738.79,Male,65,5,5,5,15,555,Champions
CUST02766,Customer 2766,Bengaluru,2026-08-07,145,4,9929.4,Female,25,4,4,4,12,444,Champions
CUST02767,Customer 2767,Coimbatore,2026-10-20,71,6,8330.439999999999,Female,25,5,5,4,14,554,Champions
CUST02768,Customer 2768,Chennai,2026-09-18,103,5,7668.04,Other,36,4,5,3,12,453,Loyal Customers
CUST02769,Customer 2769,Thanjavur,2026-03-14,291,4,7811.22,Male,25,2,4,3,9,243,At Risk
CUST02770,Customer 2770,Salem,2026-03-16,289,2,1573.6999999999998,Female,37,2,2,1,5,221,Need Attention
CUST02771,Customer 2771,Madurai,2026-01-24,340,4,9313.369999999999,Male,27,2,4,4,10,244,At Risk
CUST02772,Customer 2772,Chennai,2026-11-17,43,4,9291.439999999999,Other,44,5,4,4,13,544,Champions
CUST02773,Customer 2773,Madurai,2026-09-19,102,2,8370.75,Female,31,4,2,4,10,424,Big Spenders
CUST02774,Customer 2774,Chennai,2026-10-10,81,2,4293.96,Other,49,5,2,2,9,522,Potential Loyalists
CUST02775,Customer 2775,Coimbatore,2026-09-09,112,3,12387.03,Other,40,4,3,5,12,435,Big Spenders
CUST02776,Customer 2776,Erode,2026-07-22,161,4,14126.900000000001,Male,44,3,4,5,12,345,Loyal Customers
CUST02778,Customer 2778,Pondicherry,2026-05-16,228,5,5008.68,Female,48,3,5,2,10,352,Loyal Customers
CUST02779,Customer 2779,Madurai,2026-02-04,329,4,13847.42,Other,26,2,4,5,11,245,At Risk
CUST02780,Customer 2780,Erode,2025-12-07,388,5,6348.11,Other,47,1,5,3,9,153,At Risk
CUST02781,Customer 2781,Pondicherry,2026-07-23,160,5,7857.12,Female,27,3,5,4,12,354,Loyal Customers
CUST02782,Customer 2782,Hyderabad,2026-09-09,112,1,1410.55,Male,57,4,1,1,6,411,New Customers
CUST02783,Customer 2783,Trichy,2026-09-09,112,6,9860.609999999999,Female,42,4,5,4,13,454,Champions
CUST02784,Customer 2784,Chennai,2026-04-17,257,3,6258.900000000001,Female,52,2,3,3,8,233,At Risk
CUST02785,Customer 2785,Salem,2026-05-14,230,4,10260.06,Female,65,3,4,4,11,344,Loyal Customers
CUST02786,Customer 2786,Pondicherry,2026-10-01,90,3,5294.8,Male,28,5,3,2,10,532,Potential Loyalists
CUST02787,Customer 2787,Pondicherry,2025-06-26,552,1,1784.76,Other,58,1,1,1,3,111,Lost Customers
CUST02788,Customer 2788,Coimbatore,2026-11-11,49,7,14299.18,Other,59,5,5,5,15,555,Champions
CUST02789,Customer 2789,Trichy,2026-01-13,351,5,10128.64,Other,23,2,5,4,11,254,At Risk
CUST02790,Customer 2790,Chennai,2026-10-25,66,4,9257.06,Other,54,5,4,4,13,544,Champions
CUST02791,Customer 2791,Erode,2026-10-15,76,7,12699.71,Other,30,5,5,5,15,555,Champions
CUST02792,Customer 2792,Hyderabad,2025-10-27,429,1,5148.96,Male,25,1,1,2,4,112,Lost Customers
CUST02793,Customer 2793,Salem,2026-10-15,76,4,10734.45,Male,19,5,4,4,13,544,Champions
CUST02794,Customer 2794,Pondicherry,2026-01-19,345,1,6485.2,Male,33,2,1,3,6,213,Need Attention
CUST02795,Customer 2795,Coimbatore,2026-06-03,210,2,2587.81,Other,46,3,2,1,6,321,Need Attention
CUST02796,Customer 2796,Thanjavur,2025-10-29,427,3,7825.5599999999995,Other,56,1,3,4,8,134,At Risk
CUST02797,Customer 2797,Erode,2025-08-27,490,4,16396.54,Other,20,1,4,5,10,145,At Risk
CUST02798,Customer 2798,Tirunelveli,2026-05-16,228,1,826.11,Male,39,3,1,1,5,311,Need Attention
CUST02799,Customer 2799,Vellore,2026-07-04,179,3,15443.73,Female,19,3,3,5,11,335,Big Spenders
CUST02801,Customer 2801,Madurai,2026-12-01,29,9,19321.13,Male,52,5,5,5,15,555,Champions
CUST02802,Customer 2802,Salem,2025-08-04,513,2,8455.380000000001,Male,29,1,2,4,7,124,Lost Customers
CUST02803,Customer 2803,Salem,2025-12-01,394,3,9450.55,Male,27,1,3,4,8,134,At Risk
CUST02804,Customer 2804,Chennai,2026-10-17,74,5,5660.33,Other,28,5,5,3,13,553,Loyal Customers
CUST02805,Customer 2805,Chennai,2025-11-27,398,3,6575.19,Female,29,1,3,3,7,133,At Risk
CUST02806,Customer 2806,Tirunelveli,2026-07-21,162,5,7118.120000000001,Male,37,3,5,3,11,353,Loyal Customers
CUST02807,Customer 2807,Tirunelveli,2026-11-23,37,2,3105.0299999999997,Female,27,5,2,1,8,521,New Customers
CUST02808,Customer 2808,Coimbatore,2025-07-28,520,1,2015.54,Female,42,1,1,1,3,111,Lost Customers
CUST02809,Customer 2809,Bengaluru,2026-08-30,122,3,6908.210000000001,Male,33,4,3,3,10,433,Potential Loyalists
CUST02810,Customer 2810,Vellore,2026-09-28,93,5,7816.129999999999,Male,49,5,5,4,14,554,Champions
CUST02811,Customer 2811,Coimbatore,2026-01-11,353,3,3886.84,Other,42,2,3,2,7,232,At Risk
CUST02812,Customer 2812,Erode,2026-06-22,191,2,3673.02,Male,38,3,2,2,7,322,Need Attention
CUST02813,Customer 2813,Erode,2025-10-04,452,2,3534.61,Female,22,1,2,2,5,122,Lost Customers
CUST02814,Customer 2814,Trichy,2025-03-19,651,3,6869.389999999999,Female,58,1,3,3,7,133,At Risk
CUST02815,Customer 2815,Bengaluru,2026-02-18,315,2,5974.93,Female,53,2,2,3,7,223,Need Attention
CUST02816,Customer 2816,Vellore,2026-03-15,290,3,5966.8,Male,33,2,3,3,8,233,At Risk
CUST02817,Customer 2817,Bengaluru,2026-07-06,177,5,7173.39,Male,37,3,5,3,11,353,Loyal Customers
CUST02818,Customer 2818,Hyderabad,2026-07-21,162,2,1786.48,Female,23,3,2,1,6,321,Need Attention
CUST02819,Customer 2819,Thanjavur,2026-06-06,207,2,2480.62,Male,27,3,2,1,6,321,Need Attention
CUST02820,Customer 2820,Vellore,2026-12-18,12,5,8525.7,Male,33,5,5,4,14,554,Champions
CUST02821,Customer 2821,Chennai,2026-04-06,268,4,6838.28,Other,46,2,4,3,9,243,At Risk
CUST02822,Customer 2822,Salem,2025-12-04,391,5,5378.15,Female,57,1,5,2,8,152,At Risk
CUST02823,Customer 2823,Chennai,2026-11-20,40,5,8889.42,Male,18,5,5,4,14,554,Champions
CUST02824,Customer 2824,Salem,2026-11-02,58,2,1556.81,Female,56,5,2,1,8,521,New Customers
CUST02825,Customer 2825,Thanjavur,2026-09-23,98,6,17372.31,Other,42,4,5,5,14,455,Champions
CUST02826,Customer 2826,Bengaluru,2026-01-02,362,4,8423.09,Other,31,2,4,4,10,244,At Risk
CUST02827,Customer 2827,Chennai,2025-09-04,482,1,4529.73,Other,36,1,1,2,4,112,Lost Customers
CUST02828,Customer 2828,Bengaluru,2026-05-15,229,2,10253.68,Other,52,3,2,4,9,324,Big Spenders
CUST02829,Customer 2829,Tirunelveli,2026-03-16,289,4,5405.66,Female,23,2,4,2,8,242,At Risk
CUST02830,Customer 2830,Pondicherry,2026-10-07,84,3,10957.89,Male,26,5,3,4,12,534,Big Spenders
CUST02831,Customer 2831,Trichy,2026-08-25,127,5,12409.46,Female,45,4,5,5,14,455,Champions
CUST02832,Customer 2832,Hyderabad,2026-04-13,261,4,9439.26,Other,38,2,4,4,10,244,At Risk
CUST02833,Customer 2833,Pondicherry,2025-12-24,371,1,3201.93,Other,34,2,1,2,5,212,Need Attention
CUST02834,Customer 2834,Hyderabad,2026-10-15,76,2,1693.33,Female,33,5,2,1,8,521,New Customers
CUST02835,Customer 2835,Erode,2026-11-17,43,5,15455.69,Female,31,5,5,5,15,555,Champions
CUST02836,Customer 2836,Pondicherry,2026-12-25,5,3,8778.95,Female,19,5,3,4,12,534,Big Spenders
CUST02837,Customer 2837,Bengaluru,2026-11-08,52,3,7377.35,Other,18,5,3,3,11,533,Potential Loyalists
CUST02838,Customer 2838,Hyderabad,2025-04-06,633,1,674.55,Male,18,1,1,1,3,111,Lost Customers
CUST02839,Customer 2839,Pondicherry,2026-10-05,86,5,12406.91,Female,53,5,5,5,15,555,Champions
CUST02841,Customer 2841,Coimbatore,2026-09-15,106,5,6862.55,Other,59,4,5,3,12,453,Loyal Customers
CUST02842,Customer 2842,Erode,2026-08-11,141,5,10510.470000000001,Male,60,4,5,4,13,454,Champions
CUST02843,Customer 2843,Tirunelveli,2026-10-14,77,5,8925.89,Male,40,5,5,4,14,554,Champions
CUST02844,Customer 2844,Tirunelveli,2025-08-14,503,2,2683.87,Other,40,1,2,1,4,121,Lost Customers
CUST02845,Customer 2845,Coimbatore,2026-08-02,150,7,11222.44,Other,18,4,5,5,14,455,Champions
CUST02846,Customer 2846,Erode,2026-06-10,203,5,14888.710000000001,Female,30,3,5,5,13,355,Loyal Customers
CUST02847,Customer 2847,Chennai,2026-08-23,129,3,3384.9,Male,65,4,3,2,9,432,Potential Loyalists
CUST02848,Customer 2848,Pondicherry,2026-02-16,317,1,3442.89,Female,61,2,1,2,5,212,Need Attention
CUST02849,Customer 2849,Bengaluru,2026-05-08,236,5,6284.9,Male,23,3,5,3,11,353,Loyal Customers
CUST02850,Customer 2850,Trichy,2025-01-21,708,2,1916.91,Female,63,1,2,1,4,121,Lost Customers
CUST02851,Customer 2851,Chennai,2026-10-09,82,3,7518.05,Female,41,5,3,3,11,533,Potential Loyalists
CUST02852,Customer 2852,Pondicherry,2025-10-16,440,4,5426.5599999999995,Female,63,1,4,3,8,143,At Risk
CUST02853,Customer 2853,Trichy,2026-03-16,289,1,970.72,Male,18,2,1,1,4,211,Need Attention
CUST02854,Customer 2854,Coimbatore,2026-07-04,179,2,4353.030000000001,Other,43,3,2,2,7,322,Need Attention
CUST02856,Customer 2856,Trichy,2026-10-11,80,4,12770.53,Male,53,5,4,5,14,545,Champions
CUST02857,Customer 2857,Hyderabad,2026-08-25,127,2,5824.200000000001,Other,54,4,2,3,9,423,Potential Loyalists
CUST02858,Customer 2858,Madurai,2026-02-11,322,4,16751.16,Other,54,2,4,5,11,245,At Risk
CUST02859,Customer 2859,Pondicherry,2026-02-04,329,4,9888.279999999999,Other,26,2,4,4,10,244,At Risk
CUST02860,Customer 2860,Bengaluru,2025-09-10,476,2,1982.6200000000001,Male,34,1,2,1,4,121,Lost Customers
CUST02861,Customer 2861,Pondicherry,2026-09-04,117,8,17606.06,Male,51,4,5,5,14,455,Champions
CUST02862,Customer 2862,Hyderabad,2025-08-04,513,2,5312.09,Female,30,1,2,2,5,122,Lost Customers
CUST02863,Customer 2863,Vellore,2026-09-21,100,4,6410.08,Other,61,4,4,3,11,443,Loyal Customers
CUST02864,Customer 2864,Vellore,2026-07-28,155,3,3008.71,Female,61,3,3,1,7,331,Need Attention
CUST02866,Customer 2866,Thanjavur,2025-11-15,410,3,3776.95,Other,21,1,3,2,6,132,At Risk
CUST02867,Customer 2867,Coimbatore,2026-09-08,113,4,10271.09,Female,35,4,4,4,12,444,Champions
CUST02868,Customer 2868,Erode,2025-10-25,431,2,3247.64,Other,47,1,2,2,5,122,Lost Customers
CUST02869,Customer 2869,Pondicherry,2026-08-09,143,3,6697.36,Other,20,4,3,3,10,433,Potential Loyalists
CUST02870,Customer 2870,Tirunelveli,2025-02-28,670,2,2507.6499999999996,Male,35,1,2,1,4,121,Lost Customers
CUST02871,Customer 2871,Chennai,2026-03-28,277,2,3370.0,Female,38,2,2,2,6,222,Need Attention
CUST02872,Customer 2872,Coimbatore,2026-09-06,115,5,8974.21,Male,39,4,5,4,13,454,Champions
CUST02873,Customer 2873,Trichy,2026-08-16,136,6,10159.88,Male,65,4,5,4,13,454,Champions
CUST02874,Customer 2874,Trichy,2026-10-06,85,3,3847.6600000000003,Female,22,5,3,2,10,532,Potential Loyalists
CUST02875,Customer 2875,Salem,2026-06-26,187,4,6529.58,Male,39,3,4,3,10,343,Loyal Customers
CUST02876,Customer 2876,Coimbatore,2026-07-10,173,3,8910.04,Other,58,3,3,4,10,334,Big Spenders
CUST02877,Customer 2877,Chennai,2026-11-03,57,6,9301.34,Female,45,5,5,4,14,554,Champions
CUST02879,Customer 2879,Trichy,2026-01-28,336,3,6651.84,Male,48,2,3,3,8,233,At Risk
CUST02880,Customer 2880,Vellore,2026-02-23,310,2,6978.86,Male,39,2,2,3,7,223,Need Attention
CUST02881,Customer 2881,Bengaluru,2026-07-05,178,2,1929.07,Male,22,3,2,1,6,321,Need Attention
CUST02882,Customer 2882,Hyderabad,2026-07-09,174,3,2895.46,Female,24,3,3,1,7,331,Need Attention
CUST02883,Customer 2883,Coimbatore,2025-09-15,471,2,1561.24,Other,25,1,2,1,4,121,Lost Customers
CUST02884,Customer 2884,Thanjavur,2025-09-02,484,2,5209.3099999999995,Male,42,1,2,2,5,122,Lost Customers
CUST02885,Customer 2885,Madurai,2025-09-07,479,1,4856.36,Other,22,1,1,2,4,112,Lost Customers
CUST02886,Customer 2886,Salem,2026-11-23,37,4,12961.51,Female,21,5,4,5,14,545,Champions
CUST02887,Customer 2887,Coimbatore,2026-07-03,180,6,10201.140000000001,Other,45,3,5,4,12,354,Loyal Customers
CUST02888,Customer 2888,Vellore,2026-08-05,147,3,6850.280000000001,Other,21,4,3,3,10,433,Potential Loyalists
CUST02889,Customer 2889,Tirunelveli,2026-09-05,116,5,8782.130000000001,Female,42,4,5,4,13,454,Champions
CUST02890,Customer 2890,Trichy,2025-11-16,409,6,19476.329999999998,Other,44,1,5,5,11,155,At Risk
CUST02891,Customer 2891,Bengaluru,2025-05-12,597,1,594.98,Other,60,1,1,1,3,111,Lost Customers
CUST02892,Customer 2892,Erode,2026-06-22,191,2,5075.74,Female,42,3,2,2,7,322,Need Attention
CUST02893,Customer 2893,Bengaluru,2026-07-19,164,3,4777.24,Female,57,3,3,2,8,332,Need Attention
CUST02894,Customer 2894,Hyderabad,2026-07-16,167,4,4584.96,Female,59,3,4,2,9,342,Loyal Customers
CUST02895,Customer 2895,Vellore,2026-07-05,178,2,2649.8399999999997,Male,47,3,2,1,6,321,Need Attention
CUST02896,Customer 2896,Coimbatore,2024-12-19,741,2,1629.01,Other,30,1,2,1,4,121,Lost Customers
CUST02897,Customer 2897,Pondicherry,2026-01-07,357,2,6329.23,Male,56,2,2,3,7,223,Need Attention
CUST02898,Customer 2898,Bengaluru,2025-06-11,567,3,8400.45,Other,30,1,3,4,8,134,At Risk
CUST02899,Customer 2899,Salem,2026-09-04,117,2,5160.6900000000005,Other,50,4,2,2,8,422,Potential Loyalists
CUST02900,Customer 2900,Pondicherry,2026-05-20,224,10,15417.41,Female,48,3,5,5,13,355,Loyal Customers
CUST02901,Customer 2901,Trichy,2026-08-12,140,3,11507.4,Female,29,4,3,5,12,435,Big Spenders
CUST02902,Customer 2902,Madurai,2026-02-04,329,3,3708.6200000000003,Male,21,2,3,2,7,232,At Risk
CUST02903,Customer 2903,Vellore,2026-08-06,146,2,3902.5299999999997,Other,45,4,2,2,8,422,Potential Loyalists
CUST02904,Customer 2904,Bengaluru,2025-11-15,410,3,6777.79,Female,37,1,3,3,7,133,At Risk
CUST02905,Customer 2905,Erode,2026-11-08,52,6,10769.1,Male,27,5,5,4,14,554,Champions
CUST02906,Customer 2906,Salem,2026-05-25,219,5,5757.53,Other,39,3,5,3,11,353,Loyal Customers
CUST02907,Customer 2907,Bengaluru,2026-01-24,340,2,2833.35,Male,51,2,2,1,5,221,Need Attention
CUST02908,Customer 2908,Chennai,2026-08-03,149,3,5550.08,Other,27,4,3,3,10,433,Potential Loyalists
CUST02909,Customer 2909,Chennai,2026-06-15,198,5,14079.43,Other,53,3,5,5,13,355,Loyal Customers
CUST02910,Customer 2910,Trichy,2025-11-23,402,2,6883.48,Female,30,1,2,3,6,123,Lost Customers
CUST02911,Customer 2911,Thanjavur,2026-04-02,272,4,8816.56,Male,22,2,4,4,10,244,At Risk
CUST02912,Customer 2912,Pondicherry,2026-03-05,300,2,1042.42,Other,48,2,2,1,5,221,Need Attention
CUST02913,Customer 2913,Pondicherry,2026-11-22,38,4,5291.28,Female,56,5,4,2,11,542,Loyal Customers
CUST02914,Customer 2914,Thanjavur,2026-03-18,287,3,7648.0599999999995,Other,54,2,3,3,8,233,At Risk
CUST02915,Customer 2915,Thanjavur,2026-03-09,296,4,3641.66,Female,44,2,4,2,8,242,At Risk
CUST02916,Customer 2916,Chennai,2026-10-25,66,4,9257.28,Male,47,5,4,4,13,544,Champions
CUST02917,Customer 2917,Hyderabad,2026-05-12,232,3,4268.85,Male,18,3,3,2,8,332,Need Attention
CUST02918,Customer 2918,Erode,2026-09-10,111,2,1793.38,Other,32,4,2,1,7,421,New Customers
CUST02919,Customer 2919,Erode,2026-02-25,308,4,7339.9800000000005,Male,33,2,4,3,9,243,At Risk
CUST02920,Customer 2920,Tirunelveli,2026-02-16,317,5,5738.139999999999,Female,65,2,5,3,10,253,At Risk
CUST02921,Customer 2921,Chennai,2026-07-06,177,2,2117.4700000000003,Female,29,3,2,1,6,321,Need Attention
CUST02922,Customer 2922,Thanjavur,2026-07-12,171,3,5276.43,Male,22,3,3,2,8,332,Need Attention
CUST02923,Customer 2923,Madurai,2025-01-30,699,1,927.98,Other,25,1,1,1,3,111,Lost Customers
CUST02924,Customer 2924,Hyderabad,2026-10-19,72,2,7902.08,Female,30,5,2,4,11,524,Big Spenders
CUST02926,Customer 2926,Madurai,2025-11-16,409,1,465.6,Male,36,1,1,1,3,111,Lost Customers
CUST02927,Customer 2927,Madurai,2026-11-28,32,2,3050.93,Female,64,5,2,1,8,521,New Customers
CUST02928,Customer 2928,Madurai,2026-10-09,82,2,5380.65,Other,33,5,2,2,9,522,Potential Loyalists
CUST02929,Customer 2929,Salem,2025-03-25,645,1,4409.61,Male,29,1,1,2,4,112,Lost Customers
CUST02930,Customer 2930,Madurai,2025-01-17,712,1,3702.62,Male,61,1,1,2,4,112,Lost Customers
CUST02931,Customer 2931,Thanjavur,2026-11-09,51,5,11488.78,Other,25,5,5,5,15,555,Champions
CUST02932,Customer 2932,Trichy,2025-09-02,484,3,1717.47,Female,47,1,3,1,5,131,At Risk
CUST02933,Customer 2933,Madurai,2024-12-19,741,2,6243.879999999999,Female,60,1,2,3,6,123,Lost Customers
CUST02934,Customer 2934,Pondicherry,2026-08-20,132,4,10395.01,Other,45,4,4,4,12,444,Champions
CUST02935,Customer 2935,Madurai,2026-03-31,274,4,6385.12,Male,27,2,4,3,9,243,At Risk
CUST02936,Customer 2936,Vellore,2025-11-25,400,4,15281.41,Male,30,1,4,5,10,145,At Risk
CUST02937,Customer 2937,Thanjavur,2026-05-17,227,5,6815.530000000001,Other,41,3,5,3,11,353,Loyal Customers
CUST02938,Customer 2938,Trichy,2026-11-04,56,4,10722.19,Female,58,5,4,4,13,544,Champions
CUST02939,Customer 2939,Trichy,2026-07-21,162,2,3955.4399999999996,Other,55,3,2,2,7,322,Need Attention
CUST02940,Customer 2940,Madurai,2026-11-08,52,6,12391.27,Other,36,5,5,5,15,555,Champions
CUST02941,Customer 2941,Hyderabad,2026-02-17,316,3,14156.24,Male,21,2,3,5,10,235,At Risk
CUST02942,Customer 2942,Vellore,2026-06-05,208,3,8718.43,Female,26,3,3,4,10,334,Big Spenders
CUST02943,Customer 2943,Pondicherry,2026-10-13,78,6,10856.39,Female,31,5,5,4,14,554,Champions
CUST02944,Customer 2944,Bengaluru,2026-04-29,245,5,11802.42,Female,60,2,5,5,12,255,At Risk
CUST02945,Customer 2945,Tirunelveli,2026-09-15,106,7,12295.82,Male,50,4,5,5,14,455,Champions
CUST02946,Customer 2946,Thanjavur,2025-11-03,422,2,5588.16,Other,50,1,2,3,6,123,Lost Customers
CUST02947,Customer 2947,Madurai,2026-04-30,244,4,3543.18,Other,47,3,4,2,9,342,Loyal Customers
CUST02948,Customer 2948,Vellore,2026-04-05,269,4,12901.26,Other,41,2,4,5,11,245,At Risk
CUST02949,Customer 2949,Erode,2025-12-11,384,5,10325.54,Female,63,1,5,4,10,154,At Risk
CUST02950,Customer 2950,Tirunelveli,2026-10-31,60,8,23797.2,Female,55,5,5,5,15,555,Champions
CUST02951,Customer 2951,Chennai,2025-09-28,458,2,2382.09,Other,59,1,2,1,4,121,Lost Customers
CUST02952,Customer 2952,Erode,2025-09-30,456,2,2407.45,Male,30,1,2,1,4,121,Lost Customers
CUST02953,Customer 2953,Trichy,2026-07-09,174,6,19408.36,Male,43,3,5,5,13,355,Loyal Customers
CUST02954,Customer 2954,Bengaluru,2026-10-05,86,3,5325.389999999999,Female,42,5,3,2,10,532,Potential Loyalists
CUST02955,Customer 2955,Vellore,2026-03-20,285,5,8457.51,Female,34,2,5,4,11,254,At Risk
CUST02956,Customer 2956,Salem,2025-12-01,394,1,1345.57,Male,23,1,1,1,3,111,Lost Customers
CUST02957,Customer 2957,Trichy,2026-07-27,156,9,11529.37,Other,40,3,5,5,13,355,Loyal Customers
CUST02958,Customer 2958,Vellore,2026-11-02,58,4,5716.48,Male,47,5,4,3,12,543,Loyal Customers
CUST02959,Customer 2959,Erode,2026-03-24,281,5,7005.43,Female,45,2,5,3,10,253,At Risk
CUST02960,Customer 2960,Thanjavur,2026-01-15,349,2,4102.57,Female,44,2,2,2,6,222,Need Attention
CUST02961,Customer 2961,Salem,2026-07-30,153,1,787.94,Female,38,3,1,1,5,311,Need Attention
CUST02962,Customer 2962,Erode,2026-09-16,105,2,3313.19,Male,29,4,2,2,8,422,Potential Loyalists
CUST02963,Customer 2963,Coimbatore,2026-08-05,147,5,9397.0,Female,59,4,5,4,13,454,Champions
CUST02964,Customer 2964,Vellore,2025-03-23,647,1,2618.25,Male,36,1,1,1,3,111,Lost Customers
CUST02965,Customer 2965,Coimbatore,2025-06-26,552,3,8637.85,Other,59,1,3,4,8,134,At Risk
CUST02966,Customer 2966,Coimbatore,2026-11-04,56,4,19275.46,Female,32,5,4,5,14,545,Champions
CUST02967,Customer 2967,Chennai,2025-08-10,507,3,17684.04,Male,41,1,3,5,9,135,At Risk
CUST02968,Customer 2968,Trichy,2025-05-18,591,1,9433.4,Male,39,1,1,4,6,114,Lost Customers
CUST02969,Customer 2969,Salem,2026-08-30,122,3,4381.71,Female,34,4,3,2,9,432,Potential Loyalists
CUST02971,Customer 2971,Pondicherry,2026-01-26,338,2,1377.2,Other,26,2,2,1,5,221,Need Attention
CUST02972,Customer 2972,Chennai,2026-10-09,82,3,7800.280000000001,Other,34,5,3,3,11,533,Potential Loyalists
CUST02973,Customer 2973,Thanjavur,2026-05-27,217,3,6847.49,Female,36,3,3,3,9,333,Need Attention
CUST02974,Customer 2974,Bengaluru,2026-04-19,255,4,12064.61,Female,43,2,4,5,11,245,At Risk
CUST02975,Customer 2975,Erode,2026-07-06,177,2,8650.9,Other,18,3,2,4,9,324,Big Spenders
CUST02976,Customer 2976,Tirunelveli,2025-11-05,420,3,9334.6,Other,27,1,3,4,8,134,At Risk
CUST02977,Customer 2977,Pondicherry,2024-11-21,769,1,898.58,Male,64,1,1,1,3,111,Lost Customers
CUST02978,Customer 2978,Vellore,2026-11-12,48,5,17433.21,Female,32,5,5,5,15,555,Champions
CUST02979,Customer 2979,Pondicherry,2026-10-23,68,3,7465.51,Other,47,5,3,3,11,533,Potential Loyalists
CUST02980,Customer 2980,Coimbatore,2026-08-08,144,2,3823.44,Female,39,4,2,2,8,422,Potential Loyalists
CUST02982,Customer 2982,Erode,2026-09-11,110,4,9998.130000000001,Male,46,4,4,4,12,444,Champions
CUST02983,Customer 2983,Thanjavur,2026-10-10,81,5,18583.15,Other,19,5,5,5,15,555,Champions
CUST02984,Customer 2984,Salem,2026-10-13,78,4,12613.07,Other,26,5,4,5,14,545,Champions
CUST02985,Customer 2985,Hyderabad,2026-06-04,209,6,10425.619999999999,Male,49,3,5,4,12,354,Loyal Customers
CUST02986,Customer 2986,Trichy,2026-09-15,106,3,7788.46,Female,39,4,3,3,10,433,Potential Loyalists
CUST02987,Customer 2987,Tirunelveli,2026-06-06,207,2,6397.95,Female,61,3,2,3,8,323,Need Attention
CUST02988,Customer 2988,Salem,2026-11-21,39,4,12317.98,Other,52,5,4,5,14,545,Champions
CUST02989,Customer 2989,Bengaluru,2026-03-09,296,3,13078.179999999998,Other,19,2,3,5,10,235,At Risk
CUST02990,Customer 2990,Madurai,2026-03-11,294,3,4021.67,Male,26,2,3,2,7,232,At Risk
CUST02991,Customer 2991,Bengaluru,2026-09-12,109,5,13753.67,Other,58,4,5,5,14,455,Champions
CUST02992,Customer 2992,Tirunelveli,2026-04-25,249,5,12950.01,Other,43,2,5,5,12,255,At Risk
CUST02993,Customer 2993,Vellore,2026-06-25,188,5,10669.689999999999,Female,22,3,5,4,12,354,Loyal Customers
CUST02994,Customer 2994,Coimbatore,2026-10-26,65,6,11646.2,Male,48,5,5,5,15,555,Champions
CUST02995,Customer 2995,Hyderabad,2025-11-28,397,4,13267.17,Other,46,1,4,5,10,145,At Risk
CUST02996,Customer 2996,Coimbatore,2026-09-27,94,3,3415.24,Male,28,5,3,2,10,532,Potential Loyalists
CUST02997,Customer 2997,Chennai,2026-09-25,96,6,22064.59,Other,29,4,5,5,14,455,Champions
CUST02998,Customer 2998,Erode,2026-04-23,251,6,8593.39,Other,56,2,5,4,11,254,At Risk
CUST02999,Customer 2999,Coimbatore,2026-10-12,79,2,6834.92,Male,30,5,2,3,10,523,Potential Loyalists
CUST03000,Customer 3000,Trichy,2025-07-19,529,1,1306.56,Female,31,1,1,1,3,111,Lost Customers
CUST03001,Customer 3001,Coimbatore,2026-07-23,160,5,12639.83,Other,51,3,5,5,13,355,Loyal Customers
CUST03002,Customer 3002,Vellore,2026-10-07,84,6,8242.15,Male,41,5,5,4,14,554,Champions
CUST03003,Customer 3003,Tirunelveli,2026-09-04,117,1,3190.02,Male,38,4,1,2,7,412,New Customers
CUST03004,Customer 3004,Madurai,2026-09-03,118,5,18268.4,Male,25,4,5,5,14,455,Champions
CUST03005,Customer 3005,Pondicherry,2026-04-07,267,3,9911.67,Female,48,2,3,4,9,234,At Risk
CUST03006,Customer 3006,Madurai,2025-10-07,449,4,2736.69,Female,31,1,4,1,6,141,At Risk
CUST03007,Customer 3007,Tirunelveli,2025-10-22,434,2,4788.76,Male,37,1,2,2,5,122,Lost Customers
CUST03009,Customer 3009,Salem,2026-08-20,132,2,6487.51,Other,54,4,2,3,9,423,Potential Loyalists
CUST03010,Customer 3010,Pondicherry,2026-11-08,52,1,2183.32,Male,50,5,1,1,7,511,New Customers
CUST03011,Customer 3011,Trichy,2026-05-15,229,3,7181.57,Female,35,3,3,3,9,333,Need Attention
CUST03012,Customer 3012,Coimbatore,2026-07-16,167,4,11042.21,Male,46,3,4,5,12,345,Loyal Customers
CUST03013,Customer 3013,Trichy,2026-09-26,95,3,7637.59,Female,56,4,3,3,10,433,Potential Loyalists
CUST03014,Customer 3014,Erode,2026-07-25,158,4,13052.44,Female,54,3,4,5,12,345,Loyal Customers
CUST03015,Customer 3015,Chennai,2026-05-15,229,6,18719.25,Female,54,3,5,5,13,355,Loyal Customers
CUST03016,Customer 3016,Hyderabad,2026-12-09,21,3,3210.23,Male,36,5,3,2,10,532,Potential Loyalists
CUST03017,Customer 3017,Pondicherry,2026-03-17,288,2,7147.61,Female,62,2,2,3,7,223,Need Attention
CUST03018,Customer 3018,Bengaluru,2026-10-01,90,1,2029.98,Female,43,5,1,1,7,511,New Customers
CUST03019,Customer 3019,Trichy,2026-04-12,262,2,9986.87,Male,44,2,2,4,8,224,Need Attention
CUST03020,Customer 3020,Tirunelveli,2026-11-07,53,4,7401.08,Other,64,5,4,3,12,543,Loyal Customers
CUST03021,Customer 3021,Madurai,2026-06-27,186,4,11676.65,Female,60,3,4,5,12,345,Loyal Customers
CUST03022,Customer 3022,Tirunelveli,2026-08-12,140,4,6470.85,Other,24,4,4,3,11,443,Loyal Customers
CUST03023,Customer 3023,Madurai,2025-08-11,506,1,463.08,Male,33,1,1,1,3,111,Lost Customers
CUST03024,Customer 3024,Salem,2026-08-04,148,5,12849.470000000001,Other,52,4,5,5,14,455,Champions
CUST03025,Customer 3025,Pondicherry,2025-09-17,469,4,20252.47,Male,62,1,4,5,10,145,At Risk
CUST03026,Customer 3026,Tirunelveli,2026-08-28,124,3,12126.310000000001,Male,49,4,3,5,12,435,Big Spenders
CUST03027,Customer 3027,Thanjavur,2026-09-10,111,3,8500.91,Other,25,4,3,4,11,434,Big Spenders
CUST03028,Customer 3028,Thanjavur,2025-09-09,477,3,4776.72,Male,50,1,3,2,6,132,At Risk
CUST03029,Customer 3029,Salem,2026-09-07,114,3,5618.26,Female,28,4,3,3,10,433,Potential Loyalists
CUST03030,Customer 3030,Erode,2026-09-19,102,5,6364.57,Other,20,4,5,3,12,453,Loyal Customers
CUST03031,Customer 3031,Pondicherry,2025-09-12,474,3,5399.78,Male,58,1,3,2,6,132,At Risk
CUST03032,Customer 3032,Tirunelveli,2026-06-10,203,4,11145.300000000001,Other,47,3,4,5,12,345,Loyal Customers
CUST03033,Customer 3033,Trichy,2025-09-18,468,3,5738.78,Other,43,1,3,3,7,133,At Risk
CUST03034,Customer 3034,Salem,2026-10-22,69,5,11932.17,Male,18,5,5,5,15,555,Champions
CUST03035,Customer 3035,Thanjavur,2025-12-31,364,1,1305.32,Other,26,2,1,1,4,211,Need Attention
CUST03036,Customer 3036,Erode,2026-05-11,233,5,7200.9,Other,47,3,5,3,11,353,Loyal Customers
CUST03037,Customer 3037,Vellore,2026-01-09,355,2,761.1300000000001,Male,23,2,2,1,5,221,Need Attention
CUST03038,Customer 3038,Erode,2026-04-22,252,1,771.3,Male,63,2,1,1,4,211,Need Attention
CUST03039,Customer 3039,Madurai,2026-09-15,106,5,11004.3,Female,35,4,5,5,14,455,Champions
CUST03040,Customer 3040,Coimbatore,2026-03-31,274,5,14059.029999999999,Male,56,2,5,5,12,255,At Risk
CUST03041,Customer 3041,Vellore,2025-12-10,385,3,13436.34,Female,25,1,3,5,9,135,At Risk
CUST03042,Customer 3042,Coimbatore,2026-06-24,189,5,7974.75,Female,28,3,5,4,12,354,Loyal Customers
CUST03043,Customer 3043,Salem,2026-08-21,131,6,18091.28,Male,61,4,5,5,14,455,Champions
CUST03044,Customer 3044,Madurai,2026-08-30,122,3,5803.38,Female,40,4,3,3,10,433,Potential Loyalists
CUST03045,Customer 3045,Hyderabad,2025-08-02,515,3,8607.34,Other,20,1,3,4,8,134,At Risk
CUST03046,Customer 3046,Pondicherry,2026-08-20,132,4,3147.29,Male,46,4,4,1,9,441,Loyal Customers
CUST03047,Customer 3047,Hyderabad,2026-10-08,83,2,2020.63,Other,51,5,2,1,8,521,New Customers
CUST03048,Customer 3048,Coimbatore,2026-02-03,330,2,5366.91,Other,60,2,2,2,6,222,Need Attention
CUST03049,Customer 3049,Erode,2026-09-05,116,5,9877.83,Other,37,4,5,4,13,454,Champions
CUST03050,Customer 3050,Chennai,2025-11-05,420,1,5012.64,Other,18,1,1,2,4,112,Lost Customers
CUST03051,Customer 3051,Trichy,2026-05-31,213,2,5364.900000000001,Female,30,3,2,2,7,322,Need Attention
CUST03052,Customer 3052,Coimbatore,2026-08-01,151,5,9801.14,Male,30,4,5,4,13,454,Champions
CUST03053,Customer 3053,Chennai,2026-04-13,261,1,1661.09,Female,19,2,1,1,4,211,Need Attention
CUST03054,Customer 3054,Hyderabad,2025-12-25,370,5,12934.82,Male,61,2,5,5,12,255,At Risk
CUST03055,Customer 3055,Hyderabad,2026-11-02,58,7,12514.900000000001,Male,24,5,5,5,15,555,Champions
CUST03056,Customer 3056,Chennai,2026-05-16,228,4,5916.799999999999,Other,28,3,4,3,10,343,Loyal Customers
CUST03057,Customer 3057,Thanjavur,2025-03-02,668,1,4936.4,Other,24,1,1,2,4,112,Lost Customers
CUST03058,Customer 3058,Trichy,2025-10-30,426,4,9891.08,Other,58,1,4,4,9,144,At Risk
CUST03059,Customer 3059,Tirunelveli,2026-08-23,129,3,9003.64,Male,52,4,3,4,11,434,Big Spenders
CUST03060,Customer 3060,Trichy,2026-10-25,66,5,10832.0,Male,32,5,5,4,14,554,Champions
CUST03061,Customer 3061,Madurai,2026-09-13,108,5,16952.010000000002,Female,38,4,5,5,14,455,Champions
CUST03062,Customer 3062,Thanjavur,2026-08-18,134,3,5797.469999999999,Female,59,4,3,3,10,433,Potential Loyalists
CUST03063,Customer 3063,Erode,2026-10-10,81,4,9047.22,Female,31,5,4,4,13,544,Champions
CUST03064,Customer 3064,Salem,2026-01-13,351,3,13584.310000000001,Male,60,2,3,5,10,235,At Risk
CUST03065,Customer 3065,Chennai,2026-11-19,41,4,8357.880000000001,Other,41,5,4,4,13,544,Champions
CUST03066,Customer 3066,Salem,2026-10-04,87,4,6541.5,Male,44,5,4,3,12,543,Loyal Customers
CUST03067,Customer 3067,Coimbatore,2026-04-26,248,4,10581.53,Other,49,2,4,4,10,244,At Risk
CUST03068,Customer 3068,Madurai,2025-10-29,427,5,10683.619999999999,Other,54,1,5,4,10,154,At Risk
CUST03069,Customer 3069,Thanjavur,2025-12-12,383,2,4628.37,Male,56,1,2,2,5,122,Lost Customers
CUST03070,Customer 3070,Hyderabad,2026-07-06,177,5,12468.76,Other,42,3,5,5,13,355,Loyal Customers
CUST03071,Customer 3071,Thanjavur,2025-11-14,411,3,3094.0699999999997,Other,26,1,3,1,5,131,At Risk
CUST03072,Customer 3072,Thanjavur,2026-06-02,211,2,5407.02,Other,62,3,2,2,7,322,Need Attention
CUST03073,Customer 3073,Coimbatore,2025-11-17,408,2,1978.5,Other,48,1,2,1,4,121,Lost Customers
CUST03074,Customer 3074,Bengaluru,2026-07-30,153,2,2683.59,Male,56,3,2,1,6,321,Need Attention
CUST03075,Customer 3075,Hyderabad,2025-05-08,601,2,4585.21,Female,50,1,2,2,5,122,Lost Customers
CUST03076,Customer 3076,Bengaluru,2026-07-09,174,4,3580.75,Male,50,3,4,2,9,342,Loyal Customers
CUST03077,Customer 3077,Chennai,2026-09-28,93,3,4309.43,Male,32,5,3,2,10,532,Potential Loyalists
CUST03078,Customer 3078,Trichy,2026-11-10,50,5,8313.46,Male,37,5,5,4,14,554,Champions
CUST03079,Customer 3079,Bengaluru,2026-11-11,49,8,20558.58,Female,33,5,5,5,15,555,Champions
CUST03080,Customer 3080,Thanjavur,2026-08-16,136,3,6749.539999999999,Male,26,4,3,3,10,433,Potential Loyalists
CUST03081,Customer 3081,Madurai,2026-02-12,321,6,19636.66,Female,30,2,5,5,12,255,At Risk
CUST03082,Customer 3082,Chennai,2026-08-31,121,5,7462.91,Male,59,4,5,3,12,453,Loyal Customers
CUST03083,Customer 3083,Erode,2026-06-06,207,4,12979.51,Other,56,3,4,5,12,345,Loyal Customers
CUST03085,Customer 3085,Vellore,2026-11-03,57,5,10398.16,Other,20,5,5,4,14,554,Champions
CUST03086,Customer 3086,Salem,2026-10-04,87,4,3802.91,Female,59,5,4,2,11,542,Loyal Customers
CUST03087,Customer 3087,Pondicherry,2026-07-24,159,4,6022.05,Male,32,3,4,3,10,343,Loyal Customers
CUST03088,Customer 3088,Trichy,2025-09-15,471,2,5485.54,Female,33,1,2,3,6,123,Lost Customers
CUST03089,Customer 3089,Trichy,2026-09-30,91,5,9264.8,Male,60,5,5,4,14,554,Champions
CUST03090,Customer 3090,Pondicherry,2026-08-06,146,2,1344.1299999999999,Other,62,4,2,1,7,421,New Customers
CUST03091,Customer 3091,Vellore,2026-11-17,43,3,8847.310000000001,Other,42,5,3,4,12,534,Big Spenders
CUST03092,Customer 3092,Hyderabad,2026-11-23,37,3,7186.57,Male,46,5,3,3,11,533,Potential Loyalists
CUST03093,Customer 3093,Coimbatore,2026-04-18,256,5,9248.35,Male,49,2,5,4,11,254,At Risk
CUST03094,Customer 3094,Madurai,2026-10-14,77,4,7646.68,Male,58,5,4,3,12,543,Loyal Customers
CUST03095,Customer 3095,Madurai,2025-11-27,398,3,7356.58,Male,23,1,3,3,7,133,At Risk
CUST03096,Customer 3096,Trichy,2025-11-06,419,6,12676.44,Other,31,1,5,5,11,155,At Risk
CUST03097,Customer 3097,Pondicherry,2026-06-26,187,2,4851.33,Male,45,3,2,2,7,322,Need Attention
CUST03098,Customer 3098,Pondicherry,2025-06-16,562,1,1075.83,Female,28,1,1,1,3,111,Lost Customers
CUST03099,Customer 3099,Madurai,2026-10-26,65,1,1844.73,Male,45,5,1,1,7,511,New Customers
CUST03100,Customer 3100,Salem,2026-07-16,167,5,12093.12,Male,37,3,5,5,13,355,Loyal Customers
CUST03101,Customer 3101,Trichy,2026-08-21,131,3,6422.91,Female,58,4,3,3,10,433,Potential Loyalists
CUST03102,Customer 3102,Thanjavur,2025-11-18,407,1,835.73,Female,23,1,1,1,3,111,Lost Customers
CUST03103,Customer 3103,Erode,2026-04-09,265,3,4257.9,Female,28,2,3,2,7,232,At Risk
CUST03104,Customer 3104,Bengaluru,2026-05-10,234,4,7103.98,Female,50,3,4,3,10,343,Loyal Customers
CUST03105,Customer 3105,Erode,2026-07-26,157,2,5380.84,Female,27,3,2,2,7,322,Need Attention
CUST03106,Customer 3106,Coimbatore,2026-06-05,208,2,2013.2200000000003,Female,45,3,2,1,6,321,Need Attention
CUST03107,Customer 3107,Vellore,2026-03-20,285,4,14449.1,Female,56,2,4,5,11,245,At Risk
CUST03108,Customer 3108,Madurai,2026-07-14,169,5,11152.06,Other,64,3,5,5,13,355,Loyal Customers
CUST03109,Customer 3109,Salem,2026-09-01,120,1,6194.96,Female,47,4,1,3,8,413,New Customers
CUST03110,Customer 3110,Vellore,2026-02-23,310,5,23720.91,Female,42,2,5,5,12,255,At Risk
CUST03111,Customer 3111,Thanjavur,2025-11-26,399,4,5529.64,Female,22,1,4,3,8,143,At Risk
CUST03112,Customer 3112,Trichy,2026-07-27,156,6,13448.630000000001,Other,48,3,5,5,13,355,Loyal Customers
CUST03113,Customer 3113,Chennai,2026-07-19,164,4,17558.06,Male,18,3,4,5,12,345,Loyal Customers
CUST03114,Customer 3114,Pondicherry,2026-08-04,148,8,22848.559999999998,Other,64,4,5,5,14,455,Champions
CUST03115,Customer 3115,Tirunelveli,2026-02-18,315,4,7873.33,Female,43,2,4,4,10,244,At Risk
CUST03116,Customer 3116,Tirunelveli,2026-01-28,336,1,1033.62,Other,41,2,1,1,4,211,Need Attention
CUST03117,Customer 3117,Bengaluru,2026-10-27,64,4,7198.9400000000005,Female,59,5,4,3,12,543,Loyal Customers
CUST03118,Customer 3118,Coimbatore,2026-08-26,126,4,7390.91,Female,20,4,4,3,11,443,Loyal Customers
CUST03119,Customer 3119,Trichy,2026-01-29,335,3,3614.7200000000003,Other,28,2,3,2,7,232,At Risk
CUST03120,Customer 3120,Pondicherry,2026-03-22,283,2,1714.32,Female,34,2,2,1,5,221,Need Attention
CUST03121,Customer 3121,Erode,2026-06-22,191,5,8416.29,Other,63,3,5,4,12,354,Loyal Customers
CUST03122,Customer 3122,Pondicherry,2026-03-29,276,4,11081.710000000001,Other,41,2,4,5,11,245,At Risk
CUST03123,Customer 3123,Tirunelveli,2025-08-03,514,3,5777.34,Other,42,1,3,3,7,133,At Risk
CUST03124,Customer 3124,Erode,2026-06-18,195,3,5818.3,Male,33,3,3,3,9,333,Need Attention
CUST03125,Customer 3125,Pondicherry,2026-11-28,32,5,12929.220000000001,Female,58,5,5,5,15,555,Champions
CUST03126,Customer 3126,Hyderabad,2026-07-29,154,3,7341.130000000001,Male,62,3,3,3,9,333,Need Attention
CUST03127,Customer 3127,Bengaluru,2026-11-01,59,7,12857.779999999999,Male,34,5,5,5,15,555,Champions
CUST03128,Customer 3128,Salem,2026-04-01,273,4,7722.67,Other,27,2,4,3,9,243,At Risk
CUST03129,Customer 3129,Hyderabad,2026-10-21,70,4,8190.98,Other,55,5,4,4,13,544,Champions
CUST03130,Customer 3130,Coimbatore,2026-10-02,89,5,11335.78,Male,18,5,5,5,15,555,Champions
CUST03131,Customer 3131,Pondicherry,2026-08-23,129,2,6356.54,Male,59,4,2,3,9,423,Potential Loyalists
CUST03132,Customer 3132,Bengaluru,2026-11-07,53,5,9133.49,Female,63,5,5,4,14,554,Champions
CUST03133,Customer 3133,Tirunelveli,2026-11-04,56,4,5219.200000000001,Other,30,5,4,2,11,542,Loyal Customers
CUST03134,Customer 3134,Pondicherry,2026-04-15,259,4,6855.61,Female,34,2,4,3,9,243,At Risk
CUST03135,Customer 3135,Hyderabad,2025-05-25,584,1,1735.64,Other,52,1,1,1,3,111,Lost Customers
CUST03136,Customer 3136,Pondicherry,2026-08-10,142,5,6263.89,Other,37,4,5,3,12,453,Loyal Customers
CUST03137,Customer 3137,Coimbatore,2026-12-06,24,7,16720.8,Other,23,5,5,5,15,555,Champions
CUST03138,Customer 3138,Madurai,2026-03-15,290,1,1221.02,Other,40,2,1,1,4,211,Need Attention
CUST03139,Customer 3139,Pondicherry,2026-08-03,149,7,9949.08,Other,31,4,5,4,13,454,Champions
CUST03140,Customer 3140,Chennai,2026-08-30,122,4,8748.15,Other,37,4,4,4,12,444,Champions
CUST03141,Customer 3141,Coimbatore,2026-08-22,130,4,5398.54,Female,18,4,4,2,10,442,Loyal Customers
CUST03142,Customer 3142,Vellore,2026-09-11,110,5,16382.27,Other,44,4,5,5,14,455,Champions
CUST03143,Customer 3143,Pondicherry,2026-09-22,99,5,6868.1,Other,36,4,5,3,12,453,Loyal Customers
CUST03144,Customer 3144,Thanjavur,2026-07-29,154,2,1956.63,Male,29,3,2,1,6,321,Need Attention
CUST03145,Customer 3145,Trichy,2026-04-02,272,2,1851.54,Other,26,2,2,1,5,221,Need Attention
CUST03146,Customer 3146,Coimbatore,2026-02-14,319,3,9074.71,Male,50,2,3,4,9,234,At Risk
CUST03147,Customer 3147,Madurai,2026-07-18,165,2,4150.57,Other,31,3,2,2,7,322,Need Attention
CUST03148,Customer 3148,Madurai,2025-08-07,510,1,8037.04,Male,65,1,1,4,6,114,Lost Customers
CUST03149,Customer 3149,Tirunelveli,2026-04-26,248,4,4458.08,Male,34,2,4,2,8,242,At Risk
CUST03150,Customer 3150,Coimbatore,2026-08-21,131,2,5940.72,Other,57,4,2,3,9,423,Potential Loyalists
CUST03151,Customer 3151,Coimbatore,2026-03-21,284,3,6902.55,Other,28,2,3,3,8,233,At Risk
CUST03152,Customer 3152,Coimbatore,2025-06-30,548,3,5397.39,Male,42,1,3,2,6,132,At Risk
CUST03153,Customer 3153,Chennai,2026-03-06,299,6,9617.16,Male,39,2,5,4,11,254,At Risk
CUST03154,Customer 3154,Erode,2026-08-24,128,4,3661.1,Male,48,4,4,2,10,442,Loyal Customers
CUST03155,Customer 3155,Chennai,2026-05-27,217,3,5674.6900000000005,Male,18,3,3,3,9,333,Need Attention
CUST03156,Customer 3156,Bengaluru,2026-01-19,345,1,1334.85,Male,60,2,1,1,4,211,Need Attention
CUST03157,Customer 3157,Trichy,2026-05-24,220,3,2852.21,Male,24,3,3,1,7,331,Need Attention
CUST03158,Customer 3158,Bengaluru,2026-05-19,225,2,3980.2299999999996,Male,42,3,2,2,7,322,Need Attention
CUST03159,Customer 3159,Erode,2026-07-24,159,2,1902.5,Female,49,3,2,1,6,321,Need Attention
CUST03160,Customer 3160,Tirunelveli,2026-05-20,224,3,6858.08,Female,56,3,3,3,9,333,Need Attention
CUST03161,Customer 3161,Thanjavur,2026-01-16,348,2,5884.150000000001,Female,61,2,2,3,7,223,Need Attention
CUST03162,Customer 3162,Hyderabad,2026-04-05,269,3,8503.76,Male,41,2,3,4,9,234,At Risk
CUST03163,Customer 3163,Chennai,2026-06-15,198,6,6290.32,Female,57,3,5,3,11,353,Loyal Customers
CUST03164,Customer 3164,Chennai,2026-06-01,212,2,1201.5,Female,24,3,2,1,6,321,Need Attention
CUST03165,Customer 3165,Pondicherry,2025-08-15,502,2,2757.86,Other,43,1,2,1,4,121,Lost Customers
CUST03167,Customer 3167,Pondicherry,2026-09-24,97,2,3275.66,Other,35,4,2,2,8,422,Potential Loyalists
CUST03168,Customer 3168,Erode,2026-09-28,93,3,3367.9700000000003,Male,41,5,3,2,10,532,Potential Loyalists
CUST03169,Customer 3169,Erode,2026-07-02,181,5,9619.970000000001,Other,60,3,5,4,12,354,Loyal Customers
CUST03170,Customer 3170,Trichy,2026-05-07,237,5,6286.66,Female,60,3,5,3,11,353,Loyal Customers
CUST03171,Customer 3171,Chennai,2026-09-02,119,4,5932.85,Other,38,4,4,3,11,443,Loyal Customers
CUST03172,Customer 3172,Pondicherry,2026-08-08,144,3,8183.49,Female,20,4,3,4,11,434,Big Spenders
CUST03173,Customer 3173,Trichy,2026-05-04,240,2,4027.94,Other,46,3,2,2,7,322,Need Attention
CUST03174,Customer 3174,Pondicherry,2025-06-10,568,4,6762.26,Female,43,1,4,3,8,143,At Risk
CUST03175,Customer 3175,Tirunelveli,2026-03-20,285,3,9228.42,Male,40,2,3,4,9,234,At Risk
CUST03176,Customer 3176,Coimbatore,2025-12-04,391,4,10927.77,Other,62,1,4,4,9,144,At Risk
CUST03177,Customer 3177,Bengaluru,2026-09-06,115,2,5846.42,Female,36,4,2,3,9,423,Potential Loyalists
CUST03179,Customer 3179,Vellore,2026-05-20,224,3,3388.44,Other,63,3,3,2,8,332,Need Attention
CUST03180,Customer 3180,Coimbatore,2026-08-28,124,7,16296.93,Male,49,4,5,5,14,455,Champions
CUST03181,Customer 3181,Erode,2026-10-14,77,2,1846.48,Other,53,5,2,1,8,521,New Customers
CUST03182,Customer 3182,Erode,2026-04-05,269,4,5365.86,Female,25,2,4,2,8,242,At Risk
CUST03183,Customer 3183,Trichy,2026-01-18,346,2,1692.02,Other,33,2,2,1,5,221,Need Attention
CUST03184,Customer 3184,Pondicherry,2025-11-02,423,3,8755.689999999999,Male,60,1,3,4,8,134,At Risk
CUST03185,Customer 3185,Pondicherry,2025-02-12,686,1,970.79,Male,45,1,1,1,3,111,Lost Customers
CUST03186,Customer 3186,Tirunelveli,2026-10-28,63,1,2275.58,Male,38,5,1,1,7,511,New Customers
CUST03187,Customer 3187,Pondicherry,2025-12-05,390,5,7490.37,Female,32,1,5,3,9,153,At Risk
CUST03188,Customer 3188,Hyderabad,2026-07-04,179,3,5704.0599999999995,Other,48,3,3,3,9,333,Need Attention
CUST03189,Customer 3189,Vellore,2026-03-16,289,4,4008.69,Other,26,2,4,2,8,242,At Risk
CUST03190,Customer 3190,Coimbatore,2026-01-15,349,2,7724.04,Other,49,2,2,3,7,223,Need Attention
CUST03191,Customer 3191,Trichy,2026-06-22,191,4,10957.46,Other,39,3,4,4,11,344,Loyal Customers
CUST03192,Customer 3192,Hyderabad,2026-01-16,348,1,919.2,Other,22,2,1,1,4,211,Need Attention
CUST03193,Customer 3193,Pondicherry,2026-08-31,121,4,7711.26,Female,63,4,4,3,11,443,Loyal Customers
CUST03194,Customer 3194,Hyderabad,2026-03-28,277,3,9798.47,Other,42,2,3,4,9,234,At Risk
CUST03195,Customer 3195,Trichy,2025-12-29,366,3,12797.5,Other,45,2,3,5,10,235,At Risk
CUST03196,Customer 3196,Salem,2025-10-15,441,3,10927.289999999999,Female,25,1,3,4,8,134,At Risk
CUST03197,Customer 3197,Thanjavur,2026-06-13,200,2,5147.98,Male,23,3,2,2,7,322,Need Attention
CUST03198,Customer 3198,Pondicherry,2026-06-24,189,1,991.43,Other,30,3,1,1,5,311,Need Attention
CUST03199,Customer 3199,Madurai,2025-02-05,693,1,2710.11,Other,41,1,1,1,3,111,Lost Customers
CUST03200,Customer 3200,Bengaluru,2026-10-14,77,7,10544.34,Female,42,5,5,4,14,554,Champions
CUST03201,Customer 3201,Chennai,2026-01-19,345,5,12619.79,Male,37,2,5,5,12,255,At Risk
CUST03202,Customer 3202,Tirunelveli,2026-09-18,103,3,11408.99,Other,30,4,3,5,12,435,Big Spenders
CUST03203,Customer 3203,Hyderabad,2026-03-21,284,1,7416.8,Female,41,2,1,3,6,213,Need Attention
CUST03204,Customer 3204,Hyderabad,2026-09-30,91,5,5295.41,Male,51,5,5,2,12,552,Loyal Customers
CUST03205,Customer 3205,Coimbatore,2026-03-20,285,4,15806.66,Other,32,2,4,5,11,245,At Risk
CUST03206,Customer 3206,Erode,2026-02-27,306,1,511.09,Male,52,2,1,1,4,211,Need Attention
CUST03207,Customer 3207,Trichy,2026-06-06,207,1,2263.62,Male,36,3,1,1,5,311,Need Attention
CUST03208,Customer 3208,Madurai,2026-06-29,184,1,1412.82,Other,47,3,1,1,5,311,Need Attention
CUST03209,Customer 3209,Pondicherry,2026-08-24,128,1,6286.41,Female,27,4,1,3,8,413,New Customers
CUST03210,Customer 3210,Bengaluru,2025-09-06,480,1,2745.39,Other,20,1,1,1,3,111,Lost Customers
CUST03211,Customer 3211,Pondicherry,2026-01-21,343,3,9302.45,Female,50,2,3,4,9,234,At Risk
CUST03212,Customer 3212,Bengaluru,2026-08-17,135,3,5219.42,Female,63,4,3,2,9,432,Potential Loyalists
CUST03213,Customer 3213,Erode,2025-05-02,607,2,4295.08,Other,31,1,2,2,5,122,Lost Customers
CUST03214,Customer 3214,Chennai,2026-02-13,320,6,13853.91,Other,42,2,5,5,12,255,At Risk
CUST03215,Customer 3215,Pondicherry,2026-07-15,168,4,5046.46,Female,27,3,4,2,9,342,Loyal Customers
CUST03216,Customer 3216,Pondicherry,2025-09-15,471,2,3865.63,Other,32,1,2,2,5,122,Lost Customers
CUST03217,Customer 3217,Erode,2026-04-07,267,6,12093.369999999999,Male,29,2,5,5,12,255,At Risk
CUST03218,Customer 3218,Hyderabad,2026-11-01,59,6,8597.09,Female,37,5,5,4,14,554,Champions
CUST03219,Customer 3219,Vellore,2026-05-29,215,4,7827.74,Male,19,3,4,4,11,344,Loyal Customers
CUST03221,Customer 3221,Tirunelveli,2026-04-15,259,4,9225.61,Female,43,2,4,4,10,244,At Risk
CUST03222,Customer 3222,Salem,2026-10-07,84,4,4879.19,Other,64,5,4,2,11,542,Loyal Customers
CUST03223,Customer 3223,Pondicherry,2026-12-12,18,3,4881.96,Other,30,5,3,2,10,532,Potential Loyalists
CUST03224,Customer 3224,Coimbatore,2026-09-21,100,2,3784.41,Other,43,4,2,2,8,422,Potential Loyalists
CUST03225,Customer 3225,Chennai,2025-07-06,542,5,11384.83,Female,55,1,5,5,11,155,At Risk
CUST03226,Customer 3226,Erode,2025-09-26,460,1,601.22,Other,37,1,1,1,3,111,Lost Customers
CUST03227,Customer 3227,Madurai,2026-04-20,254,3,12948.46,Male,54,2,3,5,10,235,At Risk
CUST03228,Customer 3228,Salem,2026-08-29,123,4,5602.76,Other,48,4,4,3,11,443,Loyal Customers
CUST03229,Customer 3229,Pondicherry,2026-08-06,146,3,4310.72,Male,31,4,3,2,9,432,Potential Loyalists
CUST03230,Customer 3230,Chennai,2026-05-20,224,6,7868.33,Other,59,3,5,4,12,354,Loyal Customers
CUST03232,Customer 3232,Tirunelveli,2026-05-19,225,2,4845.25,Male,42,3,2,2,7,322,Need Attention
CUST03233,Customer 3233,Coimbatore,2026-06-25,188,5,15278.880000000001,Male,21,3,5,5,13,355,Loyal Customers
CUST03234,Customer 3234,Chennai,2026-10-13,78,3,3463.13,Female,29,5,3,2,10,532,Potential Loyalists
CUST03235,Customer 3235,Thanjavur,2026-01-19,345,2,6388.29,Other,59,2,2,3,7,223,Need Attention
CUST03236,Customer 3236,Hyderabad,2026-06-22,191,3,9062.029999999999,Female,27,3,3,4,10,334,Big Spenders
CUST03237,Customer 3237,Chennai,2024-12-03,757,1,5960.1,Female,33,1,1,3,5,113,Lost Customers
CUST03238,Customer 3238,Erode,2026-02-21,312,2,13104.439999999999,Male,43,2,2,5,9,225,Need Attention
CUST03239,Customer 3239,Madurai,2025-10-07,449,3,3233.63,Other,56,1,3,2,6,132,At Risk
CUST03240,Customer 3240,Pondicherry,2026-05-12,232,3,6984.47,Other,42,3,3,3,9,333,Need Attention
CUST03241,Customer 3241,Coimbatore,2026-12-13,17,3,3776.56,Other,60,5,3,2,10,532,Potential Loyalists
CUST03242,Customer 3242,Tirunelveli,2026-04-17,257,4,4083.32,Female,59,2,4,2,8,242,At Risk
CUST03243,Customer 3243,Erode,2025-09-12,474,2,1703.69,Other,59,1,2,1,4,121,Lost Customers
CUST03244,Customer 3244,Coimbatore,2026-06-22,191,7,23761.260000000002,Male,25,3,5,5,13,355,Loyal Customers
CUST03245,Customer 3245,Hyderabad,2025-06-26,552,1,776.16,Male,49,1,1,1,3,111,Lost Customers
CUST03246,Customer 3246,Chennai,2026-08-17,135,2,6391.900000000001,Other,32,4,2,3,9,423,Potential Loyalists
CUST03247,Customer 3247,Erode,2025-05-30,579,1,1015.25,Other,54,1,1,1,3,111,Lost Customers
CUST03248,Customer 3248,Coimbatore,2026-10-15,76,3,2895.0299999999997,Other,65,5,3,1,9,531,Need Attention
CUST03249,Customer 3249,Tirunelveli,2026-07-17,166,6,8083.09,Other,29,3,5,4,12,354,Loyal Customers
CUST03250,Customer 3250,Tirunelveli,2026-08-17,135,5,8178.84,Other,62,4,5,4,13,454,Champions
CUST03251,Customer 3251,Coimbatore,2026-06-27,186,2,3000.1499999999996,Other,26,3,2,1,6,321,Need Attention
CUST03252,Customer 3252,Vellore,2026-01-12,352,4,7247.75,Male,63,2,4,3,9,243,At Risk
CUST03253,Customer 3253,Chennai,2025-08-16,501,2,1757.5300000000002,Female,62,1,2,1,4,121,Lost Customers
CUST03254,Customer 3254,Vellore,2026-10-26,65,2,1955.75,Other,52,5,2,1,8,521,New Customers
CUST03255,Customer 3255,Bengaluru,2026-04-09,265,2,4159.01,Male,51,2,2,2,6,222,Need Attention
CUST03256,Customer 3256,Coimbatore,2026-02-09,324,2,6650.1900000000005,Other,59,2,2,3,7,223,Need Attention
CUST03257,Customer 3257,Coimbatore,2026-10-23,68,3,14336.490000000002,Male,60,5,3,5,13,535,Big Spenders
CUST03258,Customer 3258,Madurai,2026-09-20,101,5,14943.58,Other,62,4,5,5,14,455,Champions
CUST03259,Customer 3259,Thanjavur,2026-08-03,149,4,4583.64,Other,46,4,4,2,10,442,Loyal Customers
CUST03260,Customer 3260,Bengaluru,2026-09-10,111,2,4939.28,Male,26,4,2,2,8,422,Potential Loyalists
CUST03261,Customer 3261,Coimbatore,2025-10-13,443,2,10790.72,Other,28,1,2,4,7,124,Lost Customers
CUST03262,Customer 3262,Coimbatore,2026-11-17,43,4,7047.56,Female,20,5,4,3,12,543,Loyal Customers
CUST03263,Customer 3263,Thanjavur,2026-04-27,247,4,6981.58,Other,37,2,4,3,9,243,At Risk
CUST03264,Customer 3264,Hyderabad,2026-10-17,74,4,5768.900000000001,Male,45,5,4,3,12,543,Loyal Customers
CUST03265,Customer 3265,Chennai,2026-10-25,66,4,6525.58,Male,37,5,4,3,12,543,Loyal Customers
CUST03266,Customer 3266,Vellore,2026-05-01,243,4,17091.96,Female,60,3,4,5,12,345,Loyal Customers
CUST03267,Customer 3267,Erode,2025-07-22,526,5,7078.360000000001,Male,54,1,5,3,9,153,At Risk
CUST03268,Customer 3268,Thanjavur,2026-07-10,173,2,3184.6,Female,51,3,2,1,6,321,Need Attention
CUST03269,Customer 3269,Trichy,2026-10-19,72,6,11517.36,Other,50,5,5,5,15,555,Champions
CUST03270,Customer 3270,Chennai,2026-01-04,360,1,468.02,Male,60,2,1,1,4,211,Need Attention
CUST03272,Customer 3272,Bengaluru,2026-04-12,262,3,2860.5199999999995,Male,26,2,3,1,6,231,At Risk
CUST03273,Customer 3273,Thanjavur,2025-12-01,394,2,3004.9,Male,55,1,2,1,4,121,Lost Customers
CUST03274,Customer 3274,Bengaluru,2025-05-14,595,1,1141.43,Male,64,1,1,1,3,111,Lost Customers
CUST03275,Customer 3275,Salem,2026-09-25,96,3,3568.8,Male,53,4,3,2,9,432,Potential Loyalists
CUST03276,Customer 3276,Madurai,2026-03-24,281,8,14821.14,Female,59,2,5,5,12,255,At Risk
CUST03277,Customer 3277,Salem,2026-09-19,102,3,10122.67,Female,23,4,3,4,11,434,Big Spenders
CUST03278,Customer 3278,Madurai,2026-06-01,212,2,3633.68,Female,62,3,2,2,7,322,Need Attention
CUST03279,Customer 3279,Hyderabad,2025-05-01,608,2,7119.26,Male,22,1,2,3,6,123,Lost Customers
CUST03280,Customer 3280,Pondicherry,2026-09-30,91,5,17228.61,Female,58,5,5,5,15,555,Champions
CUST03281,Customer 3281,Thanjavur,2026-06-18,195,4,4200.110000000001,Male,63,3,4,2,9,342,Loyal Customers
CUST03282,Customer 3282,Vellore,2026-07-06,177,5,12213.67,Other,59,3,5,5,13,355,Loyal Customers
CUST03283,Customer 3283,Madurai,2026-10-30,61,2,1969.5800000000002,Male,44,5,2,1,8,521,New Customers
CUST03284,Customer 3284,Chennai,2026-03-03,302,4,10895.2,Female,42,2,4,4,10,244,At Risk
CUST03285,Customer 3285,Salem,2025-11-16,409,5,6761.05,Male,22,1,5,3,9,153,At Risk
CUST03286,Customer 3286,Hyderabad,2025-10-06,450,1,2566.77,Other,25,1,1,1,3,111,Lost Customers
CUST03287,Customer 3287,Thanjavur,2026-06-02,211,3,12298.94,Female,22,3,3,5,11,335,Big Spenders
CUST03288,Customer 3288,Thanjavur,2026-08-20,132,4,7431.48,Male,41,4,4,3,11,443,Loyal Customers
CUST03289,Customer 3289,Trichy,2026-08-15,137,4,6073.66,Female,27,4,4,3,11,443,Loyal Customers
CUST03290,Customer 3290,Tirunelveli,2025-11-27,398,1,1216.2,Male,24,1,1,1,3,111,Lost Customers
CUST03291,Customer 3291,Coimbatore,2026-03-14,291,3,5062.97,Female,24,2,3,2,7,232,At Risk
CUST03292,Customer 3292,Salem,2026-08-08,144,3,3488.98,Other,64,4,3,2,9,432,Potential Loyalists
CUST03293,Customer 3293,Vellore,2026-03-27,278,2,3011.52,Female,24,2,2,1,5,221,Need Attention
CUST03294,Customer 3294,Salem,2026-10-16,75,5,11403.039999999999,Other,54,5,5,5,15,555,Champions
CUST03295,Customer 3295,Coimbatore,2026-06-17,196,3,5687.75,Female,56,3,3,3,9,333,Need Attention
CUST03296,Customer 3296,Tirunelveli,2025-04-09,630,1,3188.49,Male,38,1,1,1,3,111,Lost Customers
CUST03297,Customer 3297,Hyderabad,2026-02-08,325,2,2143.66,Female,65,2,2,1,5,221,Need Attention
CUST03298,Customer 3298,Bengaluru,2026-10-21,70,5,7427.79,Other,53,5,5,3,13,553,Loyal Customers
CUST03299,Customer 3299,Bengaluru,2026-09-22,99,5,8319.609999999999,Female,48,4,5,4,13,454,Champions
CUST03300,Customer 3300,Hyderabad,2026-10-16,75,3,5615.1900000000005,Female,18,5,3,3,11,533,Potential Loyalists
CUST03301,Customer 3301,Hyderabad,2026-08-02,150,3,14935.529999999999,Other,27,4,3,5,12,435,Big Spenders
CUST03302,Customer 3302,Bengaluru,2026-06-21,192,4,8486.46,Male,42,3,4,4,11,344,Loyal Customers
CUST03303,Customer 3303,Pondicherry,2025-08-21,496,4,11238.740000000002,Female,21,1,4,5,10,145,At Risk
CUST03305,Customer 3305,Pondicherry,2025-04-03,636,2,11308.04,Other,44,1,2,5,8,125,Lost Customers
CUST03306,Customer 3306,Thanjavur,2026-08-22,130,4,5496.88,Male,46,4,4,3,11,443,Loyal Customers
CUST03307,Customer 3307,Salem,2026-07-22,161,4,13108.48,Female,50,3,4,5,12,345,Loyal Customers
CUST03308,Customer 3308,Pondicherry,2025-12-14,381,1,1864.24,Female,51,2,1,1,4,211,Need Attention
CUST03309,Customer 3309,Hyderabad,2026-10-21,70,2,6963.61,Male,37,5,2,3,10,523,Potential Loyalists
CUST03310,Customer 3310,Tirunelveli,2025-06-22,556,1,1761.44,Male,37,1,1,1,3,111,Lost Customers
CUST03311,Customer 3311,Hyderabad,2026-03-18,287,2,4736.21,Female,23,2,2,2,6,222,Need Attention
CUST03312,Customer 3312,Trichy,2025-11-08,417,3,9191.68,Male,64,1,3,4,8,134,At Risk
CUST03313,Customer 3313,Chennai,2026-07-26,157,5,13311.27,Male,54,3,5,5,13,355,Loyal Customers
CUST03314,Customer 3314,Vellore,2025-10-24,432,3,9074.21,Other,36,1,3,4,8,134,At Risk
CUST03315,Customer 3315,Hyderabad,2025-02-17,681,1,4814.95,Male,45,1,1,2,4,112,Lost Customers
CUST03316,Customer 3316,Erode,2025-01-29,700,1,4611.64,Other,26,1,1,2,4,112,Lost Customers
CUST03317,Customer 3317,Hyderabad,2025-07-22,526,1,1010.74,Other,61,1,1,1,3,111,Lost Customers
CUST03318,Customer 3318,Tirunelveli,2026-07-20,163,2,4410.280000000001,Other,25,3,2,2,7,322,Need Attention
CUST03319,Customer 3319,Pondicherry,2026-06-20,193,5,9972.17,Other,30,3,5,4,12,354,Loyal Customers
CUST03320,Customer 3320,Pondicherry,2024-12-31,729,1,1432.4,Other,45,1,1,1,3,111,Lost Customers
CUST03321,Customer 3321,Trichy,2026-10-05,86,5,12067.689999999999,Other,40,5,5,5,15,555,Champions
CUST03322,Customer 3322,Hyderabad,2026-09-15,106,6,10782.990000000002,Other,51,4,5,4,13,454,Champions
CUST03323,Customer 3323,Erode,2026-06-29,184,3,8989.650000000001,Male,56,3,3,4,10,334,Big Spenders
CUST03324,Customer 3324,Trichy,2026-08-24,128,3,3457.82,Other,51,4,3,2,9,432,Potential Loyalists
CUST03325,Customer 3325,Madurai,2026-07-12,171,2,1971.0,Male,41,3,2,1,6,321,Need Attention
CUST03326,Customer 3326,Tirunelveli,2025-09-25,461,1,637.91,Female,21,1,1,1,3,111,Lost Customers
CUST03327,Customer 3327,Thanjavur,2026-04-18,256,2,2242.84,Female,28,2,2,1,5,221,Need Attention
CUST03328,Customer 3328,Trichy,2026-10-28,63,3,5948.12,Female,61,5,3,3,11,533,Potential Loyalists
CUST03329,Customer 3329,Salem,2026-07-10,173,1,3768.52,Other,25,3,1,2,6,312,Need Attention
CUST03330,Customer 3330,Salem,2026-11-17,43,3,6591.89,Female,36,5,3,3,11,533,Potential Loyalists
CUST03331,Customer 3331,Hyderabad,2025-09-12,474,3,4530.1900000000005,Male,65,1,3,2,6,132,At Risk
CUST03332,Customer 3332,Salem,2026-07-09,174,4,5788.1900000000005,Female,31,3,4,3,10,343,Loyal Customers
CUST03333,Customer 3333,Erode,2026-05-02,242,2,6861.09,Other,20,3,2,3,8,323,Need Attention
CUST03334,Customer 3334,Thanjavur,2026-07-11,172,5,9934.119999999999,Female,21,3,5,4,12,354,Loyal Customers
CUST03335,Customer 3335,Thanjavur,2025-04-18,621,1,3382.62,Other,47,1,1,2,4,112,Lost Customers
CUST03336,Customer 3336,Chennai,2026-03-12,293,5,13687.37,Female,24,2,5,5,12,255,At Risk
CUST03337,Customer 3337,Tirunelveli,2026-09-27,94,3,4027.5600000000004,Other,29,5,3,2,10,532,Potential Loyalists
CUST03338,Customer 3338,Tirunelveli,2026-09-22,99,3,9101.65,Male,24,4,3,4,11,434,Big Spenders
CUST03339,Customer 3339,Vellore,2026-05-23,221,3,5188.67,Male,23,3,3,2,8,332,Need Attention
CUST03340,Customer 3340,Coimbatore,2026-04-14,260,3,5489.29,Male,44,2,3,3,8,233,At Risk
CUST03341,Customer 3341,Hyderabad,2026-08-11,141,5,7820.33,Male,27,4,5,4,13,454,Champions
CUST03342,Customer 3342,Tirunelveli,2025-09-08,478,1,4395.08,Male,48,1,1,2,4,112,Lost Customers
CUST03343,Customer 3343,Tirunelveli,2026-12-18,12,4,6810.780000000001,Female,41,5,4,3,12,543,Loyal Customers
CUST03344,Customer 3344,Coimbatore,2025-07-24,524,3,2048.7799999999997,Other,35,1,3,1,5,131,At Risk
CUST03345,Customer 3345,Madurai,2026-08-22,130,3,7984.22,Other,46,4,3,4,11,434,Big Spenders
CUST03346,Customer 3346,Tirunelveli,2026-06-20,193,3,7531.66,Female,65,3,3,3,9,333,Need Attention
CUST03347,Customer 3347,Trichy,2025-02-20,678,3,2893.99,Female,63,1,3,1,5,131,At Risk
CUST03348,Customer 3348,Chennai,2026-07-10,173,7,18057.64,Male,36,3,5,5,13,355,Loyal Customers
CUST03349,Customer 3349,Pondicherry,2026-09-28,93,5,15234.5,Female,44,5,5,5,15,555,Champions
CUST03350,Customer 3350,Hyderabad,2026-11-12,48,3,3050.1,Male,28,5,3,1,9,531,Need Attention
CUST03351,Customer 3351,Salem,2025-08-15,502,2,2169.33,Female,60,1,2,1,4,121,Lost Customers
CUST03353,Customer 3353,Madurai,2025-08-07,510,2,3249.63,Other,63,1,2,2,5,122,Lost Customers
CUST03354,Customer 3354,Pondicherry,2025-12-09,386,4,5066.84,Female,50,1,4,2,7,142,At Risk
CUST03356,Customer 3356,Madurai,2026-08-28,124,6,16553.42,Male,26,4,5,5,14,455,Champions
CUST03357,Customer 3357,Hyderabad,2026-06-15,198,1,1650.44,Other,18,3,1,1,5,311,Need Attention
CUST03358,Customer 3358,Thanjavur,2026-04-22,252,2,2096.28,Male,61,2,2,1,5,221,Need Attention
CUST03359,Customer 3359,Chennai,2026-08-31,121,3,5629.62,Other,65,4,3,3,10,433,Potential Loyalists
CUST03360,Customer 3360,Salem,2026-11-15,45,2,5103.25,Female,36,5,2,2,9,522,Potential Loyalists
CUST03361,Customer 3361,Trichy,2025-11-24,401,3,4281.14,Male,45,1,3,2,6,132,At Risk
CUST03362,Customer 3362,Vellore,2026-01-24,340,3,3318.3099999999995,Male,64,2,3,2,7,232,At Risk
CUST03363,Customer 3363,Coimbatore,2026-08-14,138,3,5662.55,Male,35,4,3,3,10,433,Potential Loyalists
CUST03364,Customer 3364,Trichy,2026-09-28,93,7,18947.45,Female,62,5,5,5,15,555,Champions
CUST03365,Customer 3365,Erode,2026-08-21,131,3,2525.82,Female,30,4,3,1,8,431,Need Attention
CUST03366,Customer 3366,Pondicherry,2025-12-29,366,2,6461.55,Male,62,2,2,3,7,223,Need Attention
CUST03367,Customer 3367,Trichy,2025-10-27,429,1,333.03,Other,29,1,1,1,3,111,Lost Customers
CUST03368,Customer 3368,Hyderabad,2025-12-12,383,2,3060.07,Other,58,1,2,1,4,121,Lost Customers
CUST03369,Customer 3369,Madurai,2026-05-23,221,3,3036.14,Male,25,3,3,1,7,331,Need Attention
CUST03370,Customer 3370,Trichy,2025-07-13,535,2,2449.2799999999997,Male,35,1,2,1,4,121,Lost Customers
CUST03371,Customer 3371,Bengaluru,2026-10-12,79,3,3790.17,Female,19,5,3,2,10,532,Potential Loyalists
CUST03372,Customer 3372,Tirunelveli,2026-08-22,130,2,5346.43,Male,21,4,2,2,8,422,Potential Loyalists
CUST03373,Customer 3373,Pondicherry,2026-07-01,182,4,6622.57,Other,37,3,4,3,10,343,Loyal Customers
CUST03374,Customer 3374,Thanjavur,2025-10-04,452,1,1748.68,Male,32,1,1,1,3,111,Lost Customers
CUST03375,Customer 3375,Vellore,2025-07-18,530,3,4293.46,Female,21,1,3,2,6,132,At Risk
CUST03376,Customer 3376,Salem,2026-03-24,281,5,6646.65,Other,21,2,5,3,10,253,At Risk
CUST03377,Customer 3377,Salem,2026-07-18,165,5,10942.39,Female,41,3,5,4,12,354,Loyal Customers
CUST03378,Customer 3378,Trichy,2026-06-01,212,3,5828.12,Other,44,3,3,3,9,333,Need Attention
CUST03379,Customer 3379,Chennai,2026-07-16,167,3,5335.79,Male,29,3,3,2,8,332,Need Attention
CUST03380,Customer 3380,Pondicherry,2026-08-13,139,2,3891.2700000000004,Male,60,4,2,2,8,422,Potential Loyalists
CUST03381,Customer 3381,Erode,2026-08-16,136,5,13807.66,Male,36,4,5,5,14,455,Champions
CUST03382,Customer 3382,Tirunelveli,2026-04-09,265,3,8271.02,Other,24,2,3,4,9,234,At Risk
CUST03383,Customer 3383,Thanjavur,2026-12-08,22,8,13997.369999999999,Female,49,5,5,5,15,555,Champions
CUST03384,Customer 3384,Coimbatore,2026-06-01,212,3,4330.4800000000005,Female,25,3,3,2,8,332,Need Attention
CUST03385,Customer 3385,Vellore,2026-11-15,45,8,26170.469999999998,Male,61,5,5,5,15,555,Champions
CUST03386,Customer 3386,Thanjavur,2026-08-30,122,2,5283.87,Male,39,4,2,2,8,422,Potential Loyalists
CUST03387,Customer 3387,Bengaluru,2026-10-29,62,5,10644.43,Female,65,5,5,4,14,554,Champions
CUST03388,Customer 3388,Trichy,2025-07-21,527,2,2775.4,Other,41,1,2,1,4,121,Lost Customers
CUST03389,Customer 3389,Bengaluru,2025-09-08,478,2,4279.25,Female,31,1,2,2,5,122,Lost Customers
CUST03390,Customer 3390,Madurai,2026-03-21,284,2,10360.18,Male,24,2,2,4,8,224,Need Attention
CUST03391,Customer 3391,Coimbatore,2025-04-05,634,4,7947.96,Other,56,1,4,4,9,144,At Risk
CUST03392,Customer 3392,Trichy,2025-07-10,538,2,3720.0800000000004,Other,59,1,2,2,5,122,Lost Customers
CUST03393,Customer 3393,Coimbatore,2025-11-06,419,3,6955.6900000000005,Other,46,1,3,3,7,133,At Risk
CUST03394,Customer 3394,Thanjavur,2026-02-19,314,3,10295.32,Other,57,2,3,4,9,234,At Risk
CUST03395,Customer 3395,Trichy,2026-09-11,110,5,9576.72,Other,48,4,5,4,13,454,Champions
CUST03396,Customer 3396,Chennai,2026-09-10,111,4,10608.24,Other,27,4,4,4,12,444,Champions
CUST03397,Customer 3397,Vellore,2026-08-12,140,4,3802.62,Male,44,4,4,2,10,442,Loyal Customers
CUST03398,Customer 3398,Thanjavur,2026-07-12,171,2,9193.789999999999,Female,53,3,2,4,9,324,Big Spenders
CUST03399,Customer 3399,Pondicherry,2026-08-29,123,3,11099.28,Female,58,4,3,5,12,435,Big Spenders
CUST03400,Customer 3400,Erode,2026-01-22,342,2,5588.34,Female,22,2,2,3,7,223,Need Attention
CUST03401,Customer 3401,Chennai,2026-07-17,166,6,13694.210000000001,Other,50,3,5,5,13,355,Loyal Customers
CUST03402,Customer 3402,Pondicherry,2026-09-09,112,5,7509.13,Other,35,4,5,3,12,453,Loyal Customers
CUST03403,Customer 3403,Bengaluru,2026-05-23,221,5,14922.589999999998,Female,20,3,5,5,13,355,Loyal Customers
CUST03404,Customer 3404,Pondicherry,2026-07-14,169,1,4841.0,Other,30,3,1,2,6,312,Need Attention
CUST03405,Customer 3405,Hyderabad,2025-10-06,450,3,6618.78,Female,49,1,3,3,7,133,At Risk
CUST03406,Customer 3406,Madurai,2025-05-31,578,2,6172.26,Other,22,1,2,3,6,123,Lost Customers
CUST03407,Customer 3407,Vellore,2026-04-10,264,4,6017.93,Other,42,2,4,3,9,243,At Risk
CUST03408,Customer 3408,Bengaluru,2025-12-05,390,2,3629.0,Female,43,1,2,2,5,122,Lost Customers
CUST03409,Customer 3409,Chennai,2026-10-02,89,3,6230.41,Male,29,5,3,3,11,533,Potential Loyalists
CUST03410,Customer 3410,Bengaluru,2026-09-09,112,4,8802.31,Other,31,4,4,4,12,444,Champions
CUST03411,Customer 3411,Erode,2026-02-08,325,2,3054.47,Male,50,2,2,1,5,221,Need Attention
CUST03412,Customer 3412,Vellore,2026-08-08,144,6,15328.74,Other,64,4,5,5,14,455,Champions
CUST03413,Customer 3413,Salem,2026-01-19,345,2,6090.24,Female,32,2,2,3,7,223,Need Attention
CUST03414,Customer 3414,Coimbatore,2026-08-16,136,5,11239.7,Female,53,4,5,5,14,455,Champions
CUST03415,Customer 3415,Vellore,2026-04-29,245,5,9720.09,Male,20,2,5,4,11,254,At Risk
CUST03416,Customer 3416,Hyderabad,2026-12-11,19,8,12093.26,Female,20,5,5,5,15,555,Champions
CUST03418,Customer 3418,Trichy,2026-12-02,28,3,2661.74,Male,59,5,3,1,9,531,Need Attention
CUST03419,Customer 3419,Coimbatore,2025-08-24,493,1,1211.43,Male,52,1,1,1,3,111,Lost Customers
CUST03420,Customer 3420,Hyderabad,2026-06-30,183,4,8891.48,Other,40,3,4,4,11,344,Loyal Customers
CUST03421,Customer 3421,Coimbatore,2025-06-09,569,1,3265.38,Female,38,1,1,2,4,112,Lost Customers
CUST03422,Customer 3422,Pondicherry,2026-09-01,120,5,11309.939999999999,Other,34,4,5,5,14,455,Champions
CUST03423,Customer 3423,Salem,2026-11-02,58,3,8398.11,Female,57,5,3,4,12,534,Big Spenders
CUST03424,Customer 3424,Chennai,2026-09-13,108,7,17936.02,Male,58,4,5,5,14,455,Champions
CUST03425,Customer 3425,Pondicherry,2026-06-10,203,4,9301.14,Female,32,3,4,4,11,344,Loyal Customers
CUST03426,Customer 3426,Chennai,2026-01-07,357,1,2179.26,Male,34,2,1,1,4,211,Need Attention
CUST03427,Customer 3427,Coimbatore,2026-07-24,159,2,3674.2999999999997,Other,55,3,2,2,7,322,Need Attention
CUST03428,Customer 3428,Tirunelveli,2026-08-09,143,5,16372.78,Other,62,4,5,5,14,455,Champions
CUST03429,Customer 3429,Hyderabad,2026-02-14,319,4,12195.95,Female,58,2,4,5,11,245,At Risk
CUST03430,Customer 3430,Erode,2026-08-31,121,5,9153.22,Other,31,4,5,4,13,454,Champions
CUST03431,Customer 3431,Trichy,2026-10-29,62,5,12416.46,Female,35,5,5,5,15,555,Champions
CUST03432,Customer 3432,Madurai,2026-01-18,346,2,5250.8,Other,43,2,2,2,6,222,Need Attention
CUST03433,Customer 3433,Pondicherry,2026-02-16,317,3,4502.2,Male,64,2,3,2,7,232,At Risk
CUST03434,Customer 3434,Erode,2026-09-03,118,7,15365.96,Female,27,4,5,5,14,455,Champions
CUST03435,Customer 3435,Erode,2026-08-26,126,7,15477.4,Female,29,4,5,5,14,455,Champions
CUST03436,Customer 3436,Bengaluru,2026-10-06,85,9,13511.93,Male,30,5,5,5,15,555,Champions
CUST03437,Customer 3437,Hyderabad,2026-11-07,53,4,4730.7699999999995,Other,29,5,4,2,11,542,Loyal Customers
CUST03438,Customer 3438,Madurai,2026-12-14,16,2,3506.7700000000004,Male,37,5,2,2,9,522,Potential Loyalists
CUST03439,Customer 3439,Bengaluru,2026-04-08,266,3,10105.83,Female,61,2,3,4,9,234,At Risk
CUST03440,Customer 3440,Coimbatore,2026-03-21,284,3,8639.7,Male,27,2,3,4,9,234,At Risk
CUST03441,Customer 3441,Hyderabad,2026-04-21,253,2,6997.06,Male,47,2,2,3,7,223,Need Attention
CUST03442,Customer 3442,Vellore,2026-12-12,18,4,8242.8,Male,64,5,4,4,13,544,Champions
CUST03443,Customer 3443,Bengaluru,2026-04-10,264,6,13122.099999999999,Other,18,2,5,5,12,255,At Risk
CUST03444,Customer 3444,Chennai,2026-07-14,169,2,4438.8099999999995,Female,42,3,2,2,7,322,Need Attention
CUST03445,Customer 3445,Chennai,2026-05-27,217,5,9243.48,Male,59,3,5,4,12,354,Loyal Customers
CUST03446,Customer 3446,Salem,2025-09-01,485,1,1149.58,Male,23,1,1,1,3,111,Lost Customers
CUST03447,Customer 3447,Chennai,2026-10-13,78,3,3224.89,Other,56,5,3,2,10,532,Potential Loyalists
CUST03448,Customer 3448,Vellore,2026-10-12,79,3,4814.31,Male,24,5,3,2,10,532,Potential Loyalists
CUST03449,Customer 3449,Coimbatore,2026-09-05,116,5,14702.95,Female,63,4,5,5,14,455,Champions
CUST03450,Customer 3450,Bengaluru,2026-07-22,161,4,6877.59,Male,48,3,4,3,10,343,Loyal Customers
CUST03451,Customer 3451,Thanjavur,2026-10-01,90,3,7479.73,Male,37,5,3,3,11,533,Potential Loyalists
CUST03452,Customer 3452,Chennai,2025-08-02,515,2,3937.96,Male,33,1,2,2,5,122,Lost Customers
CUST03453,Customer 3453,Hyderabad,2026-08-13,139,6,15805.5,Other,35,4,5,5,14,455,Champions
CUST03454,Customer 3454,Chennai,2026-10-28,63,5,10861.61,Male,19,5,5,4,14,554,Champions
CUST03455,Customer 3455,Coimbatore,2026-05-18,226,3,9928.55,Other,36,3,3,4,10,334,Big Spenders
CUST03456,Customer 3456,Chennai,2026-11-03,57,1,970.26,Female,27,5,1,1,7,511,New Customers
CUST03457,Customer 3457,Tirunelveli,2026-12-20,10,4,14584.81,Male,32,5,4,5,14,545,Champions
CUST03458,Customer 3458,Hyderabad,2026-09-29,92,6,5531.09,Male,40,5,5,3,13,553,Loyal Customers
CUST03459,Customer 3459,Tirunelveli,2026-08-20,132,4,11083.470000000001,Male,61,4,4,5,13,445,Champions
CUST03460,Customer 3460,Erode,2026-04-18,256,3,6312.4,Other,25,2,3,3,8,233,At Risk
CUST03461,Customer 3461,Coimbatore,2025-12-09,386,2,3939.5600000000004,Male,32,1,2,2,5,122,Lost Customers
CUST03462,Customer 3462,Bengaluru,2025-10-18,438,3,3445.25,Female,22,1,3,2,6,132,At Risk
CUST03463,Customer 3463,Coimbatore,2025-03-20,650,2,4183.41,Male,41,1,2,2,5,122,Lost Customers
CUST03464,Customer 3464,Madurai,2025-11-10,415,2,6637.38,Other,27,1,2,3,6,123,Lost Customers
CUST03466,Customer 3466,Madurai,2025-06-29,549,2,6765.27,Other,45,1,2,3,6,123,Lost Customers
CUST03467,Customer 3467,Bengaluru,2025-04-26,613,1,724.98,Other,37,1,1,1,3,111,Lost Customers
CUST03469,Customer 3469,Thanjavur,2026-04-10,264,1,430.86,Female,60,2,1,1,4,211,Need Attention
CUST03470,Customer 3470,Chennai,2026-04-14,260,6,16046.6,Other,22,2,5,5,12,255,At Risk
CUST03471,Customer 3471,Madurai,2025-09-20,466,4,11425.09,Male,59,1,4,5,10,145,At Risk
CUST03472,Customer 3472,Erode,2026-06-25,188,6,14547.390000000001,Male,42,3,5,5,13,355,Loyal Customers
CUST03473,Customer 3473,Coimbatore,2026-10-09,82,4,13765.81,Female,22,5,4,5,14,545,Champions
CUST03474,Customer 3474,Salem,2026-09-21,100,4,15074.15,Female,64,4,4,5,13,445,Champions
CUST03475,Customer 3475,Madurai,2026-08-23,129,7,13319.77,Male,38,4,5,5,14,455,Champions
CUST03476,Customer 3476,Thanjavur,2026-07-25,158,3,8769.49,Female,40,3,3,4,10,334,Big Spenders
CUST03477,Customer 3477,Pondicherry,2025-09-25,461,3,7072.049999999999,Female,48,1,3,3,7,133,At Risk
CUST03478,Customer 3478,Thanjavur,2026-03-07,298,4,5783.0,Other,58,2,4,3,9,243,At Risk
CUST03479,Customer 3479,Tirunelveli,2026-10-21,70,4,5200.52,Other,33,5,4,2,11,542,Loyal Customers
CUST03480,Customer 3480,Vellore,2025-08-23,494,2,8897.63,Other,49,1,2,4,7,124,Lost Customers
CUST03481,Customer 3481,Vellore,2026-02-17,316,5,8200.83,Female,52,2,5,4,11,254,At Risk
CUST03482,Customer 3482,Coimbatore,2026-09-15,106,3,2976.7200000000003,Male,42,4,3,1,8,431,Need Attention
CUST03483,Customer 3483,Vellore,2025-06-13,565,2,10182.72,Other,44,1,2,4,7,124,Lost Customers
CUST03484,Customer 3484,Trichy,2026-03-25,280,5,8113.58,Other,65,2,5,4,11,254,At Risk
CUST03485,Customer 3485,Thanjavur,2026-09-16,105,6,6115.98,Male,33,4,5,3,12,453,Loyal Customers
CUST03486,Customer 3486,Thanjavur,2026-04-19,255,3,10140.16,Male,19,2,3,4,9,234,At Risk
CUST03487,Customer 3487,Coimbatore,2026-07-23,160,5,14133.34,Female,26,3,5,5,13,355,Loyal Customers
CUST03488,Customer 3488,Madurai,2026-09-02,119,4,8041.9800000000005,Female,41,4,4,4,12,444,Champions
CUST03489,Customer 3489,Vellore,2026-09-14,107,5,12059.03,Female,27,4,5,5,14,455,Champions
CUST03490,Customer 3490,Trichy,2026-10-03,88,4,10463.26,Male,31,5,4,4,13,544,Champions
CUST03491,Customer 3491,Coimbatore,2026-05-31,213,1,1075.08,Other,26,3,1,1,5,311,Need Attention
CUST03492,Customer 3492,Tirunelveli,2026-09-17,104,7,10626.95,Other,27,4,5,4,13,454,Champions
CUST03493,Customer 3493,Tirunelveli,2025-11-28,397,3,7403.14,Male,62,1,3,3,7,133,At Risk
CUST03494,Customer 3494,Coimbatore,2025-05-27,582,1,3027.96,Male,62,1,1,1,3,111,Lost Customers
CUST03495,Customer 3495,Erode,2026-07-13,170,4,13037.11,Other,22,3,4,5,12,345,Loyal Customers
CUST03496,Customer 3496,Chennai,2026-12-02,28,3,2865.11,Other,28,5,3,1,9,531,Need Attention
CUST03497,Customer 3497,Coimbatore,2026-07-20,163,3,4927.76,Female,27,3,3,2,8,332,Need Attention
CUST03498,Customer 3498,Bengaluru,2026-06-03,210,2,2236.5699999999997,Male,18,3,2,1,6,321,Need Attention
CUST03500,Customer 3500,Pondicherry,2026-10-06,85,6,12955.630000000001,Other,26,5,5,5,15,555,Champions
CUST03501,Customer 3501,Erode,2026-09-30,91,4,5952.72,Other,37,5,4,3,12,543,Loyal Customers
CUST03502,Customer 3502,Erode,2026-09-15,106,4,5924.82,Other,39,4,4,3,11,443,Loyal Customers
CUST03503,Customer 3503,Chennai,2026-07-23,160,4,6513.87,Other,62,3,4,3,10,343,Loyal Customers
CUST03504,Customer 3504,Chennai,2026-10-31,60,5,7681.200000000001,Male,27,5,5,3,13,553,Loyal Customers
CUST03505,Customer 3505,Madurai,2026-09-25,96,2,6119.01,Male,56,4,2,3,9,423,Potential Loyalists
CUST03506,Customer 3506,Tirunelveli,2026-09-04,117,7,10712.19,Male,18,4,5,4,13,454,Champions
CUST03507,Customer 3507,Erode,2026-11-28,32,6,16222.22,Female,61,5,5,5,15,555,Champions
CUST03508,Customer 3508,Bengaluru,2026-08-12,140,5,18598.44,Other,34,4,5,5,14,455,Champions
CUST03509,Customer 3509,Trichy,2026-10-18,73,6,15929.84,Female,63,5,5,5,15,555,Champions
CUST03510,Customer 3510,Coimbatore,2026-01-20,344,2,1542.1499999999999,Male,35,2,2,1,5,221,Need Attention
CUST03511,Customer 3511,Pondicherry,2026-06-04,209,2,2909.3,Female,26,3,2,1,6,321,Need Attention
CUST03512,Customer 3512,Chennai,2026-08-20,132,3,7102.070000000001,Female,57,4,3,3,10,433,Potential Loyalists
CUST03513,Customer 3513,Pondicherry,2026-08-09,143,3,9618.279999999999,Female,29,4,3,4,11,434,Big Spenders
CUST03514,Customer 3514,Pondicherry,2026-06-15,198,5,8404.07,Other,22,3,5,4,12,354,Loyal Customers
CUST03515,Customer 3515,Hyderabad,2026-07-31,152,4,9902.39,Female,38,4,4,4,12,444,Champions
CUST03517,Customer 3517,Tirunelveli,2026-11-30,30,4,4475.98,Female,59,5,4,2,11,542,Loyal Customers
CUST03518,Customer 3518,Coimbatore,2026-11-25,35,3,5319.69,Female,24,5,3,2,10,532,Potential Loyalists
CUST03519,Customer 3519,Thanjavur,2026-09-11,110,6,15355.21,Female,56,4,5,5,14,455,Champions
CUST03520,Customer 3520,Madurai,2026-10-15,76,2,4376.7,Male,36,5,2,2,9,522,Potential Loyalists
CUST03521,Customer 3521,Trichy,2026-05-21,223,3,3651.5,Male,22,3,3,2,8,332,Need Attention
CUST03522,Customer 3522,Trichy,2026-08-11,141,4,9946.56,Male,37,4,4,4,12,444,Champions
CUST03523,Customer 3523,Chennai,2026-09-14,107,2,6152.46,Male,58,4,2,3,9,423,Potential Loyalists
CUST03524,Customer 3524,Bengaluru,2025-01-18,711,1,3410.76,Female,23,1,1,2,4,112,Lost Customers
CUST03525,Customer 3525,Erode,2026-05-19,225,7,8099.990000000001,Male,54,3,5,4,12,354,Loyal Customers
CUST03526,Customer 3526,Coimbatore,2026-02-24,309,4,8313.05,Male,38,2,4,4,10,244,At Risk
CUST03527,Customer 3527,Salem,2026-09-24,97,3,3009.77,Male,40,4,3,1,8,431,Need Attention
CUST03528,Customer 3528,Thanjavur,2026-11-01,59,5,14094.32,Other,30,5,5,5,15,555,Champions
CUST03529,Customer 3529,Thanjavur,2026-10-12,79,6,10769.7,Female,64,5,5,4,14,554,Champions
CUST03530,Customer 3530,Coimbatore,2025-06-29,549,2,6417.48,Other,61,1,2,3,6,123,Lost Customers
CUST03531,Customer 3531,Vellore,2026-09-05,116,5,7693.67,Female,65,4,5,3,12,453,Loyal Customers
CUST03532,Customer 3532,Chennai,2026-09-08,113,3,4611.5,Other,27,4,3,2,9,432,Potential Loyalists
CUST03533,Customer 3533,Bengaluru,2026-11-06,54,4,9186.380000000001,Female,48,5,4,4,13,544,Champions
CUST03534,Customer 3534,Madurai,2026-07-25,158,3,6692.530000000001,Male,36,3,3,3,9,333,Need Attention
CUST03535,Customer 3535,Coimbatore,2026-09-23,98,3,7974.01,Other,47,4,3,4,11,434,Big Spenders
CUST03536,Customer 3536,Trichy,2025-09-04,482,2,2281.29,Male,63,1,2,1,4,121,Lost Customers
CUST03537,Customer 3537,Madurai,2026-10-24,67,4,10019.2,Other,59,5,4,4,13,544,Champions
CUST03538,Customer 3538,Vellore,2025-06-09,569,1,1227.26,Other,28,1,1,1,3,111,Lost Customers
CUST03539,Customer 3539,Hyderabad,2025-08-29,488,4,6622.46,Other,56,1,4,3,8,143,At Risk
CUST03540,Customer 3540,Madurai,2026-03-27,278,4,5993.74,Female,46,2,4,3,9,243,At Risk
CUST03541,Customer 3541,Bengaluru,2026-05-06,238,6,12924.9,Female,41,3,5,5,13,355,Loyal Customers
CUST03542,Customer 3542,Pondicherry,2026-07-19,164,4,5868.0599999999995,Female,20,3,4,3,10,343,Loyal Customers
CUST03543,Customer 3543,Trichy,2025-03-01,669,1,5972.07,Other,42,1,1,3,5,113,Lost Customers
CUST03544,Customer 3544,Coimbatore,2026-10-01,90,1,3676.95,Other,56,5,1,2,8,512,New Customers
CUST03545,Customer 3545,Erode,2025-03-02,668,2,5023.14,Other,58,1,2,2,5,122,Lost Customers
CUST03547,Customer 3547,Coimbatore,2025-06-17,561,1,990.48,Male,49,1,1,1,3,111,Lost Customers
CUST03548,Customer 3548,Salem,2026-07-16,167,2,1956.45,Female,28,3,2,1,6,321,Need Attention
CUST03549,Customer 3549,Bengaluru,2026-07-25,158,6,13825.09,Male,35,3,5,5,13,355,Loyal Customers
CUST03550,Customer 3550,Coimbatore,2026-11-04,56,4,7567.99,Female,23,5,4,3,12,543,Loyal Customers
CUST03551,Customer 3551,Salem,2025-11-11,414,1,1525.34,Other,47,1,1,1,3,111,Lost Customers
CUST03552,Customer 3552,Hyderabad,2025-09-06,480,2,4736.26,Female,46,1,2,2,5,122,Lost Customers
CUST03553,Customer 3553,Erode,2024-12-21,739,1,965.46,Male,54,1,1,1,3,111,Lost Customers
CUST03554,Customer 3554,Tirunelveli,2026-04-15,259,4,12669.52,Female,36,2,4,5,11,245,At Risk
CUST03555,Customer 3555,Madurai,2026-01-06,358,3,3493.4900000000002,Other,61,2,3,2,7,232,At Risk
CUST03556,Customer 3556,Bengaluru,2026-05-05,239,4,12732.7,Female,50,3,4,5,12,345,Loyal Customers
CUST03557,Customer 3557,Hyderabad,2026-09-09,112,2,3049.96,Female,23,4,2,1,7,421,New Customers
CUST03559,Customer 3559,Bengaluru,2026-01-21,343,3,9507.68,Other,20,2,3,4,9,234,At Risk
CUST03560,Customer 3560,Trichy,2026-08-13,139,3,15690.68,Male,65,4,3,5,12,435,Big Spenders
CUST03561,Customer 3561,Madurai,2025-12-11,384,3,6535.75,Other,18,1,3,3,7,133,At Risk
CUST03562,Customer 3562,Tirunelveli,2025-05-07,602,1,5884.32,Male,36,1,1,3,5,113,Lost Customers
CUST03563,Customer 3563,Coimbatore,2026-01-20,344,1,2600.6,Other,43,2,1,1,4,211,Need Attention
CUST03564,Customer 3564,Hyderabad,2025-05-30,579,2,4292.09,Female,47,1,2,2,5,122,Lost Customers
CUST03565,Customer 3565,Erode,2026-08-22,130,1,2182.26,Female,47,4,1,1,6,411,New Customers
CUST03566,Customer 3566,Coimbatore,2026-02-17,316,4,18669.309999999998,Other,47,2,4,5,11,245,At Risk
CUST03567,Customer 3567,Coimbatore,2026-08-02,150,3,6417.32,Male,64,4,3,3,10,433,Potential Loyalists
CUST03568,Customer 3568,Tirunelveli,2026-07-30,153,6,14293.38,Female,30,3,5,5,13,355,Loyal Customers
CUST03569,Customer 3569,Thanjavur,2025-11-20,405,2,3605.96,Male,38,1,2,2,5,122,Lost Customers
CUST03571,Customer 3571,Salem,2026-10-17,74,7,16600.7,Female,25,5,5,5,15,555,Champions
CUST03572,Customer 3572,Madurai,2025-10-30,426,8,22720.95,Male,52,1,5,5,11,155,At Risk
CUST03573,Customer 3573,Trichy,2026-07-23,160,4,5420.77,Male,58,3,4,2,9,342,Loyal Customers
CUST03574,Customer 3574,Bengaluru,2026-06-01,212,3,5224.09,Other,20,3,3,2,8,332,Need Attention
CUST03575,Customer 3575,Thanjavur,2026-06-11,202,2,7266.469999999999,Female,21,3,2,3,8,323,Need Attention
CUST03576,Customer 3576,Trichy,2026-10-03,88,4,5403.48,Female,48,5,4,2,11,542,Loyal Customers
CUST03577,Customer 3577,Hyderabad,2026-07-17,166,4,12856.75,Male,19,3,4,5,12,345,Loyal Customers
CUST03578,Customer 3578,Hyderabad,2026-09-19,102,5,14696.95,Female,34,4,5,5,14,455,Champions
CUST03579,Customer 3579,Coimbatore,2026-07-19,164,5,17418.26,Male,27,3,5,5,13,355,Loyal Customers
CUST03580,Customer 3580,Salem,2026-10-31,60,6,10448.22,Female,23,5,5,4,14,554,Champions
CUST03581,Customer 3581,Tirunelveli,2026-04-26,248,2,6333.75,Other,46,2,2,3,7,223,Need Attention
CUST03582,Customer 3582,Salem,2026-06-26,187,4,5588.32,Male,60,3,4,3,10,343,Loyal Customers
CUST03583,Customer 3583,Tirunelveli,2026-10-19,72,5,8417.07,Male,23,5,5,4,14,554,Champions
CUST03584,Customer 3584,Trichy,2026-09-23,98,7,12135.300000000001,Female,28,4,5,5,14,455,Champions
CUST03585,Customer 3585,Erode,2025-07-04,544,2,4805.780000000001,Female,48,1,2,2,5,122,Lost Customers
CUST03586,Customer 3586,Pondicherry,2026-07-08,175,5,11552.73,Other,28,3,5,5,13,355,Loyal Customers
CUST03587,Customer 3587,Bengaluru,2026-10-16,75,2,7195.74,Female,62,5,2,3,10,523,Potential Loyalists
CUST03588,Customer 3588,Bengaluru,2026-11-13,47,2,1776.61,Male,53,5,2,1,8,521,New Customers
CUST03589,Customer 3589,Hyderabad,2026-11-20,40,5,5635.14,Male,64,5,5,3,13,553,Loyal Customers
CUST03590,Customer 3590,Thanjavur,2026-03-20,285,2,1834.56,Other,27,2,2,1,5,221,Need Attention
CUST03591,Customer 3591,Pondicherry,2026-10-12,79,2,6722.889999999999,Other,65,5,2,3,10,523,Potential Loyalists
CUST03592,Customer 3592,Madurai,2026-10-15,76,4,10429.849999999999,Female,18,5,4,4,13,544,Champions
CUST03593,Customer 3593,Thanjavur,2026-04-02,272,1,1262.85,Male,49,2,1,1,4,211,Need Attention
CUST03594,Customer 3594,Salem,2026-05-05,239,3,2986.65,Other,44,3,3,1,7,331,Need Attention
CUST03595,Customer 3595,Erode,2025-01-28,701,1,718.54,Other,18,1,1,1,3,111,Lost Customers
CUST03596,Customer 3596,Erode,2026-07-15,168,2,2358.09,Male,58,3,2,1,6,321,Need Attention
CUST03597,Customer 3597,Chennai,2026-10-13,78,3,2918.77,Other,24,5,3,1,9,531,Need Attention
CUST03598,Customer 3598,Tirunelveli,2025-11-27,398,2,1741.44,Other,30,1,2,1,4,121,Lost Customers
CUST03600,Customer 3600,Trichy,2026-08-22,130,6,10662.91,Male,40,4,5,4,13,454,Champions
CUST03601,Customer 3601,Chennai,2026-04-17,257,6,9853.099999999999,Other,54,2,5,4,11,254,At Risk
CUST03603,Customer 3603,Pondicherry,2026-10-22,69,5,6171.0,Other,25,5,5,3,13,553,Loyal Customers
CUST03604,Customer 3604,Tirunelveli,2026-01-13,351,2,3948.8100000000004,Other,47,2,2,2,6,222,Need Attention
CUST03605,Customer 3605,Vellore,2025-12-27,368,1,1981.38,Female,40,2,1,1,4,211,Need Attention
CUST03606,Customer 3606,Coimbatore,2026-10-14,77,3,10788.119999999999,Other,39,5,3,4,12,534,Big Spenders
CUST03607,Customer 3607,Thanjavur,2025-12-03,392,1,923.83,Female,45,1,1,1,3,111,Lost Customers
CUST03608,Customer 3608,Madurai,2026-09-04,117,4,9690.93,Other,56,4,4,4,12,444,Champions
CUST03609,Customer 3609,Salem,2026-07-10,173,6,14455.79,Female,42,3,5,5,13,355,Loyal Customers
CUST03610,Customer 3610,Hyderabad,2026-12-04,26,5,11000.77,Other,62,5,5,5,15,555,Champions
CUST03611,Customer 3611,Pondicherry,2026-06-30,183,5,8729.93,Other,36,3,5,4,12,354,Loyal Customers
CUST03612,Customer 3612,Coimbatore,2026-07-18,165,4,6560.860000000001,Male,23,3,4,3,10,343,Loyal Customers
CUST03613,Customer 3613,Bengaluru,2026-10-28,63,5,11819.76,Other,19,5,5,5,15,555,Champions
CUST03614,Customer 3614,Pondicherry,2026-11-29,31,8,15501.27,Male,49,5,5,5,15,555,Champions
CUST03615,Customer 3615,Coimbatore,2026-09-17,104,4,10812.619999999999,Other,52,4,4,4,12,444,Champions
CUST03616,Customer 3616,Bengaluru,2026-10-04,87,5,9407.0,Female,50,5,5,4,14,554,Champions
CUST03617,Customer 3617,Salem,2025-04-19,620,2,2614.73,Male,60,1,2,1,4,121,Lost Customers
CUST03618,Customer 3618,Trichy,2026-07-27,156,6,18782.989999999998,Female,31,3,5,5,13,355,Loyal Customers
CUST03619,Customer 3619,Tirunelveli,2026-07-05,178,3,9486.84,Female,53,3,3,4,10,334,Big Spenders
CUST03620,Customer 3620,Coimbatore,2025-06-29,549,2,1464.2,Male,48,1,2,1,4,121,Lost Customers
CUST03621,Customer 3621,Hyderabad,2026-03-22,283,4,7736.47,Female,44,2,4,3,9,243,At Risk
CUST03622,Customer 3622,Chennai,2026-08-19,133,4,5048.87,Other,43,4,4,2,10,442,Loyal Customers
CUST03623,Customer 3623,Salem,2026-08-27,125,2,7120.84,Male,50,4,2,3,9,423,Potential Loyalists
CUST03624,Customer 3624,Salem,2026-05-04,240,3,2250.43,Other,34,3,3,1,7,331,Need Attention
CUST03625,Customer 3625,Trichy,2025-12-18,377,3,4932.61,Female,61,2,3,2,7,232,At Risk
CUST03626,Customer 3626,Chennai,2026-10-08,83,4,3040.83,Female,20,5,4,1,10,541,Loyal Customers
CUST03627,Customer 3627,Vellore,2026-09-28,93,2,5635.46,Male,41,5,2,3,10,523,Potential Loyalists
CUST03628,Customer 3628,Thanjavur,2026-10-23,68,2,2510.35,Other,56,5,2,1,8,521,New Customers
CUST03629,Customer 3629,Tirunelveli,2026-06-11,202,3,7753.6900000000005,Male,54,3,3,3,9,333,Need Attention
CUST03630,Customer 3630,Trichy,2026-09-08,113,6,12630.71,Other,43,4,5,5,14,455,Champions
CUST03631,Customer 3631,Chennai,2026-02-21,312,3,3408.4,Other,43,2,3,2,7,232,At Risk
CUST03632,Customer 3632,Madurai,2026-09-27,94,7,12450.09,Other,45,5,5,5,15,555,Champions
CUST03633,Customer 3633,Madurai,2026-10-06,85,4,8387.5,Female,64,5,4,4,13,544,Champions
CUST03634,Customer 3634,Madurai,2026-04-04,270,2,2580.3599999999997,Female,51,2,2,1,5,221,Need Attention
CUST03635,Customer 3635,Pondicherry,2026-11-14,46,5,10912.9,Male,24,5,5,4,14,554,Champions
CUST03636,Customer 3636,Coimbatore,2026-09-02,119,5,13710.94,Male,50,4,5,5,14,455,Champions
CUST03637,Customer 3637,Hyderabad,2026-02-02,331,3,4682.8,Other,43,2,3,2,7,232,At Risk
CUST03638,Customer 3638,Thanjavur,2026-08-02,150,5,13103.31,Other,28,4,5,5,14,455,Champions
CUST03639,Customer 3639,Chennai,2025-08-07,510,2,4350.2699999999995,Male,23,1,2,2,5,122,Lost Customers
CUST03640,Customer 3640,Bengaluru,2025-06-11,567,2,1845.06,Male,58,1,2,1,4,121,Lost Customers
CUST03641,Customer 3641,Pondicherry,2026-06-18,195,2,5754.55,Male,57,3,2,3,8,323,Need Attention
CUST03642,Customer 3642,Tirunelveli,2025-09-22,464,2,1465.02,Male,54,1,2,1,4,121,Lost Customers
CUST03643,Customer 3643,Madurai,2026-09-27,94,8,16303.529999999999,Other,64,5,5,5,15,555,Champions
CUST03644,Customer 3644,Thanjavur,2025-08-19,498,1,366.03,Other,58,1,1,1,3,111,Lost Customers
CUST03645,Customer 3645,Trichy,2026-07-18,165,4,7853.129999999999,Male,59,3,4,4,11,344,Loyal Customers
CUST03646,Customer 3646,Trichy,2025-08-23,494,3,2962.92,Male,52,1,3,1,5,131,At Risk
CUST03647,Customer 3647,Hyderabad,2026-06-25,188,2,3292.95,Female,34,3,2,2,7,322,Need Attention
CUST03648,Customer 3648,Madurai,2026-10-19,72,10,25205.72,Female,23,5,5,5,15,555,Champions
CUST03649,Customer 3649,Bengaluru,2025-06-25,553,5,16222.060000000001,Male,58,1,5,5,11,155,At Risk
CUST03650,Customer 3650,Erode,2026-07-29,154,2,4579.02,Male,25,3,2,2,7,322,Need Attention
CUST03651,Customer 3651,Madurai,2026-08-19,133,2,5051.469999999999,Male,24,4,2,2,8,422,Potential Loyalists
CUST03652,Customer 3652,Coimbatore,2026-08-27,125,3,7097.5599999999995,Female,29,4,3,3,10,433,Potential Loyalists
CUST03653,Customer 3653,Trichy,2025-12-03,392,2,4921.4,Female,41,1,2,2,5,122,Lost Customers
CUST03654,Customer 3654,Chennai,2026-05-06,238,2,4544.9,Male,49,3,2,2,7,322,Need Attention
CUST03655,Customer 3655,Hyderabad,2026-08-22,130,3,3543.9,Male,49,4,3,2,9,432,Potential Loyalists
CUST03656,Customer 3656,Tirunelveli,2026-07-03,180,4,5997.83,Male,61,3,4,3,10,343,Loyal Customers
CUST03658,Customer 3658,Salem,2026-02-25,308,1,902.56,Male,29,2,1,1,4,211,Need Attention
CUST03659,Customer 3659,Bengaluru,2025-10-21,435,1,5308.3,Male,60,1,1,2,4,112,Lost Customers
CUST03660,Customer 3660,Coimbatore,2025-09-07,479,3,4482.53,Other,20,1,3,2,6,132,At Risk
CUST03661,Customer 3661,Bengaluru,2026-04-08,266,3,1255.35,Female,48,2,3,1,6,231,At Risk
CUST03662,Customer 3662,Madurai,2025-09-05,481,2,8343.78,Other,18,1,2,4,7,124,Lost Customers
CUST03663,Customer 3663,Coimbatore,2025-07-21,527,3,3310.07,Other,34,1,3,2,6,132,At Risk
CUST03664,Customer 3664,Vellore,2026-11-01,59,9,16853.239999999998,Other,19,5,5,5,15,555,Champions
CUST03665,Customer 3665,Madurai,2026-12-10,20,8,24960.07,Other,50,5,5,5,15,555,Champions
CUST03666,Customer 3666,Trichy,2026-05-16,228,4,6720.049999999999,Female,25,3,4,3,10,343,Loyal Customers
CUST03667,Customer 3667,Trichy,2026-03-26,279,6,14525.33,Female,26,2,5,5,12,255,At Risk
CUST03668,Customer 3668,Madurai,2026-03-17,288,6,17875.09,Other,62,2,5,5,12,255,At Risk
CUST03669,Customer 3669,Trichy,2025-05-25,584,2,1135.2,Female,48,1,2,1,4,121,Lost Customers
CUST03670,Customer 3670,Vellore,2025-06-21,557,1,674.03,Female,63,1,1,1,3,111,Lost Customers
CUST03671,Customer 3671,Pondicherry,2026-06-24,189,5,13451.19,Female,47,3,5,5,13,355,Loyal Customers
CUST03672,Customer 3672,Vellore,2026-10-02,89,4,6875.26,Female,45,5,4,3,12,543,Loyal Customers
CUST03673,Customer 3673,Madurai,2025-09-29,457,2,6055.139999999999,Male,34,1,2,3,6,123,Lost Customers
CUST03674,Customer 3674,Salem,2026-06-06,207,4,8925.5,Other,63,3,4,4,11,344,Loyal Customers
CUST03675,Customer 3675,Bengaluru,2026-07-20,163,5,8671.85,Male,55,3,5,4,12,354,Loyal Customers
CUST03676,Customer 3676,Pondicherry,2025-07-06,542,3,10065.220000000001,Male,31,1,3,4,8,134,At Risk
CUST03677,Customer 3677,Tirunelveli,2026-10-01,90,6,10473.0,Female,46,5,5,4,14,554,Champions
CUST03678,Customer 3678,Thanjavur,2026-10-11,80,4,7613.76,Other,35,5,4,3,12,543,Loyal Customers
CUST03679,Customer 3679,Tirunelveli,2026-12-02,28,7,8216.34,Male,56,5,5,4,14,554,Champions
CUST03680,Customer 3680,Thanjavur,2026-01-28,336,5,8187.25,Male,54,2,5,4,11,254,At Risk
CUST03681,Customer 3681,Erode,2025-11-28,397,1,2426.3,Other,22,1,1,1,3,111,Lost Customers
CUST03682,Customer 3682,Salem,2026-09-29,92,5,13833.849999999999,Male,50,5,5,5,15,555,Champions
CUST03683,Customer 3683,Bengaluru,2025-12-27,368,3,6425.58,Female,36,2,3,3,8,233,At Risk
CUST03684,Customer 3684,Thanjavur,2025-11-30,395,2,11128.130000000001,Other,51,1,2,5,8,125,Lost Customers
CUST03685,Customer 3685,Madurai,2025-10-12,444,3,3892.0099999999998,Male,25,1,3,2,6,132,At Risk
CUST03686,Customer 3686,Madurai,2026-10-09,82,6,16558.14,Female,45,5,5,5,15,555,Champions
CUST03687,Customer 3687,Trichy,2026-05-25,219,2,1781.58,Male,22,3,2,1,6,321,Need Attention
CUST03688,Customer 3688,Madurai,2026-08-03,149,4,13013.74,Female,41,4,4,5,13,445,Champions
CUST03689,Customer 3689,Chennai,2026-08-26,126,6,22662.719999999998,Female,25,4,5,5,14,455,Champions
CUST03690,Customer 3690,Pondicherry,2026-04-06,268,5,18623.47,Other,18,2,5,5,12,255,At Risk
CUST03691,Customer 3691,Bengaluru,2026-09-30,91,1,5384.48,Male,47,5,1,2,8,512,New Customers
CUST03693,Customer 3693,Bengaluru,2026-07-16,167,2,4022.64,Female,36,3,2,2,7,322,Need Attention
CUST03694,Customer 3694,Coimbatore,2026-07-11,172,1,1219.2,Other,31,3,1,1,5,311,Need Attention
CUST03695,Customer 3695,Bengaluru,2026-06-22,191,2,4928.2,Female,63,3,2,2,7,322,Need Attention
CUST03696,Customer 3696,Bengaluru,2025-11-01,424,3,4547.35,Other,22,1,3,2,6,132,At Risk
CUST03697,Customer 3697,Tirunelveli,2026-08-20,132,5,6434.74,Female,61,4,5,3,12,453,Loyal Customers
CUST03698,Customer 3698,Trichy,2025-11-15,410,4,12883.32,Female,30,1,4,5,10,145,At Risk
CUST03699,Customer 3699,Chennai,2026-09-21,100,6,14141.09,Female,49,4,5,5,14,455,Champions
CUST03700,Customer 3700,Coimbatore,2026-08-15,137,1,5140.08,Female,25,4,1,2,7,412,New Customers
CUST03701,Customer 3701,Thanjavur,2026-10-12,79,4,11897.35,Male,56,5,4,5,14,545,Champions
CUST03702,Customer 3702,Bengaluru,2026-06-27,186,4,9340.45,Female,33,3,4,4,11,344,Loyal Customers
CUST03704,Customer 3704,Erode,2025-12-08,387,3,5045.71,Other,18,1,3,2,6,132,At Risk
CUST03705,Customer 3705,Chennai,2026-11-01,59,1,2153.3,Male,43,5,1,1,7,511,New Customers
CUST03706,Customer 3706,Thanjavur,2025-10-31,425,3,13793.17,Other,20,1,3,5,9,135,At Risk
CUST03707,Customer 3707,Erode,2026-04-03,271,4,11054.71,Male,22,2,4,5,11,245,At Risk
CUST03708,Customer 3708,Salem,2025-12-25,370,3,5784.48,Female,64,2,3,3,8,233,At Risk
CUST03709,Customer 3709,Tirunelveli,2025-11-18,407,3,6337.65,Female,40,1,3,3,7,133,At Risk
CUST03710,Customer 3710,Erode,2026-09-09,112,5,12029.2,Other,38,4,5,5,14,455,Champions
CUST03711,Customer 3711,Salem,2025-12-14,381,2,4440.1,Male,43,2,2,2,6,222,Need Attention
CUST03712,Customer 3712,Hyderabad,2026-05-11,233,4,5872.96,Female,49,3,4,3,10,343,Loyal Customers
CUST03713,Customer 3713,Coimbatore,2026-03-05,300,1,424.71,Female,57,2,1,1,4,211,Need Attention
CUST03714,Customer 3714,Chennai,2026-08-26,126,7,20397.73,Male,21,4,5,5,14,455,Champions
CUST03715,Customer 3715,Pondicherry,2026-10-29,62,4,10751.64,Male,38,5,4,4,13,544,Champions
CUST03716,Customer 3716,Madurai,2026-08-09,143,3,8423.55,Female,32,4,3,4,11,434,Big Spenders
CUST03717,Customer 3717,Thanjavur,2026-08-07,145,5,15055.84,Male,64,4,5,5,14,455,Champions
CUST03718,Customer 3718,Pondicherry,2026-01-08,356,2,4937.05,Other,18,2,2,2,6,222,Need Attention
CUST03719,Customer 3719,Chennai,2026-07-10,173,3,8318.27,Male,34,3,3,4,10,334,Big Spenders
CUST03720,Customer 3720,Coimbatore,2026-04-05,269,3,5378.21,Male,37,2,3,2,7,232,At Risk
CUST03721,Customer 3721,Bengaluru,2026-05-11,233,2,7480.99,Female,62,3,2,3,8,323,Need Attention
CUST03722,Customer 3722,Pondicherry,2026-05-10,234,2,5171.219999999999,Female,35,3,2,2,7,322,Need Attention
CUST03723,Customer 3723,Erode,2025-09-24,462,6,18080.399999999998,Male,55,1,5,5,11,155,At Risk
CUST03724,Customer 3724,Madurai,2026-08-08,144,5,19126.23,Male,38,4,5,5,14,455,Champions
CUST03725,Customer 3725,Hyderabad,2025-11-15,410,3,13829.57,Other,44,1,3,5,9,135,At Risk
CUST03726,Customer 3726,Vellore,2026-07-15,168,3,7902.29,Other,25,3,3,4,10,334,Big Spenders
CUST03727,Customer 3727,Erode,2026-08-08,144,5,7872.3099999999995,Male,54,4,5,4,13,454,Champions
CUST03728,Customer 3728,Thanjavur,2026-09-14,107,4,7097.85,Female,35,4,4,3,11,443,Loyal Customers
CUST03729,Customer 3729,Trichy,2025-05-02,607,3,9933.119999999999,Other,48,1,3,4,8,134,At Risk
CUST03730,Customer 3730,Pondicherry,2025-06-14,564,2,3147.9,Female,36,1,2,1,4,121,Lost Customers
CUST03731,Customer 3731,Trichy,2025-12-08,387,2,1751.9099999999999,Female,53,1,2,1,4,121,Lost Customers
CUST03732,Customer 3732,Trichy,2026-10-29,62,6,13571.4,Other,65,5,5,5,15,555,Champions
CUST03733,Customer 3733,Erode,2026-08-20,132,1,3678.44,Male,22,4,1,2,7,412,New Customers
CUST03734,Customer 3734,Hyderabad,2026-05-20,224,1,2914.7,Male,18,3,1,1,5,311,Need Attention
CUST03735,Customer 3735,Trichy,2026-10-18,73,3,2076.26,Female,42,5,3,1,9,531,Need Attention
CUST03736,Customer 3736,Trichy,2026-11-03,57,2,2082.23,Male,39,5,2,1,8,521,New Customers
CUST03737,Customer 3737,Vellore,2026-08-15,137,11,16961.42,Other,51,4,5,5,14,455,Champions
CUST03738,Customer 3738,Pondicherry,2026-05-27,217,4,10520.539999999999,Female,37,3,4,4,11,344,Loyal Customers
CUST03739,Customer 3739,Vellore,2026-05-01,243,3,5672.23,Other,27,3,3,3,9,333,Need Attention
CUST03740,Customer 3740,Thanjavur,2026-04-25,249,1,462.74,Male,32,2,1,1,4,211,Need Attention
CUST03741,Customer 3741,Vellore,2026-07-06,177,2,4513.11,Female,57,3,2,2,7,322,Need Attention
CUST03742,Customer 3742,Coimbatore,2026-06-05,208,4,9976.33,Female,30,3,4,4,11,344,Loyal Customers
CUST03743,Customer 3743,Hyderabad,2026-03-17,288,3,4710.05,Female,28,2,3,2,7,232,At Risk
CUST03744,Customer 3744,Coimbatore,2025-09-30,456,3,8124.849999999999,Other,59,1,3,4,8,134,At Risk
CUST03745,Customer 3745,Pondicherry,2025-02-12,686,1,2520.84,Female,24,1,1,1,3,111,Lost Customers
CUST03746,Customer 3746,Erode,2026-10-04,87,2,7224.88,Male,19,5,2,3,10,523,Potential Loyalists
CUST03747,Customer 3747,Erode,2026-08-23,129,5,9446.3,Female,19,4,5,4,13,454,Champions
CUST03748,Customer 3748,Thanjavur,2026-11-19,41,3,8717.89,Other,46,5,3,4,12,534,Big Spenders
CUST03749,Customer 3749,Coimbatore,2026-09-23,98,2,2879.17,Male,53,4,2,1,7,421,New Customers
CUST03750,Customer 3750,Madurai,2026-01-08,356,3,11411.32,Female,31,2,3,5,10,235,At Risk
CUST03751,Customer 3751,Vellore,2026-03-28,277,1,1423.53,Other,45,2,1,1,4,211,Need Attention
CUST03752,Customer 3752,Salem,2026-10-13,78,3,12970.199999999999,Male,46,5,3,5,13,535,Big Spenders
CUST03753,Customer 3753,Hyderabad,2025-12-19,376,2,3523.13,Male,21,2,2,2,6,222,Need Attention
CUST03754,Customer 3754,Trichy,2026-04-13,261,3,5223.4,Other,45,2,3,2,7,232,At Risk
CUST03755,Customer 3755,Madurai,2026-10-29,62,5,14105.19,Male,43,5,5,5,15,555,Champions
CUST03756,Customer 3756,Bengaluru,2026-10-28,63,4,10165.09,Female,51,5,4,4,13,544,Champions
CUST03757,Customer 3757,Coimbatore,2025-04-29,610,1,4461.72,Other,45,1,1,2,4,112,Lost Customers
CUST03758,Customer 3758,Trichy,2026-12-25,5,4,12872.74,Male,59,5,4,5,14,545,Champions
CUST03759,Customer 3759,Chennai,2026-07-07,176,5,8183.36,Male,25,3,5,4,12,354,Loyal Customers
CUST03760,Customer 3760,Trichy,2026-09-28,93,6,8485.67,Other,35,5,5,4,14,554,Champions
CUST03761,Customer 3761,Salem,2026-07-22,161,2,3304.72,Other,24,3,2,2,7,322,Need Attention
CUST03762,Customer 3762,Pondicherry,2026-11-21,39,3,6551.54,Other,62,5,3,3,11,533,Potential Loyalists
CUST03764,Customer 3764,Salem,2026-07-30,153,2,4825.32,Other,62,3,2,2,7,322,Need Attention
CUST03765,Customer 3765,Trichy,2025-11-22,403,3,7010.58,Male,28,1,3,3,7,133,At Risk
CUST03766,Customer 3766,Pondicherry,2025-01-20,709,1,1641.4,Other,36,1,1,1,3,111,Lost Customers
CUST03767,Customer 3767,Chennai,2025-11-06,419,3,6997.620000000001,Female,64,1,3,3,7,133,At Risk
CUST03768,Customer 3768,Pondicherry,2025-01-23,706,1,1257.02,Male,50,1,1,1,3,111,Lost Customers
CUST03773,Customer 3773,Tirunelveli,2025-12-26,369,3,9978.57,Other,48,2,3,4,9,234,At Risk
CUST03774,Customer 3774,Salem,2026-08-26,126,3,2723.0,Male,29,4,3,1,8,431,Need Attention
CUST03775,Customer 3775,Chennai,2026-09-11,110,4,18710.39,Male,61,4,4,5,13,445,Champions
CUST03776,Customer 3776,Bengaluru,2026-04-20,254,4,12418.470000000001,Female,48,2,4,5,11,245,At Risk
CUST03777,Customer 3777,Erode,2025-04-19,620,1,6222.4,Female,33,1,1,3,5,113,Lost Customers
CUST03778,Customer 3778,Bengaluru,2025-12-11,384,4,14489.820000000002,Male,19,1,4,5,10,145,At Risk
CUST03779,Customer 3779,Vellore,2026-10-16,75,5,10790.11,Female,32,5,5,4,14,554,Champions
CUST03780,Customer 3780,Coimbatore,2025-11-28,397,2,5044.54,Male,27,1,2,2,5,122,Lost Customers
CUST03781,Customer 3781,Thanjavur,2026-11-09,51,3,9436.02,Female,65,5,3,4,12,534,Big Spenders
CUST03782,Customer 3782,Thanjavur,2026-11-14,46,5,7786.14,Female,65,5,5,3,13,553,Loyal Customers
CUST03783,Customer 3783,Erode,2026-08-02,150,8,14711.27,Female,60,4,5,5,14,455,Champions
CUST03784,Customer 3784,Chennai,2025-09-03,483,3,2651.64,Female,47,1,3,1,5,131,At Risk
CUST03785,Customer 3785,Pondicherry,2026-07-27,156,2,7575.110000000001,Female,37,3,2,3,8,323,Need Attention
CUST03786,Customer 3786,Bengaluru,2026-10-13,78,1,411.61,Other,60,5,1,1,7,511,New Customers
CUST03787,Customer 3787,Hyderabad,2026-11-01,59,5,12710.5,Male,35,5,5,5,15,555,Champions
CUST03788,Customer 3788,Chennai,2026-04-05,269,4,10886.59,Other,58,2,4,4,10,244,At Risk
CUST03789,Customer 3789,Hyderabad,2026-03-27,278,3,6649.139999999999,Female,32,2,3,3,8,233,At Risk
CUST03790,Customer 3790,Chennai,2026-08-05,147,4,10461.91,Female,49,4,4,4,12,444,Champions
CUST03791,Customer 3791,Pondicherry,2025-08-12,505,4,3950.59,Other,65,1,4,2,7,142,At Risk
CUST03792,Customer 3792,Pondicherry,2026-09-26,95,4,10024.96,Female,31,4,4,4,12,444,Champions
CUST03793,Customer 3793,Hyderabad,2026-10-20,71,4,7320.5599999999995,Male,42,5,4,3,12,543,Loyal Customers
CUST03794,Customer 3794,Hyderabad,2026-10-20,71,3,7085.37,Female,58,5,3,3,11,533,Potential Loyalists
CUST03795,Customer 3795,Madurai,2026-04-01,273,3,9684.33,Female,51,2,3,4,9,234,At Risk
CUST03796,Customer 3796,Thanjavur,2026-05-31,213,3,3038.98,Other,40,3,3,1,7,331,Need Attention
CUST03797,Customer 3797,Salem,2026-04-20,254,4,4615.03,Other,44,2,4,2,8,242,At Risk
CUST03798,Customer 3798,Bengaluru,2026-08-11,141,7,11488.48,Male,20,4,5,5,14,455,Champions
CUST03799,Customer 3799,Bengaluru,2025-01-14,715,1,6329.15,Other,39,1,1,3,5,113,Lost Customers
CUST03800,Customer 3800,Bengaluru,2026-03-10,295,3,6619.09,Female,47,2,3,3,8,233,At Risk
CUST03801,Customer 3801,Coimbatore,2026-03-17,288,1,612.05,Female,36,2,1,1,4,211,Need Attention
CUST03802,Customer 3802,Madurai,2026-10-08,83,5,6251.57,Female,61,5,5,3,13,553,Loyal Customers
CUST03803,Customer 3803,Vellore,2026-07-05,178,3,5938.67,Other,27,3,3,3,9,333,Need Attention
CUST03804,Customer 3804,Hyderabad,2026-04-18,256,4,10188.44,Other,53,2,4,4,10,244,At Risk
CUST03805,Customer 3805,Salem,2025-12-05,390,4,2736.49,Female,49,1,4,1,6,141,At Risk
CUST03806,Customer 3806,Erode,2026-09-02,119,5,9301.66,Female,18,4,5,4,13,454,Champions
CUST03807,Customer 3807,Bengaluru,2026-03-01,304,1,1992.04,Male,36,2,1,1,4,211,Need Attention
CUST03808,Customer 3808,Salem,2026-10-04,87,3,8460.65,Male,49,5,3,4,12,534,Big Spenders
CUST03809,Customer 3809,Hyderabad,2026-04-04,270,1,888.9,Female,40,2,1,1,4,211,Need Attention
CUST03810,Customer 3810,Salem,2026-09-17,104,4,7068.18,Male,21,4,4,3,11,443,Loyal Customers
CUST03811,Customer 3811,Vellore,2026-08-26,126,4,6264.7300000000005,Female,36,4,4,3,11,443,Loyal Customers
CUST03812,Customer 3812,Coimbatore,2026-03-23,282,2,4576.5,Other,27,2,2,2,6,222,Need Attention
CUST03813,Customer 3813,Pondicherry,2026-05-11,233,7,22686.68,Female,27,3,5,5,13,355,Loyal Customers
CUST03814,Customer 3814,Coimbatore,2026-12-09,21,3,4052.78,Female,55,5,3,2,10,532,Potential Loyalists
CUST03815,Customer 3815,Erode,2026-06-21,192,2,7684.95,Male,20,3,2,3,8,323,Need Attention
CUST03816,Customer 3816,Hyderabad,2026-02-21,312,3,4756.2,Male,61,2,3,2,7,232,At Risk
CUST03817,Customer 3817,Coimbatore,2026-07-14,169,4,5709.71,Female,43,3,4,3,10,343,Loyal Customers
CUST03818,Customer 3818,Salem,2026-08-23,129,3,10624.41,Female,56,4,3,4,11,434,Big Spenders
CUST03819,Customer 3819,Hyderabad,2026-12-02,28,2,3903.27,Other,45,5,2,2,9,522,Potential Loyalists
CUST03820,Customer 3820,Madurai,2026-02-04,329,2,2401.33,Female,55,2,2,1,5,221,Need Attention
CUST03821,Customer 3821,Madurai,2026-11-05,55,4,10658.59,Male,34,5,4,4,13,544,Champions
CUST03822,Customer 3822,Salem,2026-08-26,126,4,8648.54,Other,30,4,4,4,12,444,Champions
CUST03823,Customer 3823,Bengaluru,2026-01-01,363,1,1089.38,Male,37,2,1,1,4,211,Need Attention
CUST03824,Customer 3824,Madurai,2026-10-27,64,3,7393.47,Female,52,5,3,3,11,533,Potential Loyalists
CUST03826,Customer 3826,Thanjavur,2026-10-30,61,6,12135.08,Female,62,5,5,5,15,555,Champions
CUST03827,Customer 3827,Thanjavur,2026-09-09,112,3,8010.08,Other,63,4,3,4,11,434,Big Spenders
CUST03828,Customer 3828,Erode,2025-06-26,552,2,6750.799999999999,Female,45,1,2,3,6,123,Lost Customers
CUST03829,Customer 3829,Chennai,2025-08-16,501,2,1082.24,Female,47,1,2,1,4,121,Lost Customers
CUST03830,Customer 3830,Coimbatore,2026-03-06,299,4,8841.380000000001,Male,44,2,4,4,10,244,At Risk
CUST03831,Customer 3831,Salem,2026-05-21,223,3,2695.3700000000003,Male,57,3,3,1,7,331,Need Attention
CUST03832,Customer 3832,Vellore,2026-08-27,125,2,3967.57,Male,55,4,2,2,8,422,Potential Loyalists
CUST03834,Customer 3834,Tirunelveli,2026-11-22,38,5,11750.39,Female,21,5,5,5,15,555,Champions
CUST03835,Customer 3835,Chennai,2026-06-21,192,5,17003.3,Female,60,3,5,5,13,355,Loyal Customers
CUST03837,Customer 3837,Hyderabad,2026-08-14,138,3,4719.2,Male,35,4,3,2,9,432,Potential Loyalists
CUST03838,Customer 3838,Coimbatore,2025-12-09,386,5,9763.51,Female,56,1,5,4,10,154,At Risk
CUST03839,Customer 3839,Erode,2026-06-13,200,3,5145.24,Female,54,3,3,2,8,332,Need Attention
CUST03840,Customer 3840,Coimbatore,2026-08-17,135,2,7969.9,Female,21,4,2,4,10,424,Big Spenders
CUST03841,Customer 3841,Vellore,2025-11-11,414,4,8180.099999999999,Other,61,1,4,4,9,144,At Risk
CUST03842,Customer 3842,Pondicherry,2026-03-16,289,1,1561.26,Other,21,2,1,1,4,211,Need Attention
CUST03843,Customer 3843,Vellore,2026-09-01,120,4,11739.509999999998,Other,27,4,4,5,13,445,Champions
CUST03844,Customer 3844,Trichy,2026-10-30,61,5,15685.2,Female,26,5,5,5,15,555,Champions
CUST03845,Customer 3845,Salem,2026-10-13,78,3,6949.21,Other,27,5,3,3,11,533,Potential Loyalists
CUST03847,Customer 3847,Pondicherry,2026-07-11,172,7,9900.21,Female,57,3,5,4,12,354,Loyal Customers
CUST03848,Customer 3848,Chennai,2026-07-17,166,4,11509.220000000001,Male,22,3,4,5,12,345,Loyal Customers
CUST03849,Customer 3849,Vellore,2026-10-22,69,4,4239.9400000000005,Other,25,5,4,2,11,542,Loyal Customers
CUST03850,Customer 3850,Coimbatore,2026-06-05,208,7,10772.37,Male,31,3,5,4,12,354,Loyal Customers
CUST03851,Customer 3851,Erode,2026-07-26,157,5,10579.21,Male,50,3,5,4,12,354,Loyal Customers
CUST03852,Customer 3852,Salem,2026-09-27,94,6,5025.179999999999,Male,25,5,5,2,12,552,Loyal Customers
CUST03853,Customer 3853,Trichy,2026-05-10,234,3,2647.63,Female,29,3,3,1,7,331,Need Attention
CUST03854,Customer 3854,Bengaluru,2026-11-25,35,4,4970.4400000000005,Other,34,5,4,2,11,542,Loyal Customers
CUST03855,Customer 3855,Bengaluru,2026-10-03,88,5,7184.360000000001,Female,60,5,5,3,13,553,Loyal Customers
CUST03856,Customer 3856,Hyderabad,2026-03-29,276,5,5727.58,Female,27,2,5,3,10,253,At Risk
CUST03857,Customer 3857,Pondicherry,2025-07-24,524,1,1241.31,Male,27,1,1,1,3,111,Lost Customers
CUST03858,Customer 3858,Vellore,2026-09-03,118,4,9362.04,Male,28,4,4,4,12,444,Champions
CUST03859,Customer 3859,Trichy,2026-07-15,168,8,18178.329999999998,Other,52,3,5,5,13,355,Loyal Customers
CUST03860,Customer 3860,Salem,2025-09-05,481,4,7765.01,Female,36,1,4,3,8,143,At Risk
CUST03861,Customer 3861,Erode,2026-10-27,64,2,9551.73,Male,55,5,2,4,11,524,Big Spenders
CUST03862,Customer 3862,Tirunelveli,2026-09-15,106,4,8612.04,Other,35,4,4,4,12,444,Champions
CUST03863,Customer 3863,Erode,2025-12-13,382,1,871.01,Other,24,2,1,1,4,211,Need Attention
CUST03864,Customer 3864,Chennai,2026-06-09,204,5,7704.83,Female,27,3,5,3,11,353,Loyal Customers
CUST03865,Customer 3865,Bengaluru,2026-07-16,167,3,9210.81,Female,25,3,3,4,10,334,Big Spenders
CUST03866,Customer 3866,Salem,2025-09-02,484,3,3701.5299999999997,Male,55,1,3,2,6,132,At Risk
CUST03867,Customer 3867,Hyderabad,2026-07-30,153,3,5266.92,Other,59,3,3,2,8,332,Need Attention
CUST03868,Customer 3868,Thanjavur,2026-07-16,167,6,9968.97,Female,20,3,5,4,12,354,Loyal Customers
CUST03869,Customer 3869,Erode,2026-07-03,180,2,3444.27,Female,64,3,2,2,7,322,Need Attention
CUST03870,Customer 3870,Thanjavur,2026-06-17,196,1,1498.0,Male,28,3,1,1,5,311,Need Attention
CUST03871,Customer 3871,Thanjavur,2026-01-12,352,2,10664.77,Other,31,2,2,4,8,224,Need Attention
CUST03872,Customer 3872,Vellore,2026-10-09,82,2,2135.8,Other,42,5,2,1,8,521,New Customers
CUST03873,Customer 3873,Madurai,2026-10-27,64,8,21690.989999999998,Male,59,5,5,5,15,555,Champions
CUST03874,Customer 3874,Bengaluru,2025-10-12,444,2,6241.87,Other,64,1,2,3,6,123,Lost Customers
CUST03875,Customer 3875,Madurai,2026-04-24,250,3,4442.5,Female,63,2,3,2,7,232,At Risk
CUST03876,Customer 3876,Tirunelveli,2026-06-13,200,2,4606.16,Other,37,3,2,2,7,322,Need Attention
CUST03877,Customer 3877,Tirunelveli,2026-02-16,317,1,4442.07,Other,48,2,1,2,5,212,Need Attention
CUST03878,Customer 3878,Madurai,2026-07-14,169,4,10372.07,Other,60,3,4,4,11,344,Loyal Customers
CUST03879,Customer 3879,Hyderabad,2026-05-11,233,3,4271.1900000000005,Other,50,3,3,2,8,332,Need Attention
CUST03880,Customer 3880,Pondicherry,2025-06-13,565,1,5081.6,Female,26,1,1,2,4,112,Lost Customers
CUST03881,Customer 3881,Thanjavur,2026-08-02,150,4,10056.95,Other,55,4,4,4,12,444,Champions
CUST03882,Customer 3882,Coimbatore,2025-03-31,639,1,5464.26,Other,43,1,1,3,5,113,Lost Customers
CUST03883,Customer 3883,Madurai,2025-10-08,448,3,2589.66,Male,64,1,3,1,5,131,At Risk
CUST03884,Customer 3884,Coimbatore,2026-10-26,65,7,19687.32,Male,60,5,5,5,15,555,Champions
CUST03885,Customer 3885,Thanjavur,2026-08-27,125,5,9976.72,Other,48,4,5,4,13,454,Champions
CUST03886,Customer 3886,Trichy,2026-09-21,100,5,6544.68,Male,64,4,5,3,12,453,Loyal Customers
CUST03887,Customer 3887,Tirunelveli,2026-07-23,160,6,15670.74,Male,64,3,5,5,13,355,Loyal Customers
CUST03888,Customer 3888,Chennai,2026-07-10,173,6,17582.3,Female,22,3,5,5,13,355,Loyal Customers
CUST03889,Customer 3889,Chennai,2026-01-16,348,1,976.68,Female,25,2,1,1,4,211,Need Attention
CUST03890,Customer 3890,Erode,2026-10-13,78,2,2127.59,Other,22,5,2,1,8,521,New Customers
CUST03891,Customer 3891,Hyderabad,2026-03-31,274,2,5132.110000000001,Female,56,2,2,2,6,222,Need Attention
CUST03892,Customer 3892,Thanjavur,2026-06-23,190,4,8643.64,Male,29,3,4,4,11,344,Loyal Customers
CUST03893,Customer 3893,Tirunelveli,2026-08-02,150,4,12057.050000000001,Other,46,4,4,5,13,445,Champions
CUST03894,Customer 3894,Vellore,2026-07-06,177,3,5566.01,Other,54,3,3,3,9,333,Need Attention
CUST03895,Customer 3895,Erode,2026-07-09,174,4,6602.12,Male,34,3,4,3,10,343,Loyal Customers
CUST03896,Customer 3896,Trichy,2025-09-12,474,3,4721.04,Other,36,1,3,2,6,132,At Risk
CUST03897,Customer 3897,Tirunelveli,2026-07-04,179,3,3598.91,Other,28,3,3,2,8,332,Need Attention
CUST03898,Customer 3898,Coimbatore,2025-05-27,582,2,9115.65,Other,30,1,2,4,7,124,Lost Customers
CUST03899,Customer 3899,Hyderabad,2026-11-09,51,1,966.8,Male,58,5,1,1,7,511,New Customers
CUST03900,Customer 3900,Madurai,2026-08-30,122,1,4155.68,Male,20,4,1,2,7,412,New Customers
CUST03901,Customer 3901,Bengaluru,2025-04-24,615,1,1209.43,Female,44,1,1,1,3,111,Lost Customers
CUST03902,Customer 3902,Madurai,2025-05-01,608,2,5283.52,Male,39,1,2,2,5,122,Lost Customers
CUST03904,Customer 3904,Trichy,2026-03-25,280,2,3978.1000000000004,Female,30,2,2,2,6,222,Need Attention
CUST03905,Customer 3905,Thanjavur,2025-01-26,703,1,5288.95,Female,50,1,1,2,4,112,Lost Customers
CUST03906,Customer 3906,Madurai,2024-12-15,745,1,804.78,Other,53,1,1,1,3,111,Lost Customers
CUST03907,Customer 3907,Tirunelveli,2026-07-09,174,3,1426.55,Male,46,3,3,1,7,331,Need Attention
CUST03908,Customer 3908,Bengaluru,2026-06-25,188,2,1559.9899999999998,Female,22,3,2,1,6,321,Need Attention
CUST03909,Customer 3909,Salem,2026-02-09,324,1,3067.16,Male,51,2,1,1,4,211,Need Attention
CUST03910,Customer 3910,Trichy,2026-02-03,330,3,5440.68,Male,49,2,3,3,8,233,At Risk
CUST03911,Customer 3911,Thanjavur,2026-03-20,285,3,2540.0,Other,52,2,3,1,6,231,At Risk
CUST03912,Customer 3912,Salem,2026-02-18,315,2,4552.55,Male,36,2,2,2,6,222,Need Attention
CUST03913,Customer 3913,Coimbatore,2026-09-27,94,4,11404.68,Other,40,5,4,5,14,545,Champions
CUST03914,Customer 3914,Coimbatore,2026-08-03,149,5,9142.8,Male,36,4,5,4,13,454,Champions
CUST03915,Customer 3915,Vellore,2026-06-30,183,8,15546.68,Other,33,3,5,5,13,355,Loyal Customers
CUST03916,Customer 3916,Tirunelveli,2026-10-20,71,5,9245.97,Other,37,5,5,4,14,554,Champions
CUST03917,Customer 3917,Pondicherry,2025-07-30,518,1,1901.96,Male,52,1,1,1,3,111,Lost Customers
CUST03918,Customer 3918,Salem,2026-05-12,232,2,2237.44,Other,48,3,2,1,6,321,Need Attention
CUST03919,Customer 3919,Thanjavur,2026-07-20,163,3,5814.08,Male,20,3,3,3,9,333,Need Attention
CUST03920,Customer 3920,Thanjavur,2026-07-27,156,2,2213.14,Female,30,3,2,1,6,321,Need Attention
CUST03921,Customer 3921,Trichy,2026-07-28,155,2,3194.61,Male,26,3,2,2,7,322,Need Attention
CUST03922,Customer 3922,Hyderabad,2026-02-26,307,2,8323.380000000001,Other,39,2,2,4,8,224,Need Attention
CUST03923,Customer 3923,Erode,2026-10-28,63,9,23788.420000000002,Male,33,5,5,5,15,555,Champions
CUST03924,Customer 3924,Pondicherry,2026-06-16,197,3,5914.7699999999995,Other,57,3,3,3,9,333,Need Attention
CUST03925,Customer 3925,Coimbatore,2026-04-28,246,4,3562.1400000000003,Male,40,2,4,2,8,242,At Risk
CUST03926,Customer 3926,Bengaluru,2026-09-28,93,7,18201.42,Other,65,5,5,5,15,555,Champions
CUST03927,Customer 3927,Madurai,2026-10-22,69,8,9955.97,Other,48,5,5,4,14,554,Champions
CUST03928,Customer 3928,Coimbatore,2026-11-19,41,6,15052.5,Other,20,5,5,5,15,555,Champions
CUST03929,Customer 3929,Trichy,2026-08-21,131,5,19003.85,Female,50,4,5,5,14,455,Champions
CUST03930,Customer 3930,Erode,2026-10-02,89,5,11490.32,Female,45,5,5,5,15,555,Champions
CUST03931,Customer 3931,Chennai,2026-02-01,332,4,13264.880000000001,Male,19,2,4,5,11,245,At Risk
CUST03932,Customer 3932,Bengaluru,2026-07-26,157,3,7238.47,Male,52,3,3,3,9,333,Need Attention
CUST03933,Customer 3933,Hyderabad,2026-12-24,6,3,5104.3,Female,61,5,3,2,10,532,Potential Loyalists
CUST03934,Customer 3934,Erode,2026-01-06,358,2,2164.32,Male,53,2,2,1,5,221,Need Attention
CUST03935,Customer 3935,Pondicherry,2025-08-31,486,2,3134.56,Female,42,1,2,1,4,121,Lost Customers
CUST03936,Customer 3936,Tirunelveli,2026-06-25,188,4,14847.619999999999,Female,62,3,4,5,12,345,Loyal Customers
CUST03937,Customer 3937,Erode,2025-08-01,516,3,5953.54,Male,25,1,3,3,7,133,At Risk
CUST03938,Customer 3938,Thanjavur,2026-01-15,349,3,12470.98,Other,41,2,3,5,10,235,At Risk
CUST03939,Customer 3939,Chennai,2026-02-01,332,2,6020.01,Female,45,2,2,3,7,223,Need Attention
CUST03940,Customer 3940,Bengaluru,2026-12-01,29,4,10883.87,Male,23,5,4,4,13,544,Champions
CUST03941,Customer 3941,Pondicherry,2026-10-02,89,6,9367.33,Male,44,5,5,4,14,554,Champions
CUST03942,Customer 3942,Chennai,2026-03-22,283,2,5743.32,Other,54,2,2,3,7,223,Need Attention
CUST03943,Customer 3943,Trichy,2026-01-31,333,4,8123.59,Male,64,2,4,4,10,244,At Risk
CUST03944,Customer 3944,Chennai,2025-05-09,600,1,6081.44,Male,22,1,1,3,5,113,Lost Customers
CUST03946,Customer 3946,Bengaluru,2026-08-19,133,6,17213.05,Female,40,4,5,5,14,455,Champions
CUST03947,Customer 3947,Madurai,2025-12-23,372,1,1576.03,Male,36,2,1,1,4,211,Need Attention
CUST03948,Customer 3948,Hyderabad,2026-06-04,209,3,11091.59,Female,48,3,3,5,11,335,Big Spenders
CUST03949,Customer 3949,Coimbatore,2026-05-03,241,3,7853.16,Other,22,3,3,4,10,334,Big Spenders
CUST03950,Customer 3950,Erode,2026-07-07,176,6,9177.29,Other,31,3,5,4,12,354,Loyal Customers
CUST03951,Customer 3951,Trichy,2026-08-25,127,4,4858.79,Other,40,4,4,2,10,442,Loyal Customers
CUST03952,Customer 3952,Thanjavur,2026-02-12,321,5,5971.51,Other,37,2,5,3,10,253,At Risk
CUST03953,Customer 3953,Hyderabad,2025-11-07,418,3,4739.26,Other,36,1,3,2,6,132,At Risk
CUST03954,Customer 3954,Thanjavur,2025-08-20,497,1,865.66,Other,35,1,1,1,3,111,Lost Customers
CUST03955,Customer 3955,Coimbatore,2025-09-06,480,2,3845.54,Other,50,1,2,2,5,122,Lost Customers
CUST03956,Customer 3956,Pondicherry,2025-10-10,446,2,3817.06,Female,44,1,2,2,5,122,Lost Customers
CUST03957,Customer 3957,Coimbatore,2026-02-21,312,4,15037.359999999999,Female,35,2,4,5,11,245,At Risk
CUST03958,Customer 3958,Trichy,2026-01-24,340,2,7340.1,Male,51,2,2,3,7,223,Need Attention
CUST03959,Customer 3959,Trichy,2026-06-07,206,6,12511.130000000001,Other,53,3,5,5,13,355,Loyal Customers
CUST03960,Customer 3960,Madurai,2026-04-12,262,3,4776.01,Female,64,2,3,2,7,232,At Risk
CUST03961,Customer 3961,Erode,2026-07-08,175,3,4803.6900000000005,Male,62,3,3,2,8,332,Need Attention
CUST03962,Customer 3962,Chennai,2026-09-03,118,7,16062.35,Female,25,4,5,5,14,455,Champions
CUST03963,Customer 3963,Salem,2026-06-27,186,5,10362.83,Male,35,3,5,4,12,354,Loyal Customers
CUST03964,Customer 3964,Coimbatore,2026-01-15,349,4,11916.19,Female,37,2,4,5,11,245,At Risk
CUST03965,Customer 3965,Tirunelveli,2026-07-03,180,3,7537.23,Female,57,3,3,3,9,333,Need Attention
CUST03966,Customer 3966,Tirunelveli,2026-09-17,104,3,5452.469999999999,Male,42,4,3,3,10,433,Potential Loyalists
CUST03967,Customer 3967,Trichy,2026-08-12,140,9,17248.14,Male,32,4,5,5,14,455,Champions
CUST03968,Customer 3968,Tirunelveli,2025-11-15,410,2,2435.16,Male,60,1,2,1,4,121,Lost Customers
CUST03969,Customer 3969,Salem,2026-06-27,186,5,5612.3,Male,60,3,5,3,11,353,Loyal Customers
CUST03970,Customer 3970,Chennai,2026-07-14,169,3,12595.73,Other,40,3,3,5,11,335,Big Spenders
CUST03971,Customer 3971,Bengaluru,2026-04-16,258,2,4374.98,Female,34,2,2,2,6,222,Need Attention
CUST03972,Customer 3972,Pondicherry,2026-11-14,46,2,1945.3400000000001,Male,39,5,2,1,8,521,New Customers
CUST03973,Customer 3973,Tirunelveli,2026-08-24,128,6,18796.51,Other,45,4,5,5,14,455,Champions
CUST03974,Customer 3974,Chennai,2025-05-06,603,4,8708.92,Other,65,1,4,4,9,144,At Risk
CUST03975,Customer 3975,Tirunelveli,2026-03-13,292,6,14786.16,Male,53,2,5,5,12,255,At Risk
CUST03976,Customer 3976,Vellore,2026-11-16,44,11,20417.7,Other,36,5,5,5,15,555,Champions
CUST03977,Customer 3977,Pondicherry,2026-04-26,248,3,9440.5,Female,54,2,3,4,9,234,At Risk
CUST03978,Customer 3978,Madurai,2026-03-30,275,3,6595.610000000001,Other,34,2,3,3,8,233,At Risk
CUST03979,Customer 3979,Trichy,2026-10-20,71,5,9976.43,Female,65,5,5,4,14,554,Champions
CUST03980,Customer 3980,Hyderabad,2026-02-24,309,3,4464.63,Male,35,2,3,2,7,232,At Risk
CUST03981,Customer 3981,Vellore,2026-12-07,23,5,5815.599999999999,Male,33,5,5,3,13,553,Loyal Customers
CUST03982,Customer 3982,Tirunelveli,2026-11-25,35,7,12785.949999999999,Female,54,5,5,5,15,555,Champions
CUST03983,Customer 3983,Thanjavur,2026-01-01,363,5,13720.16,Other,35,2,5,5,12,255,At Risk
CUST03984,Customer 3984,Hyderabad,2026-06-27,186,1,2996.46,Other,34,3,1,1,5,311,Need Attention
CUST03985,Customer 3985,Coimbatore,2025-11-20,405,3,2128.53,Other,18,1,3,1,5,131,At Risk
CUST03986,Customer 3986,Thanjavur,2026-08-13,139,5,12067.939999999999,Other,60,4,5,5,14,455,Champions
CUST03987,Customer 3987,Erode,2026-09-04,117,5,13631.23,Female,29,4,5,5,14,455,Champions
CUST03988,Customer 3988,Chennai,2026-05-08,236,7,10681.1,Male,46,3,5,4,12,354,Loyal Customers
CUST03989,Customer 3989,Erode,2026-04-02,272,1,431.71,Male,40,2,1,1,4,211,Need Attention
CUST03990,Customer 3990,Tirunelveli,2026-01-29,335,5,8840.74,Other,31,2,5,4,11,254,At Risk
CUST03992,Customer 3992,Coimbatore,2025-08-19,498,2,3579.9,Other,38,1,2,2,5,122,Lost Customers
CUST03993,Customer 3993,Salem,2026-11-01,59,1,3657.96,Male,34,5,1,2,8,512,New Customers
CUST03994,Customer 3994,Trichy,2025-01-26,703,1,1540.06,Female,26,1,1,1,3,111,Lost Customers
CUST03995,Customer 3995,Bengaluru,2026-07-23,160,5,7967.389999999999,Male,27,3,5,4,12,354,Loyal Customers
CUST03996,Customer 3996,Coimbatore,2026-08-26,126,3,3454.4399999999996,Male,32,4,3,2,9,432,Potential Loyalists
CUST03997,Customer 3997,Hyderabad,2026-10-20,71,5,8019.51,Male,29,5,5,4,14,554,Champions
CUST03998,Customer 3998,Thanjavur,2025-08-10,507,3,12969.57,Female,55,1,3,5,9,135,At Risk
CUST03999,Customer 3999,Trichy,2026-04-22,252,2,3201.71,Other,63,2,2,2,6,222,Need Attention
CUST04000,Customer 4000,Salem,2025-08-03,514,2,7942.950000000001,Other,34,1,2,4,7,124,Lost Customers
CUST04001,Customer 4001,Vellore,2026-02-03,330,2,3351.6000000000004,Other,40,2,2,2,6,222,Need Attention
CUST04002,Customer 4002,Trichy,2025-09-06,480,3,4235.88,Male,56,1,3,2,6,132,At Risk
CUST04003,Customer 4003,Vellore,2025-09-21,465,2,1654.3700000000001,Male,22,1,2,1,4,121,Lost Customers
CUST04004,Customer 4004,Coimbatore,2026-10-05,86,3,7573.4,Male,50,5,3,3,11,533,Potential Loyalists
CUST04005,Customer 4005,Bengaluru,2025-05-29,580,3,2785.42,Male,38,1,3,1,5,131,At Risk
CUST04006,Customer 4006,Coimbatore,2026-10-08,83,1,428.93,Other,44,5,1,1,7,511,New Customers
CUST04007,Customer 4007,Madurai,2026-11-07,53,5,10840.93,Female,36,5,5,4,14,554,Champions
CUST04008,Customer 4008,Thanjavur,2026-05-01,243,2,5921.58,Female,56,3,2,3,8,323,Need Attention
CUST04009,Customer 4009,Thanjavur,2025-09-28,458,2,3566.5699999999997,Female,59,1,2,2,5,122,Lost Customers
CUST04010,Customer 4010,Chennai,2026-05-22,222,6,11002.37,Female,57,3,5,5,13,355,Loyal Customers
CUST04011,Customer 4011,Salem,2026-11-23,37,6,9425.51,Female,20,5,5,4,14,554,Champions
CUST04012,Customer 4012,Coimbatore,2025-12-20,375,4,10643.37,Other,19,2,4,4,10,244,At Risk
CUST04013,Customer 4013,Vellore,2026-10-09,82,3,7604.7,Male,38,5,3,3,11,533,Potential Loyalists
CUST04014,Customer 4014,Bengaluru,2026-01-16,348,2,1663.6299999999999,Other,50,2,2,1,5,221,Need Attention
CUST04015,Customer 4015,Tirunelveli,2026-01-07,357,5,5502.37,Female,31,2,5,3,10,253,At Risk
CUST04016,Customer 4016,Hyderabad,2025-12-05,390,5,15060.45,Other,20,1,5,5,11,155,At Risk
CUST04017,Customer 4017,Hyderabad,2026-02-13,320,3,11701.0,Male,42,2,3,5,10,235,At Risk
CUST04018,Customer 4018,Bengaluru,2026-01-10,354,5,13100.05,Male,32,2,5,5,12,255,At Risk
CUST04019,Customer 4019,Vellore,2026-06-08,205,2,1690.44,Other,58,3,2,1,6,321,Need Attention
CUST04020,Customer 4020,Pondicherry,2026-08-24,128,2,7478.0,Female,52,4,2,3,9,423,Potential Loyalists
CUST04021,Customer 4021,Bengaluru,2025-12-02,393,3,10488.11,Other,21,1,3,4,8,134,At Risk
CUST04022,Customer 4022,Vellore,2025-03-18,652,2,11908.0,Other,51,1,2,5,8,125,Lost Customers
CUST04023,Customer 4023,Trichy,2026-03-10,295,5,7512.86,Female,35,2,5,3,10,253,At Risk
CUST04024,Customer 4024,Trichy,2026-09-12,109,2,2650.52,Other,36,4,2,1,7,421,New Customers
CUST04025,Customer 4025,Trichy,2026-08-09,143,4,6228.59,Male,41,4,4,3,11,443,Loyal Customers
CUST04026,Customer 4026,Coimbatore,2026-01-22,342,2,2197.1800000000003,Female,65,2,2,1,5,221,Need Attention
CUST04027,Customer 4027,Pondicherry,2025-07-31,517,2,2999.15,Male,46,1,2,1,4,121,Lost Customers
CUST04028,Customer 4028,Thanjavur,2026-08-18,134,5,5257.45,Female,23,4,5,2,11,452,Loyal Customers
CUST04029,Customer 4029,Thanjavur,2026-08-08,144,7,22443.1,Other,22,4,5,5,14,455,Champions
CUST04030,Customer 4030,Trichy,2025-12-08,387,3,8849.89,Female,56,1,3,4,8,134,At Risk
CUST04031,Customer 4031,Bengaluru,2026-11-13,47,4,17324.04,Female,32,5,4,5,14,545,Champions
CUST04032,Customer 4032,Trichy,2026-09-04,117,2,5081.099999999999,Male,52,4,2,2,8,422,Potential Loyalists
CUST04033,Customer 4033,Bengaluru,2026-06-11,202,5,8191.22,Female,61,3,5,4,12,354,Loyal Customers
CUST04034,Customer 4034,Salem,2026-10-14,77,7,15311.460000000001,Male,56,5,5,5,15,555,Champions
CUST04035,Customer 4035,Thanjavur,2026-07-30,153,4,5160.82,Female,39,3,4,2,9,342,Loyal Customers
CUST04036,Customer 4036,Tirunelveli,2026-10-19,72,4,9539.539999999999,Male,44,5,4,4,13,544,Champions
CUST04037,Customer 4037,Erode,2026-02-18,315,2,2048.6800000000003,Male,54,2,2,1,5,221,Need Attention
CUST04038,Customer 4038,Erode,2026-11-14,46,3,9752.72,Male,29,5,3,4,12,534,Big Spenders
CUST04039,Customer 4039,Tirunelveli,2026-03-04,301,3,10840.69,Male,25,2,3,4,9,234,At Risk
CUST04040,Customer 4040,Erode,2025-12-04,391,3,6040.129999999999,Other,63,1,3,3,7,133,At Risk
CUST04041,Customer 4041,Chennai,2026-07-06,177,1,1759.66,Male,26,3,1,1,5,311,Need Attention
CUST04042,Customer 4042,Pondicherry,2025-09-28,458,2,1687.28,Female,19,1,2,1,4,121,Lost Customers
CUST04043,Customer 4043,Vellore,2026-05-31,213,2,4945.43,Male,26,3,2,2,7,322,Need Attention
CUST04044,Customer 4044,Tirunelveli,2025-05-05,604,2,3732.22,Other,42,1,2,2,5,122,Lost Customers
CUST04045,Customer 4045,Pondicherry,2026-07-16,167,3,5785.24,Male,43,3,3,3,9,333,Need Attention
CUST04046,Customer 4046,Salem,2026-02-02,331,4,6050.92,Male,63,2,4,3,9,243,At Risk
CUST04047,Customer 4047,Bengaluru,2026-09-23,98,5,8411.66,Female,39,4,5,4,13,454,Champions
CUST04048,Customer 4048,Pondicherry,2026-04-02,272,4,9187.75,Other,24,2,4,4,10,244,At Risk
CUST04049,Customer 4049,Thanjavur,2026-12-22,8,6,11466.22,Male,65,5,5,5,15,555,Champions
CUST04050,Customer 4050,Erode,2026-08-17,135,5,10328.33,Female,58,4,5,4,13,454,Champions
CUST04051,Customer 4051,Erode,2026-01-18,346,3,9605.970000000001,Female,36,2,3,4,9,234,At Risk
CUST04052,Customer 4052,Madurai,2026-08-05,147,4,5948.22,Male,64,4,4,3,11,443,Loyal Customers
CUST04053,Customer 4053,Coimbatore,2026-05-02,242,4,12279.29,Other,50,3,4,5,12,345,Loyal Customers
CUST04054,Customer 4054,Bengaluru,2026-09-12,109,4,9191.92,Male,55,4,4,4,12,444,Champions
CUST04055,Customer 4055,Erode,2026-05-27,217,2,1870.78,Other,59,3,2,1,6,321,Need Attention
CUST04057,Customer 4057,Salem,2025-06-09,569,1,859.14,Other,55,1,1,1,3,111,Lost Customers
CUST04058,Customer 4058,Salem,2026-08-23,129,3,10043.08,Male,32,4,3,4,11,434,Big Spenders
CUST04059,Customer 4059,Bengaluru,2026-07-15,168,3,2773.7,Female,21,3,3,1,7,331,Need Attention
CUST04060,Customer 4060,Vellore,2026-07-17,166,2,7025.1,Other,55,3,2,3,8,323,Need Attention
CUST04061,Customer 4061,Thanjavur,2026-08-21,131,4,10783.75,Female,36,4,4,4,12,444,Champions
CUST04062,Customer 4062,Madurai,2026-11-10,50,2,7604.3,Female,29,5,2,3,10,523,Potential Loyalists
CUST04064,Customer 4064,Bengaluru,2026-05-15,229,4,11668.55,Other,35,3,4,5,12,345,Loyal Customers
CUST04065,Customer 4065,Coimbatore,2026-10-08,83,6,9497.97,Other,38,5,5,4,14,554,Champions
CUST04066,Customer 4066,Coimbatore,2026-10-31,60,3,7172.67,Female,28,5,3,3,11,533,Potential Loyalists
CUST04067,Customer 4067,Erode,2025-09-14,472,2,8148.93,Female,49,1,2,4,7,124,Lost Customers
CUST04068,Customer 4068,Salem,2025-08-22,495,2,8763.35,Male,36,1,2,4,7,124,Lost Customers
CUST04069,Customer 4069,Hyderabad,2025-04-29,610,2,1041.35,Male,32,1,2,1,4,121,Lost Customers
CUST04070,Customer 4070,Trichy,2026-12-23,7,4,7302.22,Male,24,5,4,3,12,543,Loyal Customers
CUST04071,Customer 4071,Chennai,2026-06-03,210,5,17125.64,Other,28,3,5,5,13,355,Loyal Customers
CUST04072,Customer 4072,Vellore,2026-09-02,119,4,6109.74,Male,52,4,4,3,11,443,Loyal Customers
CUST04073,Customer 4073,Erode,2026-05-12,232,7,24118.35,Male,18,3,5,5,13,355,Loyal Customers
CUST04074,Customer 4074,Trichy,2026-03-09,296,5,10114.369999999999,Male,41,2,5,4,11,254,At Risk
CUST04075,Customer 4075,Pondicherry,2026-02-20,313,2,2168.2,Other,45,2,2,1,5,221,Need Attention
CUST04076,Customer 4076,Erode,2026-11-01,59,2,5922.39,Other,26,5,2,3,10,523,Potential Loyalists
CUST04077,Customer 4077,Pondicherry,2026-02-22,311,4,8373.43,Male,63,2,4,4,10,244,At Risk
CUST04078,Customer 4078,Tirunelveli,2026-04-07,267,3,3492.4,Male,46,2,3,2,7,232,At Risk
CUST04079,Customer 4079,Madurai,2026-06-03,210,2,2259.97,Female,23,3,2,1,6,321,Need Attention
CUST04080,Customer 4080,Coimbatore,2025-05-13,596,1,2448.94,Other,60,1,1,1,3,111,Lost Customers
CUST04081,Customer 4081,Trichy,2026-10-12,79,3,5997.71,Male,65,5,3,3,11,533,Potential Loyalists
CUST04083,Customer 4083,Erode,2026-09-19,102,4,9413.08,Female,35,4,4,4,12,444,Champions
CUST04084,Customer 4084,Hyderabad,2026-06-19,194,5,7781.65,Other,50,3,5,3,11,353,Loyal Customers
CUST04085,Customer 4085,Pondicherry,2026-12-01,29,3,5718.78,Male,63,5,3,3,11,533,Potential Loyalists
CUST04086,Customer 4086,Coimbatore,2026-05-25,219,5,4481.11,Male,45,3,5,2,10,352,Loyal Customers
CUST04087,Customer 4087,Trichy,2026-08-17,135,2,2084.5,Other,38,4,2,1,7,421,New Customers
CUST04088,Customer 4088,Hyderabad,2026-08-12,140,6,18827.34,Other,60,4,5,5,14,455,Champions
CUST04089,Customer 4089,Chennai,2026-03-13,292,2,2995.16,Other,58,2,2,1,5,221,Need Attention
CUST04090,Customer 4090,Tirunelveli,2025-11-20,405,2,5674.8,Male,55,1,2,3,6,123,Lost Customers
CUST04091,Customer 4091,Trichy,2026-10-11,80,1,1451.5,Male,61,5,1,1,7,511,New Customers
CUST04092,Customer 4092,Erode,2026-10-09,82,5,12183.75,Female,27,5,5,5,15,555,Champions
CUST04093,Customer 4093,Erode,2026-04-04,270,6,9663.34,Male,64,2,5,4,11,254,At Risk
CUST04094,Customer 4094,Hyderabad,2026-08-31,121,3,2992.52,Male,30,4,3,1,8,431,Need Attention
CUST04095,Customer 4095,Pondicherry,2026-04-13,261,3,3368.9700000000003,Male,51,2,3,2,7,232,At Risk
CUST04096,Customer 4096,Tirunelveli,2025-12-01,394,4,5807.82,Male,18,1,4,3,8,143,At Risk
CUST04097,Customer 4097,Bengaluru,2026-09-16,105,2,2220.34,Female,53,4,2,1,7,421,New Customers
CUST04098,Customer 4098,Chennai,2026-02-22,311,3,8478.06,Other,29,2,3,4,9,234,At Risk
CUST04099,Customer 4099,Bengaluru,2026-09-17,104,2,5804.19,Other,34,4,2,3,9,423,Potential Loyalists
CUST04100,Customer 4100,Trichy,2026-06-10,203,2,8236.65,Other,55,3,2,4,9,324,Big Spenders
CUST04101,Customer 4101,Vellore,2026-03-30,275,3,3270.95,Female,48,2,3,2,7,232,At Risk
CUST04102,Customer 4102,Trichy,2026-07-19,164,5,14978.47,Male,37,3,5,5,13,355,Loyal Customers
CUST04103,Customer 4103,Erode,2026-09-01,120,7,13088.15,Female,60,4,5,5,14,455,Champions
CUST04104,Customer 4104,Bengaluru,2026-10-15,76,7,14182.73,Other,43,5,5,5,15,555,Champions
CUST04105,Customer 4105,Salem,2026-08-26,126,5,10909.15,Other,48,4,5,4,13,454,Champions
CUST04106,Customer 4106,Salem,2025-10-10,446,4,7972.13,Male,25,1,4,4,9,144,At Risk
CUST04107,Customer 4107,Trichy,2025-10-01,455,2,8050.09,Female,38,1,2,4,7,124,Lost Customers
CUST04108,Customer 4108,Madurai,2026-08-09,143,5,10393.99,Female,25,4,5,4,13,454,Champions
CUST04109,Customer 4109,Coimbatore,2026-11-04,56,4,10595.2,Female,60,5,4,4,13,544,Champions
CUST04110,Customer 4110,Pondicherry,2026-07-25,158,2,2085.04,Other,43,3,2,1,6,321,Need Attention
CUST04111,Customer 4111,Bengaluru,2025-12-07,388,3,6102.7,Female,49,1,3,3,7,133,At Risk
CUST04112,Customer 4112,Chennai,2025-12-10,385,1,867.9,Other,33,1,1,1,3,111,Lost Customers
CUST04113,Customer 4113,Trichy,2026-07-06,177,1,1591.52,Female,50,3,1,1,5,311,Need Attention
CUST04114,Customer 4114,Vellore,2026-03-22,283,6,9153.57,Female,21,2,5,4,11,254,At Risk
CUST04115,Customer 4115,Hyderabad,2026-10-21,70,6,9645.7,Female,34,5,5,4,14,554,Champions
CUST04116,Customer 4116,Erode,2025-11-19,406,5,12336.45,Female,43,1,5,5,11,155,At Risk
CUST04117,Customer 4117,Chennai,2026-04-22,252,5,9454.64,Female,34,2,5,4,11,254,At Risk
CUST04118,Customer 4118,Trichy,2026-07-12,171,5,9286.07,Female,64,3,5,4,12,354,Loyal Customers
CUST04119,Customer 4119,Salem,2026-11-17,43,6,15457.39,Other,20,5,5,5,15,555,Champions
CUST04120,Customer 4120,Bengaluru,2026-08-02,150,8,18683.05,Female,32,4,5,5,14,455,Champions
CUST04121,Customer 4121,Trichy,2026-06-14,199,2,3411.59,Male,52,3,2,2,7,322,Need Attention
CUST04122,Customer 4122,Bengaluru,2026-09-09,112,4,5146.9,Other,25,4,4,2,10,442,Loyal Customers
CUST04124,Customer 4124,Chennai,2026-06-06,207,4,7699.65,Male,64,3,4,3,10,343,Loyal Customers
CUST04125,Customer 4125,Pondicherry,2026-03-05,300,4,9987.330000000002,Female,23,2,4,4,10,244,At Risk
CUST04126,Customer 4126,Coimbatore,2026-08-25,127,6,11282.0,Female,53,4,5,5,14,455,Champions
CUST04127,Customer 4127,Trichy,2026-12-08,22,2,8494.38,Male,51,5,2,4,11,524,Big Spenders
CUST04128,Customer 4128,Madurai,2026-05-11,233,2,1608.96,Other,30,3,2,1,6,321,Need Attention
CUST04129,Customer 4129,Pondicherry,2026-11-22,38,2,6189.92,Other,43,5,2,3,10,523,Potential Loyalists
CUST04130,Customer 4130,Thanjavur,2026-09-09,112,5,11590.36,Female,28,4,5,5,14,455,Champions
CUST04131,Customer 4131,Vellore,2026-03-01,304,6,15439.33,Female,31,2,5,5,12,255,At Risk
CUST04132,Customer 4132,Chennai,2025-04-14,625,1,1324.35,Male,18,1,1,1,3,111,Lost Customers
CUST04133,Customer 4133,Coimbatore,2025-10-03,453,2,4125.66,Male,51,1,2,2,5,122,Lost Customers
CUST04134,Customer 4134,Chennai,2026-07-07,176,2,5765.6,Female,49,3,2,3,8,323,Need Attention
CUST04135,Customer 4135,Chennai,2025-09-02,484,2,3293.74,Female,37,1,2,2,5,122,Lost Customers
CUST04136,Customer 4136,Trichy,2025-11-16,409,2,2370.3,Other,62,1,2,1,4,121,Lost Customers
CUST04137,Customer 4137,Coimbatore,2026-09-30,91,1,4862.84,Female,65,5,1,2,8,512,New Customers
CUST04138,Customer 4138,Tirunelveli,2026-06-23,190,2,5596.48,Female,59,3,2,3,8,323,Need Attention
CUST04139,Customer 4139,Coimbatore,2026-09-24,97,4,6040.01,Other,35,4,4,3,11,443,Loyal Customers
CUST04140,Customer 4140,Pondicherry,2026-05-21,223,4,7830.0599999999995,Male,50,3,4,4,11,344,Loyal Customers
CUST04141,Customer 4141,Chennai,2026-09-16,105,4,6037.68,Other,44,4,4,3,11,443,Loyal Customers
CUST04142,Customer 4142,Bengaluru,2026-08-05,147,5,5790.84,Other,52,4,5,3,12,453,Loyal Customers
CUST04143,Customer 4143,Bengaluru,2026-06-03,210,5,7689.96,Male,65,3,5,3,11,353,Loyal Customers
CUST04144,Customer 4144,Bengaluru,2025-09-24,462,2,1322.6999999999998,Female,30,1,2,1,4,121,Lost Customers
CUST04145,Customer 4145,Tirunelveli,2026-02-09,324,2,9083.96,Female,38,2,2,4,8,224,Need Attention
CUST04146,Customer 4146,Salem,2025-03-04,666,1,5152.35,Other,19,1,1,2,4,112,Lost Customers
CUST04147,Customer 4147,Coimbatore,2026-03-09,296,6,17955.3,Female,30,2,5,5,12,255,At Risk
CUST04148,Customer 4148,Erode,2026-07-05,178,2,5075.7,Other,54,3,2,2,7,322,Need Attention
CUST04149,Customer 4149,Coimbatore,2026-08-22,130,3,10240.83,Female,45,4,3,4,11,434,Big Spenders
CUST04150,Customer 4150,Salem,2026-08-11,141,2,3735.7599999999998,Female,53,4,2,2,8,422,Potential Loyalists
CUST04151,Customer 4151,Vellore,2026-01-09,355,3,7728.62,Female,62,2,3,3,8,233,At Risk
CUST04152,Customer 4152,Chennai,2025-10-15,441,5,8335.76,Male,42,1,5,4,10,154,At Risk
CUST04153,Customer 4153,Thanjavur,2025-05-08,601,2,2958.39,Other,43,1,2,1,4,121,Lost Customers
CUST04154,Customer 4154,Coimbatore,2026-07-12,171,3,3201.18,Other,63,3,3,2,8,332,Need Attention
CUST04155,Customer 4155,Chennai,2026-03-28,277,4,12951.52,Male,54,2,4,5,11,245,At Risk
CUST04156,Customer 4156,Thanjavur,2025-10-12,444,4,4990.95,Male,46,1,4,2,7,142,At Risk
CUST04157,Customer 4157,Hyderabad,2026-08-25,127,6,10107.53,Other,24,4,5,4,13,454,Champions
CUST04158,Customer 4158,Hyderabad,2026-11-24,36,4,12856.880000000001,Female,27,5,4,5,14,545,Champions
CUST04159,Customer 4159,Madurai,2026-01-26,338,2,2076.2799999999997,Male,53,2,2,1,5,221,Need Attention
CUST04160,Customer 4160,Trichy,2026-08-28,124,4,8144.63,Female,55,4,4,4,12,444,Champions
CUST04161,Customer 4161,Bengaluru,2026-08-13,139,3,4309.93,Male,43,4,3,2,9,432,Potential Loyalists
CUST04162,Customer 4162,Pondicherry,2025-06-24,554,3,3182.2599999999998,Female,51,1,3,1,5,131,At Risk
CUST04163,Customer 4163,Chennai,2025-09-20,466,2,7204.5,Other,32,1,2,3,6,123,Lost Customers
CUST04164,Customer 4164,Tirunelveli,2026-08-03,149,3,8221.07,Female,34,4,3,4,11,434,Big Spenders
CUST04166,Customer 4166,Bengaluru,2026-07-14,169,3,2531.78,Female,62,3,3,1,7,331,Need Attention
CUST04167,Customer 4167,Salem,2025-03-22,648,1,3458.84,Female,18,1,1,2,4,112,Lost Customers
CUST04168,Customer 4168,Erode,2025-11-25,400,2,5738.26,Male,53,1,2,3,6,123,Lost Customers
CUST04169,Customer 4169,Hyderabad,2026-08-28,124,3,10108.52,Female,38,4,3,4,11,434,Big Spenders
CUST04170,Customer 4170,Pondicherry,2026-04-09,265,2,4980.67,Female,47,2,2,2,6,222,Need Attention
CUST04171,Customer 4171,Pondicherry,2026-08-18,134,4,11821.23,Other,53,4,4,5,13,445,Champions
CUST04172,Customer 4172,Tirunelveli,2026-11-21,39,3,4268.49,Male,24,5,3,2,10,532,Potential Loyalists
CUST04173,Customer 4173,Madurai,2026-06-10,203,2,2960.52,Male,42,3,2,1,6,321,Need Attention
CUST04174,Customer 4174,Vellore,2026-08-02,150,4,13273.32,Male,28,4,4,5,13,445,Champions
CUST04175,Customer 4175,Trichy,2026-11-07,53,4,4893.53,Male,28,5,4,2,11,542,Loyal Customers
CUST04176,Customer 4176,Tirunelveli,2026-09-12,109,6,14378.11,Male,20,4,5,5,14,455,Champions
CUST04177,Customer 4177,Vellore,2025-12-11,384,3,8869.48,Male,58,1,3,4,8,134,At Risk
CUST04178,Customer 4178,Vellore,2026-05-14,230,4,3550.8900000000003,Male,65,3,4,2,9,342,Loyal Customers
CUST04179,Customer 4179,Salem,2026-01-01,363,1,4734.27,Female,18,2,1,2,5,212,Need Attention
CUST04180,Customer 4180,Pondicherry,2026-08-21,131,3,7017.32,Female,36,4,3,3,10,433,Potential Loyalists
CUST04181,Customer 4181,Thanjavur,2026-07-21,162,2,5175.92,Female,51,3,2,2,7,322,Need Attention
CUST04182,Customer 4182,Hyderabad,2025-08-23,494,2,4531.29,Female,54,1,2,2,5,122,Lost Customers
CUST04183,Customer 4183,Vellore,2026-10-23,68,5,16359.07,Male,36,5,5,5,15,555,Champions
CUST04184,Customer 4184,Pondicherry,2026-08-24,128,4,8446.41,Male,57,4,4,4,12,444,Champions
CUST04185,Customer 4185,Salem,2026-09-17,104,7,10951.439999999999,Other,56,4,5,4,13,454,Champions
CUST04186,Customer 4186,Thanjavur,2026-11-01,59,6,8295.54,Female,31,5,5,4,14,554,Champions
CUST04187,Customer 4187,Madurai,2026-11-04,56,5,7308.57,Other,26,5,5,3,13,553,Loyal Customers
CUST04188,Customer 4188,Chennai,2026-07-20,163,6,14784.15,Other,48,3,5,5,13,355,Loyal Customers
CUST04189,Customer 4189,Madurai,2026-04-06,268,3,4289.950000000001,Female,29,2,3,2,7,232,At Risk
CUST04190,Customer 4190,Salem,2026-10-04,87,1,2111.56,Male,18,5,1,1,7,511,New Customers
CUST04191,Customer 4191,Pondicherry,2026-02-06,327,3,3059.66,Male,30,2,3,1,6,231,At Risk
CUST04192,Customer 4192,Thanjavur,2026-04-07,267,4,10559.990000000002,Other,47,2,4,4,10,244,At Risk
CUST04193,Customer 4193,Erode,2026-07-23,160,5,11238.42,Male,57,3,5,5,13,355,Loyal Customers
CUST04194,Customer 4194,Thanjavur,2025-05-31,578,3,10094.7,Male,22,1,3,4,8,134,At Risk
CUST04195,Customer 4195,Thanjavur,2025-09-18,468,1,1540.02,Other,32,1,1,1,3,111,Lost Customers
CUST04196,Customer 4196,Salem,2026-11-08,52,5,5458.39,Male,30,5,5,3,13,553,Loyal Customers
CUST04197,Customer 4197,Pondicherry,2025-03-17,653,1,530.85,Female,55,1,1,1,3,111,Lost Customers
CUST04198,Customer 4198,Tirunelveli,2026-07-25,158,2,4852.82,Female,57,3,2,2,7,322,Need Attention
CUST04199,Customer 4199,Hyderabad,2025-12-04,391,4,9084.32,Other,52,1,4,4,9,144,At Risk
CUST04200,Customer 4200,Bengaluru,2026-06-14,199,3,3263.9300000000003,Male,22,3,3,2,8,332,Need Attention
CUST04202,Customer 4202,Bengaluru,2026-08-01,151,1,1457.84,Male,34,4,1,1,6,411,New Customers
CUST04203,Customer 4203,Bengaluru,2025-05-07,602,2,4429.43,Male,51,1,2,2,5,122,Lost Customers
CUST04204,Customer 4204,Bengaluru,2026-03-11,294,4,6191.9400000000005,Female,39,2,4,3,9,243,At Risk
CUST04205,Customer 4205,Salem,2026-01-03,361,2,2786.94,Other,56,2,2,1,5,221,Need Attention
CUST04206,Customer 4206,Hyderabad,2026-11-07,53,5,6408.679999999999,Other,57,5,5,3,13,553,Loyal Customers
CUST04207,Customer 4207,Chennai,2025-05-01,608,2,10778.68,Male,28,1,2,4,7,124,Lost Customers
CUST04208,Customer 4208,Coimbatore,2026-02-19,314,3,5018.450000000001,Male,31,2,3,2,7,232,At Risk
CUST04209,Customer 4209,Madurai,2026-07-04,179,2,2704.9700000000003,Other,27,3,2,1,6,321,Need Attention
CUST04210,Customer 4210,Thanjavur,2026-08-07,145,3,8545.51,Female,18,4,3,4,11,434,Big Spenders
CUST04211,Customer 4211,Vellore,2026-11-22,38,9,14894.380000000001,Male,26,5,5,5,15,555,Champions
CUST04212,Customer 4212,Hyderabad,2026-01-12,352,2,6053.91,Female,45,2,2,3,7,223,Need Attention
CUST04213,Customer 4213,Vellore,2025-08-25,492,2,4391.18,Female,37,1,2,2,5,122,Lost Customers
CUST04215,Customer 4215,Pondicherry,2026-09-10,111,2,10561.38,Female,42,4,2,4,10,424,Big Spenders
CUST04216,Customer 4216,Vellore,2025-06-07,571,4,11969.84,Female,37,1,4,5,10,145,At Risk
CUST04217,Customer 4217,Bengaluru,2026-04-07,267,2,7548.469999999999,Other,23,2,2,3,7,223,Need Attention
CUST04218,Customer 4218,Hyderabad,2025-09-01,485,1,5465.16,Male,28,1,1,3,5,113,Lost Customers
CUST04219,Customer 4219,Madurai,2026-05-12,232,6,15453.0,Female,63,3,5,5,13,355,Loyal Customers
CUST04220,Customer 4220,Erode,2026-09-13,108,4,4461.0599999999995,Female,53,4,4,2,10,442,Loyal Customers
CUST04221,Customer 4221,Hyderabad,2026-02-17,316,5,8651.59,Other,34,2,5,4,11,254,At Risk
CUST04222,Customer 4222,Hyderabad,2026-04-28,246,2,4907.110000000001,Other,45,2,2,2,6,222,Need Attention
CUST04223,Customer 4223,Thanjavur,2026-09-16,105,7,13062.460000000001,Male,19,4,5,5,14,455,Champions
CUST04224,Customer 4224,Thanjavur,2026-08-13,139,5,7247.36,Female,60,4,5,3,12,453,Loyal Customers
CUST04225,Customer 4225,Bengaluru,2026-01-06,358,2,6896.839999999999,Female,31,2,2,3,7,223,Need Attention
CUST04226,Customer 4226,Thanjavur,2026-04-16,258,2,7869.08,Male,42,2,2,4,8,224,Need Attention
CUST04227,Customer 4227,Trichy,2025-10-02,454,2,1545.82,Other,18,1,2,1,4,121,Lost Customers
CUST04228,Customer 4228,Trichy,2026-07-30,153,3,9657.35,Female,51,3,3,4,10,334,Big Spenders
CUST04229,Customer 4229,Thanjavur,2025-08-05,512,3,2937.7200000000003,Other,37,1,3,1,5,131,At Risk
CUST04230,Customer 4230,Vellore,2025-07-13,535,1,1937.93,Female,34,1,1,1,3,111,Lost Customers
CUST04231,Customer 4231,Chennai,2026-05-10,234,1,1321.22,Other,35,3,1,1,5,311,Need Attention
CUST04232,Customer 4232,Erode,2026-10-21,70,5,8699.03,Female,59,5,5,4,14,554,Champions
CUST04233,Customer 4233,Pondicherry,2026-03-16,289,2,1883.38,Male,62,2,2,1,5,221,Need Attention
CUST04234,Customer 4234,Chennai,2026-09-18,103,2,3216.34,Female,58,4,2,2,8,422,Potential Loyalists
CUST04235,Customer 4235,Erode,2025-12-21,374,1,756.18,Male,63,2,1,1,4,211,Need Attention
CUST04236,Customer 4236,Erode,2025-08-07,510,1,793.39,Other,47,1,1,1,3,111,Lost Customers
CUST04237,Customer 4237,Hyderabad,2026-03-06,299,3,8027.67,Female,65,2,3,4,9,234,At Risk
CUST04238,Customer 4238,Chennai,2026-08-17,135,4,4786.19,Other,24,4,4,2,10,442,Loyal Customers
CUST04239,Customer 4239,Pondicherry,2025-09-14,472,2,2321.79,Male,57,1,2,1,4,121,Lost Customers
CUST04240,Customer 4240,Madurai,2025-10-13,443,2,3990.44,Other,65,1,2,2,5,122,Lost Customers
CUST04241,Customer 4241,Tirunelveli,2026-02-25,308,1,464.51,Male,23,2,1,1,4,211,Need Attention
CUST04242,Customer 4242,Erode,2026-01-15,349,5,9191.35,Male,21,2,5,4,11,254,At Risk
CUST04243,Customer 4243,Thanjavur,2025-09-14,472,2,1315.76,Other,21,1,2,1,4,121,Lost Customers
CUST04244,Customer 4244,Trichy,2026-01-26,338,3,9162.09,Other,35,2,3,4,9,234,At Risk
CUST04246,Customer 4246,Pondicherry,2026-07-18,165,4,16415.37,Other,38,3,4,5,12,345,Loyal Customers
CUST04247,Customer 4247,Thanjavur,2025-10-20,436,1,2240.3,Other,64,1,1,1,3,111,Lost Customers
CUST04248,Customer 4248,Tirunelveli,2026-08-29,123,2,5766.59,Male,60,4,2,3,9,423,Potential Loyalists
CUST04249,Customer 4249,Chennai,2025-09-05,481,1,6113.12,Other,60,1,1,3,5,113,Lost Customers
CUST04250,Customer 4250,Madurai,2026-04-24,250,2,2846.5699999999997,Male,50,2,2,1,5,221,Need Attention
CUST04251,Customer 4251,Madurai,2026-05-13,231,5,14907.869999999999,Female,23,3,5,5,13,355,Loyal Customers
CUST04252,Customer 4252,Bengaluru,2025-09-02,484,1,799.38,Male,35,1,1,1,3,111,Lost Customers
CUST04253,Customer 4253,Tirunelveli,2026-05-28,216,3,4673.71,Other,50,3,3,2,8,332,Need Attention
CUST04254,Customer 4254,Chennai,2026-07-10,173,5,12116.86,Other,65,3,5,5,13,355,Loyal Customers
CUST04255,Customer 4255,Thanjavur,2026-01-15,349,2,6205.35,Female,53,2,2,3,7,223,Need Attention
CUST04256,Customer 4256,Bengaluru,2026-11-13,47,3,3470.35,Female,47,5,3,2,10,532,Potential Loyalists
CUST04257,Customer 4257,Bengaluru,2026-09-15,106,2,1584.6399999999999,Other,23,4,2,1,7,421,New Customers
CUST04258,Customer 4258,Coimbatore,2026-11-18,42,7,18802.44,Male,25,5,5,5,15,555,Champions
CUST04259,Customer 4259,Madurai,2026-03-31,274,2,4369.52,Other,23,2,2,2,6,222,Need Attention
CUST04260,Customer 4260,Chennai,2025-06-14,564,2,5429.0,Other,58,1,2,3,6,123,Lost Customers
CUST04261,Customer 4261,Trichy,2026-06-18,195,2,3470.8,Male,18,3,2,2,7,322,Need Attention
CUST04262,Customer 4262,Coimbatore,2026-08-14,138,6,7475.57,Female,47,4,5,3,12,453,Loyal Customers
CUST04263,Customer 4263,Salem,2026-11-20,40,2,3741.0,Other,33,5,2,2,9,522,Potential Loyalists
CUST04264,Customer 4264,Trichy,2026-10-21,70,4,5470.92,Other,59,5,4,3,12,543,Loyal Customers
CUST04265,Customer 4265,Salem,2025-07-23,525,3,9176.79,Other,26,1,3,4,8,134,At Risk
CUST04266,Customer 4266,Salem,2026-10-10,81,5,8580.279999999999,Female,63,5,5,4,14,554,Champions
CUST04267,Customer 4267,Bengaluru,2026-05-08,236,4,3368.45,Female,26,3,4,2,9,342,Loyal Customers
CUST04268,Customer 4268,Trichy,2026-07-10,173,2,2495.9300000000003,Female,32,3,2,1,6,321,Need Attention
CUST04269,Customer 4269,Salem,2026-02-12,321,5,12880.61,Male,29,2,5,5,12,255,At Risk
CUST04270,Customer 4270,Salem,2026-10-13,78,4,16347.970000000001,Other,46,5,4,5,14,545,Champions
CUST04271,Customer 4271,Bengaluru,2026-07-04,179,4,7174.4400000000005,Female,40,3,4,3,10,343,Loyal Customers
CUST04272,Customer 4272,Vellore,2026-02-28,305,4,11788.85,Female,59,2,4,5,11,245,At Risk
CUST04273,Customer 4273,Madurai,2026-08-12,140,4,3741.4700000000003,Other,61,4,4,2,10,442,Loyal Customers
CUST04274,Customer 4274,Madurai,2025-11-03,422,7,11101.14,Other,42,1,5,5,11,155,At Risk
CUST04275,Customer 4275,Pondicherry,2026-10-12,79,6,16563.81,Other,31,5,5,5,15,555,Champions
CUST04276,Customer 4276,Hyderabad,2025-08-25,492,2,3409.8,Female,59,1,2,2,5,122,Lost Customers
CUST04277,Customer 4277,Thanjavur,2026-08-24,128,6,14678.41,Female,31,4,5,5,14,455,Champions
CUST04278,Customer 4278,Pondicherry,2026-08-13,139,3,5287.11,Other,53,4,3,2,9,432,Potential Loyalists
CUST04279,Customer 4279,Vellore,2025-08-23,494,2,3602.8900000000003,Female,23,1,2,2,5,122,Lost Customers
CUST04280,Customer 4280,Trichy,2025-06-11,567,3,2085.49,Male,34,1,3,1,5,131,At Risk
CUST04281,Customer 4281,Coimbatore,2025-07-15,533,2,5837.110000000001,Female,20,1,2,3,6,123,Lost Customers
CUST04282,Customer 4282,Madurai,2026-03-27,278,3,9277.16,Other,58,2,3,4,9,234,At Risk
CUST04283,Customer 4283,Bengaluru,2025-11-10,415,1,955.24,Male,47,1,1,1,3,111,Lost Customers
CUST04284,Customer 4284,Tirunelveli,2025-04-15,624,1,2376.06,Female,54,1,1,1,3,111,Lost Customers
CUST04286,Customer 4286,Thanjavur,2026-03-06,299,3,5424.61,Male,58,2,3,3,8,233,At Risk
CUST04287,Customer 4287,Tirunelveli,2026-10-19,72,5,10129.56,Male,28,5,5,4,14,554,Champions
CUST04288,Customer 4288,Hyderabad,2026-07-30,153,2,4114.68,Female,39,3,2,2,7,322,Need Attention
CUST04289,Customer 4289,Salem,2026-08-03,149,2,6413.93,Male,40,4,2,3,9,423,Potential Loyalists
CUST04290,Customer 4290,Madurai,2026-08-15,137,5,15272.619999999999,Female,52,4,5,5,14,455,Champions
CUST04291,Customer 4291,Bengaluru,2026-09-08,113,4,11222.73,Male,46,4,4,5,13,445,Champions
CUST04292,Customer 4292,Pondicherry,2025-11-11,414,1,2052.28,Other,54,1,1,1,3,111,Lost Customers
CUST04293,Customer 4293,Erode,2026-09-30,91,3,6580.33,Other,43,5,3,3,11,533,Potential Loyalists
CUST04294,Customer 4294,Pondicherry,2025-08-02,515,1,1251.55,Male,34,1,1,1,3,111,Lost Customers
CUST04295,Customer 4295,Erode,2026-06-26,187,4,7242.78,Other,39,3,4,3,10,343,Loyal Customers
CUST04296,Customer 4296,Chennai,2025-09-13,473,1,802.92,Female,37,1,1,1,3,111,Lost Customers
CUST04298,Customer 4298,Bengaluru,2025-08-07,510,2,7602.84,Female,35,1,2,3,6,123,Lost Customers
CUST04299,Customer 4299,Madurai,2026-06-15,198,2,2642.75,Other,19,3,2,1,6,321,Need Attention
CUST04300,Customer 4300,Bengaluru,2026-10-08,83,3,6079.66,Male,37,5,3,3,11,533,Potential Loyalists
CUST04301,Customer 4301,Bengaluru,2026-11-14,46,3,7747.46,Other,30,5,3,3,11,533,Potential Loyalists
CUST04302,Customer 4302,Hyderabad,2026-08-25,127,8,18733.5,Male,26,4,5,5,14,455,Champions
CUST04303,Customer 4303,Salem,2026-02-01,332,4,5906.32,Male,23,2,4,3,9,243,At Risk
CUST04304,Customer 4304,Erode,2026-07-31,152,4,12114.01,Male,40,4,4,5,13,445,Champions
CUST04305,Customer 4305,Chennai,2026-08-03,149,4,6224.2,Male,47,4,4,3,11,443,Loyal Customers
CUST04306,Customer 4306,Madurai,2026-08-04,148,2,4574.13,Male,30,4,2,2,8,422,Potential Loyalists
CUST04307,Customer 4307,Madurai,2025-08-31,486,4,8906.75,Female,23,1,4,4,9,144,At Risk
CUST04308,Customer 4308,Coimbatore,2025-03-30,640,1,2255.9,Male,45,1,1,1,3,111,Lost Customers
CUST04309,Customer 4309,Hyderabad,2026-11-24,36,4,8739.019999999999,Male,27,5,4,4,13,544,Champions
CUST04310,Customer 4310,Erode,2025-11-16,409,2,3227.81,Female,18,1,2,2,5,122,Lost Customers
CUST04311,Customer 4311,Erode,2025-06-11,567,2,7120.889999999999,Female,24,1,2,3,6,123,Lost Customers
CUST04312,Customer 4312,Pondicherry,2026-09-23,98,3,6387.08,Other,43,4,3,3,10,433,Potential Loyalists
CUST04313,Customer 4313,Tirunelveli,2025-10-11,445,2,6763.64,Female,60,1,2,3,6,123,Lost Customers
CUST04314,Customer 4314,Trichy,2025-11-24,401,2,2229.75,Female,63,1,2,1,4,121,Lost Customers
CUST04315,Customer 4315,Madurai,2026-09-02,119,5,12217.829999999998,Male,42,4,5,5,14,455,Champions
CUST04316,Customer 4316,Thanjavur,2025-05-03,606,2,10045.34,Male,43,1,2,4,7,124,Lost Customers
CUST04317,Customer 4317,Tirunelveli,2026-09-03,118,3,7834.49,Other,64,4,3,4,11,434,Big Spenders
CUST04318,Customer 4318,Coimbatore,2026-04-11,263,5,23419.64,Female,52,2,5,5,12,255,At Risk
CUST04319,Customer 4319,Pondicherry,2026-02-23,310,2,2518.88,Female,60,2,2,1,5,221,Need Attention
CUST04320,Customer 4320,Bengaluru,2026-03-18,287,6,7725.1900000000005,Male,32,2,5,3,10,253,At Risk
CUST04321,Customer 4321,Thanjavur,2026-04-27,247,2,1935.07,Male,41,2,2,1,5,221,Need Attention
CUST04322,Customer 4322,Bengaluru,2025-10-23,433,1,1911.7,Other,18,1,1,1,3,111,Lost Customers
CUST04323,Customer 4323,Hyderabad,2026-04-20,254,3,9816.36,Female,22,2,3,4,9,234,At Risk
CUST04324,Customer 4324,Trichy,2026-07-14,169,4,7229.71,Male,49,3,4,3,10,343,Loyal Customers
CUST04325,Customer 4325,Tirunelveli,2025-09-12,474,3,10995.9,Male,37,1,3,5,9,135,At Risk
CUST04326,Customer 4326,Hyderabad,2026-04-30,244,5,10765.52,Female,42,3,5,4,12,354,Loyal Customers
CUST04327,Customer 4327,Salem,2026-04-09,265,2,6154.92,Female,27,2,2,3,7,223,Need Attention
CUST04328,Customer 4328,Erode,2026-01-25,339,2,2943.2,Female,61,2,2,1,5,221,Need Attention
CUST04329,Customer 4329,Madurai,2026-01-29,335,2,2347.3599999999997,Female,44,2,2,1,5,221,Need Attention
CUST04330,Customer 4330,Vellore,2026-02-19,314,2,2731.23,Female,61,2,2,1,5,221,Need Attention
CUST04331,Customer 4331,Coimbatore,2026-10-03,88,3,9461.69,Male,47,5,3,4,12,534,Big Spenders
CUST04332,Customer 4332,Coimbatore,2026-09-16,105,2,4153.2699999999995,Other,64,4,2,2,8,422,Potential Loyalists
CUST04333,Customer 4333,Madurai,2026-11-18,42,3,7004.37,Female,18,5,3,3,11,533,Potential Loyalists
CUST04334,Customer 4334,Vellore,2026-08-16,136,7,21506.04,Male,54,4,5,5,14,455,Champions
CUST04335,Customer 4335,Chennai,2026-04-07,267,3,15143.2,Other,47,2,3,5,10,235,At Risk
CUST04336,Customer 4336,Tirunelveli,2026-11-18,42,3,10830.33,Other,60,5,3,4,12,534,Big Spenders
CUST04337,Customer 4337,Tirunelveli,2026-07-17,166,4,9261.26,Male,37,3,4,4,11,344,Loyal Customers
CUST04338,Customer 4338,Coimbatore,2026-04-08,266,2,4230.35,Other,58,2,2,2,6,222,Need Attention
CUST04339,Customer 4339,Thanjavur,2026-11-24,36,2,8867.88,Female,50,5,2,4,11,524,Big Spenders
CUST04340,Customer 4340,Thanjavur,2026-07-30,153,6,8459.369999999999,Female,63,3,5,4,12,354,Loyal Customers
CUST04341,Customer 4341,Coimbatore,2026-09-26,95,2,2912.66,Other,41,4,2,1,7,421,New Customers
CUST04342,Customer 4342,Vellore,2026-03-16,289,2,2808.4300000000003,Male,45,2,2,1,5,221,Need Attention
CUST04343,Customer 4343,Coimbatore,2026-08-31,121,6,14084.43,Female,61,4,5,5,14,455,Champions
CUST04344,Customer 4344,Pondicherry,2026-09-02,119,5,8489.35,Male,39,4,5,4,13,454,Champions
CUST04345,Customer 4345,Vellore,2026-11-02,58,2,5848.84,Female,30,5,2,3,10,523,Potential Loyalists
CUST04346,Customer 4346,Erode,2026-09-24,97,2,5209.400000000001,Other,64,4,2,2,8,422,Potential Loyalists
CUST04347,Customer 4347,Salem,2026-11-17,43,4,5484.92,Male,47,5,4,3,12,543,Loyal Customers
CUST04348,Customer 4348,Erode,2026-03-07,298,3,3368.5,Male,49,2,3,2,7,232,At Risk
CUST04349,Customer 4349,Hyderabad,2026-03-04,301,4,7653.29,Male,56,2,4,3,9,243,At Risk
CUST04350,Customer 4350,Thanjavur,2026-06-02,211,1,630.27,Female,45,3,1,1,5,311,Need Attention
CUST04351,Customer 4351,Vellore,2026-05-04,240,1,603.31,Female,19,3,1,1,5,311,Need Attention
CUST04352,Customer 4352,Thanjavur,2026-11-20,40,2,3614.5099999999998,Male,36,5,2,2,9,522,Potential Loyalists
CUST04353,Customer 4353,Thanjavur,2026-01-01,363,2,3567.61,Male,46,2,2,2,6,222,Need Attention
CUST04354,Customer 4354,Bengaluru,2026-09-20,101,7,24181.62,Other,20,4,5,5,14,455,Champions
CUST04355,Customer 4355,Chennai,2026-11-07,53,5,9758.18,Female,64,5,5,4,14,554,Champions
CUST04356,Customer 4356,Trichy,2025-07-27,521,2,2802.88,Other,43,1,2,1,4,121,Lost Customers
CUST04357,Customer 4357,Coimbatore,2026-07-12,171,3,5978.25,Male,52,3,3,3,9,333,Need Attention
CUST04358,Customer 4358,Hyderabad,2026-10-03,88,3,3360.04,Other,27,5,3,2,10,532,Potential Loyalists
CUST04359,Customer 4359,Thanjavur,2026-05-31,213,3,6669.78,Female,35,3,3,3,9,333,Need Attention
CUST04360,Customer 4360,Trichy,2026-06-24,189,3,5065.57,Other,57,3,3,2,8,332,Need Attention
CUST04361,Customer 4361,Bengaluru,2025-04-18,621,5,11459.66,Other,51,1,5,5,11,155,At Risk
CUST04362,Customer 4362,Thanjavur,2026-08-03,149,6,10260.59,Male,22,4,5,4,13,454,Champions
CUST04363,Customer 4363,Bengaluru,2026-10-23,68,3,7511.8099999999995,Male,27,5,3,3,11,533,Potential Loyalists
CUST04364,Customer 4364,Tirunelveli,2025-12-12,383,3,6973.54,Other,24,1,3,3,7,133,At Risk
CUST04365,Customer 4365,Thanjavur,2025-07-10,538,1,2232.68,Other,23,1,1,1,3,111,Lost Customers
CUST04366,Customer 4366,Tirunelveli,2026-05-07,237,6,12166.76,Other,37,3,5,5,13,355,Loyal Customers
CUST04367,Customer 4367,Pondicherry,2025-07-31,517,1,1042.66,Male,29,1,1,1,3,111,Lost Customers
CUST04368,Customer 4368,Pondicherry,2026-02-03,330,1,1517.04,Other,59,2,1,1,4,211,Need Attention
CUST04369,Customer 4369,Trichy,2026-11-16,44,4,12458.76,Female,25,5,4,5,14,545,Champions
CUST04370,Customer 4370,Bengaluru,2026-07-01,182,5,6751.89,Female,37,3,5,3,11,353,Loyal Customers
CUST04371,Customer 4371,Pondicherry,2026-09-25,96,4,6323.08,Other,33,4,4,3,11,443,Loyal Customers
CUST04372,Customer 4372,Bengaluru,2025-03-21,649,1,631.56,Male,41,1,1,1,3,111,Lost Customers
CUST04373,Customer 4373,Salem,2026-09-13,108,4,6513.099999999999,Male,45,4,4,3,11,443,Loyal Customers
CUST04374,Customer 4374,Salem,2026-07-09,174,6,11184.460000000001,Other,29,3,5,5,13,355,Loyal Customers
CUST04375,Customer 4375,Bengaluru,2026-10-11,80,4,6462.8,Other,20,5,4,3,12,543,Loyal Customers
CUST04376,Customer 4376,Salem,2026-09-07,114,4,6841.72,Male,61,4,4,3,11,443,Loyal Customers
CUST04377,Customer 4377,Trichy,2026-09-12,109,4,8249.17,Male,44,4,4,4,12,444,Champions
CUST04378,Customer 4378,Madurai,2026-01-30,334,5,6195.2699999999995,Female,60,2,5,3,10,253,At Risk
CUST04379,Customer 4379,Bengaluru,2026-02-08,325,1,1679.0,Female,47,2,1,1,4,211,Need Attention
CUST04380,Customer 4380,Coimbatore,2025-05-29,580,4,6667.25,Other,38,1,4,3,8,143,At Risk
CUST04381,Customer 4381,Pondicherry,2026-11-04,56,6,15172.81,Male,19,5,5,5,15,555,Champions
CUST04382,Customer 4382,Bengaluru,2025-07-26,522,1,1012.08,Male,22,1,1,1,3,111,Lost Customers
CUST04383,Customer 4383,Bengaluru,2026-02-17,316,3,2361.77,Other,63,2,3,1,6,231,At Risk
CUST04384,Customer 4384,Tirunelveli,2026-10-09,82,3,5125.650000000001,Female,55,5,3,2,10,532,Potential Loyalists
CUST04385,Customer 4385,Vellore,2025-03-07,663,1,4432.48,Other,39,1,1,2,4,112,Lost Customers
CUST04386,Customer 4386,Chennai,2026-10-30,61,6,10993.8,Female,53,5,5,5,15,555,Champions
CUST04387,Customer 4387,Thanjavur,2025-11-09,416,2,3305.08,Female,38,1,2,2,5,122,Lost Customers
CUST04388,Customer 4388,Erode,2026-02-22,311,2,7623.37,Female,27,2,2,3,7,223,Need Attention
CUST04389,Customer 4389,Trichy,2026-08-18,134,1,1599.44,Other,49,4,1,1,6,411,New Customers
CUST04390,Customer 4390,Hyderabad,2026-04-14,260,4,10602.67,Other,28,2,4,4,10,244,At Risk
CUST04391,Customer 4391,Chennai,2026-06-02,211,4,7792.88,Female,43,3,4,3,10,343,Loyal Customers
CUST04392,Customer 4392,Hyderabad,2025-05-31,578,3,3954.29,Other,23,1,3,2,6,132,At Risk
CUST04393,Customer 4393,Coimbatore,2026-10-22,69,3,3110.0,Other,40,5,3,1,9,531,Need Attention
CUST04394,Customer 4394,Thanjavur,2025-10-07,449,2,9052.36,Other,51,1,2,4,7,124,Lost Customers
CUST04395,Customer 4395,Erode,2026-04-20,254,3,7270.92,Female,38,2,3,3,8,233,At Risk
CUST04396,Customer 4396,Madurai,2026-06-12,201,3,4074.54,Female,19,3,3,2,8,332,Need Attention
CUST04397,Customer 4397,Bengaluru,2026-05-09,235,3,10499.99,Other,28,3,3,4,10,334,Big Spenders
CUST04398,Customer 4398,Tirunelveli,2026-10-06,85,4,6563.11,Other,45,5,4,3,12,543,Loyal Customers
CUST04399,Customer 4399,Vellore,2026-01-03,361,6,10684.26,Male,36,2,5,4,11,254,At Risk
CUST04400,Customer 4400,Tirunelveli,2025-05-17,592,1,622.99,Female,33,1,1,1,3,111,Lost Customers
CUST04401,Customer 4401,Bengaluru,2026-08-04,148,3,3392.09,Male,42,4,3,2,9,432,Potential Loyalists
CUST04402,Customer 4402,Tirunelveli,2025-03-14,656,2,9908.380000000001,Male,24,1,2,4,7,124,Lost Customers
CUST04403,Customer 4403,Bengaluru,2026-07-03,180,6,14828.36,Male,25,3,5,5,13,355,Loyal Customers
CUST04404,Customer 4404,Pondicherry,2026-08-17,135,2,2941.87,Male,28,4,2,1,7,421,New Customers
CUST04405,Customer 4405,Thanjavur,2026-07-30,153,4,4568.110000000001,Other,44,3,4,2,9,342,Loyal Customers
CUST04406,Customer 4406,Bengaluru,2025-03-04,666,1,468.72,Male,44,1,1,1,3,111,Lost Customers
CUST04407,Customer 4407,Hyderabad,2026-05-24,220,5,7449.889999999999,Female,41,3,5,3,11,353,Loyal Customers
CUST04408,Customer 4408,Hyderabad,2026-07-01,182,6,7443.2699999999995,Other,61,3,5,3,11,353,Loyal Customers
CUST04409,Customer 4409,Vellore,2025-08-20,497,3,9640.74,Other,38,1,3,4,8,134,At Risk
CUST04410,Customer 4410,Trichy,2026-08-23,129,3,3083.1800000000003,Other,43,4,3,1,8,431,Need Attention
CUST04411,Customer 4411,Erode,2026-10-16,75,3,4975.79,Female,49,5,3,2,10,532,Potential Loyalists
CUST04412,Customer 4412,Madurai,2025-08-19,498,1,721.91,Female,28,1,1,1,3,111,Lost Customers
CUST04414,Customer 4414,Hyderabad,2026-04-07,267,2,3911.57,Female,47,2,2,2,6,222,Need Attention
CUST04415,Customer 4415,Tirunelveli,2026-09-01,120,4,13658.89,Other,24,4,4,5,13,445,Champions
CUST04416,Customer 4416,Tirunelveli,2026-11-24,36,7,11097.73,Other,44,5,5,5,15,555,Champions
CUST04417,Customer 4417,Chennai,2026-06-25,188,2,1307.1399999999999,Male,58,3,2,1,6,321,Need Attention
CUST04418,Customer 4418,Bengaluru,2026-08-19,133,4,15925.61,Male,26,4,4,5,13,445,Champions
CUST04419,Customer 4419,Bengaluru,2025-09-17,469,2,3126.46,Other,23,1,2,1,4,121,Lost Customers
CUST04420,Customer 4420,Chennai,2025-06-29,549,2,2520.9700000000003,Other,44,1,2,1,4,121,Lost Customers
CUST04421,Customer 4421,Madurai,2026-07-20,163,6,15828.32,Other,33,3,5,5,13,355,Loyal Customers
CUST04422,Customer 4422,Hyderabad,2026-03-04,301,2,1392.6100000000001,Other,48,2,2,1,5,221,Need Attention
CUST04423,Customer 4423,Pondicherry,2026-09-24,97,1,2601.6,Female,19,4,1,1,6,411,New Customers
CUST04424,Customer 4424,Vellore,2026-03-19,286,2,4350.1,Other,42,2,2,2,6,222,Need Attention
CUST04425,Customer 4425,Erode,2025-09-16,470,6,12142.15,Male,28,1,5,5,11,155,At Risk
CUST04426,Customer 4426,Madurai,2025-02-22,676,1,404.78,Other,33,1,1,1,3,111,Lost Customers
CUST04427,Customer 4427,Thanjavur,2026-03-25,280,1,1981.02,Other,30,2,1,1,4,211,Need Attention
CUST04428,Customer 4428,Chennai,2026-08-06,146,1,897.19,Female,22,4,1,1,6,411,New Customers
CUST04429,Customer 4429,Erode,2026-01-02,362,2,4187.719999999999,Other,47,2,2,2,6,222,Need Attention
CUST04430,Customer 4430,Erode,2025-12-20,375,2,4463.25,Other,56,2,2,2,6,222,Need Attention
CUST04431,Customer 4431,Vellore,2026-09-02,119,2,5234.76,Male,47,4,2,2,8,422,Potential Loyalists
CUST04432,Customer 4432,Thanjavur,2026-04-14,260,3,6751.32,Male,56,2,3,3,8,233,At Risk
CUST04433,Customer 4433,Erode,2026-08-11,141,5,17093.23,Male,33,4,5,5,14,455,Champions
CUST04434,Customer 4434,Pondicherry,2026-09-18,103,3,3202.69,Male,18,4,3,2,9,432,Potential Loyalists
CUST04436,Customer 4436,Tirunelveli,2026-10-06,85,6,13101.99,Other,48,5,5,5,15,555,Champions
CUST04437,Customer 4437,Pondicherry,2026-08-13,139,3,7968.969999999999,Female,34,4,3,4,11,434,Big Spenders
CUST04438,Customer 4438,Bengaluru,2026-06-13,200,6,10741.7,Male,63,3,5,4,12,354,Loyal Customers
CUST04439,Customer 4439,Chennai,2026-10-03,88,4,10006.3,Other,63,5,4,4,13,544,Champions
CUST04440,Customer 4440,Chennai,2025-12-30,365,1,444.46,Female,64,2,1,1,4,211,Need Attention
CUST04441,Customer 4441,Chennai,2026-04-06,268,4,7618.77,Female,64,2,4,3,9,243,At Risk
CUST04442,Customer 4442,Vellore,2025-08-27,490,3,5150.049999999999,Female,63,1,3,2,6,132,At Risk
CUST04445,Customer 4445,Coimbatore,2026-10-08,83,6,16742.16,Female,55,5,5,5,15,555,Champions
CUST04446,Customer 4446,Tirunelveli,2026-12-01,29,2,1961.1499999999999,Male,41,5,2,1,8,521,New Customers
CUST04447,Customer 4447,Trichy,2025-08-27,490,1,2621.31,Female,27,1,1,1,3,111,Lost Customers
CUST04448,Customer 4448,Salem,2025-04-02,637,4,5442.97,Female,31,1,4,3,8,143,At Risk
CUST04449,Customer 4449,Pondicherry,2026-10-09,82,4,8160.370000000001,Female,59,5,4,4,13,544,Champions
CUST04450,Customer 4450,Erode,2026-08-12,140,5,10331.93,Female,63,4,5,4,13,454,Champions
CUST04451,Customer 4451,Thanjavur,2026-03-18,287,2,3994.23,Male,34,2,2,2,6,222,Need Attention
CUST04452,Customer 4452,Thanjavur,2026-03-06,299,6,17102.18,Other,46,2,5,5,12,255,At Risk
CUST04453,Customer 4453,Salem,2026-09-29,92,4,10015.18,Female,62,5,4,4,13,544,Champions
CUST04454,Customer 4454,Chennai,2026-01-21,343,6,11709.68,Female,56,2,5,5,12,255,At Risk
CUST04455,Customer 4455,Vellore,2026-08-27,125,4,2733.73,Male,27,4,4,1,9,441,Loyal Customers
CUST04456,Customer 4456,Thanjavur,2025-01-15,714,1,1178.34,Male,32,1,1,1,3,111,Lost Customers
CUST04457,Customer 4457,Salem,2026-01-17,347,3,5882.99,Female,63,2,3,3,8,233,At Risk
CUST04458,Customer 4458,Bengaluru,2026-03-19,286,3,12218.34,Other,28,2,3,5,10,235,At Risk
CUST04459,Customer 4459,Pondicherry,2025-03-29,641,1,698.97,Female,48,1,1,1,3,111,Lost Customers
CUST04460,Customer 4460,Madurai,2025-12-25,370,1,1164.72,Other,36,2,1,1,4,211,Need Attention
CUST04461,Customer 4461,Madurai,2025-07-03,545,3,3682.25,Other,26,1,3,2,6,132,At Risk
CUST04462,Customer 4462,Salem,2026-09-20,101,5,7868.64,Female,42,4,5,4,13,454,Champions
CUST04463,Customer 4463,Trichy,2026-07-23,160,2,4257.969999999999,Male,19,3,2,2,7,322,Need Attention
CUST04464,Customer 4464,Bengaluru,2026-10-02,89,2,4985.4800000000005,Female,27,5,2,2,9,522,Potential Loyalists
CUST04465,Customer 4465,Pondicherry,2025-04-15,624,2,1710.88,Female,41,1,2,1,4,121,Lost Customers
CUST04467,Customer 4467,Thanjavur,2026-06-26,187,3,5665.3,Other,28,3,3,3,9,333,Need Attention
CUST04468,Customer 4468,Vellore,2026-04-16,258,4,10361.52,Male,55,2,4,4,10,244,At Risk
CUST04469,Customer 4469,Tirunelveli,2026-09-15,106,4,7420.84,Other,41,4,4,3,11,443,Loyal Customers
CUST04470,Customer 4470,Madurai,2026-03-02,303,3,7236.22,Female,59,2,3,3,8,233,At Risk
CUST04471,Customer 4471,Madurai,2026-10-16,75,7,13530.39,Other,48,5,5,5,15,555,Champions
CUST04472,Customer 4472,Hyderabad,2026-02-03,330,4,6571.55,Female,18,2,4,3,9,243,At Risk
CUST04473,Customer 4473,Salem,2026-09-02,119,3,8776.72,Female,32,4,3,4,11,434,Big Spenders
CUST04474,Customer 4474,Salem,2026-04-30,244,3,6890.76,Male,27,3,3,3,9,333,Need Attention
CUST04475,Customer 4475,Hyderabad,2026-08-08,144,3,11313.5,Other,25,4,3,5,12,435,Big Spenders
CUST04476,Customer 4476,Erode,2025-11-18,407,3,4359.110000000001,Female,49,1,3,2,6,132,At Risk
CUST04477,Customer 4477,Pondicherry,2025-06-10,568,2,2268.52,Other,18,1,2,1,4,121,Lost Customers
CUST04478,Customer 4478,Pondicherry,2026-05-31,213,3,6765.650000000001,Other,32,3,3,3,9,333,Need Attention
CUST04479,Customer 4479,Chennai,2025-08-29,488,3,3467.0699999999997,Female,60,1,3,2,6,132,At Risk
CUST04480,Customer 4480,Thanjavur,2026-07-04,179,5,13976.75,Other,24,3,5,5,13,355,Loyal Customers
CUST04481,Customer 4481,Vellore,2026-06-09,204,4,11199.76,Male,35,3,4,5,12,345,Loyal Customers
CUST04482,Customer 4482,Coimbatore,2026-08-19,133,2,3555.71,Other,52,4,2,2,8,422,Potential Loyalists
CUST04483,Customer 4483,Bengaluru,2025-07-03,545,1,1407.96,Male,46,1,1,1,3,111,Lost Customers
CUST04484,Customer 4484,Salem,2026-07-11,172,2,5954.57,Male,33,3,2,3,8,323,Need Attention
CUST04486,Customer 4486,Pondicherry,2025-12-12,383,2,3108.05,Male,32,1,2,1,4,121,Lost Customers
CUST04487,Customer 4487,Chennai,2026-10-26,65,1,375.0,Female,29,5,1,1,7,511,New Customers
CUST04488,Customer 4488,Salem,2026-02-17,316,2,2054.63,Female,53,2,2,1,5,221,Need Attention
CUST04490,Customer 4490,Vellore,2026-05-29,215,4,16549.6,Male,26,3,4,5,12,345,Loyal Customers
CUST04491,Customer 4491,Trichy,2026-08-28,124,4,8515.89,Male,31,4,4,4,12,444,Champions
CUST04492,Customer 4492,Erode,2025-11-07,418,4,6603.17,Other,55,1,4,3,8,143,At Risk
CUST04493,Customer 4493,Chennai,2026-09-23,98,1,2116.26,Male,52,4,1,1,6,411,New Customers
CUST04494,Customer 4494,Trichy,2026-01-03,361,2,3301.75,Other,22,2,2,2,6,222,Need Attention
CUST04495,Customer 4495,Coimbatore,2026-09-15,106,4,4950.89,Male,46,4,4,2,10,442,Loyal Customers
CUST04496,Customer 4496,Vellore,2026-02-09,324,3,7075.5599999999995,Male,24,2,3,3,8,233,At Risk
CUST04497,Customer 4497,Erode,2025-05-31,578,4,12401.33,Male,56,1,4,5,10,145,At Risk
CUST04498,Customer 4498,Bengaluru,2026-03-15,290,6,11300.43,Other,18,2,5,5,12,255,At Risk
CUST04499,Customer 4499,Erode,2026-08-30,122,5,11761.92,Male,64,4,5,5,14,455,Champions
CUST04500,Customer 4500,Bengaluru,2026-09-18,103,4,18472.01,Other,30,4,4,5,13,445,Champions
CUST04501,Customer 4501,Erode,2026-05-19,225,6,9951.23,Other,57,3,5,4,12,354,Loyal Customers
CUST04502,Customer 4502,Bengaluru,2026-07-21,162,3,5669.35,Female,44,3,3,3,9,333,Need Attention
CUST04503,Customer 4503,Madurai,2026-03-28,277,3,5007.92,Female,58,2,3,2,7,232,At Risk
CUST04504,Customer 4504,Vellore,2025-08-21,496,2,5697.610000000001,Other,48,1,2,3,6,123,Lost Customers
CUST04505,Customer 4505,Salem,2026-01-01,363,3,3525.36,Other,37,2,3,2,7,232,At Risk
CUST04506,Customer 4506,Thanjavur,2026-03-06,299,5,13619.57,Other,33,2,5,5,12,255,At Risk
CUST04507,Customer 4507,Vellore,2026-10-10,81,6,15142.74,Other,53,5,5,5,15,555,Champions
CUST04508,Customer 4508,Coimbatore,2025-12-09,386,3,4042.3200000000006,Other,46,1,3,2,6,132,At Risk
CUST04509,Customer 4509,Chennai,2025-05-31,578,2,4917.35,Male,49,1,2,2,5,122,Lost Customers
CUST04510,Customer 4510,Erode,2026-07-10,173,3,11504.869999999999,Other,48,3,3,5,11,335,Big Spenders
CUST04511,Customer 4511,Tirunelveli,2026-03-17,288,5,15794.57,Male,22,2,5,5,12,255,At Risk
CUST04512,Customer 4512,Erode,2026-07-15,168,5,7981.280000000001,Female,24,3,5,4,12,354,Loyal Customers
CUST04513,Customer 4513,Vellore,2026-01-24,340,6,15060.19,Other,61,2,5,5,12,255,At Risk
CUST04514,Customer 4514,Coimbatore,2026-09-27,94,7,21752.69,Male,30,5,5,5,15,555,Champions
CUST04515,Customer 4515,Salem,2026-09-27,94,2,3894.55,Male,31,5,2,2,9,522,Potential Loyalists
CUST04516,Customer 4516,Vellore,2025-08-15,502,1,1104.89,Female,38,1,1,1,3,111,Lost Customers
CUST04517,Customer 4517,Salem,2026-11-03,57,5,8248.03,Male,61,5,5,4,14,554,Champions
CUST04518,Customer 4518,Hyderabad,2026-05-15,229,3,8140.28,Male,54,3,3,4,10,334,Big Spenders
CUST04519,Customer 4519,Trichy,2026-05-08,236,3,3843.41,Female,28,3,3,2,8,332,Need Attention
CUST04520,Customer 4520,Madurai,2026-08-08,144,6,14646.01,Female,28,4,5,5,14,455,Champions
CUST04521,Customer 4521,Thanjavur,2026-06-10,203,1,1627.2,Other,28,3,1,1,5,311,Need Attention
CUST04522,Customer 4522,Bengaluru,2026-09-23,98,6,12539.99,Female,59,4,5,5,14,455,Champions
CUST04523,Customer 4523,Salem,2026-10-12,79,6,7517.5199999999995,Female,64,5,5,3,13,553,Loyal Customers
CUST04524,Customer 4524,Salem,2026-07-06,177,3,5010.57,Female,48,3,3,2,8,332,Need Attention
CUST04525,Customer 4525,Thanjavur,2026-05-06,238,5,10335.56,Male,37,3,5,4,12,354,Loyal Customers
CUST04526,Customer 4526,Thanjavur,2026-10-14,77,3,5260.92,Female,65,5,3,2,10,532,Potential Loyalists
CUST04527,Customer 4527,Bengaluru,2026-11-06,54,2,4689.37,Female,45,5,2,2,9,522,Potential Loyalists
CUST04528,Customer 4528,Tirunelveli,2026-08-07,145,3,9405.79,Female,18,4,3,4,11,434,Big Spenders
CUST04529,Customer 4529,Hyderabad,2026-08-12,140,1,2193.6,Female,40,4,1,1,6,411,New Customers
CUST04530,Customer 4530,Salem,2026-07-28,155,4,6265.219999999999,Male,47,3,4,3,10,343,Loyal Customers
CUST04531,Customer 4531,Trichy,2026-05-29,215,6,13497.22,Other,30,3,5,5,13,355,Loyal Customers
CUST04532,Customer 4532,Salem,2026-08-15,137,6,12330.8,Other,34,4,5,5,14,455,Champions
CUST04533,Customer 4533,Thanjavur,2025-09-19,467,2,3209.63,Female,19,1,2,2,5,122,Lost Customers
CUST04534,Customer 4534,Vellore,2026-06-07,206,5,9741.35,Female,38,3,5,4,12,354,Loyal Customers
CUST04535,Customer 4535,Trichy,2026-01-17,347,3,7539.9,Other,30,2,3,3,8,233,At Risk
CUST04536,Customer 4536,Salem,2026-11-27,33,3,10102.49,Other,46,5,3,4,12,534,Big Spenders
CUST04537,Customer 4537,Madurai,2026-07-28,155,4,10992.8,Male,33,3,4,5,12,345,Loyal Customers
CUST04538,Customer 4538,Pondicherry,2025-07-11,537,2,3322.8,Other,48,1,2,2,5,122,Lost Customers
CUST04539,Customer 4539,Hyderabad,2026-04-02,272,5,11299.61,Female,20,2,5,5,12,255,At Risk
CUST04540,Customer 4540,Erode,2026-06-24,189,3,4792.83,Other,63,3,3,2,8,332,Need Attention
CUST04542,Customer 4542,Chennai,2025-12-21,374,1,2325.43,Male,24,2,1,1,4,211,Need Attention
CUST04543,Customer 4543,Vellore,2026-07-03,180,5,9189.150000000001,Female,35,3,5,4,12,354,Loyal Customers
CUST04544,Customer 4544,Coimbatore,2025-12-05,390,1,1360.52,Female,36,1,1,1,3,111,Lost Customers
CUST04545,Customer 4545,Coimbatore,2026-08-29,123,8,10867.98,Male,65,4,5,4,13,454,Champions
CUST04546,Customer 4546,Madurai,2026-07-18,165,1,3004.28,Other,44,3,1,1,5,311,Need Attention
CUST04547,Customer 4547,Salem,2025-09-11,475,2,3471.1899999999996,Male,55,1,2,2,5,122,Lost Customers
CUST04548,Customer 4548,Coimbatore,2026-11-24,36,6,16495.7,Male,53,5,5,5,15,555,Champions
CUST04549,Customer 4549,Bengaluru,2026-07-24,159,2,4522.889999999999,Male,38,3,2,2,7,322,Need Attention
CUST04550,Customer 4550,Vellore,2026-09-11,110,2,2875.44,Other,34,4,2,1,7,421,New Customers
CUST04551,Customer 4551,Chennai,2026-08-17,135,9,31796.49,Female,62,4,5,5,14,455,Champions
CUST04552,Customer 4552,Pondicherry,2026-02-08,325,3,10827.59,Male,62,2,3,4,9,234,At Risk
CUST04553,Customer 4553,Erode,2026-09-21,100,5,10469.2,Female,41,4,5,4,13,454,Champions
CUST04554,Customer 4554,Thanjavur,2026-09-12,109,5,15164.240000000002,Male,29,4,5,5,14,455,Champions
CUST04555,Customer 4555,Thanjavur,2026-08-16,136,1,6909.2,Male,47,4,1,3,8,413,New Customers
CUST04556,Customer 4556,Pondicherry,2026-07-19,164,4,10644.44,Male,61,3,4,4,11,344,Loyal Customers
CUST04557,Customer 4557,Pondicherry,2026-07-25,158,6,13644.439999999999,Female,56,3,5,5,13,355,Loyal Customers
CUST04558,Customer 4558,Hyderabad,2026-02-19,314,5,16556.16,Male,25,2,5,5,12,255,At Risk
CUST04559,Customer 4559,Erode,2026-05-01,243,3,5354.02,Female,43,3,3,2,8,332,Need Attention
CUST04560,Customer 4560,Chennai,2026-08-04,148,4,4536.509999999999,Male,51,4,4,2,10,442,Loyal Customers
CUST04561,Customer 4561,Bengaluru,2026-07-18,165,2,5140.4400000000005,Female,19,3,2,2,7,322,Need Attention
CUST04562,Customer 4562,Thanjavur,2026-10-10,81,6,11598.470000000001,Male,50,5,5,5,15,555,Champions
CUST04563,Customer 4563,Salem,2026-05-03,241,6,8192.91,Other,49,3,5,4,12,354,Loyal Customers
CUST04564,Customer 4564,Coimbatore,2026-05-06,238,2,2311.05,Female,58,3,2,1,6,321,Need Attention
CUST04565,Customer 4565,Coimbatore,2025-02-05,693,1,2871.51,Male,54,1,1,1,3,111,Lost Customers
CUST04566,Customer 4566,Madurai,2026-04-24,250,6,7089.73,Male,52,2,5,3,10,253,At Risk
CUST04567,Customer 4567,Bengaluru,2026-06-18,195,1,1630.48,Other,23,3,1,1,5,311,Need Attention
CUST04568,Customer 4568,Trichy,2025-08-28,489,2,8831.15,Other,59,1,2,4,7,124,Lost Customers
CUST04569,Customer 4569,Tirunelveli,2026-08-27,125,3,7068.459999999999,Male,61,4,3,3,10,433,Potential Loyalists
CUST04570,Customer 4570,Erode,2025-03-28,642,1,811.42,Female,47,1,1,1,3,111,Lost Customers
CUST04571,Customer 4571,Thanjavur,2026-08-08,144,9,19076.1,Male,59,4,5,5,14,455,Champions
CUST04572,Customer 4572,Bengaluru,2026-12-17,13,5,17784.63,Male,59,5,5,5,15,555,Champions
CUST04573,Customer 4573,Pondicherry,2026-05-27,217,5,15666.27,Female,51,3,5,5,13,355,Loyal Customers
CUST04574,Customer 4574,Tirunelveli,2026-09-13,108,2,1701.85,Female,19,4,2,1,7,421,New Customers
CUST04575,Customer 4575,Bengaluru,2026-09-05,116,4,9853.44,Female,18,4,4,4,12,444,Champions
CUST04576,Customer 4576,Chennai,2026-03-13,292,2,3540.65,Female,19,2,2,2,6,222,Need Attention
CUST04577,Customer 4577,Madurai,2026-04-17,257,4,7420.98,Female,45,2,4,3,9,243,At Risk
CUST04578,Customer 4578,Hyderabad,2026-09-01,120,2,5342.82,Male,55,4,2,2,8,422,Potential Loyalists
CUST04579,Customer 4579,Erode,2026-09-06,115,3,5240.4,Female,52,4,3,2,9,432,Potential Loyalists
CUST04580,Customer 4580,Bengaluru,2026-01-07,357,2,7490.11,Other,30,2,2,3,7,223,Need Attention
CUST04581,Customer 4581,Madurai,2026-08-22,130,4,6190.87,Other,54,4,4,3,11,443,Loyal Customers
CUST04582,Customer 4582,Salem,2026-08-08,144,4,4991.38,Male,31,4,4,2,10,442,Loyal Customers
CUST04583,Customer 4583,Vellore,2026-07-21,162,3,11150.02,Male,19,3,3,5,11,335,Big Spenders
CUST04584,Customer 4584,Vellore,2025-10-08,448,3,3572.68,Male,26,1,3,2,6,132,At Risk
CUST04585,Customer 4585,Thanjavur,2025-09-07,479,2,1170.48,Male,38,1,2,1,4,121,Lost Customers
CUST04586,Customer 4586,Trichy,2025-03-25,645,2,7981.58,Other,31,1,2,4,7,124,Lost Customers
CUST04587,Customer 4587,Salem,2026-04-10,264,3,6140.05,Male,45,2,3,3,8,233,At Risk
CUST04588,Customer 4588,Chennai,2026-06-23,190,2,1813.23,Male,40,3,2,1,6,321,Need Attention
CUST04589,Customer 4589,Tirunelveli,2025-05-25,584,2,11756.09,Female,25,1,2,5,8,125,Lost Customers
CUST04590,Customer 4590,Pondicherry,2026-10-09,82,4,9113.67,Female,65,5,4,4,13,544,Champions
CUST04591,Customer 4591,Erode,2025-03-31,639,3,7856.84,Female,21,1,3,4,8,134,At Risk
CUST04592,Customer 4592,Trichy,2025-05-09,600,1,1715.63,Female,30,1,1,1,3,111,Lost Customers
CUST04593,Customer 4593,Coimbatore,2026-10-03,88,3,3052.39,Female,55,5,3,1,9,531,Need Attention
CUST04594,Customer 4594,Bengaluru,2026-04-20,254,3,3250.23,Male,50,2,3,2,7,232,At Risk
CUST04595,Customer 4595,Madurai,2026-10-15,76,9,24740.51,Other,25,5,5,5,15,555,Champions
CUST04596,Customer 4596,Erode,2026-07-15,168,7,17648.83,Male,25,3,5,5,13,355,Loyal Customers
CUST04597,Customer 4597,Pondicherry,2026-10-17,74,2,2214.7,Other,40,5,2,1,8,521,New Customers
CUST04598,Customer 4598,Trichy,2026-11-13,47,6,7427.679999999999,Female,30,5,5,3,13,553,Loyal Customers
CUST04599,Customer 4599,Erode,2026-07-11,172,7,14433.61,Other,41,3,5,5,13,355,Loyal Customers
CUST04600,Customer 4600,Erode,2026-08-09,143,4,9529.48,Other,25,4,4,4,12,444,Champions
CUST04601,Customer 4601,Tirunelveli,2026-09-20,101,2,2131.3,Male,42,4,2,1,7,421,New Customers
CUST04602,Customer 4602,Thanjavur,2026-09-22,99,5,6633.41,Male,40,4,5,3,12,453,Loyal Customers
CUST04603,Customer 4603,Hyderabad,2026-11-18,42,2,2129.2799999999997,Male,45,5,2,1,8,521,New Customers
CUST04604,Customer 4604,Coimbatore,2026-05-08,236,2,2291.98,Male,62,3,2,1,6,321,Need Attention
CUST04605,Customer 4605,Erode,2026-05-03,241,4,3160.4399999999996,Other,42,3,4,1,8,341,Loyal Customers
CUST04606,Customer 4606,Hyderabad,2026-07-11,172,2,1584.31,Female,64,3,2,1,6,321,Need Attention
CUST04607,Customer 4607,Trichy,2026-06-25,188,1,2543.96,Male,27,3,1,1,5,311,Need Attention
CUST04608,Customer 4608,Madurai,2025-06-23,555,1,3624.99,Other,18,1,1,2,4,112,Lost Customers
CUST04609,Customer 4609,Pondicherry,2026-01-16,348,1,4587.9,Male,26,2,1,2,5,212,Need Attention
CUST04610,Customer 4610,Bengaluru,2026-07-26,157,3,6103.610000000001,Male,21,3,3,3,9,333,Need Attention
CUST04611,Customer 4611,Hyderabad,2026-08-27,125,4,3364.68,Male,65,4,4,2,10,442,Loyal Customers
CUST04612,Customer 4612,Tirunelveli,2024-11-08,782,1,897.16,Female,57,1,1,1,3,111,Lost Customers
CUST04613,Customer 4613,Madurai,2026-07-14,169,7,10027.509999999998,Male,44,3,5,4,12,354,Loyal Customers
CUST04615,Customer 4615,Thanjavur,2026-10-17,74,6,12929.86,Other,29,5,5,5,15,555,Champions
CUST04616,Customer 4616,Chennai,2026-08-12,140,5,14396.04,Male,28,4,5,5,14,455,Champions
CUST04617,Customer 4617,Tirunelveli,2026-01-03,361,1,1902.3,Male,37,2,1,1,4,211,Need Attention
CUST04618,Customer 4618,Bengaluru,2025-09-09,477,1,2466.32,Female,34,1,1,1,3,111,Lost Customers
CUST04619,Customer 4619,Thanjavur,2026-04-09,265,1,1474.77,Male,19,2,1,1,4,211,Need Attention
CUST04620,Customer 4620,Pondicherry,2026-10-30,61,5,22898.73,Female,20,5,5,5,15,555,Champions
CUST04621,Customer 4621,Chennai,2026-04-04,270,4,3465.5,Male,44,2,4,2,8,242,At Risk
CUST04622,Customer 4622,Pondicherry,2026-09-30,91,5,8934.939999999999,Female,56,5,5,4,14,554,Champions
CUST04623,Customer 4623,Coimbatore,2025-12-22,373,4,14222.220000000001,Male,28,2,4,5,11,245,At Risk
CUST04624,Customer 4624,Coimbatore,2026-01-13,351,2,4148.21,Female,32,2,2,2,6,222,Need Attention
CUST04625,Customer 4625,Erode,2026-10-01,90,4,7821.23,Male,25,5,4,4,13,544,Champions
CUST04626,Customer 4626,Erode,2025-09-27,459,2,9908.810000000001,Female,52,1,2,4,7,124,Lost Customers
CUST04627,Customer 4627,Chennai,2026-01-06,358,3,6312.37,Other,58,2,3,3,8,233,At Risk
CUST04628,Customer 4628,Salem,2025-03-06,664,2,8184.42,Female,48,1,2,4,7,124,Lost Customers
CUST04629,Customer 4629,Vellore,2026-07-29,154,7,7503.17,Female,60,3,5,3,11,353,Loyal Customers
CUST04630,Customer 4630,Pondicherry,2026-02-06,327,4,12599.29,Other,60,2,4,5,11,245,At Risk
CUST04631,Customer 4631,Pondicherry,2026-05-09,235,4,6273.9,Female,49,3,4,3,10,343,Loyal Customers
CUST04632,Customer 4632,Madurai,2026-08-20,132,5,12894.34,Other,30,4,5,5,14,455,Champions
CUST04633,Customer 4633,Madurai,2026-01-17,347,3,5648.860000000001,Other,26,2,3,3,8,233,At Risk
CUST04634,Customer 4634,Pondicherry,2025-11-17,408,2,7044.93,Other,23,1,2,3,6,123,Lost Customers
CUST04635,Customer 4635,Salem,2026-09-19,102,4,11946.05,Other,43,4,4,5,13,445,Champions
CUST04636,Customer 4636,Trichy,2025-07-18,530,1,435.05,Male,33,1,1,1,3,111,Lost Customers
CUST04638,Customer 4638,Erode,2026-06-10,203,4,5398.22,Female,63,3,4,2,9,342,Loyal Customers
CUST04639,Customer 4639,Vellore,2026-08-20,132,3,5657.04,Other,51,4,3,3,10,433,Potential Loyalists
CUST04640,Customer 4640,Thanjavur,2026-10-22,69,3,3543.51,Female,26,5,3,2,10,532,Potential Loyalists
CUST04641,Customer 4641,Madurai,2026-12-26,4,8,12695.73,Female,60,5,5,5,15,555,Champions
CUST04643,Customer 4643,Chennai,2025-06-08,570,1,1538.84,Female,58,1,1,1,3,111,Lost Customers
CUST04644,Customer 4644,Chennai,2025-06-11,567,3,7536.2,Male,29,1,3,3,7,133,At Risk
CUST04645,Customer 4645,Trichy,2026-08-21,131,2,2573.41,Other,20,4,2,1,7,421,New Customers
CUST04646,Customer 4646,Chennai,2025-08-04,513,2,9480.58,Female,38,1,2,4,7,124,Lost Customers
CUST04647,Customer 4647,Thanjavur,2026-12-13,17,4,4521.36,Female,48,5,4,2,11,542,Loyal Customers
CUST04648,Customer 4648,Tirunelveli,2026-04-10,264,4,5747.25,Other,54,2,4,3,9,243,At Risk
CUST04649,Customer 4649,Bengaluru,2025-09-21,465,1,3555.0,Male,47,1,1,2,4,112,Lost Customers
CUST04650,Customer 4650,Coimbatore,2026-09-23,98,5,13627.28,Other,46,4,5,5,14,455,Champions
CUST04651,Customer 4651,Vellore,2026-07-09,174,2,4725.8099999999995,Female,59,3,2,2,7,322,Need Attention
CUST04652,Customer 4652,Salem,2026-03-25,280,2,3306.02,Female,29,2,2,2,6,222,Need Attention
CUST04653,Customer 4653,Erode,2026-12-28,2,3,5270.2699999999995,Female,53,5,3,2,10,532,Potential Loyalists
CUST04654,Customer 4654,Thanjavur,2025-02-27,671,2,928.28,Male,60,1,2,1,4,121,Lost Customers
CUST04655,Customer 4655,Coimbatore,2026-08-30,122,3,3723.17,Other,34,4,3,2,9,432,Potential Loyalists
CUST04656,Customer 4656,Hyderabad,2026-08-04,148,3,9811.42,Female,45,4,3,4,11,434,Big Spenders
CUST04657,Customer 4657,Coimbatore,2026-09-05,116,5,10255.83,Other,26,4,5,4,13,454,Champions
CUST04658,Customer 4658,Coimbatore,2026-02-21,312,3,9831.41,Female,25,2,3,4,9,234,At Risk
CUST04659,Customer 4659,Madurai,2026-10-10,81,4,11819.76,Other,36,5,4,5,14,545,Champions
CUST04660,Customer 4660,Erode,2026-09-10,111,2,1963.54,Female,37,4,2,1,7,421,New Customers
CUST04661,Customer 4661,Vellore,2026-06-16,197,4,5040.32,Other,23,3,4,2,9,342,Loyal Customers
CUST04662,Customer 4662,Trichy,2025-11-07,418,5,8227.81,Female,50,1,5,4,10,154,At Risk
CUST04663,Customer 4663,Chennai,2026-07-19,164,3,2935.22,Other,32,3,3,1,7,331,Need Attention
CUST04664,Customer 4664,Thanjavur,2025-05-16,593,3,7280.25,Other,65,1,3,3,7,133,At Risk
CUST04666,Customer 4666,Chennai,2026-11-12,48,4,11024.25,Other,51,5,4,5,14,545,Champions
CUST04667,Customer 4667,Vellore,2025-12-18,377,1,4339.2,Other,41,2,1,2,5,212,Need Attention
CUST04668,Customer 4668,Madurai,2025-12-03,392,1,1639.17,Other,51,1,1,1,3,111,Lost Customers
CUST04670,Customer 4670,Bengaluru,2026-12-12,18,3,7932.66,Other,58,5,3,4,12,534,Big Spenders
CUST04671,Customer 4671,Vellore,2026-11-05,55,3,3738.1099999999997,Other,27,5,3,2,10,532,Potential Loyalists
CUST04672,Customer 4672,Salem,2026-11-26,34,6,13197.26,Female,30,5,5,5,15,555,Champions
CUST04673,Customer 4673,Tirunelveli,2026-11-19,41,3,4651.950000000001,Female,36,5,3,2,10,532,Potential Loyalists
CUST04674,Customer 4674,Erode,2026-10-19,72,2,5794.54,Female,48,5,2,3,10,523,Potential Loyalists
CUST04675,Customer 4675,Salem,2026-07-28,155,3,9872.33,Male,64,3,3,4,10,334,Big Spenders
CUST04676,Customer 4676,Pondicherry,2026-06-18,195,2,1596.77,Male,34,3,2,1,6,321,Need Attention
CUST04677,Customer 4677,Trichy,2025-10-27,429,2,7626.450000000001,Other,37,1,2,3,6,123,Lost Customers
CUST04678,Customer 4678,Coimbatore,2026-01-08,356,6,16939.48,Other,56,2,5,5,12,255,At Risk
CUST04679,Customer 4679,Madurai,2026-10-29,62,3,10006.74,Female,26,5,3,4,12,534,Big Spenders
CUST04680,Customer 4680,Tirunelveli,2025-12-22,373,2,2266.19,Male,33,2,2,1,5,221,Need Attention
CUST04681,Customer 4681,Tirunelveli,2026-02-09,324,4,10297.730000000001,Male,59,2,4,4,10,244,At Risk
CUST04682,Customer 4682,Trichy,2026-09-09,112,6,11357.109999999999,Other,30,4,5,5,14,455,Champions
CUST04683,Customer 4683,Trichy,2025-12-03,392,2,3134.29,Female,22,1,2,1,4,121,Lost Customers
CUST04684,Customer 4684,Coimbatore,2026-11-22,38,2,2556.8599999999997,Male,43,5,2,1,8,521,New Customers
CUST04685,Customer 4685,Hyderabad,2026-11-09,51,5,14011.3,Other,55,5,5,5,15,555,Champions
CUST04686,Customer 4686,Madurai,2026-02-06,327,4,7784.21,Male,46,2,4,3,9,243,At Risk
CUST04687,Customer 4687,Chennai,2026-08-19,133,4,4812.0,Female,38,4,4,2,10,442,Loyal Customers
CUST04688,Customer 4688,Salem,2026-12-06,24,5,11503.04,Male,51,5,5,5,15,555,Champions
CUST04689,Customer 4689,Bengaluru,2026-08-09,143,3,11474.779999999999,Male,58,4,3,5,12,435,Big Spenders
CUST04690,Customer 4690,Erode,2025-07-26,522,1,3702.8,Male,60,1,1,2,4,112,Lost Customers
CUST04691,Customer 4691,Pondicherry,2026-04-29,245,4,10632.390000000001,Male,52,2,4,4,10,244,At Risk
CUST04692,Customer 4692,Coimbatore,2025-07-05,543,4,8864.289999999999,Female,27,1,4,4,9,144,At Risk
CUST04693,Customer 4693,Salem,2026-07-09,174,1,356.91,Other,39,3,1,1,5,311,Need Attention
CUST04694,Customer 4694,Coimbatore,2026-07-08,175,4,6277.35,Female,34,3,4,3,10,343,Loyal Customers
CUST04695,Customer 4695,Bengaluru,2026-02-27,306,5,9305.94,Female,45,2,5,4,11,254,At Risk
CUST04696,Customer 4696,Erode,2026-06-29,184,5,12005.53,Other,62,3,5,5,13,355,Loyal Customers
CUST04697,Customer 4697,Vellore,2026-03-18,287,2,11994.61,Female,32,2,2,5,9,225,Need Attention
CUST04698,Customer 4698,Bengaluru,2026-09-21,100,1,3059.64,Male,64,4,1,1,6,411,New Customers
CUST04699,Customer 4699,Hyderabad,2026-04-12,262,2,1586.7900000000002,Female,33,2,2,1,5,221,Need Attention
CUST04700,Customer 4700,Tirunelveli,2026-11-04,56,2,2453.7400000000002,Other,45,5,2,1,8,521,New Customers
CUST04701,Customer 4701,Salem,2026-06-20,193,3,9508.7,Other,24,3,3,4,10,334,Big Spenders
CUST04702,Customer 4702,Salem,2026-04-09,265,6,5921.85,Other,64,2,5,3,10,253,At Risk
CUST04703,Customer 4703,Thanjavur,2026-10-29,62,2,3674.6099999999997,Other,50,5,2,2,9,522,Potential Loyalists
CUST04704,Customer 4704,Thanjavur,2026-06-09,204,3,10899.09,Other,34,3,3,4,10,334,Big Spenders
CUST04705,Customer 4705,Pondicherry,2026-11-30,30,3,5845.0599999999995,Male,24,5,3,3,11,533,Potential Loyalists
CUST04706,Customer 4706,Bengaluru,2025-07-18,530,4,8493.78,Female,33,1,4,4,9,144,At Risk
CUST04707,Customer 4707,Tirunelveli,2025-04-25,614,1,756.43,Male,55,1,1,1,3,111,Lost Customers
CUST04708,Customer 4708,Pondicherry,2026-10-26,65,6,7536.29,Female,24,5,5,3,13,553,Loyal Customers
CUST04709,Customer 4709,Bengaluru,2025-12-18,377,2,4292.5199999999995,Other,56,2,2,2,6,222,Need Attention
CUST04710,Customer 4710,Hyderabad,2026-01-23,341,4,8579.630000000001,Other,51,2,4,4,10,244,At Risk
CUST04711,Customer 4711,Coimbatore,2026-10-03,88,5,7808.5199999999995,Male,56,5,5,3,13,553,Loyal Customers
CUST04712,Customer 4712,Bengaluru,2026-10-24,67,2,11734.439999999999,Other,24,5,2,5,12,525,Big Spenders
CUST04714,Customer 4714,Bengaluru,2026-04-18,256,1,2767.28,Other,63,2,1,1,4,211,Need Attention
CUST04715,Customer 4715,Pondicherry,2026-07-16,167,3,2578.74,Female,63,3,3,1,7,331,Need Attention
CUST04716,Customer 4716,Erode,2026-03-16,289,2,5615.35,Female,59,2,2,3,7,223,Need Attention
CUST04717,Customer 4717,Vellore,2026-07-13,170,2,4886.18,Female,54,3,2,2,7,322,Need Attention
CUST04718,Customer 4718,Pondicherry,2025-03-01,669,2,1725.54,Female,58,1,2,1,4,121,Lost Customers
CUST04719,Customer 4719,Chennai,2026-08-17,135,3,6355.7300000000005,Female,60,4,3,3,10,433,Potential Loyalists
CUST04721,Customer 4721,Salem,2026-05-19,225,6,26829.19,Female,24,3,5,5,13,355,Loyal Customers
CUST04722,Customer 4722,Erode,2026-11-27,33,2,3438.28,Male,64,5,2,2,9,522,Potential Loyalists
CUST04723,Customer 4723,Hyderabad,2026-03-03,302,3,6952.17,Female,40,2,3,3,8,233,At Risk
CUST04724,Customer 4724,Salem,2026-06-19,194,2,4992.15,Female,33,3,2,2,7,322,Need Attention
CUST04725,Customer 4725,Erode,2026-08-22,130,1,944.81,Male,38,4,1,1,6,411,New Customers
CUST04726,Customer 4726,Madurai,2026-08-12,140,4,4887.28,Other,34,4,4,2,10,442,Loyal Customers
CUST04727,Customer 4727,Hyderabad,2026-09-23,98,4,7411.11,Other,53,4,4,3,11,443,Loyal Customers
CUST04728,Customer 4728,Thanjavur,2026-09-22,99,3,5057.61,Other,43,4,3,2,9,432,Potential Loyalists
CUST04729,Customer 4729,Coimbatore,2025-09-15,471,4,8742.01,Male,49,1,4,4,9,144,At Risk
CUST04730,Customer 4730,Vellore,2026-09-10,111,4,3907.74,Female,57,4,4,2,10,442,Loyal Customers
CUST04731,Customer 4731,Salem,2026-09-20,101,7,13729.56,Male,38,4,5,5,14,455,Champions
CUST04732,Customer 4732,Hyderabad,2026-10-20,71,7,11395.050000000001,Other,23,5,5,5,15,555,Champions
CUST04733,Customer 4733,Erode,2026-09-08,113,2,1882.23,Female,57,4,2,1,7,421,New Customers
CUST04734,Customer 4734,Trichy,2026-09-23,98,5,6562.95,Male,42,4,5,3,12,453,Loyal Customers
CUST04735,Customer 4735,Thanjavur,2026-06-11,202,4,8475.27,Other,49,3,4,4,11,344,Loyal Customers
CUST04736,Customer 4736,Madurai,2026-09-13,108,5,17706.91,Female,41,4,5,5,14,455,Champions
CUST04737,Customer 4737,Coimbatore,2025-07-08,540,2,4046.4799999999996,Female,19,1,2,2,5,122,Lost Customers
CUST04738,Customer 4738,Vellore,2026-10-10,81,1,402.13,Other,37,5,1,1,7,511,New Customers
CUST04739,Customer 4739,Salem,2026-03-26,279,3,5619.46,Other,53,2,3,3,8,233,At Risk
CUST04740,Customer 4740,Madurai,2026-07-22,161,4,8229.81,Other,52,3,4,4,11,344,Loyal Customers
CUST04741,Customer 4741,Coimbatore,2026-01-28,336,1,1456.63,Other,62,2,1,1,4,211,Need Attention
CUST04742,Customer 4742,Pondicherry,2025-12-21,374,1,842.96,Male,23,2,1,1,4,211,Need Attention
CUST04743,Customer 4743,Salem,2026-01-11,353,2,5623.01,Other,43,2,2,3,7,223,Need Attention
CUST04744,Customer 4744,Vellore,2025-11-28,397,4,6125.780000000001,Other,39,1,4,3,8,143,At Risk
CUST04745,Customer 4745,Tirunelveli,2026-02-03,330,5,12039.01,Female,26,2,5,5,12,255,At Risk
CUST04746,Customer 4746,Bengaluru,2025-12-28,367,2,2505.27,Other,36,2,2,1,5,221,Need Attention
CUST04747,Customer 4747,Trichy,2025-06-16,562,3,3531.7,Male,38,1,3,2,6,132,At Risk
CUST04748,Customer 4748,Vellore,2026-02-06,327,4,4641.57,Male,33,2,4,2,8,242,At Risk
CUST04749,Customer 4749,Chennai,2026-09-15,106,4,9603.92,Other,35,4,4,4,12,444,Champions
CUST04750,Customer 4750,Trichy,2026-09-11,110,2,4143.3099999999995,Male,62,4,2,2,8,422,Potential Loyalists
CUST04751,Customer 4751,Hyderabad,2026-01-16,348,2,8409.26,Male,46,2,2,4,8,224,Need Attention
CUST04752,Customer 4752,Chennai,2026-07-21,162,8,22603.57,Male,27,3,5,5,13,355,Loyal Customers
CUST04753,Customer 4753,Bengaluru,2026-09-03,118,4,5784.09,Male,19,4,4,3,11,443,Loyal Customers
CUST04754,Customer 4754,Vellore,2026-10-24,67,4,6066.11,Female,44,5,4,3,12,543,Loyal Customers
CUST04756,Customer 4756,Tirunelveli,2026-05-27,217,1,795.13,Other,55,3,1,1,5,311,Need Attention
CUST04757,Customer 4757,Pondicherry,2025-11-27,398,4,8196.01,Other,42,1,4,4,9,144,At Risk
CUST04758,Customer 4758,Salem,2026-09-01,120,4,9231.62,Other,41,4,4,4,12,444,Champions
CUST04759,Customer 4759,Trichy,2025-05-25,584,3,10092.619999999999,Female,41,1,3,4,8,134,At Risk
CUST04760,Customer 4760,Coimbatore,2026-11-08,52,5,5418.42,Other,40,5,5,2,12,552,Loyal Customers
CUST04761,Customer 4761,Pondicherry,2026-10-24,67,2,5239.8099999999995,Male,38,5,2,2,9,522,Potential Loyalists
CUST04762,Customer 4762,Madurai,2026-08-30,122,2,4154.16,Other,55,4,2,2,8,422,Potential Loyalists
CUST04763,Customer 4763,Erode,2026-03-01,304,7,11784.62,Other,63,2,5,5,12,255,At Risk
CUST04765,Customer 4765,Pondicherry,2026-07-23,160,5,8676.869999999999,Other,40,3,5,4,12,354,Loyal Customers
CUST04766,Customer 4766,Trichy,2026-04-12,262,1,1877.73,Other,53,2,1,1,4,211,Need Attention
CUST04767,Customer 4767,Chennai,2026-10-24,67,7,16670.73,Female,54,5,5,5,15,555,Champions
CUST04768,Customer 4768,Erode,2026-01-12,352,4,4388.21,Other,46,2,4,2,8,242,At Risk
CUST04769,Customer 4769,Madurai,2026-09-26,95,4,10039.16,Female,22,4,4,4,12,444,Champions
CUST04770,Customer 4770,Vellore,2026-07-19,164,3,8404.41,Other,46,3,3,4,10,334,Big Spenders
CUST04771,Customer 4771,Erode,2025-02-28,670,1,6360.64,Male,40,1,1,3,5,113,Lost Customers
CUST04772,Customer 4772,Coimbatore,2025-12-01,394,4,6077.7699999999995,Other,27,1,4,3,8,143,At Risk
CUST04773,Customer 4773,Pondicherry,2026-11-04,56,6,8514.26,Female,22,5,5,4,14,554,Champions
CUST04774,Customer 4774,Pondicherry,2026-02-12,321,4,12653.47,Other,34,2,4,5,11,245,At Risk
CUST04775,Customer 4775,Erode,2026-09-30,91,1,3138.34,Other,56,5,1,1,7,511,New Customers
CUST04776,Customer 4776,Tirunelveli,2026-05-02,242,3,8201.300000000001,Other,26,3,3,4,10,334,Big Spenders
CUST04777,Customer 4777,Salem,2026-10-01,90,3,9609.68,Other,46,5,3,4,12,534,Big Spenders
CUST04778,Customer 4778,Salem,2026-11-15,45,3,11942.89,Other,61,5,3,5,13,535,Big Spenders
CUST04779,Customer 4779,Vellore,2025-09-08,478,2,4921.1,Male,54,1,2,2,5,122,Lost Customers
CUST04780,Customer 4780,Hyderabad,2026-07-08,175,2,6629.8,Male,52,3,2,3,8,323,Need Attention
CUST04781,Customer 4781,Bengaluru,2026-10-02,89,6,18594.09,Female,18,5,5,5,15,555,Champions
CUST04782,Customer 4782,Bengaluru,2025-08-15,502,5,17057.89,Other,40,1,5,5,11,155,At Risk
CUST04783,Customer 4783,Coimbatore,2025-07-16,532,1,1226.7,Male,57,1,1,1,3,111,Lost Customers
CUST04784,Customer 4784,Madurai,2026-09-20,101,2,1870.08,Female,64,4,2,1,7,421,New Customers
CUST04785,Customer 4785,Bengaluru,2026-10-08,83,5,10645.07,Male,33,5,5,4,14,554,Champions
CUST04786,Customer 4786,Chennai,2026-05-21,223,2,2424.2200000000003,Male,29,3,2,1,6,321,Need Attention
CUST04787,Customer 4787,Coimbatore,2026-06-17,196,4,7480.92,Female,64,3,4,3,10,343,Loyal Customers
CUST04788,Customer 4788,Tirunelveli,2026-05-25,219,5,7789.87,Male,24,3,5,3,11,353,Loyal Customers
CUST04789,Customer 4789,Tirunelveli,2026-09-03,118,3,7678.6900000000005,Other,61,4,3,3,10,433,Potential Loyalists
CUST04790,Customer 4790,Pondicherry,2025-06-15,563,1,892.64,Female,42,1,1,1,3,111,Lost Customers
CUST04791,Customer 4791,Madurai,2026-11-11,49,5,11347.59,Male,39,5,5,5,15,555,Champions
CUST04792,Customer 4792,Madurai,2026-05-03,241,6,16189.92,Female,40,3,5,5,13,355,Loyal Customers
CUST04793,Customer 4793,Erode,2024-12-24,736,1,5463.75,Female,34,1,1,3,5,113,Lost Customers
CUST04794,Customer 4794,Tirunelveli,2025-12-28,367,2,8118.28,Male,34,2,2,4,8,224,Need Attention
CUST04795,Customer 4795,Hyderabad,2026-03-13,292,3,4059.92,Male,40,2,3,2,7,232,At Risk
CUST04797,Customer 4797,Salem,2026-10-17,74,4,12091.279999999999,Male,51,5,4,5,14,545,Champions
CUST04798,Customer 4798,Vellore,2026-09-19,102,4,9378.03,Other,21,4,4,4,12,444,Champions
CUST04799,Customer 4799,Coimbatore,2026-09-30,91,6,13936.93,Other,41,5,5,5,15,555,Champions
CUST04800,Customer 4800,Chennai,2025-12-13,382,5,6570.27,Male,51,2,5,3,10,253,At Risk
CUST04801,Customer 4801,Salem,2026-07-24,159,4,12299.03,Female,42,3,4,5,12,345,Loyal Customers
CUST04802,Customer 4802,Thanjavur,2025-11-07,418,4,7099.549999999999,Other,54,1,4,3,8,143,At Risk
CUST04803,Customer 4803,Trichy,2026-10-07,84,2,4624.45,Male,29,5,2,2,9,522,Potential Loyalists
CUST04804,Customer 4804,Madurai,2026-09-23,98,5,10416.54,Other,49,4,5,4,13,454,Champions
CUST04805,Customer 4805,Coimbatore,2026-09-14,107,4,4552.51,Male,40,4,4,2,10,442,Loyal Customers
CUST04806,Customer 4806,Bengaluru,2026-03-31,274,2,2819.34,Other,27,2,2,1,5,221,Need Attention
CUST04807,Customer 4807,Erode,2026-09-08,113,4,10005.04,Other,29,4,4,4,12,444,Champions
CUST04808,Customer 4808,Madurai,2026-06-22,191,4,4337.97,Male,50,3,4,2,9,342,Loyal Customers
CUST04809,Customer 4809,Bengaluru,2026-08-14,138,5,18933.11,Female,19,4,5,5,14,455,Champions
CUST04810,Customer 4810,Salem,2026-07-11,172,3,3072.49,Other,25,3,3,1,7,331,Need Attention
CUST04811,Customer 4811,Hyderabad,2026-05-29,215,4,8920.83,Male,40,3,4,4,11,344,Loyal Customers
CUST04812,Customer 4812,Madurai,2026-05-08,236,5,12898.5,Other,51,3,5,5,13,355,Loyal Customers
CUST04813,Customer 4813,Bengaluru,2025-05-15,594,2,3407.9800000000005,Female,30,1,2,2,5,122,Lost Customers
CUST04814,Customer 4814,Erode,2026-07-22,161,4,5373.13,Other,39,3,4,2,9,342,Loyal Customers
CUST04815,Customer 4815,Erode,2026-04-11,263,3,4873.14,Other,42,2,3,2,7,232,At Risk
CUST04816,Customer 4816,Coimbatore,2026-11-20,40,5,10270.630000000001,Other,53,5,5,4,14,554,Champions
CUST04817,Customer 4817,Madurai,2025-09-15,471,4,10258.369999999999,Male,41,1,4,4,9,144,At Risk
CUST04818,Customer 4818,Tirunelveli,2025-09-04,482,2,3355.13,Female,30,1,2,2,5,122,Lost Customers
CUST04819,Customer 4819,Erode,2025-10-31,425,4,8557.83,Female,21,1,4,4,9,144,At Risk
CUST04820,Customer 4820,Bengaluru,2026-09-04,117,1,6067.62,Other,63,4,1,3,8,413,New Customers
CUST04821,Customer 4821,Hyderabad,2026-09-22,99,1,438.7,Other,23,4,1,1,6,411,New Customers
CUST04822,Customer 4822,Bengaluru,2025-10-30,426,2,11033.5,Female,51,1,2,5,8,125,Lost Customers
CUST04823,Customer 4823,Vellore,2025-06-27,551,3,5797.97,Other,52,1,3,3,7,133,At Risk
CUST04824,Customer 4824,Trichy,2026-04-22,252,4,8523.37,Other,59,2,4,4,10,244,At Risk
CUST04825,Customer 4825,Erode,2026-09-08,113,2,3211.98,Female,26,4,2,2,8,422,Potential Loyalists
CUST04826,Customer 4826,Hyderabad,2026-09-06,115,2,1842.3000000000002,Male,36,4,2,1,7,421,New Customers
CUST04828,Customer 4828,Erode,2026-06-06,207,3,6898.45,Female,19,3,3,3,9,333,Need Attention
CUST04829,Customer 4829,Erode,2025-11-02,423,2,4840.73,Female,53,1,2,2,5,122,Lost Customers
CUST04830,Customer 4830,Erode,2026-11-24,36,3,11025.11,Female,37,5,3,5,13,535,Big Spenders
CUST04831,Customer 4831,Pondicherry,2025-05-31,578,1,1544.95,Female,61,1,1,1,3,111,Lost Customers
CUST04833,Customer 4833,Pondicherry,2026-08-23,129,4,4825.87,Female,55,4,4,2,10,442,Loyal Customers
CUST04834,Customer 4834,Hyderabad,2026-07-29,154,2,1747.4299999999998,Other,29,3,2,1,6,321,Need Attention
CUST04835,Customer 4835,Vellore,2025-07-01,547,1,2002.84,Other,21,1,1,1,3,111,Lost Customers
CUST04836,Customer 4836,Tirunelveli,2026-01-05,359,2,2859.5600000000004,Male,37,2,2,1,5,221,Need Attention
CUST04837,Customer 4837,Chennai,2025-07-08,540,1,1187.16,Female,52,1,1,1,3,111,Lost Customers
CUST04838,Customer 4838,Pondicherry,2026-10-25,66,6,16702.78,Other,45,5,5,5,15,555,Champions
CUST04839,Customer 4839,Vellore,2025-04-29,610,3,5504.11,Other,29,1,3,3,7,133,At Risk
CUST04840,Customer 4840,Chennai,2025-04-25,614,2,1364.04,Other,62,1,2,1,4,121,Lost Customers
CUST04841,Customer 4841,Madurai,2026-08-10,142,2,7070.41,Male,47,4,2,3,9,423,Potential Loyalists
CUST04842,Customer 4842,Coimbatore,2026-08-25,127,3,3372.58,Other,38,4,3,2,9,432,Potential Loyalists
CUST04843,Customer 4843,Trichy,2026-08-02,150,4,4192.3,Male,49,4,4,2,10,442,Loyal Customers
CUST04844,Customer 4844,Chennai,2025-12-12,383,2,1012.49,Other,57,1,2,1,4,121,Lost Customers
CUST04845,Customer 4845,Pondicherry,2025-09-14,472,2,5704.92,Female,31,1,2,3,6,123,Lost Customers
CUST04846,Customer 4846,Trichy,2026-03-06,299,4,3368.54,Female,18,2,4,2,8,242,At Risk
CUST04847,Customer 4847,Tirunelveli,2025-11-20,405,2,2503.38,Female,29,1,2,1,4,121,Lost Customers
CUST04848,Customer 4848,Tirunelveli,2026-10-11,80,2,2441.46,Male,41,5,2,1,8,521,New Customers
CUST04849,Customer 4849,Bengaluru,2026-11-21,39,5,13091.06,Male,27,5,5,5,15,555,Champions
CUST04850,Customer 4850,Salem,2026-03-15,290,2,1310.1,Other,60,2,2,1,5,221,Need Attention
CUST04851,Customer 4851,Pondicherry,2026-02-27,306,2,6745.98,Other,54,2,2,3,7,223,Need Attention
CUST04852,Customer 4852,Trichy,2026-08-04,148,2,6234.98,Other,37,4,2,3,9,423,Potential Loyalists
CUST04853,Customer 4853,Salem,2025-07-26,522,3,3656.41,Other,65,1,3,2,6,132,At Risk
CUST04854,Customer 4854,Tirunelveli,2026-09-04,117,4,9900.6,Other,18,4,4,4,12,444,Champions
CUST04855,Customer 4855,Salem,2026-08-30,122,5,8313.25,Female,42,4,5,4,13,454,Champions
CUST04856,Customer 4856,Salem,2026-10-08,83,2,6223.71,Male,49,5,2,3,10,523,Potential Loyalists
CUST04857,Customer 4857,Pondicherry,2026-01-31,333,3,6171.0,Male,58,2,3,3,8,233,At Risk
CUST04858,Customer 4858,Erode,2026-11-07,53,2,4395.7300000000005,Male,62,5,2,2,9,522,Potential Loyalists
CUST04859,Customer 4859,Trichy,2026-12-22,8,3,3783.76,Other,62,5,3,2,10,532,Potential Loyalists
CUST04860,Customer 4860,Coimbatore,2026-05-03,241,3,2412.93,Other,25,3,3,1,7,331,Need Attention
CUST04861,Customer 4861,Madurai,2026-10-18,73,5,8388.71,Female,22,5,5,4,14,554,Champions
CUST04862,Customer 4862,Pondicherry,2025-08-25,492,5,5928.48,Female,28,1,5,3,9,153,At Risk
CUST04863,Customer 4863,Pondicherry,2025-09-06,480,3,7022.1,Other,63,1,3,3,7,133,At Risk
CUST04864,Customer 4864,Salem,2026-10-31,60,2,1107.97,Female,52,5,2,1,8,521,New Customers
CUST04865,Customer 4865,Coimbatore,2026-09-07,114,3,3455.86,Other,34,4,3,2,9,432,Potential Loyalists
CUST04866,Customer 4866,Trichy,2026-12-14,16,6,11390.48,Male,43,5,5,5,15,555,Champions
CUST04867,Customer 4867,Trichy,2026-01-24,340,4,7295.72,Other,49,2,4,3,9,243,At Risk
CUST04868,Customer 4868,Erode,2026-04-16,258,3,7297.900000000001,Other,20,2,3,3,8,233,At Risk
CUST04869,Customer 4869,Trichy,2024-12-26,734,1,1080.6,Male,25,1,1,1,3,111,Lost Customers
CUST04870,Customer 4870,Coimbatore,2025-07-11,537,2,6013.71,Female,29,1,2,3,6,123,Lost Customers
CUST04871,Customer 4871,Trichy,2025-05-07,602,1,996.51,Other,22,1,1,1,3,111,Lost Customers
CUST04872,Customer 4872,Erode,2026-05-28,216,4,7737.62,Other,41,3,4,3,10,343,Loyal Customers
CUST04874,Customer 4874,Vellore,2026-09-03,118,3,7166.02,Male,60,4,3,3,10,433,Potential Loyalists
CUST04875,Customer 4875,Pondicherry,2026-10-01,90,3,4050.24,Male,31,5,3,2,10,532,Potential Loyalists
CUST04876,Customer 4876,Chennai,2026-05-18,226,2,1897.82,Male,54,3,2,1,6,321,Need Attention
CUST04877,Customer 4877,Madurai,2025-04-19,620,1,908.73,Female,34,1,1,1,3,111,Lost Customers
CUST04878,Customer 4878,Hyderabad,2025-07-12,536,2,7231.14,Female,30,1,2,3,6,123,Lost Customers
CUST04879,Customer 4879,Madurai,2026-11-04,56,7,14539.27,Female,42,5,5,5,15,555,Champions
CUST04880,Customer 4880,Trichy,2026-09-19,102,4,9018.38,Other,22,4,4,4,12,444,Champions
CUST04881,Customer 4881,Thanjavur,2026-10-30,61,3,16406.989999999998,Other,30,5,3,5,13,535,Big Spenders
CUST04883,Customer 4883,Trichy,2026-01-19,345,2,4415.88,Female,22,2,2,2,6,222,Need Attention
CUST04884,Customer 4884,Vellore,2025-12-28,367,4,14823.369999999999,Other,36,2,4,5,11,245,At Risk
CUST04886,Customer 4886,Coimbatore,2026-07-29,154,2,4262.68,Male,61,3,2,2,7,322,Need Attention
CUST04887,Customer 4887,Chennai,2026-01-09,355,5,4855.22,Other,52,2,5,2,9,252,At Risk
CUST04888,Customer 4888,Pondicherry,2025-07-13,535,1,983.38,Other,28,1,1,1,3,111,Lost Customers
CUST04889,Customer 4889,Madurai,2026-08-27,125,4,14232.98,Female,20,4,4,5,13,445,Champions
CUST04890,Customer 4890,Chennai,2026-10-31,60,6,14306.25,Other,32,5,5,5,15,555,Champions
CUST04891,Customer 4891,Chennai,2026-07-26,157,3,4458.95,Male,54,3,3,2,8,332,Need Attention
CUST04892,Customer 4892,Coimbatore,2026-08-19,133,5,10853.15,Female,54,4,5,4,13,454,Champions
CUST04893,Customer 4893,Chennai,2026-04-01,273,6,17496.21,Male,58,2,5,5,12,255,At Risk
CUST04894,Customer 4894,Chennai,2026-09-13,108,4,9380.56,Other,22,4,4,4,12,444,Champions
CUST04895,Customer 4895,Hyderabad,2025-06-11,567,3,4487.46,Female,54,1,3,2,6,132,At Risk
CUST04896,Customer 4896,Bengaluru,2026-01-18,346,4,10752.52,Female,61,2,4,4,10,244,At Risk
CUST04897,Customer 4897,Trichy,2026-09-13,108,2,5093.46,Female,65,4,2,2,8,422,Potential Loyalists
CUST04898,Customer 4898,Salem,2026-11-10,50,3,6360.07,Female,57,5,3,3,11,533,Potential Loyalists
CUST04899,Customer 4899,Erode,2026-11-06,54,3,2890.66,Other,47,5,3,1,9,531,Need Attention
CUST04900,Customer 4900,Thanjavur,2026-09-26,95,7,15344.93,Female,52,4,5,5,14,455,Champions
CUST04901,Customer 4901,Hyderabad,2025-07-18,530,2,3245.56,Male,36,1,2,2,5,122,Lost Customers
CUST04902,Customer 4902,Salem,2026-04-26,248,2,3764.7300000000005,Male,42,2,2,2,6,222,Need Attention
CUST04903,Customer 4903,Chennai,2025-04-20,619,1,352.58,Female,65,1,1,1,3,111,Lost Customers
CUST04904,Customer 4904,Chennai,2026-10-10,81,3,2928.05,Female,27,5,3,1,9,531,Need Attention
CUST04905,Customer 4905,Vellore,2026-01-11,353,6,12663.99,Female,63,2,5,5,12,255,At Risk
CUST04906,Customer 4906,Madurai,2026-05-12,232,4,12158.28,Male,43,3,4,5,12,345,Loyal Customers
CUST04907,Customer 4907,Trichy,2026-09-02,119,3,8605.050000000001,Other,40,4,3,4,11,434,Big Spenders
CUST04908,Customer 4908,Erode,2026-09-23,98,4,3495.5299999999997,Female,44,4,4,2,10,442,Loyal Customers
CUST04909,Customer 4909,Tirunelveli,2026-10-18,73,4,3911.1099999999997,Female,46,5,4,2,11,542,Loyal Customers
CUST04910,Customer 4910,Thanjavur,2025-04-26,613,3,7933.610000000001,Female,39,1,3,4,8,134,At Risk
CUST04911,Customer 4911,Pondicherry,2026-02-13,320,5,6981.73,Female,26,2,5,3,10,253,At Risk
CUST04912,Customer 4912,Trichy,2026-09-04,117,5,7042.85,Male,33,4,5,3,12,453,Loyal Customers
CUST04913,Customer 4913,Trichy,2026-12-15,15,5,9996.78,Male,54,5,5,4,14,554,Champions
CUST04914,Customer 4914,Bengaluru,2026-07-06,177,2,6819.03,Other,60,3,2,3,8,323,Need Attention
CUST04915,Customer 4915,Tirunelveli,2026-04-22,252,3,7843.68,Female,53,2,3,4,9,234,At Risk
CUST04916,Customer 4916,Trichy,2026-10-19,72,6,14581.849999999999,Other,37,5,5,5,15,555,Champions
CUST04917,Customer 4917,Coimbatore,2026-10-13,78,1,1285.38,Male,48,5,1,1,7,511,New Customers
CUST04918,Customer 4918,Salem,2026-10-05,86,2,1930.1200000000001,Other,46,5,2,1,8,521,New Customers
CUST04919,Customer 4919,Chennai,2026-11-02,58,4,9769.28,Other,44,5,4,4,13,544,Champions
CUST04920,Customer 4920,Vellore,2026-04-24,250,3,2876.71,Male,39,2,3,1,6,231,At Risk
CUST04921,Customer 4921,Vellore,2026-05-01,243,3,2324.97,Other,42,3,3,1,7,331,Need Attention
CUST04922,Customer 4922,Chennai,2026-03-23,282,1,746.32,Male,46,2,1,1,4,211,Need Attention
CUST04923,Customer 4923,Bengaluru,2026-02-07,326,3,4768.99,Male,42,2,3,2,7,232,At Risk
CUST04924,Customer 4924,Pondicherry,2025-09-07,479,3,3380.52,Male,35,1,3,2,6,132,At Risk
CUST04925,Customer 4925,Hyderabad,2026-11-14,46,6,17241.17,Other,27,5,5,5,15,555,Champions
CUST04926,Customer 4926,Madurai,2026-06-28,185,3,7571.48,Other,30,3,3,3,9,333,Need Attention
CUST04927,Customer 4927,Trichy,2026-05-26,218,4,14422.16,Female,47,3,4,5,12,345,Loyal Customers
CUST04928,Customer 4928,Erode,2026-05-05,239,3,5392.51,Other,26,3,3,2,8,332,Need Attention
CUST04929,Customer 4929,Vellore,2025-10-28,428,4,6024.4,Other,57,1,4,3,8,143,At Risk
CUST04930,Customer 4930,Hyderabad,2025-10-06,450,2,1005.2,Other,20,1,2,1,4,121,Lost Customers
CUST04931,Customer 4931,Chennai,2026-09-11,110,3,3411.2200000000003,Male,23,4,3,2,9,432,Potential Loyalists
CUST04932,Customer 4932,Coimbatore,2026-08-28,124,4,6272.8099999999995,Male,39,4,4,3,11,443,Loyal Customers
CUST04933,Customer 4933,Pondicherry,2026-10-08,83,2,2030.0300000000002,Female,30,5,2,1,8,521,New Customers
CUST04934,Customer 4934,Coimbatore,2026-04-08,266,2,2712.7,Male,37,2,2,1,5,221,Need Attention
CUST04936,Customer 4936,Thanjavur,2026-09-30,91,2,2480.38,Female,48,5,2,1,8,521,New Customers
CUST04937,Customer 4937,Salem,2026-07-19,164,5,8213.98,Male,36,3,5,4,12,354,Loyal Customers
CUST04938,Customer 4938,Madurai,2026-06-24,189,3,4280.16,Other,28,3,3,2,8,332,Need Attention
CUST04939,Customer 4939,Vellore,2026-10-04,87,5,6207.81,Female,25,5,5,3,13,553,Loyal Customers
CUST04940,Customer 4940,Vellore,2026-08-24,128,4,10029.35,Female,28,4,4,4,12,444,Champions
CUST04941,Customer 4941,Pondicherry,2026-10-14,77,1,4150.68,Other,48,5,1,2,8,512,New Customers
CUST04942,Customer 4942,Coimbatore,2026-11-06,54,4,4825.65,Other,33,5,4,2,11,542,Loyal Customers
CUST04943,Customer 4943,Coimbatore,2026-03-17,288,3,7528.74,Male,46,2,3,3,8,233,At Risk
CUST04944,Customer 4944,Tirunelveli,2026-01-06,358,2,6635.58,Male,26,2,2,3,7,223,Need Attention
CUST04945,Customer 4945,Madurai,2024-12-13,747,1,1472.12,Female,48,1,1,1,3,111,Lost Customers
CUST04946,Customer 4946,Pondicherry,2026-03-01,304,3,6454.6900000000005,Male,55,2,3,3,8,233,At Risk
CUST04947,Customer 4947,Bengaluru,2026-01-21,343,2,5938.75,Female,46,2,2,3,7,223,Need Attention
CUST04948,Customer 4948,Chennai,2026-06-20,193,4,8308.41,Male,46,3,4,4,11,344,Loyal Customers
CUST04949,Customer 4949,Thanjavur,2025-03-03,667,1,1252.02,Other,54,1,1,1,3,111,Lost Customers
CUST04950,Customer 4950,Coimbatore,2026-10-18,73,2,1156.09,Male,41,5,2,1,8,521,New Customers
CUST04951,Customer 4951,Salem,2026-01-25,339,2,6981.84,Male,57,2,2,3,7,223,Need Attention
CUST04952,Customer 4952,Coimbatore,2026-09-28,93,6,10513.53,Female,27,5,5,4,14,554,Champions
CUST04953,Customer 4953,Hyderabad,2025-10-26,430,2,2409.2799999999997,Other,30,1,2,1,4,121,Lost Customers
CUST04954,Customer 4954,Coimbatore,2026-05-19,225,7,9716.05,Female,63,3,5,4,12,354,Loyal Customers
CUST04955,Customer 4955,Chennai,2025-12-23,372,4,4708.14,Other,49,2,4,2,8,242,At Risk
CUST04956,Customer 4956,Madurai,2025-07-20,528,3,5164.86,Other,44,1,3,2,6,132,At Risk
CUST04957,Customer 4957,Vellore,2026-09-13,108,3,9002.09,Female,30,4,3,4,11,434,Big Spenders
CUST04958,Customer 4958,Erode,2026-10-24,67,3,8664.2,Other,19,5,3,4,12,534,Big Spenders
CUST04959,Customer 4959,Hyderabad,2026-10-21,70,4,19947.48,Male,21,5,4,5,14,545,Champions
CUST04960,Customer 4960,Salem,2026-11-09,51,3,2899.65,Other,37,5,3,1,9,531,Need Attention
CUST04961,Customer 4961,Chennai,2026-07-13,170,5,14102.58,Female,39,3,5,5,13,355,Loyal Customers
CUST04962,Customer 4962,Erode,2026-03-04,301,3,6797.389999999999,Other,60,2,3,3,8,233,At Risk
CUST04963,Customer 4963,Vellore,2026-01-10,354,3,4970.639999999999,Male,39,2,3,2,7,232,At Risk
CUST04964,Customer 4964,Chennai,2026-02-04,329,5,16533.239999999998,Male,57,2,5,5,12,255,At Risk
CUST04965,Customer 4965,Salem,2026-08-07,145,5,9536.62,Other,19,4,5,4,13,454,Champions
CUST04966,Customer 4966,Tirunelveli,2026-02-26,307,2,2518.71,Male,48,2,2,1,5,221,Need Attention
CUST04967,Customer 4967,Hyderabad,2026-10-31,60,4,11161.51,Male,62,5,4,5,14,545,Champions
CUST04968,Customer 4968,Thanjavur,2025-05-28,581,4,8295.59,Other,42,1,4,4,9,144,At Risk
CUST04969,Customer 4969,Tirunelveli,2026-11-16,44,4,5791.43,Other,45,5,4,3,12,543,Loyal Customers
CUST04970,Customer 4970,Thanjavur,2026-03-25,280,2,2679.76,Female,26,2,2,1,5,221,Need Attention
CUST04971,Customer 4971,Trichy,2026-10-18,73,7,20544.34,Female,53,5,5,5,15,555,Champions
CUST04972,Customer 4972,Coimbatore,2025-05-09,600,2,6018.389999999999,Female,35,1,2,3,6,123,Lost Customers
CUST04974,Customer 4974,Chennai,2026-10-20,71,6,10570.32,Other,25,5,5,4,14,554,Champions
CUST04975,Customer 4975,Trichy,2026-05-02,242,4,9969.69,Male,24,3,4,4,11,344,Loyal Customers
CUST04976,Customer 4976,Coimbatore,2026-04-07,267,3,3527.85,Male,41,2,3,2,7,232,At Risk
CUST04977,Customer 4977,Coimbatore,2026-09-09,112,6,9097.55,Other,33,4,5,4,13,454,Champions
CUST04978,Customer 4978,Pondicherry,2025-11-20,405,4,4978.3,Male,18,1,4,2,7,142,At Risk
CUST04979,Customer 4979,Bengaluru,2025-04-07,632,1,3800.13,Other,39,1,1,2,4,112,Lost Customers
CUST04980,Customer 4980,Hyderabad,2026-12-22,8,2,2367.54,Male,55,5,2,1,8,521,New Customers
CUST04981,Customer 4981,Thanjavur,2025-09-07,479,1,1018.55,Female,58,1,1,1,3,111,Lost Customers
CUST04982,Customer 4982,Bengaluru,2026-09-22,99,3,6864.030000000001,Other,24,4,3,3,10,433,Potential Loyalists
CUST04983,Customer 4983,Madurai,2026-09-29,92,3,10314.98,Male,63,5,3,4,12,534,Big Spenders
CUST04984,Customer 4984,Madurai,2025-07-15,533,3,4085.2799999999997,Other,23,1,3,2,6,132,At Risk
CUST04985,Customer 4985,Chennai,2026-04-19,255,2,3615.65,Other,23,2,2,2,6,222,Need Attention
CUST04986,Customer 4986,Trichy,2026-05-16,228,6,4182.8099999999995,Other,32,3,5,2,10,352,Loyal Customers
CUST04987,Customer 4987,Tirunelveli,2026-06-30,183,6,11197.15,Other,23,3,5,5,13,355,Loyal Customers
CUST04988,Customer 4988,Trichy,2026-06-12,201,6,12706.18,Other,51,3,5,5,13,355,Loyal Customers
CUST04989,Customer 4989,Erode,2026-06-28,185,3,10132.5,Male,63,3,3,4,10,334,Big Spenders
CUST04990,Customer 4990,Erode,2026-02-11,322,5,18005.65,Other,29,2,5,5,12,255,At Risk
CUST04991,Customer 4991,Bengaluru,2026-02-18,315,1,6799.45,Other,61,2,1,3,6,213,Need Attention
CUST04992,Customer 4992,Madurai,2026-07-07,176,5,5560.55,Male,46,3,5,3,11,353,Loyal Customers
CUST04993,Customer 4993,Madurai,2026-01-07,357,2,2397.63,Male,23,2,2,1,5,221,Need Attention
CUST04994,Customer 4994,Vellore,2025-08-19,498,1,1271.29,Female,27,1,1,1,3,111,Lost Customers
CUST04995,Customer 4995,Coimbatore,2026-01-14,350,2,1988.22,Male,62,2,2,1,5,221,Need Attention
CUST04996,Customer 4996,Madurai,2025-12-28,367,5,7688.51,Male,30,2,5,3,10,253,At Risk
CUST04998,Customer 4998,Salem,2026-10-16,75,1,5806.71,Other,55,5,1,3,9,513,New Customers
CUST04999,Customer 4999,Hyderabad,2026-06-11,202,4,6920.01,Female,50,3,4,3,10,343,Loyal Customers
CUST05000,Customer 5000,Salem,2026-10-19,72,3,7252.0,Male,45,5,3,3,11,533,Potential Loyalists
