customer_id,customer_name,gender,age,city,registration_date
CUST00001,Customer 1,Male,19,Pondicherry,2025-10-16
CUST00002,Customer 2,Male,32,Madurai,2024-10-08
CUST00003,Customer 3,Male,61,Pondicherry,2026-01-24
CUST00004,Customer 4,Male,55,Tirunelveli,2025-07-12
CUST00005,Customer 5,Male,23,Trichy,2024-02-02
CUST00006,Customer 6,Other,56,Chennai,2024-08-26
CUST00007,Customer 7,Male,63,Hyderabad,2025-07-28
CUST00008,Customer 8,Other,44,Trichy,2025-12-19
CUST00009,Customer 9,Other,35,Chennai,2025-04-04
CUST00010,Customer 10,Male,62,Tirunelveli,2026-02-16
CUST00011,Customer 11,Female,27,Trichy,2024-12-14
CUST00012,Customer 12,Female,24,Coimbatore,2026-02-20
CUST00013,Customer 13,Male,40,Thanjavur,2025-01-24
CUST00014,Customer 14,Female,20,Pondicherry,2025-09-10
CUST00015,Customer 15,Other,25,Tirunelveli,2025-04-15
CUST00016,Customer 16,Other,36,Hyderabad,2024-03-21
CUST00017,Customer 17,Female,54,Trichy,2025-09-25
CUST00018,Customer 18,Male,20,Hyderabad,2025-12-22
CUST00019,Customer 19,Female,23,Trichy,2024-08-21
CUST00020,Customer 20,Male,42,Salem,2026-06-06
CUST00021,Customer 21,Other,41,Madurai,2025-04-09
CUST00022,Customer 22,Female,31,Hyderabad,2025-01-14
CUST00023,Customer 23,Other,61,Hyderabad,2024-09-30
CUST00024,Customer 24,Other,58,Madurai,2024-03-14
CUST00025,Customer 25,Other,33,Madurai,2025-06-30
CUST00026,Customer 26,Female,35,Hyderabad,2025-04-18
CUST00027,Customer 27,Other,32,Hyderabad,2025-12-05
CUST00028,Customer 28,Male,32,Chennai,2024-11-28
CUST00029,Customer 29,Female,43,Salem,2026-04-04
CUST00030,Customer 30,Male,54,Pondicherry,2024-03-08
CUST00031,Customer 31,Male,59,Erode,2024-11-18
CUST00032,Customer 32,Other,47,Madurai,2025-02-09
CUST00033,Customer 33,Male,33,Pondicherry,2024-09-28
CUST00034,Customer 34,Other,34,Pondicherry,2025-07-28
CUST00035,Customer 35,Female,55,Tirunelveli,2025-08-21
CUST00036,Customer 36,Male,26,Vellore,2025-01-05
CUST00037,Customer 37,Male,21,Coimbatore,2025-05-20
CUST00038,Customer 38,Other,28,Hyderabad,2024-06-05
CUST00039,Customer 39,Other,22,Tirunelveli,2025-03-08
CUST00040,Customer 40,Other,47,Vellore,2025-01-25
CUST00041,Customer 41,Other,18,Hyderabad,2024-09-14
CUST00042,Customer 42,Male,61,Vellore,2026-01-08
CUST00043,Customer 43,Female,59,Thanjavur,2026-02-07
CUST00044,Customer 44,Female,45,Madurai,2024-04-24
CUST00045,Customer 45,Male,64,Pondicherry,2025-04-09
CUST00046,Customer 46,Other,29,Vellore,2024-09-26
CUST00047,Customer 47,Other,37,Hyderabad,2024-04-18
CUST00048,Customer 48,Other,30,Madurai,2025-06-03
CUST00049,Customer 49,Male,52,Vellore,2025-01-17
CUST00050,Customer 50,Other,38,Erode,2024-01-01
CUST00051,Customer 51,Male,41,Salem,2024-01-20
CUST00052,Customer 52,Male,33,Bengaluru,2024-09-02
CUST00053,Customer 53,Male,64,Erode,2024-03-21
CUST00054,Customer 54,Male,52,Madurai,2026-04-15
CUST00055,Customer 55,Other,48,Vellore,2024-05-11
CUST00056,Customer 56,Female,51,Bengaluru,2024-06-18
CUST00057,Customer 57,Male,52,Pondicherry,2025-03-09
CUST00058,Customer 58,Male,63,Salem,2025-12-07
CUST00059,Customer 59,Other,59,Thanjavur,2025-02-12
CUST00060,Customer 60,Other,46,Coimbatore,2025-03-24
CUST00061,Customer 61,Male,22,Thanjavur,2024-09-10
CUST00062,Customer 62,Other,53,Trichy,2024-01-22
CUST00063,Customer 63,Male,18,Coimbatore,2025-08-25
CUST00064,Customer 64,Other,21,Trichy,2025-12-25
CUST00065,Customer 65,Male,39,Coimbatore,2024-03-10
CUST00066,Customer 66,Male,35,Hyderabad,2025-06-10
CUST00067,Customer 67,Male,52,Madurai,2025-05-12
CUST00068,Customer 68,Other,54,Erode,2026-01-10
CUST00069,Customer 69,Female,44,Trichy,2024-09-05
CUST00070,Customer 70,Male,60,Tirunelveli,2024-04-06
CUST00071,Customer 71,Female,44,Erode,2024-12-28
CUST00072,Customer 72,Other,21,Hyderabad,2026-06-03
CUST00073,Customer 73,Other,24,Chennai,2025-10-31
CUST00074,Customer 74,Other,39,Coimbatore,2025-02-16
CUST00075,Customer 75,Male,30,Vellore,2024-09-11
CUST00076,Customer 76,Male,45,Madurai,2025-04-04
CUST00077,Customer 77,Female,33,Coimbatore,2024-10-12
CUST00078,Customer 78,Other,24,Chennai,2025-03-29
CUST00079,Customer 79,Other,18,Coimbatore,2025-10-29
CUST00080,Customer 80,Male,28,Tirunelveli,2026-02-10
CUST00081,Customer 81,Female,31,Tirunelveli,2025-05-12
CUST00082,Customer 82,Male,42,Chennai,2024-03-01
CUST00083,Customer 83,Female,47,Salem,2025-02-03
CUST00084,Customer 84,Other,64,Vellore,2025-03-09
CUST00085,Customer 85,Other,49,Madurai,2025-11-08
CUST00086,Customer 86,Female,31,Chennai,2024-07-13
CUST00087,Customer 87,Other,52,Chennai,2025-08-16
CUST00088,Customer 88,Female,21,Chennai,2026-02-04
CUST00089,Customer 89,Female,50,Vellore,2025-08-21
CUST00090,Customer 90,Male,50,Coimbatore,2024-06-10
CUST00091,Customer 91,Male,22,Bengaluru,2026-05-21
CUST00092,Customer 92,Other,33,Tirunelveli,2024-03-10
CUST00093,Customer 93,Other,33,Bengaluru,2024-05-02
CUST00094,Customer 94,Male,57,Coimbatore,2025-08-31
CUST00095,Customer 95,Other,55,Bengaluru,2025-03-05
CUST00096,Customer 96,Female,34,Trichy,2025-06-19
CUST00097,Customer 97,Other,38,Trichy,2025-11-16
CUST00098,Customer 98,Female,26,Hyderabad,2024-09-28
CUST00099,Customer 99,Female,47,Thanjavur,2025-10-22
CUST00100,Customer 100,Male,18,Erode,2026-02-08
CUST00101,Customer 101,Other,24,Coimbatore,2025-09-28
CUST00102,Customer 102,Male,50,Salem,2025-07-04
CUST00103,Customer 103,Female,22,Trichy,2024-05-15
CUST00104,Customer 104,Female,28,Erode,2025-01-13
CUST00105,Customer 105,Other,63,Salem,2026-05-03
CUST00106,Customer 106,Other,51,Chennai,2025-09-18
CUST00107,Customer 107,Other,37,Hyderabad,2025-11-14
CUST00108,Customer 108,Male,34,Coimbatore,2024-04-16
CUST00109,Customer 109,Other,53,Madurai,2024-04-19
CUST00110,Customer 110,Female,56,Trichy,2024-10-05
CUST00111,Customer 111,Female,31,Hyderabad,2026-01-04
CUST00112,Customer 112,Female,50,Erode,2025-10-11
CUST00113,Customer 113,Male,23,Hyderabad,2024-09-14
CUST00114,Customer 114,Female,20,Chennai,2025-03-09
CUST00115,Customer 115,Male,58,Salem,2024-12-07
CUST00116,Customer 116,Other,46,Vellore,2024-06-14
CUST00117,Customer 117,Female,53,Chennai,2025-12-23
CUST00118,Customer 118,Male,62,Madurai,2024-04-24
CUST00119,Customer 119,Male,41,Bengaluru,2025-07-12
CUST00120,Customer 120,Male,45,Madurai,2025-07-19
CUST00121,Customer 121,Female,41,Chennai,2024-02-12
CUST00122,Customer 122,Male,61,Trichy,2025-01-01
CUST00123,Customer 123,Male,40,Vellore,2025-11-13
CUST00124,Customer 124,Female,57,Pondicherry,2026-06-14
CUST00125,Customer 125,Male,28,Madurai,2024-06-07
CUST00126,Customer 126,Male,29,Pondicherry,2025-02-26
CUST00127,Customer 127,Female,60,Pondicherry,2024-12-06
CUST00128,Customer 128,Male,35,Madurai,2026-04-10
CUST00129,Customer 129,Other,24,Tirunelveli,2026-03-17
CUST00130,Customer 130,Male,48,Trichy,2026-06-12
CUST00131,Customer 131,Female,40,Salem,2024-07-23
CUST00132,Customer 132,Male,32,Chennai,2026-04-20
CUST00133,Customer 133,Male,43,Thanjavur,2025-11-06
CUST00134,Customer 134,Male,35,Thanjavur,2024-10-12
CUST00135,Customer 135,Other,43,Hyderabad,2025-10-18
CUST00136,Customer 136,Other,39,Chennai,2026-05-13
CUST00137,Customer 137,Female,29,Bengaluru,2024-04-28
CUST00138,Customer 138,Male,24,Bengaluru,2024-09-28
CUST00139,Customer 139,Female,64,Thanjavur,2025-03-20
CUST00140,Customer 140,Other,50,Coimbatore,2025-03-22
CUST00141,Customer 141,Other,30,Salem,2025-01-29
CUST00142,Customer 142,Other,45,Chennai,2024-02-15
CUST00143,Customer 143,Other,61,Pondicherry,2025-06-16
CUST00144,Customer 144,Other,60,Trichy,2026-01-29
CUST00145,Customer 145,Female,22,Hyderabad,2025-01-07
CUST00146,Customer 146,Other,38,Hyderabad,2024-12-04
CUST00147,Customer 147,Male,64,Salem,2026-05-18
CUST00148,Customer 148,Female,60,Tirunelveli,2025-06-03
CUST00149,Customer 149,Female,62,Salem,2024-11-30
CUST00150,Customer 150,Male,30,Tirunelveli,2025-07-21
CUST00151,Customer 151,Female,61,Pondicherry,2025-11-11
CUST00152,Customer 152,Other,54,Salem,2024-06-27
CUST00153,Customer 153,Other,18,Salem,2025-02-19
CUST00154,Customer 154,Male,45,Bengaluru,2024-10-20
CUST00155,Customer 155,Other,38,Erode,2025-09-13
CUST00156,Customer 156,Female,61,Trichy,2025-03-28
CUST00157,Customer 157,Female,65,Madurai,2025-06-07
CUST00158,Customer 158,Male,36,Vellore,2025-11-05
CUST00159,Customer 159,Other,57,Thanjavur,2025-11-10
CUST00160,Customer 160,Male,61,Salem,2024-04-05
CUST00161,Customer 161,Male,27,Chennai,2024-08-18
CUST00162,Customer 162,Male,48,Bengaluru,2024-02-17
CUST00163,Customer 163,Male,47,Tirunelveli,2026-05-20
CUST00164,Customer 164,Other,30,Pondicherry,2025-10-06
CUST00165,Customer 165,Female,49,Tirunelveli,2025-12-14
CUST00166,Customer 166,Male,59,Pondicherry,2024-09-06
CUST00167,Customer 167,Male,45,Trichy,2024-01-06
CUST00168,Customer 168,Other,51,Erode,2024-06-29
CUST00169,Customer 169,Other,33,Coimbatore,2024-02-21
CUST00170,Customer 170,Male,47,Hyderabad,2025-04-12
CUST00171,Customer 171,Other,56,Thanjavur,2025-06-27
CUST00172,Customer 172,Female,57,Pondicherry,2026-02-12
CUST00173,Customer 173,Female,53,Erode,2025-05-31
CUST00174,Customer 174,Other,48,Erode,2024-06-11
CUST00175,Customer 175,Male,58,Salem,2024-09-22
CUST00176,Customer 176,Other,49,Hyderabad,2026-02-23
CUST00177,Customer 177,Female,46,Coimbatore,2024-09-01
CUST00178,Customer 178,Female,33,Salem,2025-12-31
CUST00179,Customer 179,Female,52,Coimbatore,2024-12-09
CUST00180,Customer 180,Male,32,Tirunelveli,2024-05-21
CUST00181,Customer 181,Male,63,Trichy,2025-12-11
CUST00182,Customer 182,Female,44,Thanjavur,2024-03-06
CUST00183,Customer 183,Female,44,Chennai,2025-07-09
CUST00184,Customer 184,Female,42,Bengaluru,2024-07-30
CUST00185,Customer 185,Male,54,Tirunelveli,2025-12-13
CUST00186,Customer 186,Male,40,Salem,2025-05-03
CUST00187,Customer 187,Female,44,Vellore,2026-02-10
CUST00188,Customer 188,Other,52,Bengaluru,2026-02-04
CUST00189,Customer 189,Female,32,Salem,2024-08-13
CUST00190,Customer 190,Female,19,Tirunelveli,2025-03-22
CUST00191,Customer 191,Other,61,Tirunelveli,2024-12-10
CUST00192,Customer 192,Male,47,Madurai,2026-01-11
CUST00193,Customer 193,Other,19,Tirunelveli,2025-09-29
CUST00194,Customer 194,Other,60,Chennai,2025-08-29
CUST00195,Customer 195,Other,45,Madurai,2024-03-26
CUST00196,Customer 196,Female,29,Chennai,2026-06-06
CUST00197,Customer 197,Female,38,Trichy,2024-09-23
CUST00198,Customer 198,Female,39,Tirunelveli,2025-04-10
CUST00199,Customer 199,Female,34,Coimbatore,2024-10-11
CUST00200,Customer 200,Male,65,Vellore,2025-04-26
CUST00201,Customer 201,Female,32,Hyderabad,2024-02-23
CUST00202,Customer 202,Other,20,Chennai,2024-03-11
CUST00203,Customer 203,Male,19,Bengaluru,2024-09-10
CUST00204,Customer 204,Male,26,Erode,2024-06-05
CUST00205,Customer 205,Male,54,Trichy,2025-11-16
CUST00206,Customer 206,Other,34,Thanjavur,2025-04-21
CUST00207,Customer 207,Other,56,Pondicherry,2024-06-20
CUST00208,Customer 208,Male,28,Salem,2026-01-05
CUST00209,Customer 209,Other,19,Salem,2024-04-20
CUST00210,Customer 210,Other,42,Tirunelveli,2025-08-12
CUST00211,Customer 211,Male,22,Bengaluru,2026-01-02
CUST00212,Customer 212,Other,33,Coimbatore,2025-12-08
CUST00213,Customer 213,Female,61,Bengaluru,2025-12-14
CUST00214,Customer 214,Male,54,Chennai,2026-04-04
CUST00215,Customer 215,Other,45,Hyderabad,2024-12-21
CUST00216,Customer 216,Male,50,Hyderabad,2025-01-14
CUST00217,Customer 217,Male,44,Erode,2024-12-15
CUST00218,Customer 218,Female,41,Hyderabad,2024-04-18
CUST00219,Customer 219,Female,63,Madurai,2026-04-28
CUST00220,Customer 220,Male,64,Vellore,2025-03-21
CUST00221,Customer 221,Female,57,Vellore,2025-10-28
CUST00222,Customer 222,Female,47,Tirunelveli,2026-03-04
CUST00223,Customer 223,Other,55,Salem,2026-04-25
CUST00224,Customer 224,Male,23,Salem,2024-11-26
CUST00225,Customer 225,Male,47,Bengaluru,2025-04-06
CUST00226,Customer 226,Other,42,Thanjavur,2025-09-16
CUST00227,Customer 227,Female,38,Madurai,2024-01-30
CUST00228,Customer 228,Male,40,Salem,2025-05-14
CUST00229,Customer 229,Female,56,Pondicherry,2024-12-14
CUST00230,Customer 230,Other,18,Vellore,2024-10-09
CUST00231,Customer 231,Male,33,Pondicherry,2024-07-14
CUST00232,Customer 232,Female,53,Trichy,2025-02-20
CUST00233,Customer 233,Female,59,Pondicherry,2025-12-08
CUST00234,Customer 234,Female,19,Coimbatore,2025-05-17
CUST00235,Customer 235,Male,43,Pondicherry,2024-10-28
CUST00236,Customer 236,Female,60,Bengaluru,2024-09-06
CUST00237,Customer 237,Female,53,Vellore,2025-01-12
CUST00238,Customer 238,Female,65,Vellore,2024-12-18
CUST00239,Customer 239,Female,62,Erode,2024-12-04
CUST00240,Customer 240,Female,34,Trichy,2024-10-04
CUST00241,Customer 241,Other,30,Thanjavur,2024-05-03
CUST00242,Customer 242,Other,52,Pondicherry,2024-05-02
CUST00243,Customer 243,Male,31,Pondicherry,2024-07-08
CUST00244,Customer 244,Female,64,Bengaluru,2025-05-10
CUST00245,Customer 245,Other,56,Salem,2026-02-17
CUST00246,Customer 246,Male,36,Trichy,2024-04-12
CUST00247,Customer 247,Male,37,Chennai,2025-01-04
CUST00248,Customer 248,Other,26,Salem,2025-12-26
CUST00249,Customer 249,Male,53,Salem,2024-02-16
CUST00250,Customer 250,Male,58,Erode,2025-12-15
CUST00251,Customer 251,Male,54,Salem,2024-04-15
CUST00252,Customer 252,Female,46,Thanjavur,2025-04-25
CUST00253,Customer 253,Male,34,Erode,2024-07-07
CUST00254,Customer 254,Male,43,Erode,2024-04-26
CUST00255,Customer 255,Other,58,Hyderabad,2024-03-16
CUST00256,Customer 256,Male,27,Bengaluru,2024-02-24
CUST00257,Customer 257,Male,33,Coimbatore,2024-11-07
CUST00258,Customer 258,Female,56,Bengaluru,2025-07-25
CUST00259,Customer 259,Other,32,Vellore,2026-03-20
CUST00260,Customer 260,Female,46,Salem,2025-01-24
CUST00261,Customer 261,Other,45,Salem,2026-05-30
CUST00262,Customer 262,Other,21,Bengaluru,2025-08-05
CUST00263,Customer 263,Male,31,Hyderabad,2026-01-27
CUST00264,Customer 264,Female,60,Coimbatore,2024-08-04
CUST00265,Customer 265,Male,29,Vellore,2024-06-09
CUST00266,Customer 266,Male,18,Tirunelveli,2024-03-17
CUST00267,Customer 267,Other,56,Erode,2025-04-06
CUST00268,Customer 268,Male,32,Salem,2024-10-25
CUST00269,Customer 269,Female,62,Erode,2025-12-24
CUST00270,Customer 270,Other,32,Salem,2024-03-13
CUST00271,Customer 271,Other,55,Hyderabad,2026-03-17
CUST00272,Customer 272,Male,45,Coimbatore,2026-04-03
CUST00273,Customer 273,Male,59,Madurai,2025-07-11
CUST00274,Customer 274,Male,22,Chennai,2024-09-29
CUST00275,Customer 275,Female,56,Pondicherry,2024-06-18
CUST00276,Customer 276,Other,36,Erode,2026-04-24
CUST00277,Customer 277,Female,62,Salem,2024-05-07
CUST00278,Customer 278,Female,35,Vellore,2025-12-17
CUST00279,Customer 279,Female,46,Coimbatore,2025-07-06
CUST00280,Customer 280,Male,45,Pondicherry,2025-09-04
CUST00281,Customer 281,Other,34,Chennai,2024-11-26
CUST00282,Customer 282,Male,61,Bengaluru,2024-04-03
CUST00283,Customer 283,Male,61,Salem,2025-08-24
CUST00284,Customer 284,Male,29,Erode,2025-08-13
CUST00285,Customer 285,Other,46,Salem,2025-06-15
CUST00286,Customer 286,Other,45,Hyderabad,2024-07-04
CUST00287,Customer 287,Female,23,Erode,2026-04-13
CUST00288,Customer 288,Female,39,Thanjavur,2024-12-22
CUST00289,Customer 289,Male,28,Thanjavur,2025-11-17
CUST00290,Customer 290,Other,49,Salem,2025-02-25
CUST00291,Customer 291,Female,53,Chennai,2025-11-09
CUST00292,Customer 292,Male,38,Salem,2025-04-10
CUST00293,Customer 293,Male,43,Vellore,2024-11-27
CUST00294,Customer 294,Male,60,Vellore,2026-04-24
CUST00295,Customer 295,Female,21,Trichy,2025-04-18
CUST00296,Customer 296,Female,57,Erode,2025-06-14
CUST00297,Customer 297,Female,21,Trichy,2025-10-02
CUST00298,Customer 298,Other,26,Salem,2024-09-30
CUST00299,Customer 299,Other,49,Coimbatore,2025-03-24
CUST00300,Customer 300,Other,56,Trichy,2024-01-30
CUST00301,Customer 301,Male,37,Vellore,2025-12-27
CUST00302,Customer 302,Other,44,Coimbatore,2024-01-15
CUST00303,Customer 303,Male,47,Coimbatore,2024-08-18
CUST00304,Customer 304,Male,49,Pondicherry,2025-10-25
CUST00305,Customer 305,Other,63,Salem,2024-10-25
CUST00306,Customer 306,Female,48,Trichy,2025-03-01
CUST00307,Customer 307,Other,27,Tirunelveli,2025-04-12
CUST00308,Customer 308,Other,50,Pondicherry,2024-07-14
CUST00309,Customer 309,Male,22,Salem,2026-06-19
CUST00310,Customer 310,Female,39,Vellore,2026-03-02
CUST00311,Customer 311,Male,36,Pondicherry,2024-09-30
CUST00312,Customer 312,Other,55,Hyderabad,2024-11-01
CUST00313,Customer 313,Male,46,Vellore,2025-05-16
CUST00314,Customer 314,Female,39,Vellore,2025-05-10
CUST00315,Customer 315,Other,42,Erode,2026-02-20
CUST00316,Customer 316,Male,62,Trichy,2024-11-25
CUST00317,Customer 317,Female,32,Tirunelveli,2025-08-08
CUST00318,Customer 318,Female,65,Erode,2024-02-14
CUST00319,Customer 319,Female,42,Hyderabad,2025-12-23
CUST00320,Customer 320,Other,27,Erode,2026-03-22
CUST00321,Customer 321,Male,50,Bengaluru,2024-02-07
CUST00322,Customer 322,Male,46,Coimbatore,2024-12-05
CUST00323,Customer 323,Female,18,Pondicherry,2025-06-22
CUST00324,Customer 324,Female,59,Madurai,2024-05-27
CUST00325,Customer 325,Female,34,Thanjavur,2024-03-17
CUST00326,Customer 326,Other,43,Hyderabad,2025-09-30
CUST00327,Customer 327,Female,61,Vellore,2024-03-23
CUST00328,Customer 328,Female,58,Pondicherry,2025-01-24
CUST00329,Customer 329,Female,52,Chennai,2026-02-16
CUST00330,Customer 330,Male,33,Hyderabad,2025-09-24
CUST00331,Customer 331,Female,32,Pondicherry,2025-12-01
CUST00332,Customer 332,Female,24,Hyderabad,2024-04-02
CUST00333,Customer 333,Male,46,Madurai,2025-12-21
CUST00334,Customer 334,Female,19,Chennai,2025-12-11
CUST00335,Customer 335,Male,36,Thanjavur,2024-11-28
CUST00336,Customer 336,Female,27,Trichy,2025-01-18
CUST00337,Customer 337,Female,54,Hyderabad,2025-06-27
CUST00338,Customer 338,Male,28,Madurai,2026-03-22
CUST00339,Customer 339,Other,42,Bengaluru,2024-03-21
CUST00340,Customer 340,Male,49,Bengaluru,2025-11-30
CUST00341,Customer 341,Male,47,Hyderabad,2024-05-26
CUST00342,Customer 342,Female,34,Hyderabad,2024-09-17
CUST00343,Customer 343,Female,36,Hyderabad,2024-01-10
CUST00344,Customer 344,Male,22,Erode,2025-07-13
CUST00345,Customer 345,Other,37,Hyderabad,2024-12-19
CUST00346,Customer 346,Other,34,Erode,2025-03-10
CUST00347,Customer 347,Female,30,Tirunelveli,2026-05-15
CUST00348,Customer 348,Female,24,Trichy,2026-05-23
CUST00349,Customer 349,Other,40,Bengaluru,2025-01-25
CUST00350,Customer 350,Other,36,Chennai,2024-10-29
CUST00351,Customer 351,Other,43,Salem,2026-04-29
CUST00352,Customer 352,Other,61,Pondicherry,2024-01-09
CUST00353,Customer 353,Other,65,Erode,2024-02-20
CUST00354,Customer 354,Female,32,Bengaluru,2026-05-02
CUST00355,Customer 355,Female,32,Hyderabad,2026-04-01
CUST00356,Customer 356,Other,34,Hyderabad,2024-07-13
CUST00357,Customer 357,Other,60,Hyderabad,2026-02-12
CUST00358,Customer 358,Male,58,Coimbatore,2026-05-08
CUST00359,Customer 359,Other,20,Salem,2025-10-04
CUST00360,Customer 360,Female,20,Bengaluru,2026-03-18
CUST00361,Customer 361,Other,26,Coimbatore,2025-01-08
CUST00362,Customer 362,Female,65,Tirunelveli,2024-10-29
CUST00363,Customer 363,Male,26,Vellore,2024-06-28
CUST00364,Customer 364,Female,51,Vellore,2026-06-16
CUST00365,Customer 365,Male,34,Erode,2024-10-06
CUST00366,Customer 366,Female,65,Thanjavur,2026-04-05
CUST00367,Customer 367,Male,47,Coimbatore,2026-04-03
CUST00368,Customer 368,Male,61,Pondicherry,2024-05-24
CUST00369,Customer 369,Female,53,Thanjavur,2025-11-21
CUST00370,Customer 370,Female,18,Salem,2024-04-02
CUST00371,Customer 371,Male,47,Thanjavur,2025-07-03
CUST00372,Customer 372,Other,61,Salem,2025-11-19
CUST00373,Customer 373,Female,58,Thanjavur,2025-08-21
CUST00374,Customer 374,Other,32,Erode,2024-04-20
CUST00375,Customer 375,Other,53,Thanjavur,2024-01-26
CUST00376,Customer 376,Male,59,Coimbatore,2025-09-16
CUST00377,Customer 377,Female,62,Salem,2025-10-12
CUST00378,Customer 378,Female,25,Madurai,2025-10-26
CUST00379,Customer 379,Male,37,Erode,2024-02-16
CUST00380,Customer 380,Male,33,Vellore,2024-04-28
CUST00381,Customer 381,Female,47,Thanjavur,2024-05-18
CUST00382,Customer 382,Other,62,Vellore,2025-11-17
CUST00383,Customer 383,Other,65,Pondicherry,2025-03-05
CUST00384,Customer 384,Female,59,Coimbatore,2024-06-07
CUST00385,Customer 385,Female,57,Tirunelveli,2026-05-03
CUST00386,Customer 386,Male,62,Thanjavur,2024-10-13
CUST00387,Customer 387,Female,46,Trichy,2024-08-10
CUST00388,Customer 388,Female,24,Hyderabad,2026-05-25
CUST00389,Customer 389,Other,59,Thanjavur,2025-01-11
CUST00390,Customer 390,Female,35,Trichy,2024-03-03
CUST00391,Customer 391,Female,23,Hyderabad,2024-05-05
CUST00392,Customer 392,Other,58,Bengaluru,2024-08-05
CUST00393,Customer 393,Male,39,Trichy,2024-01-22
CUST00394,Customer 394,Other,31,Coimbatore,2024-05-08
CUST00395,Customer 395,Other,31,Bengaluru,2026-04-29
CUST00396,Customer 396,Male,39,Madurai,2024-08-09
CUST00397,Customer 397,Other,18,Salem,2026-03-18
CUST00398,Customer 398,Male,26,Vellore,2026-05-29
CUST00399,Customer 399,Male,25,Hyderabad,2024-09-13
CUST00400,Customer 400,Male,26,Chennai,2026-06-06
CUST00401,Customer 401,Male,55,Thanjavur,2025-01-01
CUST00402,Customer 402,Male,34,Chennai,2024-01-17
CUST00403,Customer 403,Other,44,Vellore,2024-05-09
CUST00404,Customer 404,Other,22,Erode,2024-04-26
CUST00405,Customer 405,Female,50,Bengaluru,2025-04-04
CUST00406,Customer 406,Female,50,Trichy,2024-04-21
CUST00407,Customer 407,Male,64,Hyderabad,2025-09-21
CUST00408,Customer 408,Female,47,Hyderabad,2025-06-17
CUST00409,Customer 409,Male,48,Tirunelveli,2024-02-01
CUST00410,Customer 410,Other,24,Erode,2025-03-12
CUST00411,Customer 411,Female,22,Coimbatore,2025-12-30
CUST00412,Customer 412,Other,27,Coimbatore,2024-11-25
CUST00413,Customer 413,Female,57,Hyderabad,2024-05-09
CUST00414,Customer 414,Other,63,Thanjavur,2025-08-22
CUST00415,Customer 415,Other,51,Salem,2025-01-25
CUST00416,Customer 416,Other,56,Tirunelveli,2025-04-09
CUST00417,Customer 417,Other,25,Hyderabad,2024-04-11
CUST00418,Customer 418,Other,64,Trichy,2025-10-28
CUST00419,Customer 419,Female,32,Tirunelveli,2025-03-16
CUST00420,Customer 420,Female,43,Tirunelveli,2024-12-13
CUST00421,Customer 421,Male,38,Tirunelveli,2026-01-17
CUST00422,Customer 422,Other,34,Thanjavur,2024-11-16
CUST00423,Customer 423,Other,48,Coimbatore,2024-06-05
CUST00424,Customer 424,Male,23,Tirunelveli,2024-04-03
CUST00425,Customer 425,Other,65,Thanjavur,2024-04-08
CUST00426,Customer 426,Male,53,Chennai,2026-04-11
CUST00427,Customer 427,Other,53,Thanjavur,2025-08-23
CUST00428,Customer 428,Male,44,Thanjavur,2025-11-17
CUST00429,Customer 429,Other,45,Pondicherry,2026-06-13
CUST00430,Customer 430,Female,56,Salem,2024-02-22
CUST00431,Customer 431,Male,54,Vellore,2024-12-26
CUST00432,Customer 432,Male,60,Erode,2024-08-05
CUST00433,Customer 433,Male,40,Vellore,2024-08-17
CUST00434,Customer 434,Male,35,Bengaluru,2025-01-11
CUST00435,Customer 435,Female,53,Bengaluru,2024-08-19
CUST00436,Customer 436,Other,59,Vellore,2025-09-20
CUST00437,Customer 437,Other,60,Pondicherry,2024-01-27
CUST00438,Customer 438,Male,29,Salem,2024-09-30
CUST00439,Customer 439,Female,39,Thanjavur,2025-12-20
CUST00440,Customer 440,Male,27,Bengaluru,2024-01-07
CUST00441,Customer 441,Female,22,Madurai,2025-11-04
CUST00442,Customer 442,Other,19,Coimbatore,2026-01-28
CUST00443,Customer 443,Other,31,Tirunelveli,2026-02-03
CUST00444,Customer 444,Female,39,Madurai,2025-03-05
CUST00445,Customer 445,Female,64,Thanjavur,2025-01-13
CUST00446,Customer 446,Other,56,Coimbatore,2026-03-06
CUST00447,Customer 447,Male,28,Bengaluru,2024-02-23
CUST00448,Customer 448,Other,23,Salem,2024-02-20
CUST00449,Customer 449,Other,45,Erode,2025-03-29
CUST00450,Customer 450,Female,44,Salem,2025-09-13
CUST00451,Customer 451,Other,25,Thanjavur,2024-08-08
CUST00452,Customer 452,Male,36,Hyderabad,2025-03-16
CUST00453,Customer 453,Other,49,Vellore,2025-11-25
CUST00454,Customer 454,Female,20,Trichy,2025-11-14
CUST00455,Customer 455,Other,21,Chennai,2025-02-08
CUST00456,Customer 456,Female,31,Madurai,2024-07-28
CUST00457,Customer 457,Female,36,Thanjavur,2026-02-21
CUST00458,Customer 458,Male,49,Pondicherry,2024-05-02
CUST00459,Customer 459,Male,26,Tirunelveli,2025-03-16
CUST00460,Customer 460,Other,32,Vellore,2025-06-29
CUST00461,Customer 461,Other,40,Coimbatore,2025-07-26
CUST00462,Customer 462,Other,20,Tirunelveli,2025-02-10
CUST00463,Customer 463,Female,22,Thanjavur,2024-01-20
CUST00464,Customer 464,Female,54,Tirunelveli,2025-08-12
CUST00465,Customer 465,Other,44,Salem,2025-12-27
CUST00466,Customer 466,Female,19,Thanjavur,2024-04-27
CUST00467,Customer 467,Other,47,Pondicherry,2024-06-24
CUST00468,Customer 468,Male,45,Coimbatore,2025-01-05
CUST00469,Customer 469,Female,55,Tirunelveli,2024-09-06
CUST00470,Customer 470,Male,43,Salem,2025-06-20
CUST00471,Customer 471,Female,32,Thanjavur,2026-02-02
CUST00472,Customer 472,Male,22,Vellore,2026-03-08
CUST00473,Customer 473,Male,51,Vellore,2025-10-10
CUST00474,Customer 474,Female,40,Pondicherry,2024-07-17
CUST00475,Customer 475,Other,27,Trichy,2026-04-18
CUST00476,Customer 476,Male,34,Trichy,2024-04-15
CUST00477,Customer 477,Other,27,Hyderabad,2024-06-26
CUST00478,Customer 478,Male,58,Erode,2024-03-18
CUST00479,Customer 479,Other,55,Erode,2025-04-20
CUST00480,Customer 480,Other,59,Hyderabad,2025-11-28
CUST00481,Customer 481,Female,58,Thanjavur,2025-10-01
CUST00482,Customer 482,Female,22,Erode,2024-06-03
CUST00483,Customer 483,Other,37,Salem,2025-03-28
CUST00484,Customer 484,Male,40,Vellore,2025-08-28
CUST00485,Customer 485,Female,47,Erode,2024-03-16
CUST00486,Customer 486,Male,41,Salem,2024-02-08
CUST00487,Customer 487,Other,23,Bengaluru,2024-03-19
CUST00488,Customer 488,Other,42,Erode,2025-08-31
CUST00489,Customer 489,Other,65,Chennai,2025-08-17
CUST00490,Customer 490,Other,59,Trichy,2025-04-05
CUST00491,Customer 491,Other,48,Vellore,2024-11-25
CUST00492,Customer 492,Male,46,Coimbatore,2024-06-03
CUST00493,Customer 493,Female,63,Coimbatore,2026-04-10
CUST00494,Customer 494,Other,29,Chennai,2025-05-31
CUST00495,Customer 495,Other,46,Erode,2024-09-10
CUST00496,Customer 496,Other,57,Madurai,2025-06-20
CUST00497,Customer 497,Female,36,Tirunelveli,2025-01-07
CUST00498,Customer 498,Female,61,Bengaluru,2025-02-22
CUST00499,Customer 499,Other,59,Thanjavur,2024-02-23
CUST00500,Customer 500,Female,24,Vellore,2024-03-08
CUST00501,Customer 501,Female,36,Salem,2025-11-25
CUST00502,Customer 502,Other,56,Madurai,2026-01-11
CUST00503,Customer 503,Male,55,Hyderabad,2024-12-07
CUST00504,Customer 504,Female,37,Hyderabad,2024-05-24
CUST00505,Customer 505,Other,43,Madurai,2025-12-16
CUST00506,Customer 506,Other,23,Salem,2025-09-01
CUST00507,Customer 507,Female,59,Thanjavur,2025-07-26
CUST00508,Customer 508,Male,60,Pondicherry,2026-04-12
CUST00509,Customer 509,Other,61,Vellore,2026-04-28
CUST00510,Customer 510,Other,60,Tirunelveli,2024-04-05
CUST00511,Customer 511,Female,19,Thanjavur,2025-06-04
CUST00512,Customer 512,Male,31,Thanjavur,2024-11-12
CUST00513,Customer 513,Female,30,Trichy,2026-02-23
CUST00514,Customer 514,Male,22,Salem,2024-05-20
CUST00515,Customer 515,Male,50,Vellore,2026-05-14
CUST00516,Customer 516,Other,51,Chennai,2026-05-05
CUST00517,Customer 517,Female,57,Madurai,2025-11-08
CUST00518,Customer 518,Female,27,Madurai,2025-09-03
CUST00519,Customer 519,Other,57,Madurai,2024-07-04
CUST00520,Customer 520,Female,20,Tirunelveli,2026-01-08
CUST00521,Customer 521,Other,64,Trichy,2025-01-08
CUST00522,Customer 522,Other,36,Pondicherry,2025-03-30
CUST00523,Customer 523,Female,32,Vellore,2026-03-13
CUST00524,Customer 524,Female,48,Trichy,2024-09-01
CUST00525,Customer 525,Other,54,Erode,2025-01-11
CUST00526,Customer 526,Female,42,Vellore,2025-04-17
CUST00527,Customer 527,Female,28,Trichy,2025-06-24
CUST00528,Customer 528,Other,26,Salem,2026-03-31
CUST00529,Customer 529,Other,48,Thanjavur,2024-02-23
CUST00530,Customer 530,Male,63,Vellore,2025-07-21
CUST00531,Customer 531,Male,36,Coimbatore,2026-05-21
CUST00532,Customer 532,Male,35,Erode,2026-02-20
CUST00533,Customer 533,Male,45,Coimbatore,2025-06-09
CUST00534,Customer 534,Female,40,Chennai,2024-08-15
CUST00535,Customer 535,Male,43,Vellore,2025-02-28
CUST00536,Customer 536,Male,42,Coimbatore,2025-01-17
CUST00537,Customer 537,Male,19,Thanjavur,2025-01-18
CUST00538,Customer 538,Other,59,Thanjavur,2024-04-11
CUST00539,Customer 539,Male,26,Chennai,2026-03-21
CUST00540,Customer 540,Female,62,Madurai,2024-10-20
CUST00541,Customer 541,Other,48,Erode,2026-02-16
CUST00542,Customer 542,Male,23,Chennai,2025-09-22
CUST00543,Customer 543,Male,27,Vellore,2024-09-19
CUST00544,Customer 544,Other,51,Tirunelveli,2026-01-14
CUST00545,Customer 545,Female,33,Salem,2024-04-23
CUST00546,Customer 546,Male,33,Tirunelveli,2024-05-04
CUST00547,Customer 547,Other,47,Coimbatore,2025-10-16
CUST00548,Customer 548,Female,56,Vellore,2024-04-23
CUST00549,Customer 549,Other,50,Bengaluru,2024-01-17
CUST00550,Customer 550,Other,27,Salem,2024-09-04
CUST00551,Customer 551,Male,57,Thanjavur,2025-03-15
CUST00552,Customer 552,Other,44,Madurai,2024-09-03
CUST00553,Customer 553,Other,23,Vellore,2025-11-11
CUST00554,Customer 554,Male,51,Vellore,2025-01-04
CUST00555,Customer 555,Other,53,Chennai,2025-06-03
CUST00556,Customer 556,Female,20,Hyderabad,2025-02-03
CUST00557,Customer 557,Female,34,Pondicherry,2025-01-31
CUST00558,Customer 558,Female,22,Thanjavur,2024-01-17
CUST00559,Customer 559,Other,60,Hyderabad,2024-09-03
CUST00560,Customer 560,Other,65,Thanjavur,2024-04-16
CUST00561,Customer 561,Male,40,Vellore,2024-05-16
CUST00562,Customer 562,Other,29,Hyderabad,2024-12-12
CUST00563,Customer 563,Other,48,Hyderabad,2025-04-20
CUST00564,Customer 564,Male,22,Pondicherry,2024-07-05
CUST00565,Customer 565,Female,20,Salem,2026-03-05
CUST00566,Customer 566,Male,30,Chennai,2024-07-25
CUST00567,Customer 567,Female,50,Tirunelveli,2024-11-19
CUST00568,Customer 568,Other,48,Salem,2026-04-14
CUST00569,Customer 569,Other,30,Salem,2024-02-07
CUST00570,Customer 570,Male,59,Thanjavur,2024-12-31
CUST00571,Customer 571,Male,41,Tirunelveli,2024-10-06
CUST00572,Customer 572,Other,46,Tirunelveli,2025-02-13
CUST00573,Customer 573,Male,49,Pondicherry,2024-12-13
CUST00574,Customer 574,Female,51,Salem,2025-05-24
CUST00575,Customer 575,Male,64,Tirunelveli,2026-03-31
CUST00576,Customer 576,Female,56,Madurai,2024-03-21
CUST00577,Customer 577,Female,38,Coimbatore,2025-07-12
CUST00578,Customer 578,Female,60,Salem,2024-03-22
CUST00579,Customer 579,Female,56,Pondicherry,2024-11-09
CUST00580,Customer 580,Male,62,Erode,2025-03-12
CUST00581,Customer 581,Female,20,Pondicherry,2024-12-25
CUST00582,Customer 582,Female,57,Tirunelveli,2026-06-09
CUST00583,Customer 583,Other,21,Coimbatore,2024-10-08
CUST00584,Customer 584,Other,43,Thanjavur,2025-11-18
CUST00585,Customer 585,Other,61,Madurai,2025-06-09
CUST00586,Customer 586,Male,56,Hyderabad,2024-02-01
CUST00587,Customer 587,Female,20,Madurai,2026-03-11
CUST00588,Customer 588,Male,59,Thanjavur,2024-03-09
CUST00589,Customer 589,Female,54,Chennai,2025-01-05
CUST00590,Customer 590,Male,61,Erode,2025-09-11
CUST00591,Customer 591,Female,46,Coimbatore,2025-01-14
CUST00592,Customer 592,Male,51,Thanjavur,2025-08-10
CUST00593,Customer 593,Female,59,Salem,2025-02-11
CUST00594,Customer 594,Male,19,Pondicherry,2024-09-12
CUST00595,Customer 595,Female,51,Tirunelveli,2024-07-09
CUST00596,Customer 596,Male,34,Salem,2025-07-29
CUST00597,Customer 597,Female,31,Bengaluru,2025-12-21
CUST00598,Customer 598,Other,49,Trichy,2024-10-19
CUST00599,Customer 599,Male,22,Erode,2024-05-05
CUST00600,Customer 600,Other,46,Coimbatore,2024-06-25
CUST00601,Customer 601,Other,38,Hyderabad,2026-04-09
CUST00602,Customer 602,Other,22,Vellore,2024-12-21
CUST00603,Customer 603,Female,37,Madurai,2025-07-09
CUST00604,Customer 604,Other,62,Hyderabad,2025-12-29
CUST00605,Customer 605,Female,50,Trichy,2024-06-27
CUST00606,Customer 606,Male,26,Trichy,2024-05-04
CUST00607,Customer 607,Female,19,Thanjavur,2026-03-20
CUST00608,Customer 608,Other,41,Erode,2025-07-21
CUST00609,Customer 609,Other,26,Bengaluru,2026-04-02
CUST00610,Customer 610,Male,37,Tirunelveli,2024-03-29
CUST00611,Customer 611,Other,48,Vellore,2026-01-04
CUST00612,Customer 612,Female,54,Coimbatore,2025-02-24
CUST00613,Customer 613,Female,59,Coimbatore,2024-05-08
CUST00614,Customer 614,Female,61,Vellore,2025-04-05
CUST00615,Customer 615,Male,53,Hyderabad,2024-12-18
CUST00616,Customer 616,Male,26,Tirunelveli,2025-08-24
CUST00617,Customer 617,Male,25,Vellore,2025-05-29
CUST00618,Customer 618,Female,28,Madurai,2024-06-05
CUST00619,Customer 619,Other,32,Thanjavur,2024-11-26
CUST00620,Customer 620,Female,23,Salem,2025-06-15
CUST00621,Customer 621,Other,53,Salem,2024-07-20
CUST00622,Customer 622,Other,37,Bengaluru,2024-05-08
CUST00623,Customer 623,Male,50,Hyderabad,2025-06-30
CUST00624,Customer 624,Other,55,Madurai,2024-06-21
CUST00625,Customer 625,Other,57,Pondicherry,2024-06-24
CUST00626,Customer 626,Female,54,Chennai,2025-09-11
CUST00627,Customer 627,Male,23,Chennai,2026-04-25
CUST00628,Customer 628,Other,34,Hyderabad,2025-10-18
CUST00629,Customer 629,Other,44,Bengaluru,2024-08-03
CUST00630,Customer 630,Male,49,Hyderabad,2025-10-16
CUST00631,Customer 631,Female,59,Salem,2025-07-12
CUST00632,Customer 632,Male,61,Tirunelveli,2025-05-09
CUST00633,Customer 633,Female,22,Pondicherry,2024-10-31
CUST00634,Customer 634,Male,46,Tirunelveli,2024-03-02
CUST00635,Customer 635,Female,31,Thanjavur,2025-05-10
CUST00636,Customer 636,Male,38,Pondicherry,2025-09-13
CUST00637,Customer 637,Other,40,Tirunelveli,2024-11-22
CUST00638,Customer 638,Female,50,Vellore,2024-05-13
CUST00639,Customer 639,Female,33,Erode,2024-04-18
CUST00640,Customer 640,Female,46,Trichy,2024-05-05
CUST00641,Customer 641,Male,21,Salem,2024-05-24
CUST00642,Customer 642,Other,44,Trichy,2025-01-28
CUST00643,Customer 643,Male,38,Bengaluru,2026-06-05
CUST00644,Customer 644,Female,30,Madurai,2026-01-08
CUST00645,Customer 645,Other,47,Erode,2025-05-25
CUST00646,Customer 646,Female,49,Chennai,2026-06-19
CUST00647,Customer 647,Female,50,Erode,2024-04-02
CUST00648,Customer 648,Male,55,Thanjavur,2024-09-03
CUST00649,Customer 649,Male,36,Erode,2024-02-19
CUST00650,Customer 650,Other,61,Erode,2025-09-03
CUST00651,Customer 651,Other,18,Coimbatore,2024-10-19
CUST00652,Customer 652,Male,34,Pondicherry,2025-03-17
CUST00653,Customer 653,Female,41,Chennai,2025-01-09
CUST00654,Customer 654,Male,54,Vellore,2025-02-14
CUST00655,Customer 655,Female,53,Salem,2024-07-18
CUST00656,Customer 656,Female,50,Erode,2024-03-16
CUST00657,Customer 657,Other,35,Bengaluru,2026-02-21
CUST00658,Customer 658,Other,25,Madurai,2025-11-27
CUST00659,Customer 659,Female,41,Thanjavur,2024-04-09
CUST00660,Customer 660,Female,27,Trichy,2025-07-25
CUST00661,Customer 661,Other,43,Vellore,2025-09-08
CUST00662,Customer 662,Male,20,Madurai,2024-02-11
CUST00663,Customer 663,Female,48,Vellore,2025-12-31
CUST00664,Customer 664,Male,56,Vellore,2025-04-12
CUST00665,Customer 665,Female,57,Thanjavur,2024-05-23
CUST00666,Customer 666,Female,57,Pondicherry,2024-06-15
CUST00667,Customer 667,Female,55,Thanjavur,2026-05-12
CUST00668,Customer 668,Other,52,Erode,2025-06-03
CUST00669,Customer 669,Other,37,Erode,2025-12-26
CUST00670,Customer 670,Male,41,Thanjavur,2026-04-15
CUST00671,Customer 671,Male,44,Bengaluru,2025-11-20
CUST00672,Customer 672,Other,62,Hyderabad,2024-11-11
CUST00673,Customer 673,Other,48,Salem,2024-01-28
CUST00674,Customer 674,Other,54,Trichy,2025-11-02
CUST00675,Customer 675,Male,55,Erode,2026-01-08
CUST00676,Customer 676,Other,58,Pondicherry,2024-06-23
CUST00677,Customer 677,Female,27,Hyderabad,2025-09-26
CUST00678,Customer 678,Male,54,Pondicherry,2024-09-05
CUST00679,Customer 679,Male,19,Erode,2024-04-22
CUST00680,Customer 680,Female,27,Tirunelveli,2024-11-17
CUST00681,Customer 681,Male,44,Vellore,2025-12-08
CUST00682,Customer 682,Other,48,Pondicherry,2026-03-04
CUST00683,Customer 683,Male,63,Madurai,2026-01-14
CUST00684,Customer 684,Male,53,Thanjavur,2025-06-15
CUST00685,Customer 685,Female,51,Tirunelveli,2025-11-09
CUST00686,Customer 686,Male,47,Vellore,2024-11-17
CUST00687,Customer 687,Other,40,Hyderabad,2024-12-16
CUST00688,Customer 688,Other,61,Hyderabad,2026-03-01
CUST00689,Customer 689,Other,34,Bengaluru,2026-04-02
CUST00690,Customer 690,Male,33,Salem,2025-05-10
CUST00691,Customer 691,Female,32,Salem,2025-07-25
CUST00692,Customer 692,Female,63,Trichy,2026-02-28
CUST00693,Customer 693,Other,49,Thanjavur,2025-12-07
CUST00694,Customer 694,Female,53,Pondicherry,2025-05-06
CUST00695,Customer 695,Female,25,Bengaluru,2024-10-07
CUST00696,Customer 696,Other,42,Tirunelveli,2025-11-23
CUST00697,Customer 697,Female,27,Salem,2026-04-18
CUST00698,Customer 698,Female,63,Coimbatore,2024-02-13
CUST00699,Customer 699,Female,59,Salem,2024-12-20
CUST00700,Customer 700,Female,31,Trichy,2026-02-04
CUST00701,Customer 701,Other,35,Vellore,2026-04-27
CUST00702,Customer 702,Female,26,Coimbatore,2025-12-13
CUST00703,Customer 703,Other,55,Trichy,2025-09-22
CUST00704,Customer 704,Male,60,Vellore,2024-09-05
CUST00705,Customer 705,Other,32,Chennai,2024-08-19
CUST00706,Customer 706,Female,39,Pondicherry,2024-04-12
CUST00707,Customer 707,Male,61,Madurai,2025-04-28
CUST00708,Customer 708,Other,28,Tirunelveli,2024-01-06
CUST00709,Customer 709,Female,48,Hyderabad,2025-10-30
CUST00710,Customer 710,Female,38,Salem,2024-07-23
CUST00711,Customer 711,Male,23,Hyderabad,2025-10-23
CUST00712,Customer 712,Male,52,Pondicherry,2025-08-10
CUST00713,Customer 713,Male,29,Tirunelveli,2026-01-10
CUST00714,Customer 714,Male,20,Tirunelveli,2026-05-07
CUST00715,Customer 715,Female,29,Pondicherry,2026-03-17
CUST00716,Customer 716,Female,20,Chennai,2026-06-12
CUST00717,Customer 717,Other,56,Coimbatore,2024-11-01
CUST00718,Customer 718,Female,47,Hyderabad,2024-12-09
CUST00719,Customer 719,Other,49,Madurai,2025-07-10
CUST00720,Customer 720,Other,47,Salem,2026-05-21
CUST00721,Customer 721,Male,39,Madurai,2024-07-16
CUST00722,Customer 722,Female,59,Salem,2026-01-18
CUST00723,Customer 723,Male,18,Pondicherry,2026-01-05
CUST00724,Customer 724,Female,54,Hyderabad,2024-12-11
CUST00725,Customer 725,Male,29,Bengaluru,2026-02-14
CUST00726,Customer 726,Other,43,Tirunelveli,2026-05-26
CUST00727,Customer 727,Female,23,Tirunelveli,2025-06-11
CUST00728,Customer 728,Male,29,Madurai,2025-11-16
CUST00729,Customer 729,Female,33,Chennai,2025-05-03
CUST00730,Customer 730,Female,33,Erode,2024-09-24
CUST00731,Customer 731,Female,39,Salem,2026-02-10
CUST00732,Customer 732,Other,54,Chennai,2025-08-19
CUST00733,Customer 733,Other,41,Pondicherry,2024-09-24
CUST00734,Customer 734,Male,60,Coimbatore,2024-08-29
CUST00735,Customer 735,Female,28,Tirunelveli,2025-04-21
CUST00736,Customer 736,Other,63,Salem,2025-12-03
CUST00737,Customer 737,Male,58,Salem,2025-12-07
CUST00738,Customer 738,Other,32,Trichy,2025-01-11
CUST00739,Customer 739,Female,27,Erode,2024-05-16
CUST00740,Customer 740,Other,41,Tirunelveli,2026-02-04
CUST00741,Customer 741,Other,48,Vellore,2025-12-19
CUST00742,Customer 742,Other,31,Trichy,2026-04-01
CUST00743,Customer 743,Other,23,Vellore,2025-11-27
CUST00744,Customer 744,Other,63,Thanjavur,2025-04-02
CUST00745,Customer 745,Other,25,Chennai,2024-03-20
CUST00746,Customer 746,Other,50,Trichy,2026-04-28
CUST00747,Customer 747,Other,27,Madurai,2025-08-09
CUST00748,Customer 748,Other,46,Coimbatore,2024-12-01
CUST00749,Customer 749,Male,63,Bengaluru,2025-11-27
CUST00750,Customer 750,Male,50,Erode,2025-05-15
CUST00751,Customer 751,Male,47,Madurai,2026-04-08
CUST00752,Customer 752,Female,47,Bengaluru,2025-06-09
CUST00753,Customer 753,Other,47,Hyderabad,2024-02-29
CUST00754,Customer 754,Female,64,Chennai,2026-04-06
CUST00755,Customer 755,Female,18,Pondicherry,2025-02-09
CUST00756,Customer 756,Other,22,Chennai,2024-08-11
CUST00757,Customer 757,Female,62,Coimbatore,2025-03-09
CUST00758,Customer 758,Male,22,Erode,2025-07-08
CUST00759,Customer 759,Female,44,Madurai,2024-02-02
CUST00760,Customer 760,Male,59,Pondicherry,2026-02-26
CUST00761,Customer 761,Female,41,Tirunelveli,2025-10-23
CUST00762,Customer 762,Female,42,Coimbatore,2025-04-04
CUST00763,Customer 763,Other,52,Madurai,2025-11-30
CUST00764,Customer 764,Female,25,Madurai,2025-10-31
CUST00765,Customer 765,Female,51,Madurai,2025-07-04
CUST00766,Customer 766,Male,18,Chennai,2026-01-15
CUST00767,Customer 767,Female,61,Pondicherry,2024-11-01
CUST00768,Customer 768,Female,52,Tirunelveli,2025-07-11
CUST00769,Customer 769,Male,33,Erode,2026-04-23
CUST00770,Customer 770,Male,35,Trichy,2024-12-20
CUST00771,Customer 771,Other,25,Chennai,2026-06-15
CUST00772,Customer 772,Other,44,Bengaluru,2026-04-08
CUST00773,Customer 773,Male,33,Trichy,2026-02-23
CUST00774,Customer 774,Male,56,Chennai,2024-03-09
CUST00775,Customer 775,Other,61,Pondicherry,2025-04-02
CUST00776,Customer 776,Male,33,Pondicherry,2026-06-12
CUST00777,Customer 777,Female,46,Trichy,2024-02-15
CUST00778,Customer 778,Male,21,Madurai,2025-07-06
CUST00779,Customer 779,Female,32,Pondicherry,2025-05-30
CUST00780,Customer 780,Female,54,Bengaluru,2025-08-12
CUST00781,Customer 781,Other,38,Trichy,2026-03-02
CUST00782,Customer 782,Male,60,Vellore,2024-11-05
CUST00783,Customer 783,Female,37,Salem,2024-08-14
CUST00784,Customer 784,Other,55,Pondicherry,2024-03-03
CUST00785,Customer 785,Other,61,Tirunelveli,2024-06-28
CUST00786,Customer 786,Female,21,Thanjavur,2025-07-23
CUST00787,Customer 787,Other,42,Vellore,2025-10-20
CUST00788,Customer 788,Other,44,Tirunelveli,2024-11-22
CUST00789,Customer 789,Female,42,Madurai,2024-06-01
CUST00790,Customer 790,Other,48,Trichy,2026-02-11
CUST00791,Customer 791,Male,37,Pondicherry,2026-05-19
CUST00792,Customer 792,Female,21,Vellore,2024-05-27
CUST00793,Customer 793,Female,53,Vellore,2025-02-26
CUST00794,Customer 794,Female,33,Salem,2024-05-17
CUST00795,Customer 795,Female,59,Coimbatore,2024-07-27
CUST00796,Customer 796,Female,23,Vellore,2025-04-05
CUST00797,Customer 797,Male,21,Salem,2026-01-11
CUST00798,Customer 798,Other,56,Bengaluru,2025-01-21
CUST00799,Customer 799,Male,30,Bengaluru,2024-02-10
CUST00800,Customer 800,Other,53,Trichy,2026-01-11
CUST00801,Customer 801,Male,39,Salem,2025-05-05
CUST00802,Customer 802,Male,30,Pondicherry,2024-01-16
CUST00803,Customer 803,Other,48,Trichy,2024-04-30
CUST00804,Customer 804,Other,63,Trichy,2025-12-13
CUST00805,Customer 805,Male,53,Thanjavur,2025-02-10
CUST00806,Customer 806,Female,42,Erode,2026-03-05
CUST00807,Customer 807,Other,40,Salem,2025-06-30
CUST00808,Customer 808,Female,50,Erode,2024-09-24
CUST00809,Customer 809,Male,64,Erode,2025-04-22
CUST00810,Customer 810,Female,31,Thanjavur,2026-02-18
CUST00811,Customer 811,Female,20,Bengaluru,2024-11-16
CUST00812,Customer 812,Male,65,Madurai,2026-06-03
CUST00813,Customer 813,Female,53,Bengaluru,2024-01-17
CUST00814,Customer 814,Other,44,Salem,2025-08-16
CUST00815,Customer 815,Male,39,Trichy,2024-06-05
CUST00816,Customer 816,Other,33,Erode,2025-01-23
CUST00817,Customer 817,Other,61,Thanjavur,2025-07-17
CUST00818,Customer 818,Female,64,Hyderabad,2024-09-20
CUST00819,Customer 819,Female,47,Madurai,2026-01-27
CUST00820,Customer 820,Female,28,Madurai,2026-01-20
CUST00821,Customer 821,Other,49,Madurai,2026-01-07
CUST00822,Customer 822,Other,21,Vellore,2025-07-09
CUST00823,Customer 823,Male,60,Chennai,2024-02-04
CUST00824,Customer 824,Male,44,Madurai,2026-02-21
CUST00825,Customer 825,Other,32,Coimbatore,2026-05-12
CUST00826,Customer 826,Male,18,Trichy,2025-12-25
CUST00827,Customer 827,Female,41,Chennai,2025-06-01
CUST00828,Customer 828,Other,60,Bengaluru,2025-09-24
CUST00829,Customer 829,Other,49,Chennai,2025-05-09
CUST00830,Customer 830,Other,53,Tirunelveli,2024-01-07
CUST00831,Customer 831,Male,51,Pondicherry,2024-01-13
CUST00832,Customer 832,Other,36,Chennai,2024-10-08
CUST00833,Customer 833,Other,61,Tirunelveli,2025-05-29
CUST00834,Customer 834,Male,24,Coimbatore,2026-04-05
CUST00835,Customer 835,Male,33,Trichy,2025-06-20
CUST00836,Customer 836,Other,34,Thanjavur,2025-09-26
CUST00837,Customer 837,Female,23,Thanjavur,2024-09-30
CUST00838,Customer 838,Female,54,Trichy,2025-02-19
CUST00839,Customer 839,Male,37,Hyderabad,2025-12-14
CUST00840,Customer 840,Male,59,Hyderabad,2026-04-27
CUST00841,Customer 841,Male,23,Tirunelveli,2026-02-16
CUST00842,Customer 842,Female,53,Erode,2025-01-23
CUST00843,Customer 843,Other,18,Pondicherry,2024-02-27
CUST00844,Customer 844,Male,49,Tirunelveli,2024-06-24
CUST00845,Customer 845,Female,54,Coimbatore,2025-10-22
CUST00846,Customer 846,Male,32,Trichy,2025-06-24
CUST00847,Customer 847,Other,54,Erode,2026-06-07
CUST00848,Customer 848,Male,22,Hyderabad,2024-10-04
CUST00849,Customer 849,Other,54,Hyderabad,2024-10-14
CUST00850,Customer 850,Male,38,Chennai,2024-02-03
CUST00851,Customer 851,Other,27,Pondicherry,2024-07-31
CUST00852,Customer 852,Female,22,Salem,2026-04-20
CUST00853,Customer 853,Other,33,Bengaluru,2024-06-15
CUST00854,Customer 854,Female,61,Vellore,2026-05-04
CUST00855,Customer 855,Female,65,Madurai,2024-12-05
CUST00856,Customer 856,Other,64,Coimbatore,2026-03-20
CUST00857,Customer 857,Other,40,Chennai,2025-05-27
CUST00858,Customer 858,Female,32,Coimbatore,2024-04-10
CUST00859,Customer 859,Other,57,Bengaluru,2024-12-14
CUST00860,Customer 860,Female,19,Hyderabad,2025-02-10
CUST00861,Customer 861,Female,49,Trichy,2024-10-06
CUST00862,Customer 862,Other,42,Tirunelveli,2024-12-30
CUST00863,Customer 863,Other,55,Hyderabad,2024-07-09
CUST00864,Customer 864,Male,57,Salem,2025-01-24
CUST00865,Customer 865,Male,63,Coimbatore,2026-03-28
CUST00866,Customer 866,Female,27,Tirunelveli,2024-03-25
CUST00867,Customer 867,Other,27,Pondicherry,2025-12-29
CUST00868,Customer 868,Female,41,Coimbatore,2025-02-02
CUST00869,Customer 869,Male,37,Erode,2024-04-03
CUST00870,Customer 870,Female,24,Madurai,2025-01-03
CUST00871,Customer 871,Male,45,Erode,2024-03-30
CUST00872,Customer 872,Other,50,Tirunelveli,2025-07-24
CUST00873,Customer 873,Male,23,Thanjavur,2024-04-15
CUST00874,Customer 874,Male,56,Bengaluru,2025-07-21
CUST00875,Customer 875,Female,42,Chennai,2026-03-14
CUST00876,Customer 876,Female,42,Coimbatore,2024-10-25
CUST00877,Customer 877,Other,33,Bengaluru,2026-01-12
CUST00878,Customer 878,Male,61,Tirunelveli,2025-06-17
CUST00879,Customer 879,Male,35,Salem,2024-06-22
CUST00880,Customer 880,Female,27,Coimbatore,2024-10-01
CUST00881,Customer 881,Female,35,Tirunelveli,2024-06-20
CUST00882,Customer 882,Female,22,Thanjavur,2024-11-02
CUST00883,Customer 883,Male,64,Hyderabad,2024-09-14
CUST00884,Customer 884,Other,57,Trichy,2025-05-22
CUST00885,Customer 885,Male,26,Salem,2025-04-13
CUST00886,Customer 886,Female,39,Bengaluru,2024-01-07
CUST00887,Customer 887,Female,46,Thanjavur,2025-01-24
CUST00888,Customer 888,Other,56,Madurai,2025-03-16
CUST00889,Customer 889,Female,56,Pondicherry,2024-11-03
CUST00890,Customer 890,Female,38,Madurai,2024-07-24
CUST00891,Customer 891,Female,36,Pondicherry,2025-02-11
CUST00892,Customer 892,Other,49,Bengaluru,2025-12-12
CUST00893,Customer 893,Male,38,Tirunelveli,2026-03-11
CUST00894,Customer 894,Female,41,Coimbatore,2024-10-14
CUST00895,Customer 895,Male,55,Vellore,2025-07-31
CUST00896,Customer 896,Other,53,Chennai,2024-07-03
CUST00897,Customer 897,Female,63,Trichy,2026-01-14
CUST00898,Customer 898,Female,62,Coimbatore,2025-03-24
CUST00899,Customer 899,Female,61,Erode,2026-04-18
CUST00900,Customer 900,Other,37,Trichy,2024-05-22
CUST00901,Customer 901,Other,27,Pondicherry,2024-09-15
CUST00902,Customer 902,Female,22,Erode,2025-03-09
CUST00903,Customer 903,Female,55,Tirunelveli,2025-09-04
CUST00904,Customer 904,Other,62,Tirunelveli,2025-07-01
CUST00905,Customer 905,Male,41,Pondicherry,2025-07-10
CUST00906,Customer 906,Other,56,Hyderabad,2026-04-11
CUST00907,Customer 907,Male,33,Hyderabad,2024-03-28
CUST00908,Customer 908,Female,28,Hyderabad,2025-11-11
CUST00909,Customer 909,Male,54,Hyderabad,2025-09-19
CUST00910,Customer 910,Other,43,Thanjavur,2025-11-24
CUST00911,Customer 911,Female,24,Chennai,2026-03-26
CUST00912,Customer 912,Female,32,Vellore,2024-04-10
CUST00913,Customer 913,Other,53,Bengaluru,2026-02-03
CUST00914,Customer 914,Other,32,Erode,2025-12-05
CUST00915,Customer 915,Female,47,Hyderabad,2025-01-18
CUST00916,Customer 916,Other,50,Madurai,2025-08-25
CUST00917,Customer 917,Male,48,Coimbatore,2024-12-19
CUST00918,Customer 918,Female,23,Coimbatore,2024-10-29
CUST00919,Customer 919,Other,27,Thanjavur,2026-05-01
CUST00920,Customer 920,Female,47,Trichy,2024-11-15
CUST00921,Customer 921,Female,40,Erode,2025-06-17
CUST00922,Customer 922,Female,64,Pondicherry,2024-04-09
CUST00923,Customer 923,Female,22,Salem,2025-04-08
CUST00924,Customer 924,Other,25,Chennai,2024-02-15
CUST00925,Customer 925,Female,59,Coimbatore,2026-05-19
CUST00926,Customer 926,Male,65,Trichy,2025-11-24
CUST00927,Customer 927,Male,53,Madurai,2025-06-12
CUST00928,Customer 928,Other,45,Erode,2024-12-04
CUST00929,Customer 929,Female,58,Madurai,2024-08-25
CUST00930,Customer 930,Other,60,Tirunelveli,2024-07-09
CUST00931,Customer 931,Male,65,Bengaluru,2025-02-09
CUST00932,Customer 932,Female,55,Tirunelveli,2024-07-21
CUST00933,Customer 933,Male,63,Trichy,2025-02-02
CUST00934,Customer 934,Female,63,Coimbatore,2024-07-29
CUST00935,Customer 935,Male,52,Madurai,2025-08-14
CUST00936,Customer 936,Female,30,Erode,2025-01-09
CUST00937,Customer 937,Female,60,Erode,2024-04-26
CUST00938,Customer 938,Other,38,Bengaluru,2025-06-24
CUST00939,Customer 939,Other,43,Bengaluru,2025-02-01
CUST00940,Customer 940,Female,40,Erode,2024-04-26
CUST00941,Customer 941,Male,61,Pondicherry,2025-09-24
CUST00942,Customer 942,Female,57,Bengaluru,2026-03-30
CUST00943,Customer 943,Other,26,Thanjavur,2024-03-27
CUST00944,Customer 944,Male,37,Coimbatore,2024-04-30
CUST00945,Customer 945,Female,62,Madurai,2024-07-06
CUST00946,Customer 946,Female,44,Bengaluru,2025-06-07
CUST00947,Customer 947,Other,42,Tirunelveli,2024-05-21
CUST00948,Customer 948,Female,58,Vellore,2024-07-09
CUST00949,Customer 949,Other,29,Vellore,2025-12-11
CUST00950,Customer 950,Female,36,Madurai,2024-06-19
CUST00951,Customer 951,Female,46,Bengaluru,2024-07-10
CUST00952,Customer 952,Female,18,Erode,2024-02-24
CUST00953,Customer 953,Male,42,Vellore,2024-05-19
CUST00954,Customer 954,Other,49,Tirunelveli,2025-06-01
CUST00955,Customer 955,Female,44,Pondicherry,2025-12-02
CUST00956,Customer 956,Female,49,Madurai,2026-05-10
CUST00957,Customer 957,Other,19,Trichy,2024-03-25
CUST00958,Customer 958,Male,35,Trichy,2024-10-26
CUST00959,Customer 959,Female,28,Erode,2025-07-04
CUST00960,Customer 960,Other,49,Vellore,2025-08-02
CUST00961,Customer 961,Male,54,Coimbatore,2025-06-07
CUST00962,Customer 962,Other,41,Vellore,2024-10-01
CUST00963,Customer 963,Male,64,Erode,2026-04-22
CUST00964,Customer 964,Male,45,Coimbatore,2025-07-13
CUST00965,Customer 965,Other,33,Salem,2026-01-23
CUST00966,Customer 966,Male,46,Salem,2026-06-14
CUST00967,Customer 967,Male,46,Coimbatore,2024-12-22
CUST00968,Customer 968,Male,31,Pondicherry,2026-03-05
CUST00969,Customer 969,Other,40,Pondicherry,2025-08-25
CUST00970,Customer 970,Other,45,Madurai,2025-09-16
CUST00971,Customer 971,Male,31,Trichy,2025-09-22
CUST00972,Customer 972,Male,54,Thanjavur,2026-04-04
CUST00973,Customer 973,Female,56,Vellore,2025-06-29
CUST00974,Customer 974,Female,63,Salem,2024-06-21
CUST00975,Customer 975,Other,35,Vellore,2024-10-23
CUST00976,Customer 976,Male,26,Tirunelveli,2025-11-26
CUST00977,Customer 977,Female,59,Madurai,2024-03-01
CUST00978,Customer 978,Male,33,Madurai,2025-12-19
CUST00979,Customer 979,Female,33,Hyderabad,2025-12-29
CUST00980,Customer 980,Female,27,Bengaluru,2025-02-06
CUST00981,Customer 981,Female,58,Tirunelveli,2025-10-09
CUST00982,Customer 982,Female,22,Hyderabad,2025-01-19
CUST00983,Customer 983,Male,43,Vellore,2026-03-24
CUST00984,Customer 984,Female,62,Thanjavur,2026-02-06
CUST00985,Customer 985,Female,38,Bengaluru,2025-04-10
CUST00986,Customer 986,Other,23,Pondicherry,2024-01-03
CUST00987,Customer 987,Other,60,Pondicherry,2025-04-14
CUST00988,Customer 988,Male,52,Tirunelveli,2025-01-01
CUST00989,Customer 989,Female,31,Erode,2024-08-11
CUST00990,Customer 990,Female,36,Thanjavur,2024-10-01
CUST00991,Customer 991,Other,26,Bengaluru,2025-07-14
CUST00992,Customer 992,Female,39,Hyderabad,2026-05-22
CUST00993,Customer 993,Male,20,Coimbatore,2026-02-19
CUST00994,Customer 994,Female,19,Coimbatore,2025-10-03
CUST00995,Customer 995,Male,46,Erode,2026-05-28
CUST00996,Customer 996,Female,30,Pondicherry,2024-01-01
CUST00997,Customer 997,Other,37,Madurai,2024-05-15
CUST00998,Customer 998,Female,23,Hyderabad,2026-06-14
CUST00999,Customer 999,Female,23,Thanjavur,2025-01-04
CUST01000,Customer 1000,Other,28,Chennai,2025-11-11
CUST01001,Customer 1001,Other,37,Pondicherry,2025-02-09
CUST01002,Customer 1002,Male,45,Hyderabad,2025-12-17
CUST01003,Customer 1003,Other,24,Chennai,2024-04-03
CUST01004,Customer 1004,Female,22,Madurai,2024-08-06
CUST01005,Customer 1005,Male,51,Hyderabad,2025-08-30
CUST01006,Customer 1006,Male,18,Pondicherry,2025-03-31
CUST01007,Customer 1007,Male,45,Pondicherry,2024-12-17
CUST01008,Customer 1008,Female,22,Trichy,2024-05-15
CUST01009,Customer 1009,Male,64,Coimbatore,2025-01-27
CUST01010,Customer 1010,Female,41,Salem,2024-04-15
CUST01011,Customer 1011,Female,26,Hyderabad,2024-05-20
CUST01012,Customer 1012,Male,22,Vellore,2025-11-24
CUST01013,Customer 1013,Male,57,Hyderabad,2025-07-30
CUST01014,Customer 1014,Female,40,Pondicherry,2024-06-17
CUST01015,Customer 1015,Other,65,Madurai,2024-08-06
CUST01016,Customer 1016,Other,61,Erode,2025-02-25
CUST01017,Customer 1017,Male,23,Coimbatore,2026-05-30
CUST01018,Customer 1018,Male,55,Pondicherry,2024-05-23
CUST01019,Customer 1019,Female,45,Thanjavur,2025-01-28
CUST01020,Customer 1020,Male,33,Salem,2026-03-21
CUST01021,Customer 1021,Male,33,Vellore,2025-10-22
CUST01022,Customer 1022,Other,64,Bengaluru,2025-09-07
CUST01023,Customer 1023,Other,19,Hyderabad,2024-10-18
CUST01024,Customer 1024,Female,31,Vellore,2026-06-15
CUST01025,Customer 1025,Other,30,Pondicherry,2025-09-13
CUST01026,Customer 1026,Female,59,Chennai,2025-02-05
CUST01027,Customer 1027,Male,49,Tirunelveli,2026-03-13
CUST01028,Customer 1028,Male,49,Hyderabad,2024-04-25
CUST01029,Customer 1029,Male,51,Chennai,2025-08-31
CUST01030,Customer 1030,Female,26,Tirunelveli,2025-01-04
CUST01031,Customer 1031,Other,44,Thanjavur,2026-05-31
CUST01032,Customer 1032,Other,29,Erode,2025-07-13
CUST01033,Customer 1033,Male,19,Bengaluru,2026-02-27
CUST01034,Customer 1034,Male,34,Trichy,2024-03-10
CUST01035,Customer 1035,Male,43,Vellore,2024-02-10
CUST01036,Customer 1036,Other,63,Vellore,2024-10-20
CUST01037,Customer 1037,Female,45,Pondicherry,2026-02-24
CUST01038,Customer 1038,Male,58,Vellore,2025-02-15
CUST01039,Customer 1039,Other,27,Salem,2025-07-04
CUST01040,Customer 1040,Female,23,Vellore,2024-03-26
CUST01041,Customer 1041,Male,52,Thanjavur,2024-07-27
CUST01042,Customer 1042,Other,58,Hyderabad,2025-02-04
CUST01043,Customer 1043,Other,22,Salem,2025-11-28
CUST01044,Customer 1044,Female,64,Trichy,2025-12-16
CUST01045,Customer 1045,Male,23,Tirunelveli,2024-02-29
CUST01046,Customer 1046,Female,57,Bengaluru,2024-04-28
CUST01047,Customer 1047,Female,60,Pondicherry,2024-02-26
CUST01048,Customer 1048,Other,29,Coimbatore,2025-11-04
CUST01049,Customer 1049,Other,26,Pondicherry,2024-01-13
CUST01050,Customer 1050,Male,49,Thanjavur,2024-01-12
CUST01051,Customer 1051,Other,64,Salem,2025-06-19
CUST01052,Customer 1052,Female,26,Pondicherry,2024-06-19
CUST01053,Customer 1053,Female,64,Coimbatore,2026-03-10
CUST01054,Customer 1054,Male,39,Tirunelveli,2026-02-28
CUST01055,Customer 1055,Other,22,Salem,2024-10-05
CUST01056,Customer 1056,Other,58,Coimbatore,2025-12-30
CUST01057,Customer 1057,Female,50,Thanjavur,2025-05-23
CUST01058,Customer 1058,Female,54,Madurai,2024-02-26
CUST01059,Customer 1059,Male,34,Coimbatore,2025-01-11
CUST01060,Customer 1060,Other,64,Coimbatore,2025-08-10
CUST01061,Customer 1061,Other,50,Chennai,2024-08-21
CUST01062,Customer 1062,Male,33,Chennai,2024-02-15
CUST01063,Customer 1063,Female,42,Madurai,2025-04-28
CUST01064,Customer 1064,Male,53,Pondicherry,2024-07-02
CUST01065,Customer 1065,Other,44,Trichy,2026-01-28
CUST01066,Customer 1066,Male,44,Pondicherry,2024-11-25
CUST01067,Customer 1067,Female,22,Bengaluru,2024-11-23
CUST01068,Customer 1068,Male,50,Hyderabad,2025-01-16
CUST01069,Customer 1069,Male,32,Vellore,2024-02-23
CUST01070,Customer 1070,Female,22,Erode,2024-02-17
CUST01071,Customer 1071,Female,37,Thanjavur,2026-06-05
CUST01072,Customer 1072,Other,47,Chennai,2024-03-29
CUST01073,Customer 1073,Male,36,Bengaluru,2025-01-12
CUST01074,Customer 1074,Female,65,Bengaluru,2026-03-14
CUST01075,Customer 1075,Female,41,Bengaluru,2024-09-05
CUST01076,Customer 1076,Male,64,Vellore,2025-05-20
CUST01077,Customer 1077,Male,27,Chennai,2026-02-17
CUST01078,Customer 1078,Male,32,Vellore,2025-02-23
CUST01079,Customer 1079,Other,62,Chennai,2024-12-20
CUST01080,Customer 1080,Male,60,Tirunelveli,2024-12-09
CUST01081,Customer 1081,Other,64,Salem,2026-05-19
CUST01082,Customer 1082,Male,51,Trichy,2024-04-16
CUST01083,Customer 1083,Female,21,Madurai,2025-03-05
CUST01084,Customer 1084,Female,23,Chennai,2025-12-29
CUST01085,Customer 1085,Other,44,Pondicherry,2024-08-25
CUST01086,Customer 1086,Female,65,Coimbatore,2025-01-16
CUST01087,Customer 1087,Male,50,Madurai,2025-08-17
CUST01088,Customer 1088,Female,22,Bengaluru,2025-10-14
CUST01089,Customer 1089,Male,45,Hyderabad,2025-08-04
CUST01090,Customer 1090,Male,36,Salem,2024-05-13
CUST01091,Customer 1091,Female,43,Pondicherry,2026-05-21
CUST01092,Customer 1092,Other,38,Thanjavur,2026-05-01
CUST01093,Customer 1093,Female,32,Coimbatore,2025-04-08
CUST01094,Customer 1094,Male,55,Coimbatore,2024-07-26
CUST01095,Customer 1095,Male,28,Erode,2024-06-08
CUST01096,Customer 1096,Female,44,Coimbatore,2025-04-22
CUST01097,Customer 1097,Female,31,Erode,2025-07-02
CUST01098,Customer 1098,Female,34,Coimbatore,2024-11-11
CUST01099,Customer 1099,Male,61,Salem,2024-04-02
CUST01100,Customer 1100,Other,62,Bengaluru,2026-04-26
CUST01101,Customer 1101,Male,38,Madurai,2024-02-11
CUST01102,Customer 1102,Other,33,Thanjavur,2024-04-03
CUST01103,Customer 1103,Other,21,Hyderabad,2025-02-09
CUST01104,Customer 1104,Female,29,Chennai,2024-11-02
CUST01105,Customer 1105,Female,53,Pondicherry,2025-02-18
CUST01106,Customer 1106,Male,24,Erode,2025-07-17
CUST01107,Customer 1107,Male,25,Chennai,2024-04-14
CUST01108,Customer 1108,Male,26,Trichy,2024-03-04
CUST01109,Customer 1109,Female,41,Hyderabad,2026-04-23
CUST01110,Customer 1110,Other,23,Bengaluru,2025-10-07
CUST01111,Customer 1111,Female,22,Chennai,2025-08-23
CUST01112,Customer 1112,Male,59,Erode,2024-03-07
CUST01113,Customer 1113,Male,23,Thanjavur,2026-04-08
CUST01114,Customer 1114,Male,47,Chennai,2024-05-05
CUST01115,Customer 1115,Other,45,Pondicherry,2024-06-21
CUST01116,Customer 1116,Female,19,Tirunelveli,2025-02-08
CUST01117,Customer 1117,Female,29,Thanjavur,2025-11-30
CUST01118,Customer 1118,Male,35,Salem,2024-08-07
CUST01119,Customer 1119,Male,20,Bengaluru,2025-04-01
CUST01120,Customer 1120,Other,33,Hyderabad,2025-09-26
CUST01121,Customer 1121,Female,44,Vellore,2024-10-29
CUST01122,Customer 1122,Male,23,Salem,2025-05-05
CUST01123,Customer 1123,Male,44,Trichy,2025-01-27
CUST01124,Customer 1124,Other,33,Hyderabad,2025-10-20
CUST01125,Customer 1125,Other,19,Tirunelveli,2026-04-01
CUST01126,Customer 1126,Other,40,Erode,2026-03-11
CUST01127,Customer 1127,Female,40,Bengaluru,2025-07-11
CUST01128,Customer 1128,Female,42,Salem,2025-05-29
CUST01129,Customer 1129,Male,38,Bengaluru,2024-07-03
CUST01130,Customer 1130,Male,35,Chennai,2024-08-12
CUST01131,Customer 1131,Female,51,Thanjavur,2026-04-08
CUST01132,Customer 1132,Other,32,Madurai,2026-02-24
CUST01133,Customer 1133,Male,60,Trichy,2024-04-12
CUST01134,Customer 1134,Other,65,Chennai,2024-09-29
CUST01135,Customer 1135,Male,54,Tirunelveli,2026-02-21
CUST01136,Customer 1136,Male,29,Trichy,2024-12-29
CUST01137,Customer 1137,Female,65,Pondicherry,2025-08-29
CUST01138,Customer 1138,Other,19,Pondicherry,2025-01-02
CUST01139,Customer 1139,Female,54,Bengaluru,2025-12-18
CUST01140,Customer 1140,Other,30,Erode,2024-05-25
CUST01141,Customer 1141,Female,29,Erode,2025-07-09
CUST01142,Customer 1142,Male,21,Trichy,2024-02-08
CUST01143,Customer 1143,Male,19,Vellore,2025-09-08
CUST01144,Customer 1144,Male,39,Bengaluru,2025-05-04
CUST01145,Customer 1145,Male,39,Pondicherry,2024-07-25
CUST01146,Customer 1146,Female,21,Chennai,2024-06-30
CUST01147,Customer 1147,Other,63,Madurai,2024-05-31
CUST01148,Customer 1148,Male,51,Thanjavur,2026-03-03
CUST01149,Customer 1149,Female,63,Hyderabad,2024-03-15
CUST01150,Customer 1150,Other,24,Thanjavur,2025-02-09
CUST01151,Customer 1151,Female,26,Madurai,2024-11-05
CUST01152,Customer 1152,Female,58,Erode,2026-01-19
CUST01153,Customer 1153,Female,29,Pondicherry,2025-10-26
CUST01154,Customer 1154,Other,57,Thanjavur,2025-07-29
CUST01155,Customer 1155,Other,55,Madurai,2024-08-16
CUST01156,Customer 1156,Female,64,Pondicherry,2025-01-22
CUST01157,Customer 1157,Male,29,Pondicherry,2024-10-28
CUST01158,Customer 1158,Other,54,Tirunelveli,2024-01-02
CUST01159,Customer 1159,Other,20,Madurai,2026-05-21
CUST01160,Customer 1160,Female,57,Trichy,2025-09-08
CUST01161,Customer 1161,Other,24,Erode,2025-10-16
CUST01162,Customer 1162,Female,65,Coimbatore,2024-05-24
CUST01163,Customer 1163,Female,38,Madurai,2024-08-31
CUST01164,Customer 1164,Male,63,Hyderabad,2025-10-13
CUST01165,Customer 1165,Other,39,Erode,2025-10-16
CUST01166,Customer 1166,Female,31,Trichy,2024-01-12
CUST01167,Customer 1167,Male,40,Salem,2025-12-10
CUST01168,Customer 1168,Male,64,Chennai,2026-03-16
CUST01169,Customer 1169,Female,46,Pondicherry,2024-02-19
CUST01170,Customer 1170,Male,44,Erode,2025-03-05
CUST01171,Customer 1171,Female,52,Tirunelveli,2025-01-22
CUST01172,Customer 1172,Female,54,Hyderabad,2024-04-13
CUST01173,Customer 1173,Other,32,Madurai,2026-02-15
CUST01174,Customer 1174,Male,20,Salem,2025-04-07
CUST01175,Customer 1175,Female,34,Coimbatore,2024-01-21
CUST01176,Customer 1176,Female,28,Tirunelveli,2024-03-16
CUST01177,Customer 1177,Other,22,Vellore,2024-06-13
CUST01178,Customer 1178,Female,56,Bengaluru,2024-04-05
CUST01179,Customer 1179,Other,19,Tirunelveli,2025-05-09
CUST01180,Customer 1180,Male,56,Tirunelveli,2025-10-31
CUST01181,Customer 1181,Male,24,Thanjavur,2024-06-09
CUST01182,Customer 1182,Male,44,Pondicherry,2024-07-29
CUST01183,Customer 1183,Other,64,Vellore,2025-07-21
CUST01184,Customer 1184,Other,36,Salem,2024-09-28
CUST01185,Customer 1185,Male,21,Tirunelveli,2024-08-31
CUST01186,Customer 1186,Other,49,Madurai,2025-08-08
CUST01187,Customer 1187,Female,18,Tirunelveli,2024-02-25
CUST01188,Customer 1188,Female,60,Hyderabad,2024-03-30
CUST01189,Customer 1189,Female,30,Coimbatore,2025-09-06
CUST01190,Customer 1190,Male,28,Hyderabad,2024-01-27
CUST01191,Customer 1191,Male,48,Coimbatore,2024-10-25
CUST01192,Customer 1192,Female,48,Erode,2024-11-11
CUST01193,Customer 1193,Female,23,Hyderabad,2025-11-07
CUST01194,Customer 1194,Female,29,Thanjavur,2025-07-11
CUST01195,Customer 1195,Female,29,Erode,2025-01-25
CUST01196,Customer 1196,Female,46,Erode,2024-02-15
CUST01197,Customer 1197,Male,35,Bengaluru,2024-09-26
CUST01198,Customer 1198,Male,62,Hyderabad,2024-03-04
CUST01199,Customer 1199,Male,60,Thanjavur,2024-04-09
CUST01200,Customer 1200,Other,44,Bengaluru,2026-04-07
CUST01201,Customer 1201,Other,21,Tirunelveli,2024-08-20
CUST01202,Customer 1202,Other,44,Vellore,2026-04-18
CUST01203,Customer 1203,Female,54,Trichy,2025-12-04
CUST01204,Customer 1204,Female,23,Tirunelveli,2025-05-02
CUST01205,Customer 1205,Other,20,Vellore,2026-05-24
CUST01206,Customer 1206,Other,54,Hyderabad,2025-08-07
CUST01207,Customer 1207,Male,25,Erode,2025-09-27
CUST01208,Customer 1208,Male,31,Trichy,2024-06-26
CUST01209,Customer 1209,Male,45,Coimbatore,2024-05-09
CUST01210,Customer 1210,Female,30,Hyderabad,2025-11-30
CUST01211,Customer 1211,Other,34,Thanjavur,2024-05-31
CUST01212,Customer 1212,Male,23,Tirunelveli,2026-01-14
CUST01213,Customer 1213,Female,53,Thanjavur,2025-07-23
CUST01214,Customer 1214,Female,51,Erode,2026-05-27
CUST01215,Customer 1215,Male,62,Bengaluru,2026-06-13
CUST01216,Customer 1216,Other,44,Coimbatore,2025-08-24
CUST01217,Customer 1217,Male,27,Bengaluru,2025-02-28
CUST01218,Customer 1218,Other,24,Coimbatore,2025-08-25
CUST01219,Customer 1219,Male,36,Vellore,2025-07-30
CUST01220,Customer 1220,Female,34,Tirunelveli,2024-12-18
CUST01221,Customer 1221,Female,54,Bengaluru,2025-11-01
CUST01222,Customer 1222,Male,29,Salem,2025-04-29
CUST01223,Customer 1223,Male,57,Bengaluru,2025-02-16
CUST01224,Customer 1224,Other,43,Chennai,2025-11-28
CUST01225,Customer 1225,Female,62,Trichy,2025-02-09
CUST01226,Customer 1226,Other,48,Salem,2024-02-20
CUST01227,Customer 1227,Male,39,Salem,2025-01-16
CUST01228,Customer 1228,Female,49,Pondicherry,2024-11-14
CUST01229,Customer 1229,Male,32,Madurai,2025-12-02
CUST01230,Customer 1230,Other,46,Thanjavur,2024-11-03
CUST01231,Customer 1231,Other,44,Bengaluru,2024-10-02
CUST01232,Customer 1232,Male,30,Erode,2025-10-23
CUST01233,Customer 1233,Female,65,Erode,2024-08-04
CUST01234,Customer 1234,Other,41,Chennai,2026-02-16
CUST01235,Customer 1235,Male,22,Salem,2025-06-11
CUST01236,Customer 1236,Other,43,Madurai,2025-12-27
CUST01237,Customer 1237,Other,54,Chennai,2026-03-10
CUST01238,Customer 1238,Male,30,Chennai,2024-06-26
CUST01239,Customer 1239,Male,47,Chennai,2024-09-12
CUST01240,Customer 1240,Other,30,Salem,2025-01-04
CUST01241,Customer 1241,Female,50,Tirunelveli,2025-01-12
CUST01242,Customer 1242,Male,61,Chennai,2025-10-12
CUST01243,Customer 1243,Female,49,Bengaluru,2024-09-04
CUST01244,Customer 1244,Male,48,Bengaluru,2025-04-01
CUST01245,Customer 1245,Female,40,Madurai,2025-07-18
CUST01246,Customer 1246,Female,65,Pondicherry,2026-05-07
CUST01247,Customer 1247,Female,19,Tirunelveli,2024-04-02
CUST01248,Customer 1248,Male,54,Trichy,2024-02-20
CUST01249,Customer 1249,Male,59,Trichy,2026-05-27
CUST01250,Customer 1250,Male,35,Hyderabad,2025-11-24
CUST01251,Customer 1251,Other,19,Hyderabad,2025-02-23
CUST01252,Customer 1252,Female,26,Hyderabad,2024-01-10
CUST01253,Customer 1253,Other,18,Trichy,2024-06-26
CUST01254,Customer 1254,Other,37,Pondicherry,2024-09-15
CUST01255,Customer 1255,Other,35,Tirunelveli,2025-12-27
CUST01256,Customer 1256,Female,47,Salem,2025-01-20
CUST01257,Customer 1257,Female,37,Hyderabad,2024-08-11
CUST01258,Customer 1258,Other,43,Bengaluru,2025-06-17
CUST01259,Customer 1259,Male,50,Hyderabad,2024-04-14
CUST01260,Customer 1260,Female,53,Hyderabad,2026-05-13
CUST01261,Customer 1261,Other,36,Salem,2025-08-31
CUST01262,Customer 1262,Male,48,Coimbatore,2025-12-01
CUST01263,Customer 1263,Female,58,Thanjavur,2024-12-10
CUST01264,Customer 1264,Female,34,Hyderabad,2026-06-01
CUST01265,Customer 1265,Other,37,Trichy,2025-12-29
CUST01266,Customer 1266,Other,33,Chennai,2024-06-02
CUST01267,Customer 1267,Other,43,Hyderabad,2026-04-04
CUST01268,Customer 1268,Other,26,Pondicherry,2024-11-23
CUST01269,Customer 1269,Other,49,Salem,2024-01-27
CUST01270,Customer 1270,Female,43,Tirunelveli,2024-09-22
CUST01271,Customer 1271,Male,55,Pondicherry,2026-01-24
CUST01272,Customer 1272,Male,39,Pondicherry,2025-08-08
CUST01273,Customer 1273,Male,61,Vellore,2025-12-31
CUST01274,Customer 1274,Female,60,Thanjavur,2025-10-15
CUST01275,Customer 1275,Female,28,Hyderabad,2025-06-03
CUST01276,Customer 1276,Other,29,Salem,2026-06-16
CUST01277,Customer 1277,Female,26,Pondicherry,2024-04-09
CUST01278,Customer 1278,Other,53,Madurai,2024-09-21
CUST01279,Customer 1279,Female,59,Coimbatore,2025-11-27
CUST01280,Customer 1280,Female,32,Pondicherry,2024-08-15
CUST01281,Customer 1281,Female,44,Thanjavur,2026-06-11
CUST01282,Customer 1282,Female,55,Salem,2025-01-15
CUST01283,Customer 1283,Male,48,Chennai,2025-04-19
CUST01284,Customer 1284,Other,55,Bengaluru,2026-06-06
CUST01285,Customer 1285,Male,48,Trichy,2025-09-27
CUST01286,Customer 1286,Male,61,Tirunelveli,2025-05-27
CUST01287,Customer 1287,Female,44,Chennai,2025-06-26
CUST01288,Customer 1288,Male,26,Trichy,2026-06-10
CUST01289,Customer 1289,Female,54,Erode,2024-12-16
CUST01290,Customer 1290,Female,63,Madurai,2024-05-26
CUST01291,Customer 1291,Male,49,Thanjavur,2026-03-08
CUST01292,Customer 1292,Male,38,Hyderabad,2025-10-08
CUST01293,Customer 1293,Male,46,Salem,2024-02-29
CUST01294,Customer 1294,Male,54,Madurai,2024-08-02
CUST01295,Customer 1295,Male,26,Bengaluru,2025-05-16
CUST01296,Customer 1296,Other,45,Tirunelveli,2025-03-20
CUST01297,Customer 1297,Female,42,Chennai,2025-03-15
CUST01298,Customer 1298,Other,30,Pondicherry,2024-02-08
CUST01299,Customer 1299,Male,38,Vellore,2025-01-17
CUST01300,Customer 1300,Male,61,Chennai,2024-07-14
CUST01301,Customer 1301,Other,33,Trichy,2025-10-03
CUST01302,Customer 1302,Female,37,Madurai,2025-12-11
CUST01303,Customer 1303,Female,50,Bengaluru,2024-04-15
CUST01304,Customer 1304,Male,22,Chennai,2024-11-09
CUST01305,Customer 1305,Female,47,Pondicherry,2024-11-01
CUST01306,Customer 1306,Other,51,Thanjavur,2025-06-16
CUST01307,Customer 1307,Other,26,Thanjavur,2025-03-20
CUST01308,Customer 1308,Female,30,Madurai,2025-05-16
CUST01309,Customer 1309,Female,19,Trichy,2026-04-11
CUST01310,Customer 1310,Other,26,Trichy,2024-08-17
CUST01311,Customer 1311,Male,55,Vellore,2026-01-21
CUST01312,Customer 1312,Male,41,Pondicherry,2024-06-22
CUST01313,Customer 1313,Male,42,Hyderabad,2025-10-28
CUST01314,Customer 1314,Other,57,Chennai,2024-09-18
CUST01315,Customer 1315,Male,60,Coimbatore,2025-08-31
CUST01316,Customer 1316,Male,21,Pondicherry,2025-10-31
CUST01317,Customer 1317,Female,46,Tirunelveli,2024-04-28
CUST01318,Customer 1318,Other,34,Erode,2024-05-06
CUST01319,Customer 1319,Male,31,Pondicherry,2025-12-19
CUST01320,Customer 1320,Other,18,Salem,2025-12-03
CUST01321,Customer 1321,Other,24,Hyderabad,2025-03-06
CUST01322,Customer 1322,Female,57,Bengaluru,2025-06-16
CUST01323,Customer 1323,Male,44,Coimbatore,2025-12-18
CUST01324,Customer 1324,Other,57,Coimbatore,2025-06-07
CUST01325,Customer 1325,Male,24,Erode,2024-10-16
CUST01326,Customer 1326,Other,30,Salem,2024-07-22
CUST01327,Customer 1327,Other,30,Thanjavur,2026-05-01
CUST01328,Customer 1328,Female,36,Madurai,2025-12-21
CUST01329,Customer 1329,Other,49,Trichy,2024-02-10
CUST01330,Customer 1330,Female,39,Trichy,2025-12-05
CUST01331,Customer 1331,Male,60,Coimbatore,2024-01-03
CUST01332,Customer 1332,Other,60,Erode,2024-04-23
CUST01333,Customer 1333,Male,50,Coimbatore,2024-06-01
CUST01334,Customer 1334,Other,24,Salem,2026-01-10
CUST01335,Customer 1335,Male,47,Salem,2025-10-21
CUST01336,Customer 1336,Female,21,Coimbatore,2024-09-27
CUST01337,Customer 1337,Male,20,Salem,2026-04-12
CUST01338,Customer 1338,Other,38,Tirunelveli,2025-01-03
CUST01339,Customer 1339,Male,24,Chennai,2026-01-26
CUST01340,Customer 1340,Male,60,Hyderabad,2024-01-10
CUST01341,Customer 1341,Female,40,Erode,2024-06-23
CUST01342,Customer 1342,Female,64,Coimbatore,2025-09-28
CUST01343,Customer 1343,Female,29,Coimbatore,2025-01-16
CUST01344,Customer 1344,Female,47,Salem,2025-02-14
CUST01345,Customer 1345,Female,62,Erode,2026-05-05
CUST01346,Customer 1346,Female,59,Madurai,2026-03-30
CUST01347,Customer 1347,Male,62,Pondicherry,2024-04-25
CUST01348,Customer 1348,Male,24,Tirunelveli,2024-03-01
CUST01349,Customer 1349,Female,54,Hyderabad,2025-08-27
CUST01350,Customer 1350,Male,57,Tirunelveli,2025-03-24
CUST01351,Customer 1351,Female,57,Chennai,2026-03-08
CUST01352,Customer 1352,Other,64,Madurai,2026-06-02
CUST01353,Customer 1353,Female,25,Tirunelveli,2025-05-09
CUST01354,Customer 1354,Male,22,Salem,2025-03-27
CUST01355,Customer 1355,Female,18,Pondicherry,2025-11-01
CUST01356,Customer 1356,Other,51,Pondicherry,2026-06-08
CUST01357,Customer 1357,Other,54,Trichy,2025-08-13
CUST01358,Customer 1358,Female,51,Vellore,2025-11-16
CUST01359,Customer 1359,Other,57,Coimbatore,2025-12-05
CUST01360,Customer 1360,Other,64,Trichy,2025-03-19
CUST01361,Customer 1361,Female,60,Hyderabad,2025-05-08
CUST01362,Customer 1362,Female,27,Vellore,2025-10-18
CUST01363,Customer 1363,Male,18,Hyderabad,2025-09-19
CUST01364,Customer 1364,Other,48,Erode,2024-06-09
CUST01365,Customer 1365,Male,22,Erode,2026-06-09
CUST01366,Customer 1366,Male,39,Salem,2024-11-24
CUST01367,Customer 1367,Other,32,Vellore,2024-02-21
CUST01368,Customer 1368,Female,43,Trichy,2025-10-20
CUST01369,Customer 1369,Female,46,Bengaluru,2024-03-21
CUST01370,Customer 1370,Male,49,Erode,2025-04-03
CUST01371,Customer 1371,Male,49,Pondicherry,2024-11-19
CUST01372,Customer 1372,Male,24,Tirunelveli,2025-10-31
CUST01373,Customer 1373,Male,53,Vellore,2025-02-26
CUST01374,Customer 1374,Male,56,Bengaluru,2024-01-01
CUST01375,Customer 1375,Female,50,Vellore,2025-10-14
CUST01376,Customer 1376,Other,60,Erode,2024-07-30
CUST01377,Customer 1377,Female,21,Trichy,2024-12-15
CUST01378,Customer 1378,Female,39,Vellore,2026-05-14
CUST01379,Customer 1379,Other,56,Erode,2026-02-24
CUST01380,Customer 1380,Other,41,Pondicherry,2026-01-03
CUST01381,Customer 1381,Male,24,Hyderabad,2025-04-08
CUST01382,Customer 1382,Male,39,Thanjavur,2024-08-15
CUST01383,Customer 1383,Other,36,Vellore,2026-04-29
CUST01384,Customer 1384,Female,62,Coimbatore,2025-06-18
CUST01385,Customer 1385,Male,49,Madurai,2024-02-16
CUST01386,Customer 1386,Other,65,Pondicherry,2026-04-21
CUST01387,Customer 1387,Male,34,Bengaluru,2025-02-23
CUST01388,Customer 1388,Male,25,Tirunelveli,2024-07-19
CUST01389,Customer 1389,Female,30,Pondicherry,2024-08-08
CUST01390,Customer 1390,Male,44,Chennai,2024-12-12
CUST01391,Customer 1391,Other,55,Coimbatore,2025-10-10
CUST01392,Customer 1392,Female,47,Hyderabad,2026-03-01
CUST01393,Customer 1393,Other,26,Erode,2025-08-26
CUST01394,Customer 1394,Other,65,Chennai,2024-01-05
CUST01395,Customer 1395,Female,55,Erode,2025-07-20
CUST01396,Customer 1396,Male,62,Bengaluru,2025-06-04
CUST01397,Customer 1397,Other,26,Coimbatore,2024-06-26
CUST01398,Customer 1398,Other,56,Bengaluru,2025-01-31
CUST01399,Customer 1399,Other,42,Tirunelveli,2024-11-25
CUST01400,Customer 1400,Other,33,Salem,2025-09-15
CUST01401,Customer 1401,Female,36,Erode,2025-02-11
CUST01402,Customer 1402,Male,26,Tirunelveli,2026-04-04
CUST01403,Customer 1403,Other,65,Vellore,2025-09-08
CUST01404,Customer 1404,Other,53,Thanjavur,2024-11-02
CUST01405,Customer 1405,Other,53,Hyderabad,2025-12-29
CUST01406,Customer 1406,Male,31,Bengaluru,2024-08-10
CUST01407,Customer 1407,Female,61,Thanjavur,2026-01-01
CUST01408,Customer 1408,Male,63,Hyderabad,2025-11-19
CUST01409,Customer 1409,Other,52,Pondicherry,2024-07-01
CUST01410,Customer 1410,Female,63,Coimbatore,2025-10-14
CUST01411,Customer 1411,Female,53,Erode,2026-02-18
CUST01412,Customer 1412,Other,60,Pondicherry,2025-08-19
CUST01413,Customer 1413,Other,65,Vellore,2025-03-03
CUST01414,Customer 1414,Female,18,Vellore,2024-10-19
CUST01415,Customer 1415,Male,42,Madurai,2024-04-19
CUST01416,Customer 1416,Other,21,Trichy,2024-02-24
CUST01417,Customer 1417,Male,36,Hyderabad,2024-09-30
CUST01418,Customer 1418,Male,21,Pondicherry,2024-09-13
CUST01419,Customer 1419,Female,31,Vellore,2026-03-14
CUST01420,Customer 1420,Female,46,Coimbatore,2024-02-03
CUST01421,Customer 1421,Other,65,Vellore,2025-09-22
CUST01422,Customer 1422,Male,65,Hyderabad,2026-06-04
CUST01423,Customer 1423,Female,33,Vellore,2025-07-28
CUST01424,Customer 1424,Other,36,Pondicherry,2026-03-14
CUST01425,Customer 1425,Male,42,Tirunelveli,2025-11-11
CUST01426,Customer 1426,Other,38,Vellore,2025-03-02
CUST01427,Customer 1427,Male,65,Salem,2024-02-25
CUST01428,Customer 1428,Other,46,Trichy,2024-07-26
CUST01429,Customer 1429,Other,63,Hyderabad,2025-10-10
CUST01430,Customer 1430,Other,52,Pondicherry,2025-01-11
CUST01431,Customer 1431,Male,64,Trichy,2025-09-09
CUST01432,Customer 1432,Female,29,Hyderabad,2024-10-28
CUST01433,Customer 1433,Male,29,Pondicherry,2024-03-17
CUST01434,Customer 1434,Male,42,Chennai,2025-06-10
CUST01435,Customer 1435,Female,53,Salem,2025-03-14
CUST01436,Customer 1436,Male,55,Salem,2024-05-13
CUST01437,Customer 1437,Female,47,Pondicherry,2024-01-06
CUST01438,Customer 1438,Male,27,Thanjavur,2024-06-07
CUST01439,Customer 1439,Male,58,Bengaluru,2025-09-03
CUST01440,Customer 1440,Other,37,Erode,2026-05-13
CUST01441,Customer 1441,Other,53,Thanjavur,2026-03-19
CUST01442,Customer 1442,Other,38,Vellore,2024-03-15
CUST01443,Customer 1443,Male,51,Coimbatore,2024-08-13
CUST01444,Customer 1444,Other,28,Tirunelveli,2026-03-16
CUST01445,Customer 1445,Other,43,Coimbatore,2025-07-10
CUST01446,Customer 1446,Male,31,Hyderabad,2024-12-23
CUST01447,Customer 1447,Female,41,Salem,2024-12-05
CUST01448,Customer 1448,Other,51,Erode,2024-08-11
CUST01449,Customer 1449,Other,18,Coimbatore,2025-07-28
CUST01450,Customer 1450,Female,46,Trichy,2025-11-15
CUST01451,Customer 1451,Other,57,Trichy,2025-10-19
CUST01452,Customer 1452,Other,38,Tirunelveli,2024-02-10
CUST01453,Customer 1453,Male,42,Salem,2026-03-26
CUST01454,Customer 1454,Other,36,Chennai,2025-07-07
CUST01455,Customer 1455,Female,50,Vellore,2025-06-13
CUST01456,Customer 1456,Female,20,Salem,2025-04-01
CUST01457,Customer 1457,Male,38,Vellore,2025-10-29
CUST01458,Customer 1458,Male,28,Vellore,2024-03-25
CUST01459,Customer 1459,Male,58,Coimbatore,2025-06-30
CUST01460,Customer 1460,Other,58,Trichy,2024-08-03
CUST01461,Customer 1461,Other,45,Coimbatore,2026-06-04
CUST01462,Customer 1462,Other,62,Pondicherry,2024-07-29
CUST01463,Customer 1463,Female,59,Coimbatore,2026-03-04
CUST01464,Customer 1464,Other,27,Chennai,2026-02-03
CUST01465,Customer 1465,Other,39,Chennai,2025-04-15
CUST01466,Customer 1466,Male,21,Madurai,2024-03-30
CUST01467,Customer 1467,Female,53,Coimbatore,2026-03-24
CUST01468,Customer 1468,Male,34,Tirunelveli,2025-08-11
CUST01469,Customer 1469,Female,58,Tirunelveli,2025-02-01
CUST01470,Customer 1470,Female,19,Tirunelveli,2025-03-19
CUST01471,Customer 1471,Male,52,Chennai,2025-11-20
CUST01472,Customer 1472,Other,57,Coimbatore,2025-10-18
CUST01473,Customer 1473,Other,55,Chennai,2026-02-13
CUST01474,Customer 1474,Male,40,Vellore,2025-12-18
CUST01475,Customer 1475,Female,61,Salem,2024-04-18
CUST01476,Customer 1476,Male,36,Erode,2025-09-13
CUST01477,Customer 1477,Female,60,Chennai,2025-01-25
CUST01478,Customer 1478,Male,52,Trichy,2025-04-30
CUST01479,Customer 1479,Other,43,Vellore,2024-05-19
CUST01480,Customer 1480,Other,27,Salem,2024-10-29
CUST01481,Customer 1481,Other,59,Thanjavur,2025-11-24
CUST01482,Customer 1482,Other,53,Madurai,2024-01-12
CUST01483,Customer 1483,Male,18,Bengaluru,2024-05-06
CUST01484,Customer 1484,Female,52,Vellore,2025-09-02
CUST01485,Customer 1485,Female,31,Pondicherry,2024-03-28
CUST01486,Customer 1486,Other,40,Trichy,2026-01-29
CUST01487,Customer 1487,Other,50,Madurai,2025-02-26
CUST01488,Customer 1488,Male,32,Bengaluru,2024-06-13
CUST01489,Customer 1489,Female,30,Coimbatore,2026-05-04
CUST01490,Customer 1490,Other,54,Chennai,2024-07-04
CUST01491,Customer 1491,Other,47,Hyderabad,2026-05-21
CUST01492,Customer 1492,Male,36,Hyderabad,2025-07-16
CUST01493,Customer 1493,Female,24,Trichy,2024-03-09
CUST01494,Customer 1494,Other,49,Thanjavur,2026-01-13
CUST01495,Customer 1495,Male,60,Hyderabad,2024-12-31
CUST01496,Customer 1496,Male,36,Bengaluru,2024-08-28
CUST01497,Customer 1497,Male,38,Erode,2024-03-12
CUST01498,Customer 1498,Female,57,Hyderabad,2025-04-06
CUST01499,Customer 1499,Other,55,Madurai,2024-11-09
CUST01500,Customer 1500,Other,41,Thanjavur,2025-08-02
CUST01501,Customer 1501,Male,18,Thanjavur,2025-03-14
CUST01502,Customer 1502,Male,63,Pondicherry,2024-09-09
CUST01503,Customer 1503,Female,35,Thanjavur,2025-10-18
CUST01504,Customer 1504,Other,64,Thanjavur,2024-05-17
CUST01505,Customer 1505,Female,47,Erode,2026-06-17
CUST01506,Customer 1506,Female,49,Vellore,2025-01-02
CUST01507,Customer 1507,Male,59,Bengaluru,2024-04-21
CUST01508,Customer 1508,Female,26,Vellore,2024-03-24
CUST01509,Customer 1509,Female,64,Hyderabad,2024-07-20
CUST01510,Customer 1510,Other,22,Chennai,2024-03-19
CUST01511,Customer 1511,Other,58,Chennai,2026-05-19
CUST01512,Customer 1512,Other,55,Tirunelveli,2026-04-12
CUST01513,Customer 1513,Other,31,Chennai,2026-02-26
CUST01514,Customer 1514,Female,52,Vellore,2025-07-18
CUST01515,Customer 1515,Other,27,Thanjavur,2025-04-28
CUST01516,Customer 1516,Male,55,Pondicherry,2025-02-05
CUST01517,Customer 1517,Female,26,Erode,2026-05-27
CUST01518,Customer 1518,Other,23,Tirunelveli,2025-05-28
CUST01519,Customer 1519,Other,18,Hyderabad,2025-01-07
CUST01520,Customer 1520,Other,61,Madurai,2024-09-01
CUST01521,Customer 1521,Other,26,Erode,2026-02-14
CUST01522,Customer 1522,Male,54,Bengaluru,2024-06-12
CUST01523,Customer 1523,Male,65,Pondicherry,2025-11-06
CUST01524,Customer 1524,Female,20,Trichy,2025-05-10
CUST01525,Customer 1525,Female,32,Coimbatore,2026-02-18
CUST01526,Customer 1526,Female,32,Chennai,2024-09-27
CUST01527,Customer 1527,Male,51,Thanjavur,2025-11-15
CUST01528,Customer 1528,Female,47,Chennai,2025-02-01
CUST01529,Customer 1529,Other,38,Coimbatore,2024-02-10
CUST01530,Customer 1530,Other,58,Salem,2025-12-21
CUST01531,Customer 1531,Other,34,Bengaluru,2026-05-04
CUST01532,Customer 1532,Other,29,Tirunelveli,2025-07-11
CUST01533,Customer 1533,Female,41,Bengaluru,2025-10-31
CUST01534,Customer 1534,Male,51,Salem,2025-10-31
CUST01535,Customer 1535,Male,51,Tirunelveli,2025-01-20
CUST01536,Customer 1536,Female,49,Erode,2024-12-27
CUST01537,Customer 1537,Male,50,Madurai,2025-09-10
CUST01538,Customer 1538,Male,32,Coimbatore,2025-03-26
CUST01539,Customer 1539,Other,35,Trichy,2025-06-10
CUST01540,Customer 1540,Male,28,Thanjavur,2024-06-02
CUST01541,Customer 1541,Other,25,Hyderabad,2025-09-08
CUST01542,Customer 1542,Female,39,Pondicherry,2024-08-23
CUST01543,Customer 1543,Female,61,Erode,2024-04-26
CUST01544,Customer 1544,Male,55,Madurai,2025-05-05
CUST01545,Customer 1545,Female,19,Trichy,2025-10-24
CUST01546,Customer 1546,Male,54,Bengaluru,2024-02-14
CUST01547,Customer 1547,Male,58,Vellore,2024-06-13
CUST01548,Customer 1548,Other,27,Chennai,2024-02-10
CUST01549,Customer 1549,Female,29,Vellore,2024-06-19
CUST01550,Customer 1550,Other,54,Hyderabad,2025-02-19
CUST01551,Customer 1551,Other,64,Hyderabad,2024-01-20
CUST01552,Customer 1552,Female,23,Trichy,2026-04-21
CUST01553,Customer 1553,Other,48,Erode,2025-04-04
CUST01554,Customer 1554,Male,44,Bengaluru,2024-06-23
CUST01555,Customer 1555,Other,29,Bengaluru,2024-05-26
CUST01556,Customer 1556,Other,34,Madurai,2025-11-06
CUST01557,Customer 1557,Other,39,Erode,2026-01-11
CUST01558,Customer 1558,Other,22,Trichy,2025-09-02
CUST01559,Customer 1559,Female,26,Coimbatore,2025-01-22
CUST01560,Customer 1560,Male,51,Vellore,2024-01-17
CUST01561,Customer 1561,Female,27,Bengaluru,2025-12-01
CUST01562,Customer 1562,Male,48,Bengaluru,2024-04-08
CUST01563,Customer 1563,Male,52,Vellore,2025-09-06
CUST01564,Customer 1564,Male,23,Erode,2026-02-09
CUST01565,Customer 1565,Male,56,Vellore,2025-11-06
CUST01566,Customer 1566,Male,61,Hyderabad,2026-04-27
CUST01567,Customer 1567,Other,44,Thanjavur,2025-03-17
CUST01568,Customer 1568,Male,62,Vellore,2026-06-14
CUST01569,Customer 1569,Male,48,Tirunelveli,2025-03-15
CUST01570,Customer 1570,Other,65,Pondicherry,2024-12-24
CUST01571,Customer 1571,Male,45,Madurai,2025-08-12
CUST01572,Customer 1572,Female,32,Coimbatore,2024-09-17
CUST01573,Customer 1573,Other,52,Tirunelveli,2024-10-17
CUST01574,Customer 1574,Male,18,Pondicherry,2024-09-20
CUST01575,Customer 1575,Male,54,Vellore,2026-01-31
CUST01576,Customer 1576,Other,18,Tirunelveli,2024-04-30
CUST01577,Customer 1577,Male,62,Thanjavur,2025-11-01
CUST01578,Customer 1578,Female,24,Madurai,2025-02-22
CUST01579,Customer 1579,Other,55,Salem,2025-03-12
CUST01580,Customer 1580,Other,45,Bengaluru,2024-09-24
CUST01581,Customer 1581,Other,35,Hyderabad,2025-01-09
CUST01582,Customer 1582,Male,44,Vellore,2025-02-10
CUST01583,Customer 1583,Other,48,Madurai,2026-03-13
CUST01584,Customer 1584,Other,53,Erode,2025-01-14
CUST01585,Customer 1585,Female,54,Thanjavur,2024-09-16
CUST01586,Customer 1586,Other,43,Pondicherry,2026-03-03
CUST01587,Customer 1587,Other,25,Pondicherry,2024-05-21
CUST01588,Customer 1588,Female,62,Madurai,2024-08-23
CUST01589,Customer 1589,Male,50,Tirunelveli,2024-04-12
CUST01590,Customer 1590,Female,53,Bengaluru,2026-03-15
CUST01591,Customer 1591,Other,63,Chennai,2025-12-14
CUST01592,Customer 1592,Female,58,Chennai,2024-06-13
CUST01593,Customer 1593,Male,27,Erode,2026-04-03
CUST01594,Customer 1594,Female,23,Coimbatore,2025-09-06
CUST01595,Customer 1595,Male,41,Coimbatore,2024-09-26
CUST01596,Customer 1596,Male,64,Tirunelveli,2025-09-15
CUST01597,Customer 1597,Other,59,Vellore,2025-02-14
CUST01598,Customer 1598,Other,56,Chennai,2024-10-20
CUST01599,Customer 1599,Male,58,Erode,2026-03-03
CUST01600,Customer 1600,Male,30,Hyderabad,2025-03-25
CUST01601,Customer 1601,Other,36,Trichy,2026-04-03
CUST01602,Customer 1602,Other,50,Vellore,2024-02-04
CUST01603,Customer 1603,Male,57,Madurai,2025-12-16
CUST01604,Customer 1604,Male,41,Trichy,2025-11-21
CUST01605,Customer 1605,Male,28,Coimbatore,2025-11-01
CUST01606,Customer 1606,Female,40,Hyderabad,2024-10-09
CUST01607,Customer 1607,Female,55,Trichy,2025-02-08
CUST01608,Customer 1608,Male,65,Pondicherry,2025-06-14
CUST01609,Customer 1609,Male,53,Salem,2024-03-11
CUST01610,Customer 1610,Other,55,Thanjavur,2026-01-13
CUST01611,Customer 1611,Female,32,Bengaluru,2024-12-21
CUST01612,Customer 1612,Female,43,Bengaluru,2024-07-18
CUST01613,Customer 1613,Female,29,Tirunelveli,2024-01-05
CUST01614,Customer 1614,Male,53,Coimbatore,2025-06-02
CUST01615,Customer 1615,Female,39,Coimbatore,2025-05-30
CUST01616,Customer 1616,Other,34,Vellore,2026-04-02
CUST01617,Customer 1617,Other,34,Pondicherry,2026-04-12
CUST01618,Customer 1618,Female,54,Erode,2025-03-29
CUST01619,Customer 1619,Male,39,Erode,2026-02-27
CUST01620,Customer 1620,Female,55,Chennai,2025-11-28
CUST01621,Customer 1621,Male,34,Coimbatore,2025-05-08
CUST01622,Customer 1622,Other,32,Hyderabad,2025-01-26
CUST01623,Customer 1623,Male,38,Tirunelveli,2025-12-19
CUST01624,Customer 1624,Other,52,Chennai,2024-12-27
CUST01625,Customer 1625,Female,33,Salem,2025-12-18
CUST01626,Customer 1626,Female,61,Pondicherry,2024-04-05
CUST01627,Customer 1627,Female,22,Vellore,2026-04-20
CUST01628,Customer 1628,Female,38,Thanjavur,2024-07-01
CUST01629,Customer 1629,Other,35,Madurai,2024-08-11
CUST01630,Customer 1630,Other,30,Erode,2026-02-03
CUST01631,Customer 1631,Male,33,Pondicherry,2026-01-24
CUST01632,Customer 1632,Female,31,Trichy,2024-09-04
CUST01633,Customer 1633,Male,57,Thanjavur,2024-07-26
CUST01634,Customer 1634,Male,25,Coimbatore,2024-06-08
CUST01635,Customer 1635,Other,49,Bengaluru,2025-11-23
CUST01636,Customer 1636,Other,20,Erode,2024-01-07
CUST01637,Customer 1637,Other,38,Erode,2025-01-15
CUST01638,Customer 1638,Female,49,Madurai,2025-08-11
CUST01639,Customer 1639,Other,35,Tirunelveli,2026-02-21
CUST01640,Customer 1640,Other,26,Chennai,2024-08-15
CUST01641,Customer 1641,Female,48,Vellore,2025-06-22
CUST01642,Customer 1642,Other,40,Tirunelveli,2024-02-03
CUST01643,Customer 1643,Other,29,Erode,2026-05-31
CUST01644,Customer 1644,Other,51,Erode,2024-05-03
CUST01645,Customer 1645,Other,18,Chennai,2024-11-19
CUST01646,Customer 1646,Male,42,Bengaluru,2025-11-21
CUST01647,Customer 1647,Female,41,Bengaluru,2024-04-13
CUST01648,Customer 1648,Female,29,Vellore,2026-06-01
CUST01649,Customer 1649,Male,35,Erode,2024-09-26
CUST01650,Customer 1650,Female,41,Madurai,2025-09-19
CUST01651,Customer 1651,Female,31,Tirunelveli,2025-05-25
CUST01652,Customer 1652,Female,41,Tirunelveli,2025-12-18
CUST01653,Customer 1653,Female,29,Bengaluru,2024-10-13
CUST01654,Customer 1654,Other,61,Trichy,2024-05-14
CUST01655,Customer 1655,Male,64,Salem,2026-04-13
CUST01656,Customer 1656,Male,53,Tirunelveli,2026-04-03
CUST01657,Customer 1657,Female,30,Madurai,2026-05-26
CUST01658,Customer 1658,Other,27,Erode,2026-03-30
CUST01659,Customer 1659,Male,29,Tirunelveli,2026-04-05
CUST01660,Customer 1660,Male,58,Vellore,2025-05-26
CUST01661,Customer 1661,Other,38,Erode,2025-06-30
CUST01662,Customer 1662,Female,53,Bengaluru,2024-11-03
CUST01663,Customer 1663,Female,24,Pondicherry,2024-02-18
CUST01664,Customer 1664,Male,31,Salem,2024-06-16
CUST01665,Customer 1665,Other,24,Erode,2025-05-02
CUST01666,Customer 1666,Female,34,Thanjavur,2026-02-01
CUST01667,Customer 1667,Other,53,Salem,2025-01-03
CUST01668,Customer 1668,Male,44,Coimbatore,2024-12-18
CUST01669,Customer 1669,Other,56,Trichy,2024-12-25
CUST01670,Customer 1670,Other,59,Hyderabad,2025-08-13
CUST01671,Customer 1671,Male,36,Thanjavur,2025-07-05
CUST01672,Customer 1672,Other,50,Erode,2024-11-28
CUST01673,Customer 1673,Other,46,Coimbatore,2026-03-04
CUST01674,Customer 1674,Other,36,Erode,2025-01-25
CUST01675,Customer 1675,Male,28,Hyderabad,2025-10-08
CUST01676,Customer 1676,Female,44,Hyderabad,2026-04-07
CUST01677,Customer 1677,Other,43,Coimbatore,2025-09-19
CUST01678,Customer 1678,Male,39,Trichy,2024-03-22
CUST01679,Customer 1679,Female,59,Salem,2024-11-17
CUST01680,Customer 1680,Female,56,Hyderabad,2025-12-28
CUST01681,Customer 1681,Female,46,Thanjavur,2025-02-08
CUST01682,Customer 1682,Other,51,Erode,2026-02-04
CUST01683,Customer 1683,Male,29,Chennai,2025-02-27
CUST01684,Customer 1684,Other,33,Hyderabad,2024-05-08
CUST01685,Customer 1685,Other,62,Pondicherry,2024-09-14
CUST01686,Customer 1686,Male,28,Tirunelveli,2024-03-22
CUST01687,Customer 1687,Male,22,Erode,2024-04-15
CUST01688,Customer 1688,Male,19,Tirunelveli,2025-07-15
CUST01689,Customer 1689,Male,24,Salem,2025-06-20
CUST01690,Customer 1690,Male,23,Hyderabad,2025-09-24
CUST01691,Customer 1691,Female,32,Trichy,2025-02-03
CUST01692,Customer 1692,Female,46,Hyderabad,2026-01-25
CUST01693,Customer 1693,Male,51,Madurai,2024-05-09
CUST01694,Customer 1694,Male,60,Thanjavur,2024-01-30
CUST01695,Customer 1695,Female,48,Erode,2026-05-31
CUST01696,Customer 1696,Other,35,Vellore,2026-06-10
CUST01697,Customer 1697,Male,62,Vellore,2025-03-31
CUST01698,Customer 1698,Other,56,Erode,2024-06-30
CUST01699,Customer 1699,Other,58,Bengaluru,2025-10-08
CUST01700,Customer 1700,Other,58,Hyderabad,2025-03-21
CUST01701,Customer 1701,Female,40,Erode,2025-06-30
CUST01702,Customer 1702,Male,23,Erode,2025-07-06
CUST01703,Customer 1703,Female,44,Salem,2024-11-11
CUST01704,Customer 1704,Female,18,Chennai,2024-06-08
CUST01705,Customer 1705,Male,40,Salem,2025-06-19
CUST01706,Customer 1706,Other,18,Pondicherry,2025-04-25
CUST01707,Customer 1707,Female,37,Chennai,2025-05-18
CUST01708,Customer 1708,Female,36,Bengaluru,2026-02-23
CUST01709,Customer 1709,Male,53,Thanjavur,2024-08-24
CUST01710,Customer 1710,Female,53,Tirunelveli,2024-07-12
CUST01711,Customer 1711,Male,28,Pondicherry,2025-02-08
CUST01712,Customer 1712,Other,42,Tirunelveli,2026-01-24
CUST01713,Customer 1713,Female,23,Tirunelveli,2024-08-13
CUST01714,Customer 1714,Male,51,Bengaluru,2025-10-02
CUST01715,Customer 1715,Other,61,Salem,2026-04-06
CUST01716,Customer 1716,Other,65,Vellore,2024-10-18
CUST01717,Customer 1717,Female,44,Trichy,2026-04-08
CUST01718,Customer 1718,Male,29,Madurai,2026-05-23
CUST01719,Customer 1719,Male,58,Erode,2024-10-23
CUST01720,Customer 1720,Female,35,Pondicherry,2025-09-24
CUST01721,Customer 1721,Female,30,Thanjavur,2025-09-29
CUST01722,Customer 1722,Male,21,Vellore,2024-01-20
CUST01723,Customer 1723,Male,24,Salem,2024-01-23
CUST01724,Customer 1724,Male,63,Erode,2024-10-02
CUST01725,Customer 1725,Male,32,Coimbatore,2026-01-14
CUST01726,Customer 1726,Male,49,Trichy,2024-06-03
CUST01727,Customer 1727,Female,37,Erode,2024-12-16
CUST01728,Customer 1728,Female,62,Chennai,2025-01-15
CUST01729,Customer 1729,Male,27,Chennai,2024-12-04
CUST01730,Customer 1730,Female,22,Vellore,2024-09-29
CUST01731,Customer 1731,Male,30,Salem,2025-04-26
CUST01732,Customer 1732,Female,18,Coimbatore,2026-04-16
CUST01733,Customer 1733,Other,33,Tirunelveli,2026-02-25
CUST01734,Customer 1734,Female,33,Pondicherry,2026-02-28
CUST01735,Customer 1735,Male,47,Pondicherry,2024-02-04
CUST01736,Customer 1736,Male,51,Hyderabad,2026-02-28
CUST01737,Customer 1737,Female,42,Hyderabad,2024-08-01
CUST01738,Customer 1738,Female,28,Hyderabad,2024-11-15
CUST01739,Customer 1739,Male,65,Vellore,2026-01-15
CUST01740,Customer 1740,Male,34,Erode,2025-06-17
CUST01741,Customer 1741,Female,30,Thanjavur,2025-10-15
CUST01742,Customer 1742,Other,31,Coimbatore,2024-02-23
CUST01743,Customer 1743,Other,45,Thanjavur,2024-08-29
CUST01744,Customer 1744,Male,35,Bengaluru,2024-01-16
CUST01745,Customer 1745,Female,33,Chennai,2024-05-02
CUST01746,Customer 1746,Other,62,Erode,2024-02-13
CUST01747,Customer 1747,Other,27,Thanjavur,2025-12-05
CUST01748,Customer 1748,Male,33,Madurai,2026-02-28
CUST01749,Customer 1749,Male,61,Bengaluru,2025-05-26
CUST01750,Customer 1750,Other,21,Chennai,2024-12-12
CUST01751,Customer 1751,Other,27,Pondicherry,2024-12-30
CUST01752,Customer 1752,Male,26,Erode,2025-07-03
CUST01753,Customer 1753,Female,53,Hyderabad,2024-08-26
CUST01754,Customer 1754,Female,46,Pondicherry,2026-02-13
CUST01755,Customer 1755,Male,62,Tirunelveli,2024-07-16
CUST01756,Customer 1756,Other,26,Salem,2025-01-01
CUST01757,Customer 1757,Female,63,Erode,2024-02-10
CUST01758,Customer 1758,Female,52,Pondicherry,2025-07-26
CUST01759,Customer 1759,Male,54,Madurai,2025-05-16
CUST01760,Customer 1760,Female,38,Pondicherry,2025-07-10
CUST01761,Customer 1761,Female,56,Vellore,2025-04-24
CUST01762,Customer 1762,Male,51,Madurai,2024-06-13
CUST01763,Customer 1763,Female,34,Vellore,2025-04-05
CUST01764,Customer 1764,Female,18,Hyderabad,2025-01-10
CUST01765,Customer 1765,Female,64,Madurai,2025-06-02
CUST01766,Customer 1766,Other,41,Bengaluru,2024-01-20
CUST01767,Customer 1767,Female,64,Coimbatore,2024-09-01
CUST01768,Customer 1768,Other,42,Trichy,2025-11-05
CUST01769,Customer 1769,Other,49,Vellore,2025-06-20
CUST01770,Customer 1770,Other,36,Thanjavur,2024-06-06
CUST01771,Customer 1771,Other,38,Coimbatore,2025-02-23
CUST01772,Customer 1772,Other,60,Coimbatore,2024-04-08
CUST01773,Customer 1773,Male,29,Chennai,2024-02-14
CUST01774,Customer 1774,Male,49,Trichy,2024-07-25
CUST01775,Customer 1775,Male,54,Hyderabad,2024-04-11
CUST01776,Customer 1776,Female,60,Erode,2026-05-06
CUST01777,Customer 1777,Other,62,Bengaluru,2025-06-22
CUST01778,Customer 1778,Male,41,Trichy,2024-09-19
CUST01779,Customer 1779,Other,22,Chennai,2025-09-12
CUST01780,Customer 1780,Other,49,Coimbatore,2024-08-01
CUST01781,Customer 1781,Other,21,Thanjavur,2025-04-24
CUST01782,Customer 1782,Other,44,Thanjavur,2025-07-25
CUST01783,Customer 1783,Other,21,Bengaluru,2026-03-24
CUST01784,Customer 1784,Other,20,Pondicherry,2024-09-29
CUST01785,Customer 1785,Female,22,Trichy,2024-03-13
CUST01786,Customer 1786,Male,24,Pondicherry,2025-06-15
CUST01787,Customer 1787,Other,42,Trichy,2024-08-24
CUST01788,Customer 1788,Other,60,Trichy,2024-07-16
CUST01789,Customer 1789,Other,29,Vellore,2025-08-06
CUST01790,Customer 1790,Other,44,Pondicherry,2026-02-06
CUST01791,Customer 1791,Other,54,Thanjavur,2024-04-18
CUST01792,Customer 1792,Female,62,Hyderabad,2025-11-21
CUST01793,Customer 1793,Male,28,Madurai,2025-03-13
CUST01794,Customer 1794,Female,50,Thanjavur,2025-07-17
CUST01795,Customer 1795,Male,52,Bengaluru,2025-11-04
CUST01796,Customer 1796,Female,38,Vellore,2025-03-29
CUST01797,Customer 1797,Female,44,Hyderabad,2024-11-28
CUST01798,Customer 1798,Other,38,Bengaluru,2025-03-16
CUST01799,Customer 1799,Other,52,Trichy,2024-09-03
CUST01800,Customer 1800,Other,65,Salem,2025-01-19
CUST01801,Customer 1801,Female,46,Tirunelveli,2025-01-03
CUST01802,Customer 1802,Other,20,Salem,2024-01-01
CUST01803,Customer 1803,Male,51,Madurai,2025-09-02
CUST01804,Customer 1804,Male,37,Trichy,2024-11-05
CUST01805,Customer 1805,Female,19,Pondicherry,2024-08-07
CUST01806,Customer 1806,Female,53,Vellore,2026-04-22
CUST01807,Customer 1807,Other,54,Madurai,2025-07-23
CUST01808,Customer 1808,Male,47,Thanjavur,2024-04-06
CUST01809,Customer 1809,Male,34,Thanjavur,2024-06-08
CUST01810,Customer 1810,Male,32,Salem,2025-08-19
CUST01811,Customer 1811,Female,23,Bengaluru,2026-04-10
CUST01812,Customer 1812,Other,31,Pondicherry,2025-02-13
CUST01813,Customer 1813,Other,38,Erode,2024-03-20
CUST01814,Customer 1814,Female,62,Pondicherry,2024-06-26
CUST01815,Customer 1815,Male,56,Hyderabad,2025-08-13
CUST01816,Customer 1816,Male,64,Bengaluru,2024-11-03
CUST01817,Customer 1817,Male,21,Thanjavur,2025-01-25
CUST01818,Customer 1818,Female,44,Coimbatore,2024-12-22
CUST01819,Customer 1819,Male,65,Hyderabad,2026-06-09
CUST01820,Customer 1820,Other,18,Hyderabad,2026-05-19
CUST01821,Customer 1821,Other,42,Chennai,2026-03-07
CUST01822,Customer 1822,Other,20,Thanjavur,2024-11-08
CUST01823,Customer 1823,Other,27,Thanjavur,2025-07-06
CUST01824,Customer 1824,Other,32,Madurai,2025-05-29
CUST01825,Customer 1825,Other,64,Tirunelveli,2024-02-21
CUST01826,Customer 1826,Other,54,Vellore,2025-04-01
CUST01827,Customer 1827,Male,45,Salem,2024-04-02
CUST01828,Customer 1828,Female,27,Madurai,2026-03-16
CUST01829,Customer 1829,Male,48,Bengaluru,2024-12-10
CUST01830,Customer 1830,Male,53,Tirunelveli,2026-02-02
CUST01831,Customer 1831,Male,43,Vellore,2024-09-25
CUST01832,Customer 1832,Other,26,Madurai,2025-03-20
CUST01833,Customer 1833,Other,30,Erode,2025-05-07
CUST01834,Customer 1834,Other,54,Trichy,2025-02-08
CUST01835,Customer 1835,Other,65,Vellore,2025-07-28
CUST01836,Customer 1836,Male,22,Salem,2024-09-09
CUST01837,Customer 1837,Female,38,Hyderabad,2026-03-06
CUST01838,Customer 1838,Male,25,Hyderabad,2025-08-12
CUST01839,Customer 1839,Female,41,Thanjavur,2025-02-27
CUST01840,Customer 1840,Female,40,Bengaluru,2024-07-14
CUST01841,Customer 1841,Male,37,Madurai,2025-11-02
CUST01842,Customer 1842,Other,46,Bengaluru,2024-12-24
CUST01843,Customer 1843,Female,20,Trichy,2024-05-29
CUST01844,Customer 1844,Other,41,Madurai,2024-07-23
CUST01845,Customer 1845,Other,23,Coimbatore,2026-02-14
CUST01846,Customer 1846,Male,33,Bengaluru,2026-01-27
CUST01847,Customer 1847,Female,18,Thanjavur,2024-05-31
CUST01848,Customer 1848,Male,37,Erode,2025-12-11
CUST01849,Customer 1849,Male,39,Trichy,2025-04-27
CUST01850,Customer 1850,Other,31,Trichy,2026-01-27
CUST01851,Customer 1851,Other,34,Vellore,2025-07-13
CUST01852,Customer 1852,Other,64,Madurai,2025-05-09
CUST01853,Customer 1853,Other,60,Chennai,2025-12-12
CUST01854,Customer 1854,Other,60,Vellore,2025-01-20
CUST01855,Customer 1855,Female,28,Chennai,2024-02-14
CUST01856,Customer 1856,Male,62,Bengaluru,2024-10-17
CUST01857,Customer 1857,Male,47,Hyderabad,2024-10-04
CUST01858,Customer 1858,Male,42,Hyderabad,2024-01-09
CUST01859,Customer 1859,Other,60,Thanjavur,2024-10-04
CUST01860,Customer 1860,Male,19,Salem,2026-06-04
CUST01861,Customer 1861,Other,42,Trichy,2026-06-07
CUST01862,Customer 1862,Other,63,Coimbatore,2025-01-24
CUST01863,Customer 1863,Female,56,Vellore,2024-11-19
CUST01864,Customer 1864,Male,30,Vellore,2024-03-31
CUST01865,Customer 1865,Other,63,Chennai,2025-04-13
CUST01866,Customer 1866,Male,51,Salem,2024-02-10
CUST01867,Customer 1867,Female,43,Pondicherry,2024-12-07
CUST01868,Customer 1868,Male,40,Hyderabad,2024-06-09
CUST01869,Customer 1869,Female,58,Salem,2024-12-26
CUST01870,Customer 1870,Other,35,Chennai,2024-08-29
CUST01871,Customer 1871,Female,42,Chennai,2025-10-02
CUST01872,Customer 1872,Female,32,Madurai,2025-07-22
CUST01873,Customer 1873,Female,60,Madurai,2024-12-15
CUST01874,Customer 1874,Other,42,Vellore,2024-03-30
CUST01875,Customer 1875,Other,58,Hyderabad,2025-11-25
CUST01876,Customer 1876,Female,33,Bengaluru,2024-08-20
CUST01877,Customer 1877,Female,37,Bengaluru,2024-06-05
CUST01878,Customer 1878,Female,52,Madurai,2024-12-03
CUST01879,Customer 1879,Other,26,Bengaluru,2024-07-30
CUST01880,Customer 1880,Other,30,Madurai,2025-07-08
CUST01881,Customer 1881,Other,63,Vellore,2024-11-12
CUST01882,Customer 1882,Female,27,Hyderabad,2024-05-18
CUST01883,Customer 1883,Male,38,Coimbatore,2025-08-01
CUST01884,Customer 1884,Other,64,Coimbatore,2025-07-24
CUST01885,Customer 1885,Female,27,Pondicherry,2024-07-07
CUST01886,Customer 1886,Female,44,Tirunelveli,2024-01-31
CUST01887,Customer 1887,Female,65,Hyderabad,2024-11-06
CUST01888,Customer 1888,Female,27,Trichy,2026-01-26
CUST01889,Customer 1889,Male,29,Chennai,2024-04-19
CUST01890,Customer 1890,Other,57,Salem,2026-02-19
CUST01891,Customer 1891,Other,57,Trichy,2025-09-12
CUST01892,Customer 1892,Male,32,Hyderabad,2025-09-02
CUST01893,Customer 1893,Female,23,Pondicherry,2024-01-27
CUST01894,Customer 1894,Female,26,Vellore,2026-03-09
CUST01895,Customer 1895,Other,48,Pondicherry,2026-05-16
CUST01896,Customer 1896,Female,29,Tirunelveli,2025-10-27
CUST01897,Customer 1897,Female,26,Madurai,2025-05-18
CUST01898,Customer 1898,Male,20,Tirunelveli,2024-07-16
CUST01899,Customer 1899,Male,35,Tirunelveli,2026-02-21
CUST01900,Customer 1900,Other,60,Trichy,2024-08-15
CUST01901,Customer 1901,Male,22,Madurai,2026-02-14
CUST01902,Customer 1902,Other,49,Pondicherry,2025-03-25
CUST01903,Customer 1903,Female,33,Tirunelveli,2024-11-28
CUST01904,Customer 1904,Male,56,Pondicherry,2025-02-18
CUST01905,Customer 1905,Female,64,Thanjavur,2026-04-24
CUST01906,Customer 1906,Other,65,Bengaluru,2025-02-07
CUST01907,Customer 1907,Other,51,Hyderabad,2025-08-31
CUST01908,Customer 1908,Other,20,Vellore,2026-06-15
CUST01909,Customer 1909,Female,47,Chennai,2024-04-21
CUST01910,Customer 1910,Male,51,Vellore,2026-06-17
CUST01911,Customer 1911,Other,20,Vellore,2025-02-09
CUST01912,Customer 1912,Other,58,Chennai,2025-01-31
CUST01913,Customer 1913,Female,46,Tirunelveli,2024-07-13
CUST01914,Customer 1914,Female,47,Madurai,2024-11-07
CUST01915,Customer 1915,Female,57,Chennai,2025-03-08
CUST01916,Customer 1916,Other,27,Erode,2025-12-07
CUST01917,Customer 1917,Other,46,Coimbatore,2026-04-29
CUST01918,Customer 1918,Other,25,Madurai,2026-01-09
CUST01919,Customer 1919,Other,62,Vellore,2026-03-08
CUST01920,Customer 1920,Female,44,Thanjavur,2024-05-18
CUST01921,Customer 1921,Male,29,Erode,2025-04-06
CUST01922,Customer 1922,Other,30,Erode,2025-08-27
CUST01923,Customer 1923,Female,38,Pondicherry,2024-04-02
CUST01924,Customer 1924,Other,28,Pondicherry,2025-10-26
CUST01925,Customer 1925,Male,23,Coimbatore,2026-01-20
CUST01926,Customer 1926,Female,58,Thanjavur,2025-12-24
CUST01927,Customer 1927,Other,63,Tirunelveli,2024-03-28
CUST01928,Customer 1928,Other,57,Madurai,2026-01-14
CUST01929,Customer 1929,Other,42,Chennai,2025-01-22
CUST01930,Customer 1930,Male,39,Bengaluru,2026-02-25
CUST01931,Customer 1931,Other,27,Madurai,2026-06-11
CUST01932,Customer 1932,Male,29,Pondicherry,2026-06-08
CUST01933,Customer 1933,Female,37,Salem,2024-02-22
CUST01934,Customer 1934,Female,36,Hyderabad,2026-01-17
CUST01935,Customer 1935,Male,26,Trichy,2024-07-04
CUST01936,Customer 1936,Other,34,Chennai,2024-01-04
CUST01937,Customer 1937,Female,49,Vellore,2025-04-14
CUST01938,Customer 1938,Male,56,Erode,2026-04-06
CUST01939,Customer 1939,Male,55,Hyderabad,2024-08-31
CUST01940,Customer 1940,Female,44,Erode,2025-05-02
CUST01941,Customer 1941,Other,56,Chennai,2024-03-22
CUST01942,Customer 1942,Other,35,Bengaluru,2024-09-07
CUST01943,Customer 1943,Other,31,Chennai,2025-10-05
CUST01944,Customer 1944,Male,21,Hyderabad,2024-07-08
CUST01945,Customer 1945,Male,27,Chennai,2024-12-23
CUST01946,Customer 1946,Other,56,Salem,2025-11-14
CUST01947,Customer 1947,Male,21,Coimbatore,2024-12-05
CUST01948,Customer 1948,Male,28,Hyderabad,2025-03-02
CUST01949,Customer 1949,Other,60,Pondicherry,2024-10-18
CUST01950,Customer 1950,Other,54,Vellore,2025-12-17
CUST01951,Customer 1951,Female,65,Bengaluru,2024-06-30
CUST01952,Customer 1952,Male,23,Salem,2025-01-03
CUST01953,Customer 1953,Female,42,Coimbatore,2024-11-26
CUST01954,Customer 1954,Female,53,Coimbatore,2026-02-15
CUST01955,Customer 1955,Female,26,Coimbatore,2024-10-26
CUST01956,Customer 1956,Female,39,Vellore,2025-12-12
CUST01957,Customer 1957,Other,31,Pondicherry,2025-02-27
CUST01958,Customer 1958,Other,21,Coimbatore,2024-08-02
CUST01959,Customer 1959,Other,58,Vellore,2025-08-08
CUST01960,Customer 1960,Female,64,Pondicherry,2024-03-30
CUST01961,Customer 1961,Other,36,Tirunelveli,2025-09-11
CUST01962,Customer 1962,Female,34,Vellore,2025-09-15
CUST01963,Customer 1963,Other,40,Madurai,2025-08-11
CUST01964,Customer 1964,Other,49,Vellore,2025-09-21
CUST01965,Customer 1965,Other,49,Erode,2026-01-16
CUST01966,Customer 1966,Male,57,Trichy,2026-04-07
CUST01967,Customer 1967,Female,30,Chennai,2025-12-26
CUST01968,Customer 1968,Male,47,Hyderabad,2024-05-01
CUST01969,Customer 1969,Male,65,Trichy,2026-03-26
CUST01970,Customer 1970,Other,44,Tirunelveli,2026-03-29
CUST01971,Customer 1971,Female,40,Vellore,2024-02-16
CUST01972,Customer 1972,Other,31,Chennai,2026-04-05
CUST01973,Customer 1973,Male,62,Salem,2025-10-17
CUST01974,Customer 1974,Male,37,Salem,2024-09-17
CUST01975,Customer 1975,Other,38,Chennai,2025-06-02
CUST01976,Customer 1976,Other,39,Thanjavur,2024-04-26
CUST01977,Customer 1977,Other,54,Bengaluru,2025-02-09
CUST01978,Customer 1978,Male,30,Thanjavur,2024-01-30
CUST01979,Customer 1979,Female,61,Erode,2026-05-03
CUST01980,Customer 1980,Male,59,Madurai,2025-04-30
CUST01981,Customer 1981,Male,58,Erode,2025-05-08
CUST01982,Customer 1982,Other,39,Erode,2026-06-04
CUST01983,Customer 1983,Female,65,Chennai,2026-03-13
CUST01984,Customer 1984,Other,37,Bengaluru,2026-05-05
CUST01985,Customer 1985,Other,38,Vellore,2026-01-12
CUST01986,Customer 1986,Male,31,Bengaluru,2025-07-02
CUST01987,Customer 1987,Female,40,Coimbatore,2025-12-02
CUST01988,Customer 1988,Female,19,Thanjavur,2024-06-01
CUST01989,Customer 1989,Other,52,Madurai,2025-01-19
CUST01990,Customer 1990,Other,42,Madurai,2025-08-07
CUST01991,Customer 1991,Male,37,Pondicherry,2025-09-01
CUST01992,Customer 1992,Female,63,Chennai,2026-05-28
CUST01993,Customer 1993,Female,23,Erode,2024-10-05
CUST01994,Customer 1994,Male,41,Erode,2026-06-17
CUST01995,Customer 1995,Female,31,Vellore,2026-04-29
CUST01996,Customer 1996,Male,25,Thanjavur,2024-11-05
CUST01997,Customer 1997,Male,30,Coimbatore,2026-03-14
CUST01998,Customer 1998,Other,19,Erode,2025-03-30
CUST01999,Customer 1999,Male,30,Thanjavur,2025-05-27
CUST02000,Customer 2000,Other,51,Salem,2025-05-10
CUST02001,Customer 2001,Female,27,Coimbatore,2026-03-05
CUST02002,Customer 2002,Other,61,Madurai,2026-04-21
CUST02003,Customer 2003,Other,20,Erode,2024-07-29
CUST02004,Customer 2004,Other,51,Coimbatore,2025-01-31
CUST02005,Customer 2005,Female,20,Hyderabad,2024-01-05
CUST02006,Customer 2006,Other,23,Thanjavur,2026-05-18
CUST02007,Customer 2007,Male,24,Vellore,2025-04-23
CUST02008,Customer 2008,Other,65,Salem,2026-02-23
CUST02009,Customer 2009,Other,37,Hyderabad,2024-01-24
CUST02010,Customer 2010,Female,30,Trichy,2024-08-02
CUST02011,Customer 2011,Female,52,Thanjavur,2024-10-20
CUST02012,Customer 2012,Female,60,Coimbatore,2026-03-02
CUST02013,Customer 2013,Male,28,Salem,2024-10-06
CUST02014,Customer 2014,Male,57,Vellore,2024-04-27
CUST02015,Customer 2015,Male,31,Vellore,2025-06-10
CUST02016,Customer 2016,Other,38,Salem,2024-12-24
CUST02017,Customer 2017,Other,36,Bengaluru,2024-05-24
CUST02018,Customer 2018,Male,22,Salem,2024-09-07
CUST02019,Customer 2019,Female,52,Erode,2025-09-19
CUST02020,Customer 2020,Male,19,Erode,2024-02-21
CUST02021,Customer 2021,Male,24,Tirunelveli,2025-11-22
CUST02022,Customer 2022,Male,45,Tirunelveli,2024-02-25
CUST02023,Customer 2023,Other,56,Bengaluru,2024-07-02
CUST02024,Customer 2024,Other,62,Erode,2025-10-06
CUST02025,Customer 2025,Female,37,Thanjavur,2025-09-23
CUST02026,Customer 2026,Male,63,Hyderabad,2026-04-17
CUST02027,Customer 2027,Other,23,Erode,2026-04-08
CUST02028,Customer 2028,Male,23,Pondicherry,2025-08-04
CUST02029,Customer 2029,Male,47,Salem,2025-04-24
CUST02030,Customer 2030,Other,63,Erode,2025-12-01
CUST02031,Customer 2031,Male,32,Madurai,2025-04-26
CUST02032,Customer 2032,Other,34,Thanjavur,2026-05-31
CUST02033,Customer 2033,Male,62,Hyderabad,2025-02-05
CUST02034,Customer 2034,Female,47,Erode,2024-12-04
CUST02035,Customer 2035,Male,48,Coimbatore,2024-01-31
CUST02036,Customer 2036,Female,47,Madurai,2024-12-25
CUST02037,Customer 2037,Female,56,Bengaluru,2024-10-16
CUST02038,Customer 2038,Other,24,Tirunelveli,2024-05-10
CUST02039,Customer 2039,Other,24,Thanjavur,2026-04-17
CUST02040,Customer 2040,Other,22,Salem,2025-07-23
CUST02041,Customer 2041,Female,43,Bengaluru,2025-06-29
CUST02042,Customer 2042,Male,57,Trichy,2025-02-27
CUST02043,Customer 2043,Male,48,Tirunelveli,2025-07-15
CUST02044,Customer 2044,Female,31,Pondicherry,2024-03-08
CUST02045,Customer 2045,Female,45,Bengaluru,2025-08-28
CUST02046,Customer 2046,Female,52,Pondicherry,2026-03-17
CUST02047,Customer 2047,Male,60,Hyderabad,2024-08-29
CUST02048,Customer 2048,Other,63,Bengaluru,2024-03-20
CUST02049,Customer 2049,Female,25,Bengaluru,2026-05-06
CUST02050,Customer 2050,Female,38,Vellore,2025-09-02
CUST02051,Customer 2051,Female,29,Salem,2024-04-09
CUST02052,Customer 2052,Male,56,Coimbatore,2025-02-19
CUST02053,Customer 2053,Other,42,Thanjavur,2025-12-02
CUST02054,Customer 2054,Other,60,Chennai,2025-05-21
CUST02055,Customer 2055,Male,26,Bengaluru,2024-04-02
CUST02056,Customer 2056,Other,18,Madurai,2026-02-12
CUST02057,Customer 2057,Male,46,Vellore,2025-11-07
CUST02058,Customer 2058,Female,57,Bengaluru,2024-10-25
CUST02059,Customer 2059,Male,31,Hyderabad,2025-04-02
CUST02060,Customer 2060,Female,37,Bengaluru,2026-06-17
CUST02061,Customer 2061,Other,37,Tirunelveli,2026-03-24
CUST02062,Customer 2062,Female,23,Bengaluru,2026-01-05
CUST02063,Customer 2063,Other,50,Tirunelveli,2024-01-09
CUST02064,Customer 2064,Male,36,Chennai,2026-05-17
CUST02065,Customer 2065,Other,21,Chennai,2025-01-13
CUST02066,Customer 2066,Other,40,Coimbatore,2025-12-21
CUST02067,Customer 2067,Female,19,Trichy,2026-05-31
CUST02068,Customer 2068,Other,55,Tirunelveli,2025-03-18
CUST02069,Customer 2069,Female,63,Tirunelveli,2025-10-02
CUST02070,Customer 2070,Female,45,Vellore,2025-02-19
CUST02071,Customer 2071,Other,29,Erode,2024-08-04
CUST02072,Customer 2072,Male,53,Tirunelveli,2024-05-22
CUST02073,Customer 2073,Female,44,Madurai,2026-05-13
CUST02074,Customer 2074,Other,26,Madurai,2024-10-22
CUST02075,Customer 2075,Male,59,Chennai,2024-01-12
CUST02076,Customer 2076,Other,49,Hyderabad,2024-05-27
CUST02077,Customer 2077,Male,23,Madurai,2025-03-23
CUST02078,Customer 2078,Female,47,Pondicherry,2025-10-19
CUST02079,Customer 2079,Female,57,Madurai,2025-09-10
CUST02080,Customer 2080,Other,45,Vellore,2025-04-10
CUST02081,Customer 2081,Female,42,Thanjavur,2026-04-19
CUST02082,Customer 2082,Male,45,Bengaluru,2024-08-19
CUST02083,Customer 2083,Other,49,Pondicherry,2024-01-08
CUST02084,Customer 2084,Other,50,Salem,2024-08-30
CUST02085,Customer 2085,Other,54,Thanjavur,2025-02-24
CUST02086,Customer 2086,Male,54,Erode,2024-02-04
CUST02087,Customer 2087,Female,25,Bengaluru,2025-12-22
CUST02088,Customer 2088,Other,23,Madurai,2025-05-08
CUST02089,Customer 2089,Other,51,Salem,2026-01-17
CUST02090,Customer 2090,Other,23,Vellore,2025-04-21
CUST02091,Customer 2091,Male,33,Erode,2025-09-16
CUST02092,Customer 2092,Other,60,Hyderabad,2025-10-07
CUST02093,Customer 2093,Other,58,Vellore,2024-03-20
CUST02094,Customer 2094,Other,37,Bengaluru,2026-03-28
CUST02095,Customer 2095,Female,52,Chennai,2024-02-24
CUST02096,Customer 2096,Female,50,Erode,2025-04-25
CUST02097,Customer 2097,Other,39,Tirunelveli,2025-08-10
CUST02098,Customer 2098,Female,36,Madurai,2024-12-27
CUST02099,Customer 2099,Other,56,Pondicherry,2024-02-06
CUST02100,Customer 2100,Other,54,Salem,2024-11-07
CUST02101,Customer 2101,Other,48,Bengaluru,2024-03-03
CUST02102,Customer 2102,Other,21,Hyderabad,2024-06-22
CUST02103,Customer 2103,Other,57,Chennai,2024-10-25
CUST02104,Customer 2104,Female,23,Madurai,2024-10-20
CUST02105,Customer 2105,Male,35,Salem,2025-06-01
CUST02106,Customer 2106,Other,35,Salem,2024-05-15
CUST02107,Customer 2107,Female,18,Pondicherry,2026-05-28
CUST02108,Customer 2108,Other,29,Bengaluru,2024-04-24
CUST02109,Customer 2109,Male,60,Erode,2026-01-26
CUST02110,Customer 2110,Male,34,Pondicherry,2025-01-13
CUST02111,Customer 2111,Female,29,Vellore,2024-08-29
CUST02112,Customer 2112,Male,39,Coimbatore,2026-06-01
CUST02113,Customer 2113,Other,27,Erode,2024-05-28
CUST02114,Customer 2114,Female,42,Trichy,2026-02-09
CUST02115,Customer 2115,Female,64,Hyderabad,2025-11-07
CUST02116,Customer 2116,Male,54,Pondicherry,2024-06-20
CUST02117,Customer 2117,Female,21,Hyderabad,2026-05-12
CUST02118,Customer 2118,Male,21,Madurai,2024-09-27
CUST02119,Customer 2119,Female,48,Salem,2025-04-20
CUST02120,Customer 2120,Other,52,Trichy,2025-05-02
CUST02121,Customer 2121,Other,63,Tirunelveli,2025-01-23
CUST02122,Customer 2122,Female,27,Vellore,2025-04-30
CUST02123,Customer 2123,Female,18,Salem,2026-06-10
CUST02124,Customer 2124,Female,42,Hyderabad,2026-03-27
CUST02125,Customer 2125,Other,61,Chennai,2024-11-19
CUST02126,Customer 2126,Other,58,Thanjavur,2024-04-09
CUST02127,Customer 2127,Female,57,Hyderabad,2026-05-14
CUST02128,Customer 2128,Female,39,Salem,2026-05-28
CUST02129,Customer 2129,Male,34,Hyderabad,2024-09-30
CUST02130,Customer 2130,Female,47,Hyderabad,2025-08-21
CUST02131,Customer 2131,Male,64,Hyderabad,2026-02-06
CUST02132,Customer 2132,Male,51,Thanjavur,2025-08-25
CUST02133,Customer 2133,Other,29,Thanjavur,2025-11-24
CUST02134,Customer 2134,Male,61,Chennai,2025-07-14
CUST02135,Customer 2135,Male,18,Tirunelveli,2026-05-01
CUST02136,Customer 2136,Other,24,Hyderabad,2024-04-10
CUST02137,Customer 2137,Female,32,Pondicherry,2025-04-01
CUST02138,Customer 2138,Female,30,Chennai,2024-10-17
CUST02139,Customer 2139,Other,23,Chennai,2024-01-25
CUST02140,Customer 2140,Other,31,Bengaluru,2025-08-31
CUST02141,Customer 2141,Male,63,Coimbatore,2025-10-15
CUST02142,Customer 2142,Other,26,Tirunelveli,2024-03-29
CUST02143,Customer 2143,Other,54,Madurai,2025-11-03
CUST02144,Customer 2144,Other,29,Salem,2024-04-23
CUST02145,Customer 2145,Female,60,Coimbatore,2024-10-28
CUST02146,Customer 2146,Female,35,Tirunelveli,2025-10-16
CUST02147,Customer 2147,Other,38,Salem,2025-12-09
CUST02148,Customer 2148,Male,35,Chennai,2024-06-14
CUST02149,Customer 2149,Female,39,Chennai,2025-01-26
CUST02150,Customer 2150,Female,29,Erode,2024-09-21
CUST02151,Customer 2151,Female,30,Bengaluru,2024-03-12
CUST02152,Customer 2152,Male,59,Erode,2025-02-06
CUST02153,Customer 2153,Male,52,Tirunelveli,2024-04-21
CUST02154,Customer 2154,Other,59,Coimbatore,2024-08-11
CUST02155,Customer 2155,Other,34,Coimbatore,2025-03-28
CUST02156,Customer 2156,Male,22,Bengaluru,2024-02-05
CUST02157,Customer 2157,Female,46,Chennai,2026-01-15
CUST02158,Customer 2158,Male,59,Hyderabad,2025-05-24
CUST02159,Customer 2159,Male,60,Tirunelveli,2024-01-01
CUST02160,Customer 2160,Male,62,Thanjavur,2024-09-29
CUST02161,Customer 2161,Other,18,Vellore,2025-02-04
CUST02162,Customer 2162,Female,48,Tirunelveli,2025-12-25
CUST02163,Customer 2163,Other,22,Vellore,2025-02-17
CUST02164,Customer 2164,Male,42,Pondicherry,2024-08-19
CUST02165,Customer 2165,Female,25,Bengaluru,2026-04-17
CUST02166,Customer 2166,Female,39,Hyderabad,2025-07-02
CUST02167,Customer 2167,Female,21,Hyderabad,2024-11-06
CUST02168,Customer 2168,Male,41,Vellore,2025-10-24
CUST02169,Customer 2169,Female,23,Erode,2026-05-23
CUST02170,Customer 2170,Female,59,Trichy,2026-02-17
CUST02171,Customer 2171,Other,20,Tirunelveli,2024-06-29
CUST02172,Customer 2172,Male,37,Pondicherry,2025-11-07
CUST02173,Customer 2173,Male,58,Pondicherry,2025-02-03
CUST02174,Customer 2174,Female,23,Hyderabad,2025-01-02
CUST02175,Customer 2175,Other,30,Madurai,2025-03-24
CUST02176,Customer 2176,Male,19,Pondicherry,2024-02-06
CUST02177,Customer 2177,Male,49,Tirunelveli,2025-08-30
CUST02178,Customer 2178,Other,59,Salem,2024-03-05
CUST02179,Customer 2179,Other,46,Chennai,2025-05-26
CUST02180,Customer 2180,Female,21,Thanjavur,2024-02-07
CUST02181,Customer 2181,Other,20,Tirunelveli,2026-03-17
CUST02182,Customer 2182,Male,59,Hyderabad,2024-05-01
CUST02183,Customer 2183,Female,61,Vellore,2025-06-19
CUST02184,Customer 2184,Other,55,Trichy,2024-06-01
CUST02185,Customer 2185,Male,65,Madurai,2024-03-14
CUST02186,Customer 2186,Other,19,Erode,2025-05-15
CUST02187,Customer 2187,Male,33,Pondicherry,2025-09-25
CUST02188,Customer 2188,Male,18,Madurai,2025-10-26
CUST02189,Customer 2189,Male,37,Coimbatore,2025-10-09
CUST02190,Customer 2190,Other,28,Bengaluru,2025-04-12
CUST02191,Customer 2191,Male,25,Erode,2024-03-06
CUST02192,Customer 2192,Other,32,Coimbatore,2025-09-01
CUST02193,Customer 2193,Male,45,Thanjavur,2026-04-03
CUST02194,Customer 2194,Other,61,Tirunelveli,2026-04-10
CUST02195,Customer 2195,Male,61,Bengaluru,2024-11-28
CUST02196,Customer 2196,Male,38,Trichy,2025-07-12
CUST02197,Customer 2197,Male,55,Madurai,2026-02-21
CUST02198,Customer 2198,Male,25,Salem,2024-12-09
CUST02199,Customer 2199,Female,28,Pondicherry,2024-05-24
CUST02200,Customer 2200,Other,28,Erode,2025-01-13
CUST02201,Customer 2201,Other,20,Madurai,2024-09-06
CUST02202,Customer 2202,Other,57,Tirunelveli,2024-04-12
CUST02203,Customer 2203,Male,19,Erode,2026-03-07
CUST02204,Customer 2204,Male,18,Madurai,2024-03-23
CUST02205,Customer 2205,Other,59,Bengaluru,2024-04-01
CUST02206,Customer 2206,Female,62,Erode,2024-10-17
CUST02207,Customer 2207,Male,31,Madurai,2025-12-09
CUST02208,Customer 2208,Female,51,Erode,2025-10-17
CUST02209,Customer 2209,Male,29,Bengaluru,2025-02-25
CUST02210,Customer 2210,Male,56,Madurai,2025-12-09
CUST02211,Customer 2211,Female,57,Coimbatore,2026-01-04
CUST02212,Customer 2212,Female,40,Tirunelveli,2025-10-04
CUST02213,Customer 2213,Other,33,Trichy,2024-01-05
CUST02214,Customer 2214,Other,24,Bengaluru,2024-04-30
CUST02215,Customer 2215,Other,50,Trichy,2025-01-05
CUST02216,Customer 2216,Other,60,Trichy,2025-04-20
CUST02217,Customer 2217,Male,30,Coimbatore,2024-10-10
CUST02218,Customer 2218,Male,61,Erode,2026-03-26
CUST02219,Customer 2219,Male,28,Hyderabad,2025-05-24
CUST02220,Customer 2220,Male,59,Thanjavur,2024-02-14
CUST02221,Customer 2221,Male,45,Salem,2024-10-18
CUST02222,Customer 2222,Other,47,Chennai,2024-12-08
CUST02223,Customer 2223,Other,21,Vellore,2024-04-16
CUST02224,Customer 2224,Male,19,Erode,2024-06-29
CUST02225,Customer 2225,Male,22,Trichy,2025-06-11
CUST02226,Customer 2226,Female,55,Bengaluru,2026-01-08
CUST02227,Customer 2227,Female,30,Pondicherry,2024-11-29
CUST02228,Customer 2228,Female,32,Coimbatore,2025-11-24
CUST02229,Customer 2229,Male,24,Trichy,2024-11-29
CUST02230,Customer 2230,Female,30,Tirunelveli,2026-01-25
CUST02231,Customer 2231,Male,48,Bengaluru,2024-08-13
CUST02232,Customer 2232,Male,45,Madurai,2025-05-11
CUST02233,Customer 2233,Other,47,Madurai,2024-08-09
CUST02234,Customer 2234,Female,26,Erode,2025-01-31
CUST02235,Customer 2235,Male,58,Thanjavur,2026-01-07
CUST02236,Customer 2236,Male,39,Madurai,2024-10-03
CUST02237,Customer 2237,Other,54,Chennai,2024-02-02
CUST02238,Customer 2238,Male,25,Erode,2024-10-14
CUST02239,Customer 2239,Female,28,Thanjavur,2025-04-14
CUST02240,Customer 2240,Female,56,Madurai,2024-08-13
CUST02241,Customer 2241,Other,57,Madurai,2026-03-19
CUST02242,Customer 2242,Other,32,Coimbatore,2025-08-14
CUST02243,Customer 2243,Other,49,Trichy,2025-02-25
CUST02244,Customer 2244,Female,47,Salem,2025-08-28
CUST02245,Customer 2245,Other,45,Pondicherry,2024-01-15
CUST02246,Customer 2246,Male,33,Thanjavur,2026-06-12
CUST02247,Customer 2247,Other,32,Bengaluru,2025-03-20
CUST02248,Customer 2248,Other,18,Tirunelveli,2024-06-01
CUST02249,Customer 2249,Male,48,Pondicherry,2024-02-15
CUST02250,Customer 2250,Other,20,Tirunelveli,2026-02-26
CUST02251,Customer 2251,Female,48,Pondicherry,2025-06-27
CUST02252,Customer 2252,Male,46,Erode,2026-04-21
CUST02253,Customer 2253,Male,53,Chennai,2024-09-03
CUST02254,Customer 2254,Other,44,Trichy,2025-12-10
CUST02255,Customer 2255,Female,36,Trichy,2024-05-15
CUST02256,Customer 2256,Male,19,Erode,2025-10-25
CUST02257,Customer 2257,Female,28,Pondicherry,2025-11-16
CUST02258,Customer 2258,Other,65,Bengaluru,2025-04-15
CUST02259,Customer 2259,Female,47,Madurai,2024-01-25
CUST02260,Customer 2260,Other,43,Madurai,2026-06-14
CUST02261,Customer 2261,Female,58,Erode,2026-03-19
CUST02262,Customer 2262,Other,18,Hyderabad,2025-12-21
CUST02263,Customer 2263,Female,62,Thanjavur,2024-03-13
CUST02264,Customer 2264,Male,36,Tirunelveli,2025-06-27
CUST02265,Customer 2265,Female,62,Bengaluru,2026-02-09
CUST02266,Customer 2266,Other,31,Hyderabad,2025-07-09
CUST02267,Customer 2267,Other,39,Pondicherry,2024-03-23
CUST02268,Customer 2268,Other,61,Thanjavur,2024-02-26
CUST02269,Customer 2269,Male,42,Thanjavur,2024-02-22
CUST02270,Customer 2270,Other,20,Thanjavur,2025-04-21
CUST02271,Customer 2271,Male,59,Vellore,2025-01-10
CUST02272,Customer 2272,Male,53,Pondicherry,2025-12-22
CUST02273,Customer 2273,Male,26,Thanjavur,2026-03-03
CUST02274,Customer 2274,Other,25,Hyderabad,2024-09-01
CUST02275,Customer 2275,Other,55,Pondicherry,2025-05-04
CUST02276,Customer 2276,Other,32,Thanjavur,2024-08-02
CUST02277,Customer 2277,Female,50,Hyderabad,2024-12-27
CUST02278,Customer 2278,Female,21,Coimbatore,2025-03-09
CUST02279,Customer 2279,Female,46,Erode,2025-01-16
CUST02280,Customer 2280,Other,25,Erode,2025-05-28
CUST02281,Customer 2281,Other,61,Vellore,2025-12-27
CUST02282,Customer 2282,Female,57,Thanjavur,2024-10-26
CUST02283,Customer 2283,Other,62,Coimbatore,2026-03-30
CUST02284,Customer 2284,Female,23,Coimbatore,2024-07-11
CUST02285,Customer 2285,Male,36,Coimbatore,2025-02-04
CUST02286,Customer 2286,Male,35,Coimbatore,2024-04-21
CUST02287,Customer 2287,Male,49,Madurai,2025-12-14
CUST02288,Customer 2288,Male,51,Hyderabad,2026-06-14
CUST02289,Customer 2289,Female,44,Hyderabad,2024-01-24
CUST02290,Customer 2290,Male,48,Thanjavur,2025-07-08
CUST02291,Customer 2291,Female,65,Hyderabad,2025-03-06
CUST02292,Customer 2292,Female,30,Coimbatore,2024-01-22
CUST02293,Customer 2293,Male,51,Hyderabad,2024-01-23
CUST02294,Customer 2294,Female,55,Thanjavur,2024-12-09
CUST02295,Customer 2295,Other,38,Erode,2025-11-02
CUST02296,Customer 2296,Other,62,Vellore,2025-08-30
CUST02297,Customer 2297,Other,46,Erode,2026-05-12
CUST02298,Customer 2298,Other,26,Salem,2024-11-07
CUST02299,Customer 2299,Female,32,Erode,2024-06-24
CUST02300,Customer 2300,Female,21,Madurai,2025-01-15
CUST02301,Customer 2301,Female,47,Madurai,2024-12-27
CUST02302,Customer 2302,Male,63,Vellore,2025-09-25
CUST02303,Customer 2303,Male,29,Pondicherry,2024-10-19
CUST02304,Customer 2304,Other,27,Madurai,2025-12-10
CUST02305,Customer 2305,Male,20,Thanjavur,2024-08-31
CUST02306,Customer 2306,Male,46,Salem,2025-08-11
CUST02307,Customer 2307,Male,31,Vellore,2025-01-13
CUST02308,Customer 2308,Male,60,Thanjavur,2025-12-25
CUST02309,Customer 2309,Male,41,Erode,2024-12-18
CUST02310,Customer 2310,Male,52,Salem,2025-07-06
CUST02311,Customer 2311,Male,43,Erode,2024-05-04
CUST02312,Customer 2312,Male,47,Thanjavur,2026-02-25
CUST02313,Customer 2313,Male,65,Vellore,2024-06-08
CUST02314,Customer 2314,Female,59,Pondicherry,2025-06-03
CUST02315,Customer 2315,Female,36,Bengaluru,2024-10-29
CUST02316,Customer 2316,Male,54,Pondicherry,2025-11-13
CUST02317,Customer 2317,Female,62,Coimbatore,2025-03-28
CUST02318,Customer 2318,Female,20,Madurai,2026-01-19
CUST02319,Customer 2319,Other,25,Salem,2025-11-25
CUST02320,Customer 2320,Female,57,Trichy,2024-01-26
CUST02321,Customer 2321,Female,23,Thanjavur,2025-04-01
CUST02322,Customer 2322,Other,59,Trichy,2024-02-26
CUST02323,Customer 2323,Other,32,Salem,2025-08-20
CUST02324,Customer 2324,Male,23,Vellore,2024-07-19
CUST02325,Customer 2325,Female,61,Hyderabad,2026-05-19
CUST02326,Customer 2326,Other,43,Trichy,2024-03-30
CUST02327,Customer 2327,Female,56,Bengaluru,2025-05-17
CUST02328,Customer 2328,Male,60,Thanjavur,2025-06-07
CUST02329,Customer 2329,Male,63,Tirunelveli,2025-02-11
CUST02330,Customer 2330,Female,41,Chennai,2025-01-13
CUST02331,Customer 2331,Female,40,Salem,2024-10-18
CUST02332,Customer 2332,Other,23,Trichy,2025-04-01
CUST02333,Customer 2333,Female,65,Tirunelveli,2026-01-15
CUST02334,Customer 2334,Female,36,Madurai,2026-04-02
CUST02335,Customer 2335,Other,45,Pondicherry,2026-04-05
CUST02336,Customer 2336,Male,55,Bengaluru,2025-02-28
CUST02337,Customer 2337,Male,31,Salem,2024-03-29
CUST02338,Customer 2338,Other,39,Coimbatore,2025-05-01
CUST02339,Customer 2339,Female,23,Chennai,2025-08-27
CUST02340,Customer 2340,Other,35,Tirunelveli,2025-02-23
CUST02341,Customer 2341,Other,47,Pondicherry,2024-06-28
CUST02342,Customer 2342,Male,30,Madurai,2025-08-04
CUST02343,Customer 2343,Female,36,Vellore,2026-05-02
CUST02344,Customer 2344,Male,37,Bengaluru,2025-05-17
CUST02345,Customer 2345,Female,53,Pondicherry,2024-11-07
CUST02346,Customer 2346,Male,19,Chennai,2025-04-19
CUST02347,Customer 2347,Female,37,Hyderabad,2024-06-06
CUST02348,Customer 2348,Other,48,Coimbatore,2026-05-04
CUST02349,Customer 2349,Other,36,Tirunelveli,2025-10-31
CUST02350,Customer 2350,Female,62,Hyderabad,2024-07-02
CUST02351,Customer 2351,Male,25,Salem,2024-09-07
CUST02352,Customer 2352,Male,56,Pondicherry,2025-05-19
CUST02353,Customer 2353,Other,48,Bengaluru,2025-01-05
CUST02354,Customer 2354,Female,58,Hyderabad,2025-03-22
CUST02355,Customer 2355,Other,25,Thanjavur,2025-05-02
CUST02356,Customer 2356,Other,54,Chennai,2025-06-08
CUST02357,Customer 2357,Female,28,Bengaluru,2026-05-15
CUST02358,Customer 2358,Male,38,Erode,2024-02-29
CUST02359,Customer 2359,Other,26,Thanjavur,2026-06-18
CUST02360,Customer 2360,Male,35,Thanjavur,2024-06-16
CUST02361,Customer 2361,Other,40,Chennai,2025-03-05
CUST02362,Customer 2362,Female,51,Hyderabad,2024-10-23
CUST02363,Customer 2363,Other,30,Hyderabad,2024-03-19
CUST02364,Customer 2364,Male,56,Madurai,2024-07-06
CUST02365,Customer 2365,Female,38,Hyderabad,2025-07-10
CUST02366,Customer 2366,Female,35,Hyderabad,2026-03-30
CUST02367,Customer 2367,Other,41,Coimbatore,2025-12-15
CUST02368,Customer 2368,Other,40,Madurai,2025-07-01
CUST02369,Customer 2369,Male,51,Salem,2024-01-14
CUST02370,Customer 2370,Female,44,Thanjavur,2025-01-16
CUST02371,Customer 2371,Male,31,Madurai,2024-06-15
CUST02372,Customer 2372,Male,30,Vellore,2025-05-30
CUST02373,Customer 2373,Other,51,Vellore,2025-09-20
CUST02374,Customer 2374,Other,62,Coimbatore,2025-12-30
CUST02375,Customer 2375,Female,22,Coimbatore,2025-03-03
CUST02376,Customer 2376,Male,19,Erode,2026-04-18
CUST02377,Customer 2377,Female,62,Thanjavur,2024-12-22
CUST02378,Customer 2378,Female,56,Vellore,2024-05-22
CUST02379,Customer 2379,Female,29,Pondicherry,2026-02-20
CUST02380,Customer 2380,Male,65,Coimbatore,2024-11-07
CUST02381,Customer 2381,Male,62,Madurai,2024-08-15
CUST02382,Customer 2382,Male,37,Madurai,2025-12-05
CUST02383,Customer 2383,Male,23,Tirunelveli,2024-08-02
CUST02384,Customer 2384,Male,22,Chennai,2025-12-08
CUST02385,Customer 2385,Female,45,Chennai,2026-03-04
CUST02386,Customer 2386,Male,20,Hyderabad,2024-07-20
CUST02387,Customer 2387,Other,21,Erode,2025-06-09
CUST02388,Customer 2388,Female,20,Coimbatore,2024-05-01
CUST02389,Customer 2389,Other,18,Coimbatore,2024-11-04
CUST02390,Customer 2390,Male,56,Trichy,2026-03-12
CUST02391,Customer 2391,Male,29,Hyderabad,2025-08-24
CUST02392,Customer 2392,Male,23,Madurai,2024-12-25
CUST02393,Customer 2393,Other,35,Bengaluru,2026-05-16
CUST02394,Customer 2394,Female,28,Vellore,2024-12-22
CUST02395,Customer 2395,Other,57,Trichy,2026-03-10
CUST02396,Customer 2396,Other,22,Coimbatore,2025-06-01
CUST02397,Customer 2397,Other,18,Vellore,2026-04-19
CUST02398,Customer 2398,Other,30,Salem,2024-08-10
CUST02399,Customer 2399,Other,18,Pondicherry,2024-06-24
CUST02400,Customer 2400,Male,50,Pondicherry,2024-04-11
CUST02401,Customer 2401,Female,62,Bengaluru,2025-05-01
CUST02402,Customer 2402,Female,61,Coimbatore,2024-07-08
CUST02403,Customer 2403,Female,42,Tirunelveli,2024-07-04
CUST02404,Customer 2404,Other,32,Tirunelveli,2024-08-07
CUST02405,Customer 2405,Female,25,Erode,2024-04-25
CUST02406,Customer 2406,Other,26,Erode,2024-04-22
CUST02407,Customer 2407,Female,63,Salem,2026-02-19
CUST02408,Customer 2408,Other,20,Coimbatore,2025-07-24
CUST02409,Customer 2409,Female,25,Tirunelveli,2024-12-01
CUST02410,Customer 2410,Female,56,Pondicherry,2024-10-17
CUST02411,Customer 2411,Other,46,Trichy,2024-11-15
CUST02412,Customer 2412,Female,36,Tirunelveli,2025-07-21
CUST02413,Customer 2413,Male,48,Hyderabad,2024-07-12
CUST02414,Customer 2414,Male,18,Hyderabad,2025-01-11
CUST02415,Customer 2415,Other,24,Tirunelveli,2025-05-18
CUST02416,Customer 2416,Other,60,Hyderabad,2025-03-24
CUST02417,Customer 2417,Male,27,Tirunelveli,2024-03-28
CUST02418,Customer 2418,Other,55,Coimbatore,2025-02-14
CUST02419,Customer 2419,Male,22,Thanjavur,2026-01-29
CUST02420,Customer 2420,Female,30,Bengaluru,2024-07-22
CUST02421,Customer 2421,Female,25,Trichy,2026-05-14
CUST02422,Customer 2422,Female,64,Erode,2026-05-08
CUST02423,Customer 2423,Other,55,Bengaluru,2024-10-12
CUST02424,Customer 2424,Other,43,Thanjavur,2024-10-06
CUST02425,Customer 2425,Other,56,Tirunelveli,2025-05-02
CUST02426,Customer 2426,Other,35,Madurai,2025-05-11
CUST02427,Customer 2427,Female,24,Coimbatore,2026-02-25
CUST02428,Customer 2428,Female,49,Trichy,2024-09-13
CUST02429,Customer 2429,Male,19,Coimbatore,2025-10-05
CUST02430,Customer 2430,Male,22,Erode,2026-01-25
CUST02431,Customer 2431,Male,29,Tirunelveli,2025-11-25
CUST02432,Customer 2432,Other,38,Madurai,2025-09-11
CUST02433,Customer 2433,Other,57,Coimbatore,2024-11-06
CUST02434,Customer 2434,Male,60,Vellore,2026-02-17
CUST02435,Customer 2435,Female,47,Trichy,2026-02-24
CUST02436,Customer 2436,Other,49,Erode,2024-10-27
CUST02437,Customer 2437,Female,52,Thanjavur,2025-05-31
CUST02438,Customer 2438,Other,52,Chennai,2026-04-08
CUST02439,Customer 2439,Male,45,Coimbatore,2026-02-21
CUST02440,Customer 2440,Female,38,Tirunelveli,2025-01-27
CUST02441,Customer 2441,Female,20,Chennai,2025-03-29
CUST02442,Customer 2442,Other,60,Salem,2024-06-30
CUST02443,Customer 2443,Male,49,Tirunelveli,2025-12-24
CUST02444,Customer 2444,Female,63,Tirunelveli,2024-05-17
CUST02445,Customer 2445,Male,54,Hyderabad,2025-05-14
CUST02446,Customer 2446,Other,53,Hyderabad,2025-05-17
CUST02447,Customer 2447,Other,48,Erode,2025-07-06
CUST02448,Customer 2448,Male,50,Chennai,2025-07-29
CUST02449,Customer 2449,Female,49,Bengaluru,2025-02-04
CUST02450,Customer 2450,Other,61,Thanjavur,2025-01-21
CUST02451,Customer 2451,Female,38,Chennai,2026-02-23
CUST02452,Customer 2452,Other,20,Madurai,2024-01-29
CUST02453,Customer 2453,Female,40,Pondicherry,2026-05-07
CUST02454,Customer 2454,Male,58,Thanjavur,2025-08-20
CUST02455,Customer 2455,Male,45,Thanjavur,2025-01-24
CUST02456,Customer 2456,Female,40,Chennai,2024-12-31
CUST02457,Customer 2457,Male,33,Trichy,2025-11-08
CUST02458,Customer 2458,Female,55,Coimbatore,2025-10-25
CUST02459,Customer 2459,Male,37,Coimbatore,2025-12-05
CUST02460,Customer 2460,Male,19,Vellore,2024-12-11
CUST02461,Customer 2461,Male,47,Hyderabad,2024-11-29
CUST02462,Customer 2462,Female,54,Vellore,2026-06-03
CUST02463,Customer 2463,Female,19,Pondicherry,2025-03-07
CUST02464,Customer 2464,Other,19,Thanjavur,2025-04-25
CUST02465,Customer 2465,Other,42,Thanjavur,2025-01-21
CUST02466,Customer 2466,Male,49,Coimbatore,2025-08-09
CUST02467,Customer 2467,Other,31,Thanjavur,2025-12-08
CUST02468,Customer 2468,Other,60,Thanjavur,2025-05-23
CUST02469,Customer 2469,Other,37,Thanjavur,2024-06-19
CUST02470,Customer 2470,Male,49,Hyderabad,2025-03-22
CUST02471,Customer 2471,Male,52,Trichy,2026-05-17
CUST02472,Customer 2472,Female,21,Salem,2024-10-21
CUST02473,Customer 2473,Female,32,Bengaluru,2025-08-10
CUST02474,Customer 2474,Male,63,Bengaluru,2026-01-30
CUST02475,Customer 2475,Other,39,Salem,2024-04-07
CUST02476,Customer 2476,Other,51,Erode,2024-03-09
CUST02477,Customer 2477,Male,40,Coimbatore,2025-03-13
CUST02478,Customer 2478,Female,50,Salem,2025-10-29
CUST02479,Customer 2479,Other,52,Thanjavur,2025-03-19
CUST02480,Customer 2480,Female,43,Salem,2024-07-23
CUST02481,Customer 2481,Other,47,Hyderabad,2025-10-01
CUST02482,Customer 2482,Other,29,Chennai,2026-02-20
CUST02483,Customer 2483,Other,51,Madurai,2025-10-04
CUST02484,Customer 2484,Female,31,Hyderabad,2025-08-13
CUST02485,Customer 2485,Other,47,Salem,2026-04-23
CUST02486,Customer 2486,Other,57,Tirunelveli,2025-10-15
CUST02487,Customer 2487,Other,58,Chennai,2025-08-02
CUST02488,Customer 2488,Male,41,Erode,2025-06-18
CUST02489,Customer 2489,Male,27,Pondicherry,2024-05-31
CUST02490,Customer 2490,Female,45,Tirunelveli,2025-12-02
CUST02491,Customer 2491,Male,58,Trichy,2024-11-22
CUST02492,Customer 2492,Female,35,Salem,2026-05-16
CUST02493,Customer 2493,Male,34,Hyderabad,2025-10-23
CUST02494,Customer 2494,Male,43,Trichy,2025-09-07
CUST02495,Customer 2495,Male,30,Chennai,2024-04-26
CUST02496,Customer 2496,Female,47,Erode,2024-09-08
CUST02497,Customer 2497,Female,45,Hyderabad,2025-07-27
CUST02498,Customer 2498,Male,28,Salem,2024-02-07
CUST02499,Customer 2499,Male,34,Salem,2024-05-19
CUST02500,Customer 2500,Other,29,Hyderabad,2025-11-05
CUST02501,Customer 2501,Male,64,Erode,2026-05-22
CUST02502,Customer 2502,Male,21,Coimbatore,2026-03-12
CUST02503,Customer 2503,Other,37,Coimbatore,2024-11-17
CUST02504,Customer 2504,Female,60,Hyderabad,2025-02-20
CUST02505,Customer 2505,Female,64,Madurai,2024-04-02
CUST02506,Customer 2506,Male,54,Pondicherry,2024-08-29
CUST02507,Customer 2507,Male,51,Hyderabad,2025-05-27
CUST02508,Customer 2508,Other,51,Salem,2026-04-28
CUST02509,Customer 2509,Male,33,Bengaluru,2025-05-23
CUST02510,Customer 2510,Female,39,Bengaluru,2024-05-05
CUST02511,Customer 2511,Female,65,Pondicherry,2026-01-24
CUST02512,Customer 2512,Female,31,Madurai,2024-08-29
CUST02513,Customer 2513,Male,31,Salem,2024-04-19
CUST02514,Customer 2514,Female,34,Bengaluru,2025-03-26
CUST02515,Customer 2515,Female,52,Thanjavur,2024-02-27
CUST02516,Customer 2516,Male,38,Vellore,2025-12-17
CUST02517,Customer 2517,Female,61,Trichy,2025-03-09
CUST02518,Customer 2518,Male,41,Erode,2024-10-11
CUST02519,Customer 2519,Female,37,Chennai,2026-01-02
CUST02520,Customer 2520,Other,20,Pondicherry,2025-10-22
CUST02521,Customer 2521,Male,62,Hyderabad,2025-11-09
CUST02522,Customer 2522,Female,53,Tirunelveli,2024-09-02
CUST02523,Customer 2523,Other,62,Thanjavur,2024-11-12
CUST02524,Customer 2524,Other,25,Vellore,2026-04-11
CUST02525,Customer 2525,Male,46,Tirunelveli,2026-06-06
CUST02526,Customer 2526,Female,34,Salem,2024-01-09
CUST02527,Customer 2527,Male,37,Trichy,2024-04-02
CUST02528,Customer 2528,Male,46,Hyderabad,2026-05-30
CUST02529,Customer 2529,Other,44,Chennai,2024-11-20
CUST02530,Customer 2530,Male,49,Erode,2024-10-07
CUST02531,Customer 2531,Female,39,Pondicherry,2026-01-24
CUST02532,Customer 2532,Male,28,Pondicherry,2025-03-08
CUST02533,Customer 2533,Other,22,Thanjavur,2024-09-24
CUST02534,Customer 2534,Other,64,Vellore,2025-03-06
CUST02535,Customer 2535,Female,47,Pondicherry,2026-01-25
CUST02536,Customer 2536,Male,59,Hyderabad,2024-01-29
CUST02537,Customer 2537,Other,46,Hyderabad,2024-07-07
CUST02538,Customer 2538,Male,43,Trichy,2024-05-19
CUST02539,Customer 2539,Female,38,Bengaluru,2025-10-05
CUST02540,Customer 2540,Male,28,Trichy,2024-03-25
CUST02541,Customer 2541,Other,59,Madurai,2025-06-12
CUST02542,Customer 2542,Other,61,Tirunelveli,2026-05-17
CUST02543,Customer 2543,Female,46,Erode,2026-03-22
CUST02544,Customer 2544,Other,26,Salem,2026-06-13
CUST02545,Customer 2545,Other,55,Thanjavur,2024-06-26
CUST02546,Customer 2546,Female,30,Coimbatore,2026-03-29
CUST02547,Customer 2547,Female,29,Tirunelveli,2025-02-28
CUST02548,Customer 2548,Female,54,Trichy,2026-06-16
CUST02549,Customer 2549,Male,53,Hyderabad,2024-01-22
CUST02550,Customer 2550,Other,32,Coimbatore,2025-09-18
CUST02551,Customer 2551,Male,34,Pondicherry,2025-04-18
CUST02552,Customer 2552,Male,21,Tirunelveli,2026-05-22
CUST02553,Customer 2553,Female,56,Salem,2025-09-24
CUST02554,Customer 2554,Male,41,Madurai,2024-06-01
CUST02555,Customer 2555,Male,18,Pondicherry,2025-08-03
CUST02556,Customer 2556,Female,47,Hyderabad,2025-06-22
CUST02557,Customer 2557,Male,32,Pondicherry,2025-05-21
CUST02558,Customer 2558,Male,35,Salem,2024-07-27
CUST02559,Customer 2559,Female,42,Madurai,2026-02-03
CUST02560,Customer 2560,Male,56,Trichy,2025-03-17
CUST02561,Customer 2561,Female,64,Hyderabad,2026-04-23
CUST02562,Customer 2562,Female,29,Tirunelveli,2024-07-12
CUST02563,Customer 2563,Male,19,Salem,2026-03-22
CUST02564,Customer 2564,Male,57,Erode,2024-09-25
CUST02565,Customer 2565,Female,55,Hyderabad,2024-09-11
CUST02566,Customer 2566,Female,23,Chennai,2025-10-24
CUST02567,Customer 2567,Male,38,Pondicherry,2025-04-25
CUST02568,Customer 2568,Other,31,Pondicherry,2025-02-11
CUST02569,Customer 2569,Other,45,Pondicherry,2025-01-27
CUST02570,Customer 2570,Female,22,Coimbatore,2025-09-03
CUST02571,Customer 2571,Male,21,Thanjavur,2025-07-24
CUST02572,Customer 2572,Female,40,Bengaluru,2024-08-28
CUST02573,Customer 2573,Other,63,Pondicherry,2025-11-17
CUST02574,Customer 2574,Male,18,Salem,2026-04-09
CUST02575,Customer 2575,Other,42,Salem,2025-05-31
CUST02576,Customer 2576,Other,41,Madurai,2025-02-08
CUST02577,Customer 2577,Male,55,Madurai,2025-07-26
CUST02578,Customer 2578,Male,50,Erode,2024-09-23
CUST02579,Customer 2579,Female,26,Coimbatore,2024-12-13
CUST02580,Customer 2580,Other,51,Tirunelveli,2024-11-20
CUST02581,Customer 2581,Female,25,Thanjavur,2024-05-25
CUST02582,Customer 2582,Male,49,Salem,2024-02-15
CUST02583,Customer 2583,Female,45,Salem,2026-02-04
CUST02584,Customer 2584,Female,57,Salem,2026-06-16
CUST02585,Customer 2585,Female,45,Madurai,2025-06-13
CUST02586,Customer 2586,Other,49,Madurai,2024-11-19
CUST02587,Customer 2587,Other,58,Erode,2025-07-23
CUST02588,Customer 2588,Male,27,Chennai,2024-02-24
CUST02589,Customer 2589,Male,20,Erode,2024-08-23
CUST02590,Customer 2590,Male,63,Erode,2024-09-23
CUST02591,Customer 2591,Male,49,Chennai,2025-03-22
CUST02592,Customer 2592,Female,63,Vellore,2025-03-28
CUST02593,Customer 2593,Female,49,Coimbatore,2025-05-11
CUST02594,Customer 2594,Other,27,Coimbatore,2026-05-16
CUST02595,Customer 2595,Male,31,Salem,2024-12-23
CUST02596,Customer 2596,Male,65,Vellore,2024-07-03
CUST02597,Customer 2597,Female,54,Hyderabad,2026-04-22
CUST02598,Customer 2598,Male,55,Chennai,2025-08-22
CUST02599,Customer 2599,Other,29,Tirunelveli,2025-06-22
CUST02600,Customer 2600,Male,49,Hyderabad,2024-03-19
CUST02601,Customer 2601,Female,19,Salem,2024-04-06
CUST02602,Customer 2602,Other,25,Tirunelveli,2025-11-28
CUST02603,Customer 2603,Other,24,Thanjavur,2025-01-17
CUST02604,Customer 2604,Male,23,Erode,2024-06-06
CUST02605,Customer 2605,Other,60,Erode,2026-04-30
CUST02606,Customer 2606,Other,35,Bengaluru,2025-04-09
CUST02607,Customer 2607,Male,39,Chennai,2025-11-04
CUST02608,Customer 2608,Other,46,Thanjavur,2025-11-02
CUST02609,Customer 2609,Other,54,Madurai,2026-01-19
CUST02610,Customer 2610,Male,59,Salem,2024-08-04
CUST02611,Customer 2611,Male,65,Coimbatore,2024-11-26
CUST02612,Customer 2612,Other,42,Coimbatore,2025-07-14
CUST02613,Customer 2613,Female,29,Trichy,2025-02-12
CUST02614,Customer 2614,Female,23,Chennai,2026-02-28
CUST02615,Customer 2615,Male,28,Tirunelveli,2026-05-22
CUST02616,Customer 2616,Female,36,Hyderabad,2026-03-09
CUST02617,Customer 2617,Other,27,Coimbatore,2026-02-09
CUST02618,Customer 2618,Female,45,Pondicherry,2024-11-01
CUST02619,Customer 2619,Female,61,Bengaluru,2026-04-05
CUST02620,Customer 2620,Female,60,Coimbatore,2024-05-14
CUST02621,Customer 2621,Female,50,Trichy,2026-05-02
CUST02622,Customer 2622,Female,42,Erode,2025-05-16
CUST02623,Customer 2623,Other,56,Tirunelveli,2024-10-01
CUST02624,Customer 2624,Female,41,Bengaluru,2024-04-02
CUST02625,Customer 2625,Female,58,Tirunelveli,2024-07-09
CUST02626,Customer 2626,Male,50,Thanjavur,2024-04-05
CUST02627,Customer 2627,Other,32,Hyderabad,2025-04-19
CUST02628,Customer 2628,Other,27,Erode,2025-12-03
CUST02629,Customer 2629,Other,59,Vellore,2025-06-23
CUST02630,Customer 2630,Female,47,Tirunelveli,2024-03-26
CUST02631,Customer 2631,Female,37,Madurai,2024-03-22
CUST02632,Customer 2632,Other,37,Trichy,2024-05-10
CUST02633,Customer 2633,Female,36,Bengaluru,2025-06-19
CUST02634,Customer 2634,Other,22,Chennai,2024-02-18
CUST02635,Customer 2635,Male,50,Tirunelveli,2025-06-09
CUST02636,Customer 2636,Male,47,Hyderabad,2025-02-26
CUST02637,Customer 2637,Other,34,Thanjavur,2026-01-07
CUST02638,Customer 2638,Other,23,Vellore,2024-09-17
CUST02639,Customer 2639,Male,65,Hyderabad,2024-01-17
CUST02640,Customer 2640,Male,29,Tirunelveli,2025-04-18
CUST02641,Customer 2641,Male,44,Pondicherry,2024-02-16
CUST02642,Customer 2642,Female,55,Pondicherry,2024-10-31
CUST02643,Customer 2643,Other,46,Bengaluru,2025-04-10
CUST02644,Customer 2644,Female,39,Madurai,2026-04-07
CUST02645,Customer 2645,Male,23,Pondicherry,2024-08-04
CUST02646,Customer 2646,Female,61,Coimbatore,2025-09-10
CUST02647,Customer 2647,Other,19,Chennai,2025-03-20
CUST02648,Customer 2648,Male,18,Madurai,2025-02-08
CUST02649,Customer 2649,Female,47,Pondicherry,2025-11-02
CUST02650,Customer 2650,Other,65,Bengaluru,2025-02-18
CUST02651,Customer 2651,Female,37,Bengaluru,2026-01-13
CUST02652,Customer 2652,Other,41,Pondicherry,2026-04-12
CUST02653,Customer 2653,Other,61,Tirunelveli,2025-11-20
CUST02654,Customer 2654,Female,23,Madurai,2026-04-03
CUST02655,Customer 2655,Male,30,Coimbatore,2024-05-18
CUST02656,Customer 2656,Male,62,Trichy,2026-04-15
CUST02657,Customer 2657,Male,31,Erode,2026-05-29
CUST02658,Customer 2658,Male,59,Trichy,2025-10-26
CUST02659,Customer 2659,Other,52,Trichy,2025-03-22
CUST02660,Customer 2660,Female,47,Madurai,2024-03-29
CUST02661,Customer 2661,Female,19,Coimbatore,2025-04-30
CUST02662,Customer 2662,Male,65,Pondicherry,2024-06-19
CUST02663,Customer 2663,Female,48,Chennai,2025-03-31
CUST02664,Customer 2664,Female,55,Trichy,2026-05-30
CUST02665,Customer 2665,Female,54,Tirunelveli,2024-07-25
CUST02666,Customer 2666,Female,18,Coimbatore,2024-02-22
CUST02667,Customer 2667,Other,45,Tirunelveli,2025-10-07
CUST02668,Customer 2668,Female,65,Bengaluru,2026-05-18
CUST02669,Customer 2669,Other,53,Salem,2025-09-02
CUST02670,Customer 2670,Female,43,Erode,2024-02-07
CUST02671,Customer 2671,Other,64,Bengaluru,2025-06-09
CUST02672,Customer 2672,Female,32,Pondicherry,2025-11-25
CUST02673,Customer 2673,Other,19,Tirunelveli,2024-03-03
CUST02674,Customer 2674,Female,53,Coimbatore,2025-08-13
CUST02675,Customer 2675,Other,44,Erode,2024-10-01
CUST02676,Customer 2676,Female,57,Hyderabad,2024-04-29
CUST02677,Customer 2677,Female,62,Tirunelveli,2024-12-21
CUST02678,Customer 2678,Male,36,Pondicherry,2024-01-22
CUST02679,Customer 2679,Female,40,Erode,2024-07-15
CUST02680,Customer 2680,Other,32,Bengaluru,2024-08-25
CUST02681,Customer 2681,Female,56,Pondicherry,2025-12-02
CUST02682,Customer 2682,Female,26,Salem,2025-11-03
CUST02683,Customer 2683,Other,42,Tirunelveli,2026-01-10
CUST02684,Customer 2684,Other,59,Pondicherry,2026-05-03
CUST02685,Customer 2685,Female,28,Bengaluru,2025-01-03
CUST02686,Customer 2686,Female,62,Pondicherry,2024-07-31
CUST02687,Customer 2687,Other,48,Madurai,2024-03-29
CUST02688,Customer 2688,Male,28,Bengaluru,2024-06-26
CUST02689,Customer 2689,Male,44,Erode,2025-05-18
CUST02690,Customer 2690,Male,31,Vellore,2024-11-06
CUST02691,Customer 2691,Male,40,Salem,2024-02-18
CUST02692,Customer 2692,Other,28,Madurai,2024-12-31
CUST02693,Customer 2693,Other,20,Coimbatore,2026-04-27
CUST02694,Customer 2694,Female,25,Bengaluru,2024-12-11
CUST02695,Customer 2695,Male,53,Trichy,2024-08-20
CUST02696,Customer 2696,Female,39,Thanjavur,2025-05-13
CUST02697,Customer 2697,Male,53,Salem,2026-02-26
CUST02698,Customer 2698,Other,50,Bengaluru,2024-06-03
CUST02699,Customer 2699,Male,63,Chennai,2025-11-16
CUST02700,Customer 2700,Female,25,Coimbatore,2025-03-24
CUST02701,Customer 2701,Other,57,Coimbatore,2026-03-11
CUST02702,Customer 2702,Other,20,Vellore,2026-04-23
CUST02703,Customer 2703,Male,58,Coimbatore,2024-04-17
CUST02704,Customer 2704,Male,41,Madurai,2026-06-10
CUST02705,Customer 2705,Female,63,Erode,2026-01-15
CUST02706,Customer 2706,Other,49,Pondicherry,2026-02-19
CUST02707,Customer 2707,Male,27,Hyderabad,2026-06-10
CUST02708,Customer 2708,Female,26,Coimbatore,2025-01-07
CUST02709,Customer 2709,Male,46,Tirunelveli,2026-05-18
CUST02710,Customer 2710,Male,33,Erode,2026-02-26
CUST02711,Customer 2711,Female,50,Madurai,2024-12-15
CUST02712,Customer 2712,Female,41,Pondicherry,2024-03-28
CUST02713,Customer 2713,Female,41,Hyderabad,2026-02-11
CUST02714,Customer 2714,Male,27,Vellore,2025-11-11
CUST02715,Customer 2715,Male,26,Tirunelveli,2025-03-07
CUST02716,Customer 2716,Female,47,Vellore,2025-02-27
CUST02717,Customer 2717,Other,41,Chennai,2026-03-24
CUST02718,Customer 2718,Male,18,Pondicherry,2025-03-29
CUST02719,Customer 2719,Other,22,Coimbatore,2026-04-05
CUST02720,Customer 2720,Female,43,Madurai,2024-12-12
CUST02721,Customer 2721,Male,43,Chennai,2025-03-20
CUST02722,Customer 2722,Other,27,Bengaluru,2025-11-07
CUST02723,Customer 2723,Other,63,Hyderabad,2024-02-29
CUST02724,Customer 2724,Other,36,Tirunelveli,2026-06-15
CUST02725,Customer 2725,Other,62,Vellore,2025-02-15
CUST02726,Customer 2726,Female,64,Pondicherry,2026-06-13
CUST02727,Customer 2727,Female,18,Salem,2024-11-17
CUST02728,Customer 2728,Other,27,Pondicherry,2025-06-24
CUST02729,Customer 2729,Female,59,Trichy,2025-02-17
CUST02730,Customer 2730,Other,57,Hyderabad,2025-07-11
CUST02731,Customer 2731,Other,40,Hyderabad,2025-03-28
CUST02732,Customer 2732,Male,37,Coimbatore,2025-02-18
CUST02733,Customer 2733,Other,39,Tirunelveli,2024-02-07
CUST02734,Customer 2734,Other,65,Madurai,2026-01-12
CUST02735,Customer 2735,Other,36,Trichy,2025-06-16
CUST02736,Customer 2736,Other,53,Salem,2024-04-05
CUST02737,Customer 2737,Female,58,Madurai,2025-06-17
CUST02738,Customer 2738,Male,52,Bengaluru,2024-01-24
CUST02739,Customer 2739,Male,37,Pondicherry,2024-09-21
CUST02740,Customer 2740,Other,25,Pondicherry,2025-03-08
CUST02741,Customer 2741,Female,34,Hyderabad,2024-03-02
CUST02742,Customer 2742,Female,25,Chennai,2025-06-03
CUST02743,Customer 2743,Other,25,Erode,2026-02-13
CUST02744,Customer 2744,Other,65,Chennai,2024-11-01
CUST02745,Customer 2745,Female,33,Pondicherry,2025-04-09
CUST02746,Customer 2746,Other,63,Hyderabad,2025-08-18
CUST02747,Customer 2747,Other,56,Trichy,2025-11-12
CUST02748,Customer 2748,Female,36,Hyderabad,2024-12-24
CUST02749,Customer 2749,Other,54,Hyderabad,2026-03-14
CUST02750,Customer 2750,Other,42,Vellore,2024-05-23
CUST02751,Customer 2751,Male,24,Thanjavur,2026-01-25
CUST02752,Customer 2752,Other,30,Thanjavur,2025-06-12
CUST02753,Customer 2753,Male,27,Pondicherry,2025-04-10
CUST02754,Customer 2754,Female,23,Coimbatore,2025-03-11
CUST02755,Customer 2755,Female,26,Erode,2024-03-04
CUST02756,Customer 2756,Female,22,Thanjavur,2024-08-07
CUST02757,Customer 2757,Other,43,Bengaluru,2025-11-24
CUST02758,Customer 2758,Other,43,Salem,2025-07-26
CUST02759,Customer 2759,Female,58,Tirunelveli,2025-08-21
CUST02760,Customer 2760,Other,49,Pondicherry,2025-03-26
CUST02761,Customer 2761,Male,27,Vellore,2025-03-02
CUST02762,Customer 2762,Female,63,Erode,2024-05-10
CUST02763,Customer 2763,Other,50,Vellore,2024-05-12
CUST02764,Customer 2764,Other,31,Erode,2024-04-30
CUST02765,Customer 2765,Male,65,Madurai,2025-04-29
CUST02766,Customer 2766,Female,25,Bengaluru,2025-07-26
CUST02767,Customer 2767,Female,25,Coimbatore,2026-05-22
CUST02768,Customer 2768,Other,36,Chennai,2025-01-13
CUST02769,Customer 2769,Male,25,Thanjavur,2025-06-19
CUST02770,Customer 2770,Female,37,Salem,2024-11-08
CUST02771,Customer 2771,Male,27,Madurai,2025-05-12
CUST02772,Customer 2772,Other,44,Chennai,2026-03-13
CUST02773,Customer 2773,Female,31,Madurai,2024-11-08
CUST02774,Customer 2774,Other,49,Chennai,2026-04-18
CUST02775,Customer 2775,Other,40,Coimbatore,2024-05-05
CUST02776,Customer 2776,Male,44,Erode,2026-06-10
CUST02777,Customer 2777,Female,54,Erode,2025-08-09
CUST02778,Customer 2778,Female,48,Pondicherry,2024-12-11
CUST02779,Customer 2779,Other,26,Madurai,2026-05-03
CUST02780,Customer 2780,Other,47,Erode,2025-05-31
CUST02781,Customer 2781,Female,27,Pondicherry,2025-11-14
CUST02782,Customer 2782,Male,57,Hyderabad,2024-11-29
CUST02783,Customer 2783,Female,42,Trichy,2025-09-30
CUST02784,Customer 2784,Female,52,Chennai,2025-02-08
CUST02785,Customer 2785,Female,65,Salem,2025-11-17
CUST02786,Customer 2786,Male,28,Pondicherry,2025-10-23
CUST02787,Customer 2787,Other,58,Pondicherry,2024-01-26
CUST02788,Customer 2788,Other,59,Coimbatore,2024-11-12
CUST02789,Customer 2789,Other,23,Trichy,2025-10-21
CUST02790,Customer 2790,Other,54,Chennai,2025-09-25
CUST02791,Customer 2791,Other,30,Erode,2025-08-06
CUST02792,Customer 2792,Male,25,Hyderabad,2025-05-29
CUST02793,Customer 2793,Male,19,Salem,2025-06-28
CUST02794,Customer 2794,Male,33,Pondicherry,2026-03-16
CUST02795,Customer 2795,Other,46,Coimbatore,2026-05-09
CUST02796,Customer 2796,Other,56,Thanjavur,2026-04-06
CUST02797,Customer 2797,Other,20,Erode,2025-02-15
CUST02798,Customer 2798,Male,39,Tirunelveli,2026-06-01
CUST02799,Customer 2799,Female,19,Vellore,2024-07-03
CUST02800,Customer 2800,Female,34,Coimbatore,2024-11-20
CUST02801,Customer 2801,Male,52,Madurai,2024-04-27
CUST02802,Customer 2802,Male,29,Salem,2024-10-19
CUST02803,Customer 2803,Male,27,Salem,2026-02-25
CUST02804,Customer 2804,Other,28,Chennai,2025-02-21
CUST02805,Customer 2805,Female,29,Chennai,2025-09-21
CUST02806,Customer 2806,Male,37,Tirunelveli,2025-12-31
CUST02807,Customer 2807,Female,27,Tirunelveli,2024-04-11
CUST02808,Customer 2808,Female,42,Coimbatore,2024-11-27
CUST02809,Customer 2809,Male,33,Bengaluru,2024-02-23
CUST02810,Customer 2810,Male,49,Vellore,2025-08-23
CUST02811,Customer 2811,Other,42,Coimbatore,2026-02-09
CUST02812,Customer 2812,Male,38,Erode,2024-10-02
CUST02813,Customer 2813,Female,22,Erode,2025-07-20
CUST02814,Customer 2814,Female,58,Trichy,2024-01-30
CUST02815,Customer 2815,Female,53,Bengaluru,2024-01-20
CUST02816,Customer 2816,Male,33,Vellore,2025-11-22
CUST02817,Customer 2817,Male,37,Bengaluru,2025-10-29
CUST02818,Customer 2818,Female,23,Hyderabad,2025-02-20
CUST02819,Customer 2819,Male,27,Thanjavur,2025-05-27
CUST02820,Customer 2820,Male,33,Vellore,2025-07-07
CUST02821,Customer 2821,Other,46,Chennai,2025-03-09
CUST02822,Customer 2822,Female,57,Salem,2024-01-02
CUST02823,Customer 2823,Male,18,Chennai,2025-10-30
CUST02824,Customer 2824,Female,56,Salem,2025-05-08
CUST02825,Customer 2825,Other,42,Thanjavur,2026-05-09
CUST02826,Customer 2826,Other,31,Bengaluru,2026-05-12
CUST02827,Customer 2827,Other,36,Chennai,2026-05-10
CUST02828,Customer 2828,Other,52,Bengaluru,2024-06-14
CUST02829,Customer 2829,Female,23,Tirunelveli,2024-03-12
CUST02830,Customer 2830,Male,26,Pondicherry,2025-12-16
CUST02831,Customer 2831,Female,45,Trichy,2025-07-23
CUST02832,Customer 2832,Other,38,Hyderabad,2025-09-17
CUST02833,Customer 2833,Other,34,Pondicherry,2024-12-16
CUST02834,Customer 2834,Female,33,Hyderabad,2025-04-08
CUST02835,Customer 2835,Female,31,Erode,2024-11-25
CUST02836,Customer 2836,Female,19,Pondicherry,2025-09-05
CUST02837,Customer 2837,Other,18,Bengaluru,2024-05-16
CUST02838,Customer 2838,Male,18,Hyderabad,2025-05-02
CUST02839,Customer 2839,Female,53,Pondicherry,2024-06-26
CUST02840,Customer 2840,Female,43,Vellore,2025-12-21
CUST02841,Customer 2841,Other,59,Coimbatore,2024-03-24
CUST02842,Customer 2842,Male,60,Erode,2025-07-05
CUST02843,Customer 2843,Male,40,Tirunelveli,2025-11-19
CUST02844,Customer 2844,Other,40,Tirunelveli,2026-04-27
CUST02845,Customer 2845,Other,18,Coimbatore,2024-06-30
CUST02846,Customer 2846,Female,30,Erode,2025-04-18
CUST02847,Customer 2847,Male,65,Chennai,2024-01-10
CUST02848,Customer 2848,Female,61,Pondicherry,2026-02-15
CUST02849,Customer 2849,Male,23,Bengaluru,2025-01-01
CUST02850,Customer 2850,Female,63,Trichy,2025-10-02
CUST02851,Customer 2851,Female,41,Chennai,2024-08-27
CUST02852,Customer 2852,Female,63,Pondicherry,2024-10-14
CUST02853,Customer 2853,Male,18,Trichy,2025-09-12
CUST02854,Customer 2854,Other,43,Coimbatore,2026-04-20
CUST02855,Customer 2855,Female,54,Vellore,2026-06-09
CUST02856,Customer 2856,Male,53,Trichy,2025-05-20
CUST02857,Customer 2857,Other,54,Hyderabad,2025-11-06
CUST02858,Customer 2858,Other,54,Madurai,2025-11-29
CUST02859,Customer 2859,Other,26,Pondicherry,2024-03-07
CUST02860,Customer 2860,Male,34,Bengaluru,2024-03-07
CUST02861,Customer 2861,Male,51,Pondicherry,2026-05-26
CUST02862,Customer 2862,Female,30,Hyderabad,2026-03-12
CUST02863,Customer 2863,Other,61,Vellore,2024-01-24
CUST02864,Customer 2864,Female,61,Vellore,2025-09-21
CUST02865,Customer 2865,Male,45,Hyderabad,2025-04-09
CUST02866,Customer 2866,Other,21,Thanjavur,2025-11-20
CUST02867,Customer 2867,Female,35,Coimbatore,2025-03-18
CUST02868,Customer 2868,Other,47,Erode,2025-11-27
CUST02869,Customer 2869,Other,20,Pondicherry,2025-01-05
CUST02870,Customer 2870,Male,35,Tirunelveli,2024-08-17
CUST02871,Customer 2871,Female,38,Chennai,2025-06-29
CUST02872,Customer 2872,Male,39,Coimbatore,2025-02-05
CUST02873,Customer 2873,Male,65,Trichy,2025-08-08
CUST02874,Customer 2874,Female,22,Trichy,2025-12-07
CUST02875,Customer 2875,Male,39,Salem,2024-07-20
CUST02876,Customer 2876,Other,58,Coimbatore,2024-03-05
CUST02877,Customer 2877,Female,45,Chennai,2024-01-29
CUST02878,Customer 2878,Other,39,Salem,2025-08-29
CUST02879,Customer 2879,Male,48,Trichy,2024-09-10
CUST02880,Customer 2880,Male,39,Vellore,2024-12-14
CUST02881,Customer 2881,Male,22,Bengaluru,2026-03-24
CUST02882,Customer 2882,Female,24,Hyderabad,2025-09-26
CUST02883,Customer 2883,Other,25,Coimbatore,2025-04-02
CUST02884,Customer 2884,Male,42,Thanjavur,2024-03-03
CUST02885,Customer 2885,Other,22,Madurai,2026-05-18
CUST02886,Customer 2886,Female,21,Salem,2024-03-04
CUST02887,Customer 2887,Other,45,Coimbatore,2025-09-17
CUST02888,Customer 2888,Other,21,Vellore,2024-04-14
CUST02889,Customer 2889,Female,42,Tirunelveli,2024-02-23
CUST02890,Customer 2890,Other,44,Trichy,2024-04-08
CUST02891,Customer 2891,Other,60,Bengaluru,2026-06-04
CUST02892,Customer 2892,Female,42,Erode,2024-01-11
CUST02893,Customer 2893,Female,57,Bengaluru,2026-03-25
CUST02894,Customer 2894,Female,59,Hyderabad,2024-04-13
CUST02895,Customer 2895,Male,47,Vellore,2026-03-12
CUST02896,Customer 2896,Other,30,Coimbatore,2024-12-02
CUST02897,Customer 2897,Male,56,Pondicherry,2024-04-15
CUST02898,Customer 2898,Other,30,Bengaluru,2024-03-10
CUST02899,Customer 2899,Other,50,Salem,2024-05-09
CUST02900,Customer 2900,Female,48,Pondicherry,2024-12-29
CUST02901,Customer 2901,Female,29,Trichy,2025-09-27
CUST02902,Customer 2902,Male,21,Madurai,2024-05-20
CUST02903,Customer 2903,Other,45,Vellore,2024-11-15
CUST02904,Customer 2904,Female,37,Bengaluru,2025-10-29
CUST02905,Customer 2905,Male,27,Erode,2025-07-08
CUST02906,Customer 2906,Other,39,Salem,2024-11-12
CUST02907,Customer 2907,Male,51,Bengaluru,2025-01-12
CUST02908,Customer 2908,Other,27,Chennai,2025-11-04
CUST02909,Customer 2909,Other,53,Chennai,2024-08-31
CUST02910,Customer 2910,Female,30,Trichy,2025-03-08
CUST02911,Customer 2911,Male,22,Thanjavur,2025-10-17
CUST02912,Customer 2912,Other,48,Pondicherry,2024-07-12
CUST02913,Customer 2913,Female,56,Pondicherry,2025-12-09
CUST02914,Customer 2914,Other,54,Thanjavur,2024-12-05
CUST02915,Customer 2915,Female,44,Thanjavur,2025-09-22
CUST02916,Customer 2916,Male,47,Chennai,2024-06-15
CUST02917,Customer 2917,Male,18,Hyderabad,2025-05-22
CUST02918,Customer 2918,Other,32,Erode,2024-08-16
CUST02919,Customer 2919,Male,33,Erode,2025-09-30
CUST02920,Customer 2920,Female,65,Tirunelveli,2026-01-22
CUST02921,Customer 2921,Female,29,Chennai,2024-07-29
CUST02922,Customer 2922,Male,22,Thanjavur,2025-01-06
CUST02923,Customer 2923,Other,25,Madurai,2024-01-31
CUST02924,Customer 2924,Female,30,Hyderabad,2024-10-24
CUST02925,Customer 2925,Female,20,Chennai,2025-08-22
CUST02926,Customer 2926,Male,36,Madurai,2024-07-22
CUST02927,Customer 2927,Female,64,Madurai,2024-08-12
CUST02928,Customer 2928,Other,33,Madurai,2024-12-13
CUST02929,Customer 2929,Male,29,Salem,2024-07-19
CUST02930,Customer 2930,Male,61,Madurai,2024-04-13
CUST02931,Customer 2931,Other,25,Thanjavur,2025-01-23
CUST02932,Customer 2932,Female,47,Trichy,2024-08-03
CUST02933,Customer 2933,Female,60,Madurai,2025-01-13
CUST02934,Customer 2934,Other,45,Pondicherry,2025-06-23
CUST02935,Customer 2935,Male,27,Madurai,2024-03-07
CUST02936,Customer 2936,Male,30,Vellore,2026-03-24
CUST02937,Customer 2937,Other,41,Thanjavur,2025-01-22
CUST02938,Customer 2938,Female,58,Trichy,2025-09-05
CUST02939,Customer 2939,Other,55,Trichy,2024-02-17
CUST02940,Customer 2940,Other,36,Madurai,2026-05-24
CUST02941,Customer 2941,Male,21,Hyderabad,2024-12-01
CUST02942,Customer 2942,Female,26,Vellore,2026-03-25
CUST02943,Customer 2943,Female,31,Pondicherry,2025-08-21
CUST02944,Customer 2944,Female,60,Bengaluru,2024-03-24
CUST02945,Customer 2945,Male,50,Tirunelveli,2024-03-07
CUST02946,Customer 2946,Other,50,Thanjavur,2026-02-08
CUST02947,Customer 2947,Other,47,Madurai,2025-05-25
CUST02948,Customer 2948,Other,41,Vellore,2024-11-25
CUST02949,Customer 2949,Female,63,Erode,2025-12-12
CUST02950,Customer 2950,Female,55,Tirunelveli,2025-04-30
CUST02951,Customer 2951,Other,59,Chennai,2025-10-15
CUST02952,Customer 2952,Male,30,Erode,2024-07-31
CUST02953,Customer 2953,Male,43,Trichy,2026-06-02
CUST02954,Customer 2954,Female,42,Bengaluru,2024-11-09
CUST02955,Customer 2955,Female,34,Vellore,2024-06-09
CUST02956,Customer 2956,Male,23,Salem,2024-03-27
CUST02957,Customer 2957,Other,40,Trichy,2025-03-31
CUST02958,Customer 2958,Male,47,Vellore,2025-08-20
CUST02959,Customer 2959,Female,45,Erode,2025-09-28
CUST02960,Customer 2960,Female,44,Thanjavur,2025-04-23
CUST02961,Customer 2961,Female,38,Salem,2026-04-03
CUST02962,Customer 2962,Male,29,Erode,2025-01-26
CUST02963,Customer 2963,Female,59,Coimbatore,2024-08-27
CUST02964,Customer 2964,Male,36,Vellore,2025-01-02
CUST02965,Customer 2965,Other,59,Coimbatore,2025-06-09
CUST02966,Customer 2966,Female,32,Coimbatore,2026-03-15
CUST02967,Customer 2967,Male,41,Chennai,2024-05-01
CUST02968,Customer 2968,Male,39,Trichy,2025-07-13
CUST02969,Customer 2969,Female,34,Salem,2025-11-22
CUST02970,Customer 2970,Other,35,Trichy,2026-02-02
CUST02971,Customer 2971,Other,26,Pondicherry,2025-12-23
CUST02972,Customer 2972,Other,34,Chennai,2026-01-27
CUST02973,Customer 2973,Female,36,Thanjavur,2026-02-27
CUST02974,Customer 2974,Female,43,Bengaluru,2026-03-12
CUST02975,Customer 2975,Other,18,Erode,2026-02-14
CUST02976,Customer 2976,Other,27,Tirunelveli,2025-10-31
CUST02977,Customer 2977,Male,64,Pondicherry,2024-08-21
CUST02978,Customer 2978,Female,32,Vellore,2024-08-02
CUST02979,Customer 2979,Other,47,Pondicherry,2025-08-24
CUST02980,Customer 2980,Female,39,Coimbatore,2026-04-13
CUST02981,Customer 2981,Male,45,Pondicherry,2024-11-16
CUST02982,Customer 2982,Male,46,Erode,2025-03-03
CUST02983,Customer 2983,Other,19,Thanjavur,2026-05-23
CUST02984,Customer 2984,Other,26,Salem,2024-05-22
CUST02985,Customer 2985,Male,49,Hyderabad,2026-01-25
CUST02986,Customer 2986,Female,39,Trichy,2026-05-04
CUST02987,Customer 2987,Female,61,Tirunelveli,2025-03-05
CUST02988,Customer 2988,Other,52,Salem,2026-02-20
CUST02989,Customer 2989,Other,19,Bengaluru,2024-11-29
CUST02990,Customer 2990,Male,26,Madurai,2026-03-15
CUST02991,Customer 2991,Other,58,Bengaluru,2024-12-04
CUST02992,Customer 2992,Other,43,Tirunelveli,2025-09-14
CUST02993,Customer 2993,Female,22,Vellore,2024-07-28
CUST02994,Customer 2994,Male,48,Coimbatore,2025-01-30
CUST02995,Customer 2995,Other,46,Hyderabad,2024-12-02
CUST02996,Customer 2996,Male,28,Coimbatore,2024-11-07
CUST02997,Customer 2997,Other,29,Chennai,2025-11-22
CUST02998,Customer 2998,Other,56,Erode,2026-04-26
CUST02999,Customer 2999,Male,30,Coimbatore,2024-01-28
CUST03000,Customer 3000,Female,31,Trichy,2025-01-30
CUST03001,Customer 3001,Other,51,Coimbatore,2024-10-25
CUST03002,Customer 3002,Male,41,Vellore,2025-04-10
CUST03003,Customer 3003,Male,38,Tirunelveli,2024-01-12
CUST03004,Customer 3004,Male,25,Madurai,2025-02-04
CUST03005,Customer 3005,Female,48,Pondicherry,2025-07-03
CUST03006,Customer 3006,Female,31,Madurai,2024-03-11
CUST03007,Customer 3007,Male,37,Tirunelveli,2026-06-10
CUST03008,Customer 3008,Other,60,Erode,2026-04-17
CUST03009,Customer 3009,Other,54,Salem,2024-06-11
CUST03010,Customer 3010,Male,50,Pondicherry,2025-08-24
CUST03011,Customer 3011,Female,35,Trichy,2025-12-02
CUST03012,Customer 3012,Male,46,Coimbatore,2024-01-08
CUST03013,Customer 3013,Female,56,Trichy,2026-04-24
CUST03014,Customer 3014,Female,54,Erode,2025-06-22
CUST03015,Customer 3015,Female,54,Chennai,2025-04-16
CUST03016,Customer 3016,Male,36,Hyderabad,2026-01-24
CUST03017,Customer 3017,Female,62,Pondicherry,2025-04-12
CUST03018,Customer 3018,Female,43,Bengaluru,2026-03-22
CUST03019,Customer 3019,Male,44,Trichy,2026-04-23
CUST03020,Customer 3020,Other,64,Tirunelveli,2024-07-02
CUST03021,Customer 3021,Female,60,Madurai,2025-04-13
CUST03022,Customer 3022,Other,24,Tirunelveli,2025-12-16
CUST03023,Customer 3023,Male,33,Madurai,2025-12-16
CUST03024,Customer 3024,Other,52,Salem,2024-10-07
CUST03025,Customer 3025,Male,62,Pondicherry,2025-11-13
CUST03026,Customer 3026,Male,49,Tirunelveli,2026-01-09
CUST03027,Customer 3027,Other,25,Thanjavur,2026-02-19
CUST03028,Customer 3028,Male,50,Thanjavur,2024-03-19
CUST03029,Customer 3029,Female,28,Salem,2025-02-23
CUST03030,Customer 3030,Other,20,Erode,2024-07-31
CUST03031,Customer 3031,Male,58,Pondicherry,2024-01-28
CUST03032,Customer 3032,Other,47,Tirunelveli,2025-11-22
CUST03033,Customer 3033,Other,43,Trichy,2024-12-17
CUST03034,Customer 3034,Male,18,Salem,2025-02-10
CUST03035,Customer 3035,Other,26,Thanjavur,2024-04-27
CUST03036,Customer 3036,Other,47,Erode,2025-11-17
CUST03037,Customer 3037,Male,23,Vellore,2025-04-17
CUST03038,Customer 3038,Male,63,Erode,2025-11-03
CUST03039,Customer 3039,Female,35,Madurai,2024-05-23
CUST03040,Customer 3040,Male,56,Coimbatore,2024-06-23
CUST03041,Customer 3041,Female,25,Vellore,2024-06-30
CUST03042,Customer 3042,Female,28,Coimbatore,2026-01-29
CUST03043,Customer 3043,Male,61,Salem,2025-11-18
CUST03044,Customer 3044,Female,40,Madurai,2024-06-06
CUST03045,Customer 3045,Other,20,Hyderabad,2024-08-09
CUST03046,Customer 3046,Male,46,Pondicherry,2025-06-29
CUST03047,Customer 3047,Other,51,Hyderabad,2024-02-18
CUST03048,Customer 3048,Other,60,Coimbatore,2025-11-09
CUST03049,Customer 3049,Other,37,Erode,2025-02-03
CUST03050,Customer 3050,Other,18,Chennai,2024-02-23
CUST03051,Customer 3051,Female,30,Trichy,2026-03-01
CUST03052,Customer 3052,Male,30,Coimbatore,2025-01-18
CUST03053,Customer 3053,Female,19,Chennai,2024-01-17
CUST03054,Customer 3054,Male,61,Hyderabad,2024-12-11
CUST03055,Customer 3055,Male,24,Hyderabad,2024-03-05
CUST03056,Customer 3056,Other,28,Chennai,2024-06-20
CUST03057,Customer 3057,Other,24,Thanjavur,2025-03-01
CUST03058,Customer 3058,Other,58,Trichy,2024-11-26
CUST03059,Customer 3059,Male,52,Tirunelveli,2025-10-01
CUST03060,Customer 3060,Male,32,Trichy,2025-03-14
CUST03061,Customer 3061,Female,38,Madurai,2024-04-18
CUST03062,Customer 3062,Female,59,Thanjavur,2024-01-16
CUST03063,Customer 3063,Female,31,Erode,2024-01-13
CUST03064,Customer 3064,Male,60,Salem,2024-08-13
CUST03065,Customer 3065,Other,41,Chennai,2025-10-27
CUST03066,Customer 3066,Male,44,Salem,2024-03-09
CUST03067,Customer 3067,Other,49,Coimbatore,2026-02-24
CUST03068,Customer 3068,Other,54,Madurai,2025-12-30
CUST03069,Customer 3069,Male,56,Thanjavur,2024-09-14
CUST03070,Customer 3070,Other,42,Hyderabad,2025-10-08
CUST03071,Customer 3071,Other,26,Thanjavur,2026-02-28
CUST03072,Customer 3072,Other,62,Thanjavur,2024-06-28
CUST03073,Customer 3073,Other,48,Coimbatore,2026-05-21
CUST03074,Customer 3074,Male,56,Bengaluru,2024-12-09
CUST03075,Customer 3075,Female,50,Hyderabad,2025-04-04
CUST03076,Customer 3076,Male,50,Bengaluru,2026-01-29
CUST03077,Customer 3077,Male,32,Chennai,2025-12-22
CUST03078,Customer 3078,Male,37,Trichy,2025-09-23
CUST03079,Customer 3079,Female,33,Bengaluru,2026-01-25
CUST03080,Customer 3080,Male,26,Thanjavur,2024-03-22
CUST03081,Customer 3081,Female,30,Madurai,2025-05-25
CUST03082,Customer 3082,Male,59,Chennai,2025-01-19
CUST03083,Customer 3083,Other,56,Erode,2024-08-31
CUST03084,Customer 3084,Female,26,Salem,2026-01-26
CUST03085,Customer 3085,Other,20,Vellore,2024-11-21
CUST03086,Customer 3086,Female,59,Salem,2026-03-21
CUST03087,Customer 3087,Male,32,Pondicherry,2026-02-07
CUST03088,Customer 3088,Female,33,Trichy,2024-12-05
CUST03089,Customer 3089,Male,60,Trichy,2025-07-06
CUST03090,Customer 3090,Other,62,Pondicherry,2026-03-31
CUST03091,Customer 3091,Other,42,Vellore,2024-08-15
CUST03092,Customer 3092,Male,46,Hyderabad,2024-11-25
CUST03093,Customer 3093,Male,49,Coimbatore,2024-01-07
CUST03094,Customer 3094,Male,58,Madurai,2024-07-16
CUST03095,Customer 3095,Male,23,Madurai,2024-07-28
CUST03096,Customer 3096,Other,31,Trichy,2025-08-29
CUST03097,Customer 3097,Male,45,Pondicherry,2025-06-03
CUST03098,Customer 3098,Female,28,Pondicherry,2025-04-23
CUST03099,Customer 3099,Male,45,Madurai,2024-07-21
CUST03100,Customer 3100,Male,37,Salem,2025-09-12
CUST03101,Customer 3101,Female,58,Trichy,2025-08-13
CUST03102,Customer 3102,Female,23,Thanjavur,2024-10-05
CUST03103,Customer 3103,Female,28,Erode,2025-02-11
CUST03104,Customer 3104,Female,50,Bengaluru,2025-03-27
CUST03105,Customer 3105,Female,27,Erode,2026-01-22
CUST03106,Customer 3106,Female,45,Coimbatore,2024-01-21
CUST03107,Customer 3107,Female,56,Vellore,2026-02-16
CUST03108,Customer 3108,Other,64,Madurai,2024-06-05
CUST03109,Customer 3109,Female,47,Salem,2024-09-20
CUST03110,Customer 3110,Female,42,Vellore,2025-04-09
CUST03111,Customer 3111,Female,22,Thanjavur,2025-09-12
CUST03112,Customer 3112,Other,48,Trichy,2024-05-19
CUST03113,Customer 3113,Male,18,Chennai,2024-06-07
CUST03114,Customer 3114,Other,64,Pondicherry,2026-06-01
CUST03115,Customer 3115,Female,43,Tirunelveli,2025-01-18
CUST03116,Customer 3116,Other,41,Tirunelveli,2025-02-08
CUST03117,Customer 3117,Female,59,Bengaluru,2025-05-16
CUST03118,Customer 3118,Female,20,Coimbatore,2024-03-13
CUST03119,Customer 3119,Other,28,Trichy,2025-01-29
CUST03120,Customer 3120,Female,34,Pondicherry,2026-02-20
CUST03121,Customer 3121,Other,63,Erode,2024-12-22
CUST03122,Customer 3122,Other,41,Pondicherry,2025-10-12
CUST03123,Customer 3123,Other,42,Tirunelveli,2024-02-29
CUST03124,Customer 3124,Male,33,Erode,2026-01-23
CUST03125,Customer 3125,Female,58,Pondicherry,2024-02-05
CUST03126,Customer 3126,Male,62,Hyderabad,2025-11-23
CUST03127,Customer 3127,Male,34,Bengaluru,2025-10-22
CUST03128,Customer 3128,Other,27,Salem,2025-04-11
CUST03129,Customer 3129,Other,55,Hyderabad,2024-09-10
CUST03130,Customer 3130,Male,18,Coimbatore,2026-05-11
CUST03131,Customer 3131,Male,59,Pondicherry,2026-02-28
CUST03132,Customer 3132,Female,63,Bengaluru,2025-01-28
CUST03133,Customer 3133,Other,30,Tirunelveli,2024-03-23
CUST03134,Customer 3134,Female,34,Pondicherry,2024-06-18
CUST03135,Customer 3135,Other,52,Hyderabad,2024-11-05
CUST03136,Customer 3136,Other,37,Pondicherry,2025-01-26
CUST03137,Customer 3137,Other,23,Coimbatore,2025-02-25
CUST03138,Customer 3138,Other,40,Madurai,2025-10-13
CUST03139,Customer 3139,Other,31,Pondicherry,2024-10-02
CUST03140,Customer 3140,Other,37,Chennai,2025-02-11
CUST03141,Customer 3141,Female,18,Coimbatore,2024-06-21
CUST03142,Customer 3142,Other,44,Vellore,2024-03-12
CUST03143,Customer 3143,Other,36,Pondicherry,2025-03-02
CUST03144,Customer 3144,Male,29,Thanjavur,2025-03-17
CUST03145,Customer 3145,Other,26,Trichy,2024-07-09
CUST03146,Customer 3146,Male,50,Coimbatore,2025-05-13
CUST03147,Customer 3147,Other,31,Madurai,2025-04-06
CUST03148,Customer 3148,Male,65,Madurai,2024-07-24
CUST03149,Customer 3149,Male,34,Tirunelveli,2026-04-08
CUST03150,Customer 3150,Other,57,Coimbatore,2025-03-27
CUST03151,Customer 3151,Other,28,Coimbatore,2026-06-08
CUST03152,Customer 3152,Male,42,Coimbatore,2024-10-27
CUST03153,Customer 3153,Male,39,Chennai,2024-10-10
CUST03154,Customer 3154,Male,48,Erode,2025-08-22
CUST03155,Customer 3155,Male,18,Chennai,2025-11-19
CUST03156,Customer 3156,Male,60,Bengaluru,2024-09-29
CUST03157,Customer 3157,Male,24,Trichy,2026-03-19
CUST03158,Customer 3158,Male,42,Bengaluru,2025-06-18
CUST03159,Customer 3159,Female,49,Erode,2025-06-16
CUST03160,Customer 3160,Female,56,Tirunelveli,2026-02-14
CUST03161,Customer 3161,Female,61,Thanjavur,2024-12-10
CUST03162,Customer 3162,Male,41,Hyderabad,2024-11-18
CUST03163,Customer 3163,Female,57,Chennai,2025-02-12
CUST03164,Customer 3164,Female,24,Chennai,2024-12-30
CUST03165,Customer 3165,Other,43,Pondicherry,2025-04-12
CUST03166,Customer 3166,Male,19,Bengaluru,2026-05-05
CUST03167,Customer 3167,Other,35,Pondicherry,2024-05-05
CUST03168,Customer 3168,Male,41,Erode,2026-02-08
CUST03169,Customer 3169,Other,60,Erode,2025-09-25
CUST03170,Customer 3170,Female,60,Trichy,2025-06-11
CUST03171,Customer 3171,Other,38,Chennai,2024-01-04
CUST03172,Customer 3172,Female,20,Pondicherry,2025-10-10
CUST03173,Customer 3173,Other,46,Trichy,2024-11-29
CUST03174,Customer 3174,Female,43,Pondicherry,2025-09-13
CUST03175,Customer 3175,Male,40,Tirunelveli,2025-09-19
CUST03176,Customer 3176,Other,62,Coimbatore,2025-05-02
CUST03177,Customer 3177,Female,36,Bengaluru,2026-01-21
CUST03178,Customer 3178,Other,27,Vellore,2024-07-18
CUST03179,Customer 3179,Other,63,Vellore,2026-06-16
CUST03180,Customer 3180,Male,49,Coimbatore,2024-02-02
CUST03181,Customer 3181,Other,53,Erode,2024-11-04
CUST03182,Customer 3182,Female,25,Erode,2024-06-21
CUST03183,Customer 3183,Other,33,Trichy,2025-11-09
CUST03184,Customer 3184,Male,60,Pondicherry,2024-08-04
CUST03185,Customer 3185,Male,45,Pondicherry,2024-04-01
CUST03186,Customer 3186,Male,38,Tirunelveli,2024-01-30
CUST03187,Customer 3187,Female,32,Pondicherry,2026-02-23
CUST03188,Customer 3188,Other,48,Hyderabad,2024-09-20
CUST03189,Customer 3189,Other,26,Vellore,2024-05-06
CUST03190,Customer 3190,Other,49,Coimbatore,2025-10-10
CUST03191,Customer 3191,Other,39,Trichy,2026-03-25
CUST03192,Customer 3192,Other,22,Hyderabad,2025-08-12
CUST03193,Customer 3193,Female,63,Pondicherry,2024-12-17
CUST03194,Customer 3194,Other,42,Hyderabad,2026-01-23
CUST03195,Customer 3195,Other,45,Trichy,2025-10-19
CUST03196,Customer 3196,Female,25,Salem,2024-08-16
CUST03197,Customer 3197,Male,23,Thanjavur,2024-03-30
CUST03198,Customer 3198,Other,30,Pondicherry,2026-01-28
CUST03199,Customer 3199,Other,41,Madurai,2024-04-28
CUST03200,Customer 3200,Female,42,Bengaluru,2026-05-23
CUST03201,Customer 3201,Male,37,Chennai,2026-01-24
CUST03202,Customer 3202,Other,30,Tirunelveli,2025-08-27
CUST03203,Customer 3203,Female,41,Hyderabad,2025-03-09
CUST03204,Customer 3204,Male,51,Hyderabad,2026-03-26
CUST03205,Customer 3205,Other,32,Coimbatore,2025-09-08
CUST03206,Customer 3206,Male,52,Erode,2025-02-08
CUST03207,Customer 3207,Male,36,Trichy,2024-11-19
CUST03208,Customer 3208,Other,47,Madurai,2025-05-26
CUST03209,Customer 3209,Female,27,Pondicherry,2025-09-07
CUST03210,Customer 3210,Other,20,Bengaluru,2025-11-12
CUST03211,Customer 3211,Female,50,Pondicherry,2024-11-23
CUST03212,Customer 3212,Female,63,Bengaluru,2024-05-06
CUST03213,Customer 3213,Other,31,Erode,2025-05-04
CUST03214,Customer 3214,Other,42,Chennai,2024-10-25
CUST03215,Customer 3215,Female,27,Pondicherry,2026-04-09
CUST03216,Customer 3216,Other,32,Pondicherry,2024-08-03
CUST03217,Customer 3217,Male,29,Erode,2026-01-23
CUST03218,Customer 3218,Female,37,Hyderabad,2026-01-14
CUST03219,Customer 3219,Male,19,Vellore,2026-05-18
CUST03220,Customer 3220,Female,45,Hyderabad,2025-02-05
CUST03221,Customer 3221,Female,43,Tirunelveli,2025-04-29
CUST03222,Customer 3222,Other,64,Salem,2024-03-14
CUST03223,Customer 3223,Other,30,Pondicherry,2024-10-16
CUST03224,Customer 3224,Other,43,Coimbatore,2026-05-26
CUST03225,Customer 3225,Female,55,Chennai,2024-05-14
CUST03226,Customer 3226,Other,37,Erode,2026-05-20
CUST03227,Customer 3227,Male,54,Madurai,2025-11-01
CUST03228,Customer 3228,Other,48,Salem,2025-03-28
CUST03229,Customer 3229,Male,31,Pondicherry,2024-05-28
CUST03230,Customer 3230,Other,59,Chennai,2024-07-19
CUST03231,Customer 3231,Other,54,Coimbatore,2025-01-05
CUST03232,Customer 3232,Male,42,Tirunelveli,2025-11-25
CUST03233,Customer 3233,Male,21,Coimbatore,2025-11-26
CUST03234,Customer 3234,Female,29,Chennai,2024-12-30
CUST03235,Customer 3235,Other,59,Thanjavur,2024-04-30
CUST03236,Customer 3236,Female,27,Hyderabad,2025-08-30
CUST03237,Customer 3237,Female,33,Chennai,2026-01-09
CUST03238,Customer 3238,Male,43,Erode,2024-05-01
CUST03239,Customer 3239,Other,56,Madurai,2024-11-05
CUST03240,Customer 3240,Other,42,Pondicherry,2025-10-30
CUST03241,Customer 3241,Other,60,Coimbatore,2026-03-25
CUST03242,Customer 3242,Female,59,Tirunelveli,2026-03-07
CUST03243,Customer 3243,Other,59,Erode,2024-10-08
CUST03244,Customer 3244,Male,25,Coimbatore,2025-01-11
CUST03245,Customer 3245,Male,49,Hyderabad,2024-03-25
CUST03246,Customer 3246,Other,32,Chennai,2025-11-15
CUST03247,Customer 3247,Other,54,Erode,2025-08-23
CUST03248,Customer 3248,Other,65,Coimbatore,2024-10-07
CUST03249,Customer 3249,Other,29,Tirunelveli,2026-03-24
CUST03250,Customer 3250,Other,62,Tirunelveli,2025-05-10
CUST03251,Customer 3251,Other,26,Coimbatore,2024-11-01
CUST03252,Customer 3252,Male,63,Vellore,2024-11-29
CUST03253,Customer 3253,Female,62,Chennai,2024-07-08
CUST03254,Customer 3254,Other,52,Vellore,2025-02-07
CUST03255,Customer 3255,Male,51,Bengaluru,2025-05-15
CUST03256,Customer 3256,Other,59,Coimbatore,2025-07-05
CUST03257,Customer 3257,Male,60,Coimbatore,2026-02-10
CUST03258,Customer 3258,Other,62,Madurai,2024-07-04
CUST03259,Customer 3259,Other,46,Thanjavur,2024-01-06
CUST03260,Customer 3260,Male,26,Bengaluru,2024-05-05
CUST03261,Customer 3261,Other,28,Coimbatore,2024-07-30
CUST03262,Customer 3262,Female,20,Coimbatore,2025-07-29
CUST03263,Customer 3263,Other,37,Thanjavur,2024-05-07
CUST03264,Customer 3264,Male,45,Hyderabad,2025-07-11
CUST03265,Customer 3265,Male,37,Chennai,2024-01-01
CUST03266,Customer 3266,Female,60,Vellore,2025-06-15
CUST03267,Customer 3267,Male,54,Erode,2025-03-31
CUST03268,Customer 3268,Female,51,Thanjavur,2025-12-12
CUST03269,Customer 3269,Other,50,Trichy,2025-09-12
CUST03270,Customer 3270,Male,60,Chennai,2025-12-05
CUST03271,Customer 3271,Male,30,Madurai,2024-08-30
CUST03272,Customer 3272,Male,26,Bengaluru,2024-11-02
CUST03273,Customer 3273,Male,55,Thanjavur,2025-07-19
CUST03274,Customer 3274,Male,64,Bengaluru,2024-10-11
CUST03275,Customer 3275,Male,53,Salem,2025-03-08
CUST03276,Customer 3276,Female,59,Madurai,2024-09-23
CUST03277,Customer 3277,Female,23,Salem,2025-02-13
CUST03278,Customer 3278,Female,62,Madurai,2025-11-23
CUST03279,Customer 3279,Male,22,Hyderabad,2025-07-02
CUST03280,Customer 3280,Female,58,Pondicherry,2026-01-20
CUST03281,Customer 3281,Male,63,Thanjavur,2025-10-23
CUST03282,Customer 3282,Other,59,Vellore,2025-07-31
CUST03283,Customer 3283,Male,44,Madurai,2025-09-11
CUST03284,Customer 3284,Female,42,Chennai,2024-11-19
CUST03285,Customer 3285,Male,22,Salem,2025-09-10
CUST03286,Customer 3286,Other,25,Hyderabad,2024-05-07
CUST03287,Customer 3287,Female,22,Thanjavur,2025-07-15
CUST03288,Customer 3288,Male,41,Thanjavur,2025-10-17
CUST03289,Customer 3289,Female,27,Trichy,2026-03-07
CUST03290,Customer 3290,Male,24,Tirunelveli,2024-10-07
CUST03291,Customer 3291,Female,24,Coimbatore,2024-08-15
CUST03292,Customer 3292,Other,64,Salem,2024-06-28
CUST03293,Customer 3293,Female,24,Vellore,2025-08-25
CUST03294,Customer 3294,Other,54,Salem,2024-12-23
CUST03295,Customer 3295,Female,56,Coimbatore,2025-07-18
CUST03296,Customer 3296,Male,38,Tirunelveli,2024-02-19
CUST03297,Customer 3297,Female,65,Hyderabad,2024-07-04
CUST03298,Customer 3298,Other,53,Bengaluru,2026-03-18
CUST03299,Customer 3299,Female,48,Bengaluru,2026-05-20
CUST03300,Customer 3300,Female,18,Hyderabad,2024-05-10
CUST03301,Customer 3301,Other,27,Hyderabad,2025-06-09
CUST03302,Customer 3302,Male,42,Bengaluru,2024-05-09
CUST03303,Customer 3303,Female,21,Pondicherry,2026-01-23
CUST03304,Customer 3304,Female,63,Trichy,2025-10-16
CUST03305,Customer 3305,Other,44,Pondicherry,2025-11-25
CUST03306,Customer 3306,Male,46,Thanjavur,2025-04-13
CUST03307,Customer 3307,Female,50,Salem,2026-03-28
CUST03308,Customer 3308,Female,51,Pondicherry,2024-10-09
CUST03309,Customer 3309,Male,37,Hyderabad,2026-04-13
CUST03310,Customer 3310,Male,37,Tirunelveli,2026-05-28
CUST03311,Customer 3311,Female,23,Hyderabad,2026-02-28
CUST03312,Customer 3312,Male,64,Trichy,2024-03-22
CUST03313,Customer 3313,Male,54,Chennai,2024-04-05
CUST03314,Customer 3314,Other,36,Vellore,2024-03-27
CUST03315,Customer 3315,Male,45,Hyderabad,2025-05-19
CUST03316,Customer 3316,Other,26,Erode,2025-06-04
CUST03317,Customer 3317,Other,61,Hyderabad,2025-05-24
CUST03318,Customer 3318,Other,25,Tirunelveli,2025-06-29
CUST03319,Customer 3319,Other,30,Pondicherry,2024-01-15
CUST03320,Customer 3320,Other,45,Pondicherry,2024-01-08
CUST03321,Customer 3321,Other,40,Trichy,2025-07-01
CUST03322,Customer 3322,Other,51,Hyderabad,2026-01-26
CUST03323,Customer 3323,Male,56,Erode,2025-09-15
CUST03324,Customer 3324,Other,51,Trichy,2024-06-21
CUST03325,Customer 3325,Male,41,Madurai,2024-06-28
CUST03326,Customer 3326,Female,21,Tirunelveli,2025-06-10
CUST03327,Customer 3327,Female,28,Thanjavur,2025-05-22
CUST03328,Customer 3328,Female,61,Trichy,2024-04-25
CUST03329,Customer 3329,Other,25,Salem,2026-05-01
CUST03330,Customer 3330,Female,36,Salem,2024-11-02
CUST03331,Customer 3331,Male,65,Hyderabad,2024-08-06
CUST03332,Customer 3332,Female,31,Salem,2025-08-05
CUST03333,Customer 3333,Other,20,Erode,2025-10-20
CUST03334,Customer 3334,Female,21,Thanjavur,2025-09-24
CUST03335,Customer 3335,Other,47,Thanjavur,2024-01-07
CUST03336,Customer 3336,Female,24,Chennai,2024-11-01
CUST03337,Customer 3337,Other,29,Tirunelveli,2024-12-24
CUST03338,Customer 3338,Male,24,Tirunelveli,2024-12-29
CUST03339,Customer 3339,Male,23,Vellore,2025-05-18
CUST03340,Customer 3340,Male,44,Coimbatore,2025-06-10
CUST03341,Customer 3341,Male,27,Hyderabad,2025-05-14
CUST03342,Customer 3342,Male,48,Tirunelveli,2024-09-13
CUST03343,Customer 3343,Female,41,Tirunelveli,2025-01-18
CUST03344,Customer 3344,Other,35,Coimbatore,2024-07-05
CUST03345,Customer 3345,Other,46,Madurai,2025-03-25
CUST03346,Customer 3346,Female,65,Tirunelveli,2024-05-23
CUST03347,Customer 3347,Female,63,Trichy,2024-01-06
CUST03348,Customer 3348,Male,36,Chennai,2024-04-23
CUST03349,Customer 3349,Female,44,Pondicherry,2024-05-16
CUST03350,Customer 3350,Male,28,Hyderabad,2024-12-05
CUST03351,Customer 3351,Female,60,Salem,2024-07-22
CUST03352,Customer 3352,Female,49,Vellore,2024-05-01
CUST03353,Customer 3353,Other,63,Madurai,2025-05-22
CUST03354,Customer 3354,Female,50,Pondicherry,2024-11-28
CUST03355,Customer 3355,Female,26,Coimbatore,2026-01-29
CUST03356,Customer 3356,Male,26,Madurai,2024-04-20
CUST03357,Customer 3357,Other,18,Hyderabad,2024-12-18
CUST03358,Customer 3358,Male,61,Thanjavur,2024-08-30
CUST03359,Customer 3359,Other,65,Chennai,2025-03-15
CUST03360,Customer 3360,Female,36,Salem,2025-03-20
CUST03361,Customer 3361,Male,45,Trichy,2025-05-12
CUST03362,Customer 3362,Male,64,Vellore,2025-09-24
CUST03363,Customer 3363,Male,35,Coimbatore,2024-07-10
CUST03364,Customer 3364,Female,62,Trichy,2026-06-03
CUST03365,Customer 3365,Female,30,Erode,2025-11-13
CUST03366,Customer 3366,Male,62,Pondicherry,2025-12-24
CUST03367,Customer 3367,Other,29,Trichy,2025-05-29
CUST03368,Customer 3368,Other,58,Hyderabad,2026-05-25
CUST03369,Customer 3369,Male,25,Madurai,2024-06-01
CUST03370,Customer 3370,Male,35,Trichy,2025-02-14
CUST03371,Customer 3371,Female,19,Bengaluru,2024-05-29
CUST03372,Customer 3372,Male,21,Tirunelveli,2024-07-23
CUST03373,Customer 3373,Other,37,Pondicherry,2025-02-21
CUST03374,Customer 3374,Male,32,Thanjavur,2025-10-10
CUST03375,Customer 3375,Female,21,Vellore,2025-03-12
CUST03376,Customer 3376,Other,21,Salem,2025-03-13
CUST03377,Customer 3377,Female,41,Salem,2024-04-22
CUST03378,Customer 3378,Other,44,Trichy,2024-12-25
CUST03379,Customer 3379,Male,29,Chennai,2024-11-23
CUST03380,Customer 3380,Male,60,Pondicherry,2024-01-01
CUST03381,Customer 3381,Male,36,Erode,2024-11-25
CUST03382,Customer 3382,Other,24,Tirunelveli,2024-10-13
CUST03383,Customer 3383,Female,49,Thanjavur,2024-07-08
CUST03384,Customer 3384,Female,25,Coimbatore,2024-12-08
CUST03385,Customer 3385,Male,61,Vellore,2025-11-16
CUST03386,Customer 3386,Male,39,Thanjavur,2026-02-27
CUST03387,Customer 3387,Female,65,Bengaluru,2026-01-29
CUST03388,Customer 3388,Other,41,Trichy,2025-06-25
CUST03389,Customer 3389,Female,31,Bengaluru,2025-10-27
CUST03390,Customer 3390,Male,24,Madurai,2025-01-28
CUST03391,Customer 3391,Other,56,Coimbatore,2025-10-06
CUST03392,Customer 3392,Other,59,Trichy,2024-02-12
CUST03393,Customer 3393,Other,46,Coimbatore,2024-07-16
CUST03394,Customer 3394,Other,57,Thanjavur,2024-03-17
CUST03395,Customer 3395,Other,48,Trichy,2024-11-04
CUST03396,Customer 3396,Other,27,Chennai,2025-06-30
CUST03397,Customer 3397,Male,44,Vellore,2024-05-10
CUST03398,Customer 3398,Female,53,Thanjavur,2025-12-29
CUST03399,Customer 3399,Female,58,Pondicherry,2025-01-09
CUST03400,Customer 3400,Female,22,Erode,2024-04-30
CUST03401,Customer 3401,Other,50,Chennai,2025-03-05
CUST03402,Customer 3402,Other,35,Pondicherry,2024-06-19
CUST03403,Customer 3403,Female,20,Bengaluru,2024-05-12
CUST03404,Customer 3404,Other,30,Pondicherry,2024-03-03
CUST03405,Customer 3405,Female,49,Hyderabad,2026-04-14
CUST03406,Customer 3406,Other,22,Madurai,2025-06-29
CUST03407,Customer 3407,Other,42,Vellore,2025-03-24
CUST03408,Customer 3408,Female,43,Bengaluru,2026-03-09
CUST03409,Customer 3409,Male,29,Chennai,2024-10-05
CUST03410,Customer 3410,Other,31,Bengaluru,2024-06-12
CUST03411,Customer 3411,Male,50,Erode,2025-12-14
CUST03412,Customer 3412,Other,64,Vellore,2025-05-30
CUST03413,Customer 3413,Female,32,Salem,2024-09-22
CUST03414,Customer 3414,Female,53,Coimbatore,2025-12-26
CUST03415,Customer 3415,Male,20,Vellore,2024-06-24
CUST03416,Customer 3416,Female,20,Hyderabad,2024-08-31
CUST03417,Customer 3417,Female,26,Salem,2024-05-31
CUST03418,Customer 3418,Male,59,Trichy,2026-06-13
CUST03419,Customer 3419,Male,52,Coimbatore,2026-04-23
CUST03420,Customer 3420,Other,40,Hyderabad,2024-01-02
CUST03421,Customer 3421,Female,38,Coimbatore,2025-09-11
CUST03422,Customer 3422,Other,34,Pondicherry,2025-12-23
CUST03423,Customer 3423,Female,57,Salem,2024-05-16
CUST03424,Customer 3424,Male,58,Chennai,2024-11-28
CUST03425,Customer 3425,Female,32,Pondicherry,2026-04-23
CUST03426,Customer 3426,Male,34,Chennai,2024-10-13
CUST03427,Customer 3427,Other,55,Coimbatore,2025-07-04
CUST03428,Customer 3428,Other,62,Tirunelveli,2026-01-09
CUST03429,Customer 3429,Female,58,Hyderabad,2025-10-31
CUST03430,Customer 3430,Other,31,Erode,2025-09-10
CUST03431,Customer 3431,Female,35,Trichy,2024-08-13
CUST03432,Customer 3432,Other,43,Madurai,2025-08-18
CUST03433,Customer 3433,Male,64,Pondicherry,2025-04-01
CUST03434,Customer 3434,Female,27,Erode,2025-03-20
CUST03435,Customer 3435,Female,29,Erode,2024-04-05
CUST03436,Customer 3436,Male,30,Bengaluru,2024-07-08
CUST03437,Customer 3437,Other,29,Hyderabad,2025-05-17
CUST03438,Customer 3438,Male,37,Madurai,2024-10-15
CUST03439,Customer 3439,Female,61,Bengaluru,2024-06-30
CUST03440,Customer 3440,Male,27,Coimbatore,2024-07-11
CUST03441,Customer 3441,Male,47,Hyderabad,2025-03-12
CUST03442,Customer 3442,Male,64,Vellore,2025-02-16
CUST03443,Customer 3443,Other,18,Bengaluru,2024-05-20
CUST03444,Customer 3444,Female,42,Chennai,2024-04-12
CUST03445,Customer 3445,Male,59,Chennai,2024-04-22
CUST03446,Customer 3446,Male,23,Salem,2024-05-15
CUST03447,Customer 3447,Other,56,Chennai,2024-05-26
CUST03448,Customer 3448,Male,24,Vellore,2026-03-22
CUST03449,Customer 3449,Female,63,Coimbatore,2026-01-23
CUST03450,Customer 3450,Male,48,Bengaluru,2024-07-26
CUST03451,Customer 3451,Male,37,Thanjavur,2025-03-30
CUST03452,Customer 3452,Male,33,Chennai,2025-05-05
CUST03453,Customer 3453,Other,35,Hyderabad,2025-07-10
CUST03454,Customer 3454,Male,19,Chennai,2025-07-10
CUST03455,Customer 3455,Other,36,Coimbatore,2024-04-15
CUST03456,Customer 3456,Female,27,Chennai,2025-06-07
CUST03457,Customer 3457,Male,32,Tirunelveli,2024-08-17
CUST03458,Customer 3458,Male,40,Hyderabad,2025-01-29
CUST03459,Customer 3459,Male,61,Tirunelveli,2024-10-20
CUST03460,Customer 3460,Other,25,Erode,2025-12-04
CUST03461,Customer 3461,Male,32,Coimbatore,2024-06-22
CUST03462,Customer 3462,Female,22,Bengaluru,2024-10-15
CUST03463,Customer 3463,Male,41,Coimbatore,2024-12-07
CUST03464,Customer 3464,Other,27,Madurai,2024-02-14
CUST03465,Customer 3465,Other,39,Bengaluru,2025-03-14
CUST03466,Customer 3466,Other,45,Madurai,2024-07-04
CUST03467,Customer 3467,Other,37,Bengaluru,2025-11-14
CUST03468,Customer 3468,Female,40,Coimbatore,2026-04-17
CUST03469,Customer 3469,Female,60,Thanjavur,2024-10-04
CUST03470,Customer 3470,Other,22,Chennai,2024-09-28
CUST03471,Customer 3471,Male,59,Madurai,2026-06-01
CUST03472,Customer 3472,Male,42,Erode,2024-11-23
CUST03473,Customer 3473,Female,22,Coimbatore,2026-01-08
CUST03474,Customer 3474,Female,64,Salem,2025-08-14
CUST03475,Customer 3475,Male,38,Madurai,2024-05-28
CUST03476,Customer 3476,Female,40,Thanjavur,2024-07-05
CUST03477,Customer 3477,Female,48,Pondicherry,2025-05-21
CUST03478,Customer 3478,Other,58,Thanjavur,2025-02-27
CUST03479,Customer 3479,Other,33,Tirunelveli,2024-05-21
CUST03480,Customer 3480,Other,49,Vellore,2025-03-04
CUST03481,Customer 3481,Female,52,Vellore,2025-06-30
CUST03482,Customer 3482,Male,42,Coimbatore,2026-04-21
CUST03483,Customer 3483,Other,44,Vellore,2025-08-17
CUST03484,Customer 3484,Other,65,Trichy,2025-08-14
CUST03485,Customer 3485,Male,33,Thanjavur,2025-12-20
CUST03486,Customer 3486,Male,19,Thanjavur,2024-01-03
CUST03487,Customer 3487,Female,26,Coimbatore,2025-07-25
CUST03488,Customer 3488,Female,41,Madurai,2024-03-02
CUST03489,Customer 3489,Female,27,Vellore,2024-10-28
CUST03490,Customer 3490,Male,31,Trichy,2025-03-07
CUST03491,Customer 3491,Other,26,Coimbatore,2024-02-27
CUST03492,Customer 3492,Other,27,Tirunelveli,2025-12-13
CUST03493,Customer 3493,Male,62,Tirunelveli,2026-01-20
CUST03494,Customer 3494,Male,62,Coimbatore,2025-01-15
CUST03495,Customer 3495,Other,22,Erode,2025-11-09
CUST03496,Customer 3496,Other,28,Chennai,2026-05-07
CUST03497,Customer 3497,Female,27,Coimbatore,2024-05-30
CUST03498,Customer 3498,Male,18,Bengaluru,2024-09-07
CUST03499,Customer 3499,Female,27,Madurai,2026-05-01
CUST03500,Customer 3500,Other,26,Pondicherry,2025-04-26
CUST03501,Customer 3501,Other,37,Erode,2025-06-24
CUST03502,Customer 3502,Other,39,Erode,2025-02-25
CUST03503,Customer 3503,Other,62,Chennai,2026-03-11
CUST03504,Customer 3504,Male,27,Chennai,2024-10-20
CUST03505,Customer 3505,Male,56,Madurai,2025-10-19
CUST03506,Customer 3506,Male,18,Tirunelveli,2025-05-30
CUST03507,Customer 3507,Female,61,Erode,2026-05-02
CUST03508,Customer 3508,Other,34,Bengaluru,2025-07-21
CUST03509,Customer 3509,Female,63,Trichy,2025-05-28
CUST03510,Customer 3510,Male,35,Coimbatore,2025-03-09
CUST03511,Customer 3511,Female,26,Pondicherry,2025-06-18
CUST03512,Customer 3512,Female,57,Chennai,2024-08-04
CUST03513,Customer 3513,Female,29,Pondicherry,2024-08-12
CUST03514,Customer 3514,Other,22,Pondicherry,2025-07-26
CUST03515,Customer 3515,Female,38,Hyderabad,2025-04-24
CUST03516,Customer 3516,Female,42,Madurai,2025-10-19
CUST03517,Customer 3517,Female,59,Tirunelveli,2024-02-25
CUST03518,Customer 3518,Female,24,Coimbatore,2024-07-18
CUST03519,Customer 3519,Female,56,Thanjavur,2024-03-20
CUST03520,Customer 3520,Male,36,Madurai,2024-01-29
CUST03521,Customer 3521,Male,22,Trichy,2025-07-08
CUST03522,Customer 3522,Male,37,Trichy,2025-09-03
CUST03523,Customer 3523,Male,58,Chennai,2025-07-18
CUST03524,Customer 3524,Female,23,Bengaluru,2024-09-03
CUST03525,Customer 3525,Male,54,Erode,2025-08-01
CUST03526,Customer 3526,Male,38,Coimbatore,2024-02-16
CUST03527,Customer 3527,Male,40,Salem,2024-11-12
CUST03528,Customer 3528,Other,30,Thanjavur,2025-02-11
CUST03529,Customer 3529,Female,64,Thanjavur,2026-02-08
CUST03530,Customer 3530,Other,61,Coimbatore,2024-05-12
CUST03531,Customer 3531,Female,65,Vellore,2024-12-05
CUST03532,Customer 3532,Other,27,Chennai,2024-04-13
CUST03533,Customer 3533,Female,48,Bengaluru,2025-08-24
CUST03534,Customer 3534,Male,36,Madurai,2026-06-08
CUST03535,Customer 3535,Other,47,Coimbatore,2024-06-04
CUST03536,Customer 3536,Male,63,Trichy,2025-10-02
CUST03537,Customer 3537,Other,59,Madurai,2024-08-08
CUST03538,Customer 3538,Other,28,Vellore,2026-02-26
CUST03539,Customer 3539,Other,56,Hyderabad,2025-06-12
CUST03540,Customer 3540,Female,46,Madurai,2025-06-19
CUST03541,Customer 3541,Female,41,Bengaluru,2024-12-13
CUST03542,Customer 3542,Female,20,Pondicherry,2026-05-26
CUST03543,Customer 3543,Other,42,Trichy,2026-03-03
CUST03544,Customer 3544,Other,56,Coimbatore,2024-08-01
CUST03545,Customer 3545,Other,58,Erode,2024-06-05
CUST03546,Customer 3546,Male,27,Salem,2024-04-09
CUST03547,Customer 3547,Male,49,Coimbatore,2025-07-14
CUST03548,Customer 3548,Female,28,Salem,2025-04-10
CUST03549,Customer 3549,Male,35,Bengaluru,2024-06-14
CUST03550,Customer 3550,Female,23,Coimbatore,2025-01-07
CUST03551,Customer 3551,Other,47,Salem,2024-07-02
CUST03552,Customer 3552,Female,46,Hyderabad,2025-04-29
CUST03553,Customer 3553,Male,54,Erode,2024-05-23
CUST03554,Customer 3554,Female,36,Tirunelveli,2024-02-10
CUST03555,Customer 3555,Other,61,Madurai,2025-02-22
CUST03556,Customer 3556,Female,50,Bengaluru,2025-03-27
CUST03557,Customer 3557,Female,23,Hyderabad,2024-11-17
CUST03558,Customer 3558,Other,46,Salem,2025-02-27
CUST03559,Customer 3559,Other,20,Bengaluru,2026-06-17
CUST03560,Customer 3560,Male,65,Trichy,2025-10-21
CUST03561,Customer 3561,Other,18,Madurai,2025-12-17
CUST03562,Customer 3562,Male,36,Tirunelveli,2026-05-23
CUST03563,Customer 3563,Other,43,Coimbatore,2024-06-11
CUST03564,Customer 3564,Female,47,Hyderabad,2024-08-16
CUST03565,Customer 3565,Female,47,Erode,2024-04-05
CUST03566,Customer 3566,Other,47,Coimbatore,2025-10-19
CUST03567,Customer 3567,Male,64,Coimbatore,2024-03-28
CUST03568,Customer 3568,Female,30,Tirunelveli,2025-02-10
CUST03569,Customer 3569,Male,38,Thanjavur,2024-12-02
CUST03570,Customer 3570,Female,31,Pondicherry,2025-09-10
CUST03571,Customer 3571,Female,25,Salem,2026-01-29
CUST03572,Customer 3572,Male,52,Madurai,2025-04-10
CUST03573,Customer 3573,Male,58,Trichy,2025-04-26
CUST03574,Customer 3574,Other,20,Bengaluru,2024-11-23
CUST03575,Customer 3575,Female,21,Thanjavur,2026-03-03
CUST03576,Customer 3576,Female,48,Trichy,2026-03-19
CUST03577,Customer 3577,Male,19,Hyderabad,2024-02-25
CUST03578,Customer 3578,Female,34,Hyderabad,2025-03-09
CUST03579,Customer 3579,Male,27,Coimbatore,2024-06-29
CUST03580,Customer 3580,Female,23,Salem,2024-10-07
CUST03581,Customer 3581,Other,46,Tirunelveli,2026-06-13
CUST03582,Customer 3582,Male,60,Salem,2025-06-21
CUST03583,Customer 3583,Male,23,Tirunelveli,2024-07-07
CUST03584,Customer 3584,Female,28,Trichy,2024-12-16
CUST03585,Customer 3585,Female,48,Erode,2024-12-23
CUST03586,Customer 3586,Other,28,Pondicherry,2025-07-02
CUST03587,Customer 3587,Female,62,Bengaluru,2025-03-23
CUST03588,Customer 3588,Male,53,Bengaluru,2025-02-02
CUST03589,Customer 3589,Male,64,Hyderabad,2024-07-22
CUST03590,Customer 3590,Other,27,Thanjavur,2025-08-15
CUST03591,Customer 3591,Other,65,Pondicherry,2025-11-11
CUST03592,Customer 3592,Female,18,Madurai,2026-01-20
CUST03593,Customer 3593,Male,49,Thanjavur,2025-04-14
CUST03594,Customer 3594,Other,44,Salem,2024-04-26
CUST03595,Customer 3595,Other,18,Erode,2025-06-17
CUST03596,Customer 3596,Male,58,Erode,2026-05-02
CUST03597,Customer 3597,Other,24,Chennai,2025-10-16
CUST03598,Customer 3598,Other,30,Tirunelveli,2024-08-11
CUST03599,Customer 3599,Other,28,Bengaluru,2025-12-14
CUST03600,Customer 3600,Male,40,Trichy,2025-01-21
CUST03601,Customer 3601,Other,54,Chennai,2024-07-14
CUST03602,Customer 3602,Female,19,Salem,2025-01-14
CUST03603,Customer 3603,Other,25,Pondicherry,2024-11-10
CUST03604,Customer 3604,Other,47,Tirunelveli,2025-05-26
CUST03605,Customer 3605,Female,40,Vellore,2025-02-24
CUST03606,Customer 3606,Other,39,Coimbatore,2025-03-12
CUST03607,Customer 3607,Female,45,Thanjavur,2024-06-29
CUST03608,Customer 3608,Other,56,Madurai,2024-06-30
CUST03609,Customer 3609,Female,42,Salem,2025-07-09
CUST03610,Customer 3610,Other,62,Hyderabad,2026-05-15
CUST03611,Customer 3611,Other,36,Pondicherry,2025-03-23
CUST03612,Customer 3612,Male,23,Coimbatore,2025-09-27
CUST03613,Customer 3613,Other,19,Bengaluru,2024-04-01
CUST03614,Customer 3614,Male,49,Pondicherry,2025-02-25
CUST03615,Customer 3615,Other,52,Coimbatore,2026-02-08
CUST03616,Customer 3616,Female,50,Bengaluru,2025-10-10
CUST03617,Customer 3617,Male,60,Salem,2026-04-05
CUST03618,Customer 3618,Female,31,Trichy,2026-05-22
CUST03619,Customer 3619,Female,53,Tirunelveli,2026-03-06
CUST03620,Customer 3620,Male,48,Coimbatore,2024-04-27
CUST03621,Customer 3621,Female,44,Hyderabad,2024-12-25
CUST03622,Customer 3622,Other,43,Chennai,2025-12-21
CUST03623,Customer 3623,Male,50,Salem,2025-01-18
CUST03624,Customer 3624,Other,34,Salem,2024-10-01
CUST03625,Customer 3625,Female,61,Trichy,2026-05-08
CUST03626,Customer 3626,Female,20,Chennai,2024-01-05
CUST03627,Customer 3627,Male,41,Vellore,2024-01-27
CUST03628,Customer 3628,Other,56,Thanjavur,2026-04-19
CUST03629,Customer 3629,Male,54,Tirunelveli,2024-12-09
CUST03630,Customer 3630,Other,43,Trichy,2024-09-04
CUST03631,Customer 3631,Other,43,Chennai,2025-09-23
CUST03632,Customer 3632,Other,45,Madurai,2026-03-31
CUST03633,Customer 3633,Female,64,Madurai,2025-10-13
CUST03634,Customer 3634,Female,51,Madurai,2025-02-16
CUST03635,Customer 3635,Male,24,Pondicherry,2025-03-23
CUST03636,Customer 3636,Male,50,Coimbatore,2026-03-31
CUST03637,Customer 3637,Other,43,Hyderabad,2025-10-08
CUST03638,Customer 3638,Other,28,Thanjavur,2024-09-23
CUST03639,Customer 3639,Male,23,Chennai,2024-07-27
CUST03640,Customer 3640,Male,58,Bengaluru,2025-03-23
CUST03641,Customer 3641,Male,57,Pondicherry,2024-06-05
CUST03642,Customer 3642,Male,54,Tirunelveli,2025-07-10
CUST03643,Customer 3643,Other,64,Madurai,2024-01-26
CUST03644,Customer 3644,Other,58,Thanjavur,2025-04-09
CUST03645,Customer 3645,Male,59,Trichy,2024-07-10
CUST03646,Customer 3646,Male,52,Trichy,2024-10-31
CUST03647,Customer 3647,Female,34,Hyderabad,2026-01-13
CUST03648,Customer 3648,Female,23,Madurai,2024-02-22
CUST03649,Customer 3649,Male,58,Bengaluru,2025-10-04
CUST03650,Customer 3650,Male,25,Erode,2026-06-06
CUST03651,Customer 3651,Male,24,Madurai,2025-09-02
CUST03652,Customer 3652,Female,29,Coimbatore,2024-10-16
CUST03653,Customer 3653,Female,41,Trichy,2024-03-20
CUST03654,Customer 3654,Male,49,Chennai,2025-02-04
CUST03655,Customer 3655,Male,49,Hyderabad,2025-02-27
CUST03656,Customer 3656,Male,61,Tirunelveli,2024-03-19
CUST03657,Customer 3657,Female,58,Erode,2025-01-19
CUST03658,Customer 3658,Male,29,Salem,2026-04-07
CUST03659,Customer 3659,Male,60,Bengaluru,2024-01-11
CUST03660,Customer 3660,Other,20,Coimbatore,2025-10-08
CUST03661,Customer 3661,Female,48,Bengaluru,2024-12-17
CUST03662,Customer 3662,Other,18,Madurai,2025-09-06
CUST03663,Customer 3663,Other,34,Coimbatore,2025-06-18
CUST03664,Customer 3664,Other,19,Vellore,2024-07-16
CUST03665,Customer 3665,Other,50,Madurai,2024-01-24
CUST03666,Customer 3666,Female,25,Trichy,2024-08-09
CUST03667,Customer 3667,Female,26,Trichy,2024-01-31
CUST03668,Customer 3668,Other,62,Madurai,2024-03-26
CUST03669,Customer 3669,Female,48,Trichy,2024-10-01
CUST03670,Customer 3670,Female,63,Vellore,2024-04-04
CUST03671,Customer 3671,Female,47,Pondicherry,2025-10-29
CUST03672,Customer 3672,Female,45,Vellore,2026-04-08
CUST03673,Customer 3673,Male,34,Madurai,2025-02-13
CUST03674,Customer 3674,Other,63,Salem,2024-07-21
CUST03675,Customer 3675,Male,55,Bengaluru,2025-02-06
CUST03676,Customer 3676,Male,31,Pondicherry,2024-11-15
CUST03677,Customer 3677,Female,46,Tirunelveli,2025-05-14
CUST03678,Customer 3678,Other,35,Thanjavur,2025-09-02
CUST03679,Customer 3679,Male,56,Tirunelveli,2025-09-29
CUST03680,Customer 3680,Male,54,Thanjavur,2025-03-15
CUST03681,Customer 3681,Other,22,Erode,2025-01-17
CUST03682,Customer 3682,Male,50,Salem,2024-06-20
CUST03683,Customer 3683,Female,36,Bengaluru,2025-08-23
CUST03684,Customer 3684,Other,51,Thanjavur,2026-04-26
CUST03685,Customer 3685,Male,25,Madurai,2025-02-11
CUST03686,Customer 3686,Female,45,Madurai,2026-04-08
CUST03687,Customer 3687,Male,22,Trichy,2025-01-01
CUST03688,Customer 3688,Female,41,Madurai,2025-11-03
CUST03689,Customer 3689,Female,25,Chennai,2026-03-09
CUST03690,Customer 3690,Other,18,Pondicherry,2024-11-22
CUST03691,Customer 3691,Male,47,Bengaluru,2024-12-02
CUST03692,Customer 3692,Female,32,Vellore,2026-03-25
CUST03693,Customer 3693,Female,36,Bengaluru,2024-03-08
CUST03694,Customer 3694,Other,31,Coimbatore,2024-08-05
CUST03695,Customer 3695,Female,63,Bengaluru,2025-07-28
CUST03696,Customer 3696,Other,22,Bengaluru,2026-04-06
CUST03697,Customer 3697,Female,61,Tirunelveli,2025-10-23
CUST03698,Customer 3698,Female,30,Trichy,2024-11-21
CUST03699,Customer 3699,Female,49,Chennai,2024-02-20
CUST03700,Customer 3700,Female,25,Coimbatore,2024-10-08
CUST03701,Customer 3701,Male,56,Thanjavur,2025-04-08
CUST03702,Customer 3702,Female,33,Bengaluru,2025-08-28
CUST03703,Customer 3703,Female,19,Hyderabad,2024-01-22
CUST03704,Customer 3704,Other,18,Erode,2026-03-13
CUST03705,Customer 3705,Male,43,Chennai,2024-10-18
CUST03706,Customer 3706,Other,20,Thanjavur,2025-06-30
CUST03707,Customer 3707,Male,22,Erode,2025-10-22
CUST03708,Customer 3708,Female,64,Salem,2024-04-07
CUST03709,Customer 3709,Female,40,Tirunelveli,2024-10-08
CUST03710,Customer 3710,Other,38,Erode,2024-03-22
CUST03711,Customer 3711,Male,43,Salem,2025-09-19
CUST03712,Customer 3712,Female,49,Hyderabad,2025-12-14
CUST03713,Customer 3713,Female,57,Coimbatore,2024-05-04
CUST03714,Customer 3714,Male,21,Chennai,2024-01-30
CUST03715,Customer 3715,Male,38,Pondicherry,2024-05-22
CUST03716,Customer 3716,Female,32,Madurai,2026-01-11
CUST03717,Customer 3717,Male,64,Thanjavur,2024-03-31
CUST03718,Customer 3718,Other,18,Pondicherry,2026-04-15
CUST03719,Customer 3719,Male,34,Chennai,2026-06-07
CUST03720,Customer 3720,Male,37,Coimbatore,2024-04-23
CUST03721,Customer 3721,Female,62,Bengaluru,2024-09-27
CUST03722,Customer 3722,Female,35,Pondicherry,2026-03-21
CUST03723,Customer 3723,Male,55,Erode,2024-06-23
CUST03724,Customer 3724,Male,38,Madurai,2024-05-02
CUST03725,Customer 3725,Other,44,Hyderabad,2026-02-10
CUST03726,Customer 3726,Other,25,Vellore,2025-04-02
CUST03727,Customer 3727,Male,54,Erode,2025-06-24
CUST03728,Customer 3728,Female,35,Thanjavur,2025-11-08
CUST03729,Customer 3729,Other,48,Trichy,2026-03-02
CUST03730,Customer 3730,Female,36,Pondicherry,2024-04-04
CUST03731,Customer 3731,Female,53,Trichy,2024-03-25
CUST03732,Customer 3732,Other,65,Trichy,2025-11-06
CUST03733,Customer 3733,Male,22,Erode,2025-12-12
CUST03734,Customer 3734,Male,18,Hyderabad,2024-03-02
CUST03735,Customer 3735,Female,42,Trichy,2024-08-09
CUST03736,Customer 3736,Male,39,Trichy,2025-05-14
CUST03737,Customer 3737,Other,51,Vellore,2026-04-13
CUST03738,Customer 3738,Female,37,Pondicherry,2026-05-29
CUST03739,Customer 3739,Other,27,Vellore,2025-04-09
CUST03740,Customer 3740,Male,32,Thanjavur,2024-04-18
CUST03741,Customer 3741,Female,57,Vellore,2025-01-29
CUST03742,Customer 3742,Female,30,Coimbatore,2024-07-26
CUST03743,Customer 3743,Female,28,Hyderabad,2024-10-11
CUST03744,Customer 3744,Other,59,Coimbatore,2024-11-10
CUST03745,Customer 3745,Female,24,Pondicherry,2024-05-30
CUST03746,Customer 3746,Male,19,Erode,2024-04-22
CUST03747,Customer 3747,Female,19,Erode,2024-07-10
CUST03748,Customer 3748,Other,46,Thanjavur,2025-11-08
CUST03749,Customer 3749,Male,53,Coimbatore,2024-09-28
CUST03750,Customer 3750,Female,31,Madurai,2024-12-28
CUST03751,Customer 3751,Other,45,Vellore,2025-02-10
CUST03752,Customer 3752,Male,46,Salem,2024-12-07
CUST03753,Customer 3753,Male,21,Hyderabad,2025-01-13
CUST03754,Customer 3754,Other,45,Trichy,2025-01-26
CUST03755,Customer 3755,Male,43,Madurai,2024-10-28
CUST03756,Customer 3756,Female,51,Bengaluru,2025-08-31
CUST03757,Customer 3757,Other,45,Coimbatore,2025-05-20
CUST03758,Customer 3758,Male,59,Trichy,2025-11-28
CUST03759,Customer 3759,Male,25,Chennai,2024-04-23
CUST03760,Customer 3760,Other,35,Trichy,2024-02-06
CUST03761,Customer 3761,Other,24,Salem,2024-03-08
CUST03762,Customer 3762,Other,62,Pondicherry,2024-08-19
CUST03763,Customer 3763,Female,43,Coimbatore,2025-02-18
CUST03764,Customer 3764,Other,62,Salem,2024-08-13
CUST03765,Customer 3765,Male,28,Trichy,2025-05-22
CUST03766,Customer 3766,Other,36,Pondicherry,2024-12-21
CUST03767,Customer 3767,Female,64,Chennai,2025-09-02
CUST03768,Customer 3768,Male,50,Pondicherry,2024-04-06
CUST03769,Customer 3769,Female,65,Salem,2025-09-29
CUST03770,Customer 3770,Other,33,Madurai,2026-05-23
CUST03771,Customer 3771,Other,22,Madurai,2024-11-18
CUST03772,Customer 3772,Female,47,Madurai,2024-07-10
CUST03773,Customer 3773,Other,48,Tirunelveli,2024-01-14
CUST03774,Customer 3774,Male,29,Salem,2024-12-08
CUST03775,Customer 3775,Male,61,Chennai,2024-03-19
CUST03776,Customer 3776,Female,48,Bengaluru,2025-08-31
CUST03777,Customer 3777,Female,33,Erode,2024-01-02
CUST03778,Customer 3778,Male,19,Bengaluru,2024-04-22
CUST03779,Customer 3779,Female,32,Vellore,2025-11-27
CUST03780,Customer 3780,Male,27,Coimbatore,2025-05-30
CUST03781,Customer 3781,Female,65,Thanjavur,2024-04-12
CUST03782,Customer 3782,Female,65,Thanjavur,2025-04-08
CUST03783,Customer 3783,Female,60,Erode,2025-07-12
CUST03784,Customer 3784,Female,47,Chennai,2024-09-16
CUST03785,Customer 3785,Female,37,Pondicherry,2026-04-27
CUST03786,Customer 3786,Other,60,Bengaluru,2024-12-07
CUST03787,Customer 3787,Male,35,Hyderabad,2025-05-10
CUST03788,Customer 3788,Other,58,Chennai,2025-06-15
CUST03789,Customer 3789,Female,32,Hyderabad,2024-05-31
CUST03790,Customer 3790,Female,49,Chennai,2024-05-25
CUST03791,Customer 3791,Other,65,Pondicherry,2024-09-07
CUST03792,Customer 3792,Female,31,Pondicherry,2025-03-17
CUST03793,Customer 3793,Male,42,Hyderabad,2024-04-01
CUST03794,Customer 3794,Female,58,Hyderabad,2024-04-20
CUST03795,Customer 3795,Female,51,Madurai,2025-07-11
CUST03796,Customer 3796,Other,40,Thanjavur,2024-09-28
CUST03797,Customer 3797,Other,44,Salem,2025-02-04
CUST03798,Customer 3798,Male,20,Bengaluru,2024-11-12
CUST03799,Customer 3799,Other,39,Bengaluru,2025-06-16
CUST03800,Customer 3800,Female,47,Bengaluru,2024-05-05
CUST03801,Customer 3801,Female,36,Coimbatore,2026-03-22
CUST03802,Customer 3802,Female,61,Madurai,2024-01-09
CUST03803,Customer 3803,Other,27,Vellore,2025-04-22
CUST03804,Customer 3804,Other,53,Hyderabad,2024-10-23
CUST03805,Customer 3805,Female,49,Salem,2024-06-15
CUST03806,Customer 3806,Female,18,Erode,2024-03-07
CUST03807,Customer 3807,Male,36,Bengaluru,2024-02-11
CUST03808,Customer 3808,Male,49,Salem,2024-05-06
CUST03809,Customer 3809,Female,40,Hyderabad,2024-01-06
CUST03810,Customer 3810,Male,21,Salem,2026-05-04
CUST03811,Customer 3811,Female,36,Vellore,2024-05-21
CUST03812,Customer 3812,Other,27,Coimbatore,2025-11-12
CUST03813,Customer 3813,Female,27,Pondicherry,2025-12-31
CUST03814,Customer 3814,Female,55,Coimbatore,2024-07-20
CUST03815,Customer 3815,Male,20,Erode,2024-10-24
CUST03816,Customer 3816,Male,61,Hyderabad,2024-12-29
CUST03817,Customer 3817,Female,43,Coimbatore,2025-01-30
CUST03818,Customer 3818,Female,56,Salem,2024-09-24
CUST03819,Customer 3819,Other,45,Hyderabad,2024-06-26
CUST03820,Customer 3820,Female,55,Madurai,2026-06-15
CUST03821,Customer 3821,Male,34,Madurai,2025-11-30
CUST03822,Customer 3822,Other,30,Salem,2025-03-02
CUST03823,Customer 3823,Male,37,Bengaluru,2024-11-08
CUST03824,Customer 3824,Female,52,Madurai,2025-10-05
CUST03825,Customer 3825,Female,24,Madurai,2025-01-19
CUST03826,Customer 3826,Female,62,Thanjavur,2025-06-23
CUST03827,Customer 3827,Other,63,Thanjavur,2025-05-30
CUST03828,Customer 3828,Female,45,Erode,2025-04-24
CUST03829,Customer 3829,Female,47,Chennai,2025-03-06
CUST03830,Customer 3830,Male,44,Coimbatore,2025-07-26
CUST03831,Customer 3831,Male,57,Salem,2026-02-12
CUST03832,Customer 3832,Male,55,Vellore,2026-03-16
CUST03833,Customer 3833,Male,57,Vellore,2025-01-17
CUST03834,Customer 3834,Female,21,Tirunelveli,2025-08-02
CUST03835,Customer 3835,Female,60,Chennai,2024-05-08
CUST03836,Customer 3836,Other,47,Chennai,2025-04-18
CUST03837,Customer 3837,Male,35,Hyderabad,2024-03-27
CUST03838,Customer 3838,Female,56,Coimbatore,2024-04-19
CUST03839,Customer 3839,Female,54,Erode,2026-04-21
CUST03840,Customer 3840,Female,21,Coimbatore,2025-12-08
CUST03841,Customer 3841,Other,61,Vellore,2026-01-28
CUST03842,Customer 3842,Other,21,Pondicherry,2026-01-27
CUST03843,Customer 3843,Other,27,Vellore,2024-07-28
CUST03844,Customer 3844,Female,26,Trichy,2026-01-28
CUST03845,Customer 3845,Other,27,Salem,2025-11-22
CUST03846,Customer 3846,Female,64,Chennai,2025-10-05
CUST03847,Customer 3847,Female,57,Pondicherry,2026-04-04
CUST03848,Customer 3848,Male,22,Chennai,2024-07-24
CUST03849,Customer 3849,Other,25,Vellore,2024-06-05
CUST03850,Customer 3850,Male,31,Coimbatore,2024-04-09
CUST03851,Customer 3851,Male,50,Erode,2025-04-30
CUST03852,Customer 3852,Male,25,Salem,2025-02-04
CUST03853,Customer 3853,Female,29,Trichy,2025-02-18
CUST03854,Customer 3854,Other,34,Bengaluru,2026-05-11
CUST03855,Customer 3855,Female,60,Bengaluru,2025-11-28
CUST03856,Customer 3856,Female,27,Hyderabad,2024-05-06
CUST03857,Customer 3857,Male,27,Pondicherry,2024-01-23
CUST03858,Customer 3858,Male,28,Vellore,2025-11-04
CUST03859,Customer 3859,Other,52,Trichy,2026-01-29
CUST03860,Customer 3860,Female,36,Salem,2025-05-02
CUST03861,Customer 3861,Male,55,Erode,2025-11-14
CUST03862,Customer 3862,Other,35,Tirunelveli,2025-01-11
CUST03863,Customer 3863,Other,24,Erode,2025-01-30
CUST03864,Customer 3864,Female,27,Chennai,2025-03-02
CUST03865,Customer 3865,Female,25,Bengaluru,2024-10-17
CUST03866,Customer 3866,Male,55,Salem,2025-02-02
CUST03867,Customer 3867,Other,59,Hyderabad,2024-02-04
CUST03868,Customer 3868,Female,20,Thanjavur,2025-09-26
CUST03869,Customer 3869,Female,64,Erode,2024-05-22
CUST03870,Customer 3870,Male,28,Thanjavur,2024-10-10
CUST03871,Customer 3871,Other,31,Thanjavur,2025-05-27
CUST03872,Customer 3872,Other,42,Vellore,2025-12-24
CUST03873,Customer 3873,Male,59,Madurai,2024-03-05
CUST03874,Customer 3874,Other,64,Bengaluru,2024-12-26
CUST03875,Customer 3875,Female,63,Madurai,2024-12-13
CUST03876,Customer 3876,Other,37,Tirunelveli,2024-10-12
CUST03877,Customer 3877,Other,48,Tirunelveli,2024-03-10
CUST03878,Customer 3878,Other,60,Madurai,2025-04-28
CUST03879,Customer 3879,Other,50,Hyderabad,2025-08-12
CUST03880,Customer 3880,Female,26,Pondicherry,2025-06-22
CUST03881,Customer 3881,Other,55,Thanjavur,2024-11-27
CUST03882,Customer 3882,Other,43,Coimbatore,2025-08-21
CUST03883,Customer 3883,Male,64,Madurai,2024-02-16
CUST03884,Customer 3884,Male,60,Coimbatore,2024-08-25
CUST03885,Customer 3885,Other,48,Thanjavur,2025-05-26
CUST03886,Customer 3886,Male,64,Trichy,2026-02-17
CUST03887,Customer 3887,Male,64,Tirunelveli,2024-04-17
CUST03888,Customer 3888,Female,22,Chennai,2026-02-12
CUST03889,Customer 3889,Female,25,Chennai,2025-09-18
CUST03890,Customer 3890,Other,22,Erode,2026-05-17
CUST03891,Customer 3891,Female,56,Hyderabad,2026-02-20
CUST03892,Customer 3892,Male,29,Thanjavur,2026-05-10
CUST03893,Customer 3893,Other,46,Tirunelveli,2024-04-20
CUST03894,Customer 3894,Other,54,Vellore,2024-05-16
CUST03895,Customer 3895,Male,34,Erode,2024-07-23
CUST03896,Customer 3896,Other,36,Trichy,2025-03-24
CUST03897,Customer 3897,Other,28,Tirunelveli,2024-07-25
CUST03898,Customer 3898,Other,30,Coimbatore,2026-04-13
CUST03899,Customer 3899,Male,58,Hyderabad,2025-08-19
CUST03900,Customer 3900,Male,20,Madurai,2024-04-08
CUST03901,Customer 3901,Female,44,Bengaluru,2024-01-06
CUST03902,Customer 3902,Male,39,Madurai,2025-07-13
CUST03903,Customer 3903,Other,64,Hyderabad,2025-11-29
CUST03904,Customer 3904,Female,30,Trichy,2025-06-24
CUST03905,Customer 3905,Female,50,Thanjavur,2025-08-07
CUST03906,Customer 3906,Other,53,Madurai,2024-12-31
CUST03907,Customer 3907,Male,46,Tirunelveli,2026-03-31
CUST03908,Customer 3908,Female,22,Bengaluru,2025-10-02
CUST03909,Customer 3909,Male,51,Salem,2024-03-21
CUST03910,Customer 3910,Male,49,Trichy,2024-04-13
CUST03911,Customer 3911,Other,52,Thanjavur,2024-02-22
CUST03912,Customer 3912,Male,36,Salem,2024-01-24
CUST03913,Customer 3913,Other,40,Coimbatore,2025-02-03
CUST03914,Customer 3914,Male,36,Coimbatore,2026-06-12
CUST03915,Customer 3915,Other,33,Vellore,2025-07-01
CUST03916,Customer 3916,Other,37,Tirunelveli,2025-09-17
CUST03917,Customer 3917,Male,52,Pondicherry,2025-09-25
CUST03918,Customer 3918,Other,48,Salem,2024-04-23
CUST03919,Customer 3919,Male,20,Thanjavur,2025-10-30
CUST03920,Customer 3920,Female,30,Thanjavur,2025-03-07
CUST03921,Customer 3921,Male,26,Trichy,2026-02-22
CUST03922,Customer 3922,Other,39,Hyderabad,2025-07-14
CUST03923,Customer 3923,Male,33,Erode,2026-06-18
CUST03924,Customer 3924,Other,57,Pondicherry,2024-03-15
CUST03925,Customer 3925,Male,40,Coimbatore,2026-05-05
CUST03926,Customer 3926,Other,65,Bengaluru,2025-03-02
CUST03927,Customer 3927,Other,48,Madurai,2024-03-23
CUST03928,Customer 3928,Other,20,Coimbatore,2024-10-04
CUST03929,Customer 3929,Female,50,Trichy,2024-02-06
CUST03930,Customer 3930,Female,45,Erode,2025-10-27
CUST03931,Customer 3931,Male,19,Chennai,2024-11-06
CUST03932,Customer 3932,Male,52,Bengaluru,2024-01-27
CUST03933,Customer 3933,Female,61,Hyderabad,2026-05-30
CUST03934,Customer 3934,Male,53,Erode,2026-01-25
CUST03935,Customer 3935,Female,42,Pondicherry,2024-02-23
CUST03936,Customer 3936,Female,62,Tirunelveli,2024-05-08
CUST03937,Customer 3937,Male,25,Erode,2025-07-16
CUST03938,Customer 3938,Other,41,Thanjavur,2024-04-30
CUST03939,Customer 3939,Female,45,Chennai,2024-07-17
CUST03940,Customer 3940,Male,23,Bengaluru,2024-08-31
CUST03941,Customer 3941,Male,44,Pondicherry,2024-01-11
CUST03942,Customer 3942,Other,54,Chennai,2026-02-09
CUST03943,Customer 3943,Male,64,Trichy,2026-04-01
CUST03944,Customer 3944,Male,22,Chennai,2026-04-12
CUST03945,Customer 3945,Female,29,Salem,2024-05-09
CUST03946,Customer 3946,Female,40,Bengaluru,2024-02-14
CUST03947,Customer 3947,Male,36,Madurai,2025-11-01
CUST03948,Customer 3948,Female,48,Hyderabad,2025-09-12
CUST03949,Customer 3949,Other,22,Coimbatore,2024-05-05
CUST03950,Customer 3950,Other,31,Erode,2024-09-13
CUST03951,Customer 3951,Other,40,Trichy,2025-12-23
CUST03952,Customer 3952,Other,37,Thanjavur,2025-03-30
CUST03953,Customer 3953,Other,36,Hyderabad,2026-03-09
CUST03954,Customer 3954,Other,35,Thanjavur,2024-09-07
CUST03955,Customer 3955,Other,50,Coimbatore,2025-12-15
CUST03956,Customer 3956,Female,44,Pondicherry,2024-02-25
CUST03957,Customer 3957,Female,35,Coimbatore,2025-09-28
CUST03958,Customer 3958,Male,51,Trichy,2024-07-27
CUST03959,Customer 3959,Other,53,Trichy,2024-11-08
CUST03960,Customer 3960,Female,64,Madurai,2024-05-05
CUST03961,Customer 3961,Male,62,Erode,2024-02-06
CUST03962,Customer 3962,Female,25,Chennai,2025-10-27
CUST03963,Customer 3963,Male,35,Salem,2025-05-25
CUST03964,Customer 3964,Female,37,Coimbatore,2025-08-25
CUST03965,Customer 3965,Female,57,Tirunelveli,2024-03-02
CUST03966,Customer 3966,Male,42,Tirunelveli,2025-05-22
CUST03967,Customer 3967,Male,32,Trichy,2025-03-30
CUST03968,Customer 3968,Male,60,Tirunelveli,2025-01-23
CUST03969,Customer 3969,Male,60,Salem,2025-06-29
CUST03970,Customer 3970,Other,40,Chennai,2024-02-02
CUST03971,Customer 3971,Female,34,Bengaluru,2025-09-15
CUST03972,Customer 3972,Male,39,Pondicherry,2024-08-09
CUST03973,Customer 3973,Other,45,Tirunelveli,2026-04-29
CUST03974,Customer 3974,Other,65,Chennai,2026-03-12
CUST03975,Customer 3975,Male,53,Tirunelveli,2026-04-06
CUST03976,Customer 3976,Other,36,Vellore,2026-01-08
CUST03977,Customer 3977,Female,54,Pondicherry,2025-04-19
CUST03978,Customer 3978,Other,34,Madurai,2025-08-04
CUST03979,Customer 3979,Female,65,Trichy,2025-01-25
CUST03980,Customer 3980,Male,35,Hyderabad,2024-05-15
CUST03981,Customer 3981,Male,33,Vellore,2024-10-07
CUST03982,Customer 3982,Female,54,Tirunelveli,2024-10-29
CUST03983,Customer 3983,Other,35,Thanjavur,2024-02-09
CUST03984,Customer 3984,Other,34,Hyderabad,2024-10-02
CUST03985,Customer 3985,Other,18,Coimbatore,2026-04-09
CUST03986,Customer 3986,Other,60,Thanjavur,2024-11-10
CUST03987,Customer 3987,Female,29,Erode,2026-05-06
CUST03988,Customer 3988,Male,46,Chennai,2025-04-18
CUST03989,Customer 3989,Male,40,Erode,2025-04-22
CUST03990,Customer 3990,Other,31,Tirunelveli,2025-10-15
CUST03991,Customer 3991,Other,23,Salem,2024-02-29
CUST03992,Customer 3992,Other,38,Coimbatore,2025-09-16
CUST03993,Customer 3993,Male,34,Salem,2025-03-27
CUST03994,Customer 3994,Female,26,Trichy,2024-09-22
CUST03995,Customer 3995,Male,27,Bengaluru,2025-10-07
CUST03996,Customer 3996,Male,32,Coimbatore,2025-11-02
CUST03997,Customer 3997,Male,29,Hyderabad,2025-11-01
CUST03998,Customer 3998,Female,55,Thanjavur,2025-06-02
CUST03999,Customer 3999,Other,63,Trichy,2024-02-12
CUST04000,Customer 4000,Other,34,Salem,2024-03-03
CUST04001,Customer 4001,Other,40,Vellore,2024-01-17
CUST04002,Customer 4002,Male,56,Trichy,2026-01-05
CUST04003,Customer 4003,Male,22,Vellore,2024-12-24
CUST04004,Customer 4004,Male,50,Coimbatore,2025-03-30
CUST04005,Customer 4005,Male,38,Bengaluru,2024-08-30
CUST04006,Customer 4006,Other,44,Coimbatore,2025-01-15
CUST04007,Customer 4007,Female,36,Madurai,2025-10-19
CUST04008,Customer 4008,Female,56,Thanjavur,2024-01-26
CUST04009,Customer 4009,Female,59,Thanjavur,2024-12-09
CUST04010,Customer 4010,Female,57,Chennai,2025-04-26
CUST04011,Customer 4011,Female,20,Salem,2024-06-13
CUST04012,Customer 4012,Other,19,Coimbatore,2024-06-02
CUST04013,Customer 4013,Male,38,Vellore,2025-09-15
CUST04014,Customer 4014,Other,50,Bengaluru,2026-01-02
CUST04015,Customer 4015,Female,31,Tirunelveli,2025-12-30
CUST04016,Customer 4016,Other,20,Hyderabad,2026-04-30
CUST04017,Customer 4017,Male,42,Hyderabad,2026-01-13
CUST04018,Customer 4018,Male,32,Bengaluru,2024-03-21
CUST04019,Customer 4019,Other,58,Vellore,2025-05-30
CUST04020,Customer 4020,Female,52,Pondicherry,2026-01-21
CUST04021,Customer 4021,Other,21,Bengaluru,2024-05-04
CUST04022,Customer 4022,Other,51,Vellore,2025-04-28
CUST04023,Customer 4023,Female,35,Trichy,2025-03-27
CUST04024,Customer 4024,Other,36,Trichy,2026-05-06
CUST04025,Customer 4025,Male,41,Trichy,2024-12-02
CUST04026,Customer 4026,Female,65,Coimbatore,2025-04-11
CUST04027,Customer 4027,Male,46,Pondicherry,2025-12-10
CUST04028,Customer 4028,Female,23,Thanjavur,2025-02-23
CUST04029,Customer 4029,Other,22,Thanjavur,2025-07-27
CUST04030,Customer 4030,Female,56,Trichy,2025-10-31
CUST04031,Customer 4031,Female,32,Bengaluru,2025-04-04
CUST04032,Customer 4032,Male,52,Trichy,2026-04-27
CUST04033,Customer 4033,Female,61,Bengaluru,2026-03-06
CUST04034,Customer 4034,Male,56,Salem,2025-11-12
CUST04035,Customer 4035,Female,39,Thanjavur,2026-03-25
CUST04036,Customer 4036,Male,44,Tirunelveli,2024-04-30
CUST04037,Customer 4037,Male,54,Erode,2025-06-01
CUST04038,Customer 4038,Male,29,Erode,2025-10-09
CUST04039,Customer 4039,Male,25,Tirunelveli,2024-01-16
CUST04040,Customer 4040,Other,63,Erode,2024-09-26
CUST04041,Customer 4041,Male,26,Chennai,2026-01-30
CUST04042,Customer 4042,Female,19,Pondicherry,2026-05-03
CUST04043,Customer 4043,Male,26,Vellore,2024-06-19
CUST04044,Customer 4044,Other,42,Tirunelveli,2026-06-06
CUST04045,Customer 4045,Male,43,Pondicherry,2024-12-28
CUST04046,Customer 4046,Male,63,Salem,2025-07-24
CUST04047,Customer 4047,Female,39,Bengaluru,2024-05-01
CUST04048,Customer 4048,Other,24,Pondicherry,2025-09-15
CUST04049,Customer 4049,Male,65,Thanjavur,2024-02-16
CUST04050,Customer 4050,Female,58,Erode,2025-04-04
CUST04051,Customer 4051,Female,36,Erode,2026-01-28
CUST04052,Customer 4052,Male,64,Madurai,2025-12-17
CUST04053,Customer 4053,Other,50,Coimbatore,2026-01-11
CUST04054,Customer 4054,Male,55,Bengaluru,2024-06-04
CUST04055,Customer 4055,Other,59,Erode,2025-01-13
CUST04056,Customer 4056,Female,46,Madurai,2025-01-23
CUST04057,Customer 4057,Other,55,Salem,2025-06-04
CUST04058,Customer 4058,Male,32,Salem,2026-03-02
CUST04059,Customer 4059,Female,21,Bengaluru,2025-05-20
CUST04060,Customer 4060,Other,55,Vellore,2025-06-14
CUST04061,Customer 4061,Female,36,Thanjavur,2026-05-14
CUST04062,Customer 4062,Female,29,Madurai,2025-01-28
CUST04063,Customer 4063,Other,64,Trichy,2024-02-12
CUST04064,Customer 4064,Other,35,Bengaluru,2025-03-16
CUST04065,Customer 4065,Other,38,Coimbatore,2026-06-19
CUST04066,Customer 4066,Female,28,Coimbatore,2024-12-21
CUST04067,Customer 4067,Female,49,Erode,2024-10-21
CUST04068,Customer 4068,Male,36,Salem,2024-08-17
CUST04069,Customer 4069,Male,32,Hyderabad,2025-09-12
CUST04070,Customer 4070,Male,24,Trichy,2024-10-12
CUST04071,Customer 4071,Other,28,Chennai,2025-07-19
CUST04072,Customer 4072,Male,52,Vellore,2025-09-04
CUST04073,Customer 4073,Male,18,Erode,2026-03-29
CUST04074,Customer 4074,Male,41,Trichy,2026-05-02
CUST04075,Customer 4075,Other,45,Pondicherry,2024-10-15
CUST04076,Customer 4076,Other,26,Erode,2025-03-31
CUST04077,Customer 4077,Male,63,Pondicherry,2024-10-29
CUST04078,Customer 4078,Male,46,Tirunelveli,2026-05-15
CUST04079,Customer 4079,Female,23,Madurai,2025-05-20
CUST04080,Customer 4080,Other,60,Coimbatore,2024-10-12
CUST04081,Customer 4081,Male,65,Trichy,2024-12-28
CUST04082,Customer 4082,Male,38,Madurai,2026-01-14
CUST04083,Customer 4083,Female,35,Erode,2025-06-03
CUST04084,Customer 4084,Other,50,Hyderabad,2025-10-07
CUST04085,Customer 4085,Male,63,Pondicherry,2026-03-06
CUST04086,Customer 4086,Male,45,Coimbatore,2024-11-18
CUST04087,Customer 4087,Other,38,Trichy,2025-12-23
CUST04088,Customer 4088,Other,60,Hyderabad,2026-05-11
CUST04089,Customer 4089,Other,58,Chennai,2024-02-06
CUST04090,Customer 4090,Male,55,Tirunelveli,2024-09-08
CUST04091,Customer 4091,Male,61,Trichy,2026-06-12
CUST04092,Customer 4092,Female,27,Erode,2024-09-28
CUST04093,Customer 4093,Male,64,Erode,2026-04-13
CUST04094,Customer 4094,Male,30,Hyderabad,2024-10-16
CUST04095,Customer 4095,Male,51,Pondicherry,2026-06-15
CUST04096,Customer 4096,Male,18,Tirunelveli,2026-02-06
CUST04097,Customer 4097,Female,53,Bengaluru,2024-03-09
CUST04098,Customer 4098,Other,29,Chennai,2024-08-01
CUST04099,Customer 4099,Other,34,Bengaluru,2025-03-04
CUST04100,Customer 4100,Other,55,Trichy,2025-01-24
CUST04101,Customer 4101,Female,48,Vellore,2025-10-15
CUST04102,Customer 4102,Male,37,Trichy,2025-11-03
CUST04103,Customer 4103,Female,60,Erode,2026-06-15
CUST04104,Customer 4104,Other,43,Bengaluru,2025-05-16
CUST04105,Customer 4105,Other,48,Salem,2024-12-31
CUST04106,Customer 4106,Male,25,Salem,2024-04-08
CUST04107,Customer 4107,Female,38,Trichy,2025-03-05
CUST04108,Customer 4108,Female,25,Madurai,2025-11-09
CUST04109,Customer 4109,Female,60,Coimbatore,2025-04-20
CUST04110,Customer 4110,Other,43,Pondicherry,2024-12-21
CUST04111,Customer 4111,Female,49,Bengaluru,2024-05-11
CUST04112,Customer 4112,Other,33,Chennai,2025-02-25
CUST04113,Customer 4113,Female,50,Trichy,2024-10-24
CUST04114,Customer 4114,Female,21,Vellore,2026-05-21
CUST04115,Customer 4115,Female,34,Hyderabad,2026-03-01
CUST04116,Customer 4116,Female,43,Erode,2024-11-21
CUST04117,Customer 4117,Female,34,Chennai,2025-03-11
CUST04118,Customer 4118,Female,64,Trichy,2024-10-01
CUST04119,Customer 4119,Other,20,Salem,2024-12-13
CUST04120,Customer 4120,Female,32,Bengaluru,2025-04-03
CUST04121,Customer 4121,Male,52,Trichy,2026-06-15
CUST04122,Customer 4122,Other,25,Bengaluru,2026-03-09
CUST04123,Customer 4123,Female,26,Bengaluru,2025-09-17
CUST04124,Customer 4124,Male,64,Chennai,2025-07-06
CUST04125,Customer 4125,Female,23,Pondicherry,2026-04-01
CUST04126,Customer 4126,Female,53,Coimbatore,2024-12-07
CUST04127,Customer 4127,Male,51,Trichy,2025-11-01
CUST04128,Customer 4128,Other,30,Madurai,2025-01-05
CUST04129,Customer 4129,Other,43,Pondicherry,2026-05-08
CUST04130,Customer 4130,Female,28,Thanjavur,2024-08-22
CUST04131,Customer 4131,Female,31,Vellore,2024-12-05
CUST04132,Customer 4132,Male,18,Chennai,2026-01-20
CUST04133,Customer 4133,Male,51,Coimbatore,2026-05-15
CUST04134,Customer 4134,Female,49,Chennai,2025-05-28
CUST04135,Customer 4135,Female,37,Chennai,2024-06-09
CUST04136,Customer 4136,Other,62,Trichy,2024-08-23
CUST04137,Customer 4137,Female,65,Coimbatore,2024-02-04
CUST04138,Customer 4138,Female,59,Tirunelveli,2026-04-12
CUST04139,Customer 4139,Other,35,Coimbatore,2024-05-14
CUST04140,Customer 4140,Male,50,Pondicherry,2024-03-19
CUST04141,Customer 4141,Other,44,Chennai,2025-12-21
CUST04142,Customer 4142,Other,52,Bengaluru,2024-01-16
CUST04143,Customer 4143,Male,65,Bengaluru,2024-06-04
CUST04144,Customer 4144,Female,30,Bengaluru,2026-03-22
CUST04145,Customer 4145,Female,38,Tirunelveli,2026-05-29
CUST04146,Customer 4146,Other,19,Salem,2025-06-08
CUST04147,Customer 4147,Female,30,Coimbatore,2024-10-07
CUST04148,Customer 4148,Other,54,Erode,2024-09-27
CUST04149,Customer 4149,Female,45,Coimbatore,2025-01-20
CUST04150,Customer 4150,Female,53,Salem,2024-08-15
CUST04151,Customer 4151,Female,62,Vellore,2025-05-09
CUST04152,Customer 4152,Male,42,Chennai,2025-06-02
CUST04153,Customer 4153,Other,43,Thanjavur,2025-05-23
CUST04154,Customer 4154,Other,63,Coimbatore,2026-02-20
CUST04155,Customer 4155,Male,54,Chennai,2025-04-08
CUST04156,Customer 4156,Male,46,Thanjavur,2025-02-10
CUST04157,Customer 4157,Other,24,Hyderabad,2025-05-03
CUST04158,Customer 4158,Female,27,Hyderabad,2024-11-14
CUST04159,Customer 4159,Male,53,Madurai,2024-03-26
CUST04160,Customer 4160,Female,55,Trichy,2024-07-31
CUST04161,Customer 4161,Male,43,Bengaluru,2024-03-26
CUST04162,Customer 4162,Female,51,Pondicherry,2026-05-08
CUST04163,Customer 4163,Other,32,Chennai,2026-05-09
CUST04164,Customer 4164,Female,34,Tirunelveli,2026-02-24
CUST04165,Customer 4165,Other,39,Madurai,2024-11-14
CUST04166,Customer 4166,Female,62,Bengaluru,2024-02-07
CUST04167,Customer 4167,Female,18,Salem,2025-09-05
CUST04168,Customer 4168,Male,53,Erode,2025-12-07
CUST04169,Customer 4169,Female,38,Hyderabad,2025-07-12
CUST04170,Customer 4170,Female,47,Pondicherry,2024-08-29
CUST04171,Customer 4171,Other,53,Pondicherry,2025-05-09
CUST04172,Customer 4172,Male,24,Tirunelveli,2026-01-20
CUST04173,Customer 4173,Male,42,Madurai,2025-12-17
CUST04174,Customer 4174,Male,28,Vellore,2026-02-14
CUST04175,Customer 4175,Male,28,Trichy,2026-02-05
CUST04176,Customer 4176,Male,20,Tirunelveli,2025-03-24
CUST04177,Customer 4177,Male,58,Vellore,2025-05-22
CUST04178,Customer 4178,Male,65,Vellore,2025-05-13
CUST04179,Customer 4179,Female,18,Salem,2025-03-04
CUST04180,Customer 4180,Female,36,Pondicherry,2024-04-30
CUST04181,Customer 4181,Female,51,Thanjavur,2025-11-23
CUST04182,Customer 4182,Female,54,Hyderabad,2025-09-21
CUST04183,Customer 4183,Male,36,Vellore,2024-06-18
CUST04184,Customer 4184,Male,57,Pondicherry,2025-12-02
CUST04185,Customer 4185,Other,56,Salem,2025-01-15
CUST04186,Customer 4186,Female,31,Thanjavur,2025-04-28
CUST04187,Customer 4187,Other,26,Madurai,2026-02-03
CUST04188,Customer 4188,Other,48,Chennai,2025-06-20
CUST04189,Customer 4189,Female,29,Madurai,2024-11-21
CUST04190,Customer 4190,Male,18,Salem,2025-04-26
CUST04191,Customer 4191,Male,30,Pondicherry,2025-12-19
CUST04192,Customer 4192,Other,47,Thanjavur,2024-04-06
CUST04193,Customer 4193,Male,57,Erode,2024-04-06
CUST04194,Customer 4194,Male,22,Thanjavur,2025-08-31
CUST04195,Customer 4195,Other,32,Thanjavur,2025-10-13
CUST04196,Customer 4196,Male,30,Salem,2025-10-05
CUST04197,Customer 4197,Female,55,Pondicherry,2024-10-18
CUST04198,Customer 4198,Female,57,Tirunelveli,2024-11-09
CUST04199,Customer 4199,Other,52,Hyderabad,2024-09-17
CUST04200,Customer 4200,Male,22,Bengaluru,2025-11-06
CUST04201,Customer 4201,Male,64,Trichy,2024-06-05
CUST04202,Customer 4202,Male,34,Bengaluru,2024-10-13
CUST04203,Customer 4203,Male,51,Bengaluru,2024-04-14
CUST04204,Customer 4204,Female,39,Bengaluru,2025-10-22
CUST04205,Customer 4205,Other,56,Salem,2026-03-01
CUST04206,Customer 4206,Other,57,Hyderabad,2026-04-06
CUST04207,Customer 4207,Male,28,Chennai,2025-04-29
CUST04208,Customer 4208,Male,31,Coimbatore,2026-03-13
CUST04209,Customer 4209,Other,27,Madurai,2026-04-02
CUST04210,Customer 4210,Female,18,Thanjavur,2024-06-17
CUST04211,Customer 4211,Male,26,Vellore,2024-03-20
CUST04212,Customer 4212,Female,45,Hyderabad,2026-04-06
CUST04213,Customer 4213,Female,37,Vellore,2025-04-28
CUST04214,Customer 4214,Male,33,Vellore,2026-02-17
CUST04215,Customer 4215,Female,42,Pondicherry,2025-02-06
CUST04216,Customer 4216,Female,37,Vellore,2025-04-30
CUST04217,Customer 4217,Other,23,Bengaluru,2024-11-20
CUST04218,Customer 4218,Male,28,Hyderabad,2026-05-12
CUST04219,Customer 4219,Female,63,Madurai,2026-05-03
CUST04220,Customer 4220,Female,53,Erode,2026-05-10
CUST04221,Customer 4221,Other,34,Hyderabad,2025-05-16
CUST04222,Customer 4222,Other,45,Hyderabad,2024-05-03
CUST04223,Customer 4223,Male,19,Thanjavur,2024-12-22
CUST04224,Customer 4224,Female,60,Thanjavur,2026-05-25
CUST04225,Customer 4225,Female,31,Bengaluru,2026-01-15
CUST04226,Customer 4226,Male,42,Thanjavur,2025-07-27
CUST04227,Customer 4227,Other,18,Trichy,2024-07-02
CUST04228,Customer 4228,Female,51,Trichy,2025-03-28
CUST04229,Customer 4229,Other,37,Thanjavur,2024-01-06
CUST04230,Customer 4230,Female,34,Vellore,2024-04-06
CUST04231,Customer 4231,Other,35,Chennai,2024-01-14
CUST04232,Customer 4232,Female,59,Erode,2025-10-24
CUST04233,Customer 4233,Male,62,Pondicherry,2025-02-11
CUST04234,Customer 4234,Female,58,Chennai,2024-09-16
CUST04235,Customer 4235,Male,63,Erode,2025-08-08
CUST04236,Customer 4236,Other,47,Erode,2025-09-14
CUST04237,Customer 4237,Female,65,Hyderabad,2024-06-26
CUST04238,Customer 4238,Other,24,Chennai,2026-02-07
CUST04239,Customer 4239,Male,57,Pondicherry,2025-01-13
CUST04240,Customer 4240,Other,65,Madurai,2024-06-05
CUST04241,Customer 4241,Male,23,Tirunelveli,2026-06-10
CUST04242,Customer 4242,Male,21,Erode,2026-05-04
CUST04243,Customer 4243,Other,21,Thanjavur,2025-10-14
CUST04244,Customer 4244,Other,35,Trichy,2024-04-09
CUST04245,Customer 4245,Other,65,Chennai,2025-11-01
CUST04246,Customer 4246,Other,38,Pondicherry,2024-12-06
CUST04247,Customer 4247,Other,64,Thanjavur,2024-06-22
CUST04248,Customer 4248,Male,60,Tirunelveli,2025-06-12
CUST04249,Customer 4249,Other,60,Chennai,2025-03-02
CUST04250,Customer 4250,Male,50,Madurai,2024-03-07
CUST04251,Customer 4251,Female,23,Madurai,2026-01-16
CUST04252,Customer 4252,Male,35,Bengaluru,2025-03-30
CUST04253,Customer 4253,Other,50,Tirunelveli,2024-07-22
CUST04254,Customer 4254,Other,65,Chennai,2024-06-26
CUST04255,Customer 4255,Female,53,Thanjavur,2024-11-14
CUST04256,Customer 4256,Female,47,Bengaluru,2024-04-30
CUST04257,Customer 4257,Other,23,Bengaluru,2026-05-06
CUST04258,Customer 4258,Male,25,Coimbatore,2025-04-19
CUST04259,Customer 4259,Other,23,Madurai,2024-07-05
CUST04260,Customer 4260,Other,58,Chennai,2024-11-21
CUST04261,Customer 4261,Male,18,Trichy,2026-02-24
CUST04262,Customer 4262,Female,47,Coimbatore,2025-10-15
CUST04263,Customer 4263,Other,33,Salem,2026-06-17
CUST04264,Customer 4264,Other,59,Trichy,2026-05-07
CUST04265,Customer 4265,Other,26,Salem,2026-02-04
CUST04266,Customer 4266,Female,63,Salem,2024-02-24
CUST04267,Customer 4267,Female,26,Bengaluru,2024-07-01
CUST04268,Customer 4268,Female,32,Trichy,2024-11-19
CUST04269,Customer 4269,Male,29,Salem,2024-10-06
CUST04270,Customer 4270,Other,46,Salem,2024-09-22
CUST04271,Customer 4271,Female,40,Bengaluru,2024-04-04
CUST04272,Customer 4272,Female,59,Vellore,2025-01-07
CUST04273,Customer 4273,Other,61,Madurai,2025-04-05
CUST04274,Customer 4274,Other,42,Madurai,2024-02-07
CUST04275,Customer 4275,Other,31,Pondicherry,2025-07-04
CUST04276,Customer 4276,Female,59,Hyderabad,2025-03-20
CUST04277,Customer 4277,Female,31,Thanjavur,2026-03-26
CUST04278,Customer 4278,Other,53,Pondicherry,2025-12-17
CUST04279,Customer 4279,Female,23,Vellore,2026-03-24
CUST04280,Customer 4280,Male,34,Trichy,2026-03-02
CUST04281,Customer 4281,Female,20,Coimbatore,2025-04-23
CUST04282,Customer 4282,Other,58,Madurai,2025-06-13
CUST04283,Customer 4283,Male,47,Bengaluru,2025-05-01
CUST04284,Customer 4284,Female,54,Tirunelveli,2024-11-26
CUST04285,Customer 4285,Other,20,Thanjavur,2025-11-05
CUST04286,Customer 4286,Male,58,Thanjavur,2025-12-19
CUST04287,Customer 4287,Male,28,Tirunelveli,2026-06-09
CUST04288,Customer 4288,Female,39,Hyderabad,2025-05-01
CUST04289,Customer 4289,Male,40,Salem,2024-04-12
CUST04290,Customer 4290,Female,52,Madurai,2024-06-15
CUST04291,Customer 4291,Male,46,Bengaluru,2026-02-09
CUST04292,Customer 4292,Other,54,Pondicherry,2025-04-12
CUST04293,Customer 4293,Other,43,Erode,2025-03-21
CUST04294,Customer 4294,Male,34,Pondicherry,2026-05-04
CUST04295,Customer 4295,Other,39,Erode,2025-01-17
CUST04296,Customer 4296,Female,37,Chennai,2025-11-25
CUST04297,Customer 4297,Male,50,Coimbatore,2026-06-17
CUST04298,Customer 4298,Female,35,Bengaluru,2025-03-07
CUST04299,Customer 4299,Other,19,Madurai,2025-02-14
CUST04300,Customer 4300,Male,37,Bengaluru,2025-06-08
CUST04301,Customer 4301,Other,30,Bengaluru,2025-12-15
CUST04302,Customer 4302,Male,26,Hyderabad,2026-02-08
CUST04303,Customer 4303,Male,23,Salem,2024-12-07
CUST04304,Customer 4304,Male,40,Erode,2026-03-22
CUST04305,Customer 4305,Male,47,Chennai,2025-02-09
CUST04306,Customer 4306,Male,30,Madurai,2025-11-05
CUST04307,Customer 4307,Female,23,Madurai,2024-11-04
CUST04308,Customer 4308,Male,45,Coimbatore,2024-08-29
CUST04309,Customer 4309,Male,27,Hyderabad,2026-01-11
CUST04310,Customer 4310,Female,18,Erode,2025-07-22
CUST04311,Customer 4311,Female,24,Erode,2024-06-12
CUST04312,Customer 4312,Other,43,Pondicherry,2025-07-17
CUST04313,Customer 4313,Female,60,Tirunelveli,2024-08-05
CUST04314,Customer 4314,Female,63,Trichy,2026-05-01
CUST04315,Customer 4315,Male,42,Madurai,2026-02-20
CUST04316,Customer 4316,Male,43,Thanjavur,2024-11-21
CUST04317,Customer 4317,Other,64,Tirunelveli,2024-10-16
CUST04318,Customer 4318,Female,52,Coimbatore,2025-09-03
CUST04319,Customer 4319,Female,60,Pondicherry,2024-12-21
CUST04320,Customer 4320,Male,32,Bengaluru,2025-08-23
CUST04321,Customer 4321,Male,41,Thanjavur,2024-07-01
CUST04322,Customer 4322,Other,18,Bengaluru,2024-12-14
CUST04323,Customer 4323,Female,22,Hyderabad,2025-09-05
CUST04324,Customer 4324,Male,49,Trichy,2024-08-23
CUST04325,Customer 4325,Male,37,Tirunelveli,2024-02-15
CUST04326,Customer 4326,Female,42,Hyderabad,2024-04-05
CUST04327,Customer 4327,Female,27,Salem,2024-07-03
CUST04328,Customer 4328,Female,61,Erode,2024-11-14
CUST04329,Customer 4329,Female,44,Madurai,2024-02-05
CUST04330,Customer 4330,Female,61,Vellore,2024-06-16
CUST04331,Customer 4331,Male,47,Coimbatore,2026-05-04
CUST04332,Customer 4332,Other,64,Coimbatore,2024-12-20
CUST04333,Customer 4333,Female,18,Madurai,2025-11-02
CUST04334,Customer 4334,Male,54,Vellore,2024-11-22
CUST04335,Customer 4335,Other,47,Chennai,2025-01-28
CUST04336,Customer 4336,Other,60,Tirunelveli,2025-05-12
CUST04337,Customer 4337,Male,37,Tirunelveli,2025-03-08
CUST04338,Customer 4338,Other,58,Coimbatore,2024-09-21
CUST04339,Customer 4339,Female,50,Thanjavur,2025-09-10
CUST04340,Customer 4340,Female,63,Thanjavur,2026-03-10
CUST04341,Customer 4341,Other,41,Coimbatore,2026-05-14
CUST04342,Customer 4342,Male,45,Vellore,2026-03-15
CUST04343,Customer 4343,Female,61,Coimbatore,2026-02-16
CUST04344,Customer 4344,Male,39,Pondicherry,2024-06-02
CUST04345,Customer 4345,Female,30,Vellore,2025-08-27
CUST04346,Customer 4346,Other,64,Erode,2026-04-12
CUST04347,Customer 4347,Male,47,Salem,2025-03-21
CUST04348,Customer 4348,Male,49,Erode,2024-02-10
CUST04349,Customer 4349,Male,56,Hyderabad,2025-01-10
CUST04350,Customer 4350,Female,45,Thanjavur,2025-01-13
CUST04351,Customer 4351,Female,19,Vellore,2025-11-22
CUST04352,Customer 4352,Male,36,Thanjavur,2024-09-30
CUST04353,Customer 4353,Male,46,Thanjavur,2025-03-03
CUST04354,Customer 4354,Other,20,Bengaluru,2024-10-31
CUST04355,Customer 4355,Female,64,Chennai,2024-04-24
CUST04356,Customer 4356,Other,43,Trichy,2025-06-28
CUST04357,Customer 4357,Male,52,Coimbatore,2024-06-28
CUST04358,Customer 4358,Other,27,Hyderabad,2024-05-09
CUST04359,Customer 4359,Female,35,Thanjavur,2025-05-20
CUST04360,Customer 4360,Other,57,Trichy,2025-04-14
CUST04361,Customer 4361,Other,51,Bengaluru,2026-04-25
CUST04362,Customer 4362,Male,22,Thanjavur,2025-04-14
CUST04363,Customer 4363,Male,27,Bengaluru,2025-01-16
CUST04364,Customer 4364,Other,24,Tirunelveli,2026-01-11
CUST04365,Customer 4365,Other,23,Thanjavur,2025-06-08
CUST04366,Customer 4366,Other,37,Tirunelveli,2025-10-14
CUST04367,Customer 4367,Male,29,Pondicherry,2025-02-14
CUST04368,Customer 4368,Other,59,Pondicherry,2024-09-20
CUST04369,Customer 4369,Female,25,Trichy,2024-03-22
CUST04370,Customer 4370,Female,37,Bengaluru,2025-08-07
CUST04371,Customer 4371,Other,33,Pondicherry,2025-06-10
CUST04372,Customer 4372,Male,41,Bengaluru,2026-03-29
CUST04373,Customer 4373,Male,45,Salem,2025-04-29
CUST04374,Customer 4374,Other,29,Salem,2026-02-03
CUST04375,Customer 4375,Other,20,Bengaluru,2025-05-28
CUST04376,Customer 4376,Male,61,Salem,2025-02-12
CUST04377,Customer 4377,Male,44,Trichy,2024-10-06
CUST04378,Customer 4378,Female,60,Madurai,2024-01-20
CUST04379,Customer 4379,Female,47,Bengaluru,2024-10-08
CUST04380,Customer 4380,Other,38,Coimbatore,2026-03-20
CUST04381,Customer 4381,Male,19,Pondicherry,2024-08-14
CUST04382,Customer 4382,Male,22,Bengaluru,2024-11-28
CUST04383,Customer 4383,Other,63,Bengaluru,2024-10-21
CUST04384,Customer 4384,Female,55,Tirunelveli,2026-04-26
CUST04385,Customer 4385,Other,39,Vellore,2025-10-12
CUST04386,Customer 4386,Female,53,Chennai,2025-02-02
CUST04387,Customer 4387,Female,38,Thanjavur,2024-12-17
CUST04388,Customer 4388,Female,27,Erode,2026-04-22
CUST04389,Customer 4389,Other,49,Trichy,2026-05-24
CUST04390,Customer 4390,Other,28,Hyderabad,2025-06-29
CUST04391,Customer 4391,Female,43,Chennai,2025-02-03
CUST04392,Customer 4392,Other,23,Hyderabad,2025-11-07
CUST04393,Customer 4393,Other,40,Coimbatore,2025-05-13
CUST04394,Customer 4394,Other,51,Thanjavur,2024-07-31
CUST04395,Customer 4395,Female,38,Erode,2024-11-07
CUST04396,Customer 4396,Female,19,Madurai,2025-11-21
CUST04397,Customer 4397,Other,28,Bengaluru,2025-10-01
CUST04398,Customer 4398,Other,45,Tirunelveli,2024-12-26
CUST04399,Customer 4399,Male,36,Vellore,2026-02-22
CUST04400,Customer 4400,Female,33,Tirunelveli,2026-01-31
CUST04401,Customer 4401,Male,42,Bengaluru,2025-07-04
CUST04402,Customer 4402,Male,24,Tirunelveli,2026-05-20
CUST04403,Customer 4403,Male,25,Bengaluru,2024-08-11
CUST04404,Customer 4404,Male,28,Pondicherry,2024-10-23
CUST04405,Customer 4405,Other,44,Thanjavur,2025-02-14
CUST04406,Customer 4406,Male,44,Bengaluru,2026-02-08
CUST04407,Customer 4407,Female,41,Hyderabad,2024-10-12
CUST04408,Customer 4408,Other,61,Hyderabad,2024-04-18
CUST04409,Customer 4409,Other,38,Vellore,2026-02-19
CUST04410,Customer 4410,Other,43,Trichy,2025-07-02
CUST04411,Customer 4411,Female,49,Erode,2026-05-29
CUST04412,Customer 4412,Female,28,Madurai,2024-10-20
CUST04413,Customer 4413,Female,18,Vellore,2025-02-13
CUST04414,Customer 4414,Female,47,Hyderabad,2026-04-29
CUST04415,Customer 4415,Other,24,Tirunelveli,2024-06-25
CUST04416,Customer 4416,Other,44,Tirunelveli,2025-08-17
CUST04417,Customer 4417,Male,58,Chennai,2025-02-24
CUST04418,Customer 4418,Male,26,Bengaluru,2025-09-25
CUST04419,Customer 4419,Other,23,Bengaluru,2025-09-26
CUST04420,Customer 4420,Other,44,Chennai,2025-08-07
CUST04421,Customer 4421,Other,33,Madurai,2024-11-28
CUST04422,Customer 4422,Other,48,Hyderabad,2025-08-05
CUST04423,Customer 4423,Female,19,Pondicherry,2024-04-03
CUST04424,Customer 4424,Other,42,Vellore,2025-09-07
CUST04425,Customer 4425,Male,28,Erode,2025-06-07
CUST04426,Customer 4426,Other,33,Madurai,2025-01-12
CUST04427,Customer 4427,Other,30,Thanjavur,2025-04-28
CUST04428,Customer 4428,Female,22,Chennai,2024-05-15
CUST04429,Customer 4429,Other,47,Erode,2024-07-30
CUST04430,Customer 4430,Other,56,Erode,2024-09-07
CUST04431,Customer 4431,Male,47,Vellore,2024-09-04
CUST04432,Customer 4432,Male,56,Thanjavur,2025-10-18
CUST04433,Customer 4433,Male,33,Erode,2026-06-12
CUST04434,Customer 4434,Male,18,Pondicherry,2026-01-09
CUST04435,Customer 4435,Other,61,Tirunelveli,2024-02-03
CUST04436,Customer 4436,Other,48,Tirunelveli,2026-06-06
CUST04437,Customer 4437,Female,34,Pondicherry,2024-03-13
CUST04438,Customer 4438,Male,63,Bengaluru,2025-07-04
CUST04439,Customer 4439,Other,63,Chennai,2025-10-24
CUST04440,Customer 4440,Female,64,Chennai,2025-03-25
CUST04441,Customer 4441,Female,64,Chennai,2024-10-26
CUST04442,Customer 4442,Female,63,Vellore,2025-01-07
CUST04443,Customer 4443,Other,46,Tirunelveli,2025-10-06
CUST04444,Customer 4444,Male,24,Madurai,2026-03-17
CUST04445,Customer 4445,Female,55,Coimbatore,2026-05-17
CUST04446,Customer 4446,Male,41,Tirunelveli,2026-01-09
CUST04447,Customer 4447,Female,27,Trichy,2025-11-03
CUST04448,Customer 4448,Female,31,Salem,2026-03-25
CUST04449,Customer 4449,Female,59,Pondicherry,2024-04-09
CUST04450,Customer 4450,Female,63,Erode,2024-03-16
CUST04451,Customer 4451,Male,34,Thanjavur,2026-02-09
CUST04452,Customer 4452,Other,46,Thanjavur,2024-10-29
CUST04453,Customer 4453,Female,62,Salem,2026-03-17
CUST04454,Customer 4454,Female,56,Chennai,2025-08-04
CUST04455,Customer 4455,Male,27,Vellore,2026-02-18
CUST04456,Customer 4456,Male,32,Thanjavur,2024-10-22
CUST04457,Customer 4457,Female,63,Salem,2025-07-31
CUST04458,Customer 4458,Other,28,Bengaluru,2024-11-10
CUST04459,Customer 4459,Female,48,Pondicherry,2025-10-11
CUST04460,Customer 4460,Other,36,Madurai,2025-03-26
CUST04461,Customer 4461,Other,26,Madurai,2026-01-31
CUST04462,Customer 4462,Female,42,Salem,2025-09-14
CUST04463,Customer 4463,Male,19,Trichy,2025-10-14
CUST04464,Customer 4464,Female,27,Bengaluru,2025-08-20
CUST04465,Customer 4465,Female,41,Pondicherry,2024-01-13
CUST04466,Customer 4466,Other,51,Tirunelveli,2025-06-04
CUST04467,Customer 4467,Other,28,Thanjavur,2025-05-03
CUST04468,Customer 4468,Male,55,Vellore,2025-10-21
CUST04469,Customer 4469,Other,41,Tirunelveli,2024-11-17
CUST04470,Customer 4470,Female,59,Madurai,2026-06-05
CUST04471,Customer 4471,Other,48,Madurai,2026-06-10
CUST04472,Customer 4472,Female,18,Hyderabad,2025-05-10
CUST04473,Customer 4473,Female,32,Salem,2024-03-07
CUST04474,Customer 4474,Male,27,Salem,2024-07-30
CUST04475,Customer 4475,Other,25,Hyderabad,2025-09-15
CUST04476,Customer 4476,Female,49,Erode,2024-07-20
CUST04477,Customer 4477,Other,18,Pondicherry,2025-08-06
CUST04478,Customer 4478,Other,32,Pondicherry,2026-05-16
CUST04479,Customer 4479,Female,60,Chennai,2024-07-26
CUST04480,Customer 4480,Other,24,Thanjavur,2025-02-12
CUST04481,Customer 4481,Male,35,Vellore,2025-06-03
CUST04482,Customer 4482,Other,52,Coimbatore,2025-07-01
CUST04483,Customer 4483,Male,46,Bengaluru,2026-03-28
CUST04484,Customer 4484,Male,33,Salem,2025-06-19
CUST04485,Customer 4485,Other,29,Pondicherry,2026-03-27
CUST04486,Customer 4486,Male,32,Pondicherry,2025-10-28
CUST04487,Customer 4487,Female,29,Chennai,2026-01-04
CUST04488,Customer 4488,Female,53,Salem,2025-09-15
CUST04489,Customer 4489,Other,30,Pondicherry,2024-04-03
CUST04490,Customer 4490,Male,26,Vellore,2026-04-30
CUST04491,Customer 4491,Male,31,Trichy,2024-11-06
CUST04492,Customer 4492,Other,55,Erode,2024-09-06
CUST04493,Customer 4493,Male,52,Chennai,2025-04-20
CUST04494,Customer 4494,Other,22,Trichy,2024-11-22
CUST04495,Customer 4495,Male,46,Coimbatore,2025-05-04
CUST04496,Customer 4496,Male,24,Vellore,2025-05-02
CUST04497,Customer 4497,Male,56,Erode,2025-08-26
CUST04498,Customer 4498,Other,18,Bengaluru,2024-11-03
CUST04499,Customer 4499,Male,64,Erode,2025-03-16
CUST04500,Customer 4500,Other,30,Bengaluru,2026-03-07
CUST04501,Customer 4501,Other,57,Erode,2026-04-05
CUST04502,Customer 4502,Female,44,Bengaluru,2024-01-01
CUST04503,Customer 4503,Female,58,Madurai,2024-10-04
CUST04504,Customer 4504,Other,48,Vellore,2024-12-02
CUST04505,Customer 4505,Other,37,Salem,2024-10-17
CUST04506,Customer 4506,Other,33,Thanjavur,2026-06-07
CUST04507,Customer 4507,Other,53,Vellore,2024-10-08
CUST04508,Customer 4508,Other,46,Coimbatore,2024-11-12
CUST04509,Customer 4509,Male,49,Chennai,2026-02-13
CUST04510,Customer 4510,Other,48,Erode,2024-11-22
CUST04511,Customer 4511,Male,22,Tirunelveli,2024-06-16
CUST04512,Customer 4512,Female,24,Erode,2025-11-20
CUST04513,Customer 4513,Other,61,Vellore,2024-12-16
CUST04514,Customer 4514,Male,30,Coimbatore,2026-04-22
CUST04515,Customer 4515,Male,31,Salem,2026-02-20
CUST04516,Customer 4516,Female,38,Vellore,2025-05-28
CUST04517,Customer 4517,Male,61,Salem,2025-04-28
CUST04518,Customer 4518,Male,54,Hyderabad,2025-09-16
CUST04519,Customer 4519,Female,28,Trichy,2024-06-07
CUST04520,Customer 4520,Female,28,Madurai,2026-02-23
CUST04521,Customer 4521,Other,28,Thanjavur,2025-09-16
CUST04522,Customer 4522,Female,59,Bengaluru,2025-06-12
CUST04523,Customer 4523,Female,64,Salem,2026-03-18
CUST04524,Customer 4524,Female,48,Salem,2024-08-22
CUST04525,Customer 4525,Male,37,Thanjavur,2025-01-14
CUST04526,Customer 4526,Female,65,Thanjavur,2026-01-14
CUST04527,Customer 4527,Female,45,Bengaluru,2025-04-05
CUST04528,Customer 4528,Female,18,Tirunelveli,2025-02-06
CUST04529,Customer 4529,Female,40,Hyderabad,2024-02-26
CUST04530,Customer 4530,Male,47,Salem,2026-04-04
CUST04531,Customer 4531,Other,30,Trichy,2024-01-20
CUST04532,Customer 4532,Other,34,Salem,2025-11-08
CUST04533,Customer 4533,Female,19,Thanjavur,2026-05-02
CUST04534,Customer 4534,Female,38,Vellore,2025-03-13
CUST04535,Customer 4535,Other,30,Trichy,2025-07-27
CUST04536,Customer 4536,Other,46,Salem,2025-09-24
CUST04537,Customer 4537,Male,33,Madurai,2024-04-19
CUST04538,Customer 4538,Other,48,Pondicherry,2024-11-29
CUST04539,Customer 4539,Female,20,Hyderabad,2025-08-30
CUST04540,Customer 4540,Other,63,Erode,2025-02-03
CUST04541,Customer 4541,Female,56,Bengaluru,2024-09-12
CUST04542,Customer 4542,Male,24,Chennai,2025-01-19
CUST04543,Customer 4543,Female,35,Vellore,2025-10-16
CUST04544,Customer 4544,Female,36,Coimbatore,2025-01-13
CUST04545,Customer 4545,Male,65,Coimbatore,2025-04-28
CUST04546,Customer 4546,Other,44,Madurai,2024-11-28
CUST04547,Customer 4547,Male,55,Salem,2026-06-13
CUST04548,Customer 4548,Male,53,Coimbatore,2025-08-10
CUST04549,Customer 4549,Male,38,Bengaluru,2025-03-24
CUST04550,Customer 4550,Other,34,Vellore,2025-07-13
CUST04551,Customer 4551,Female,62,Chennai,2025-06-27
CUST04552,Customer 4552,Male,62,Pondicherry,2024-05-23
CUST04553,Customer 4553,Female,41,Erode,2026-01-26
CUST04554,Customer 4554,Male,29,Thanjavur,2026-02-04
CUST04555,Customer 4555,Male,47,Thanjavur,2025-04-24
CUST04556,Customer 4556,Male,61,Pondicherry,2024-12-07
CUST04557,Customer 4557,Female,56,Pondicherry,2024-09-22
CUST04558,Customer 4558,Male,25,Hyderabad,2024-01-24
CUST04559,Customer 4559,Female,43,Erode,2025-02-24
CUST04560,Customer 4560,Male,51,Chennai,2026-03-28
CUST04561,Customer 4561,Female,19,Bengaluru,2025-06-08
CUST04562,Customer 4562,Male,50,Thanjavur,2025-03-23
CUST04563,Customer 4563,Other,49,Salem,2026-03-20
CUST04564,Customer 4564,Female,58,Coimbatore,2025-08-11
CUST04565,Customer 4565,Male,54,Coimbatore,2026-01-22
CUST04566,Customer 4566,Male,52,Madurai,2025-07-25
CUST04567,Customer 4567,Other,23,Bengaluru,2026-03-28
CUST04568,Customer 4568,Other,59,Trichy,2025-04-24
CUST04569,Customer 4569,Male,61,Tirunelveli,2026-02-08
CUST04570,Customer 4570,Female,47,Erode,2026-04-17
CUST04571,Customer 4571,Male,59,Thanjavur,2026-01-26
CUST04572,Customer 4572,Male,59,Bengaluru,2024-03-15
CUST04573,Customer 4573,Female,51,Pondicherry,2024-12-13
CUST04574,Customer 4574,Female,19,Tirunelveli,2026-01-27
CUST04575,Customer 4575,Female,18,Bengaluru,2025-08-11
CUST04576,Customer 4576,Female,19,Chennai,2026-04-28
CUST04577,Customer 4577,Female,45,Madurai,2024-08-18
CUST04578,Customer 4578,Male,55,Hyderabad,2024-09-22
CUST04579,Customer 4579,Female,52,Erode,2026-02-25
CUST04580,Customer 4580,Other,30,Bengaluru,2025-10-31
CUST04581,Customer 4581,Other,54,Madurai,2024-12-29
CUST04582,Customer 4582,Male,31,Salem,2024-07-12
CUST04583,Customer 4583,Male,19,Vellore,2024-07-04
CUST04584,Customer 4584,Male,26,Vellore,2025-09-08
CUST04585,Customer 4585,Male,38,Thanjavur,2024-12-22
CUST04586,Customer 4586,Other,31,Trichy,2024-08-23
CUST04587,Customer 4587,Male,45,Salem,2024-11-06
CUST04588,Customer 4588,Male,40,Chennai,2024-08-26
CUST04589,Customer 4589,Female,25,Tirunelveli,2024-05-20
CUST04590,Customer 4590,Female,65,Pondicherry,2024-01-27
CUST04591,Customer 4591,Female,21,Erode,2024-08-01
CUST04592,Customer 4592,Female,30,Trichy,2025-03-25
CUST04593,Customer 4593,Female,55,Coimbatore,2026-02-28
CUST04594,Customer 4594,Male,50,Bengaluru,2024-04-05
CUST04595,Customer 4595,Other,25,Madurai,2026-01-11
CUST04596,Customer 4596,Male,25,Erode,2026-02-13
CUST04597,Customer 4597,Other,40,Pondicherry,2026-01-28
CUST04598,Customer 4598,Female,30,Trichy,2024-11-20
CUST04599,Customer 4599,Other,41,Erode,2024-04-02
CUST04600,Customer 4600,Other,25,Erode,2024-09-18
CUST04601,Customer 4601,Male,42,Tirunelveli,2024-01-17
CUST04602,Customer 4602,Male,40,Thanjavur,2025-02-13
CUST04603,Customer 4603,Male,45,Hyderabad,2024-11-13
CUST04604,Customer 4604,Male,62,Coimbatore,2024-11-03
CUST04605,Customer 4605,Other,42,Erode,2025-10-28
CUST04606,Customer 4606,Female,64,Hyderabad,2024-01-17
CUST04607,Customer 4607,Male,27,Trichy,2024-11-27
CUST04608,Customer 4608,Other,18,Madurai,2024-06-30
CUST04609,Customer 4609,Male,26,Pondicherry,2025-06-15
CUST04610,Customer 4610,Male,21,Bengaluru,2025-04-26
CUST04611,Customer 4611,Male,65,Hyderabad,2026-04-01
CUST04612,Customer 4612,Female,57,Tirunelveli,2024-10-27
CUST04613,Customer 4613,Male,44,Madurai,2026-04-23
CUST04614,Customer 4614,Other,27,Pondicherry,2024-06-27
CUST04615,Customer 4615,Other,29,Thanjavur,2026-04-08
CUST04616,Customer 4616,Male,28,Chennai,2026-06-19
CUST04617,Customer 4617,Male,37,Tirunelveli,2025-05-24
CUST04618,Customer 4618,Female,34,Bengaluru,2025-10-02
CUST04619,Customer 4619,Male,19,Thanjavur,2024-11-24
CUST04620,Customer 4620,Female,20,Pondicherry,2024-01-30
CUST04621,Customer 4621,Male,44,Chennai,2026-06-11
CUST04622,Customer 4622,Female,56,Pondicherry,2025-07-06
CUST04623,Customer 4623,Male,28,Coimbatore,2025-06-21
CUST04624,Customer 4624,Female,32,Coimbatore,2024-01-16
CUST04625,Customer 4625,Male,25,Erode,2025-03-05
CUST04626,Customer 4626,Female,52,Erode,2025-04-20
CUST04627,Customer 4627,Other,58,Chennai,2024-05-17
CUST04628,Customer 4628,Female,48,Salem,2024-11-14
CUST04629,Customer 4629,Female,60,Vellore,2024-05-11
CUST04630,Customer 4630,Other,60,Pondicherry,2025-01-09
CUST04631,Customer 4631,Female,49,Pondicherry,2024-04-08
CUST04632,Customer 4632,Other,30,Madurai,2026-05-01
CUST04633,Customer 4633,Other,26,Madurai,2024-08-12
CUST04634,Customer 4634,Other,23,Pondicherry,2024-08-18
CUST04635,Customer 4635,Other,43,Salem,2024-04-07
CUST04636,Customer 4636,Male,33,Trichy,2025-09-21
CUST04637,Customer 4637,Male,64,Hyderabad,2024-09-13
CUST04638,Customer 4638,Female,63,Erode,2024-11-04
CUST04639,Customer 4639,Other,51,Vellore,2025-11-15
CUST04640,Customer 4640,Female,26,Thanjavur,2025-08-14
CUST04641,Customer 4641,Female,60,Madurai,2025-03-08
CUST04642,Customer 4642,Other,20,Pondicherry,2025-08-16
CUST04643,Customer 4643,Female,58,Chennai,2026-03-29
CUST04644,Customer 4644,Male,29,Chennai,2026-03-24
CUST04645,Customer 4645,Other,20,Trichy,2024-05-26
CUST04646,Customer 4646,Female,38,Chennai,2024-06-14
CUST04647,Customer 4647,Female,48,Thanjavur,2025-08-08
CUST04648,Customer 4648,Other,54,Tirunelveli,2024-07-11
CUST04649,Customer 4649,Male,47,Bengaluru,2025-04-07
CUST04650,Customer 4650,Other,46,Coimbatore,2024-09-26
CUST04651,Customer 4651,Female,59,Vellore,2026-02-01
CUST04652,Customer 4652,Female,29,Salem,2024-12-11
CUST04653,Customer 4653,Female,53,Erode,2024-12-15
CUST04654,Customer 4654,Male,60,Thanjavur,2025-11-10
CUST04655,Customer 4655,Other,34,Coimbatore,2026-02-20
CUST04656,Customer 4656,Female,45,Hyderabad,2026-03-11
CUST04657,Customer 4657,Other,26,Coimbatore,2024-01-27
CUST04658,Customer 4658,Female,25,Coimbatore,2024-08-20
CUST04659,Customer 4659,Other,36,Madurai,2025-07-17
CUST04660,Customer 4660,Female,37,Erode,2026-06-13
CUST04661,Customer 4661,Other,23,Vellore,2025-03-22
CUST04662,Customer 4662,Female,50,Trichy,2024-07-05
CUST04663,Customer 4663,Other,32,Chennai,2024-05-25
CUST04664,Customer 4664,Other,65,Thanjavur,2024-07-22
CUST04665,Customer 4665,Other,27,Bengaluru,2025-06-22
CUST04666,Customer 4666,Other,51,Chennai,2026-05-30
CUST04667,Customer 4667,Other,41,Vellore,2026-03-30
CUST04668,Customer 4668,Other,51,Madurai,2024-08-23
CUST04669,Customer 4669,Male,24,Hyderabad,2025-01-18
CUST04670,Customer 4670,Other,58,Bengaluru,2024-06-18
CUST04671,Customer 4671,Other,27,Vellore,2024-08-19
CUST04672,Customer 4672,Female,30,Salem,2025-09-16
CUST04673,Customer 4673,Female,36,Tirunelveli,2024-02-20
CUST04674,Customer 4674,Female,48,Erode,2025-06-18
CUST04675,Customer 4675,Male,64,Salem,2024-11-25
CUST04676,Customer 4676,Male,34,Pondicherry,2024-01-01
CUST04677,Customer 4677,Other,37,Trichy,2025-07-23
CUST04678,Customer 4678,Other,56,Coimbatore,2026-01-21
CUST04679,Customer 4679,Female,26,Madurai,2024-03-01
CUST04680,Customer 4680,Male,33,Tirunelveli,2025-05-07
CUST04681,Customer 4681,Male,59,Tirunelveli,2026-03-16
CUST04682,Customer 4682,Other,30,Trichy,2025-02-04
CUST04683,Customer 4683,Female,22,Trichy,2026-05-04
CUST04684,Customer 4684,Male,43,Coimbatore,2024-10-09
CUST04685,Customer 4685,Other,55,Hyderabad,2026-01-13
CUST04686,Customer 4686,Male,46,Madurai,2024-06-04
CUST04687,Customer 4687,Female,38,Chennai,2025-11-19
CUST04688,Customer 4688,Male,51,Salem,2025-10-14
CUST04689,Customer 4689,Male,58,Bengaluru,2025-06-20
CUST04690,Customer 4690,Male,60,Erode,2025-04-27
CUST04691,Customer 4691,Male,52,Pondicherry,2024-11-01
CUST04692,Customer 4692,Female,27,Coimbatore,2025-09-16
CUST04693,Customer 4693,Other,39,Salem,2026-02-11
CUST04694,Customer 4694,Female,34,Coimbatore,2024-02-11
CUST04695,Customer 4695,Female,45,Bengaluru,2025-10-03
CUST04696,Customer 4696,Other,62,Erode,2024-06-21
CUST04697,Customer 4697,Female,32,Vellore,2026-02-15
CUST04698,Customer 4698,Male,64,Bengaluru,2024-04-15
CUST04699,Customer 4699,Female,33,Hyderabad,2025-09-05
CUST04700,Customer 4700,Other,45,Tirunelveli,2025-05-21
CUST04701,Customer 4701,Other,24,Salem,2024-02-28
CUST04702,Customer 4702,Other,64,Salem,2026-05-12
CUST04703,Customer 4703,Other,50,Thanjavur,2024-09-14
CUST04704,Customer 4704,Other,34,Thanjavur,2025-03-05
CUST04705,Customer 4705,Male,24,Pondicherry,2024-03-26
CUST04706,Customer 4706,Female,33,Bengaluru,2026-04-05
CUST04707,Customer 4707,Male,55,Tirunelveli,2025-05-21
CUST04708,Customer 4708,Female,24,Pondicherry,2025-11-12
CUST04709,Customer 4709,Other,56,Bengaluru,2025-05-14
CUST04710,Customer 4710,Other,51,Hyderabad,2025-01-19
CUST04711,Customer 4711,Male,56,Coimbatore,2025-01-26
CUST04712,Customer 4712,Other,24,Bengaluru,2025-08-27
CUST04713,Customer 4713,Male,33,Thanjavur,2024-04-07
CUST04714,Customer 4714,Other,63,Bengaluru,2025-08-17
CUST04715,Customer 4715,Female,63,Pondicherry,2025-03-07
CUST04716,Customer 4716,Female,59,Erode,2024-02-10
CUST04717,Customer 4717,Female,54,Vellore,2026-05-22
CUST04718,Customer 4718,Female,58,Pondicherry,2024-02-08
CUST04719,Customer 4719,Female,60,Chennai,2026-03-07
CUST04720,Customer 4720,Other,29,Chennai,2024-08-09
CUST04721,Customer 4721,Female,24,Salem,2025-10-07
CUST04722,Customer 4722,Male,64,Erode,2025-02-26
CUST04723,Customer 4723,Female,40,Hyderabad,2026-05-19
CUST04724,Customer 4724,Female,33,Salem,2024-12-18
CUST04725,Customer 4725,Male,38,Erode,2025-04-01
CUST04726,Customer 4726,Other,34,Madurai,2025-12-16
CUST04727,Customer 4727,Other,53,Hyderabad,2024-08-02
CUST04728,Customer 4728,Other,43,Thanjavur,2024-11-25
CUST04729,Customer 4729,Male,49,Coimbatore,2026-03-10
CUST04730,Customer 4730,Female,57,Vellore,2024-12-07
CUST04731,Customer 4731,Male,38,Salem,2026-01-27
CUST04732,Customer 4732,Other,23,Hyderabad,2024-04-13
CUST04733,Customer 4733,Female,57,Erode,2025-02-19
CUST04734,Customer 4734,Male,42,Trichy,2025-10-16
CUST04735,Customer 4735,Other,49,Thanjavur,2024-09-28
CUST04736,Customer 4736,Female,41,Madurai,2024-12-11
CUST04737,Customer 4737,Female,19,Coimbatore,2024-06-21
CUST04738,Customer 4738,Other,37,Vellore,2024-07-13
CUST04739,Customer 4739,Other,53,Salem,2025-12-18
CUST04740,Customer 4740,Other,52,Madurai,2026-02-13
CUST04741,Customer 4741,Other,62,Coimbatore,2025-02-11
CUST04742,Customer 4742,Male,23,Pondicherry,2024-07-22
CUST04743,Customer 4743,Other,43,Salem,2025-09-04
CUST04744,Customer 4744,Other,39,Vellore,2024-05-29
CUST04745,Customer 4745,Female,26,Tirunelveli,2024-12-28
CUST04746,Customer 4746,Other,36,Bengaluru,2024-04-16
CUST04747,Customer 4747,Male,38,Trichy,2025-08-06
CUST04748,Customer 4748,Male,33,Vellore,2025-03-29
CUST04749,Customer 4749,Other,35,Chennai,2024-06-07
CUST04750,Customer 4750,Male,62,Trichy,2025-05-21
CUST04751,Customer 4751,Male,46,Hyderabad,2024-09-08
CUST04752,Customer 4752,Male,27,Chennai,2026-04-11
CUST04753,Customer 4753,Male,19,Bengaluru,2024-10-30
CUST04754,Customer 4754,Female,44,Vellore,2025-05-09
CUST04755,Customer 4755,Other,30,Tirunelveli,2025-07-18
CUST04756,Customer 4756,Other,55,Tirunelveli,2024-07-09
CUST04757,Customer 4757,Other,42,Pondicherry,2025-10-04
CUST04758,Customer 4758,Other,41,Salem,2024-09-24
CUST04759,Customer 4759,Female,41,Trichy,2025-03-17
CUST04760,Customer 4760,Other,40,Coimbatore,2024-11-23
CUST04761,Customer 4761,Male,38,Pondicherry,2025-12-10
CUST04762,Customer 4762,Other,55,Madurai,2024-09-09
CUST04763,Customer 4763,Other,63,Erode,2024-04-08
CUST04764,Customer 4764,Female,24,Bengaluru,2025-07-02
CUST04765,Customer 4765,Other,40,Pondicherry,2024-08-21
CUST04766,Customer 4766,Other,53,Trichy,2025-12-19
CUST04767,Customer 4767,Female,54,Chennai,2025-04-21
CUST04768,Customer 4768,Other,46,Erode,2025-04-16
CUST04769,Customer 4769,Female,22,Madurai,2025-08-28
CUST04770,Customer 4770,Other,46,Vellore,2024-01-23
CUST04771,Customer 4771,Male,40,Erode,2025-10-27
CUST04772,Customer 4772,Other,27,Coimbatore,2026-06-07
CUST04773,Customer 4773,Female,22,Pondicherry,2025-11-29
CUST04774,Customer 4774,Other,34,Pondicherry,2024-10-09
CUST04775,Customer 4775,Other,56,Erode,2024-01-29
CUST04776,Customer 4776,Other,26,Tirunelveli,2025-03-17
CUST04777,Customer 4777,Other,46,Salem,2024-08-08
CUST04778,Customer 4778,Other,61,Salem,2025-07-05
CUST04779,Customer 4779,Male,54,Vellore,2024-12-04
CUST04780,Customer 4780,Male,52,Hyderabad,2025-02-20
CUST04781,Customer 4781,Female,18,Bengaluru,2025-08-23
CUST04782,Customer 4782,Other,40,Bengaluru,2024-02-24
CUST04783,Customer 4783,Male,57,Coimbatore,2024-05-02
CUST04784,Customer 4784,Female,64,Madurai,2025-06-26
CUST04785,Customer 4785,Male,33,Bengaluru,2026-01-20
CUST04786,Customer 4786,Male,29,Chennai,2026-03-03
CUST04787,Customer 4787,Female,64,Coimbatore,2025-10-26
CUST04788,Customer 4788,Male,24,Tirunelveli,2024-12-05
CUST04789,Customer 4789,Other,61,Tirunelveli,2025-08-10
CUST04790,Customer 4790,Female,42,Pondicherry,2026-04-04
CUST04791,Customer 4791,Male,39,Madurai,2025-04-30
CUST04792,Customer 4792,Female,40,Madurai,2024-04-08
CUST04793,Customer 4793,Female,34,Erode,2025-12-25
CUST04794,Customer 4794,Male,34,Tirunelveli,2024-04-02
CUST04795,Customer 4795,Male,40,Hyderabad,2024-07-24
CUST04796,Customer 4796,Male,39,Erode,2025-10-10
CUST04797,Customer 4797,Male,51,Salem,2026-02-08
CUST04798,Customer 4798,Other,21,Vellore,2024-01-21
CUST04799,Customer 4799,Other,41,Coimbatore,2024-03-01
CUST04800,Customer 4800,Male,51,Chennai,2024-06-21
CUST04801,Customer 4801,Female,42,Salem,2024-01-05
CUST04802,Customer 4802,Other,54,Thanjavur,2024-01-29
CUST04803,Customer 4803,Male,29,Trichy,2026-05-29
CUST04804,Customer 4804,Other,49,Madurai,2025-10-13
CUST04805,Customer 4805,Male,40,Coimbatore,2025-07-02
CUST04806,Customer 4806,Other,27,Bengaluru,2026-06-12
CUST04807,Customer 4807,Other,29,Erode,2025-01-18
CUST04808,Customer 4808,Male,50,Madurai,2025-12-24
CUST04809,Customer 4809,Female,19,Bengaluru,2026-04-13
CUST04810,Customer 4810,Other,25,Salem,2024-02-09
CUST04811,Customer 4811,Male,40,Hyderabad,2024-10-25
CUST04812,Customer 4812,Other,51,Madurai,2024-07-03
CUST04813,Customer 4813,Female,30,Bengaluru,2024-04-12
CUST04814,Customer 4814,Other,39,Erode,2024-06-07
CUST04815,Customer 4815,Other,42,Erode,2025-11-05
CUST04816,Customer 4816,Other,53,Coimbatore,2024-04-29
CUST04817,Customer 4817,Male,41,Madurai,2024-12-12
CUST04818,Customer 4818,Female,30,Tirunelveli,2024-09-02
CUST04819,Customer 4819,Female,21,Erode,2024-02-12
CUST04820,Customer 4820,Other,63,Bengaluru,2026-04-10
CUST04821,Customer 4821,Other,23,Hyderabad,2024-04-11
CUST04822,Customer 4822,Female,51,Bengaluru,2025-11-01
CUST04823,Customer 4823,Other,52,Vellore,2025-08-11
CUST04824,Customer 4824,Other,59,Trichy,2025-02-07
CUST04825,Customer 4825,Female,26,Erode,2024-10-16
CUST04826,Customer 4826,Male,36,Hyderabad,2026-02-20
CUST04827,Customer 4827,Female,45,Tirunelveli,2025-03-12
CUST04828,Customer 4828,Female,19,Erode,2024-03-25
CUST04829,Customer 4829,Female,53,Erode,2024-04-16
CUST04830,Customer 4830,Female,37,Erode,2025-09-16
CUST04831,Customer 4831,Female,61,Pondicherry,2026-03-16
CUST04832,Customer 4832,Other,20,Trichy,2024-02-26
CUST04833,Customer 4833,Female,55,Pondicherry,2024-04-01
CUST04834,Customer 4834,Other,29,Hyderabad,2025-08-07
CUST04835,Customer 4835,Other,21,Vellore,2024-11-17
CUST04836,Customer 4836,Male,37,Tirunelveli,2024-01-29
CUST04837,Customer 4837,Female,52,Chennai,2024-07-11
CUST04838,Customer 4838,Other,45,Pondicherry,2026-04-23
CUST04839,Customer 4839,Other,29,Vellore,2025-06-04
CUST04840,Customer 4840,Other,62,Chennai,2025-01-14
CUST04841,Customer 4841,Male,47,Madurai,2024-08-07
CUST04842,Customer 4842,Other,38,Coimbatore,2024-08-14
CUST04843,Customer 4843,Male,49,Trichy,2026-01-01
CUST04844,Customer 4844,Other,57,Chennai,2025-08-07
CUST04845,Customer 4845,Female,31,Pondicherry,2024-02-16
CUST04846,Customer 4846,Female,18,Trichy,2024-04-29
CUST04847,Customer 4847,Female,29,Tirunelveli,2025-11-06
CUST04848,Customer 4848,Male,41,Tirunelveli,2026-04-26
CUST04849,Customer 4849,Male,27,Bengaluru,2024-02-15
CUST04850,Customer 4850,Other,60,Salem,2024-09-09
CUST04851,Customer 4851,Other,54,Pondicherry,2025-03-08
CUST04852,Customer 4852,Other,37,Trichy,2026-06-03
CUST04853,Customer 4853,Other,65,Salem,2026-06-18
CUST04854,Customer 4854,Other,18,Tirunelveli,2025-02-23
CUST04855,Customer 4855,Female,42,Salem,2026-04-23
CUST04856,Customer 4856,Male,49,Salem,2026-05-12
CUST04857,Customer 4857,Male,58,Pondicherry,2025-09-06
CUST04858,Customer 4858,Male,62,Erode,2025-02-08
CUST04859,Customer 4859,Other,62,Trichy,2024-05-11
CUST04860,Customer 4860,Other,25,Coimbatore,2024-03-13
CUST04861,Customer 4861,Female,22,Madurai,2024-06-11
CUST04862,Customer 4862,Female,28,Pondicherry,2025-07-03
CUST04863,Customer 4863,Other,63,Pondicherry,2024-09-19
CUST04864,Customer 4864,Female,52,Salem,2025-02-11
CUST04865,Customer 4865,Other,34,Coimbatore,2024-10-18
CUST04866,Customer 4866,Male,43,Trichy,2026-02-18
CUST04867,Customer 4867,Other,49,Trichy,2024-03-29
CUST04868,Customer 4868,Other,20,Erode,2024-05-10
CUST04869,Customer 4869,Male,25,Trichy,2025-05-05
CUST04870,Customer 4870,Female,29,Coimbatore,2024-02-08
CUST04871,Customer 4871,Other,22,Trichy,2026-02-19
CUST04872,Customer 4872,Other,41,Erode,2025-03-22
CUST04873,Customer 4873,Male,46,Bengaluru,2026-01-26
CUST04874,Customer 4874,Male,60,Vellore,2026-02-26
CUST04875,Customer 4875,Male,31,Pondicherry,2026-02-24
CUST04876,Customer 4876,Male,54,Chennai,2024-11-21
CUST04877,Customer 4877,Female,34,Madurai,2024-06-05
CUST04878,Customer 4878,Female,30,Hyderabad,2024-12-24
CUST04879,Customer 4879,Female,42,Madurai,2024-02-27
CUST04880,Customer 4880,Other,22,Trichy,2024-10-25
CUST04881,Customer 4881,Other,30,Thanjavur,2024-07-07
CUST04882,Customer 4882,Other,46,Chennai,2025-11-04
CUST04883,Customer 4883,Female,22,Trichy,2026-06-11
CUST04884,Customer 4884,Other,36,Vellore,2025-09-08
CUST04885,Customer 4885,Male,53,Thanjavur,2024-06-13
CUST04886,Customer 4886,Male,61,Coimbatore,2024-02-28
CUST04887,Customer 4887,Other,52,Chennai,2025-02-23
CUST04888,Customer 4888,Other,28,Pondicherry,2025-09-25
CUST04889,Customer 4889,Female,20,Madurai,2024-11-25
CUST04890,Customer 4890,Other,32,Chennai,2024-04-16
CUST04891,Customer 4891,Male,54,Chennai,2025-01-25
CUST04892,Customer 4892,Female,54,Coimbatore,2026-04-13
CUST04893,Customer 4893,Male,58,Chennai,2026-05-27
CUST04894,Customer 4894,Other,22,Chennai,2025-07-31
CUST04895,Customer 4895,Female,54,Hyderabad,2025-10-26
CUST04896,Customer 4896,Female,61,Bengaluru,2025-01-30
CUST04897,Customer 4897,Female,65,Trichy,2025-01-31
CUST04898,Customer 4898,Female,57,Salem,2025-11-30
CUST04899,Customer 4899,Other,47,Erode,2024-12-19
CUST04900,Customer 4900,Female,52,Thanjavur,2024-06-05
CUST04901,Customer 4901,Male,36,Hyderabad,2024-08-17
CUST04902,Customer 4902,Male,42,Salem,2026-01-18
CUST04903,Customer 4903,Female,65,Chennai,2024-06-13
CUST04904,Customer 4904,Female,27,Chennai,2025-03-18
CUST04905,Customer 4905,Female,63,Vellore,2025-04-15
CUST04906,Customer 4906,Male,43,Madurai,2026-05-22
CUST04907,Customer 4907,Other,40,Trichy,2026-05-10
CUST04908,Customer 4908,Female,44,Erode,2025-02-19
CUST04909,Customer 4909,Female,46,Tirunelveli,2026-01-21
CUST04910,Customer 4910,Female,39,Thanjavur,2025-04-19
CUST04911,Customer 4911,Female,26,Pondicherry,2025-11-12
CUST04912,Customer 4912,Male,33,Trichy,2025-06-26
CUST04913,Customer 4913,Male,54,Trichy,2025-12-30
CUST04914,Customer 4914,Other,60,Bengaluru,2026-06-13
CUST04915,Customer 4915,Female,53,Tirunelveli,2025-01-07
CUST04916,Customer 4916,Other,37,Trichy,2025-01-18
CUST04917,Customer 4917,Male,48,Coimbatore,2025-02-06
CUST04918,Customer 4918,Other,46,Salem,2025-07-09
CUST04919,Customer 4919,Other,44,Chennai,2026-05-02
CUST04920,Customer 4920,Male,39,Vellore,2024-07-23
CUST04921,Customer 4921,Other,42,Vellore,2024-06-09
CUST04922,Customer 4922,Male,46,Chennai,2025-03-18
CUST04923,Customer 4923,Male,42,Bengaluru,2025-12-11
CUST04924,Customer 4924,Male,35,Pondicherry,2025-11-14
CUST04925,Customer 4925,Other,27,Hyderabad,2025-11-27
CUST04926,Customer 4926,Other,30,Madurai,2025-02-15
CUST04927,Customer 4927,Female,47,Trichy,2025-02-25
CUST04928,Customer 4928,Other,26,Erode,2026-06-07
CUST04929,Customer 4929,Other,57,Vellore,2024-11-19
CUST04930,Customer 4930,Other,20,Hyderabad,2026-01-22
CUST04931,Customer 4931,Male,23,Chennai,2024-04-09
CUST04932,Customer 4932,Male,39,Coimbatore,2024-01-09
CUST04933,Customer 4933,Female,30,Pondicherry,2024-11-16
CUST04934,Customer 4934,Male,37,Coimbatore,2024-06-03
CUST04935,Customer 4935,Other,38,Bengaluru,2025-01-06
CUST04936,Customer 4936,Female,48,Thanjavur,2026-04-28
CUST04937,Customer 4937,Male,36,Salem,2025-12-21
CUST04938,Customer 4938,Other,28,Madurai,2024-04-13
CUST04939,Customer 4939,Female,25,Vellore,2024-06-16
CUST04940,Customer 4940,Female,28,Vellore,2025-09-25
CUST04941,Customer 4941,Other,48,Pondicherry,2025-07-19
CUST04942,Customer 4942,Other,33,Coimbatore,2024-10-14
CUST04943,Customer 4943,Male,46,Coimbatore,2025-11-10
CUST04944,Customer 4944,Male,26,Tirunelveli,2026-02-12
CUST04945,Customer 4945,Female,48,Madurai,2025-04-29
CUST04946,Customer 4946,Male,55,Pondicherry,2026-02-24
CUST04947,Customer 4947,Female,46,Bengaluru,2026-04-17
CUST04948,Customer 4948,Male,46,Chennai,2025-08-08
CUST04949,Customer 4949,Other,54,Thanjavur,2025-05-18
CUST04950,Customer 4950,Male,41,Coimbatore,2024-12-13
CUST04951,Customer 4951,Male,57,Salem,2024-06-30
CUST04952,Customer 4952,Female,27,Coimbatore,2025-11-24
CUST04953,Customer 4953,Other,30,Hyderabad,2026-03-20
CUST04954,Customer 4954,Female,63,Coimbatore,2024-11-24
CUST04955,Customer 4955,Other,49,Chennai,2024-12-29
CUST04956,Customer 4956,Other,44,Madurai,2025-09-28
CUST04957,Customer 4957,Female,30,Vellore,2025-01-08
CUST04958,Customer 4958,Other,19,Erode,2024-10-13
CUST04959,Customer 4959,Male,21,Hyderabad,2024-11-22
CUST04960,Customer 4960,Other,37,Salem,2024-09-01
CUST04961,Customer 4961,Female,39,Chennai,2025-04-04
CUST04962,Customer 4962,Other,60,Erode,2024-10-06
CUST04963,Customer 4963,Male,39,Vellore,2025-11-06
CUST04964,Customer 4964,Male,57,Chennai,2024-02-02
CUST04965,Customer 4965,Other,19,Salem,2026-01-22
CUST04966,Customer 4966,Male,48,Tirunelveli,2025-01-24
CUST04967,Customer 4967,Male,62,Hyderabad,2025-02-01
CUST04968,Customer 4968,Other,42,Thanjavur,2024-10-03
CUST04969,Customer 4969,Other,45,Tirunelveli,2025-01-10
CUST04970,Customer 4970,Female,26,Thanjavur,2025-12-25
CUST04971,Customer 4971,Female,53,Trichy,2026-01-06
CUST04972,Customer 4972,Female,35,Coimbatore,2025-05-15
CUST04973,Customer 4973,Other,23,Hyderabad,2025-04-05
CUST04974,Customer 4974,Other,25,Chennai,2024-11-22
CUST04975,Customer 4975,Male,24,Trichy,2026-04-10
CUST04976,Customer 4976,Male,41,Coimbatore,2024-03-17
CUST04977,Customer 4977,Other,33,Coimbatore,2024-06-06
CUST04978,Customer 4978,Male,18,Pondicherry,2026-06-03
CUST04979,Customer 4979,Other,39,Bengaluru,2024-01-14
CUST04980,Customer 4980,Male,55,Hyderabad,2024-03-13
CUST04981,Customer 4981,Female,58,Thanjavur,2026-06-11
CUST04982,Customer 4982,Other,24,Bengaluru,2026-03-15
CUST04983,Customer 4983,Male,63,Madurai,2024-05-04
CUST04984,Customer 4984,Other,23,Madurai,2024-07-23
CUST04985,Customer 4985,Other,23,Chennai,2024-04-03
CUST04986,Customer 4986,Other,32,Trichy,2025-03-19
CUST04987,Customer 4987,Other,23,Tirunelveli,2024-02-21
CUST04988,Customer 4988,Other,51,Trichy,2024-11-24
CUST04989,Customer 4989,Male,63,Erode,2025-05-02
CUST04990,Customer 4990,Other,29,Erode,2025-09-11
CUST04991,Customer 4991,Other,61,Bengaluru,2024-10-21
CUST04992,Customer 4992,Male,46,Madurai,2026-06-04
CUST04993,Customer 4993,Male,23,Madurai,2025-06-03
CUST04994,Customer 4994,Female,27,Vellore,2024-07-21
CUST04995,Customer 4995,Male,62,Coimbatore,2025-08-12
CUST04996,Customer 4996,Male,30,Madurai,2025-12-20
CUST04997,Customer 4997,Female,32,Madurai,2026-05-18
CUST04998,Customer 4998,Other,55,Salem,2025-02-08
CUST04999,Customer 4999,Female,50,Hyderabad,2025-09-07
CUST05000,Customer 5000,Male,45,Salem,2024-10-19
